symbol,name,theme,year,bars,avg_daily_amount_yi,qualifies
159001.SZ,易方达保证金收益货币ETF-A,活期存款利率,2015,244,4.4127,Y
159001.SZ,易方达保证金收益货币ETF-A,活期存款利率,2016,244,9.4906,Y
159001.SZ,易方达保证金收益货币ETF-A,活期存款利率,2017,244,15.1818,Y
159001.SZ,易方达保证金收益货币ETF-A,活期存款利率,2018,243,50.6692,Y
159001.SZ,易方达保证金收益货币ETF-A,活期存款利率,2019,243,38.5212,Y
159001.SZ,易方达保证金收益货币ETF-A,活期存款利率,2020,243,2.6098,Y
159001.SZ,易方达保证金收益货币ETF-A,活期存款利率,2021,243,6.3728,Y
159001.SZ,易方达保证金收益货币ETF-A,活期存款利率,2022,242,4.9208,Y
159001.SZ,易方达保证金收益货币ETF-A,活期存款利率,2023,242,4.8848,Y
159001.SZ,易方达保证金收益货币ETF-A,活期存款利率,2024,242,4.9445,Y
159001.SZ,易方达保证金收益货币ETF-A,活期存款利率,2025,243,5.2916,Y
159001.SZ,易方达保证金收益货币ETF-A,活期存款利率,2026,177,6.4193,Y
159003.SZ,招商保证金快线货币ETF-A,活期存款利率,2015,244,5.0892,Y
159003.SZ,招商保证金快线货币ETF-A,活期存款利率,2016,244,5.7005,Y
159003.SZ,招商保证金快线货币ETF-A,活期存款利率,2017,244,5.5758,Y
159003.SZ,招商保证金快线货币ETF-A,活期存款利率,2018,243,12.6999,Y
159003.SZ,招商保证金快线货币ETF-A,活期存款利率,2019,243,1.5858,Y
159003.SZ,招商保证金快线货币ETF-A,活期存款利率,2020,243,0.4383,
159003.SZ,招商保证金快线货币ETF-A,活期存款利率,2021,243,0.4955,
159003.SZ,招商保证金快线货币ETF-A,活期存款利率,2022,242,0.1956,
159003.SZ,招商保证金快线货币ETF-A,活期存款利率,2023,242,0.1352,
159003.SZ,招商保证金快线货币ETF-A,活期存款利率,2024,242,0.1655,
159003.SZ,招商保证金快线货币ETF-A,活期存款利率,2025,243,0.3125,
159003.SZ,招商保证金快线货币ETF-A,活期存款利率,2026,177,0.3101,
159005.SZ,汇添富收益快钱货币ETF-A,活期存款利率,2015,238,1.0718,Y
159005.SZ,汇添富收益快钱货币ETF-A,活期存款利率,2016,244,6.0874,Y
159005.SZ,汇添富收益快钱货币ETF-A,活期存款利率,2017,244,34.2546,Y
159005.SZ,汇添富收益快钱货币ETF-A,活期存款利率,2018,243,30.5226,Y
159005.SZ,汇添富收益快钱货币ETF-A,活期存款利率,2019,243,1.147,Y
159005.SZ,汇添富收益快钱货币ETF-A,活期存款利率,2020,243,0.0332,
159005.SZ,汇添富收益快钱货币ETF-A,活期存款利率,2021,243,0.0166,
159005.SZ,汇添富收益快钱货币ETF-A,活期存款利率,2022,242,0.0299,
159005.SZ,汇添富收益快钱货币ETF-A,活期存款利率,2023,242,0.0884,
159005.SZ,汇添富收益快钱货币ETF-A,活期存款利率,2024,242,0.0982,
159005.SZ,汇添富收益快钱货币ETF-A,活期存款利率,2025,243,0.1336,
159005.SZ,汇添富收益快钱货币ETF-A,活期存款利率,2026,177,0.1352,
159007.SZ,华泰柏瑞中证畜牧养殖产业ETF,中证畜牧养殖产业,2026,110,0.1755,
159008.SZ,景顺长城中证全指证券公司ETF,中证全指证券公司,2026,103,0.1321,
159009.SZ,易方达创业板新能源ETF,创业板新能源,2026,113,0.0612,
159010.SZ,博时恒生港股通科技主题ETF,恒生港股通科技主题,2026,95,0.1432,
159011.SZ,华安中证畜牧养殖产业ETF,中证畜牧养殖产业,2026,71,0.0961,
159012.SZ,鹏华中证科创创业50ETF,中证科创创业50,2026,90,0.1366,
159013.SZ,大成中证工业互联网主题ETF,中证工业互联网主题,2026,103,0.0852,
159015.SZ,国联恒生港股通科技主题ETF,恒生港股通科技主题,2026,98,0.1541,
159016.SZ,广发中证证券公司30ETF,中证证券公司30,2026,94,0.3325,
159017.SZ,工银瑞信国证石油天然气ETF,国证石油天然气,2026,98,0.065,
159018.SZ,广发国证石油天然气ETF,国证石油天然气指数同期,2026,104,0.0742,
159019.SZ,华宝国证石油天然气ETF,国证石油天然气,2026,106,0.1757,
159020.SZ,易方达中证畜牧养殖产业ETF,中证畜牧养殖产业,2026,104,0.0852,
159021.SZ,华夏国证大盘价值ETF,国证大盘价值,2026,93,0.0566,
159022.SZ,富国中证科创创业人工智能ETF,中证科创创业人工智能,2026,105,0.2936,
159023.SZ,万家中证畜牧养殖产业ETF,中证畜牧养殖产业,2026,72,0.1007,
159026.SZ,南方国证石油天然气ETF,国证石油天然气,2026,105,0.0828,
159027.SZ,大成中证畜牧养殖产业ETF,中证畜牧养殖产业,2026,93,0.0796,
159028.SZ,天弘恒生港股通汽车主题ETF,恒生港股通汽车主题,2026,94,0.0536,
159029.SZ,广发中证有色金属矿业主题ETF,中证有色金属矿业主题,2026,89,0.2099,
159030.SZ,华夏国证粮食产业ETF,国证粮食产业,2026,96,0.262,
159031.SZ,博时国证粮食产业ETF,国证粮食产业,2026,82,0.0811,
159032.SZ,易方达中证工业有色金属主题ETF,中证工业有色金属主题,2026,95,0.1821,
159033.SZ,国泰国证粮食产业ETF,国证粮食产业,2026,78,0.2959,
159035.SZ,天弘中证软件服务ETF,中证软件服务,2026,93,0.1241,
159036.SZ,华宝中证全指软件开发ETF,中证全指软件开发,2026,74,0.1917,
159037.SZ,鹏华国证价值100ETF,国证价值100,2026,74,0.0493,
159038.SZ,易方达国证粮食产业ETF,国证粮食产业,2026,89,0.1735,
159039.SZ,华安国证机器人产业ETF,国证机器人产业,2026,69,0.5568,Y
159040.SZ,鹏华中证港股通互联网ETF,中证港股通互联网,2026,64,0.1652,
159041.SZ,鹏华中证农业主题ETF,中证农业主题,2026,75,0.0596,
159042.SZ,汇添富国证价值100ETF,国证价值100,2026,76,0.0503,
159045.SZ,大成中证稀有金属主题ETF,中证稀有金属主题,2026,66,0.091,
159046.SZ,天弘国证绿色电力ETF,国证绿色电力,2026,74,0.1578,
159048.SZ,大成国证机器人产业ETF,国证机器人产业,2026,75,0.2162,
159050.SZ,广发国证机器人产业ETF,国证机器人产业,2026,76,0.4504,
159051.SZ,易方达中证全指医疗器械ETF,中证全指医疗器械,2026,76,0.0505,
159052.SZ,嘉实国证储能电池ETF,国证储能电池,2026,74,0.0993,
159053.SZ,华夏中证稀有金属主题ETF,中证稀有金属主题,2026,76,0.2304,
159055.SZ,富国中证稀有金属主题ETF,中证稀有金属主题,2026,76,0.1622,
159056.SZ,富国中证全指医疗器械ETF,中证全指医疗器械,2026,76,0.0976,
159057.SZ,鹏华中证全指医疗器械ETF,中证全指医疗器械,2026,72,0.0391,
159060.SZ,浦银国证粮食产业ETF,国证粮食产业,2026,75,0.0612,
159061.SZ,南方国证绿色电力ETF,国证绿色电力,2026,66,0.074,
159062.SZ,南方中证稀有金属主题ETF,中证稀有金属主题,2026,69,0.1637,
159063.SZ,南方国证粮食产业ETF,国证粮食产业,2026,72,0.1487,
159065.SZ,景顺长城中证工程机械主题ETF,中证工程机械主题,2026,64,0.0434,
159070.SZ,嘉实中证工程机械主题ETF,中证工程机械主题,2026,64,0.068,
159071.SZ,华宝国证储能电池ETF,国证储能电池,2026,69,0.1284,
159100.SZ,华夏布拉德斯科巴西伊博维斯帕ETF(QDII),经估值汇率调整后的巴西伊博维斯帕,2026,177,2.458,Y
159101.SZ,华夏国证港股通科技ETF,经估值汇率调整后的国证港股通科技,2025,80,3.1771,Y
159101.SZ,华夏国证港股通科技ETF,经估值汇率调整后的国证港股通科技,2026,177,3.1704,Y
159102.SZ,华安恒生生物科技ETF,恒生生物科技,2025,71,0.4434,
159102.SZ,华安恒生生物科技ETF,恒生生物科技,2026,177,0.4751,
159103.SZ,汇添富中证金融科技主题ETF,中证金融科技主题,2025,75,0.173,
159103.SZ,汇添富中证金融科技主题ETF,中证金融科技主题,2026,177,0.0901,
159105.SZ,易方达恒生生物科技ETF,恒生生物科技,2026,177,1.1153,Y
159106.SZ,前海开源中证民企300ETF,中证民企300,2026,177,0.0297,
159107.SZ,富国创业板软件ETF,创业板软件,2025,67,0.2085,
159107.SZ,富国创业板软件ETF,创业板软件,2026,177,0.7674,Y
159108.SZ,博时国证工业软件主题ETF,国证工业软件主题,2026,177,0.1178,
159109.SZ,景顺长城恒生港股通50ETF,恒生港股通50,2026,177,0.1642,
159110.SZ,万家深证AAA科技创新公司债ETF,深证AAA科技创新公司债,2025,65,9.5741,Y
159110.SZ,万家深证AAA科技创新公司债ETF,深证AAA科技创新公司债,2026,177,10.8976,Y
159111.SZ,天弘中证AAA科技创新公司债ETF,中证AAA科技创新公司债,2025,65,42.2795,Y
159111.SZ,天弘中证AAA科技创新公司债ETF,中证AAA科技创新公司债,2026,177,40.9074,Y
159112.SZ,银华中证AAA科技创新公司债ETF,中证AAA科技创新公司债,2025,65,33.9894,Y
159112.SZ,银华中证AAA科技创新公司债ETF,中证AAA科技创新公司债,2026,177,45.7067,Y
159113.SZ,大成中证AAA科技创新公司债ETF,中证AAA科技创新公司债,2025,65,34.2988,Y
159113.SZ,大成中证AAA科技创新公司债ETF,中证AAA科技创新公司债,2026,177,25.633,Y
159115.SZ,华安中证AAA科技创新公司债ETF,中证AAA科技创新公司债,2025,65,46.8615,Y
159115.SZ,华安中证AAA科技创新公司债ETF,中证AAA科技创新公司债,2026,177,24.6425,Y
159116.SZ,工银瑞信中证AAA科技创新公司债ETF,中证AAA科技创新公司债,2025,65,51.7247,Y
159116.SZ,工银瑞信中证AAA科技创新公司债ETF,中证AAA科技创新公司债,2026,177,42.0337,Y
159117.SZ,鹏华标普港股通低波红利ETF,标普港股通低波红利,2026,177,0.0446,
159118.SZ,华夏标普港股通低波红利ETF,经估值汇率调整后的标普港股通低波红利,2026,177,0.0555,
159119.SZ,招商中证800自由现金流ETF,中证800自由现金流,2026,177,0.0917,
159120.SZ,国联安恒生港股通科技主题ETF,经估值汇率折算后的恒生港股通科技主题,2026,177,0.2242,
159121.SZ,易方达恒生港股通汽车主题ETF,恒生港股通汽车主题,2026,177,0.2018,
159122.SZ,富国创业板新能源ETF,创业板新能源,2026,177,0.045,
159123.SZ,嘉实中证光伏产业ETF,中证光伏产业,2026,177,0.127,
159125.SZ,招商国证港股通科技ETF,经汇率调整后的国证港股通科技,2026,177,0.4055,
159126.SZ,南方中证港股通50ETF,中证港股通50,2026,177,0.1335,
159127.SZ,南方中证港股通高股息投资ETF,中证港股通高股息投资,2026,177,0.1366,
159128.SZ,天弘国证港股通科技ETF,国证港股通科技,2026,177,0.8342,Y
159129.SZ,嘉实中证细分化工产业主题ETF,中证细分化工产业主题,2026,177,0.498,
159130.SZ,鹏华恒生生物科技ETF,恒生生物科技,2026,177,0.1536,
159131.SZ,华宝中证港股通信息技术综合ETF,经人民币汇率调整的中证港股通信息技术综合,2026,177,11.1753,Y
159132.SZ,富国恒生生物科技ETF,恒生生物科技,2026,174,0.2931,
159133.SZ,天弘中证细分化工产业主题ETF,中证细分化工产业主题,2026,177,0.5031,Y
159135.SZ,前海开源恒生港股通科技主题ETF,恒生港股通科技主题,2026,150,0.1498,
159136.SZ,广发中证A50ETF,中证A50,2026,177,0.0242,
159137.SZ,华宝中证港股通医疗主题ETF,经人民币汇率调整的中证港股通医疗主题,2026,172,0.5503,Y
159138.SZ,易方达中证工程机械主题ETF,中证工程机械主题,2026,171,0.1381,
159139.SZ,华泰柏瑞中证科创创业人工智能ETF,中证科创创业人工智能,2026,177,0.4326,
159140.SZ,易方达中证科创创业人工智能ETF,中证科创创业人工智能,2026,177,0.789,Y
159141.SZ,永赢中证科创创业人工智能ETF,中证科创创业人工智能,2026,177,0.9903,Y
159142.SZ,景顺长城中证科创创业人工智能ETF,中证科创创业人工智能,2026,177,0.9053,Y
159143.SZ,平安恒生港股通中国央企红利ETF,恒生港股通中国央企红利,2026,172,0.0828,
159145.SZ,广发国证工业软件主题ETF,国证工业软件主题,2026,167,0.0613,
159146.SZ,华宝中证全指电力公用事业ETF,中证全指电力公用事业,2026,166,0.4249,
159147.SZ,南方中证电池主题ETF,中证电池主题,2026,163,0.3537,
159148.SZ,富国国证石油天然气ETF,国证石油天然气,2026,150,0.4578,
159149.SZ,工银瑞信创业板新能源ETF,创业板新能源,2026,166,0.1194,
159150.SZ,易方达深证50ETF,深证50,2024,242,0.3254,
159150.SZ,易方达深证50ETF,深证50,2025,243,0.1279,
159150.SZ,易方达深证50ETF,深证50,2026,177,0.1037,
159151.SZ,华夏中证全指食品ETF,中证全指食品,2026,170,0.1178,
159152.SZ,平安恒生港股通科技主题ETF,恒生港股通科技主题,2026,156,0.447,
159153.SZ,鹏华国证消费电子主题ETF,国证消费电子主题,2026,152,0.1811,
159155.SZ,大成中证电池主题ETF,中证电池主题,2026,165,0.2453,
159156.SZ,万家国证新能源车电池ETF,国证新能源车电池,2026,149,0.0851,
159157.SZ,天弘中证工业有色金属主题ETF,中证工业有色金属主题,2026,153,1.6392,Y
159158.SZ,景顺长城中证全指电力公用事业ETF,中证全指电力公用事业,2026,161,0.5206,Y
159159.SZ,国投瑞银中证全指公用事业ETF,中证全指公用事业,2026,149,0.1102,
159160.SZ,东财中证电池主题ETF,中证电池主题,2026,124,0.208,
159162.SZ,鹏华中证工业有色金属主题ETF,中证工业有色金属主题,2026,159,0.2099,
159163.SZ,泰康中证有色金属矿业主题ETF,中证有色金属矿业主题,2026,152,0.1016,
159165.SZ,永赢中证畜牧养殖产业ETF,中证畜牧养殖产业,2026,149,0.1179,
159166.SZ,长城国证自由现金流ETF,国证自由现金流,2026,131,0.0312,
159167.SZ,工银瑞信中证港股通医疗主题ETF,经汇率调整后的中证港股通医疗主题,2026,149,0.309,
159168.SZ,富国中证工业有色金属主题ETF,中证工业有色金属主题,2026,149,0.2956,
159169.SZ,广发恒生生物科技ETF,恒生生物科技,2026,141,0.2274,
159170.SZ,永赢国证港股通互联网ETF,国证港股通互联网,2026,130,0.3472,
159171.SZ,博时中证工业有色金属主题ETF,中证工业有色金属主题,2026,140,0.0742,
159172.SZ,汇添富中证畜牧养殖产业ETF,中证畜牧养殖产业,2026,129,0.147,
159173.SZ,南方中证全指农牧渔ETF,中证全指农牧渔,2026,120,0.0943,
159175.SZ,易方达中证电池主题ETF,中证电池主题,2026,140,0.3756,
159176.SZ,华宝中证全指家用电器ETF,中证全指家用电器,2026,119,0.1226,
159177.SZ,鹏华中证工程机械主题ETF,中证工程机械主题,2026,120,0.1188,
159178.SZ,汇添富国证消费电子主题ETF,国证消费电子主题,2026,103,0.2129,
159179.SZ,工银瑞信中证港股通互联网ETF,经汇率调整后的中证港股通互联网,2026,119,0.235,
159180.SZ,银华国证工业软件主题ETF,国证工业软件主题,2026,119,0.0839,
159181.SZ,易方达国证石油天然气ETF,国证石油天然气,2026,130,0.1304,
159182.SZ,南方中证全指家用电器ETF,中证全指家用电器,2026,98,0.0325,
159183.SZ,招商中证新能源汽车ETF,中证新能源汽车,2026,127,0.1084,
159185.SZ,鹏华中证港股通信息技术综合ETF,中证港股通信息技术综合,2026,105,2.3497,Y
159186.SZ,鹏华恒生港股通汽车主题ETF,恒生港股通汽车主题,2026,109,0.0528,
159187.SZ,景顺长城创业板新能源ETF,创业板新能源,2026,121,0.0797,
159188.SZ,景顺长城标普中国A股红利100ETF,标普中国A股红利100,2026,115,0.0378,
159189.SZ,华夏国证石油天然气ETF,国证石油天然气,2026,130,0.1382,
159190.SZ,天弘创业板新能源ETF,创业板新能源,2026,123,0.1728,
159191.SZ,易方达国证港股通科技ETF,国证港股通科技,2026,125,0.0861,
159192.SZ,汇添富中证家电龙头ETF,中证家电龙头,2026,100,0.0479,
159193.SZ,银华国证储能电池ETF,国证储能电池,2026,100,0.1878,
159195.SZ,华安国证石油天然气ETF,国证石油天然气,2026,120,0.1641,
159196.SZ,易方达中证港股通信息技术综合ETF,中证港股通信息技术综合,2026,120,3.6551,Y
159197.SZ,招商国证石油天然气ETF,国证石油天然气,2026,120,0.1189,
159198.SZ,富国中证港股通信息技术综合ETF,中证港股通信息技术综合,2026,119,1.6059,Y
159199.SZ,平安国证石油天然气ETF,国证石油天然气,2026,116,0.0302,
159200.SZ,富国中证AAA科技创新公司债ETF,中证AAA科技创新公司债,2025,114,58.5831,Y
159200.SZ,富国中证AAA科技创新公司债ETF,中证AAA科技创新公司债,2026,177,49.2952,Y
159201.SZ,华夏国证自由现金流ETF,国证自由现金流,2025,209,3.3308,Y
159201.SZ,华夏国证自由现金流ETF,国证自由现金流,2026,177,5.0958,Y
159202.SZ,万家恒生互联网科技业ETF(QDII),恒生互联网科技业,2025,176,1.3159,Y
159202.SZ,万家恒生互联网科技业ETF(QDII),恒生互联网科技业,2026,177,1.3382,Y
159203.SZ,博时国证大盘成长ETF,国证大盘成长,2025,127,0.0507,
159203.SZ,博时国证大盘成长ETF,国证大盘成长,2026,176,0.0076,
159205.SZ,东财创业板ETF,创业板,2025,139,0.65,Y
159205.SZ,东财创业板ETF,创业板,2026,177,0.9455,Y
159206.SZ,永赢国证商用卫星通信产业ETF,国证商用卫星通信产业,2025,198,1.3204,Y
159206.SZ,永赢国证商用卫星通信产业ETF,国证商用卫星通信产业,2026,177,13.9532,Y
159207.SZ,广发中证智选高股息策略ETF,中证智选高股息策略,2025,181,0.1678,
159207.SZ,广发中证智选高股息策略ETF,中证智选高股息策略,2026,177,0.835,Y
159208.SZ,万家国证航天航空行业ETF,国证航天航空行业,2025,161,0.2166,
159208.SZ,万家国证航天航空行业ETF,国证航天航空行业,2026,177,0.2957,
159209.SZ,招商中证全指红利质量ETF,中证全指红利质量,2025,191,0.2052,
159209.SZ,招商中证全指红利质量ETF,中证全指红利质量,2026,177,1.0313,Y
159210.SZ,汇添富中证港股通汽车产业主题ETF,中证港股通汽车产业主题,2025,145,0.3865,
159210.SZ,汇添富中证港股通汽车产业主题ETF,中证港股通汽车产业主题,2026,177,0.3595,
159211.SZ,富国深证100ETF,深证100,2025,178,0.0321,
159211.SZ,富国深证100ETF,深证100,2026,176,0.0211,
159212.SZ,南方深证100ETF,深证100,2025,181,0.3072,
159212.SZ,南方深证100ETF,深证100,2026,177,0.2222,
159213.SZ,汇添富中证机器人ETF,中证机器人,2025,166,0.2127,
159213.SZ,汇添富中证机器人ETF,中证机器人,2026,177,0.4121,
159215.SZ,平安中证A500ETF,中证A500,2025,183,0.4627,
159215.SZ,平安中证A500ETF,中证A500,2026,177,0.2017,
159216.SZ,大成深证100ETF,深证100,2025,179,0.0536,
159216.SZ,大成深证100ETF,深证100,2026,176,0.0469,
159217.SZ,工银瑞信国证港股通创新药ETF,国证港股通创新药,2025,184,6.4232,Y
159217.SZ,工银瑞信国证港股通创新药ETF,国证港股通创新药,2026,177,6.805,Y
159218.SZ,招商中证卫星产业ETF,中证卫星产业,2025,153,0.6977,Y
159218.SZ,招商中证卫星产业ETF,中证卫星产业,2026,177,3.4991,Y
159219.SZ,融通深证100ETF,深证100,2025,160,0.0534,
159219.SZ,融通深证100ETF,深证100,2026,177,0.0279,
159220.SZ,华宝标普港股通低波红利ETF,经人民币汇率调整的标普港股通低波红利,2025,161,0.2378,
159220.SZ,华宝标普港股通低波红利ETF,经人民币汇率调整的标普港股通低波红利,2026,177,0.2935,
159221.SZ,嘉实国证自由现金流ETF,国证自由现金流,2025,160,0.3303,
159221.SZ,嘉实国证自由现金流ETF,国证自由现金流,2026,177,0.4026,
159222.SZ,易方达国证自由现金流ETF,国证自由现金流,2025,175,1.1082,Y
159222.SZ,易方达国证自由现金流ETF,国证自由现金流,2026,177,0.9879,Y
159223.SZ,永赢国证自由现金流ETF,国证自由现金流,2025,124,0.157,
159223.SZ,永赢国证自由现金流ETF,国证自由现金流,2026,177,0.1041,
159225.SZ,银华国证自由现金流ETF,国证自由现金流,2025,175,0.0821,
159225.SZ,银华国证自由现金流ETF,国证自由现金流,2026,177,0.0764,
159226.SZ,国泰中证A500增强策略ETF,中证A500,2025,148,0.1327,
159226.SZ,国泰中证A500增强策略ETF,中证A500,2026,177,0.1372,
159227.SZ,华夏国证航天航空行业ETF,国证航天航空行业,2025,157,1.6089,Y
159227.SZ,华夏国证航天航空行业ETF,国证航天航空行业,2026,177,3.5954,Y
159228.SZ,长城中证红利低波动100ETF,中证红利低波动100,2025,135,0.0341,
159228.SZ,长城中证红利低波动100ETF,中证红利低波动100,2026,177,0.0053,
159229.SZ,广发中证800自由现金流ETF,中证800自由现金流,2025,158,0.1051,
159229.SZ,广发中证800自由现金流ETF,中证800自由现金流,2026,176,0.1388,
159230.SZ,华夏国证通用航空产业ETF,国证通用航空产业,2025,147,0.0606,
159230.SZ,华夏国证通用航空产业ETF,国证通用航空产业,2026,177,0.2539,
159231.SZ,华宝国证通用航空产业ETF,国证通用航空产业,2025,167,0.0748,
159231.SZ,华宝国证通用航空产业ETF,国证通用航空产业,2026,177,0.097,
159232.SZ,南方中证全指自由现金流ETF,中证全指自由现金流,2025,166,0.9202,Y
159232.SZ,南方中证全指自由现金流ETF,中证全指自由现金流,2026,177,1.982,Y
159233.SZ,平安中证全指自由现金流ETF,中证全指自由现金流,2025,145,0.2316,
159233.SZ,平安中证全指自由现金流ETF,中证全指自由现金流,2026,177,0.4045,
159235.SZ,大成中证全指自由现金流ETF,中证全指自由现金流,2025,166,0.8608,Y
159235.SZ,大成中证全指自由现金流ETF,中证全指自由现金流,2026,177,0.9844,Y
159236.SZ,工银瑞信中证全指自由现金流ETF,中证全指自由现金流,2025,157,0.1597,
159236.SZ,工银瑞信中证全指自由现金流ETF,中证全指自由现金流,2026,177,0.0815,
159237.SZ,工银瑞信中证港股通汽车产业主题ETF,经汇率调整后的中证港股通汽车产业主题,2025,122,0.2181,
159237.SZ,工银瑞信中证港股通汽车产业主题ETF,经汇率调整后的中证港股通汽车产业主题,2026,177,0.1707,
159238.SZ,景顺长城沪深300增强策略ETF,沪深300,2025,142,0.0897,
159238.SZ,景顺长城沪深300增强策略ETF,沪深300,2026,177,0.0509,
159239.SZ,富国恒生港股通汽车主题ETF,恒生港股通汽车主题,2025,149,0.2685,
159239.SZ,富国恒生港股通汽车主题ETF,恒生港股通汽车主题,2026,177,0.1503,
159240.SZ,天弘中证A500增强策略ETF,中证A500,2025,136,0.033,
159240.SZ,天弘中证A500增强策略ETF,中证A500,2026,176,0.0168,
159241.SZ,天弘国证航天航空行业ETF,国证航天航空行业,2025,148,0.7632,Y
159241.SZ,天弘国证航天航空行业ETF,国证航天航空行业,2026,177,1.1521,Y
159242.SZ,大成创业板人工智能ETF,创业板人工智能,2025,109,0.7459,Y
159242.SZ,大成创业板人工智能ETF,创业板人工智能,2026,177,0.9845,Y
159243.SZ,招商创业板人工智能ETF,创业板人工智能,2026,177,0.5023,Y
159245.SZ,富国国证港股通消费主题ETF,国证港股通消费主题,2025,134,0.1213,
159245.SZ,富国国证港股通消费主题ETF,国证港股通消费主题,2026,177,0.0519,
159246.SZ,富国创业板人工智能ETF,创业板人工智能,2025,119,0.9296,Y
159246.SZ,富国创业板人工智能ETF,创业板人工智能,2026,177,1.659,Y
159247.SZ,汇添富创业板ETF,创业板,2026,157,0.4378,
159248.SZ,万家中证人工智能主题ETF,中证人工智能主题,2025,109,0.3441,
159248.SZ,万家中证人工智能主题ETF,中证人工智能主题,2026,177,0.2445,
159249.SZ,工银瑞信中证A500增强策略ETF,中证A500,2025,125,0.1311,
159249.SZ,工银瑞信中证A500增强策略ETF,中证A500,2026,177,0.188,
159251.SZ,万家国证港股通科技ETF,经汇率调整后的国证港股通科技,2025,109,0.2894,
159251.SZ,万家国证港股通科技ETF,经汇率调整后的国证港股通科技,2026,177,0.1969,
159253.SZ,博时中证银行ETF,中证银行,2026,177,0.0869,
159255.SZ,易方达国证通用航空产业ETF,国证通用航空产业,2025,102,0.1243,
159255.SZ,易方达国证通用航空产业ETF,国证通用航空产业,2026,177,0.0462,
159256.SZ,华夏创业板软件ETF,创业板软件,2025,102,0.1208,
159256.SZ,华夏创业板软件ETF,创业板软件,2026,177,1.0492,Y
159257.SZ,汇添富国证通用航空产业ETF,国证通用航空产业,2025,107,0.0984,
159257.SZ,汇添富国证通用航空产业ETF,国证通用航空产业,2026,177,0.1083,
159258.SZ,南方中证机器人ETF,中证机器人,2025,103,0.3726,
159258.SZ,南方中证机器人ETF,中证机器人,2026,177,0.3945,
159259.SZ,易方达国证成长100ETF,国证成长100,2025,84,1.0409,Y
159259.SZ,易方达国证成长100ETF,国证成长100,2026,177,3.6517,Y
159260.SZ,博时中证全指证券公司ETF,中证全指证券公司,2026,177,0.1177,
159261.SZ,鹏华创业板新能源ETF,创业板新能源,2025,122,0.2172,
159261.SZ,鹏华创业板新能源ETF,创业板新能源,2026,177,0.1176,
159262.SZ,广发恒生港股通科技主题ETF,恒生港股通科技主题,2025,122,4.0149,Y
159262.SZ,广发恒生港股通科技主题ETF,恒生港股通科技主题,2026,177,5.3127,Y
159263.SZ,易方达国证价值100ETF,国证价值100,2025,121,0.3939,
159263.SZ,易方达国证价值100ETF,国证价值100,2026,177,2.1612,Y
159265.SZ,鹏华国证港股通消费主题ETF,国证港股通消费主题,2025,125,0.5139,Y
159265.SZ,鹏华国证港股通消费主题ETF,国证港股通消费主题,2026,177,0.2971,
159266.SZ,永赢中证港股通央企红利ETF,中证港股通央企红利,2025,103,0.2748,
159266.SZ,永赢中证港股通央企红利ETF,中证港股通央企红利,2026,177,0.1493,
159267.SZ,华安国证航天航空行业ETF,国证航天航空行业,2025,103,0.466,
159267.SZ,华安国证航天航空行业ETF,国证航天航空行业,2026,177,1.3834,Y
159268.SZ,汇添富国证港股通消费主题ETF,国证港股通消费主题,2025,112,0.5162,Y
159268.SZ,汇添富国证港股通消费主题ETF,国证港股通消费主题,2026,177,0.387,
159269.SZ,南方中证港股通科技ETF,中证港股通科技,2025,119,1.0258,Y
159269.SZ,南方中证港股通科技ETF,中证港股通科技,2026,177,1.0796,Y
159270.SZ,南方创业板200ETF,创业板200,2025,109,0.2136,
159270.SZ,南方创业板200ETF,创业板200,2026,177,0.1447,
159271.SZ,鹏华恒生ETF,香港恒生,2025,97,0.1532,
159271.SZ,鹏华恒生ETF,香港恒生,2026,177,0.0618,
159272.SZ,富国国证机器人产业ETF,国证机器人产业,2025,68,0.8707,Y
159272.SZ,富国国证机器人产业ETF,国证机器人产业,2026,177,1.4303,Y
159273.SZ,汇添富中证沪港深云计算产业ETF,中证沪港深云计算产业,2025,100,0.554,Y
159273.SZ,汇添富中证沪港深云计算产业ETF,中证沪港深云计算产业,2026,177,0.3717,
159275.SZ,华宝中证全指农牧渔ETF,中证全指农牧渔,2025,62,0.1314,
159275.SZ,华宝中证全指农牧渔ETF,中证全指农牧渔,2026,177,0.126,
159276.SZ,汇添富国证自由现金流ETF,国证自由现金流,2025,107,0.0792,
159276.SZ,汇添富国证自由现金流ETF,国证自由现金流,2026,177,0.0741,
159277.SZ,富国中证港股通高股息投资ETF,中证港股通高股息投资,2025,94,0.1719,
159277.SZ,富国中证港股通高股息投资ETF,中证港股通高股息投资,2026,177,0.0802,
159278.SZ,鹏华国证机器人产业ETF,国证机器人产业,2025,96,0.7761,Y
159278.SZ,鹏华国证机器人产业ETF,国证机器人产业,2026,177,1.3467,Y
159279.SZ,华安创业板人工智能ETF,创业板人工智能,2025,62,0.464,
159279.SZ,华安创业板人工智能ETF,创业板人工智能,2026,177,0.623,Y
159280.SZ,汇添富国证港股通互联网ETF,国证港股通互联网,2025,92,0.177,
159280.SZ,汇添富国证港股通互联网ETF,国证港股通互联网,2026,177,0.0935,
159281.SZ,天弘中证港股通央企红利ETF,中证港股通央企红利,2025,81,0.4386,
159281.SZ,天弘中证港股通央企红利ETF,中证港股通央企红利,2026,177,0.5185,Y
159283.SZ,南方中证通用航空主题ETF,中证通用航空主题,2025,89,0.166,
159283.SZ,南方中证通用航空主题ETF,中证通用航空主题,2026,177,0.196,
159285.SZ,华安国证港股通消费主题ETF,国证港股通消费主题,2026,177,0.1147,
159286.SZ,鹏华国证港股通创新药ETF,国证港股通创新药,2025,81,0.8657,Y
159286.SZ,鹏华国证港股通创新药ETF,国证港股通创新药,2026,177,0.8476,Y
159287.SZ,博时创业板综合ETF,创业板综合,2025,85,0.1523,
159287.SZ,博时创业板综合ETF,创业板综合,2026,177,0.0846,
159288.SZ,银华创业板综合ETF,创业板综合,2025,63,0.2916,
159288.SZ,银华创业板综合ETF,创业板综合,2026,177,0.0455,
159289.SZ,鹏华创业板综合ETF,创业板综合,2025,72,0.1002,
159289.SZ,鹏华创业板综合ETF,创业板综合,2026,177,0.0232,
159290.SZ,东财创业板综合增强策略ETF,创业板综合,2025,70,0.1085,
159290.SZ,东财创业板综合增强策略ETF,创业板综合,2026,177,0.0434,
159291.SZ,招商创业板综合增强策略ETF,创业板综合,2025,82,0.0589,
159291.SZ,招商创业板综合增强策略ETF,创业板综合,2026,177,0.013,
159292.SZ,华宝创业板综合增强策略ETF,创业板综合,2025,81,0.1248,
159292.SZ,华宝创业板综合增强策略ETF,创业板综合,2026,177,0.0358,
159293.SZ,建信创业板综合增强策略ETF,创业板综合,2026,171,0.0675,
159295.SZ,西部利得创业板综合ETF,创业板综合,2026,177,0.067,
159296.SZ,华宝中证A500红利低波动ETF,中证A500红利低波动,2025,79,0.1192,
159296.SZ,华宝中证A500红利低波动ETF,中证A500红利低波动,2026,177,0.0495,
159297.SZ,南方国证港股通创新药ETF,国证港股通创新药,2025,67,0.8853,Y
159297.SZ,南方国证港股通创新药ETF,国证港股通创新药,2026,177,1.9837,Y
159298.SZ,大成创业板50ETF,创业板50,2025,77,0.1243,
159298.SZ,大成创业板50ETF,创业板50,2026,177,0.074,
159299.SZ,易方达中证金融科技主题ETF,中证金融科技主题,2025,74,0.1785,
159299.SZ,易方达中证金融科技主题ETF,中证金融科技主题,2026,177,0.2043,
159300.SZ,富国沪深300ETF,沪深300,2024,142,1.0199,Y
159300.SZ,富国沪深300ETF,沪深300,2025,243,0.9748,Y
159300.SZ,富国沪深300ETF,沪深300,2026,177,0.8493,Y
159301.SZ,华夏中证全指公用事业ETF,中证全指公用事业,2024,110,0.0884,
159301.SZ,华夏中证全指公用事业ETF,中证全指公用事业,2025,243,0.0614,
159301.SZ,华夏中证全指公用事业ETF,中证全指公用事业,2026,177,0.2103,
159302.SZ,银华中证港股通高股息投资ETF,中证港股通高股息投资,2024,80,0.197,
159302.SZ,银华中证港股通高股息投资ETF,中证港股通高股息投资,2025,243,0.1324,
159302.SZ,银华中证港股通高股息投资ETF,中证港股通高股息投资,2026,177,0.099,
159303.SZ,大成恒生医疗保健ETF(QDII),恒生医疗保健,2024,127,0.0855,
159303.SZ,大成恒生医疗保健ETF(QDII),恒生医疗保健,2025,242,0.647,Y
159303.SZ,大成恒生医疗保健ETF(QDII),恒生医疗保健,2026,177,0.6972,Y
159305.SZ,广发国证储能电池ETF,国证储能电池,2024,63,0.1275,
159305.SZ,广发国证储能电池ETF,国证储能电池,2025,242,0.1326,
159305.SZ,广发国证储能电池ETF,国证储能电池,2026,177,0.5843,Y
159306.SZ,平安中证汽车零部件主题ETF,中证汽车零部件主题,2024,158,0.0418,
159306.SZ,平安中证汽车零部件主题ETF,中证汽车零部件主题,2025,242,0.0203,
159306.SZ,平安中证汽车零部件主题ETF,中证汽车零部件主题,2026,177,0.019,
159307.SZ,博时中证红利低波动100ETF,中证红利低波动100,2024,168,0.0562,
159307.SZ,博时中证红利低波动100ETF,中证红利低波动100,2025,243,0.2017,
159307.SZ,博时中证红利低波动100ETF,中证红利低波动100,2026,177,0.9918,Y
159309.SZ,汇添富中证油气资源ETF,中证油气资源,2024,134,0.097,
159309.SZ,汇添富中证油气资源ETF,中证油气资源,2025,243,0.0788,
159309.SZ,汇添富中证油气资源ETF,中证油气资源,2026,177,1.1218,Y
159310.SZ,天弘中证芯片产业ETF,中证芯片产业,2024,165,0.1024,
159310.SZ,天弘中证芯片产业ETF,中证芯片产业,2025,243,0.1176,
159310.SZ,天弘中证芯片产业ETF,中证芯片产业,2026,177,0.2407,
159311.SZ,易方达中证数字经济主题ETF,中证数字经济主题,2025,116,0.0784,
159311.SZ,易方达中证数字经济主题ETF,中证数字经济主题,2026,177,0.021,
159312.SZ,广发恒指港股通ETF,恒指港股通,2025,243,0.1613,
159312.SZ,广发恒指港股通ETF,恒指港股通,2026,177,0.1105,
159315.SZ,工银瑞信中证沪深港黄金产业股票ETF,中证沪深港黄金产业股票,2024,136,0.0761,
159315.SZ,工银瑞信中证沪深港黄金产业股票ETF,中证沪深港黄金产业股票,2025,243,0.1008,
159315.SZ,工银瑞信中证沪深港黄金产业股票ETF,中证沪深港黄金产业股票,2026,177,0.2888,
159316.SZ,易方达恒生港股通创新药ETF,恒生港股通创新药,2025,190,4.2604,Y
159316.SZ,易方达恒生港股通创新药ETF,恒生港股通创新药,2026,177,7.7579,Y
159318.SZ,银华恒指港股通ETF,恒指港股通,2024,131,0.0898,
159318.SZ,银华恒指港股通ETF,恒指港股通,2025,243,0.187,
159318.SZ,银华恒指港股通ETF,恒指港股通,2026,176,0.0402,
159320.SZ,广发恒生A股电网设备ETF,恒生A股电网设备,2025,242,0.0574,
159320.SZ,广发恒生A股电网设备ETF,恒生A股电网设备,2026,177,0.8681,Y
159321.SZ,华安中证沪深港黄金产业股票ETF,中证沪深港黄金产业股票,2024,149,0.0727,
159321.SZ,华安中证沪深港黄金产业股票ETF,中证沪深港黄金产业股票,2025,237,0.1586,
159321.SZ,华安中证沪深港黄金产业股票ETF,中证沪深港黄金产业股票,2026,177,0.6021,Y
159322.SZ,平安中证沪深港黄金产业股票ETF,中证沪深港黄金产业股票,2024,136,0.0398,
159322.SZ,平安中证沪深港黄金产业股票ETF,中证沪深港黄金产业股票,2025,242,0.0917,
159322.SZ,平安中证沪深港黄金产业股票ETF,中证沪深港黄金产业股票,2026,177,0.1902,
159323.SZ,华夏中证港股通汽车产业主题ETF,中证港股通汽车产业主题,2025,239,0.9881,Y
159323.SZ,华夏中证港股通汽车产业主题ETF,中证港股通汽车产业主题,2026,177,1.6063,Y
159325.SZ,南方中证半导体行业精选ETF,中证半导体行业精选,2025,243,0.2379,
159325.SZ,南方中证半导体行业精选ETF,中证半导体行业精选,2026,177,1.2463,Y
159326.SZ,华夏中证电网设备主题ETF,中证电网设备主题,2024,75,0.1273,
159326.SZ,华夏中证电网设备主题ETF,中证电网设备主题,2025,243,0.7125,Y
159326.SZ,华夏中证电网设备主题ETF,中证电网设备主题,2026,177,13.1372,Y
159327.SZ,万家中证半导体材料设备主题ETF,中证半导体材料设备主题,2024,100,0.1506,
159327.SZ,万家中证半导体材料设备主题ETF,中证半导体材料设备主题,2025,243,0.2309,
159327.SZ,万家中证半导体材料设备主题ETF,中证半导体材料设备主题,2026,177,1.8303,Y
159328.SZ,易方达中证家电龙头ETF,中证家电龙头,2025,243,0.0195,
159328.SZ,易方达中证家电龙头ETF,中证家电龙头,2026,177,0.0459,
159329.SZ,南方基金南方东英沙特阿拉伯ETF(QDII),富时沙特阿拉伯,2024,114,4.154,Y
159329.SZ,南方基金南方东英沙特阿拉伯ETF(QDII),富时沙特阿拉伯,2025,239,8.9329,Y
159329.SZ,南方基金南方东英沙特阿拉伯ETF(QDII),富时沙特阿拉伯,2026,177,0.6684,Y
159330.SZ,东财沪深300ETF,沪深300,2024,90,0.492,
159330.SZ,东财沪深300ETF,沪深300,2025,243,0.4364,
159330.SZ,东财沪深300ETF,沪深300,2026,177,0.2637,
159331.SZ,国泰中证港股通高股息投资ETF,中证港股通高股息投资,2024,102,0.2885,
159331.SZ,国泰中证港股通高股息投资ETF,中证港股通高股息投资,2025,243,0.1778,
159331.SZ,国泰中证港股通高股息投资ETF,中证港股通高股息投资,2026,177,0.0977,
159332.SZ,富国中证中央企业红利ETF,中证中央企业红利,2024,102,0.1123,
159332.SZ,富国中证中央企业红利ETF,中证中央企业红利,2025,243,0.0299,
159332.SZ,富国中证中央企业红利ETF,中证中央企业红利,2026,177,0.0274,
159333.SZ,万家中证港股通央企红利ETF,中证港股通央企红利,2024,79,0.6463,Y
159333.SZ,万家中证港股通央企红利ETF,中证港股通央企红利,2025,243,0.3527,
159333.SZ,万家中证港股通央企红利ETF,中证港股通央企红利,2026,177,0.1402,
159335.SZ,融通中证诚通央企科技创新ETF,中证诚通央企科技创新,2024,77,0.3392,
159335.SZ,融通中证诚通央企科技创新ETF,中证诚通央企科技创新,2025,243,0.0618,
159335.SZ,融通中证诚通央企科技创新ETF,中证诚通央企科技创新,2026,177,0.0525,
159336.SZ,融通中证诚通央企红利ETF,中证诚通央企红利,2025,220,0.0481,
159336.SZ,融通中证诚通央企红利ETF,中证诚通央企红利,2026,177,0.1132,
159337.SZ,东财中证500ETF,中证500,2024,68,0.2377,
159337.SZ,东财中证500ETF,中证500,2025,243,0.192,
159337.SZ,东财中证500ETF,中证500,2026,177,0.1933,
159338.SZ,国泰中证A500ETF,中证A500,2025,243,35.6742,Y
159338.SZ,国泰中证A500ETF,中证A500,2026,177,51.0875,Y
159339.SZ,银华中证A500ETF,中证A500,2025,243,3.1451,Y
159339.SZ,银华中证A500ETF,中证A500,2026,177,0.9241,Y
159350.SZ,富国深证50ETF,深证50,2024,242,0.6721,Y
159350.SZ,富国深证50ETF,深证50,2025,243,0.4336,
159350.SZ,富国深证50ETF,深证50,2026,177,0.5703,Y
159351.SZ,嘉实中证A500ETF,中证A500,2025,243,23.3182,Y
159351.SZ,嘉实中证A500ETF,中证A500,2026,177,8.2705,Y
159352.SZ,南方中证A500ETF,中证A500,2025,243,36.3024,Y
159352.SZ,南方中证A500ETF,中证A500,2026,177,51.5914,Y
159353.SZ,景顺长城中证A500ETF,中证A500,2025,243,4.5548,Y
159353.SZ,景顺长城中证A500ETF,中证A500,2026,177,2.1592,Y
159355.SZ,华宝中证800红利低波动ETF,中证800红利低波动,2025,243,0.0435,
159355.SZ,华宝中证800红利低波动ETF,中证800红利低波动,2026,177,0.0357,
159356.SZ,万家中证A500ETF,中证A500,2025,243,1.4356,Y
159356.SZ,万家中证A500ETF,中证A500,2026,177,0.6224,Y
159357.SZ,博时中证A500ETF,中证A500,2025,243,1.4631,Y
159357.SZ,博时中证A500ETF,中证A500,2026,177,0.2809,
159358.SZ,大成中证A500ETF,中证A500,2025,243,1.5934,Y
159358.SZ,大成中证A500ETF,中证A500,2026,177,0.8439,Y
159359.SZ,华安中证A500ETF,中证A500,2025,243,1.4886,Y
159359.SZ,华安中证A500ETF,中证A500,2026,177,0.3659,
159360.SZ,天弘中证A500ETF,中证A500,2025,243,0.9191,Y
159360.SZ,天弘中证A500ETF,中证A500,2026,177,0.4995,
159361.SZ,易方达中证A500ETF,中证A500,2025,243,25.3674,Y
159361.SZ,易方达中证A500ETF,中证A500,2026,177,24.5392,Y
159362.SZ,工银瑞信中证A500ETF,中证A500,2025,243,0.7526,Y
159362.SZ,工银瑞信中证A500ETF,中证A500,2026,177,0.4676,
159363.SZ,华宝创业板人工智能ETF,创业板人工智能,2025,243,4.3944,Y
159363.SZ,华宝创业板人工智能ETF,创业板人工智能,2026,177,11.2541,Y
159365.SZ,富国恒指港股通ETF,恒指港股通,2025,127,0.075,
159365.SZ,富国恒指港股通ETF,恒指港股通,2026,177,0.0474,
159366.SZ,永赢中证港股通医疗主题ETF,中证港股通医疗主题,2025,178,1.3461,Y
159366.SZ,永赢中证港股通医疗主题ETF,中证港股通医疗主题,2026,177,1.5338,Y
159367.SZ,华夏创业板50ETF,创业板50,2025,217,0.0677,
159367.SZ,华夏创业板50ETF,创业板50,2026,177,0.1357,
159368.SZ,华夏创业板新能源ETF,创业板新能源,2025,192,0.3543,
159368.SZ,华夏创业板新能源ETF,创业板新能源,2026,177,1.8996,Y
159369.SZ,易方达创业板50ETF,创业板50,2025,89,0.1318,
159369.SZ,易方达创业板50ETF,创业板50,2026,177,0.2082,
159370.SZ,工银瑞信创业板50ETF,创业板50,2025,231,0.0593,
159370.SZ,工银瑞信创业板50ETF,创业板50,2026,177,0.0447,
159371.SZ,富国创业板50ETF,创业板50,2025,220,0.0568,
159371.SZ,富国创业板50ETF,创业板50,2026,177,0.0752,
159372.SZ,万家创业板50ETF,创业板50,2025,142,0.0615,
159372.SZ,万家创业板50ETF,创业板50,2026,177,0.0407,
159373.SZ,嘉实创业板50ETF,创业板50,2025,222,0.4117,
159373.SZ,嘉实创业板50ETF,创业板50,2026,177,0.4629,
159375.SZ,国泰创业板50ETF,创业板50,2025,237,0.1624,
159375.SZ,国泰创业板50ETF,创业板50,2026,177,0.1504,
159376.SZ,浦银中证A500ETF,中证A500,2025,236,0.2315,
159376.SZ,浦银中证A500ETF,中证A500,2026,177,0.0777,
159377.SZ,国泰创业板医药卫生ETF,创业板医药卫生,2025,177,0.1025,
159377.SZ,国泰创业板医药卫生ETF,创业板医药卫生,2026,176,0.1784,
159378.SZ,永赢国证通用航空产业ETF,国证通用航空产业,2025,237,0.5055,Y
159378.SZ,永赢国证通用航空产业ETF,国证通用航空产业,2026,177,0.4065,
159379.SZ,融通中证A500ETF,中证A500,2025,228,0.0844,
159379.SZ,融通中证A500ETF,中证A500,2026,177,0.0452,
159380.SZ,东财中证A500ETF,中证A500,2025,239,0.1239,
159380.SZ,东财中证A500ETF,中证A500,2026,177,0.0926,
159381.SZ,华夏创业板人工智能ETF,创业板人工智能,2025,192,1.469,Y
159381.SZ,华夏创业板人工智能ETF,创业板人工智能,2026,177,4.6721,Y
159382.SZ,南方创业板人工智能ETF,创业板人工智能,2025,162,1.0249,Y
159382.SZ,南方创业板人工智能ETF,创业板人工智能,2026,177,1.9099,Y
159383.SZ,华泰柏瑞创业板50ETF,创业板50,2025,218,0.0398,
159383.SZ,华泰柏瑞创业板50ETF,创业板50,2026,177,0.06,
159385.SZ,富国中证诚通国企数字经济ETF,中证诚通国企数字经济,2025,147,0.1223,
159385.SZ,富国中证诚通国企数字经济ETF,中证诚通国企数字经济,2026,177,0.1071,
159386.SZ,永赢中证A500ETF,中证A500,2025,221,0.3238,
159386.SZ,永赢中证A500ETF,中证A500,2026,177,0.235,
159387.SZ,国泰创业板新能源ETF,创业板新能源,2025,141,0.234,
159387.SZ,国泰创业板新能源ETF,创业板新能源,2026,177,2.785,Y
159388.SZ,国泰创业板人工智能ETF,创业板人工智能,2025,183,0.6357,Y
159388.SZ,国泰创业板人工智能ETF,创业板人工智能,2026,177,1.4267,Y
159389.SZ,嘉实中证诚通国企数字经济ETF,中证诚通国企数字经济,2025,147,0.1364,
159389.SZ,嘉实中证诚通国企数字经济ETF,中证诚通国企数字经济,2026,177,0.0973,
159390.SZ,国联中证A50ETF,中证A50,2025,181,0.2747,
159390.SZ,国联中证A50ETF,中证A50,2026,177,0.1139,
159391.SZ,博时国证大盘价值ETF,国证大盘价值,2025,172,0.0325,
159391.SZ,博时国证大盘价值ETF,国证大盘价值,2026,177,0.0191,
159392.SZ,富国国证通用航空产业ETF,国证通用航空产业,2025,159,0.0737,
159392.SZ,富国国证通用航空产业ETF,国证通用航空产业,2026,177,0.0971,
159393.SZ,万家沪深300ETF,沪深300,2025,202,0.3288,
159393.SZ,万家沪深300ETF,沪深300,2026,177,0.2752,
159395.SZ,大成深证基准做市信用债ETF,深证基准做市信用债,2025,226,21.0385,Y
159395.SZ,大成深证基准做市信用债ETF,深证基准做市信用债,2026,177,11.0018,Y
159396.SZ,博时深证基准做市信用债ETF,深证基准做市信用债,2025,224,23.2629,Y
159396.SZ,博时深证基准做市信用债ETF,深证基准做市信用债,2026,177,4.6686,Y
159397.SZ,广发深证基准做市信用债ETF,深证基准做市信用债,2025,223,22.9596,Y
159397.SZ,广发深证基准做市信用债ETF,深证基准做市信用债,2026,177,20.9539,Y
159398.SZ,天弘深证基准做市信用债ETF,深证基准做市信用债,2025,224,26.1189,Y
159398.SZ,天弘深证基准做市信用债ETF,深证基准做市信用债,2026,177,25.6932,Y
159399.SZ,国泰富时中国A股自由现金流聚焦ETF,富时中国A股自由现金流聚焦,2025,209,2.7959,Y
159399.SZ,国泰富时中国A股自由现金流聚焦ETF,富时中国A股自由现金流聚焦,2026,177,1.9939,Y
159400.SZ,景顺长城深证AAA科技创新公司债ETF,深证AAA科技创新公司债,2025,114,9.0285,Y
159400.SZ,景顺长城深证AAA科技创新公司债ETF,深证AAA科技创新公司债,2026,177,11.3607,Y
159500.SZ,富国中证500ETF,中证500,2025,83,0.1605,
159500.SZ,富国中证500ETF,中证500,2026,177,0.2085,
159501.SZ,嘉实纳斯达克100ETF(QDII),经估值汇率调整后的纳斯达克100,2023,135,0.2428,
159501.SZ,嘉实纳斯达克100ETF(QDII),经估值汇率调整后的纳斯达克100,2024,242,1.3985,Y
159501.SZ,嘉实纳斯达克100ETF(QDII),经估值汇率调整后的纳斯达克100,2025,243,2.7066,Y
159501.SZ,嘉实纳斯达克100ETF(QDII),经估值汇率调整后的纳斯达克100,2026,177,1.279,Y
159502.SZ,嘉实标普生物科技精选行业ETF(QDII),标普生物科技精选行业,2024,236,0.8031,Y
159502.SZ,嘉实标普生物科技精选行业ETF(QDII),标普生物科技精选行业,2025,243,1.8207,Y
159502.SZ,嘉实标普生物科技精选行业ETF(QDII),标普生物科技精选行业,2026,177,2.6329,Y
159503.SZ,鹏扬国证财富管理ETF,国证财富管理,2023,111,0.0904,
159503.SZ,鹏扬国证财富管理ETF,国证财富管理,2024,126,0.0751,
159505.SZ,博时国证2000ETF,国证2000,2024,241,0.0214,
159505.SZ,博时国证2000ETF,国证2000,2025,242,0.0122,
159505.SZ,博时国证2000ETF,国证2000,2026,177,0.0444,
159506.SZ,富国恒生港股通创新药及医疗保健ETF,恒生港股通创新药及医疗保健,2023,124,0.6583,Y
159506.SZ,富国恒生港股通创新药及医疗保健ETF,恒生港股通创新药及医疗保健,2024,242,1.1943,Y
159506.SZ,富国恒生港股通创新药及医疗保健ETF,恒生港股通创新药及医疗保健,2025,243,5.3495,Y
159506.SZ,富国恒生港股通创新药及医疗保健ETF,恒生港股通创新药及医疗保健,2026,177,4.8546,Y
159507.SZ,广发国证通信ETF,国证通信,2023,130,0.1781,
159507.SZ,广发国证通信ETF,国证通信,2024,242,0.0486,
159507.SZ,广发国证通信ETF,国证通信,2025,241,0.0563,
159507.SZ,广发国证通信ETF,国证通信,2026,177,0.5154,Y
159508.SZ,华安国证生物医药ETF,国证生物医药,2023,115,0.0637,
159508.SZ,华安国证生物医药ETF,国证生物医药,2024,242,0.0309,
159508.SZ,华安国证生物医药ETF,国证生物医药,2025,243,0.0279,
159508.SZ,华安国证生物医药ETF,国证生物医药,2026,176,0.0688,
159509.SZ,景顺长城纳斯达克科技市值加权ETF(QDII),纳斯达克科技市值加权,2023,98,0.5844,Y
159509.SZ,景顺长城纳斯达克科技市值加权ETF(QDII),纳斯达克科技市值加权,2024,242,12.231,Y
159509.SZ,景顺长城纳斯达克科技市值加权ETF(QDII),纳斯达克科技市值加权,2025,243,10.7983,Y
159509.SZ,景顺长城纳斯达克科技市值加权ETF(QDII),纳斯达克科技市值加权,2026,177,7.5739,Y
159510.SZ,华夏中证智选300价值稳健策略ETF,中证智选300价值稳健策略,2023,92,0.0401,
159510.SZ,华夏中证智选300价值稳健策略ETF,中证智选300价值稳健策略,2024,242,0.0613,
159510.SZ,华夏中证智选300价值稳健策略ETF,中证智选300价值稳健策略,2025,243,0.0261,
159510.SZ,华夏中证智选300价值稳健策略ETF,中证智选300价值稳健策略,2026,177,0.0319,
159511.SZ,南方中证通信服务ETF,中证通信服务,2023,99,0.0571,
159511.SZ,南方中证通信服务ETF,中证通信服务,2024,242,0.0385,
159511.SZ,南方中证通信服务ETF,中证通信服务,2025,243,0.0826,
159511.SZ,南方中证通信服务ETF,中证通信服务,2026,177,0.259,
159512.SZ,广发中证全指汽车ETF,中证全指汽车,2023,108,0.2319,
159512.SZ,广发中证全指汽车ETF,中证全指汽车,2024,242,0.1815,
159512.SZ,广发中证全指汽车ETF,中证全指汽车,2025,243,0.1109,
159512.SZ,广发中证全指汽车ETF,中证全指汽车,2026,177,0.106,
159513.SZ,大成纳斯达克100ETF(QDII),纳斯达克100,2023,105,0.1623,
159513.SZ,大成纳斯达克100ETF(QDII),纳斯达克100,2024,242,1.3146,Y
159513.SZ,大成纳斯达克100ETF(QDII),纳斯达克100,2025,243,1.1387,Y
159513.SZ,大成纳斯达克100ETF(QDII),纳斯达克100,2026,177,1.5621,Y
159515.SZ,鹏扬中证国有企业红利ETF,中证国有企业红利,2023,77,0.0503,
159515.SZ,鹏扬中证国有企业红利ETF,中证国有企业红利,2024,242,0.0377,
159515.SZ,鹏扬中证国有企业红利ETF,中证国有企业红利,2025,243,0.0216,
159515.SZ,鹏扬中证国有企业红利ETF,中证国有企业红利,2026,176,0.0253,
159516.SZ,国泰中证半导体材料设备主题ETF,中证半导体材料设备主题,2023,106,0.7424,Y
159516.SZ,国泰中证半导体材料设备主题ETF,中证半导体材料设备主题,2024,242,0.9993,Y
159516.SZ,国泰中证半导体材料设备主题ETF,中证半导体材料设备主题,2025,243,3.3715,Y
159516.SZ,国泰中证半导体材料设备主题ETF,中证半导体材料设备主题,2026,177,31.8839,Y
159517.SZ,银华中证800增强策略ETF,中证800,2023,78,0.0872,
159517.SZ,银华中证800增强策略ETF,中证800,2024,241,0.0523,
159517.SZ,银华中证800增强策略ETF,中证800,2025,242,0.045,
159517.SZ,银华中证800增强策略ETF,中证800,2026,177,0.0461,
159518.SZ,嘉实标普石油天然气勘探及生产精选行业ETF(QDII),经估值汇率调整后的标普石油天然气勘探及生产精选行业,2024,242,0.3622,
159518.SZ,嘉实标普石油天然气勘探及生产精选行业ETF(QDII),经估值汇率调整后的标普石油天然气勘探及生产精选行业,2025,241,3.8785,Y
159518.SZ,嘉实标普石油天然气勘探及生产精选行业ETF(QDII),经估值汇率调整后的标普石油天然气勘探及生产精选行业,2026,177,14.9361,Y
159519.SZ,国泰中证香港内地国有企业ETF(QDII),中证香港内地国有企业,2023,81,0.2123,
159519.SZ,国泰中证香港内地国有企业ETF(QDII),中证香港内地国有企业,2024,242,0.2959,
159519.SZ,国泰中证香港内地国有企业ETF(QDII),中证香港内地国有企业,2025,243,0.2675,
159519.SZ,国泰中证香港内地国有企业ETF(QDII),中证香港内地国有企业,2026,177,0.3816,
159520.SZ,工银瑞信中证消费龙头ETF,中证消费龙头,2024,242,0.0603,
159520.SZ,工银瑞信中证消费龙头ETF,中证消费龙头,2025,243,0.0951,
159520.SZ,工银瑞信中证消费龙头ETF,中证消费龙头,2026,177,0.0735,
159521.SZ,平安国证2000ETF,国证2000,2023,76,0.5218,Y
159521.SZ,平安国证2000ETF,国证2000,2024,242,0.1106,
159521.SZ,平安国证2000ETF,国证2000,2025,242,0.029,
159521.SZ,平安国证2000ETF,国证2000,2026,177,0.0264,
159522.SZ,景顺长城国证2000ETF,国证2000,2024,153,0.0259,
159523.SZ,华夏中证智选300成长创新策略ETF,中证智选300成长创新策略,2023,68,0.0424,
159523.SZ,华夏中证智选300成长创新策略ETF,中证智选300成长创新策略,2024,242,0.0315,
159523.SZ,华夏中证智选300成长创新策略ETF,中证智选300成长创新策略,2025,243,0.0353,
159523.SZ,华夏中证智选300成长创新策略ETF,中证智选300成长创新策略,2026,177,0.0969,
159525.SZ,富国中证红利低波动ETF,中证红利低波动,2024,154,0.1052,
159525.SZ,富国中证红利低波动ETF,中证红利低波动,2025,243,0.1176,
159525.SZ,富国中证红利低波动ETF,中证红利低波动,2026,177,0.1905,
159526.SZ,嘉实中证机器人ETF,中证机器人,2024,169,0.095,
159526.SZ,嘉实中证机器人ETF,中证机器人,2025,243,0.4343,
159526.SZ,嘉实中证机器人ETF,中证机器人,2026,177,0.3593,
159527.SZ,广发中证云计算与大数据主题ETF,中证云计算与大数据主题,2024,219,0.0439,
159527.SZ,广发中证云计算与大数据主题ETF,中证云计算与大数据主题,2025,242,0.0675,
159527.SZ,广发中证云计算与大数据主题ETF,中证云计算与大数据主题,2026,177,0.1711,
159528.SZ,富国中证国有企业改革ETF,中证国有企业改革,2024,154,0.0602,
159528.SZ,富国中证国有企业改革ETF,中证国有企业改革,2025,242,0.0101,
159528.SZ,富国中证国有企业改革ETF,中证国有企业改革,2026,177,0.0051,
159529.SZ,景顺长城标普消费精选ETF(QDII),标普500消费精选,2024,219,1.3864,Y
159529.SZ,景顺长城标普消费精选ETF(QDII),标普500消费精选,2025,239,8.8275,Y
159529.SZ,景顺长城标普消费精选ETF(QDII),标普500消费精选,2026,177,1.1575,Y
159530.SZ,易方达国证机器人产业ETF,国证机器人产业,2024,230,0.0565,
159530.SZ,易方达国证机器人产业ETF,国证机器人产业,2025,243,3.1972,Y
159530.SZ,易方达国证机器人产业ETF,国证机器人产业,2026,177,8.5746,Y
159531.SZ,南方中证2000ETF,中证2000,2023,69,0.3347,
159531.SZ,南方中证2000ETF,中证2000,2024,242,1.0062,Y
159531.SZ,南方中证2000ETF,中证2000,2025,243,1.1934,Y
159531.SZ,南方中证2000ETF,中证2000,2026,177,1.66,Y
159532.SZ,易方达中证2000ETF,中证2000,2023,66,0.3621,
159532.SZ,易方达中证2000ETF,中证2000,2024,242,0.091,
159532.SZ,易方达中证2000ETF,中证2000,2025,243,0.1318,
159532.SZ,易方达中证2000ETF,中证2000,2026,177,0.3672,
159533.SZ,博时中证2000ETF,中证2000,2024,139,0.0281,
159533.SZ,博时中证2000ETF,中证2000,2025,242,0.0148,
159533.SZ,博时中证2000ETF,中证2000,2026,177,0.0405,
159535.SZ,嘉实中证2000ETF,中证2000,2023,65,0.2909,
159535.SZ,嘉实中证2000ETF,中证2000,2024,242,0.0768,
159535.SZ,嘉实中证2000ETF,中证2000,2025,243,0.0261,
159535.SZ,嘉实中证2000ETF,中证2000,2026,177,0.0633,
159536.SZ,汇添富中证2000ETF,中证2000,2023,66,0.6354,Y
159536.SZ,汇添富中证2000ETF,中证2000,2024,242,0.1952,
159536.SZ,汇添富中证2000ETF,中证2000,2025,243,0.0994,
159536.SZ,汇添富中证2000ETF,中证2000,2026,177,0.1591,
159537.SZ,国泰国证信息技术创新主题ETF,国证信息技术创新主题,2024,241,0.06,
159537.SZ,国泰国证信息技术创新主题ETF,国证信息技术创新主题,2025,243,0.3194,
159537.SZ,国泰国证信息技术创新主题ETF,国证信息技术创新主题,2026,177,0.0879,
159538.SZ,富国国证信息技术创新主题ETF,国证信息技术创新主题,2023,65,0.1257,
159538.SZ,富国国证信息技术创新主题ETF,国证信息技术创新主题,2024,241,0.067,
159538.SZ,富国国证信息技术创新主题ETF,国证信息技术创新主题,2025,243,0.1987,
159538.SZ,富国国证信息技术创新主题ETF,国证信息技术创新主题,2026,177,0.1291,
159539.SZ,广发国证信息技术创新主题ETF,国证信息技术创新主题,2023,61,0.0832,
159539.SZ,广发国证信息技术创新主题ETF,国证信息技术创新主题,2024,241,0.0557,
159539.SZ,广发国证信息技术创新主题ETF,国证信息技术创新主题,2025,242,0.1101,
159539.SZ,广发国证信息技术创新主题ETF,国证信息技术创新主题,2026,177,0.0654,
159540.SZ,易方达国证信息技术创新主题ETF,国证信息技术创新主题,2023,61,0.0621,
159540.SZ,易方达国证信息技术创新主题ETF,国证信息技术创新主题,2024,242,0.0313,
159540.SZ,易方达国证信息技术创新主题ETF,国证信息技术创新主题,2025,243,0.1505,
159540.SZ,易方达国证信息技术创新主题ETF,国证信息技术创新主题,2026,177,0.2795,
159541.SZ,万家创业板综合ETF,创业板综合,2024,242,0.2384,
159541.SZ,万家创业板综合ETF,创业板综合,2025,243,0.1621,
159541.SZ,万家创业板综合ETF,创业板综合,2026,177,0.0905,
159542.SZ,大成中证工程机械主题ETF,中证工程机械主题,2024,140,0.0212,
159542.SZ,大成中证工程机械主题ETF,中证工程机械主题,2025,242,0.0243,
159542.SZ,大成中证工程机械主题ETF,中证工程机械主题,2026,177,0.0482,
159543.SZ,工银瑞信国证2000ETF,国证2000,2024,242,0.0244,
159543.SZ,工银瑞信国证2000ETF,国证2000,2025,243,0.0115,
159543.SZ,工银瑞信国证2000ETF,国证2000,2026,177,0.0393,
159545.SZ,易方达恒生港股通红利低波动ETF,恒生港股通红利低波动,2024,176,0.1893,
159545.SZ,易方达恒生港股通红利低波动ETF,恒生港股通红利低波动,2025,243,1.1641,Y
159545.SZ,易方达恒生港股通红利低波动ETF,恒生港股通红利低波动,2026,177,1.4238,Y
159546.SZ,国泰中证全指集成电路ETF,中证全指集成电路,2024,242,0.1324,
159546.SZ,国泰中证全指集成电路ETF,中证全指集成电路,2025,243,0.1513,
159546.SZ,国泰中证全指集成电路ETF,中证全指集成电路,2026,177,0.526,Y
159547.SZ,华夏中证红利低波动ETF,中证红利低波动,2024,216,0.039,
159547.SZ,华夏中证红利低波动ETF,中证红利低波动,2025,241,0.2243,
159547.SZ,华夏中证红利低波动ETF,中证红利低波动,2026,177,1.2122,Y
159549.SZ,天弘中证红利低波动100ETF,中证红利低波动100,2024,242,0.1033,
159549.SZ,天弘中证红利低波动100ETF,中证红利低波动100,2025,243,0.0565,
159549.SZ,天弘中证红利低波动100ETF,中证红利低波动100,2026,177,0.1269,
159550.SZ,东财中证沪港深互联网ETF,中证沪港深互联网,2025,128,0.064,
159550.SZ,东财中证沪港深互联网ETF,中证沪港深互联网,2026,177,0.0583,
159551.SZ,国泰中证机器人ETF,中证机器人,2024,242,0.1064,
159551.SZ,国泰中证机器人ETF,中证机器人,2025,243,0.2463,
159551.SZ,国泰中证机器人ETF,中证机器人,2026,177,0.2645,
159552.SZ,招商中证2000增强策略ETF,中证2000,2024,126,0.0367,
159552.SZ,招商中证2000增强策略ETF,中证2000,2025,242,0.4032,
159552.SZ,招商中证2000增强策略ETF,中证2000,2026,177,0.8696,Y
159553.SZ,海富通中证2000增强策略ETF,中证2000,2024,175,0.024,
159553.SZ,海富通中证2000增强策略ETF,中证2000,2025,242,0.0219,
159553.SZ,海富通中证2000增强策略ETF,中证2000,2026,177,0.0269,
159555.SZ,银华中证2000增强策略ETF,中证2000,2024,242,0.1029,
159555.SZ,银华中证2000增强策略ETF,中证2000,2025,242,0.0642,
159555.SZ,银华中证2000增强策略ETF,中证2000,2026,177,0.085,
159556.SZ,平安中证2000增强策略ETF,中证2000,2024,236,0.078,
159556.SZ,平安中证2000增强策略ETF,中证2000,2025,243,0.0275,
159556.SZ,平安中证2000增强策略ETF,中证2000,2026,176,0.021,
159557.SZ,嘉实恒生医疗保健ETF(QDII),恒生医疗保健,2024,152,0.0986,
159557.SZ,嘉实恒生医疗保健ETF(QDII),恒生医疗保健,2025,243,0.3875,
159557.SZ,嘉实恒生医疗保健ETF(QDII),恒生医疗保健,2026,177,0.6863,Y
159558.SZ,易方达中证半导体材料设备主题ETF,中证半导体材料设备主题,2024,134,0.0734,
159558.SZ,易方达中证半导体材料设备主题ETF,中证半导体材料设备主题,2025,243,0.3156,
159558.SZ,易方达中证半导体材料设备主题ETF,中证半导体材料设备主题,2026,177,10.652,Y
159559.SZ,景顺长城国证机器人产业ETF,国证机器人产业,2024,242,0.0439,
159559.SZ,景顺长城国证机器人产业ETF,国证机器人产业,2025,243,0.981,Y
159559.SZ,景顺长城国证机器人产业ETF,国证机器人产业,2026,177,1.5388,Y
159560.SZ,景顺长城中证芯片产业ETF,中证芯片产业,2024,242,0.1199,
159560.SZ,景顺长城中证芯片产业ETF,中证芯片产业,2025,243,0.1418,
159560.SZ,景顺长城中证芯片产业ETF,中证芯片产业,2026,177,0.2384,
159561.SZ,嘉实德国DAXETF(QDII),经估值汇率调整后的德国DAX,2024,165,0.1289,
159561.SZ,嘉实德国DAXETF(QDII),经估值汇率调整后的德国DAX,2025,238,4.0468,Y
159561.SZ,嘉实德国DAXETF(QDII),经估值汇率调整后的德国DAX,2026,177,1.2371,Y
159562.SZ,华夏中证沪深港黄金产业股票ETF,中证沪深港黄金产业股票,2024,228,0.3103,
159562.SZ,华夏中证沪深港黄金产业股票ETF,中证沪深港黄金产业股票,2025,243,0.7042,Y
159562.SZ,华夏中证沪深港黄金产业股票ETF,中证沪深港黄金产业股票,2026,177,2.6955,Y
159563.SZ,华夏创业板综合ETF,创业板综合,2024,209,0.086,
159563.SZ,华夏创业板综合ETF,创业板综合,2025,243,0.042,
159563.SZ,华夏创业板综合ETF,创业板综合,2026,176,0.0398,
159565.SZ,易方达中证汽车零部件主题ETF,中证汽车零部件主题,2024,209,0.0279,
159565.SZ,易方达中证汽车零部件主题ETF,中证汽车零部件主题,2025,243,0.1131,
159565.SZ,易方达中证汽车零部件主题ETF,中证汽车零部件主题,2026,177,0.2806,
159566.SZ,易方达国证储能电池ETF,国证储能电池,2024,215,0.0539,
159566.SZ,易方达国证储能电池ETF,国证储能电池,2025,243,0.8257,Y
159566.SZ,易方达国证储能电池ETF,国证储能电池,2026,177,4.4535,Y
159567.SZ,银华国证港股通创新药ETF,国证港股通创新药,2024,235,0.857,Y
159567.SZ,银华国证港股通创新药ETF,国证港股通创新药,2025,243,11.5904,Y
159567.SZ,银华国证港股通创新药ETF,国证港股通创新药,2026,177,11.8761,Y
159568.SZ,博时中证港股通互联网ETF,中证港股通互联网,2024,208,0.1966,
159568.SZ,博时中证港股通互联网ETF,中证港股通互联网,2025,243,2.2809,Y
159568.SZ,博时中证港股通互联网ETF,中证港股通互联网,2026,177,1.0544,Y
159569.SZ,景顺长城国证港股通红利低波动率ETF,国证港股通红利低波动率,2024,87,0.1664,
159569.SZ,景顺长城国证港股通红利低波动率ETF,国证港股通红利低波动率,2025,243,0.3901,
159569.SZ,景顺长城国证港股通红利低波动率ETF,国证港股通红利低波动率,2026,177,0.7222,Y
159570.SZ,汇添富国证港股通创新药ETF,国证港股通创新药,2024,228,0.4936,
159570.SZ,汇添富国证港股通创新药ETF,国证港股通创新药,2025,243,17.8182,Y
159570.SZ,汇添富国证港股通创新药ETF,国证港股通创新药,2026,177,23.6641,Y
159571.SZ,富国创业板200ETF,创业板200,2024,242,0.0537,
159571.SZ,富国创业板200ETF,创业板200,2025,243,0.0193,
159571.SZ,富国创业板200ETF,创业板200,2026,176,0.0058,
159572.SZ,易方达创业板200ETF,创业板200,2024,242,0.1119,
159572.SZ,易方达创业板200ETF,创业板200,2025,243,0.1814,
159572.SZ,易方达创业板200ETF,创业板200,2026,177,0.1962,
159573.SZ,华夏创业板200ETF,创业板200,2024,242,0.2402,
159573.SZ,华夏创业板200ETF,创业板200,2025,243,0.1433,
159573.SZ,华夏创业板200ETF,创业板200,2026,177,0.1852,
159575.SZ,银华创业板200ETF,创业板200,2024,242,0.0598,
159575.SZ,银华创业板200ETF,创业板200,2025,241,0.0189,
159575.SZ,银华创业板200ETF,创业板200,2026,177,0.0191,
159576.SZ,广发深证100ETF,深证100,2024,241,0.128,
159576.SZ,广发深证100ETF,深证100,2025,243,0.0845,
159576.SZ,广发深证100ETF,深证100,2026,177,0.0721,
159577.SZ,汇添富MSCI美国50ETF(QDII),经人民币汇率调整的MSCI美国50,2024,210,0.7126,Y
159577.SZ,汇添富MSCI美国50ETF(QDII),经人民币汇率调整的MSCI美国50,2025,243,0.734,Y
159577.SZ,汇添富MSCI美国50ETF(QDII),经人民币汇率调整的MSCI美国50,2026,177,0.6919,Y
159578.SZ,南方深证主板50ETF,深证主板50,2024,140,0.0279,
159578.SZ,南方深证主板50ETF,深证主板50,2025,242,0.0032,
159578.SZ,南方深证主板50ETF,深证主板50,2026,176,0.0046,
159579.SZ,华安深证主板50ETF,深证主板50,2024,111,0.0257,
159581.SZ,万家中证红利ETF,中证红利,2024,195,0.2774,
159581.SZ,万家中证红利ETF,中证红利,2025,243,0.411,
159581.SZ,万家中证红利ETF,中证红利,2026,177,0.3102,
159582.SZ,博时中证半导体产业ETF,中证半导体产业,2024,175,0.1531,
159582.SZ,博时中证半导体产业ETF,中证半导体产业,2025,243,0.3142,
159582.SZ,博时中证半导体产业ETF,中证半导体产业,2026,177,0.8546,Y
159583.SZ,富国中证通信设备主题ETF,中证通信设备主题,2024,120,0.0935,
159583.SZ,富国中证通信设备主题ETF,中证通信设备主题,2025,242,0.8579,Y
159583.SZ,富国中证通信设备主题ETF,中证通信设备主题,2026,177,4.3611,Y
159586.SZ,南方中证全指计算机ETF,中证全指计算机,2024,194,0.0685,
159586.SZ,南方中证全指计算机ETF,中证全指计算机,2025,242,0.1398,
159586.SZ,南方中证全指计算机ETF,中证全指计算机,2026,177,0.1833,
159587.SZ,广发国证粮食产业ETF,国证粮食产业,2024,88,0.0707,
159587.SZ,广发国证粮食产业ETF,国证粮食产业,2025,242,0.0643,
159587.SZ,广发国证粮食产业ETF,国证粮食产业,2026,176,0.3651,
159588.SZ,景顺长城国证石油天然气ETF,国证石油天然气,2024,145,0.0824,
159588.SZ,景顺长城国证石油天然气ETF,国证石油天然气,2025,243,0.0809,
159588.SZ,景顺长城国证石油天然气ETF,国证石油天然气,2026,177,0.7925,Y
159589.SZ,广发中证红利ETF,中证红利,2024,187,0.0826,
159589.SZ,广发中证红利ETF,中证红利,2025,243,0.0327,
159589.SZ,广发中证红利ETF,中证红利,2026,177,0.0734,
159590.SZ,汇添富中证全指软件ETF,中证全指软件,2025,243,0.2822,
159590.SZ,汇添富中证全指软件ETF,中证全指软件,2026,177,0.5278,Y
159591.SZ,富国中证A50ETF,中证A50,2024,194,1.1451,Y
159591.SZ,富国中证A50ETF,中证A50,2025,243,0.4288,
159591.SZ,富国中证A50ETF,中证A50,2026,177,0.261,
159592.SZ,银华中证A50ETF,中证A50,2024,194,2.458,Y
159592.SZ,银华中证A50ETF,中证A50,2025,243,0.7321,Y
159592.SZ,银华中证A50ETF,中证A50,2026,177,0.37,
159593.SZ,平安中证A50ETF,中证A50,2024,198,3.1393,Y
159593.SZ,平安中证A50ETF,中证A50,2025,243,2.1565,Y
159593.SZ,平安中证A50ETF,中证A50,2026,177,0.795,Y
159595.SZ,大成中证A50ETF,中证A50,2024,194,3.0428,Y
159595.SZ,大成中证A50ETF,中证A50,2025,243,2.1503,Y
159595.SZ,大成中证A50ETF,中证A50,2026,177,1.3309,Y
159596.SZ,华宝中证A50ETF,中证A50,2024,194,1.7103,Y
159596.SZ,华宝中证A50ETF,中证A50,2025,243,0.8182,Y
159596.SZ,华宝中证A50ETF,中证A50,2026,177,0.2407,
159597.SZ,易方达创业板成长ETF,创业板成长,2024,149,0.1079,
159597.SZ,易方达创业板成长ETF,创业板成长,2025,243,0.0476,
159597.SZ,易方达创业板成长ETF,创业板成长,2026,177,0.2744,
159599.SZ,东财中证芯片产业ETF,中证芯片产业,2024,162,0.208,
159599.SZ,东财中证芯片产业ETF,中证芯片产业,2025,243,0.4852,
159599.SZ,东财中证芯片产业ETF,中证芯片产业,2026,177,1.7096,Y
159600.SZ,嘉实中证AAA科技创新公司债ETF,中证AAA科技创新公司债,2025,114,69.1905,Y
159600.SZ,嘉实中证AAA科技创新公司债ETF,中证AAA科技创新公司债,2026,177,56.3963,Y
159601.SZ,华夏MSCI中国A50互联互通ETF,MSCI中国A50互联互通人民币,2022,242,8.7851,Y
159601.SZ,华夏MSCI中国A50互联互通ETF,MSCI中国A50互联互通人民币,2023,242,0.9831,Y
159601.SZ,华夏MSCI中国A50互联互通ETF,MSCI中国A50互联互通人民币,2024,242,0.9004,Y
159601.SZ,华夏MSCI中国A50互联互通ETF,MSCI中国A50互联互通人民币,2025,243,0.5165,Y
159601.SZ,华夏MSCI中国A50互联互通ETF,MSCI中国A50互联互通人民币,2026,177,0.7146,Y
159602.SZ,南方MSCI中国A50互联互通ETF,MSCI中国A50互联互通人民币,2022,242,1.765,Y
159602.SZ,南方MSCI中国A50互联互通ETF,MSCI中国A50互联互通人民币,2023,242,0.2201,
159602.SZ,南方MSCI中国A50互联互通ETF,MSCI中国A50互联互通人民币,2024,242,0.1561,
159602.SZ,南方MSCI中国A50互联互通ETF,MSCI中国A50互联互通人民币,2025,243,0.1536,
159602.SZ,南方MSCI中国A50互联互通ETF,MSCI中国A50互联互通人民币,2026,177,0.1581,
159603.SZ,天弘中证科创创业50ETF,中证科创创业50,2022,142,0.1664,
159603.SZ,天弘中证科创创业50ETF,中证科创创业50,2023,242,0.0561,
159603.SZ,天弘中证科创创业50ETF,中证科创创业50,2024,242,0.1268,
159603.SZ,天弘中证科创创业50ETF,中证科创创业50,2025,243,0.1315,
159603.SZ,天弘中证科创创业50ETF,中证科创创业50,2026,177,0.1751,
159605.SZ,广发中证海外中国互联网30ETF(QDII),中证海外中国互联网30,2022,242,9.8935,Y
159605.SZ,广发中证海外中国互联网30ETF(QDII),中证海外中国互联网30,2023,242,12.2134,Y
159605.SZ,广发中证海外中国互联网30ETF(QDII),中证海外中国互联网30,2024,242,10.0773,Y
159605.SZ,广发中证海外中国互联网30ETF(QDII),中证海外中国互联网30,2025,243,7.1835,Y
159605.SZ,广发中证海外中国互联网30ETF(QDII),中证海外中国互联网30,2026,177,3.2899,Y
159606.SZ,易方达中证500质量成长ETF,中证500质量成长,2022,242,0.1888,
159606.SZ,易方达中证500质量成长ETF,中证500质量成长,2023,242,0.073,
159606.SZ,易方达中证500质量成长ETF,中证500质量成长,2024,242,0.0993,
159606.SZ,易方达中证500质量成长ETF,中证500质量成长,2025,243,0.0897,
159606.SZ,易方达中证500质量成长ETF,中证500质量成长,2026,177,0.1486,
159607.SZ,嘉实中证海外中国互联网30ETF(QDII),中证海外中国互联网30,2022,242,2.8181,Y
159607.SZ,嘉实中证海外中国互联网30ETF(QDII),中证海外中国互联网30,2023,242,4.8642,Y
159607.SZ,嘉实中证海外中国互联网30ETF(QDII),中证海外中国互联网30,2024,242,3.4274,Y
159607.SZ,嘉实中证海外中国互联网30ETF(QDII),中证海外中国互联网30,2025,243,2.6576,Y
159607.SZ,嘉实中证海外中国互联网30ETF(QDII),中证海外中国互联网30,2026,177,1.3762,Y
159608.SZ,广发中证稀有金属主题ETF,中证稀有金属主题,2022,242,0.2337,
159608.SZ,广发中证稀有金属主题ETF,中证稀有金属主题,2023,242,0.1313,
159608.SZ,广发中证稀有金属主题ETF,中证稀有金属主题,2024,242,0.141,
159608.SZ,广发中证稀有金属主题ETF,中证稀有金属主题,2025,243,0.4632,
159608.SZ,广发中证稀有金属主题ETF,中证稀有金属主题,2026,177,2.057,Y
159609.SZ,浦银中证光伏产业ETF,中证光伏产业,2022,120,0.3422,
159609.SZ,浦银中证光伏产业ETF,中证光伏产业,2023,242,0.1703,
159609.SZ,浦银中证光伏产业ETF,中证光伏产业,2024,242,0.1622,
159609.SZ,浦银中证光伏产业ETF,中证光伏产业,2025,243,0.2186,
159609.SZ,浦银中证光伏产业ETF,中证光伏产业,2026,177,0.1461,
159610.SZ,景顺长城中证500增强策略ETF,中证500,2022,238,0.9361,Y
159610.SZ,景顺长城中证500增强策略ETF,中证500,2023,242,0.2446,
159610.SZ,景顺长城中证500增强策略ETF,中证500,2024,242,0.2462,
159610.SZ,景顺长城中证500增强策略ETF,中证500,2025,243,0.1282,
159610.SZ,景顺长城中证500增强策略ETF,中证500,2026,177,0.117,
159611.SZ,广发中证全指电力公用事业ETF,中证全指电力公用事业,2022,239,0.799,Y
159611.SZ,广发中证全指电力公用事业ETF,中证全指电力公用事业,2023,242,1.2624,Y
159611.SZ,广发中证全指电力公用事业ETF,中证全指电力公用事业,2024,242,1.1942,Y
159611.SZ,广发中证全指电力公用事业ETF,中证全指电力公用事业,2025,243,1.8835,Y
159611.SZ,广发中证全指电力公用事业ETF,中证全指电力公用事业,2026,177,5.3621,Y
159612.SZ,国泰标普500ETF(QDII),标普500,2022,154,0.2408,
159612.SZ,国泰标普500ETF(QDII),标普500,2023,242,0.2326,
159612.SZ,国泰标普500ETF(QDII),标普500,2024,242,0.3826,
159612.SZ,国泰标普500ETF(QDII),标普500,2025,241,5.1316,Y
159612.SZ,国泰标普500ETF(QDII),标普500,2026,177,0.302,
159613.SZ,嘉实中证信息安全主题ETF,中证信息安全主题,2022,225,0.0937,
159613.SZ,嘉实中证信息安全主题ETF,中证信息安全主题,2023,242,0.1004,
159613.SZ,嘉实中证信息安全主题ETF,中证信息安全主题,2024,242,0.0588,
159613.SZ,嘉实中证信息安全主题ETF,中证信息安全主题,2025,243,0.0435,
159613.SZ,嘉实中证信息安全主题ETF,中证信息安全主题,2026,177,0.087,
159615.SZ,南方恒生生物科技ETF(QDII),经估值汇率调整后的恒生生物科技,2022,128,0.8304,Y
159615.SZ,南方恒生生物科技ETF(QDII),经估值汇率调整后的恒生生物科技,2023,242,0.5651,Y
159615.SZ,南方恒生生物科技ETF(QDII),经估值汇率调整后的恒生生物科技,2024,242,0.5589,Y
159615.SZ,南方恒生生物科技ETF(QDII),经估值汇率调整后的恒生生物科技,2025,243,1.5476,Y
159615.SZ,南方恒生生物科技ETF(QDII),经估值汇率调整后的恒生生物科技,2026,177,1.2699,Y
159616.SZ,建信中证农牧主题ETF,中证农牧主题,2022,99,0.0541,
159616.SZ,建信中证农牧主题ETF,中证农牧主题,2023,242,0.0402,
159616.SZ,建信中证农牧主题ETF,中证农牧主题,2024,242,0.0477,
159616.SZ,建信中证农牧主题ETF,中证农牧主题,2025,243,0.0692,
159616.SZ,建信中证农牧主题ETF,中证农牧主题,2026,177,0.1282,
159617.SZ,华夏中证智选500价值稳健策略ETF,中证智选500价值稳健策略,2022,126,0.0931,
159617.SZ,华夏中证智选500价值稳健策略ETF,中证智选500价值稳健策略,2023,242,0.0266,
159617.SZ,华夏中证智选500价值稳健策略ETF,中证智选500价值稳健策略,2024,242,0.0277,
159617.SZ,华夏中证智选500价值稳健策略ETF,中证智选500价值稳健策略,2025,242,0.0085,
159617.SZ,华夏中证智选500价值稳健策略ETF,中证智选500价值稳健策略,2026,177,0.0184,
159618.SZ,华安中证光伏产业ETF,中证光伏产业,2022,171,0.2262,
159618.SZ,华安中证光伏产业ETF,中证光伏产业,2023,242,0.0831,
159618.SZ,华安中证光伏产业ETF,中证光伏产业,2024,242,0.0475,
159618.SZ,华安中证光伏产业ETF,中证光伏产业,2025,243,0.0418,
159618.SZ,华安中证光伏产业ETF,中证光伏产业,2026,177,0.0467,
159619.SZ,国泰中证基建ETF,中证基建,2022,214,0.3149,
159619.SZ,国泰中证基建ETF,中证基建,2023,242,0.3717,
159619.SZ,国泰中证基建ETF,中证基建,2024,242,0.2334,
159619.SZ,国泰中证基建ETF,中证基建,2025,243,0.1418,
159619.SZ,国泰中证基建ETF,中证基建,2026,177,0.0549,
159620.SZ,华夏中证智选500成长创新策略ETF,中证智选500成长创新策略,2022,100,0.0354,
159620.SZ,华夏中证智选500成长创新策略ETF,中证智选500成长创新策略,2023,242,0.0137,
159620.SZ,华夏中证智选500成长创新策略ETF,中证智选500成长创新策略,2024,241,0.0171,
159620.SZ,华夏中证智选500成长创新策略ETF,中证智选500成长创新策略,2025,243,0.0224,
159620.SZ,华夏中证智选500成长创新策略ETF,中证智选500成长创新策略,2026,176,0.0348,
159621.SZ,国泰MSCI中国A股ESG通用ETF,MSCI中国A股人民币ESG通用,2022,75,0.1512,
159621.SZ,国泰MSCI中国A股ESG通用ETF,MSCI中国A股人民币ESG通用,2023,242,0.0326,
159621.SZ,国泰MSCI中国A股ESG通用ETF,MSCI中国A股人民币ESG通用,2024,241,0.0354,
159621.SZ,国泰MSCI中国A股ESG通用ETF,MSCI中国A股人民币ESG通用,2025,241,0.0303,
159621.SZ,国泰MSCI中国A股ESG通用ETF,MSCI中国A股人民币ESG通用,2026,177,0.0307,
159622.SZ,东财中证沪港深创新药产业ETF,中证沪港深创新药产业,2023,161,0.1193,
159622.SZ,东财中证沪港深创新药产业ETF,中证沪港深创新药产业,2024,242,0.0588,
159622.SZ,东财中证沪港深创新药产业ETF,中证沪港深创新药产业,2025,243,0.3516,
159622.SZ,东财中证沪港深创新药产业ETF,中证沪港深创新药产业,2026,177,0.9259,Y
159623.SZ,博时中证成渝地区双城经济圈成份ETF,中证成渝地区双城经济圈成份,2022,75,0.0601,
159623.SZ,博时中证成渝地区双城经济圈成份ETF,中证成渝地区双城经济圈成份,2023,242,0.0899,
159623.SZ,博时中证成渝地区双城经济圈成份ETF,中证成渝地区双城经济圈成份,2024,242,0.0742,
159623.SZ,博时中证成渝地区双城经济圈成份ETF,中证成渝地区双城经济圈成份,2025,243,0.1715,
159623.SZ,博时中证成渝地区双城经济圈成份ETF,中证成渝地区双城经济圈成份,2026,177,0.2546,
159625.SZ,嘉实国证绿色电力ETF,国证绿色电力,2022,166,0.5479,Y
159625.SZ,嘉实国证绿色电力ETF,国证绿色电力,2023,242,0.3278,
159625.SZ,嘉实国证绿色电力ETF,国证绿色电力,2024,242,0.1828,
159625.SZ,嘉实国证绿色电力ETF,国证绿色电力,2025,243,0.2079,
159625.SZ,嘉实国证绿色电力ETF,国证绿色电力,2026,177,0.9714,Y
159627.SZ,华夏中证A100ETF,中证A100,2023,242,0.0195,
159627.SZ,华夏中证A100ETF,中证A100,2024,241,0.0337,
159627.SZ,华夏中证A100ETF,中证A100,2025,242,0.0304,
159627.SZ,华夏中证A100ETF,中证A100,2026,177,0.0596,
159628.SZ,万家国证2000ETF,国证2000,2022,114,0.3878,
159628.SZ,万家国证2000ETF,国证2000,2023,242,0.8978,Y
159628.SZ,万家国证2000ETF,国证2000,2024,242,1.2693,Y
159628.SZ,万家国证2000ETF,国证2000,2025,243,0.7885,Y
159628.SZ,万家国证2000ETF,国证2000,2026,177,0.7763,Y
159629.SZ,富国中证1000ETF,中证1000,2022,102,18.5714,Y
159629.SZ,富国中证1000ETF,中证1000,2023,242,8.9164,Y
159629.SZ,富国中证1000ETF,中证1000,2024,242,2.7001,Y
159629.SZ,富国中证1000ETF,中证1000,2025,243,2.1116,Y
159629.SZ,富国中证1000ETF,中证1000,2026,177,4.3225,Y
159630.SZ,汇添富中证A100ETF,中证A100,2023,242,0.0523,
159630.SZ,汇添富中证A100ETF,中证A100,2024,241,0.0475,
159630.SZ,汇添富中证A100ETF,中证A100,2025,243,0.0157,
159630.SZ,汇添富中证A100ETF,中证A100,2026,177,0.0052,
159631.SZ,招商中证A100ETF,中证A100,2022,85,0.1764,
159631.SZ,招商中证A100ETF,中证A100,2023,242,0.1659,
159631.SZ,招商中证A100ETF,中证A100,2024,242,0.091,
159631.SZ,招商中证A100ETF,中证A100,2025,243,0.0727,
159631.SZ,招商中证A100ETF,中证A100,2026,177,0.0498,
159632.SZ,华安纳斯达克100ETF(QDII),纳斯达克100,2022,102,0.6851,Y
159632.SZ,华安纳斯达克100ETF(QDII),纳斯达克100,2023,242,1.7306,Y
159632.SZ,华安纳斯达克100ETF(QDII),纳斯达克100,2024,242,2.1279,Y
159632.SZ,华安纳斯达克100ETF(QDII),纳斯达克100,2025,243,2.3746,Y
159632.SZ,华安纳斯达克100ETF(QDII),纳斯达克100,2026,177,3.0434,Y
159633.SZ,易方达中证1000ETF,中证1000,2022,101,15.8935,Y
159633.SZ,易方达中证1000ETF,中证1000,2023,242,7.6484,Y
159633.SZ,易方达中证1000ETF,中证1000,2024,242,1.5934,Y
159633.SZ,易方达中证1000ETF,中证1000,2025,243,0.8426,Y
159633.SZ,易方达中证1000ETF,中证1000,2026,177,6.1299,Y
159635.SZ,华夏中证基建ETF,中证基建,2022,118,0.2145,
159635.SZ,华夏中证基建ETF,中证基建,2023,242,0.2668,
159635.SZ,华夏中证基建ETF,中证基建,2024,242,0.1296,
159635.SZ,华夏中证基建ETF,中证基建,2025,243,0.1691,
159635.SZ,华夏中证基建ETF,中证基建,2026,177,0.2707,
159636.SZ,工银瑞信国证港股通科技ETF,经汇率调整后的国证港股通科技,2022,112,0.5317,Y
159636.SZ,工银瑞信国证港股通科技ETF,经汇率调整后的国证港股通科技,2023,242,0.582,Y
159636.SZ,工银瑞信国证港股通科技ETF,经汇率调整后的国证港股通科技,2024,242,1.3687,Y
159636.SZ,工银瑞信国证港股通科技ETF,经汇率调整后的国证港股通科技,2025,243,7.6608,Y
159636.SZ,工银瑞信国证港股通科技ETF,经汇率调整后的国证港股通科技,2026,177,6.1378,Y
159637.SZ,东财中证新能源汽车ETF,中证新能源汽车,2022,81,0.687,Y
159637.SZ,东财中证新能源汽车ETF,中证新能源汽车,2023,242,0.503,Y
159637.SZ,东财中证新能源汽车ETF,中证新能源汽车,2024,242,0.1358,
159637.SZ,东财中证新能源汽车ETF,中证新能源汽车,2025,243,0.2168,
159637.SZ,东财中证新能源汽车ETF,中证新能源汽车,2026,177,0.1784,
159638.SZ,嘉实中证智选航空航天科技ETF,中证智选航空航天科技,2022,95,1.3753,Y
159638.SZ,嘉实中证智选航空航天科技ETF,中证智选航空航天科技,2023,242,0.553,Y
159638.SZ,嘉实中证智选航空航天科技ETF,中证智选航空航天科技,2024,242,0.4182,
159638.SZ,嘉实中证智选航空航天科技ETF,中证智选航空航天科技,2025,243,0.5865,Y
159638.SZ,嘉实中证智选航空航天科技ETF,中证智选航空航天科技,2026,177,0.744,Y
159639.SZ,南方中证上海环交所碳中和ETF,中证上海环交所碳中和,2022,113,0.6398,Y
159639.SZ,南方中证上海环交所碳中和ETF,中证上海环交所碳中和,2023,242,0.1531,
159639.SZ,南方中证上海环交所碳中和ETF,中证上海环交所碳中和,2024,242,0.1131,
159639.SZ,南方中证上海环交所碳中和ETF,中证上海环交所碳中和,2025,243,0.1093,
159639.SZ,南方中证上海环交所碳中和ETF,中证上海环交所碳中和,2026,177,0.0776,
159640.SZ,工银瑞信中证上海环交所碳中和ETF,中证上海环交所碳中和,2022,111,0.2694,
159640.SZ,工银瑞信中证上海环交所碳中和ETF,中证上海环交所碳中和,2023,242,0.1111,
159640.SZ,工银瑞信中证上海环交所碳中和ETF,中证上海环交所碳中和,2024,242,0.0881,
159640.SZ,工银瑞信中证上海环交所碳中和ETF,中证上海环交所碳中和,2025,243,0.0335,
159640.SZ,工银瑞信中证上海环交所碳中和ETF,中证上海环交所碳中和,2026,177,0.0266,
159641.SZ,招商中证上海环交所碳中和ETF,中证上海环交所碳中和,2022,110,0.2761,
159641.SZ,招商中证上海环交所碳中和ETF,中证上海环交所碳中和,2023,242,0.1436,
159641.SZ,招商中证上海环交所碳中和ETF,中证上海环交所碳中和,2024,242,0.1051,
159641.SZ,招商中证上海环交所碳中和ETF,中证上海环交所碳中和,2025,243,0.1425,
159641.SZ,招商中证上海环交所碳中和ETF,中证上海环交所碳中和,2026,177,0.0532,
159642.SZ,大成中证上海环交所碳中和ETF,中证上海环交所碳中和,2022,111,0.1295,
159642.SZ,大成中证上海环交所碳中和ETF,中证上海环交所碳中和,2023,242,0.0835,
159642.SZ,大成中证上海环交所碳中和ETF,中证上海环交所碳中和,2024,242,0.0231,
159642.SZ,大成中证上海环交所碳中和ETF,中证上海环交所碳中和,2025,243,0.0088,
159642.SZ,大成中证上海环交所碳中和ETF,中证上海环交所碳中和,2026,177,0.0044,
159643.SZ,国泰国证疫苗与生物科技ETF,国证疫苗与生物科技,2022,89,0.2937,
159643.SZ,国泰国证疫苗与生物科技ETF,国证疫苗与生物科技,2023,242,0.2302,
159643.SZ,国泰国证疫苗与生物科技ETF,国证疫苗与生物科技,2024,242,0.1319,
159643.SZ,国泰国证疫苗与生物科技ETF,国证疫苗与生物科技,2025,243,0.0552,
159643.SZ,国泰国证疫苗与生物科技ETF,国证疫苗与生物科技,2026,177,0.0971,
159645.SZ,富国国证疫苗与生物科技ETF,国证疫苗与生物科技,2022,65,0.3114,
159645.SZ,富国国证疫苗与生物科技ETF,国证疫苗与生物科技,2023,241,0.072,
159645.SZ,富国国证疫苗与生物科技ETF,国证疫苗与生物科技,2024,241,0.0225,
159645.SZ,富国国证疫苗与生物科技ETF,国证疫苗与生物科技,2025,243,0.0075,
159645.SZ,富国国证疫苗与生物科技ETF,国证疫苗与生物科技,2026,177,0.0213,
159646.SZ,华泰柏瑞国证疫苗与生物科技ETF,国证疫苗与生物科技,2022,89,0.1313,
159646.SZ,华泰柏瑞国证疫苗与生物科技ETF,国证疫苗与生物科技,2023,242,0.0363,
159646.SZ,华泰柏瑞国证疫苗与生物科技ETF,国证疫苗与生物科技,2024,96,0.0201,
159647.SZ,鹏华中证中药ETF,中证中药,2022,106,0.8174,Y
159647.SZ,鹏华中证中药ETF,中证中药,2023,242,0.7565,Y
159647.SZ,鹏华中证中药ETF,中证中药,2024,242,0.4214,
159647.SZ,鹏华中证中药ETF,中证中药,2025,243,0.3309,
159647.SZ,鹏华中证中药ETF,中证中药,2026,177,0.274,
159649.SZ,华安中债1-5年国开行债券ETF,中债-1-5年国开行债券,2023,242,19.7559,Y
159649.SZ,华安中债1-5年国开行债券ETF,中债-1-5年国开行债券,2024,242,6.4338,Y
159649.SZ,华安中债1-5年国开行债券ETF,中债-1-5年国开行债券,2025,243,4.1175,Y
159649.SZ,华安中债1-5年国开行债券ETF,中债-1-5年国开行债券,2026,177,4.9261,Y
159650.SZ,博时中债0-3年国开行债券ETF,中债-0-3年国开行债券,2023,242,16.4239,Y
159650.SZ,博时中债0-3年国开行债券ETF,中债-0-3年国开行债券,2024,242,7.7513,Y
159650.SZ,博时中债0-3年国开行债券ETF,中债-0-3年国开行债券,2025,243,8.2811,Y
159650.SZ,博时中债0-3年国开行债券ETF,中债-0-3年国开行债券,2026,177,2.5369,Y
159651.SZ,平安中债-0-3年国开行债券ETF,中债-0-3年国开行债券,2023,242,2.8043,Y
159651.SZ,平安中债-0-3年国开行债券ETF,中债-0-3年国开行债券,2024,242,6.9897,Y
159651.SZ,平安中债-0-3年国开行债券ETF,中债-0-3年国开行债券,2025,243,2.9339,Y
159651.SZ,平安中债-0-3年国开行债券ETF,中债-0-3年国开行债券,2026,177,2.4982,Y
159652.SZ,汇添富中证细分有色金属产业主题ETF,中证细分有色金属产业主题,2023,221,0.126,
159652.SZ,汇添富中证细分有色金属产业主题ETF,中证细分有色金属产业主题,2024,242,0.2242,
159652.SZ,汇添富中证细分有色金属产业主题ETF,中证细分有色金属产业主题,2025,243,0.7754,Y
159652.SZ,汇添富中证细分有色金属产业主题ETF,中证细分有色金属产业主题,2026,177,2.6827,Y
159653.SZ,国联安国证ESG300ETF,国证ESG300,2023,189,0.0276,
159653.SZ,国联安国证ESG300ETF,国证ESG300,2024,228,0.0039,
159653.SZ,国联安国证ESG300ETF,国证ESG300,2025,224,0.0011,
159653.SZ,国联安国证ESG300ETF,国证ESG300,2026,176,0.0013,
159655.SZ,华夏标普500ETF(QDII),经估值汇率调整后的标普500,2023,242,0.0233,
159655.SZ,华夏标普500ETF(QDII),经估值汇率调整后的标普500,2024,242,0.4624,
159655.SZ,华夏标普500ETF(QDII),经估值汇率调整后的标普500,2025,243,2.5951,Y
159655.SZ,华夏标普500ETF(QDII),经估值汇率调整后的标普500,2026,177,1.069,Y
159656.SZ,万家沪深300成长ETF,沪深300成长,2023,233,0.1057,
159656.SZ,万家沪深300成长ETF,沪深300成长,2024,242,0.1277,
159656.SZ,万家沪深300成长ETF,沪深300成长,2025,243,0.121,
159656.SZ,万家沪深300成长ETF,沪深300成长,2026,177,0.157,
159657.SZ,鹏华国证疫苗与生物科技ETF,国证疫苗与生物科技,2023,198,0.0601,
159657.SZ,鹏华国证疫苗与生物科技ETF,国证疫苗与生物科技,2024,242,0.0184,
159657.SZ,鹏华国证疫苗与生物科技ETF,国证疫苗与生物科技,2025,243,0.0218,
159657.SZ,鹏华国证疫苗与生物科技ETF,国证疫苗与生物科技,2026,177,0.0275,
159658.SZ,华安中证数字经济主题ETF,中证数字经济主题,2023,242,0.294,
159658.SZ,华安中证数字经济主题ETF,中证数字经济主题,2024,242,0.1643,
159658.SZ,华安中证数字经济主题ETF,中证数字经济主题,2025,243,0.1049,
159658.SZ,华安中证数字经济主题ETF,中证数字经济主题,2026,177,0.0919,
159659.SZ,招商纳斯达克100ETF(QDII),纳斯达克100,2023,168,0.0843,
159659.SZ,招商纳斯达克100ETF(QDII),纳斯达克100,2024,242,1.2619,Y
159659.SZ,招商纳斯达克100ETF(QDII),纳斯达克100,2025,243,3.0331,Y
159659.SZ,招商纳斯达克100ETF(QDII),纳斯达克100,2026,177,2.7211,Y
159660.SZ,汇添富纳斯达克100ETF(QDII),经人民币汇率调整的纳斯达克100,2023,174,0.1405,
159660.SZ,汇添富纳斯达克100ETF(QDII),经人民币汇率调整的纳斯达克100,2024,242,0.6721,Y
159660.SZ,汇添富纳斯达克100ETF(QDII),经人民币汇率调整的纳斯达克100,2025,243,1.3435,Y
159660.SZ,汇添富纳斯达克100ETF(QDII),经人民币汇率调整的纳斯达克100,2026,177,1.2482,Y
159661.SZ,嘉实中证A100ETF,中证A100,2024,242,0.0482,
159661.SZ,嘉实中证A100ETF,中证A100,2025,242,0.0429,
159661.SZ,嘉实中证A100ETF,中证A100,2026,177,0.0528,
159662.SZ,南方国证交通运输行业ETF,国证交通运输行业,2023,242,0.2911,
159662.SZ,南方国证交通运输行业ETF,国证交通运输行业,2024,241,0.133,
159662.SZ,南方国证交通运输行业ETF,国证交通运输行业,2025,243,0.0798,
159662.SZ,南方国证交通运输行业ETF,国证交通运输行业,2026,177,0.0739,
159663.SZ,华夏中证机床ETF,中证机床,2023,242,0.1922,
159663.SZ,华夏中证机床ETF,中证机床,2024,242,0.1352,
159663.SZ,华夏中证机床ETF,中证机床,2025,243,0.1282,
159663.SZ,华夏中证机床ETF,中证机床,2026,177,0.7349,Y
159665.SZ,工银瑞信国证半导体芯片ETF,国证半导体芯片,2023,239,0.3483,
159665.SZ,工银瑞信国证半导体芯片ETF,国证半导体芯片,2024,242,0.2351,
159665.SZ,工银瑞信国证半导体芯片ETF,国证半导体芯片,2025,243,0.2938,
159665.SZ,工银瑞信国证半导体芯片ETF,国证半导体芯片,2026,177,0.5552,Y
159666.SZ,华夏中证全指运输ETF,中证全指运输,2023,218,0.0733,
159666.SZ,华夏中证全指运输ETF,中证全指运输,2024,242,0.0416,
159666.SZ,华夏中证全指运输ETF,中证全指运输,2025,243,0.0663,
159666.SZ,华夏中证全指运输ETF,中证全指运输,2026,177,0.1746,
159667.SZ,国泰中证机床ETF,中证机床,2023,242,0.4795,
159667.SZ,国泰中证机床ETF,中证机床,2024,242,0.4378,
159667.SZ,国泰中证机床ETF,中证机床,2025,243,0.6092,Y
159667.SZ,国泰中证机床ETF,中证机床,2026,177,2.0487,Y
159669.SZ,国泰国证绿色电力ETF,国证绿色电力,2023,236,0.1312,
159669.SZ,国泰国证绿色电力ETF,国证绿色电力,2024,242,0.0991,
159669.SZ,国泰国证绿色电力ETF,国证绿色电力,2025,243,0.0393,
159669.SZ,国泰国证绿色电力ETF,国证绿色电力,2026,177,0.0747,
159670.SZ,国联安中证消费50ETF,中证消费50,2023,161,0.0501,
159670.SZ,国联安中证消费50ETF,中证消费50,2024,242,0.0546,
159670.SZ,国联安中证消费50ETF,中证消费50,2025,243,0.0336,
159670.SZ,国联安中证消费50ETF,中证消费50,2026,177,0.0346,
159671.SZ,工银瑞信中证稀有金属主题ETF,中证稀有金属主题,2023,199,0.4132,
159671.SZ,工银瑞信中证稀有金属主题ETF,中证稀有金属主题,2024,242,0.2432,
159671.SZ,工银瑞信中证稀有金属主题ETF,中证稀有金属主题,2025,243,0.2226,
159671.SZ,工银瑞信中证稀有金属主题ETF,中证稀有金属主题,2026,177,0.6824,Y
159672.SZ,博时中证主要消费ETF,中证主要消费,2023,183,0.0666,
159672.SZ,博时中证主要消费ETF,中证主要消费,2024,242,0.0648,
159672.SZ,博时中证主要消费ETF,中证主要消费,2025,243,0.0428,
159672.SZ,博时中证主要消费ETF,中证主要消费,2026,177,0.0412,
159673.SZ,鹏华沪深300ETF,沪深300,2023,114,0.0533,
159673.SZ,鹏华沪深300ETF,沪深300,2024,242,0.361,
159673.SZ,鹏华沪深300ETF,沪深300,2025,243,0.5703,Y
159673.SZ,鹏华沪深300ETF,沪深300,2026,177,0.6801,Y
159675.SZ,嘉实创业板增强策略ETF,创业板,2023,242,0.1499,
159675.SZ,嘉实创业板增强策略ETF,创业板,2024,242,0.1074,
159675.SZ,嘉实创业板增强策略ETF,创业板,2025,243,0.0749,
159675.SZ,嘉实创业板增强策略ETF,创业板,2026,177,0.0763,
159676.SZ,富国创业板增强策略ETF,创业板,2023,177,0.2192,
159676.SZ,富国创业板增强策略ETF,创业板,2024,242,0.083,
159676.SZ,富国创业板增强策略ETF,创业板,2025,243,0.0842,
159676.SZ,富国创业板增强策略ETF,创业板,2026,177,0.1278,
159677.SZ,银华中证1000增强策略ETF,中证1000,2023,242,0.354,
159677.SZ,银华中证1000增强策略ETF,中证1000,2024,242,0.2289,
159677.SZ,银华中证1000增强策略ETF,中证1000,2025,242,0.1073,
159677.SZ,银华中证1000增强策略ETF,中证1000,2026,176,0.1042,
159678.SZ,博时中证500增强策略ETF,中证500,2023,208,0.0862,
159678.SZ,博时中证500增强策略ETF,中证500,2024,242,0.0425,
159678.SZ,博时中证500增强策略ETF,中证500,2025,243,0.0342,
159678.SZ,博时中证500增强策略ETF,中证500,2026,177,0.0635,
159679.SZ,国泰中证1000增强策略ETF,中证1000,2023,211,0.2508,
159679.SZ,国泰中证1000增强策略ETF,中证1000,2024,242,0.0823,
159679.SZ,国泰中证1000增强策略ETF,中证1000,2025,243,0.0395,
159679.SZ,国泰中证1000增强策略ETF,中证1000,2026,177,0.0568,
159680.SZ,招商中证1000增强策略ETF,中证1000,2023,242,0.392,
159680.SZ,招商中证1000增强策略ETF,中证1000,2024,242,0.2378,
159680.SZ,招商中证1000增强策略ETF,中证1000,2025,243,0.3094,
159680.SZ,招商中证1000增强策略ETF,中证1000,2026,177,0.7666,Y
159681.SZ,鹏华创业板50ETF,创业板50,2023,242,0.6432,Y
159681.SZ,鹏华创业板50ETF,创业板50,2024,242,0.3584,
159681.SZ,鹏华创业板50ETF,创业板50,2025,243,1.1105,Y
159681.SZ,鹏华创业板50ETF,创业板50,2026,177,1.3787,Y
159682.SZ,景顺长城创业板50ETF,创业板50,2023,242,2.2568,Y
159682.SZ,景顺长城创业板50ETF,创业板50,2024,242,2.5038,Y
159682.SZ,景顺长城创业板50ETF,创业板50,2025,243,2.4803,Y
159682.SZ,景顺长城创业板50ETF,创业板50,2026,177,3.3515,Y
159683.SZ,嘉实中证内地运输主题ETF,中证内地运输主题,2023,238,0.0988,
159683.SZ,嘉实中证内地运输主题ETF,中证内地运输主题,2024,242,0.0457,
159685.SZ,天弘中证1000增强策略ETF,中证1000,2023,183,0.1863,
159685.SZ,天弘中证1000增强策略ETF,中证1000,2024,241,0.0689,
159685.SZ,天弘中证1000增强策略ETF,中证1000,2025,242,0.0284,
159685.SZ,天弘中证1000增强策略ETF,中证1000,2026,177,0.0368,
159686.SZ,易方达中证A100ETF,中证A100,2023,112,0.0369,
159686.SZ,易方达中证A100ETF,中证A100,2024,241,0.0087,
159686.SZ,易方达中证A100ETF,中证A100,2025,243,0.0236,
159686.SZ,易方达中证A100ETF,中证A100,2026,177,0.0991,
159687.SZ,南方基金南方东英富时亚太精选ETF(QDII),经估值汇率调整的富时亚太精选,2023,242,0.081,
159687.SZ,南方基金南方东英富时亚太精选ETF(QDII),经估值汇率调整的富时亚太精选,2024,242,0.6873,Y
159687.SZ,南方基金南方东英富时亚太精选ETF(QDII),经估值汇率调整的富时亚太精选,2025,240,3.2789,Y
159687.SZ,南方基金南方东英富时亚太精选ETF(QDII),经估值汇率调整的富时亚太精选,2026,177,3.3516,Y
159688.SZ,华安恒生互联网科技业ETF(QDII),恒生互联网科技业,2023,216,0.9741,Y
159688.SZ,华安恒生互联网科技业ETF(QDII),恒生互联网科技业,2024,242,1.2426,Y
159688.SZ,华安恒生互联网科技业ETF(QDII),恒生互联网科技业,2025,243,2.471,Y
159688.SZ,华安恒生互联网科技业ETF(QDII),恒生互联网科技业,2026,177,1.3077,Y
159689.SZ,南方中证主要消费ETF,中证主要消费,2023,198,0.0869,
159689.SZ,南方中证主要消费ETF,中证主要消费,2024,241,0.0482,
159689.SZ,南方中证主要消费ETF,中证主要消费,2025,243,0.0327,
159689.SZ,南方中证主要消费ETF,中证主要消费,2026,177,0.0269,
159690.SZ,招商中证有色金属矿业主题ETF,中证有色金属矿业主题,2023,121,0.0311,
159690.SZ,招商中证有色金属矿业主题ETF,中证有色金属矿业主题,2024,241,0.0083,
159690.SZ,招商中证有色金属矿业主题ETF,中证有色金属矿业主题,2025,243,0.0566,
159690.SZ,招商中证有色金属矿业主题ETF,中证有色金属矿业主题,2026,177,0.451,
159691.SZ,工银瑞信中证港股通高股息精选ETF,经汇率调整后的中证港股通高股息精选,2023,170,0.2584,
159691.SZ,工银瑞信中证港股通高股息精选ETF,经汇率调整后的中证港股通高股息精选,2024,242,1.4158,Y
159691.SZ,工银瑞信中证港股通高股息精选ETF,经汇率调整后的中证港股通高股息精选,2025,243,2.0865,Y
159691.SZ,工银瑞信中证港股通高股息精选ETF,经汇率调整后的中证港股通高股息精选,2026,177,2.6156,Y
159692.SZ,东财中证证券公司30ETF,中证证券公司30,2023,151,0.2337,
159692.SZ,东财中证证券公司30ETF,中证证券公司30,2024,242,0.2306,
159692.SZ,东财中证证券公司30ETF,中证证券公司30,2025,243,0.4369,
159692.SZ,东财中证证券公司30ETF,中证证券公司30,2026,177,0.8407,Y
159693.SZ,华泰柏瑞中证有色金属矿业主题ETF,中证有色金属矿业主题,2024,97,0.0299,
159695.SZ,嘉实国证通信ETF,国证通信,2023,160,0.0803,
159695.SZ,嘉实国证通信ETF,国证通信,2024,242,0.0899,
159695.SZ,嘉实国证通信ETF,国证通信,2025,243,0.2007,
159695.SZ,嘉实国证通信ETF,国证通信,2026,177,0.5648,Y
159696.SZ,易方达纳斯达克100ETF(QDII),纳斯达克100,2023,85,0.0615,
159696.SZ,易方达纳斯达克100ETF(QDII),纳斯达克100,2024,242,0.1814,
159696.SZ,易方达纳斯达克100ETF(QDII),纳斯达克100,2025,243,1.1829,Y
159696.SZ,易方达纳斯达克100ETF(QDII),纳斯达克100,2026,177,0.7558,Y
159697.SZ,鹏华国证石油天然气ETF,国证石油天然气,2023,164,0.1692,
159697.SZ,鹏华国证石油天然气ETF,国证石油天然气,2024,242,0.108,
159697.SZ,鹏华国证石油天然气ETF,国证石油天然气,2025,243,0.0809,
159697.SZ,鹏华国证石油天然气ETF,国证石油天然气,2026,177,1.6196,Y
159698.SZ,鹏华国证粮食产业ETF,国证粮食产业,2023,90,0.0849,
159698.SZ,鹏华国证粮食产业ETF,国证粮食产业,2024,242,0.045,
159698.SZ,鹏华国证粮食产业ETF,国证粮食产业,2025,243,0.1774,
159698.SZ,鹏华国证粮食产业ETF,国证粮食产业,2026,177,0.8092,Y
159699.SZ,广发恒生消费ETF(QDII),恒生消费,2023,87,0.3016,
159699.SZ,广发恒生消费ETF(QDII),恒生消费,2024,242,0.4126,
159699.SZ,广发恒生消费ETF(QDII),恒生消费,2025,243,1.1511,Y
159699.SZ,广发恒生消费ETF(QDII),恒生消费,2026,177,0.4252,
159700.SZ,南方中证AAA科技创新公司债ETF,中证AAA科技创新公司债,2025,114,72.372,Y
159700.SZ,南方中证AAA科技创新公司债ETF,中证AAA科技创新公司债,2026,177,62.6308,Y
159701.SZ,招商中证物联网主题ETF,中证物联网主题,2022,242,0.0189,
159701.SZ,招商中证物联网主题ETF,中证物联网主题,2023,241,0.0416,
159701.SZ,招商中证物联网主题ETF,中证物联网主题,2024,242,0.0368,
159701.SZ,招商中证物联网主题ETF,中证物联网主题,2025,243,0.0205,
159701.SZ,招商中证物联网主题ETF,中证物联网主题,2026,177,0.0174,
159702.SZ,汇添富中证人工智能主题ETF,中证人工智能主题,2021,156,0.0358,
159702.SZ,汇添富中证人工智能主题ETF,中证人工智能主题,2022,212,0.0101,
159703.SZ,天弘中证新材料主题ETF,中证新材料主题,2021,141,0.1981,
159703.SZ,天弘中证新材料主题ETF,中证新材料主题,2022,242,0.0687,
159703.SZ,天弘中证新材料主题ETF,中证新材料主题,2023,242,0.0513,
159703.SZ,天弘中证新材料主题ETF,中证新材料主题,2024,242,0.058,
159703.SZ,天弘中证新材料主题ETF,中证新材料主题,2025,243,0.0426,
159703.SZ,天弘中证新材料主题ETF,中证新材料主题,2026,177,0.0543,
159706.SZ,华安深证100ETF,深证100,2022,242,0.0627,
159706.SZ,华安深证100ETF,深证100,2023,242,0.0435,
159706.SZ,华安深证100ETF,深证100,2024,242,0.0296,
159706.SZ,华安深证100ETF,深证100,2025,243,0.0216,
159706.SZ,华安深证100ETF,深证100,2026,177,0.037,
159707.SZ,华宝中证800地产ETF,中证800地产,2022,242,0.3453,
159707.SZ,华宝中证800地产ETF,中证800地产,2023,242,0.4511,
159707.SZ,华宝中证800地产ETF,中证800地产,2024,242,0.487,
159707.SZ,华宝中证800地产ETF,中证800地产,2025,243,0.3673,
159707.SZ,华宝中证800地产ETF,中证800地产,2026,177,0.695,Y
159708.SZ,西部利得深证红利ETF,深证红利,2021,124,0.1135,
159708.SZ,西部利得深证红利ETF,深证红利,2022,242,0.1066,
159708.SZ,西部利得深证红利ETF,深证红利,2023,242,0.163,
159708.SZ,西部利得深证红利ETF,深证红利,2024,242,0.1816,
159708.SZ,西部利得深证红利ETF,深证红利,2025,243,0.1396,
159708.SZ,西部利得深证红利ETF,深证红利,2026,177,0.1194,
159709.SZ,工银瑞信深证物联网50ETF,深证物联网50,2021,124,0.0658,
159709.SZ,工银瑞信深证物联网50ETF,深证物联网50,2022,242,0.0055,
159709.SZ,工银瑞信深证物联网50ETF,深证物联网50,2023,242,0.0036,
159709.SZ,工银瑞信深证物联网50ETF,深证物联网50,2024,242,0.004,
159709.SZ,工银瑞信深证物联网50ETF,深证物联网50,2025,243,0.0079,
159709.SZ,工银瑞信深证物联网50ETF,深证物联网50,2026,177,0.0094,
159710.SZ,建信中证智能电动汽车ETF,中证智能电动汽车,2021,98,0.0451,
159710.SZ,建信中证智能电动汽车ETF,中证智能电动汽车,2022,242,0.0086,
159710.SZ,建信中证智能电动汽车ETF,中证智能电动汽车,2023,242,0.0078,
159711.SZ,华夏中证港股通50ETF,中证港股通50,2022,242,0.0416,
159711.SZ,华夏中证港股通50ETF,中证港股通50,2023,242,0.0088,
159711.SZ,华夏中证港股通50ETF,中证港股通50,2024,241,0.0174,
159711.SZ,华夏中证港股通50ETF,中证港股通50,2025,243,0.1572,
159711.SZ,华夏中证港股通50ETF,中证港股通50,2026,177,0.2778,
159712.SZ,国泰中证港股通50ETF,中证港股通50,2022,242,0.1666,
159712.SZ,国泰中证港股通50ETF,中证港股通50,2023,242,0.0355,
159712.SZ,国泰中证港股通50ETF,中证港股通50,2024,242,0.0293,
159712.SZ,国泰中证港股通50ETF,中证港股通50,2025,243,0.305,
159712.SZ,国泰中证港股通50ETF,中证港股通50,2026,177,0.2129,
159713.SZ,富国中证稀土产业ETF,中证稀土产业,2021,93,0.4274,
159713.SZ,富国中证稀土产业ETF,中证稀土产业,2022,242,0.3978,
159713.SZ,富国中证稀土产业ETF,中证稀土产业,2023,242,0.261,
159713.SZ,富国中证稀土产业ETF,中证稀土产业,2024,242,0.1985,
159713.SZ,富国中证稀土产业ETF,中证稀土产业,2025,243,0.8953,Y
159713.SZ,富国中证稀土产业ETF,中证稀土产业,2026,177,1.0844,Y
159715.SZ,易方达中证稀土产业ETF,中证稀土产业,2021,74,0.4498,
159715.SZ,易方达中证稀土产业ETF,中证稀土产业,2022,242,0.3118,
159715.SZ,易方达中证稀土产业ETF,中证稀土产业,2023,242,0.1304,
159715.SZ,易方达中证稀土产业ETF,中证稀土产业,2024,242,0.0921,
159715.SZ,易方达中证稀土产业ETF,中证稀土产业,2025,243,0.4204,
159715.SZ,易方达中证稀土产业ETF,中证稀土产业,2026,177,0.965,Y
159716.SZ,华宝深证100ETF,深证100,2021,128,0.1056,
159716.SZ,华宝深证100ETF,深证100,2022,242,0.0185,
159716.SZ,华宝深证100ETF,深证100,2023,242,0.0182,
159716.SZ,华宝深证100ETF,深证100,2024,242,0.0394,
159716.SZ,华宝深证100ETF,深证100,2025,238,0.0223,
159716.SZ,华宝深证100ETF,深证100,2026,177,0.0289,
159717.SZ,鹏华国证ESG300ETF,国证ESG300,2021,63,0.0742,
159717.SZ,鹏华国证ESG300ETF,国证ESG300,2022,242,0.0053,
159717.SZ,鹏华国证ESG300ETF,国证ESG300,2023,241,0.0053,
159717.SZ,鹏华国证ESG300ETF,国证ESG300,2024,241,0.026,
159717.SZ,鹏华国证ESG300ETF,国证ESG300,2025,243,0.0091,
159717.SZ,鹏华国证ESG300ETF,国证ESG300,2026,177,0.0156,
159718.SZ,平安中证港股通医药卫生综合ETF,中证港股通医药卫生综合,2022,242,0.0696,
159718.SZ,平安中证港股通医药卫生综合ETF,中证港股通医药卫生综合,2023,242,0.1262,
159718.SZ,平安中证港股通医药卫生综合ETF,中证港股通医药卫生综合,2024,242,0.2647,
159718.SZ,平安中证港股通医药卫生综合ETF,中证港股通医药卫生综合,2025,243,0.7922,Y
159718.SZ,平安中证港股通医药卫生综合ETF,中证港股通医药卫生综合,2026,177,0.3546,
159719.SZ,平安富时中国国企开放共赢ETF,富时中国国企开放共赢,2022,239,0.0029,
159719.SZ,平安富时中国国企开放共赢ETF,富时中国国企开放共赢,2023,241,0.1212,
159719.SZ,平安富时中国国企开放共赢ETF,富时中国国企开放共赢,2024,242,0.2132,
159719.SZ,平安富时中国国企开放共赢ETF,富时中国国企开放共赢,2025,243,0.0934,
159719.SZ,平安富时中国国企开放共赢ETF,富时中国国企开放共赢,2026,177,0.0567,
159720.SZ,泰康中证智能电动汽车ETF,中证智能电动汽车,2021,112,0.3386,
159720.SZ,泰康中证智能电动汽车ETF,中证智能电动汽车,2022,242,0.1486,
159720.SZ,泰康中证智能电动汽车ETF,中证智能电动汽车,2023,242,0.0659,
159720.SZ,泰康中证智能电动汽车ETF,中证智能电动汽车,2024,242,0.0224,
159720.SZ,泰康中证智能电动汽车ETF,中证智能电动汽车,2025,243,0.0183,
159720.SZ,泰康中证智能电动汽车ETF,中证智能电动汽车,2026,177,0.0123,
159721.SZ,永赢深证100ETF,深证100,2021,129,0.0952,
159721.SZ,永赢深证100ETF,深证100,2022,242,0.0319,
159721.SZ,永赢深证100ETF,深证100,2023,242,0.016,
159721.SZ,永赢深证100ETF,深证100,2024,242,0.0144,
159721.SZ,永赢深证100ETF,深证100,2025,239,0.0103,
159721.SZ,永赢深证100ETF,深证100,2026,177,0.0268,
159723.SZ,汇添富中证沪港深科技龙头ETF,中证沪港深科技龙头,2022,242,0.0305,
159723.SZ,汇添富中证沪港深科技龙头ETF,中证沪港深科技龙头,2023,242,0.0261,
159723.SZ,汇添富中证沪港深科技龙头ETF,中证沪港深科技龙头,2024,241,0.0323,
159723.SZ,汇添富中证沪港深科技龙头ETF,中证沪港深科技龙头,2025,243,0.0288,
159723.SZ,汇添富中证沪港深科技龙头ETF,中证沪港深科技龙头,2026,177,0.0175,
159725.SZ,工银瑞信中证线上消费主题ETF,中证线上消费主题,2021,124,0.0244,
159725.SZ,工银瑞信中证线上消费主题ETF,中证线上消费主题,2022,242,0.0067,
159725.SZ,工银瑞信中证线上消费主题ETF,中证线上消费主题,2023,242,0.0145,
159725.SZ,工银瑞信中证线上消费主题ETF,中证线上消费主题,2024,242,0.0275,
159725.SZ,工银瑞信中证线上消费主题ETF,中证线上消费主题,2025,243,0.0321,
159725.SZ,工银瑞信中证线上消费主题ETF,中证线上消费主题,2026,177,0.1214,
159726.SZ,华夏恒生港股通中国内地企业红利ETF,经估值汇率调整后的恒生港股通中国内地企业红利,2022,242,0.1501,
159726.SZ,华夏恒生港股通中国内地企业红利ETF,经估值汇率调整后的恒生港股通中国内地企业红利,2023,242,0.0363,
159726.SZ,华夏恒生港股通中国内地企业红利ETF,经估值汇率调整后的恒生港股通中国内地企业红利,2024,242,0.3297,
159726.SZ,华夏恒生港股通中国内地企业红利ETF,经估值汇率调整后的恒生港股通中国内地企业红利,2025,243,0.2435,
159726.SZ,华夏恒生港股通中国内地企业红利ETF,经估值汇率调整后的恒生港股通中国内地企业红利,2026,177,0.1811,
159728.SZ,南方国证在线消费ETF,国证在线消费,2022,237,0.0291,
159728.SZ,南方国证在线消费ETF,国证在线消费,2023,242,0.035,
159728.SZ,南方国证在线消费ETF,国证在线消费,2024,240,0.0352,
159728.SZ,南方国证在线消费ETF,国证在线消费,2025,242,0.0661,
159728.SZ,南方国证在线消费ETF,国证在线消费,2026,177,0.0813,
159729.SZ,汇添富中证沪港深互联网ETF,中证沪港深互联网,2021,111,0.0306,
159729.SZ,汇添富中证沪港深互联网ETF,中证沪港深互联网,2022,242,0.0148,
159729.SZ,汇添富中证沪港深互联网ETF,中证沪港深互联网,2023,242,0.0152,
159729.SZ,汇添富中证沪港深互联网ETF,中证沪港深互联网,2024,242,0.0123,
159729.SZ,汇添富中证沪港深互联网ETF,中证沪港深互联网,2025,243,0.0171,
159729.SZ,汇添富中证沪港深互联网ETF,中证沪港深互联网,2026,177,0.0112,
159730.SZ,博时国证龙头家电ETF,国证龙头家电,2022,242,0.0896,
159730.SZ,博时国证龙头家电ETF,国证龙头家电,2023,242,0.0591,
159730.SZ,博时国证龙头家电ETF,国证龙头家电,2024,242,0.0631,
159730.SZ,博时国证龙头家电ETF,国证龙头家电,2025,243,0.0364,
159730.SZ,博时国证龙头家电ETF,国证龙头家电,2026,176,0.0169,
159731.SZ,华夏中证石化产业ETF,中证石化产业,2022,242,0.0256,
159731.SZ,华夏中证石化产业ETF,中证石化产业,2023,242,0.0171,
159731.SZ,华夏中证石化产业ETF,中证石化产业,2024,241,0.0087,
159731.SZ,华夏中证石化产业ETF,中证石化产业,2025,243,0.0345,
159731.SZ,华夏中证石化产业ETF,中证石化产业,2026,177,1.1326,Y
159732.SZ,华夏国证消费电子主题ETF,国证消费电子主题,2021,88,0.0952,
159732.SZ,华夏国证消费电子主题ETF,国证消费电子主题,2022,242,0.0647,
159732.SZ,华夏国证消费电子主题ETF,国证消费电子主题,2023,242,0.1975,
159732.SZ,华夏国证消费电子主题ETF,国证消费电子主题,2024,242,0.8646,Y
159732.SZ,华夏国证消费电子主题ETF,国证消费电子主题,2025,243,2.051,Y
159732.SZ,华夏国证消费电子主题ETF,国证消费电子主题,2026,177,3.4631,Y
159733.SZ,景顺长城中证消费电子主题ETF,中证消费电子主题,2021,63,0.1733,
159733.SZ,景顺长城中证消费电子主题ETF,中证消费电子主题,2022,242,0.059,
159733.SZ,景顺长城中证消费电子主题ETF,中证消费电子主题,2023,241,0.0441,
159735.SZ,银华中证港股通消费主题ETF,中证港股通消费主题,2021,143,0.0867,
159735.SZ,银华中证港股通消费主题ETF,中证港股通消费主题,2022,242,0.1863,
159735.SZ,银华中证港股通消费主题ETF,中证港股通消费主题,2023,242,0.2508,
159735.SZ,银华中证港股通消费主题ETF,中证港股通消费主题,2024,242,0.2068,
159735.SZ,银华中证港股通消费主题ETF,中证港股通消费主题,2025,243,0.9506,Y
159735.SZ,银华中证港股通消费主题ETF,中证港股通消费主题,2026,177,0.4785,
159736.SZ,天弘中证食品饮料ETF,中证食品饮料,2021,65,0.3759,
159736.SZ,天弘中证食品饮料ETF,中证食品饮料,2022,242,0.3194,
159736.SZ,天弘中证食品饮料ETF,中证食品饮料,2023,242,0.333,
159736.SZ,天弘中证食品饮料ETF,中证食品饮料,2024,242,0.2429,
159736.SZ,天弘中证食品饮料ETF,中证食品饮料,2025,243,0.1936,
159736.SZ,天弘中证食品饮料ETF,中证食品饮料,2026,177,0.2575,
159738.SZ,华泰柏瑞中证沪港深云计算产业ETF,中证沪港深云计算产业,2022,224,0.1296,
159738.SZ,华泰柏瑞中证沪港深云计算产业ETF,中证沪港深云计算产业,2023,242,0.0549,
159738.SZ,华泰柏瑞中证沪港深云计算产业ETF,中证沪港深云计算产业,2024,242,0.0355,
159738.SZ,华泰柏瑞中证沪港深云计算产业ETF,中证沪港深云计算产业,2025,243,0.2786,
159738.SZ,华泰柏瑞中证沪港深云计算产业ETF,中证沪港深云计算产业,2026,177,0.2523,
159739.SZ,鹏华中证云计算与大数据主题ETF,中证云计算与大数据主题,2022,242,0.0548,
159739.SZ,鹏华中证云计算与大数据主题ETF,中证云计算与大数据主题,2023,242,0.1571,
159739.SZ,鹏华中证云计算与大数据主题ETF,中证云计算与大数据主题,2024,242,0.1465,
159739.SZ,鹏华中证云计算与大数据主题ETF,中证云计算与大数据主题,2025,243,0.2576,
159739.SZ,鹏华中证云计算与大数据主题ETF,中证云计算与大数据主题,2026,177,0.2614,
159740.SZ,大成恒生科技ETF(QDII),恒生科技,2021,149,0.2248,
159740.SZ,大成恒生科技ETF(QDII),恒生科技,2022,242,1.8293,Y
159740.SZ,大成恒生科技ETF(QDII),恒生科技,2023,242,3.8913,Y
159740.SZ,大成恒生科技ETF(QDII),恒生科技,2024,242,6.7481,Y
159740.SZ,大成恒生科技ETF(QDII),恒生科技,2025,243,19.626,Y
159740.SZ,大成恒生科技ETF(QDII),恒生科技,2026,177,14.949,Y
159741.SZ,嘉实恒生科技ETF(QDII),恒生科技,2021,144,0.1565,
159741.SZ,嘉实恒生科技ETF(QDII),恒生科技,2022,242,0.4866,
159741.SZ,嘉实恒生科技ETF(QDII),恒生科技,2023,242,0.7213,Y
159741.SZ,嘉实恒生科技ETF(QDII),恒生科技,2024,242,0.8588,Y
159741.SZ,嘉实恒生科技ETF(QDII),恒生科技,2025,243,1.4631,Y
159741.SZ,嘉实恒生科技ETF(QDII),恒生科技,2026,177,1.2929,Y
159742.SZ,博时恒生科技ETF(QDII),恒生科技,2021,151,0.2619,
159742.SZ,博时恒生科技ETF(QDII),恒生科技,2022,242,1.0237,Y
159742.SZ,博时恒生科技ETF(QDII),恒生科技,2023,242,1.3744,Y
159742.SZ,博时恒生科技ETF(QDII),恒生科技,2024,242,1.7341,Y
159742.SZ,博时恒生科技ETF(QDII),恒生科技,2025,243,3.3873,Y
159742.SZ,博时恒生科技ETF(QDII),恒生科技,2026,177,2.0877,Y
159743.SZ,博时中证湖北新旧动能转换ETF,中证湖北新旧动能转换,2022,237,0.0266,
159743.SZ,博时中证湖北新旧动能转换ETF,中证湖北新旧动能转换,2023,242,0.0262,
159743.SZ,博时中证湖北新旧动能转换ETF,中证湖北新旧动能转换,2024,242,0.0155,
159743.SZ,博时中证湖北新旧动能转换ETF,中证湖北新旧动能转换,2025,243,0.0105,
159743.SZ,博时中证湖北新旧动能转换ETF,中证湖北新旧动能转换,2026,177,0.0143,
159745.SZ,国泰中证全指建筑材料ETF,中证全指建筑材料,2021,134,0.4414,
159745.SZ,国泰中证全指建筑材料ETF,中证全指建筑材料,2022,242,0.5222,Y
159745.SZ,国泰中证全指建筑材料ETF,中证全指建筑材料,2023,242,0.5817,Y
159745.SZ,国泰中证全指建筑材料ETF,中证全指建筑材料,2024,242,0.3904,
159745.SZ,国泰中证全指建筑材料ETF,中证全指建筑材料,2025,243,0.6256,Y
159745.SZ,国泰中证全指建筑材料ETF,中证全指建筑材料,2026,177,0.9423,Y
159747.SZ,南方中证香港科技ETF(QDII),中证香港科技,2021,116,0.2375,
159747.SZ,南方中证香港科技ETF(QDII),中证香港科技,2022,242,0.5009,Y
159747.SZ,南方中证香港科技ETF(QDII),中证香港科技,2023,242,0.5369,Y
159747.SZ,南方中证香港科技ETF(QDII),中证香港科技,2024,242,0.5723,Y
159747.SZ,南方中证香港科技ETF(QDII),中证香港科技,2025,243,1.686,Y
159747.SZ,南方中证香港科技ETF(QDII),中证香港科技,2026,177,0.7184,Y
159748.SZ,富国中证沪港深创新药产业ETF,中证沪港深创新药产业,2022,242,0.1063,
159748.SZ,富国中证沪港深创新药产业ETF,中证沪港深创新药产业,2023,242,0.1176,
159748.SZ,富国中证沪港深创新药产业ETF,中证沪港深创新药产业,2024,242,0.0561,
159748.SZ,富国中证沪港深创新药产业ETF,中证沪港深创新药产业,2025,243,0.1969,
159748.SZ,富国中证沪港深创新药产业ETF,中证沪港深创新药产业,2026,177,0.5881,Y
159750.SZ,招商中证香港科技ETF(QDII),中证香港科技,2022,218,0.4791,
159750.SZ,招商中证香港科技ETF(QDII),中证香港科技,2023,241,0.2728,
159750.SZ,招商中证香港科技ETF(QDII),中证香港科技,2024,242,0.2558,
159750.SZ,招商中证香港科技ETF(QDII),中证香港科技,2025,243,1.2315,Y
159750.SZ,招商中证香港科技ETF(QDII),中证香港科技,2026,177,0.8207,Y
159751.SZ,鹏华中证港股通科技ETF,中证港股通科技,2022,242,0.085,
159751.SZ,鹏华中证港股通科技ETF,中证港股通科技,2023,242,0.0475,
159751.SZ,鹏华中证港股通科技ETF,中证港股通科技,2024,242,0.2314,
159751.SZ,鹏华中证港股通科技ETF,中证港股通科技,2025,243,1.6473,Y
159751.SZ,鹏华中证港股通科技ETF,中证港股通科技,2026,177,0.5697,Y
159752.SZ,申万菱信中证内地新能源主题ETF,中证内地新能源主题,2021,106,0.1509,
159752.SZ,申万菱信中证内地新能源主题ETF,中证内地新能源主题,2022,242,0.0813,
159752.SZ,申万菱信中证内地新能源主题ETF,中证内地新能源主题,2023,242,0.1063,
159752.SZ,申万菱信中证内地新能源主题ETF,中证内地新能源主题,2024,242,0.1061,
159752.SZ,申万菱信中证内地新能源主题ETF,中证内地新能源主题,2025,243,0.1248,
159752.SZ,申万菱信中证内地新能源主题ETF,中证内地新能源主题,2026,177,0.1448,
159755.SZ,广发国证新能源车电池ETF,国证新能源车电池,2021,130,1.9805,Y
159755.SZ,广发国证新能源车电池ETF,国证新能源车电池,2022,242,1.417,Y
159755.SZ,广发国证新能源车电池ETF,国证新能源车电池,2023,242,1.8745,Y
159755.SZ,广发国证新能源车电池ETF,国证新能源车电池,2024,242,1.1231,Y
159755.SZ,广发国证新能源车电池ETF,国证新能源车电池,2025,243,5.0047,Y
159755.SZ,广发国证新能源车电池ETF,国证新能源车电池,2026,177,6.2292,Y
159757.SZ,景顺长城国证新能源车电池ETF,国证新能源车电池,2021,98,0.5466,Y
159757.SZ,景顺长城国证新能源车电池ETF,国证新能源车电池,2022,242,0.5739,Y
159757.SZ,景顺长城国证新能源车电池ETF,国证新能源车电池,2023,242,0.3123,
159757.SZ,景顺长城国证新能源车电池ETF,国证新能源车电池,2024,242,0.1433,
159757.SZ,景顺长城国证新能源车电池ETF,国证新能源车电池,2025,243,0.2098,
159757.SZ,景顺长城国证新能源车电池ETF,国证新能源车电池,2026,177,0.1883,
159758.SZ,华夏中证红利质量ETF,中证红利质量,2022,242,0.0203,
159758.SZ,华夏中证红利质量ETF,中证红利质量,2023,242,0.0395,
159758.SZ,华夏中证红利质量ETF,中证红利质量,2024,242,0.13,
159758.SZ,华夏中证红利质量ETF,中证红利质量,2025,243,0.2692,
159758.SZ,华夏中证红利质量ETF,中证红利质量,2026,177,0.9278,Y
159760.SZ,泰康国证公共卫生与医疗健康ETF,国证公共卫生与医疗健康,2022,242,0.1444,
159760.SZ,泰康国证公共卫生与医疗健康ETF,国证公共卫生与医疗健康,2023,242,0.0933,
159760.SZ,泰康国证公共卫生与医疗健康ETF,国证公共卫生与医疗健康,2024,242,0.0404,
159760.SZ,泰康国证公共卫生与医疗健康ETF,国证公共卫生与医疗健康,2025,243,0.0192,
159760.SZ,泰康国证公共卫生与医疗健康ETF,国证公共卫生与医疗健康,2026,177,0.0166,
159761.SZ,国泰中证新材料主题ETF,中证新材料主题,2022,242,0.2018,
159761.SZ,国泰中证新材料主题ETF,中证新材料主题,2023,242,0.1882,
159761.SZ,国泰中证新材料主题ETF,中证新材料主题,2024,242,0.113,
159761.SZ,国泰中证新材料主题ETF,中证新材料主题,2025,243,0.0874,
159761.SZ,国泰中证新材料主题ETF,中证新材料主题,2026,177,0.1321,
159763.SZ,建信中证新材料主题ETF,中证新材料主题,2021,73,0.0548,
159763.SZ,建信中证新材料主题ETF,中证新材料主题,2022,242,0.0045,
159763.SZ,建信中证新材料主题ETF,中证新材料主题,2023,242,0.0056,
159763.SZ,建信中证新材料主题ETF,中证新材料主题,2024,242,0.0062,
159763.SZ,建信中证新材料主题ETF,中证新材料主题,2025,243,0.0159,
159763.SZ,建信中证新材料主题ETF,中证新材料主题,2026,177,0.0607,
159766.SZ,富国中证旅游主题ETF,中证旅游主题,2021,109,0.2557,
159766.SZ,富国中证旅游主题ETF,中证旅游主题,2022,242,1.8326,Y
159766.SZ,富国中证旅游主题ETF,中证旅游主题,2023,242,1.5672,Y
159766.SZ,富国中证旅游主题ETF,中证旅游主题,2024,242,1.0127,Y
159766.SZ,富国中证旅游主题ETF,中证旅游主题,2025,243,2.0238,Y
159766.SZ,富国中证旅游主题ETF,中证旅游主题,2026,177,2.5527,Y
159767.SZ,兴银国证新能源车电池ETF,国证新能源车电池,2021,88,0.1627,
159767.SZ,兴银国证新能源车电池ETF,国证新能源车电池,2022,242,0.0673,
159767.SZ,兴银国证新能源车电池ETF,国证新能源车电池,2023,242,0.0376,
159767.SZ,兴银国证新能源车电池ETF,国证新能源车电池,2024,242,0.0293,
159767.SZ,兴银国证新能源车电池ETF,国证新能源车电池,2025,243,0.1486,
159767.SZ,兴银国证新能源车电池ETF,国证新能源车电池,2026,177,0.0993,
159768.SZ,银华中证内地地产主题ETF,中证内地地产主题,2022,216,0.4449,
159768.SZ,银华中证内地地产主题ETF,中证内地地产主题,2023,242,0.3691,
159768.SZ,银华中证内地地产主题ETF,中证内地地产主题,2024,242,0.3887,
159768.SZ,银华中证内地地产主题ETF,中证内地地产主题,2025,243,0.3671,
159768.SZ,银华中证内地地产主题ETF,中证内地地产主题,2026,177,0.371,
159769.SZ,银华中证消费电子主题ETF,中证消费电子主题,2022,205,0.0265,
159769.SZ,银华中证消费电子主题ETF,中证消费电子主题,2023,242,0.0122,
159769.SZ,银华中证消费电子主题ETF,中证消费电子主题,2024,119,0.0237,
159770.SZ,天弘中证机器人ETF,中证机器人,2022,242,0.1243,
159770.SZ,天弘中证机器人ETF,中证机器人,2023,242,0.1141,
159770.SZ,天弘中证机器人ETF,中证机器人,2024,242,0.3365,
159770.SZ,天弘中证机器人ETF,中证机器人,2025,243,3.2822,Y
159770.SZ,天弘中证机器人ETF,中证机器人,2026,177,2.6177,Y
159773.SZ,华泰柏瑞创业板科技ETF,创业板科技,2021,61,0.1316,
159773.SZ,华泰柏瑞创业板科技ETF,创业板科技,2022,242,0.0822,
159773.SZ,华泰柏瑞创业板科技ETF,创业板科技,2023,242,0.0334,
159773.SZ,华泰柏瑞创业板科技ETF,创业板科技,2024,242,0.1553,
159773.SZ,华泰柏瑞创业板科技ETF,创业板科技,2025,243,0.0872,
159773.SZ,华泰柏瑞创业板科技ETF,创业板科技,2026,177,0.0842,
159775.SZ,建信国证新能源车电池ETF,国证新能源车电池,2022,228,0.0316,
159775.SZ,建信国证新能源车电池ETF,国证新能源车电池,2023,242,0.0281,
159775.SZ,建信国证新能源车电池ETF,国证新能源车电池,2024,242,0.0328,
159775.SZ,建信国证新能源车电池ETF,国证新能源车电池,2025,243,0.2077,
159775.SZ,建信国证新能源车电池ETF,国证新能源车电池,2026,177,0.2426,
159776.SZ,银华中证港股通医药卫生综合ETF,中证港股通医药卫生综合,2022,189,0.617,Y
159776.SZ,银华中证港股通医药卫生综合ETF,中证港股通医药卫生综合,2023,242,0.699,Y
159776.SZ,银华中证港股通医药卫生综合ETF,中证港股通医药卫生综合,2024,242,0.2574,
159776.SZ,银华中证港股通医药卫生综合ETF,中证港股通医药卫生综合,2025,243,0.5432,Y
159776.SZ,银华中证港股通医药卫生综合ETF,中证港股通医药卫生综合,2026,177,0.2707,
159777.SZ,国联安创业板科技ETF,创业板科技,2022,242,0.0037,
159777.SZ,国联安创业板科技ETF,创业板科技,2023,242,0.0016,
159777.SZ,国联安创业板科技ETF,创业板科技,2024,240,0.1134,
159777.SZ,国联安创业板科技ETF,创业板科技,2025,243,0.0408,
159777.SZ,国联安创业板科技ETF,创业板科技,2026,177,0.0373,
159778.SZ,鹏华中证工业互联网主题ETF,中证工业互联网主题,2022,215,0.0307,
159778.SZ,鹏华中证工业互联网主题ETF,中证工业互联网主题,2023,242,0.014,
159778.SZ,鹏华中证工业互联网主题ETF,中证工业互联网主题,2024,242,0.0235,
159778.SZ,鹏华中证工业互联网主题ETF,中证工业互联网主题,2025,243,0.0128,
159778.SZ,鹏华中证工业互联网主题ETF,中证工业互联网主题,2026,177,0.0258,
159779.SZ,招商中证消费电子主题ETF,中证消费电子主题,2022,242,0.0226,
159779.SZ,招商中证消费电子主题ETF,中证消费电子主题,2023,242,0.0452,
159779.SZ,招商中证消费电子主题ETF,中证消费电子主题,2024,242,0.0562,
159779.SZ,招商中证消费电子主题ETF,中证消费电子主题,2025,243,0.1085,
159779.SZ,招商中证消费电子主题ETF,中证消费电子主题,2026,177,0.1451,
159780.SZ,南方中证科创创业50ETF,中证科创创业50,2021,123,3.6237,Y
159780.SZ,南方中证科创创业50ETF,中证科创创业50,2022,242,1.2989,Y
159780.SZ,南方中证科创创业50ETF,中证科创创业50,2023,242,0.535,Y
159780.SZ,南方中证科创创业50ETF,中证科创创业50,2024,242,0.7595,Y
159780.SZ,南方中证科创创业50ETF,中证科创创业50,2025,243,1.0821,Y
159780.SZ,南方中证科创创业50ETF,中证科创创业50,2026,177,1.438,Y
159781.SZ,易方达中证科创创业50ETF,中证科创创业50,2021,123,8.0401,Y
159781.SZ,易方达中证科创创业50ETF,中证科创创业50,2022,242,3.3259,Y
159781.SZ,易方达中证科创创业50ETF,中证科创创业50,2023,242,0.8595,Y
159781.SZ,易方达中证科创创业50ETF,中证科创创业50,2024,242,1.283,Y
159781.SZ,易方达中证科创创业50ETF,中证科创创业50,2025,243,2.0293,Y
159781.SZ,易方达中证科创创业50ETF,中证科创创业50,2026,177,4.4659,Y
159782.SZ,银华中证科创创业50ETF,中证科创创业50,2021,121,0.3558,
159782.SZ,银华中证科创创业50ETF,中证科创创业50,2022,242,0.1581,
159782.SZ,银华中证科创创业50ETF,中证科创创业50,2023,242,0.1188,
159782.SZ,银华中证科创创业50ETF,中证科创创业50,2024,242,0.2265,
159782.SZ,银华中证科创创业50ETF,中证科创创业50,2025,243,0.2405,
159782.SZ,银华中证科创创业50ETF,中证科创创业50,2026,177,0.3508,
159783.SZ,华夏中证科创创业50ETF,中证科创创业50,2021,123,5.8345,Y
159783.SZ,华夏中证科创创业50ETF,中证科创创业50,2022,242,2.0313,Y
159783.SZ,华夏中证科创创业50ETF,中证科创创业50,2023,242,0.5396,Y
159783.SZ,华夏中证科创创业50ETF,中证科创创业50,2024,242,0.6631,Y
159783.SZ,华夏中证科创创业50ETF,中证科创创业50,2025,243,0.8495,Y
159783.SZ,华夏中证科创创业50ETF,中证科创创业50,2026,177,2.2055,Y
159786.SZ,银华中证虚拟现实主题ETF,中证虚拟现实主题,2021,99,0.165,
159786.SZ,银华中证虚拟现实主题ETF,中证虚拟现实主题,2022,242,0.1839,
159786.SZ,银华中证虚拟现实主题ETF,中证虚拟现实主题,2023,242,0.1908,
159786.SZ,银华中证虚拟现实主题ETF,中证虚拟现实主题,2024,242,0.0683,
159786.SZ,银华中证虚拟现实主题ETF,中证虚拟现实主题,2025,243,0.0984,
159786.SZ,银华中证虚拟现实主题ETF,中证虚拟现实主题,2026,177,0.1713,
159787.SZ,易方达中证全指建筑材料ETF,中证全指建筑材料,2022,197,0.0534,
159787.SZ,易方达中证全指建筑材料ETF,中证全指建筑材料,2023,242,0.0392,
159787.SZ,易方达中证全指建筑材料ETF,中证全指建筑材料,2024,242,0.024,
159787.SZ,易方达中证全指建筑材料ETF,中证全指建筑材料,2025,243,0.0692,
159787.SZ,易方达中证全指建筑材料ETF,中证全指建筑材料,2026,177,0.0283,
159788.SZ,易方达中证港股通中国100ETF,中证港股通中国100,2022,206,0.0773,
159788.SZ,易方达中证港股通中国100ETF,中证港股通中国100,2023,242,0.0324,
159788.SZ,易方达中证港股通中国100ETF,中证港股通中国100,2024,242,0.0404,
159788.SZ,易方达中证港股通中国100ETF,中证港股通中国100,2025,243,0.2425,
159788.SZ,易方达中证港股通中国100ETF,中证港股通中国100,2026,177,0.1288,
159789.SZ,建信中证饮料主题ETF,中证饮料主题,2022,242,0.0189,
159789.SZ,建信中证饮料主题ETF,中证饮料主题,2023,189,0.0232,
159790.SZ,华夏中证内地低碳经济主题ETF,中证内地低碳经济主题,2021,99,2.8151,Y
159790.SZ,华夏中证内地低碳经济主题ETF,中证内地低碳经济主题,2022,242,1.5148,Y
159790.SZ,华夏中证内地低碳经济主题ETF,中证内地低碳经济主题,2023,242,0.7385,Y
159790.SZ,华夏中证内地低碳经济主题ETF,中证内地低碳经济主题,2024,242,0.3282,
159790.SZ,华夏中证内地低碳经济主题ETF,中证内地低碳经济主题,2025,243,0.3681,
159790.SZ,华夏中证内地低碳经济主题ETF,中证内地低碳经济主题,2026,177,0.3406,
159791.SZ,华夏沪深300ESG基准ETF,沪深300ESG基准,2022,201,0.0295,
159791.SZ,华夏沪深300ESG基准ETF,沪深300ESG基准,2023,242,0.0152,
159791.SZ,华夏沪深300ESG基准ETF,沪深300ESG基准,2024,239,0.0179,
159791.SZ,华夏沪深300ESG基准ETF,沪深300ESG基准,2025,243,0.0162,
159791.SZ,华夏沪深300ESG基准ETF,沪深300ESG基准,2026,177,0.0189,
159792.SZ,富国中证港股通互联网ETF,中证港股通互联网,2021,64,0.3467,
159792.SZ,富国中证港股通互联网ETF,中证港股通互联网,2022,242,2.6193,Y
159792.SZ,富国中证港股通互联网ETF,中证港股通互联网,2023,242,5.8351,Y
159792.SZ,富国中证港股通互联网ETF,中证港股通互联网,2024,242,7.8685,Y
159792.SZ,富国中证港股通互联网ETF,中证港股通互联网,2025,243,25.0561,Y
159792.SZ,富国中证港股通互联网ETF,中证港股通互联网,2026,177,23.1887,Y
159793.SZ,平安中证沪港深线上消费主题ETF,中证沪港深线上消费主题,2022,242,0.0058,
159793.SZ,平安中证沪港深线上消费主题ETF,中证沪港深线上消费主题,2023,242,0.0048,
159793.SZ,平安中证沪港深线上消费主题ETF,中证沪港深线上消费主题,2024,241,0.0026,
159793.SZ,平安中证沪港深线上消费主题ETF,中证沪港深线上消费主题,2025,243,0.0116,
159793.SZ,平安中证沪港深线上消费主题ETF,中证沪港深线上消费主题,2026,177,0.0185,
159795.SZ,汇添富中证智能汽车主题ETF,中证智能汽车主题,2022,218,0.0744,
159795.SZ,汇添富中证智能汽车主题ETF,中证智能汽车主题,2023,242,0.0436,
159795.SZ,汇添富中证智能汽车主题ETF,中证智能汽车主题,2024,242,0.0355,
159795.SZ,汇添富中证智能汽车主题ETF,中证智能汽车主题,2025,243,0.0348,
159795.SZ,汇添富中证智能汽车主题ETF,中证智能汽车主题,2026,177,0.0424,
159796.SZ,汇添富中证电池主题ETF,中证电池主题,2022,198,0.1123,
159796.SZ,汇添富中证电池主题ETF,中证电池主题,2023,242,0.2008,
159796.SZ,汇添富中证电池主题ETF,中证电池主题,2024,242,0.2102,
159796.SZ,汇添富中证电池主题ETF,中证电池主题,2025,243,2.0325,Y
159796.SZ,汇添富中证电池主题ETF,中证电池主题,2026,177,3.2517,Y
159797.SZ,汇添富中证全指医疗器械ETF,中证全指医疗器械,2022,158,0.096,
159797.SZ,汇添富中证全指医疗器械ETF,中证全指医疗器械,2023,242,0.0384,
159797.SZ,汇添富中证全指医疗器械ETF,中证全指医疗器械,2024,242,0.0116,
159797.SZ,汇添富中证全指医疗器械ETF,中证全指医疗器械,2025,243,0.0687,
159797.SZ,汇添富中证全指医疗器械ETF,中证全指医疗器械,2026,177,0.0611,
159798.SZ,易方达中证消费50ETF,中证消费50,2022,161,0.1661,
159798.SZ,易方达中证消费50ETF,中证消费50,2023,242,0.0803,
159798.SZ,易方达中证消费50ETF,中证消费50,2024,242,0.0896,
159798.SZ,易方达中证消费50ETF,中证消费50,2025,243,0.0884,
159798.SZ,易方达中证消费50ETF,中证消费50,2026,177,0.1136,
159800.SZ,鹏华中证800ETF,中证800,2024,116,0.1373,
159800.SZ,鹏华中证800ETF,中证800,2025,243,0.0147,
159800.SZ,鹏华中证800ETF,中证800,2026,177,0.01,
159801.SZ,广发国证半导体芯片ETF,国证半导体芯片,2020,216,2.6936,Y
159801.SZ,广发国证半导体芯片ETF,国证半导体芯片,2021,243,0.7707,Y
159801.SZ,广发国证半导体芯片ETF,国证半导体芯片,2022,242,0.4177,
159801.SZ,广发国证半导体芯片ETF,国证半导体芯片,2023,242,0.6072,Y
159801.SZ,广发国证半导体芯片ETF,国证半导体芯片,2024,242,0.6384,Y
159801.SZ,广发国证半导体芯片ETF,国证半导体芯片,2025,243,1.2681,Y
159801.SZ,广发国证半导体芯片ETF,国证半导体芯片,2026,177,2.3713,Y
159802.SZ,广发中证800ETF,中证800,2020,86,0.0541,
159803.SZ,易方达中证浙江新动能ETF(QDII),中证浙江新动能,2020,150,0.02,
159803.SZ,易方达中证浙江新动能ETF(QDII),中证浙江新动能,2021,174,0.0032,
159804.SZ,国寿安保国证创业板中盘精选88ETF,国证创业板中盘精选88,2020,186,0.074,
159804.SZ,国寿安保国证创业板中盘精选88ETF,国证创业板中盘精选88,2021,243,0.0166,
159804.SZ,国寿安保国证创业板中盘精选88ETF,国证创业板中盘精选88,2022,242,0.0039,
159804.SZ,国寿安保国证创业板中盘精选88ETF,国证创业板中盘精选88,2023,242,0.0028,
159804.SZ,国寿安保国证创业板中盘精选88ETF,国证创业板中盘精选88,2024,242,0.0071,
159804.SZ,国寿安保国证创业板中盘精选88ETF,国证创业板中盘精选88,2025,243,0.0043,
159804.SZ,国寿安保国证创业板中盘精选88ETF,国证创业板中盘精选88,2026,177,0.0031,
159805.SZ,鹏华中证传媒ETF,中证传媒,2020,174,0.2822,
159805.SZ,鹏华中证传媒ETF,中证传媒,2021,243,0.1074,
159805.SZ,鹏华中证传媒ETF,中证传媒,2022,242,0.1198,
159805.SZ,鹏华中证传媒ETF,中证传媒,2023,242,0.2715,
159805.SZ,鹏华中证传媒ETF,中证传媒,2024,242,0.3165,
159805.SZ,鹏华中证传媒ETF,中证传媒,2025,243,0.2387,
159805.SZ,鹏华中证传媒ETF,中证传媒,2026,177,0.7475,Y
159806.SZ,国泰中证新能源汽车ETF,中证新能源汽车,2020,193,0.6485,Y
159806.SZ,国泰中证新能源汽车ETF,中证新能源汽车,2021,243,0.7961,Y
159806.SZ,国泰中证新能源汽车ETF,中证新能源汽车,2022,242,0.6175,Y
159806.SZ,国泰中证新能源汽车ETF,中证新能源汽车,2023,242,0.504,Y
159806.SZ,国泰中证新能源汽车ETF,中证新能源汽车,2024,242,0.2474,
159806.SZ,国泰中证新能源汽车ETF,中证新能源汽车,2025,243,0.2217,
159806.SZ,国泰中证新能源汽车ETF,中证新能源汽车,2026,177,0.2369,
159807.SZ,易方达中证科技50ETF,中证科技50,2020,187,0.6565,Y
159807.SZ,易方达中证科技50ETF,中证科技50,2021,243,0.5381,Y
159807.SZ,易方达中证科技50ETF,中证科技50,2022,242,0.2994,
159807.SZ,易方达中证科技50ETF,中证科技50,2023,242,0.18,
159807.SZ,易方达中证科技50ETF,中证科技50,2024,242,0.3382,
159807.SZ,易方达中证科技50ETF,中证科技50,2025,243,0.4061,
159807.SZ,易方达中证科技50ETF,中证科技50,2026,177,0.5128,Y
159808.SZ,融通创业板ETF,创业板,2020,79,0.1223,
159808.SZ,融通创业板ETF,创业板,2021,243,0.0339,
159808.SZ,融通创业板ETF,创业板,2022,242,0.0403,
159808.SZ,融通创业板ETF,创业板,2023,242,0.0261,
159808.SZ,融通创业板ETF,创业板,2024,242,0.0256,
159808.SZ,融通创业板ETF,创业板,2025,243,0.027,
159808.SZ,融通创业板ETF,创业板,2026,177,0.0262,
159809.SZ,博时恒生沪深港通大湾区综合ETF,恒生沪深港通大湾区综合,2020,153,0.0611,
159809.SZ,博时恒生沪深港通大湾区综合ETF,恒生沪深港通大湾区综合,2021,185,0.0085,
159810.SZ,浦银创业板ETF,创业板,2020,119,0.1125,
159810.SZ,浦银创业板ETF,创业板,2021,243,0.0616,
159810.SZ,浦银创业板ETF,创业板,2022,241,0.041,
159810.SZ,浦银创业板ETF,创业板,2023,242,0.0211,
159810.SZ,浦银创业板ETF,创业板,2024,242,0.0486,
159810.SZ,浦银创业板ETF,创业板,2025,243,0.0301,
159810.SZ,浦银创业板ETF,创业板,2026,177,0.0367,
159811.SZ,博时中证5G产业50ETF,中证5G产业50,2020,171,0.4529,
159811.SZ,博时中证5G产业50ETF,中证5G产业50,2021,243,0.1633,
159811.SZ,博时中证5G产业50ETF,中证5G产业50,2022,242,0.116,
159811.SZ,博时中证5G产业50ETF,中证5G产业50,2023,242,0.1073,
159811.SZ,博时中证5G产业50ETF,中证5G产业50,2024,242,0.067,
159811.SZ,博时中证5G产业50ETF,中证5G产业50,2025,243,0.0702,
159811.SZ,博时中证5G产业50ETF,中证5G产业50,2026,177,0.2514,
159812.SZ,前海开源黄金ETF,上海黄金交易所Au99.99现货实盘合约,2020,147,0.049,
159812.SZ,前海开源黄金ETF,上海黄金交易所Au99.99现货实盘合约,2021,243,0.0101,
159812.SZ,前海开源黄金ETF,上海黄金交易所Au99.99现货实盘合约,2022,242,0.0065,
159812.SZ,前海开源黄金ETF,上海黄金交易所Au99.99现货实盘合约,2023,242,0.0045,
159812.SZ,前海开源黄金ETF,上海黄金交易所Au99.99现货实盘合约,2024,242,0.02,
159812.SZ,前海开源黄金ETF,上海黄金交易所Au99.99现货实盘合约,2025,243,0.2033,
159812.SZ,前海开源黄金ETF,上海黄金交易所Au99.99现货实盘合约,2026,177,0.378,
159813.SZ,鹏华国证半导体芯片ETF,国证半导体芯片,2020,151,0.5091,Y
159813.SZ,鹏华国证半导体芯片ETF,国证半导体芯片,2021,243,0.4684,
159813.SZ,鹏华国证半导体芯片ETF,国证半导体芯片,2022,242,0.776,Y
159813.SZ,鹏华国证半导体芯片ETF,国证半导体芯片,2023,242,1.6706,Y
159813.SZ,鹏华国证半导体芯片ETF,国证半导体芯片,2024,242,2.1995,Y
159813.SZ,鹏华国证半导体芯片ETF,国证半导体芯片,2025,243,3.686,Y
159813.SZ,鹏华国证半导体芯片ETF,国证半导体芯片,2026,177,4.28,Y
159814.SZ,西部利得创业板大盘ETF,创业板大盘,2020,114,0.1627,
159814.SZ,西部利得创业板大盘ETF,创业板大盘,2021,243,0.1666,
159814.SZ,西部利得创业板大盘ETF,创业板大盘,2022,242,0.1805,
159814.SZ,西部利得创业板大盘ETF,创业板大盘,2023,242,0.2508,
159814.SZ,西部利得创业板大盘ETF,创业板大盘,2024,242,0.3703,
159814.SZ,西部利得创业板大盘ETF,创业板大盘,2025,243,0.4507,
159814.SZ,西部利得创业板大盘ETF,创业板大盘,2026,177,0.4653,
159815.SZ,招商中证浙江100ETF,中证浙江100,2020,92,0.0485,
159815.SZ,招商中证浙江100ETF,中证浙江100,2021,242,0.0051,
159815.SZ,招商中证浙江100ETF,中证浙江100,2022,239,0.0028,
159815.SZ,招商中证浙江100ETF,中证浙江100,2023,71,0.0155,
159816.SZ,鹏华中证0-4年期地方政府债ETF,中证0-4年期地方政府债,2020,79,0.1756,
159816.SZ,鹏华中证0-4年期地方政府债ETF,中证0-4年期地方政府债,2021,237,0.1064,
159816.SZ,鹏华中证0-4年期地方政府债ETF,中证0-4年期地方政府债,2022,242,0.2364,
159816.SZ,鹏华中证0-4年期地方政府债ETF,中证0-4年期地方政府债,2023,242,0.3437,
159816.SZ,鹏华中证0-4年期地方政府债ETF,中证0-4年期地方政府债,2024,242,0.9416,Y
159816.SZ,鹏华中证0-4年期地方政府债ETF,中证0-4年期地方政府债,2025,242,20.0419,Y
159816.SZ,鹏华中证0-4年期地方政府债ETF,中证0-4年期地方政府债,2026,177,31.1827,Y
159819.SZ,易方达中证人工智能主题ETF,中证人工智能主题,2020,66,0.7992,Y
159819.SZ,易方达中证人工智能主题ETF,中证人工智能主题,2021,243,0.6197,Y
159819.SZ,易方达中证人工智能主题ETF,中证人工智能主题,2022,242,0.4292,
159819.SZ,易方达中证人工智能主题ETF,中证人工智能主题,2023,242,2.0034,Y
159819.SZ,易方达中证人工智能主题ETF,中证人工智能主题,2024,242,3.6931,Y
159819.SZ,易方达中证人工智能主题ETF,中证人工智能主题,2025,243,7.883,Y
159819.SZ,易方达中证人工智能主题ETF,中证人工智能主题,2026,177,6.8042,Y
159820.SZ,天弘中证500ETF,中证500,2020,88,0.5229,Y
159820.SZ,天弘中证500ETF,中证500,2021,243,0.259,
159820.SZ,天弘中证500ETF,中证500,2022,242,0.0883,
159820.SZ,天弘中证500ETF,中证500,2023,242,0.0711,
159820.SZ,天弘中证500ETF,中证500,2024,242,0.0855,
159820.SZ,天弘中证500ETF,中证500,2025,243,0.0609,
159820.SZ,天弘中证500ETF,中证500,2026,177,0.1259,
159821.SZ,中银证券创业板ETF,创业板,2021,243,0.0124,
159821.SZ,中银证券创业板ETF,创业板,2022,242,0.0039,
159821.SZ,中银证券创业板ETF,创业板,2023,240,0.002,
159821.SZ,中银证券创业板ETF,创业板,2024,241,0.0247,
159821.SZ,中银证券创业板ETF,创业板,2025,242,0.0117,
159821.SZ,中银证券创业板ETF,创业板,2026,177,0.026,
159822.SZ,银华工银南方东英标普中国新经济行业ETF(QDII),A股上限,2021,243,0.1569,
159822.SZ,银华工银南方东英标普中国新经济行业ETF(QDII),A股上限,2022,242,0.0914,
159822.SZ,银华工银南方东英标普中国新经济行业ETF(QDII),A股上限,2023,242,0.0357,
159822.SZ,银华工银南方东英标普中国新经济行业ETF(QDII),A股上限,2024,242,0.037,
159822.SZ,银华工银南方东英标普中国新经济行业ETF(QDII),A股上限,2025,243,3.2596,Y
159822.SZ,银华工银南方东英标普中国新经济行业ETF(QDII),A股上限,2026,177,0.3252,
159823.SZ,嘉实恒生中国企业ETF(QDII),恒生中国企业,2021,243,0.0785,
159823.SZ,嘉实恒生中国企业ETF(QDII),恒生中国企业,2022,242,0.0202,
159823.SZ,嘉实恒生中国企业ETF(QDII),恒生中国企业,2023,242,0.0137,
159823.SZ,嘉实恒生中国企业ETF(QDII),恒生中国企业,2024,147,0.0128,
159824.SZ,博时中证新能源汽车ETF,中证新能源汽车,2021,238,0.4693,
159824.SZ,博时中证新能源汽车ETF,中证新能源汽车,2022,242,0.2512,
159824.SZ,博时中证新能源汽车ETF,中证新能源汽车,2023,242,0.2396,
159824.SZ,博时中证新能源汽车ETF,中证新能源汽车,2024,242,0.1094,
159824.SZ,博时中证新能源汽车ETF,中证新能源汽车,2025,243,0.0618,
159824.SZ,博时中证新能源汽车ETF,中证新能源汽车,2026,177,0.0636,
159825.SZ,富国中证农业主题ETF,中证农业主题,2021,243,1.1997,Y
159825.SZ,富国中证农业主题ETF,中证农业主题,2022,242,1.3071,Y
159825.SZ,富国中证农业主题ETF,中证农业主题,2023,242,0.9547,Y
159825.SZ,富国中证农业主题ETF,中证农业主题,2024,242,0.5321,Y
159825.SZ,富国中证农业主题ETF,中证农业主题,2025,243,0.9265,Y
159825.SZ,富国中证农业主题ETF,中证农业主题,2026,177,1.2237,Y
159827.SZ,银华中证农业主题ETF,中证农业主题,2021,243,0.1638,
159827.SZ,银华中证农业主题ETF,中证农业主题,2022,242,0.0382,
159827.SZ,银华中证农业主题ETF,中证农业主题,2023,242,0.0253,
159827.SZ,银华中证农业主题ETF,中证农业主题,2024,242,0.019,
159827.SZ,银华中证农业主题ETF,中证农业主题,2025,243,0.0208,
159827.SZ,银华中证农业主题ETF,中证农业主题,2026,177,0.0296,
159828.SZ,国泰中证医疗ETF,中证医疗,2021,237,0.6986,Y
159828.SZ,国泰中证医疗ETF,中证医疗,2022,242,0.7957,Y
159828.SZ,国泰中证医疗ETF,中证医疗,2023,242,0.7136,Y
159828.SZ,国泰中证医疗ETF,中证医疗,2024,242,0.6298,Y
159828.SZ,国泰中证医疗ETF,中证医疗,2025,243,0.6221,Y
159828.SZ,国泰中证医疗ETF,中证医疗,2026,177,0.648,Y
159830.SZ,天弘上海金ETF,上海黄金交易所上海金集中定价合约午盘基准价,2021,113,0.1603,
159830.SZ,天弘上海金ETF,上海黄金交易所上海金集中定价合约午盘基准价,2022,242,0.0524,
159830.SZ,天弘上海金ETF,上海黄金交易所上海金集中定价合约午盘基准价,2023,242,0.0205,
159830.SZ,天弘上海金ETF,上海黄金交易所上海金集中定价合约午盘基准价,2024,242,0.0751,
159830.SZ,天弘上海金ETF,上海黄金交易所上海金集中定价合约午盘基准价,2025,243,0.4156,
159830.SZ,天弘上海金ETF,上海黄金交易所上海金集中定价合约午盘基准价,2026,177,0.8437,Y
159831.SZ,嘉实上海金ETF,上海黄金交易所上海金集中定价合约的午盘基准价格,2022,182,0.1592,
159831.SZ,嘉实上海金ETF,上海黄金交易所上海金集中定价合约的午盘基准价格,2023,242,0.0608,
159831.SZ,嘉实上海金ETF,上海黄金交易所上海金集中定价合约的午盘基准价格,2024,242,0.092,
159831.SZ,嘉实上海金ETF,上海黄金交易所上海金集中定价合约的午盘基准价格,2025,243,0.3607,
159831.SZ,嘉实上海金ETF,上海黄金交易所上海金集中定价合约的午盘基准价格,2026,177,0.8498,Y
159832.SZ,平安上海金ETF,上海金集中定价合约的午盘基准价格,2022,183,0.0276,
159833.SZ,大成上海金ETF,上海黄金交易所上海金集中定价合约午盘基准价格,2022,187,0.0331,
159833.SZ,大成上海金ETF,上海黄金交易所上海金集中定价合约午盘基准价格,2023,96,0.0158,
159834.SZ,南方上海金ETF,上海金集中定价合约的午盘基准价格,2022,196,0.0808,
159834.SZ,南方上海金ETF,上海金集中定价合约的午盘基准价格,2023,242,0.0184,
159834.SZ,南方上海金ETF,上海金集中定价合约的午盘基准价格,2024,242,0.0582,
159834.SZ,南方上海金ETF,上海金集中定价合约的午盘基准价格,2025,243,0.7325,Y
159834.SZ,南方上海金ETF,上海金集中定价合约的午盘基准价格,2026,177,1.2077,Y
159835.SZ,建信中证创新药产业ETF,中证创新药产业,2021,188,0.0372,
159835.SZ,建信中证创新药产业ETF,中证创新药产业,2022,242,0.013,
159835.SZ,建信中证创新药产业ETF,中证创新药产业,2023,242,0.0255,
159835.SZ,建信中证创新药产业ETF,中证创新药产业,2024,242,0.0329,
159835.SZ,建信中证创新药产业ETF,中证创新药产业,2025,243,0.1072,
159835.SZ,建信中证创新药产业ETF,中证创新药产业,2026,177,0.2169,
159836.SZ,天弘创业板300ETF,创业板300,2021,151,0.0694,
159836.SZ,天弘创业板300ETF,创业板300,2022,242,0.0155,
159836.SZ,天弘创业板300ETF,创业板300,2023,242,0.0203,
159836.SZ,天弘创业板300ETF,创业板300,2024,242,0.0332,
159836.SZ,天弘创业板300ETF,创业板300,2025,243,0.0162,
159836.SZ,天弘创业板300ETF,创业板300,2026,177,0.0228,
159837.SZ,易方达中证生物科技主题ETF,中证生物科技主题,2021,226,0.988,Y
159837.SZ,易方达中证生物科技主题ETF,中证生物科技主题,2022,242,0.6896,Y
159837.SZ,易方达中证生物科技主题ETF,中证生物科技主题,2023,242,0.353,
159837.SZ,易方达中证生物科技主题ETF,中证生物科技主题,2024,242,0.2305,
159837.SZ,易方达中证生物科技主题ETF,中证生物科技主题,2025,243,0.2843,
159837.SZ,易方达中证生物科技主题ETF,中证生物科技主题,2026,177,0.3617,
159838.SZ,博时中证医药50ETF,中证医药50,2021,104,0.0689,
159838.SZ,博时中证医药50ETF,中证医药50,2022,242,0.043,
159838.SZ,博时中证医药50ETF,中证医药50,2023,242,0.0741,
159838.SZ,博时中证医药50ETF,中证医药50,2024,242,0.047,
159838.SZ,博时中证医药50ETF,中证医药50,2025,243,0.0411,
159838.SZ,博时中证医药50ETF,中证医药50,2026,177,0.0358,
159839.SZ,汇添富国证生物医药ETF,国证生物医药,2021,213,0.2125,
159839.SZ,汇添富国证生物医药ETF,国证生物医药,2022,242,0.2183,
159839.SZ,汇添富国证生物医药ETF,国证生物医药,2023,242,0.1915,
159839.SZ,汇添富国证生物医药ETF,国证生物医药,2024,242,0.1655,
159839.SZ,汇添富国证生物医药ETF,国证生物医药,2025,243,0.2368,
159839.SZ,汇添富国证生物医药ETF,国证生物医药,2026,177,0.475,
159840.SZ,工银瑞信国证新能源车电池ETF,国证新能源车电池,2021,89,0.5306,Y
159840.SZ,工银瑞信国证新能源车电池ETF,国证新能源车电池,2022,242,0.8431,Y
159840.SZ,工银瑞信国证新能源车电池ETF,国证新能源车电池,2023,242,0.9427,Y
159840.SZ,工银瑞信国证新能源车电池ETF,国证新能源车电池,2024,242,0.585,Y
159840.SZ,工银瑞信国证新能源车电池ETF,国证新能源车电池,2025,243,0.873,Y
159840.SZ,工银瑞信国证新能源车电池ETF,国证新能源车电池,2026,177,1.1657,Y
159841.SZ,天弘中证全指证券公司ETF,中证全指证券公司,2021,217,0.8977,Y
159841.SZ,天弘中证全指证券公司ETF,中证全指证券公司,2022,242,0.9331,Y
159841.SZ,天弘中证全指证券公司ETF,中证全指证券公司,2023,242,1.4344,Y
159841.SZ,天弘中证全指证券公司ETF,中证全指证券公司,2024,242,2.1146,Y
159841.SZ,天弘中证全指证券公司ETF,中证全指证券公司,2025,243,3.2736,Y
159841.SZ,天弘中证全指证券公司ETF,中证全指证券公司,2026,177,3.2087,Y
159842.SZ,银华中证全指证券公司ETF,中证全指证券公司,2021,194,0.2442,
159842.SZ,银华中证全指证券公司ETF,中证全指证券公司,2022,242,0.2716,
159842.SZ,银华中证全指证券公司ETF,中证全指证券公司,2023,242,0.4338,
159842.SZ,银华中证全指证券公司ETF,中证全指证券公司,2024,242,0.9237,Y
159842.SZ,银华中证全指证券公司ETF,中证全指证券公司,2025,243,2.4294,Y
159842.SZ,银华中证全指证券公司ETF,中证全指证券公司,2026,177,3.8811,Y
159843.SZ,招商国证食品饮料行业ETF,国证食品饮料行业,2021,219,0.2414,
159843.SZ,招商国证食品饮料行业ETF,国证食品饮料行业,2022,242,0.1928,
159843.SZ,招商国证食品饮料行业ETF,国证食品饮料行业,2023,242,0.2462,
159843.SZ,招商国证食品饮料行业ETF,国证食品饮料行业,2024,242,0.1707,
159843.SZ,招商国证食品饮料行业ETF,国证食品饮料行业,2025,243,0.216,
159843.SZ,招商国证食品饮料行业ETF,国证食品饮料行业,2026,177,0.1026,
159845.SZ,华夏中证1000ETF,中证1000,2021,186,0.5125,Y
159845.SZ,华夏中证1000ETF,中证1000,2022,242,8.2854,Y
159845.SZ,华夏中证1000ETF,中证1000,2023,242,14.7177,Y
159845.SZ,华夏中证1000ETF,中证1000,2024,242,9.2038,Y
159845.SZ,华夏中证1000ETF,中证1000,2025,243,5.3534,Y
159845.SZ,华夏中证1000ETF,中证1000,2026,177,25.3234,Y
159846.SZ,建信中证1000ETF,中证1000,2021,89,0.0399,
159847.SZ,易方达中证医疗ETF,中证医疗,2021,113,0.2345,
159847.SZ,易方达中证医疗ETF,中证医疗,2022,242,0.179,
159847.SZ,易方达中证医疗ETF,中证医疗,2023,242,0.1157,
159847.SZ,易方达中证医疗ETF,中证医疗,2024,242,0.1498,
159847.SZ,易方达中证医疗ETF,中证医疗,2025,243,0.1819,
159847.SZ,易方达中证医疗ETF,中证医疗,2026,177,0.2566,
159848.SZ,国联安中证全指证券公司ETF,中证全指证券公司,2021,199,0.0998,
159848.SZ,国联安中证全指证券公司ETF,中证全指证券公司,2022,242,0.113,
159848.SZ,国联安中证全指证券公司ETF,中证全指证券公司,2023,242,0.0451,
159848.SZ,国联安中证全指证券公司ETF,中证全指证券公司,2024,242,0.0497,
159848.SZ,国联安中证全指证券公司ETF,中证全指证券公司,2025,243,0.0662,
159848.SZ,国联安中证全指证券公司ETF,中证全指证券公司,2026,177,0.0486,
159849.SZ,招商中证生物科技主题ETF,中证生物科技主题,2021,207,0.0718,
159849.SZ,招商中证生物科技主题ETF,中证生物科技主题,2022,242,0.032,
159849.SZ,招商中证生物科技主题ETF,中证生物科技主题,2023,242,0.0429,
159849.SZ,招商中证生物科技主题ETF,中证生物科技主题,2024,242,0.0319,
159849.SZ,招商中证生物科技主题ETF,中证生物科技主题,2025,243,0.0227,
159849.SZ,招商中证生物科技主题ETF,中证生物科技主题,2026,177,0.0228,
159850.SZ,华夏恒生中国企业ETF(QDII),恒生中国企业,2021,214,0.2032,
159850.SZ,华夏恒生中国企业ETF(QDII),恒生中国企业,2022,242,0.2646,
159850.SZ,华夏恒生中国企业ETF(QDII),恒生中国企业,2023,242,0.2853,
159850.SZ,华夏恒生中国企业ETF(QDII),恒生中国企业,2024,242,0.5142,Y
159850.SZ,华夏恒生中国企业ETF(QDII),恒生中国企业,2025,243,0.4113,
159850.SZ,华夏恒生中国企业ETF(QDII),恒生中国企业,2026,177,0.121,
159851.SZ,华宝中证金融科技主题ETF,中证金融科技主题,2021,194,0.0579,
159851.SZ,华宝中证金融科技主题ETF,中证金融科技主题,2022,242,0.1516,
159851.SZ,华宝中证金融科技主题ETF,中证金融科技主题,2023,242,0.2233,
159851.SZ,华宝中证金融科技主题ETF,中证金融科技主题,2024,242,1.5329,Y
159851.SZ,华宝中证金融科技主题ETF,中证金融科技主题,2025,243,6.6919,Y
159851.SZ,华宝中证金融科技主题ETF,中证金融科技主题,2026,177,3.5807,Y
159852.SZ,嘉实中证软件服务ETF,中证软件服务,2021,217,0.3557,
159852.SZ,嘉实中证软件服务ETF,中证软件服务,2022,242,0.2826,
159852.SZ,嘉实中证软件服务ETF,中证软件服务,2023,242,0.8172,Y
159852.SZ,嘉实中证软件服务ETF,中证软件服务,2024,242,0.7907,Y
159852.SZ,嘉实中证软件服务ETF,中证软件服务,2025,243,3.2519,Y
159852.SZ,嘉实中证软件服务ETF,中证软件服务,2026,177,6.1224,Y
159853.SZ,南方中证科技100ETF,中证科技100,2022,242,0.0264,
159853.SZ,南方中证科技100ETF,中证科技100,2023,217,0.0487,
159855.SZ,银华中证影视主题ETF,中证影视主题,2021,209,0.0837,
159855.SZ,银华中证影视主题ETF,中证影视主题,2022,242,0.0852,
159855.SZ,银华中证影视主题ETF,中证影视主题,2023,242,0.0829,
159855.SZ,银华中证影视主题ETF,中证影视主题,2024,242,0.0635,
159855.SZ,银华中证影视主题ETF,中证影视主题,2025,243,0.1176,
159855.SZ,银华中证影视主题ETF,中证影视主题,2026,177,0.33,
159856.SZ,工银瑞信中证沪港深互联网ETF,中证沪港深互联网,2021,223,0.0965,
159856.SZ,工银瑞信中证沪港深互联网ETF,中证沪港深互联网,2022,242,0.1577,
159856.SZ,工银瑞信中证沪港深互联网ETF,中证沪港深互联网,2023,242,0.0998,
159856.SZ,工银瑞信中证沪港深互联网ETF,中证沪港深互联网,2024,242,0.0527,
159856.SZ,工银瑞信中证沪港深互联网ETF,中证沪港深互联网,2025,243,0.0552,
159856.SZ,工银瑞信中证沪港深互联网ETF,中证沪港深互联网,2026,177,0.0314,
159857.SZ,天弘中证光伏产业ETF,中证光伏产业,2021,211,1.0181,Y
159857.SZ,天弘中证光伏产业ETF,中证光伏产业,2022,242,1.4346,Y
159857.SZ,天弘中证光伏产业ETF,中证光伏产业,2023,242,1.5134,Y
159857.SZ,天弘中证光伏产业ETF,中证光伏产业,2024,242,1.3229,Y
159857.SZ,天弘中证光伏产业ETF,中证光伏产业,2025,243,1.6243,Y
159857.SZ,天弘中证光伏产业ETF,中证光伏产业,2026,177,1.5978,Y
159858.SZ,南方中证创新药产业ETF,中证创新药产业,2021,190,0.1828,
159858.SZ,南方中证创新药产业ETF,中证创新药产业,2022,242,0.1327,
159858.SZ,南方中证创新药产业ETF,中证创新药产业,2023,242,0.0769,
159858.SZ,南方中证创新药产业ETF,中证创新药产业,2024,242,0.0863,
159858.SZ,南方中证创新药产业ETF,中证创新药产业,2025,243,0.1231,
159858.SZ,南方中证创新药产业ETF,中证创新药产业,2026,177,0.2327,
159859.SZ,天弘国证生物医药ETF,国证生物医药,2021,121,0.2755,
159859.SZ,天弘国证生物医药ETF,国证生物医药,2022,242,0.2806,
159859.SZ,天弘国证生物医药ETF,国证生物医药,2023,242,0.7349,Y
159859.SZ,天弘国证生物医药ETF,国证生物医药,2024,242,0.7326,Y
159859.SZ,天弘国证生物医药ETF,国证生物医药,2025,243,1.1092,Y
159859.SZ,天弘国证生物医药ETF,国证生物医药,2026,177,1.5904,Y
159861.SZ,国泰中证环保产业50ETF,中证环保产业50,2021,184,0.3456,
159861.SZ,国泰中证环保产业50ETF,中证环保产业50,2022,242,0.2901,
159861.SZ,国泰中证环保产业50ETF,中证环保产业50,2023,242,0.2788,
159861.SZ,国泰中证环保产业50ETF,中证环保产业50,2024,242,0.1049,
159861.SZ,国泰中证环保产业50ETF,中证环保产业50,2025,243,0.0581,
159861.SZ,国泰中证环保产业50ETF,中证环保产业50,2026,177,0.04,
159862.SZ,银华中证细分食品饮料产业主题ETF,中证细分食品饮料产业主题,2022,242,0.0311,
159862.SZ,银华中证细分食品饮料产业主题ETF,中证细分食品饮料产业主题,2023,242,0.0219,
159862.SZ,银华中证细分食品饮料产业主题ETF,中证细分食品饮料产业主题,2024,241,0.0274,
159862.SZ,银华中证细分食品饮料产业主题ETF,中证细分食品饮料产业主题,2025,243,0.0393,
159862.SZ,银华中证细分食品饮料产业主题ETF,中证细分食品饮料产业主题,2026,176,0.0531,
159863.SZ,鹏华中证光伏产业ETF,中证光伏产业,2021,200,0.1879,
159863.SZ,鹏华中证光伏产业ETF,中证光伏产业,2022,242,0.2082,
159863.SZ,鹏华中证光伏产业ETF,中证光伏产业,2023,242,0.1196,
159863.SZ,鹏华中证光伏产业ETF,中证光伏产业,2024,242,0.0948,
159863.SZ,鹏华中证光伏产业ETF,中证光伏产业,2025,243,0.1014,
159863.SZ,鹏华中证光伏产业ETF,中证光伏产业,2026,177,0.084,
159864.SZ,国泰中证光伏产业ETF,中证光伏产业,2021,97,0.6785,Y
159864.SZ,国泰中证光伏产业ETF,中证光伏产业,2022,242,0.5281,Y
159864.SZ,国泰中证光伏产业ETF,中证光伏产业,2023,242,0.333,
159864.SZ,国泰中证光伏产业ETF,中证光伏产业,2024,242,0.2136,
159864.SZ,国泰中证光伏产业ETF,中证光伏产业,2025,243,0.211,
159864.SZ,国泰中证光伏产业ETF,中证光伏产业,2026,177,0.2745,
159865.SZ,国泰中证畜牧养殖ETF,中证畜牧养殖,2021,203,0.567,Y
159865.SZ,国泰中证畜牧养殖ETF,中证畜牧养殖,2022,242,1.5194,Y
159865.SZ,国泰中证畜牧养殖ETF,中证畜牧养殖,2023,242,1.4173,Y
159865.SZ,国泰中证畜牧养殖ETF,中证畜牧养殖,2024,242,1.2495,Y
159865.SZ,国泰中证畜牧养殖ETF,中证畜牧养殖,2025,243,1.4551,Y
159865.SZ,国泰中证畜牧养殖ETF,中证畜牧养殖,2026,177,2.1041,Y
159866.SZ,工银瑞信大和日经225ETF(QDII),日经225,2021,181,0.0151,
159866.SZ,工银瑞信大和日经225ETF(QDII),日经225,2022,242,0.0035,
159866.SZ,工银瑞信大和日经225ETF(QDII),日经225,2023,242,0.2367,
159866.SZ,工银瑞信大和日经225ETF(QDII),日经225,2024,242,2.0648,Y
159866.SZ,工银瑞信大和日经225ETF(QDII),日经225,2025,243,2.6455,Y
159866.SZ,工银瑞信大和日经225ETF(QDII),日经225,2026,177,2.22,Y
159867.SZ,鹏华中证畜牧养殖ETF,中证畜牧养殖,2021,204,0.219,
159867.SZ,鹏华中证畜牧养殖ETF,中证畜牧养殖,2022,242,0.4471,
159867.SZ,鹏华中证畜牧养殖ETF,中证畜牧养殖,2023,242,0.4151,
159867.SZ,鹏华中证畜牧养殖ETF,中证畜牧养殖,2024,242,0.2314,
159867.SZ,鹏华中证畜牧养殖ETF,中证畜牧养殖,2025,243,0.2304,
159867.SZ,鹏华中证畜牧养殖ETF,中证畜牧养殖,2026,177,0.3537,
159869.SZ,华夏中证动漫游戏ETF,中证动漫游戏,2021,204,0.3226,
159869.SZ,华夏中证动漫游戏ETF,中证动漫游戏,2022,242,0.505,Y
159869.SZ,华夏中证动漫游戏ETF,中证动漫游戏,2023,242,4.6113,Y
159869.SZ,华夏中证动漫游戏ETF,中证动漫游戏,2024,242,4.2834,Y
159869.SZ,华夏中证动漫游戏ETF,中证动漫游戏,2025,243,6.167,Y
159869.SZ,华夏中证动漫游戏ETF,中证动漫游戏,2026,177,6.2017,Y
159870.SZ,鹏华中证细分化工产业主题ETF,中证细分化工产业主题,2021,206,0.6117,Y
159870.SZ,鹏华中证细分化工产业主题ETF,中证细分化工产业主题,2022,242,0.4399,
159870.SZ,鹏华中证细分化工产业主题ETF,中证细分化工产业主题,2023,242,0.7423,Y
159870.SZ,鹏华中证细分化工产业主题ETF,中证细分化工产业主题,2024,242,0.5249,Y
159870.SZ,鹏华中证细分化工产业主题ETF,中证细分化工产业主题,2025,243,3.7479,Y
159870.SZ,鹏华中证细分化工产业主题ETF,中证细分化工产业主题,2026,177,10.1196,Y
159871.SZ,银华中证有色金属ETF,中证有色金属,2021,186,0.1045,
159871.SZ,银华中证有色金属ETF,中证有色金属,2022,242,0.1143,
159871.SZ,银华中证有色金属ETF,中证有色金属,2023,242,0.0998,
159871.SZ,银华中证有色金属ETF,中证有色金属,2024,242,0.1169,
159871.SZ,银华中证有色金属ETF,中证有色金属,2025,243,0.2622,
159871.SZ,银华中证有色金属ETF,中证有色金属,2026,177,0.7835,Y
159872.SZ,鹏华中证车联网主题ETF,中证车联网主题,2021,125,0.0715,
159872.SZ,鹏华中证车联网主题ETF,中证车联网主题,2022,242,0.0278,
159872.SZ,鹏华中证车联网主题ETF,中证车联网主题,2023,242,0.0084,
159872.SZ,鹏华中证车联网主题ETF,中证车联网主题,2024,242,0.0253,
159872.SZ,鹏华中证车联网主题ETF,中证车联网主题,2025,243,0.021,
159872.SZ,鹏华中证车联网主题ETF,中证车联网主题,2026,177,0.0163,
159873.SZ,天弘中证全指医疗保健设备与服务ETF,中证全指医疗保健设备与服务,2021,188,0.1402,
159873.SZ,天弘中证全指医疗保健设备与服务ETF,中证全指医疗保健设备与服务,2022,242,0.1068,
159873.SZ,天弘中证全指医疗保健设备与服务ETF,中证全指医疗保健设备与服务,2023,242,0.0753,
159873.SZ,天弘中证全指医疗保健设备与服务ETF,中证全指医疗保健设备与服务,2024,242,0.0551,
159873.SZ,天弘中证全指医疗保健设备与服务ETF,中证全指医疗保健设备与服务,2025,243,0.0458,
159873.SZ,天弘中证全指医疗保健设备与服务ETF,中证全指医疗保健设备与服务,2026,177,0.1225,
159875.SZ,嘉实中证新能源ETF,中证新能源,2021,92,0.3273,
159875.SZ,嘉实中证新能源ETF,中证新能源,2022,242,0.4648,
159875.SZ,嘉实中证新能源ETF,中证新能源,2023,242,0.5857,Y
159875.SZ,嘉实中证新能源ETF,中证新能源,2024,242,0.4207,
159875.SZ,嘉实中证新能源ETF,中证新能源,2025,243,0.6638,Y
159875.SZ,嘉实中证新能源ETF,中证新能源,2026,177,0.9982,Y
159876.SZ,华宝中证有色金属ETF,中证有色金属,2021,191,0.0736,
159876.SZ,华宝中证有色金属ETF,中证有色金属,2022,241,0.0375,
159876.SZ,华宝中证有色金属ETF,中证有色金属,2023,242,0.0224,
159876.SZ,华宝中证有色金属ETF,中证有色金属,2024,242,0.0485,
159876.SZ,华宝中证有色金属ETF,中证有色金属,2025,243,0.2131,
159876.SZ,华宝中证有色金属ETF,中证有色金属,2026,177,0.9987,Y
159877.SZ,南方中证全指医疗保健设备与服务ETF,中证全指医疗保健设备与服务,2022,242,0.0882,
159877.SZ,南方中证全指医疗保健设备与服务ETF,中证全指医疗保健设备与服务,2023,242,0.0246,
159877.SZ,南方中证全指医疗保健设备与服务ETF,中证全指医疗保健设备与服务,2024,241,0.0267,
159877.SZ,南方中证全指医疗保健设备与服务ETF,中证全指医疗保健设备与服务,2025,243,0.0227,
159877.SZ,南方中证全指医疗保健设备与服务ETF,中证全指医疗保健设备与服务,2026,177,0.0204,
159880.SZ,鹏华国证有色金属行业ETF,国证有色金属行业,2021,190,0.0784,
159880.SZ,鹏华国证有色金属行业ETF,国证有色金属行业,2022,242,0.0683,
159880.SZ,鹏华国证有色金属行业ETF,国证有色金属行业,2023,242,0.0748,
159880.SZ,鹏华国证有色金属行业ETF,国证有色金属行业,2024,242,0.0734,
159880.SZ,鹏华国证有色金属行业ETF,国证有色金属行业,2025,243,0.2068,
159880.SZ,鹏华国证有色金属行业ETF,国证有色金属行业,2026,177,0.6736,Y
159881.SZ,国泰中证有色金属ETF,中证有色金属,2021,125,0.3187,
159881.SZ,国泰中证有色金属ETF,中证有色金属,2022,242,0.2985,
159881.SZ,国泰中证有色金属ETF,中证有色金属,2023,242,0.3363,
159881.SZ,国泰中证有色金属ETF,中证有色金属,2024,242,0.2206,
159881.SZ,国泰中证有色金属ETF,中证有色金属,2025,243,0.1109,
159881.SZ,国泰中证有色金属ETF,中证有色金属,2026,177,0.2146,
159883.SZ,永赢中证全指医疗器械ETF,中证全指医疗器械,2021,165,0.2816,
159883.SZ,永赢中证全指医疗器械ETF,中证全指医疗器械,2022,242,0.7049,Y
159883.SZ,永赢中证全指医疗器械ETF,中证全指医疗器械,2023,242,0.6689,Y
159883.SZ,永赢中证全指医疗器械ETF,中证全指医疗器械,2024,242,0.4161,
159883.SZ,永赢中证全指医疗器械ETF,中证全指医疗器械,2025,243,0.966,Y
159883.SZ,永赢中证全指医疗器械ETF,中证全指医疗器械,2026,177,1.4154,Y
159885.SZ,鹏华中证内地低碳经济主题ETF,中证内地低碳经济主题,2021,177,0.3167,
159885.SZ,鹏华中证内地低碳经济主题ETF,中证内地低碳经济主题,2022,242,0.1556,
159885.SZ,鹏华中证内地低碳经济主题ETF,中证内地低碳经济主题,2023,242,0.0656,
159885.SZ,鹏华中证内地低碳经济主题ETF,中证内地低碳经济主题,2024,242,0.0432,
159885.SZ,鹏华中证内地低碳经济主题ETF,中证内地低碳经济主题,2025,243,0.0327,
159885.SZ,鹏华中证内地低碳经济主题ETF,中证内地低碳经济主题,2026,177,0.0198,
159886.SZ,富国中证细分机械设备产业主题ETF,中证细分机械设备产业主题,2021,167,0.146,
159886.SZ,富国中证细分机械设备产业主题ETF,中证细分机械设备产业主题,2022,242,0.2462,
159886.SZ,富国中证细分机械设备产业主题ETF,中证细分机械设备产业主题,2023,242,0.1955,
159886.SZ,富国中证细分机械设备产业主题ETF,中证细分机械设备产业主题,2024,242,0.0943,
159886.SZ,富国中证细分机械设备产业主题ETF,中证细分机械设备产业主题,2025,243,0.0547,
159886.SZ,富国中证细分机械设备产业主题ETF,中证细分机械设备产业主题,2026,177,0.046,
159887.SZ,富国中证800银行ETF,中证800银行,2021,154,0.212,
159887.SZ,富国中证800银行ETF,中证800银行,2022,242,0.4842,
159887.SZ,富国中证800银行ETF,中证800银行,2023,242,0.548,Y
159887.SZ,富国中证800银行ETF,中证800银行,2024,242,0.499,
159887.SZ,富国中证800银行ETF,中证800银行,2025,243,1.5447,Y
159887.SZ,富国中证800银行ETF,中证800银行,2026,177,1.1946,Y
159888.SZ,华夏中证智能汽车主题ETF,中证智能汽车主题,2021,153,0.1604,
159888.SZ,华夏中证智能汽车主题ETF,中证智能汽车主题,2022,242,0.1314,
159888.SZ,华夏中证智能汽车主题ETF,中证智能汽车主题,2023,242,0.3025,
159888.SZ,华夏中证智能汽车主题ETF,中证智能汽车主题,2024,242,0.1322,
159888.SZ,华夏中证智能汽车主题ETF,中证智能汽车主题,2025,243,0.1173,
159888.SZ,华夏中证智能汽车主题ETF,中证智能汽车主题,2026,177,0.1882,
159889.SZ,国泰中证智能汽车主题ETF,中证智能汽车主题,2021,75,0.2703,
159889.SZ,国泰中证智能汽车主题ETF,中证智能汽车主题,2022,242,0.2052,
159889.SZ,国泰中证智能汽车主题ETF,中证智能汽车主题,2023,242,0.044,
159889.SZ,国泰中证智能汽车主题ETF,中证智能汽车主题,2024,242,0.0364,
159889.SZ,国泰中证智能汽车主题ETF,中证智能汽车主题,2025,243,0.0374,
159889.SZ,国泰中证智能汽车主题ETF,中证智能汽车主题,2026,176,0.0259,
159890.SZ,招商中证云计算与大数据主题ETF,中证云计算与大数据主题,2021,184,0.0667,
159890.SZ,招商中证云计算与大数据主题ETF,中证云计算与大数据主题,2022,242,0.0622,
159890.SZ,招商中证云计算与大数据主题ETF,中证云计算与大数据主题,2023,242,0.1648,
159890.SZ,招商中证云计算与大数据主题ETF,中证云计算与大数据主题,2024,242,0.1866,
159890.SZ,招商中证云计算与大数据主题ETF,中证云计算与大数据主题,2025,243,0.3686,
159890.SZ,招商中证云计算与大数据主题ETF,中证云计算与大数据主题,2026,177,0.4064,
159891.SZ,建信中证全指医疗保健设备与服务ETF,中证全指医疗保健设备与服务,2021,137,0.0488,
159891.SZ,建信中证全指医疗保健设备与服务ETF,中证全指医疗保健设备与服务,2022,242,0.0226,
159891.SZ,建信中证全指医疗保健设备与服务ETF,中证全指医疗保健设备与服务,2023,242,0.0155,
159891.SZ,建信中证全指医疗保健设备与服务ETF,中证全指医疗保健设备与服务,2024,242,0.0187,
159891.SZ,建信中证全指医疗保健设备与服务ETF,中证全指医疗保健设备与服务,2025,243,0.0273,
159891.SZ,建信中证全指医疗保健设备与服务ETF,中证全指医疗保健设备与服务,2026,177,0.0984,
159892.SZ,华夏恒生生物科技ETF(QDII),恒生生物科技,2022,242,0.8586,Y
159892.SZ,华夏恒生生物科技ETF(QDII),恒生生物科技,2023,242,2.7246,Y
159892.SZ,华夏恒生生物科技ETF(QDII),恒生生物科技,2024,242,3.5186,Y
159892.SZ,华夏恒生生物科技ETF(QDII),恒生生物科技,2025,243,9.8866,Y
159892.SZ,华夏恒生生物科技ETF(QDII),恒生生物科技,2026,177,8.59,Y
159895.SZ,易方达中证物联网主题ETF,中证物联网主题,2022,242,0.0636,
159895.SZ,易方达中证物联网主题ETF,中证物联网主题,2023,242,0.0308,
159895.SZ,易方达中证物联网主题ETF,中证物联网主题,2024,237,0.0078,
159895.SZ,易方达中证物联网主题ETF,中证物联网主题,2025,243,0.0104,
159895.SZ,易方达中证物联网主题ETF,中证物联网主题,2026,177,0.0305,
159896.SZ,南方中证物联网主题ETF,中证物联网主题,2022,242,0.1033,
159896.SZ,南方中证物联网主题ETF,中证物联网主题,2023,242,0.0338,
159896.SZ,南方中证物联网主题ETF,中证物联网主题,2024,240,0.0252,
159896.SZ,南方中证物联网主题ETF,中证物联网主题,2025,243,0.0335,
159896.SZ,南方中证物联网主题ETF,中证物联网主题,2026,177,0.0344,
159897.SZ,建信中证物联网主题ETF,中证物联网主题,2021,133,0.0473,
159897.SZ,建信中证物联网主题ETF,中证物联网主题,2022,82,0.0087,
159898.SZ,招商中证全指医疗器械ETF,中证全指医疗器械,2021,143,0.0521,
159898.SZ,招商中证全指医疗器械ETF,中证全指医疗器械,2022,242,0.1049,
159898.SZ,招商中证全指医疗器械ETF,中证全指医疗器械,2023,242,0.301,
159898.SZ,招商中证全指医疗器械ETF,中证全指医疗器械,2024,242,0.142,
159898.SZ,招商中证全指医疗器械ETF,中证全指医疗器械,2025,243,0.1539,
159898.SZ,招商中证全指医疗器械ETF,中证全指医疗器械,2026,177,0.198,
159899.SZ,招商中证全指软件ETF,中证全指软件,2021,128,0.045,
159899.SZ,招商中证全指软件ETF,中证全指软件,2022,242,0.0503,
159899.SZ,招商中证全指软件ETF,中证全指软件,2023,242,0.1995,
159899.SZ,招商中证全指软件ETF,中证全指软件,2024,242,0.1838,
159899.SZ,招商中证全指软件ETF,中证全指软件,2025,243,0.2506,
159899.SZ,招商中证全指软件ETF,中证全指软件,2026,177,0.3355,
159901.SZ,易方达深证100ETF,深证100,2013,238,4.1708,Y
159901.SZ,易方达深证100ETF,深证100,2014,244,2.4399,Y
159901.SZ,易方达深证100ETF,深证100,2015,244,9.2073,Y
159901.SZ,易方达深证100ETF,深证100,2016,244,0.3051,
159901.SZ,易方达深证100ETF,深证100,2017,244,0.2898,
159901.SZ,易方达深证100ETF,深证100,2018,243,0.6426,Y
159901.SZ,易方达深证100ETF,深证100,2019,244,2.0662,Y
159901.SZ,易方达深证100ETF,深证100,2020,243,1.7019,Y
159901.SZ,易方达深证100ETF,深证100,2021,242,1.5539,Y
159901.SZ,易方达深证100ETF,深证100,2022,242,0.8059,Y
159901.SZ,易方达深证100ETF,深证100,2023,242,1.2828,Y
159901.SZ,易方达深证100ETF,深证100,2024,242,1.4899,Y
159901.SZ,易方达深证100ETF,深证100,2025,243,1.592,Y
159901.SZ,易方达深证100ETF,深证100,2026,177,3.3194,Y
159902.SZ,华夏中小企业100ETF,中小企业100,2013,238,1.1698,Y
159902.SZ,华夏中小企业100ETF,中小企业100,2014,245,1.2417,Y
159902.SZ,华夏中小企业100ETF,中小企业100,2015,244,5.6163,Y
159902.SZ,华夏中小企业100ETF,中小企业100,2016,244,2.042,Y
159902.SZ,华夏中小企业100ETF,中小企业100,2017,244,0.3922,
159902.SZ,华夏中小企业100ETF,中小企业100,2018,243,0.3567,
159902.SZ,华夏中小企业100ETF,中小企业100,2019,244,0.5913,Y
159902.SZ,华夏中小企业100ETF,中小企业100,2020,243,0.4911,
159902.SZ,华夏中小企业100ETF,中小企业100,2021,243,0.2049,
159902.SZ,华夏中小企业100ETF,中小企业100,2022,242,0.0649,
159902.SZ,华夏中小企业100ETF,中小企业100,2023,242,0.1055,
159902.SZ,华夏中小企业100ETF,中小企业100,2024,242,0.1205,
159902.SZ,华夏中小企业100ETF,中小企业100,2025,243,0.0905,
159902.SZ,华夏中小企业100ETF,中小企业100,2026,177,0.0994,
159903.SZ,南方深证成份ETF,深圳证券交易所成份,2013,238,0.2417,
159903.SZ,南方深证成份ETF,深圳证券交易所成份,2014,245,0.3076,
159903.SZ,南方深证成份ETF,深圳证券交易所成份,2015,244,0.3288,
159903.SZ,南方深证成份ETF,深圳证券交易所成份,2016,244,0.0204,
159903.SZ,南方深证成份ETF,深圳证券交易所成份,2017,244,0.0099,
159903.SZ,南方深证成份ETF,深圳证券交易所成份,2018,243,0.0106,
159903.SZ,南方深证成份ETF,深圳证券交易所成份,2019,244,0.018,
159903.SZ,南方深证成份ETF,深圳证券交易所成份,2020,243,0.0248,
159903.SZ,南方深证成份ETF,深圳证券交易所成份,2021,243,0.0155,
159903.SZ,南方深证成份ETF,深圳证券交易所成份,2022,242,0.0091,
159903.SZ,南方深证成份ETF,深圳证券交易所成份,2023,242,0.0557,
159903.SZ,南方深证成份ETF,深圳证券交易所成份,2024,242,0.2155,
159903.SZ,南方深证成份ETF,深圳证券交易所成份,2025,243,0.2659,
159903.SZ,南方深证成份ETF,深圳证券交易所成份,2026,177,0.5024,Y
159905.SZ,工银瑞信深证红利ETF,深证红利价格,2013,237,0.0197,
159905.SZ,工银瑞信深证红利ETF,深证红利价格,2014,245,0.0515,
159905.SZ,工银瑞信深证红利ETF,深证红利价格,2015,244,0.245,
159905.SZ,工银瑞信深证红利ETF,深证红利价格,2016,244,0.0487,
159905.SZ,工银瑞信深证红利ETF,深证红利价格,2017,244,0.0526,
159905.SZ,工银瑞信深证红利ETF,深证红利价格,2018,243,0.0636,
159905.SZ,工银瑞信深证红利ETF,深证红利价格,2019,244,0.2908,
159905.SZ,工银瑞信深证红利ETF,深证红利价格,2020,243,0.5617,Y
159905.SZ,工银瑞信深证红利ETF,深证红利价格,2021,243,0.5201,Y
159905.SZ,工银瑞信深证红利ETF,深证红利价格,2022,242,0.7594,Y
159905.SZ,工银瑞信深证红利ETF,深证红利价格,2023,242,0.49,
159905.SZ,工银瑞信深证红利ETF,深证红利价格,2024,242,0.5612,Y
159905.SZ,工银瑞信深证红利ETF,深证红利价格,2025,243,0.5028,Y
159905.SZ,工银瑞信深证红利ETF,深证红利价格,2026,177,0.4537,
159906.SZ,大成深证成长40ETF,深证成长40价格,2013,232,0.0049,
159906.SZ,大成深证成长40ETF,深证成长40价格,2014,236,0.0041,
159906.SZ,大成深证成长40ETF,深证成长40价格,2015,243,0.0128,
159906.SZ,大成深证成长40ETF,深证成长40价格,2016,240,0.0006,
159906.SZ,大成深证成长40ETF,深证成长40价格,2017,241,0.0005,
159906.SZ,大成深证成长40ETF,深证成长40价格,2018,227,0.0007,
159906.SZ,大成深证成长40ETF,深证成长40价格,2019,244,0.0023,
159906.SZ,大成深证成长40ETF,深证成长40价格,2020,243,0.0414,
159906.SZ,大成深证成长40ETF,深证成长40价格,2021,243,0.0483,
159906.SZ,大成深证成长40ETF,深证成长40价格,2022,242,0.0365,
159906.SZ,大成深证成长40ETF,深证成长40价格,2023,242,0.0392,
159906.SZ,大成深证成长40ETF,深证成长40价格,2024,242,0.0361,
159906.SZ,大成深证成长40ETF,深证成长40价格,2025,243,0.0393,
159906.SZ,大成深证成长40ETF,深证成长40价格,2026,177,0.1438,
159907.SZ,广发国证2000ETF,国证2000,2013,238,0.0152,
159907.SZ,广发国证2000ETF,国证2000,2014,245,0.0419,
159907.SZ,广发国证2000ETF,国证2000,2015,244,0.3624,
159907.SZ,广发国证2000ETF,国证2000,2016,244,0.0075,
159907.SZ,广发国证2000ETF,国证2000,2017,244,0.0076,
159907.SZ,广发国证2000ETF,国证2000,2018,243,0.0024,
159907.SZ,广发国证2000ETF,国证2000,2019,244,0.0036,
159907.SZ,广发国证2000ETF,国证2000,2020,243,0.0041,
159907.SZ,广发国证2000ETF,国证2000,2021,243,0.0017,
159907.SZ,广发国证2000ETF,国证2000,2022,238,0.0012,
159907.SZ,广发国证2000ETF,国证2000,2023,238,0.1295,
159907.SZ,广发国证2000ETF,国证2000,2024,242,0.1508,
159907.SZ,广发国证2000ETF,国证2000,2025,243,0.1165,
159907.SZ,广发国证2000ETF,国证2000,2026,177,0.1061,
159908.SZ,博时创业板ETF,创业板,2013,237,0.0119,
159908.SZ,博时创业板ETF,创业板,2014,244,0.0027,
159908.SZ,博时创业板ETF,创业板,2015,241,0.0201,
159908.SZ,博时创业板ETF,创业板,2016,221,0.0003,
159908.SZ,博时创业板ETF,创业板,2017,209,0.0005,
159908.SZ,博时创业板ETF,创业板,2018,209,0.0004,
159908.SZ,博时创业板ETF,创业板,2019,244,0.017,
159908.SZ,博时创业板ETF,创业板,2020,243,0.0344,
159908.SZ,博时创业板ETF,创业板,2021,243,0.0347,
159908.SZ,博时创业板ETF,创业板,2022,242,0.0831,
159908.SZ,博时创业板ETF,创业板,2023,242,0.1248,
159908.SZ,博时创业板ETF,创业板,2024,242,0.2411,
159908.SZ,博时创业板ETF,创业板,2025,243,0.2561,
159908.SZ,博时创业板ETF,创业板,2026,177,0.4707,
159909.SZ,招商深证电子信息传媒产业(TMT)50ETF,深证电子信息传媒产业50,2013,238,0.021,
159909.SZ,招商深证电子信息传媒产业(TMT)50ETF,深证电子信息传媒产业50,2014,241,0.0034,
159909.SZ,招商深证电子信息传媒产业(TMT)50ETF,深证电子信息传媒产业50,2015,242,0.1059,
159909.SZ,招商深证电子信息传媒产业(TMT)50ETF,深证电子信息传媒产业50,2016,222,0.0003,
159909.SZ,招商深证电子信息传媒产业(TMT)50ETF,深证电子信息传媒产业50,2017,220,0.0003,
159909.SZ,招商深证电子信息传媒产业(TMT)50ETF,深证电子信息传媒产业50,2018,238,0.0012,
159909.SZ,招商深证电子信息传媒产业(TMT)50ETF,深证电子信息传媒产业50,2019,243,0.0272,
159909.SZ,招商深证电子信息传媒产业(TMT)50ETF,深证电子信息传媒产业50,2020,243,0.0225,
159909.SZ,招商深证电子信息传媒产业(TMT)50ETF,深证电子信息传媒产业50,2021,243,0.0061,
159909.SZ,招商深证电子信息传媒产业(TMT)50ETF,深证电子信息传媒产业50,2022,242,0.006,
159909.SZ,招商深证电子信息传媒产业(TMT)50ETF,深证电子信息传媒产业50,2023,242,0.0343,
159909.SZ,招商深证电子信息传媒产业(TMT)50ETF,深证电子信息传媒产业50,2024,242,0.0274,
159909.SZ,招商深证电子信息传媒产业(TMT)50ETF,深证电子信息传媒产业50,2025,243,0.0503,
159909.SZ,招商深证电子信息传媒产业(TMT)50ETF,深证电子信息传媒产业50,2026,177,0.0793,
159910.SZ,嘉实深证基本面120ETF,深证基本面120,2013,226,0.0026,
159910.SZ,嘉实深证基本面120ETF,深证基本面120,2014,231,0.0047,
159910.SZ,嘉实深证基本面120ETF,深证基本面120,2015,240,0.0611,
159910.SZ,嘉实深证基本面120ETF,深证基本面120,2016,211,0.0011,
159910.SZ,嘉实深证基本面120ETF,深证基本面120,2017,236,0.0005,
159910.SZ,嘉实深证基本面120ETF,深证基本面120,2018,243,0.0065,
159910.SZ,嘉实深证基本面120ETF,深证基本面120,2019,244,0.016,
159910.SZ,嘉实深证基本面120ETF,深证基本面120,2020,243,0.0264,
159910.SZ,嘉实深证基本面120ETF,深证基本面120,2021,243,0.0033,
159910.SZ,嘉实深证基本面120ETF,深证基本面120,2022,242,0.0013,
159910.SZ,嘉实深证基本面120ETF,深证基本面120,2023,242,0.0658,
159910.SZ,嘉实深证基本面120ETF,深证基本面120,2024,242,0.0182,
159910.SZ,嘉实深证基本面120ETF,深证基本面120,2025,243,0.0106,
159910.SZ,嘉实深证基本面120ETF,深证基本面120,2026,177,0.0275,
159911.SZ,鹏华深证民营ETF,深证民营P,2013,238,0.0509,
159911.SZ,鹏华深证民营ETF,深证民营P,2014,244,0.0149,
159911.SZ,鹏华深证民营ETF,深证民营P,2015,240,0.2401,
159911.SZ,鹏华深证民营ETF,深证民营P,2016,222,0.0006,
159911.SZ,鹏华深证民营ETF,深证民营P,2017,195,0.0008,
159911.SZ,鹏华深证民营ETF,深证民营P,2018,206,0.0006,
159911.SZ,鹏华深证民营ETF,深证民营P,2019,187,0.0016,
159911.SZ,鹏华深证民营ETF,深证民营P,2020,99,0.0055,
159912.SZ,汇添富深证300ETF,深证300价格,2013,238,0.0065,
159912.SZ,汇添富深证300ETF,深证300价格,2014,245,0.0072,
159912.SZ,汇添富深证300ETF,深证300价格,2015,244,0.0274,
159912.SZ,汇添富深证300ETF,深证300价格,2016,243,0.0012,
159912.SZ,汇添富深证300ETF,深证300价格,2017,244,0.0012,
159912.SZ,汇添富深证300ETF,深证300价格,2018,242,0.0017,
159912.SZ,汇添富深证300ETF,深证300价格,2019,244,0.0072,
159912.SZ,汇添富深证300ETF,深证300价格,2020,243,0.0116,
159912.SZ,汇添富深证300ETF,深证300价格,2021,243,0.0049,
159912.SZ,汇添富深证300ETF,深证300价格,2022,242,0.0019,
159912.SZ,汇添富深证300ETF,深证300价格,2023,242,0.008,
159912.SZ,汇添富深证300ETF,深证300价格,2024,242,0.0285,
159912.SZ,汇添富深证300ETF,深证300价格,2025,243,0.0275,
159912.SZ,汇添富深证300ETF,深证300价格,2026,177,0.0216,
159913.SZ,交银深证300价值ETF,深证300价值价格,2013,220,0.0039,
159913.SZ,交银深证300价值ETF,深证300价值价格,2014,220,0.0046,
159913.SZ,交银深证300价值ETF,深证300价值价格,2015,241,0.028,
159913.SZ,交银深证300价值ETF,深证300价值价格,2016,233,0.0005,
159913.SZ,交银深证300价值ETF,深证300价值价格,2017,222,0.0011,
159913.SZ,交银深证300价值ETF,深证300价值价格,2018,240,0.0011,
159913.SZ,交银深证300价值ETF,深证300价值价格,2019,238,0.0013,
159913.SZ,交银深证300价值ETF,深证300价值价格,2020,241,0.0071,
159913.SZ,交银深证300价值ETF,深证300价值价格,2021,239,0.006,
159913.SZ,交银深证300价值ETF,深证300价值价格,2022,239,0.0021,
159913.SZ,交银深证300价值ETF,深证300价值价格,2023,233,0.0197,
159913.SZ,交银深证300价值ETF,深证300价值价格,2024,228,0.0018,
159913.SZ,交银深证300价值ETF,深证300价值价格,2025,238,0.0011,
159913.SZ,交银深证300价值ETF,深证300价值价格,2026,177,0.0063,
159915.SZ,易方达创业板ETF,创业板指数P,2013,238,1.2739,Y
159915.SZ,易方达创业板ETF,创业板指数P,2014,245,2.2179,Y
159915.SZ,易方达创业板ETF,创业板指数P,2015,244,10.8287,Y
159915.SZ,易方达创业板ETF,创业板指数P,2016,244,6.4323,Y
159915.SZ,易方达创业板ETF,创业板指数P,2017,244,2.1563,Y
159915.SZ,易方达创业板ETF,创业板指数P,2018,243,8.7758,Y
159915.SZ,易方达创业板ETF,创业板指数P,2019,244,9.1136,Y
159915.SZ,易方达创业板ETF,创业板指数P,2020,243,9.0762,Y
159915.SZ,易方达创业板ETF,创业板指数P,2021,242,6.6468,Y
159915.SZ,易方达创业板ETF,创业板指数P,2022,242,10.8058,Y
159915.SZ,易方达创业板ETF,创业板指数P,2023,242,14.1369,Y
159915.SZ,易方达创业板ETF,创业板指数P,2024,242,32.5582,Y
159915.SZ,易方达创业板ETF,创业板指数P,2025,243,34.4994,Y
159915.SZ,易方达创业板ETF,创业板指数P,2026,177,57.5289,Y
159916.SZ,建信深证基本面60ETF,深证基本面60,2013,213,0.0105,
159916.SZ,建信深证基本面60ETF,深证基本面60,2014,198,0.0011,
159916.SZ,建信深证基本面60ETF,深证基本面60,2015,231,0.0018,
159916.SZ,建信深证基本面60ETF,深证基本面60,2016,221,0.0008,
159916.SZ,建信深证基本面60ETF,深证基本面60,2017,232,0.0004,
159916.SZ,建信深证基本面60ETF,深证基本面60,2018,243,0.0044,
159916.SZ,建信深证基本面60ETF,深证基本面60,2019,244,0.005,
159916.SZ,建信深证基本面60ETF,深证基本面60,2020,243,0.0099,
159916.SZ,建信深证基本面60ETF,深证基本面60,2021,242,0.002,
159916.SZ,建信深证基本面60ETF,深证基本面60,2022,240,0.0201,
159916.SZ,建信深证基本面60ETF,深证基本面60,2023,241,0.1463,
159916.SZ,建信深证基本面60ETF,深证基本面60,2024,242,0.0059,
159916.SZ,建信深证基本面60ETF,深证基本面60,2025,242,0.0028,
159916.SZ,建信深证基本面60ETF,深证基本面60,2026,177,0.0349,
159917.SZ,国泰中小板300成长ETF,中小300成长P,2013,228,0.0029,
159917.SZ,国泰中小板300成长ETF,中小300成长P,2014,241,0.0048,
159917.SZ,国泰中小板300成长ETF,中小300成长P,2015,159,0.018,
159918.SZ,嘉实中创400ETF,中小板创业板400,2013,238,0.0048,
159918.SZ,嘉实中创400ETF,中小板创业板400,2014,234,0.0015,
159918.SZ,嘉实中创400ETF,中小板创业板400,2015,244,0.0065,
159918.SZ,嘉实中创400ETF,中小板创业板400,2016,228,0.0007,
159918.SZ,嘉实中创400ETF,中小板创业板400,2017,235,0.0005,
159918.SZ,嘉实中创400ETF,中小板创业板400,2018,237,0.0006,
159918.SZ,嘉实中创400ETF,中小板创业板400,2019,240,0.0009,
159918.SZ,嘉实中创400ETF,中小板创业板400,2020,242,0.0014,
159918.SZ,嘉实中创400ETF,中小板创业板400,2021,233,0.0008,
159918.SZ,嘉实中创400ETF,中小板创业板400,2022,234,0.0008,
159918.SZ,嘉实中创400ETF,中小板创业板400,2023,237,0.0023,
159918.SZ,嘉实中创400ETF,中小板创业板400,2024,239,0.005,
159918.SZ,嘉实中创400ETF,中小板创业板400,2025,243,0.0034,
159918.SZ,嘉实中创400ETF,中小板创业板400,2026,177,0.0175,
159919.SZ,嘉实沪深300ETF,沪深300,2013,238,1.6732,Y
159919.SZ,嘉实沪深300ETF,沪深300,2014,245,4.0658,Y
159919.SZ,嘉实沪深300ETF,沪深300,2015,244,7.1106,Y
159919.SZ,嘉实沪深300ETF,沪深300,2016,244,0.3991,
159919.SZ,嘉实沪深300ETF,沪深300,2017,244,0.3566,
159919.SZ,嘉实沪深300ETF,沪深300,2018,243,0.5905,Y
159919.SZ,嘉实沪深300ETF,沪深300,2019,243,3.1488,Y
159919.SZ,嘉实沪深300ETF,沪深300,2020,243,7.3829,Y
159919.SZ,嘉实沪深300ETF,沪深300,2021,243,5.0216,Y
159919.SZ,嘉实沪深300ETF,沪深300,2022,242,4.562,Y
159919.SZ,嘉实沪深300ETF,沪深300,2023,242,7.8438,Y
159919.SZ,嘉实沪深300ETF,沪深300,2024,242,15.4913,Y
159919.SZ,嘉实沪深300ETF,沪深300,2025,243,8.3501,Y
159919.SZ,嘉实沪深300ETF,沪深300,2026,177,19.9178,Y
159920.SZ,华夏恒生ETF(QDII),香港恒生,2013,238,0.025,
159920.SZ,华夏恒生ETF(QDII),香港恒生,2014,245,0.0152,
159920.SZ,华夏恒生ETF(QDII),香港恒生,2015,244,0.6399,Y
159920.SZ,华夏恒生ETF(QDII),香港恒生,2016,244,0.3832,
159920.SZ,华夏恒生ETF(QDII),香港恒生,2017,244,2.2948,Y
159920.SZ,华夏恒生ETF(QDII),香港恒生,2018,243,4.7545,Y
159920.SZ,华夏恒生ETF(QDII),香港恒生,2019,244,7.5432,Y
159920.SZ,华夏恒生ETF(QDII),香港恒生,2020,243,11.867,Y
159920.SZ,华夏恒生ETF(QDII),香港恒生,2021,243,10.5254,Y
159920.SZ,华夏恒生ETF(QDII),香港恒生,2022,242,7.1146,Y
159920.SZ,华夏恒生ETF(QDII),香港恒生,2023,242,5.8074,Y
159920.SZ,华夏恒生ETF(QDII),香港恒生,2024,242,8.1305,Y
159920.SZ,华夏恒生ETF(QDII),香港恒生,2025,243,7.8573,Y
159920.SZ,华夏恒生ETF(QDII),香港恒生,2026,177,4.4464,Y
159921.SZ,诺安中小板等权重ETF,中小板等权重,2013,209,0.0171,
159921.SZ,诺安中小板等权重ETF,中小板等权重,2014,198,0.0017,
159921.SZ,诺安中小板等权重ETF,中小板等权重,2015,242,0.0328,
159921.SZ,诺安中小板等权重ETF,中小板等权重,2016,242,0.0027,
159921.SZ,诺安中小板等权重ETF,中小板等权重,2017,196,0.0007,
159922.SZ,嘉实中证500ETF,中证小盘500,2013,193,0.2026,
159922.SZ,嘉实中证500ETF,中证小盘500,2014,245,0.0126,
159922.SZ,嘉实中证500ETF,中证小盘500,2015,244,0.185,
159922.SZ,嘉实中证500ETF,中证小盘500,2016,244,0.0102,
159922.SZ,嘉实中证500ETF,中证小盘500,2017,244,0.0072,
159922.SZ,嘉实中证500ETF,中证小盘500,2018,243,0.0194,
159922.SZ,嘉实中证500ETF,中证小盘500,2019,244,0.7788,Y
159922.SZ,嘉实中证500ETF,中证小盘500,2020,243,1.6971,Y
159922.SZ,嘉实中证500ETF,中证小盘500,2021,243,1.0707,Y
159922.SZ,嘉实中证500ETF,中证小盘500,2022,242,3.1211,Y
159922.SZ,嘉实中证500ETF,中证小盘500,2023,242,5.3709,Y
159922.SZ,嘉实中证500ETF,中证小盘500,2024,242,5.4678,Y
159922.SZ,嘉实中证500ETF,中证小盘500,2025,243,2.9311,Y
159922.SZ,嘉实中证500ETF,中证小盘500,2026,177,7.3175,Y
159923.SZ,大成中证A100ETF,中证A100,2013,201,0.0218,
159923.SZ,大成中证A100ETF,中证A100,2014,242,0.0223,
159923.SZ,大成中证A100ETF,中证A100,2015,244,0.0541,
159923.SZ,大成中证A100ETF,中证A100,2016,239,0.0013,
159923.SZ,大成中证A100ETF,中证A100,2017,242,0.0042,
159923.SZ,大成中证A100ETF,中证A100,2018,243,0.0098,
159923.SZ,大成中证A100ETF,中证A100,2019,244,0.0046,
159923.SZ,大成中证A100ETF,中证A100,2020,242,0.0038,
159923.SZ,大成中证A100ETF,中证A100,2021,243,0.0033,
159923.SZ,大成中证A100ETF,中证A100,2022,242,0.0018,
159923.SZ,大成中证A100ETF,中证A100,2023,242,0.0017,
159923.SZ,大成中证A100ETF,中证A100,2024,242,0.02,
159923.SZ,大成中证A100ETF,中证A100,2025,243,0.0057,
159923.SZ,大成中证A100ETF,中证A100,2026,177,0.0227,
159924.SZ,景顺长城沪深300等权重ETF,沪深300等权重,2013,140,0.0534,
159924.SZ,景顺长城沪深300等权重ETF,沪深300等权重,2014,245,0.0113,
159924.SZ,景顺长城沪深300等权重ETF,沪深300等权重,2015,242,0.0162,
159924.SZ,景顺长城沪深300等权重ETF,沪深300等权重,2016,234,0.001,
159924.SZ,景顺长城沪深300等权重ETF,沪深300等权重,2017,239,0.0025,
159925.SZ,南方沪深300ETF,沪深300,2013,176,0.1789,
159925.SZ,南方沪深300ETF,沪深300,2014,245,0.0931,
159925.SZ,南方沪深300ETF,沪深300,2015,244,0.0573,
159925.SZ,南方沪深300ETF,沪深300,2016,244,0.0065,
159925.SZ,南方沪深300ETF,沪深300,2017,244,0.0048,
159925.SZ,南方沪深300ETF,沪深300,2018,243,0.0029,
159925.SZ,南方沪深300ETF,沪深300,2019,244,0.009,
159925.SZ,南方沪深300ETF,沪深300,2020,243,0.0244,
159925.SZ,南方沪深300ETF,沪深300,2021,243,0.058,
159925.SZ,南方沪深300ETF,沪深300,2022,242,0.0292,
159925.SZ,南方沪深300ETF,沪深300,2023,242,0.1123,
159925.SZ,南方沪深300ETF,沪深300,2024,240,1.6811,Y
159925.SZ,南方沪深300ETF,沪深300,2025,243,1.0315,Y
159925.SZ,南方沪深300ETF,沪深300,2026,177,1.0945,Y
159926.SZ,嘉实中证金边中期国债ETF,中证金边中期国债,2013,97,0.0719,
159926.SZ,嘉实中证金边中期国债ETF,中证金边中期国债,2014,223,0.323,
159926.SZ,嘉实中证金边中期国债ETF,中证金边中期国债,2015,179,0.0428,
159926.SZ,嘉实中证金边中期国债ETF,中证金边中期国债,2016,195,0.001,
159926.SZ,嘉实中证金边中期国债ETF,中证金边中期国债,2017,144,0.0023,
159926.SZ,嘉实中证金边中期国债ETF,中证金边中期国债,2018,117,0.0011,
159926.SZ,嘉实中证金边中期国债ETF,中证金边中期国债,2019,206,0.0011,
159926.SZ,嘉实中证金边中期国债ETF,中证金边中期国债,2020,235,0.0061,
159926.SZ,嘉实中证金边中期国债ETF,中证金边中期国债,2021,182,0.0017,
159926.SZ,嘉实中证金边中期国债ETF,中证金边中期国债,2022,102,0.0065,
159927.SZ,鹏华沪深300ETF,沪深300,2013,91,0.3026,
159927.SZ,鹏华沪深300ETF,沪深300,2014,245,0.0113,
159927.SZ,鹏华沪深300ETF,沪深300,2015,241,0.0066,
159927.SZ,鹏华沪深300ETF,沪深300,2016,229,0.001,
159927.SZ,鹏华沪深300ETF,沪深300,2017,222,0.0032,
159928.SZ,汇添富中证主要消费ETF,中证主要消费,2013,70,0.1602,
159928.SZ,汇添富中证主要消费ETF,中证主要消费,2014,245,0.0213,
159928.SZ,汇添富中证主要消费ETF,中证主要消费,2015,244,0.0135,
159928.SZ,汇添富中证主要消费ETF,中证主要消费,2016,244,0.0036,
159928.SZ,汇添富中证主要消费ETF,中证主要消费,2017,244,0.0091,
159928.SZ,汇添富中证主要消费ETF,中证主要消费,2018,243,0.0415,
159928.SZ,汇添富中证主要消费ETF,中证主要消费,2019,244,0.3182,
159928.SZ,汇添富中证主要消费ETF,中证主要消费,2020,243,1.2635,Y
159928.SZ,汇添富中证主要消费ETF,中证主要消费,2021,243,1.6243,Y
159928.SZ,汇添富中证主要消费ETF,中证主要消费,2022,242,1.7198,Y
159928.SZ,汇添富中证主要消费ETF,中证主要消费,2023,242,1.7165,Y
159928.SZ,汇添富中证主要消费ETF,中证主要消费,2024,242,2.1209,Y
159928.SZ,汇添富中证主要消费ETF,中证主要消费,2025,243,4.7395,Y
159928.SZ,汇添富中证主要消费ETF,中证主要消费,2026,177,4.1545,Y
159929.SZ,汇添富中证医药卫生ETF,中证医药卫生,2013,70,0.2071,
159929.SZ,汇添富中证医药卫生ETF,中证医药卫生,2014,245,0.0452,
159929.SZ,汇添富中证医药卫生ETF,中证医药卫生,2015,244,0.0474,
159929.SZ,汇添富中证医药卫生ETF,中证医药卫生,2016,244,0.0067,
159929.SZ,汇添富中证医药卫生ETF,中证医药卫生,2017,244,0.0062,
159929.SZ,汇添富中证医药卫生ETF,中证医药卫生,2018,243,0.0224,
159929.SZ,汇添富中证医药卫生ETF,中证医药卫生,2019,244,0.0656,
159929.SZ,汇添富中证医药卫生ETF,中证医药卫生,2020,243,0.2911,
159929.SZ,汇添富中证医药卫生ETF,中证医药卫生,2021,243,0.2961,
159929.SZ,汇添富中证医药卫生ETF,中证医药卫生,2022,242,0.4055,
159929.SZ,汇添富中证医药卫生ETF,中证医药卫生,2023,242,0.6918,Y
159929.SZ,汇添富中证医药卫生ETF,中证医药卫生,2024,242,0.7043,Y
159929.SZ,汇添富中证医药卫生ETF,中证医药卫生,2025,243,0.7382,Y
159929.SZ,汇添富中证医药卫生ETF,中证医药卫生,2026,177,0.8899,Y
159930.SZ,汇添富中证能源ETF,中证能源,2013,70,0.0546,
159930.SZ,汇添富中证能源ETF,中证能源,2014,245,0.0115,
159930.SZ,汇添富中证能源ETF,中证能源,2015,243,0.0114,
159930.SZ,汇添富中证能源ETF,中证能源,2016,242,0.0016,
159930.SZ,汇添富中证能源ETF,中证能源,2017,243,0.0013,
159930.SZ,汇添富中证能源ETF,中证能源,2018,243,0.0028,
159930.SZ,汇添富中证能源ETF,中证能源,2019,244,0.0062,
159930.SZ,汇添富中证能源ETF,中证能源,2020,243,0.0815,
159930.SZ,汇添富中证能源ETF,中证能源,2021,243,0.209,
159930.SZ,汇添富中证能源ETF,中证能源,2022,242,0.2808,
159930.SZ,汇添富中证能源ETF,中证能源,2023,242,0.216,
159930.SZ,汇添富中证能源ETF,中证能源,2024,242,0.3335,
159930.SZ,汇添富中证能源ETF,中证能源,2025,243,0.3516,
159930.SZ,汇添富中证能源ETF,中证能源,2026,177,1.3623,Y
159931.SZ,汇添富中证金融地产ETF,中证金融地产,2013,70,0.1137,
159931.SZ,汇添富中证金融地产ETF,中证金融地产,2014,245,0.0575,
159931.SZ,汇添富中证金融地产ETF,中证金融地产,2015,244,0.0774,
159931.SZ,汇添富中证金融地产ETF,中证金融地产,2016,241,0.0014,
159931.SZ,汇添富中证金融地产ETF,中证金融地产,2017,244,0.001,
159931.SZ,汇添富中证金融地产ETF,中证金融地产,2018,242,0.001,
159931.SZ,汇添富中证金融地产ETF,中证金融地产,2019,244,0.0059,
159931.SZ,汇添富中证金融地产ETF,中证金融地产,2020,243,0.0338,
159931.SZ,汇添富中证金融地产ETF,中证金融地产,2021,243,0.0225,
159931.SZ,汇添富中证金融地产ETF,中证金融地产,2022,242,0.0118,
159931.SZ,汇添富中证金融地产ETF,中证金融地产,2023,242,0.0172,
159931.SZ,汇添富中证金融地产ETF,中证金融地产,2024,242,0.0321,
159931.SZ,汇添富中证金融地产ETF,中证金融地产,2025,243,0.024,
159931.SZ,汇添富中证金融地产ETF,中证金融地产,2026,177,0.0105,
159932.SZ,大成中证500深市ETF,中证500深市,2014,242,0.0088,
159932.SZ,大成中证500深市ETF,中证500深市,2015,243,0.0034,
159932.SZ,大成中证500深市ETF,中证500深市,2016,237,0.0013,
159932.SZ,大成中证500深市ETF,中证500深市,2017,223,0.0003,
159932.SZ,大成中证500深市ETF,中证500深市,2018,233,0.001,
159932.SZ,大成中证500深市ETF,中证500深市,2019,242,0.0018,
159932.SZ,大成中证500深市ETF,中证500深市,2020,243,0.0031,
159932.SZ,大成中证500深市ETF,中证500深市,2021,243,0.0019,
159932.SZ,大成中证500深市ETF,中证500深市,2022,206,0.001,
159933.SZ,国投瑞银沪深300金融地产ETF,沪深300金融地产,2014,245,0.0392,
159933.SZ,国投瑞银沪深300金融地产ETF,沪深300金融地产,2015,244,0.0582,
159933.SZ,国投瑞银沪深300金融地产ETF,沪深300金融地产,2016,236,0.0009,
159933.SZ,国投瑞银沪深300金融地产ETF,沪深300金融地产,2017,227,0.0003,
159933.SZ,国投瑞银沪深300金融地产ETF,沪深300金融地产,2018,220,0.0003,
159933.SZ,国投瑞银沪深300金融地产ETF,沪深300金融地产,2019,211,0.0005,
159933.SZ,国投瑞银沪深300金融地产ETF,沪深300金融地产,2020,238,0.0056,
159933.SZ,国投瑞银沪深300金融地产ETF,沪深300金融地产,2021,243,0.0021,
159933.SZ,国投瑞银沪深300金融地产ETF,沪深300金融地产,2022,242,0.0009,
159933.SZ,国投瑞银沪深300金融地产ETF,沪深300金融地产,2023,240,0.0006,
159933.SZ,国投瑞银沪深300金融地产ETF,沪深300金融地产,2024,233,0.0021,
159933.SZ,国投瑞银沪深300金融地产ETF,沪深300金融地产,2025,242,0.0016,
159933.SZ,国投瑞银沪深300金融地产ETF,沪深300金融地产,2026,177,0.0026,
159934.SZ,易方达黄金ETF,Au99.99合约,2014,245,0.0117,
159934.SZ,易方达黄金ETF,Au99.99合约,2015,244,0.0485,
159934.SZ,易方达黄金ETF,Au99.99合约,2016,244,0.6484,Y
159934.SZ,易方达黄金ETF,Au99.99合约,2017,244,0.3196,
159934.SZ,易方达黄金ETF,Au99.99合约,2018,243,0.2172,
159934.SZ,易方达黄金ETF,Au99.99合约,2019,244,3.2208,Y
159934.SZ,易方达黄金ETF,Au99.99合约,2020,243,10.3289,Y
159934.SZ,易方达黄金ETF,Au99.99合约,2021,243,8.2957,Y
159934.SZ,易方达黄金ETF,Au99.99合约,2022,242,1.8431,Y
159934.SZ,易方达黄金ETF,Au99.99合约,2023,242,1.7311,Y
159934.SZ,易方达黄金ETF,Au99.99合约,2024,242,3.443,Y
159934.SZ,易方达黄金ETF,Au99.99合约,2025,243,10.1607,Y
159934.SZ,易方达黄金ETF,Au99.99合约,2026,177,14.6079,Y
159935.SZ,景顺长城中证500ETF,中证小盘500,2014,231,0.0372,
159935.SZ,景顺长城中证500ETF,中证小盘500,2015,237,0.008,
159935.SZ,景顺长城中证500ETF,中证小盘500,2016,225,0.0011,
159935.SZ,景顺长城中证500ETF,中证小盘500,2017,224,0.0004,
159935.SZ,景顺长城中证500ETF,中证小盘500,2018,196,0.0004,
159935.SZ,景顺长城中证500ETF,中证小盘500,2019,231,0.0007,
159935.SZ,景顺长城中证500ETF,中证小盘500,2020,243,0.0013,
159935.SZ,景顺长城中证500ETF,中证小盘500,2021,242,0.0018,
159935.SZ,景顺长城中证500ETF,中证小盘500,2022,241,0.0009,
159935.SZ,景顺长城中证500ETF,中证小盘500,2023,242,0.0042,
159935.SZ,景顺长城中证500ETF,中证小盘500,2024,242,0.0122,
159935.SZ,景顺长城中证500ETF,中证小盘500,2025,243,0.0152,
159935.SZ,景顺长城中证500ETF,中证小盘500,2026,177,0.0322,
159936.SZ,广发中证全指可选消费ETF,中证全指可选消费,2014,130,0.0922,
159936.SZ,广发中证全指可选消费ETF,中证全指可选消费,2015,243,0.0056,
159936.SZ,广发中证全指可选消费ETF,中证全指可选消费,2016,217,0.0022,
159936.SZ,广发中证全指可选消费ETF,中证全指可选消费,2017,210,0.0013,
159936.SZ,广发中证全指可选消费ETF,中证全指可选消费,2018,238,0.0005,
159936.SZ,广发中证全指可选消费ETF,中证全指可选消费,2019,244,0.002,
159936.SZ,广发中证全指可选消费ETF,中证全指可选消费,2020,243,0.01,
159936.SZ,广发中证全指可选消费ETF,中证全指可选消费,2021,243,0.0053,
159936.SZ,广发中证全指可选消费ETF,中证全指可选消费,2022,242,0.0093,
159936.SZ,广发中证全指可选消费ETF,中证全指可选消费,2023,242,0.0394,
159936.SZ,广发中证全指可选消费ETF,中证全指可选消费,2024,242,0.0335,
159936.SZ,广发中证全指可选消费ETF,中证全指可选消费,2025,243,0.0455,
159936.SZ,广发中证全指可选消费ETF,中证全指可选消费,2026,177,0.0241,
159937.SZ,博时黄金ETF,Au99.99合约,2014,82,0.0086,
159937.SZ,博时黄金ETF,Au99.99合约,2015,244,0.0036,
159937.SZ,博时黄金ETF,Au99.99合约,2016,244,0.7511,Y
159937.SZ,博时黄金ETF,Au99.99合约,2017,244,0.4833,
159937.SZ,博时黄金ETF,Au99.99合约,2018,243,0.641,Y
159937.SZ,博时黄金ETF,Au99.99合约,2019,244,2.5427,Y
159937.SZ,博时黄金ETF,Au99.99合约,2020,243,5.2532,Y
159937.SZ,博时黄金ETF,Au99.99合约,2021,243,2.7034,Y
159937.SZ,博时黄金ETF,Au99.99合约,2022,242,2.1685,Y
159937.SZ,博时黄金ETF,Au99.99合约,2023,242,2.3048,Y
159937.SZ,博时黄金ETF,Au99.99合约,2024,242,2.2058,Y
159937.SZ,博时黄金ETF,Au99.99合约,2025,243,8.6507,Y
159937.SZ,博时黄金ETF,Au99.99合约,2026,177,12.5758,Y
159938.SZ,广发中证全指医药卫生ETF,中证全指医药卫生,2015,241,0.0678,
159938.SZ,广发中证全指医药卫生ETF,中证全指医药卫生,2016,244,0.0075,
159938.SZ,广发中证全指医药卫生ETF,中证全指医药卫生,2017,244,0.0295,
159938.SZ,广发中证全指医药卫生ETF,中证全指医药卫生,2018,243,0.1236,
159938.SZ,广发中证全指医药卫生ETF,中证全指医药卫生,2019,244,0.2066,
159938.SZ,广发中证全指医药卫生ETF,中证全指医药卫生,2020,243,0.3558,
159938.SZ,广发中证全指医药卫生ETF,中证全指医药卫生,2021,243,0.1954,
159938.SZ,广发中证全指医药卫生ETF,中证全指医药卫生,2022,242,0.3968,
159938.SZ,广发中证全指医药卫生ETF,中证全指医药卫生,2023,242,0.684,Y
159938.SZ,广发中证全指医药卫生ETF,中证全指医药卫生,2024,242,0.451,
159938.SZ,广发中证全指医药卫生ETF,中证全指医药卫生,2025,243,0.5002,Y
159938.SZ,广发中证全指医药卫生ETF,中证全指医药卫生,2026,177,0.5653,Y
159939.SZ,广发中证全指信息技术ETF,中证全指信息技术,2015,221,0.2706,
159939.SZ,广发中证全指信息技术ETF,中证全指信息技术,2016,244,0.0359,
159939.SZ,广发中证全指信息技术ETF,中证全指信息技术,2017,244,0.0179,
159939.SZ,广发中证全指信息技术ETF,中证全指信息技术,2018,243,0.0326,
159939.SZ,广发中证全指信息技术ETF,中证全指信息技术,2019,244,0.5097,Y
159939.SZ,广发中证全指信息技术ETF,中证全指信息技术,2020,243,0.4913,
159939.SZ,广发中证全指信息技术ETF,中证全指信息技术,2021,243,0.1957,
159939.SZ,广发中证全指信息技术ETF,中证全指信息技术,2022,242,0.2564,
159939.SZ,广发中证全指信息技术ETF,中证全指信息技术,2023,242,0.7524,Y
159939.SZ,广发中证全指信息技术ETF,中证全指信息技术,2024,242,0.3189,
159939.SZ,广发中证全指信息技术ETF,中证全指信息技术,2025,243,0.3073,
159939.SZ,广发中证全指信息技术ETF,中证全指信息技术,2026,177,0.4453,
159940.SZ,广发中证全指金融地产ETF,中证全指金融地产,2015,176,0.0499,
159940.SZ,广发中证全指金融地产ETF,中证全指金融地产,2016,244,0.0033,
159940.SZ,广发中证全指金融地产ETF,中证全指金融地产,2017,242,0.0036,
159940.SZ,广发中证全指金融地产ETF,中证全指金融地产,2018,243,0.0031,
159940.SZ,广发中证全指金融地产ETF,中证全指金融地产,2019,244,0.009,
159940.SZ,广发中证全指金融地产ETF,中证全指金融地产,2020,243,0.0832,
159940.SZ,广发中证全指金融地产ETF,中证全指金融地产,2021,243,0.0623,
159940.SZ,广发中证全指金融地产ETF,中证全指金融地产,2022,242,0.0876,
159940.SZ,广发中证全指金融地产ETF,中证全指金融地产,2023,242,0.0565,
159940.SZ,广发中证全指金融地产ETF,中证全指金融地产,2024,242,0.0926,
159940.SZ,广发中证全指金融地产ETF,中证全指金融地产,2025,243,0.0633,
159940.SZ,广发中证全指金融地产ETF,中证全指金融地产,2026,177,0.0525,
159941.SZ,广发纳斯达克100ETF(QDII),纳斯达克100,2015,117,0.0265,
159941.SZ,广发纳斯达克100ETF(QDII),纳斯达克100,2016,244,0.0047,
159941.SZ,广发纳斯达克100ETF(QDII),纳斯达克100,2017,244,0.0057,
159941.SZ,广发纳斯达克100ETF(QDII),纳斯达克100,2018,243,0.006,
159941.SZ,广发纳斯达克100ETF(QDII),纳斯达克100,2019,244,0.0076,
159941.SZ,广发纳斯达克100ETF(QDII),纳斯达克100,2020,243,0.6209,Y
159941.SZ,广发纳斯达克100ETF(QDII),纳斯达克100,2021,243,0.3005,
159941.SZ,广发纳斯达克100ETF(QDII),纳斯达克100,2022,242,3.3135,Y
159941.SZ,广发纳斯达克100ETF(QDII),纳斯达克100,2023,242,4.5445,Y
159941.SZ,广发纳斯达克100ETF(QDII),纳斯达克100,2024,242,9.3709,Y
159941.SZ,广发纳斯达克100ETF(QDII),纳斯达克100,2025,243,11.8034,Y
159941.SZ,广发纳斯达克100ETF(QDII),纳斯达克100,2026,177,12.1773,Y
159942.SZ,华润元大中创100ETF,中小企业板创业板100,2015,129,0.0386,
159942.SZ,华润元大中创100ETF,中小企业板创业板100,2016,243,0.0021,
159942.SZ,华润元大中创100ETF,中小企业板创业板100,2017,236,0.0012,
159942.SZ,华润元大中创100ETF,中小企业板创业板100,2018,199,0.0015,
159943.SZ,大成深证成份ETF,深圳证券交易所成份,2015,120,0.464,
159943.SZ,大成深证成份ETF,深圳证券交易所成份,2016,244,0.014,
159943.SZ,大成深证成份ETF,深圳证券交易所成份,2017,244,0.0096,
159943.SZ,大成深证成份ETF,深圳证券交易所成份,2018,243,0.0037,
159943.SZ,大成深证成份ETF,深圳证券交易所成份,2019,244,0.0054,
159943.SZ,大成深证成份ETF,深圳证券交易所成份,2020,243,0.0143,
159943.SZ,大成深证成份ETF,深圳证券交易所成份,2021,243,0.0101,
159943.SZ,大成深证成份ETF,深圳证券交易所成份,2022,242,0.0137,
159943.SZ,大成深证成份ETF,深圳证券交易所成份,2023,242,0.0457,
159943.SZ,大成深证成份ETF,深圳证券交易所成份,2024,242,0.1442,
159943.SZ,大成深证成份ETF,深圳证券交易所成份,2025,243,0.1562,
159943.SZ,大成深证成份ETF,深圳证券交易所成份,2026,177,0.2667,
159944.SZ,广发中证全指原材料ETF,中证全指原材料,2015,122,0.0211,
159944.SZ,广发中证全指原材料ETF,中证全指原材料,2016,243,0.003,
159944.SZ,广发中证全指原材料ETF,中证全指原材料,2017,233,0.0054,
159944.SZ,广发中证全指原材料ETF,中证全指原材料,2018,234,0.001,
159944.SZ,广发中证全指原材料ETF,中证全指原材料,2019,240,0.0013,
159944.SZ,广发中证全指原材料ETF,中证全指原材料,2020,243,0.0076,
159944.SZ,广发中证全指原材料ETF,中证全指原材料,2021,243,0.0141,
159944.SZ,广发中证全指原材料ETF,中证全指原材料,2022,242,0.0032,
159944.SZ,广发中证全指原材料ETF,中证全指原材料,2023,242,0.0232,
159944.SZ,广发中证全指原材料ETF,中证全指原材料,2024,242,0.0202,
159944.SZ,广发中证全指原材料ETF,中证全指原材料,2025,243,0.0252,
159944.SZ,广发中证全指原材料ETF,中证全指原材料,2026,177,0.1007,
159945.SZ,广发中证全指能源ETF,中证全指能源,2015,122,0.0168,
159945.SZ,广发中证全指能源ETF,中证全指能源,2016,243,0.0039,
159945.SZ,广发中证全指能源ETF,中证全指能源,2017,244,0.0064,
159945.SZ,广发中证全指能源ETF,中证全指能源,2018,242,0.0019,
159945.SZ,广发中证全指能源ETF,中证全指能源,2019,243,0.0008,
159945.SZ,广发中证全指能源ETF,中证全指能源,2020,243,0.0112,
159945.SZ,广发中证全指能源ETF,中证全指能源,2021,243,0.0368,
159945.SZ,广发中证全指能源ETF,中证全指能源,2022,242,0.0837,
159945.SZ,广发中证全指能源ETF,中证全指能源,2023,242,0.1268,
159945.SZ,广发中证全指能源ETF,中证全指能源,2024,242,0.0584,
159945.SZ,广发中证全指能源ETF,中证全指能源,2025,243,0.0317,
159945.SZ,广发中证全指能源ETF,中证全指能源,2026,177,0.1333,
159946.SZ,广发中证全指主要消费ETF,中证全指主要消费,2015,117,0.0245,
159946.SZ,广发中证全指主要消费ETF,中证全指主要消费,2016,239,0.0025,
159946.SZ,广发中证全指主要消费ETF,中证全指主要消费,2017,240,0.0035,
159946.SZ,广发中证全指主要消费ETF,中证全指主要消费,2018,232,0.003,
159948.SZ,南方创业板ETF,创业板,2016,145,0.1743,
159948.SZ,南方创业板ETF,创业板,2017,244,0.0194,
159948.SZ,南方创业板ETF,创业板,2018,243,0.0471,
159948.SZ,南方创业板ETF,创业板,2019,244,0.0525,
159948.SZ,南方创业板ETF,创业板,2020,243,0.3107,
159948.SZ,南方创业板ETF,创业板,2021,243,0.3107,
159948.SZ,南方创业板ETF,创业板,2022,242,0.1807,
159948.SZ,南方创业板ETF,创业板,2023,240,0.156,
159948.SZ,南方创业板ETF,创业板,2024,242,0.3198,
159948.SZ,南方创业板ETF,创业板,2025,243,0.5572,Y
159948.SZ,南方创业板ETF,创业板,2026,177,0.9944,Y
159949.SZ,华安创业板50ETF,创业板50,2016,109,0.0879,
159949.SZ,华安创业板50ETF,创业板50,2017,244,0.0705,
159949.SZ,华安创业板50ETF,创业板50,2018,243,4.3927,Y
159949.SZ,华安创业板50ETF,创业板50,2019,244,4.0179,Y
159949.SZ,华安创业板50ETF,创业板50,2020,243,9.1469,Y
159949.SZ,华安创业板50ETF,创业板50,2021,243,10.2732,Y
159949.SZ,华安创业板50ETF,创业板50,2022,242,8.5442,Y
159949.SZ,华安创业板50ETF,创业板50,2023,242,6.4992,Y
159949.SZ,华安创业板50ETF,创业板50,2024,242,10.7864,Y
159949.SZ,华安创业板50ETF,创业板50,2025,243,14.6999,Y
159949.SZ,华安创业板50ETF,创业板50,2026,177,19.4048,Y
159950.SZ,易方达深证成指ETF,深圳证券交易所成份,2017,157,0.0265,
159950.SZ,易方达深证成指ETF,深圳证券交易所成份,2018,232,0.0005,
159950.SZ,易方达深证成指ETF,深圳证券交易所成份,2019,116,0.0014,
159951.SZ,嘉实中关村A股ETF,中关村A股综合,2017,119,0.038,
159951.SZ,嘉实中关村A股ETF,中关村A股综合,2018,235,0.0007,
159951.SZ,嘉实中关村A股ETF,中关村A股综合,2019,237,0.0009,
159951.SZ,嘉实中关村A股ETF,中关村A股综合,2020,241,0.0014,
159951.SZ,嘉实中关村A股ETF,中关村A股综合,2021,240,0.0014,
159951.SZ,嘉实中关村A股ETF,中关村A股综合,2022,150,0.0009,
159952.SZ,广发创业板ETF,创业板,2017,154,0.1117,
159952.SZ,广发创业板ETF,创业板,2018,243,0.3918,
159952.SZ,广发创业板ETF,创业板,2019,244,0.5114,Y
159952.SZ,广发创业板ETF,创业板,2020,243,0.7681,Y
159952.SZ,广发创业板ETF,创业板,2021,243,0.7296,Y
159952.SZ,广发创业板ETF,创业板,2022,242,0.5289,Y
159952.SZ,广发创业板ETF,创业板,2023,240,1.0781,Y
159952.SZ,广发创业板ETF,创业板,2024,242,2.4087,Y
159952.SZ,广发创业板ETF,创业板,2025,243,2.9757,Y
159952.SZ,广发创业板ETF,创业板,2026,177,5.8777,Y
159953.SZ,广发中证全指工业ETF,中证全指工业,2017,113,0.0279,
159953.SZ,广发中证全指工业ETF,中证全指工业,2018,229,0.0006,
159953.SZ,广发中证全指工业ETF,中证全指工业,2019,239,0.0009,
159953.SZ,广发中证全指工业ETF,中证全指工业,2020,226,0.0035,
159954.SZ,南方恒生中国企业ETF(QDII),恒生中国企业,2018,196,0.0523,
159954.SZ,南方恒生中国企业ETF(QDII),恒生中国企业,2019,244,0.015,
159954.SZ,南方恒生中国企业ETF(QDII),恒生中国企业,2020,243,0.0729,
159954.SZ,南方恒生中国企业ETF(QDII),恒生中国企业,2021,243,0.1654,
159954.SZ,南方恒生中国企业ETF(QDII),恒生中国企业,2022,242,0.2607,
159954.SZ,南方恒生中国企业ETF(QDII),恒生中国企业,2023,242,0.0807,
159954.SZ,南方恒生中国企业ETF(QDII),恒生中国企业,2024,242,0.11,
159954.SZ,南方恒生中国企业ETF(QDII),恒生中国企业,2025,243,0.0933,
159954.SZ,南方恒生中国企业ETF(QDII),恒生中国企业,2026,177,0.0405,
159955.SZ,嘉实创业板ETF,创业板指数P,2017,88,0.0438,
159955.SZ,嘉实创业板ETF,创业板指数P,2018,243,0.012,
159955.SZ,嘉实创业板ETF,创业板指数P,2019,244,0.0107,
159955.SZ,嘉实创业板ETF,创业板指数P,2020,243,0.0175,
159955.SZ,嘉实创业板ETF,创业板指数P,2021,243,0.0134,
159955.SZ,嘉实创业板ETF,创业板指数P,2022,213,0.0057,
159956.SZ,建信创业板ETF,创业板,2018,202,0.0223,
159956.SZ,建信创业板ETF,创业板,2019,244,0.004,
159956.SZ,建信创业板ETF,创业板,2020,242,0.0118,
159956.SZ,建信创业板ETF,创业板,2021,243,0.0034,
159956.SZ,建信创业板ETF,创业板,2022,242,0.0018,
159956.SZ,建信创业板ETF,创业板,2023,242,0.0087,
159956.SZ,建信创业板ETF,创业板,2024,242,0.015,
159956.SZ,建信创业板ETF,创业板,2025,243,0.0103,
159956.SZ,建信创业板ETF,创业板,2026,177,0.0557,
159957.SZ,华夏创业板ETF,创业板指数P,2018,241,0.0321,
159957.SZ,华夏创业板ETF,创业板指数P,2019,244,0.0198,
159957.SZ,华夏创业板ETF,创业板指数P,2020,243,0.0202,
159957.SZ,华夏创业板ETF,创业板指数P,2021,243,0.0203,
159957.SZ,华夏创业板ETF,创业板指数P,2022,242,0.0262,
159957.SZ,华夏创业板ETF,创业板指数P,2023,242,0.0795,
159957.SZ,华夏创业板ETF,创业板指数P,2024,242,0.3822,
159957.SZ,华夏创业板ETF,创业板指数P,2025,243,0.7295,Y
159957.SZ,华夏创业板ETF,创业板指数P,2026,177,1.9607,Y
159958.SZ,工银瑞信创业板ETF,创业板指数P,2018,230,0.0609,
159958.SZ,工银瑞信创业板ETF,创业板指数P,2019,244,0.0366,
159958.SZ,工银瑞信创业板ETF,创业板指数P,2020,243,0.1002,
159958.SZ,工银瑞信创业板ETF,创业板指数P,2021,243,0.089,
159958.SZ,工银瑞信创业板ETF,创业板指数P,2022,242,0.0391,
159958.SZ,工银瑞信创业板ETF,创业板指数P,2023,242,0.0332,
159958.SZ,工银瑞信创业板ETF,创业板指数P,2024,242,0.0579,
159958.SZ,工银瑞信创业板ETF,创业板指数P,2025,243,0.0677,
159958.SZ,工银瑞信创业板ETF,创业板指数P,2026,177,0.1048,
159959.SZ,银华中证央企结构调整ETF,中证央企结构调整,2019,232,0.2403,
159959.SZ,银华中证央企结构调整ETF,中证央企结构调整,2020,243,0.0796,
159959.SZ,银华中证央企结构调整ETF,中证央企结构调整,2021,243,0.0104,
159959.SZ,银华中证央企结构调整ETF,中证央企结构调整,2022,242,0.0266,
159959.SZ,银华中证央企结构调整ETF,中证央企结构调整,2023,242,0.1312,
159959.SZ,银华中证央企结构调整ETF,中证央企结构调整,2024,242,0.1819,
159959.SZ,银华中证央企结构调整ETF,中证央企结构调整,2025,243,0.0457,
159959.SZ,银华中证央企结构调整ETF,中证央企结构调整,2026,177,0.0182,
159960.SZ,平安港股通恒生中国企业ETF,恒生中国企业,2019,240,0.0045,
159960.SZ,平安港股通恒生中国企业ETF,恒生中国企业,2020,243,0.0094,
159960.SZ,平安港股通恒生中国企业ETF,恒生中国企业,2021,243,0.0314,
159960.SZ,平安港股通恒生中国企业ETF,恒生中国企业,2022,242,0.0248,
159960.SZ,平安港股通恒生中国企业ETF,恒生中国企业,2023,242,0.0281,
159960.SZ,平安港股通恒生中国企业ETF,恒生中国企业,2024,242,0.0682,
159960.SZ,平安港股通恒生中国企业ETF,恒生中国企业,2025,243,0.0886,
159960.SZ,平安港股通恒生中国企业ETF,恒生中国企业,2026,177,0.1056,
159961.SZ,方正富邦深证100ETF,深证100价格,2019,244,0.0115,
159961.SZ,方正富邦深证100ETF,深证100价格,2020,243,0.0071,
159961.SZ,方正富邦深证100ETF,深证100价格,2021,243,0.0056,
159961.SZ,方正富邦深证100ETF,深证100价格,2022,237,0.0008,
159961.SZ,方正富邦深证100ETF,深证100价格,2023,231,0.0171,
159961.SZ,方正富邦深证100ETF,深证100价格,2024,242,0.0584,
159961.SZ,方正富邦深证100ETF,深证100价格,2025,243,0.0361,
159961.SZ,方正富邦深证100ETF,深证100价格,2026,177,0.0454,
159962.SZ,华夏中证四川国企改革ETF,中证四川国企改革,2019,171,0.0175,
159962.SZ,华夏中证四川国企改革ETF,中证四川国企改革,2020,240,0.1915,
159962.SZ,华夏中证四川国企改革ETF,中证四川国企改革,2021,241,0.0138,
159962.SZ,华夏中证四川国企改革ETF,中证四川国企改革,2022,194,0.0024,
159963.SZ,富国恒生中国企业ETF,恒生中国企业,2019,190,0.067,
159963.SZ,富国恒生中国企业ETF,恒生中国企业,2020,243,0.0435,
159963.SZ,富国恒生中国企业ETF,恒生中国企业,2021,86,0.056,
159964.SZ,平安创业板ETF,创业板,2019,173,0.0159,
159964.SZ,平安创业板ETF,创业板,2020,243,0.0044,
159964.SZ,平安创业板ETF,创业板,2021,243,0.0022,
159964.SZ,平安创业板ETF,创业板,2022,242,0.0067,
159964.SZ,平安创业板ETF,创业板,2023,242,0.0357,
159964.SZ,平安创业板ETF,创业板,2024,242,0.1109,
159964.SZ,平安创业板ETF,创业板,2025,243,0.0708,
159964.SZ,平安创业板ETF,创业板,2026,177,0.0635,
159965.SZ,国联央视财经50ETF,央视财经50,2019,170,0.0803,
159965.SZ,国联央视财经50ETF,央视财经50,2020,243,0.0303,
159965.SZ,国联央视财经50ETF,央视财经50,2021,243,0.0083,
159965.SZ,国联央视财经50ETF,央视财经50,2022,242,0.0047,
159965.SZ,国联央视财经50ETF,央视财经50,2023,242,0.0054,
159965.SZ,国联央视财经50ETF,央视财经50,2024,242,0.0114,
159965.SZ,国联央视财经50ETF,央视财经50,2025,243,0.0065,
159965.SZ,国联央视财经50ETF,央视财经50,2026,177,0.0037,
159966.SZ,华夏创业板低波价值ETF,创业板低波价值,2019,116,0.3655,
159966.SZ,华夏创业板低波价值ETF,创业板低波价值,2020,243,1.177,Y
159966.SZ,华夏创业板低波价值ETF,创业板低波价值,2021,243,0.3544,
159966.SZ,华夏创业板低波价值ETF,创业板低波价值,2022,242,0.1278,
159966.SZ,华夏创业板低波价值ETF,创业板低波价值,2023,242,0.0824,
159966.SZ,华夏创业板低波价值ETF,创业板低波价值,2024,242,0.0785,
159966.SZ,华夏创业板低波价值ETF,创业板低波价值,2025,243,0.071,
159966.SZ,华夏创业板低波价值ETF,创业板低波价值,2026,177,0.0801,
159967.SZ,华夏创业板动量成长ETF,创业板动量成长,2019,116,0.159,
159967.SZ,华夏创业板动量成长ETF,创业板动量成长,2020,243,0.4039,
159967.SZ,华夏创业板动量成长ETF,创业板动量成长,2021,243,2.4309,Y
159967.SZ,华夏创业板动量成长ETF,创业板动量成长,2022,242,1.3862,Y
159967.SZ,华夏创业板动量成长ETF,创业板动量成长,2023,242,1.1034,Y
159967.SZ,华夏创业板动量成长ETF,创业板动量成长,2024,242,1.4453,Y
159967.SZ,华夏创业板动量成长ETF,创业板动量成长,2025,243,1.6982,Y
159967.SZ,华夏创业板动量成长ETF,创业板动量成长,2026,177,6.9727,Y
159968.SZ,博时中证500ETF,中证500,2020,243,0.9419,Y
159968.SZ,博时中证500ETF,中证500,2021,243,0.2384,
159968.SZ,博时中证500ETF,中证500,2022,242,0.165,
159968.SZ,博时中证500ETF,中证500,2023,242,0.0998,
159968.SZ,博时中证500ETF,中证500,2024,242,0.1496,
159968.SZ,博时中证500ETF,中证500,2025,243,0.1003,
159968.SZ,博时中证500ETF,中证500,2026,177,0.1522,
159969.SZ,银华深证100ETF,深证100,2019,84,0.2112,
159969.SZ,银华深证100ETF,深证100,2020,243,0.0479,
159969.SZ,银华深证100ETF,深证100,2021,243,0.0319,
159969.SZ,银华深证100ETF,深证100,2022,242,0.0221,
159969.SZ,银华深证100ETF,深证100,2023,242,0.0097,
159969.SZ,银华深证100ETF,深证100,2024,242,0.0119,
159969.SZ,银华深证100ETF,深证100,2025,243,0.0104,
159970.SZ,工银瑞信深证100ETF,深证100,2020,237,0.0662,
159970.SZ,工银瑞信深证100ETF,深证100,2021,243,0.0084,
159970.SZ,工银瑞信深证100ETF,深证100,2022,241,0.0139,
159970.SZ,工银瑞信深证100ETF,深证100,2023,240,0.0173,
159970.SZ,工银瑞信深证100ETF,深证100,2024,241,0.011,
159970.SZ,工银瑞信深证100ETF,深证100,2025,242,0.0078,
159970.SZ,工银瑞信深证100ETF,深证100,2026,177,0.0122,
159971.SZ,富国创业板ETF,创业板,2019,125,0.0688,
159971.SZ,富国创业板ETF,创业板,2020,243,0.0049,
159971.SZ,富国创业板ETF,创业板,2021,242,0.0044,
159971.SZ,富国创业板ETF,创业板,2022,241,0.0049,
159971.SZ,富国创业板ETF,创业板,2023,242,0.0104,
159971.SZ,富国创业板ETF,创业板,2024,242,0.3177,
159971.SZ,富国创业板ETF,创业板,2025,243,0.5321,Y
159971.SZ,富国创业板ETF,创业板,2026,177,0.9106,Y
159972.SZ,鹏华中证5年期地方政府债ETF,中证5年期地方政府债,2020,243,0.1935,
159972.SZ,鹏华中证5年期地方政府债ETF,中证5年期地方政府债,2021,238,0.2089,
159972.SZ,鹏华中证5年期地方政府债ETF,中证5年期地方政府债,2022,242,0.3455,
159972.SZ,鹏华中证5年期地方政府债ETF,中证5年期地方政府债,2023,242,0.4872,
159972.SZ,鹏华中证5年期地方政府债ETF,中证5年期地方政府债,2024,242,1.1293,Y
159972.SZ,鹏华中证5年期地方政府债ETF,中证5年期地方政府债,2025,243,12.9879,Y
159972.SZ,鹏华中证5年期地方政府债ETF,中证5年期地方政府债,2026,177,15.1979,Y
159973.SZ,弘毅远方国证民企领先100ETF,国证民企领先100,2019,96,0.0012,
159973.SZ,弘毅远方国证民企领先100ETF,国证民企领先100,2020,243,0.0009,
159973.SZ,弘毅远方国证民企领先100ETF,国证民企领先100,2021,243,0.0024,
159973.SZ,弘毅远方国证民企领先100ETF,国证民企领先100,2022,237,0.0012,
159973.SZ,弘毅远方国证民企领先100ETF,国证民企领先100,2023,236,0.0085,
159973.SZ,弘毅远方国证民企领先100ETF,国证民企领先100,2024,242,0.0089,
159973.SZ,弘毅远方国证民企领先100ETF,国证民企领先100,2025,243,0.008,
159973.SZ,弘毅远方国证民企领先100ETF,国证民企领先100,2026,177,0.007,
159974.SZ,富国中证央企创新驱动ETF,中证央企创新驱动,2020,242,0.0871,
159974.SZ,富国中证央企创新驱动ETF,中证央企创新驱动,2021,240,0.0123,
159974.SZ,富国中证央企创新驱动ETF,中证央企创新驱动,2022,241,0.0533,
159974.SZ,富国中证央企创新驱动ETF,中证央企创新驱动,2023,242,0.1272,
159974.SZ,富国中证央企创新驱动ETF,中证央企创新驱动,2024,242,0.0724,
159974.SZ,富国中证央企创新驱动ETF,中证央企创新驱动,2025,243,0.023,
159974.SZ,富国中证央企创新驱动ETF,中证央企创新驱动,2026,177,0.016,
159975.SZ,招商深证100ETF,深证100,2020,243,0.1588,
159975.SZ,招商深证100ETF,深证100,2021,243,0.0894,
159975.SZ,招商深证100ETF,深证100,2022,242,0.1145,
159975.SZ,招商深证100ETF,深证100,2023,242,0.0524,
159975.SZ,招商深证100ETF,深证100,2024,242,0.0638,
159975.SZ,招商深证100ETF,深证100,2025,243,0.0273,
159975.SZ,招商深证100ETF,深证100,2026,177,0.0443,
159976.SZ,工银瑞信粤港澳大湾区创新100ETF,粤港澳大湾区创新100,2020,232,0.1806,
159976.SZ,工银瑞信粤港澳大湾区创新100ETF,粤港澳大湾区创新100,2021,243,0.0223,
159976.SZ,工银瑞信粤港澳大湾区创新100ETF,粤港澳大湾区创新100,2022,242,0.0226,
159976.SZ,工银瑞信粤港澳大湾区创新100ETF,粤港澳大湾区创新100,2023,241,0.0094,
159976.SZ,工银瑞信粤港澳大湾区创新100ETF,粤港澳大湾区创新100,2024,239,0.0074,
159976.SZ,工银瑞信粤港澳大湾区创新100ETF,粤港澳大湾区创新100,2025,243,0.0086,
159976.SZ,工银瑞信粤港澳大湾区创新100ETF,粤港澳大湾区创新100,2026,177,0.0245,
159977.SZ,天弘创业板ETF,创业板,2019,63,0.4151,
159977.SZ,天弘创业板ETF,创业板,2020,243,0.4092,
159977.SZ,天弘创业板ETF,创业板,2021,243,0.2806,
159977.SZ,天弘创业板ETF,创业板,2022,242,0.2338,
159977.SZ,天弘创业板ETF,创业板,2023,242,0.3574,
159977.SZ,天弘创业板ETF,创业板,2024,242,0.7538,Y
159977.SZ,天弘创业板ETF,创业板,2025,243,1.0651,Y
159977.SZ,天弘创业板ETF,创业板,2026,177,2.1695,Y
159978.SZ,建信中证沪港深粤港澳大湾区发展主题ETF,中证沪港深粤港澳大湾区发展主题,2020,177,0.0775,
159978.SZ,建信中证沪港深粤港澳大湾区发展主题ETF,中证沪港深粤港澳大湾区发展主题,2021,243,0.0044,
159978.SZ,建信中证沪港深粤港澳大湾区发展主题ETF,中证沪港深粤港澳大湾区发展主题,2022,242,0.0042,
159979.SZ,广发粤港澳大湾区创新100ETF,粤港澳大湾区创新100,2020,218,0.0155,
159979.SZ,广发粤港澳大湾区创新100ETF,粤港澳大湾区创新100,2021,240,0.0016,
159979.SZ,广发粤港澳大湾区创新100ETF,粤港澳大湾区创新100,2022,225,0.0007,
159980.SZ,大成有色金属期货ETF,上海期货交易所有色金属期货价格,2020,243,0.2888,
159980.SZ,大成有色金属期货ETF,上海期货交易所有色金属期货价格,2021,243,0.3584,
159980.SZ,大成有色金属期货ETF,上海期货交易所有色金属期货价格,2022,242,0.6518,Y
159980.SZ,大成有色金属期货ETF,上海期货交易所有色金属期货价格,2023,242,0.5449,Y
159980.SZ,大成有色金属期货ETF,上海期货交易所有色金属期货价格,2024,242,1.0435,Y
159980.SZ,大成有色金属期货ETF,上海期货交易所有色金属期货价格,2025,243,1.9232,Y
159980.SZ,大成有色金属期货ETF,上海期货交易所有色金属期货价格,2026,177,6.7678,Y
159981.SZ,建信易盛郑商所能源化工期货ETF,易盛郑商所能源化工指数A,2020,232,0.045,
159981.SZ,建信易盛郑商所能源化工期货ETF,易盛郑商所能源化工指数A,2021,243,0.2204,
159981.SZ,建信易盛郑商所能源化工期货ETF,易盛郑商所能源化工指数A,2022,242,0.3407,
159981.SZ,建信易盛郑商所能源化工期货ETF,易盛郑商所能源化工指数A,2023,242,0.271,
159981.SZ,建信易盛郑商所能源化工期货ETF,易盛郑商所能源化工指数A,2024,242,0.2747,
159981.SZ,建信易盛郑商所能源化工期货ETF,易盛郑商所能源化工指数A,2025,243,1.1096,Y
159981.SZ,建信易盛郑商所能源化工期货ETF,易盛郑商所能源化工指数A,2026,177,11.9548,Y
159982.SZ,鹏华中证500ETF,中证500,2020,214,0.1434,
159982.SZ,鹏华中证500ETF,中证500,2021,243,0.1623,
159982.SZ,鹏华中证500ETF,中证500,2022,242,0.1188,
159982.SZ,鹏华中证500ETF,中证500,2023,242,0.0872,
159982.SZ,鹏华中证500ETF,中证500,2024,242,0.1973,
159982.SZ,鹏华中证500ETF,中证500,2025,243,0.0892,
159982.SZ,鹏华中证500ETF,中证500,2026,177,0.1828,
159983.SZ,华夏粤港澳大湾区创新100ETF,粤港澳大湾区创新100,2020,170,0.0539,
159983.SZ,华夏粤港澳大湾区创新100ETF,粤港澳大湾区创新100,2021,243,0.0271,
159983.SZ,华夏粤港澳大湾区创新100ETF,粤港澳大湾区创新100,2022,242,0.0317,
159983.SZ,华夏粤港澳大湾区创新100ETF,粤港澳大湾区创新100,2023,238,0.0132,
159984.SZ,南方粤港澳大湾区创新100ETF,粤港澳大湾区创新100,2020,232,0.0392,
159984.SZ,南方粤港澳大湾区创新100ETF,粤港澳大湾区创新100,2021,243,0.005,
159984.SZ,南方粤港澳大湾区创新100ETF,粤港澳大湾区创新100,2022,235,0.0012,
159984.SZ,南方粤港澳大湾区创新100ETF,粤港澳大湾区创新100,2023,120,0.0094,
159985.SZ,华夏饲料豆粕期货ETF,大连商品交易所豆粕期货价格,2020,243,0.2811,
159985.SZ,华夏饲料豆粕期货ETF,大连商品交易所豆粕期货价格,2021,243,0.1648,
159985.SZ,华夏饲料豆粕期货ETF,大连商品交易所豆粕期货价格,2022,242,0.4295,
159985.SZ,华夏饲料豆粕期货ETF,大连商品交易所豆粕期货价格,2023,242,0.8341,Y
159985.SZ,华夏饲料豆粕期货ETF,大连商品交易所豆粕期货价格,2024,242,2.6416,Y
159985.SZ,华夏饲料豆粕期货ETF,大连商品交易所豆粕期货价格,2025,243,2.98,Y
159985.SZ,华夏饲料豆粕期货ETF,大连商品交易所豆粕期货价格,2026,177,5.1637,Y
159986.SZ,弘毅远方国证消费100ETF,国证消费100,2020,231,0.0332,
159986.SZ,弘毅远方国证消费100ETF,国证消费100,2021,243,0.0214,
159986.SZ,弘毅远方国证消费100ETF,国证消费100,2022,190,0.0024,
159987.SZ,银华中证研发创新100ETF,中证研发创新100,2020,243,0.1254,
159987.SZ,银华中证研发创新100ETF,中证研发创新100,2021,243,0.0904,
159987.SZ,银华中证研发创新100ETF,中证研发创新100,2022,242,0.0403,
159987.SZ,银华中证研发创新100ETF,中证研发创新100,2023,242,0.0078,
159987.SZ,银华中证研发创新100ETF,中证研发创新100,2024,158,0.0082,
159988.SZ,平安中债-0-5年广东省地方政府债ETF,中债-0-5年广东省地方政府债,2020,139,0.0252,
159988.SZ,平安中债-0-5年广东省地方政府债ETF,中债-0-5年广东省地方政府债,2021,235,0.0013,
159988.SZ,平安中债-0-5年广东省地方政府债ETF,中债-0-5年广东省地方政府债,2022,108,0.0092,
159990.SZ,银华巨潮小盘价值ETF,巨潮小盘价值,2020,231,0.0654,
159990.SZ,银华巨潮小盘价值ETF,巨潮小盘价值,2021,243,0.0438,
159990.SZ,银华巨潮小盘价值ETF,巨潮小盘价值,2022,242,0.0165,
159990.SZ,银华巨潮小盘价值ETF,巨潮小盘价值,2023,242,0.0197,
159990.SZ,银华巨潮小盘价值ETF,巨潮小盘价值,2024,124,0.0451,
159991.SZ,招商创业板大盘ETF,创业板大盘,2020,169,0.0889,
159991.SZ,招商创业板大盘ETF,创业板大盘,2021,243,0.1107,
159991.SZ,招商创业板大盘ETF,创业板大盘,2022,242,0.0964,
159991.SZ,招商创业板大盘ETF,创业板大盘,2023,242,0.0587,
159991.SZ,招商创业板大盘ETF,创业板大盘,2024,242,0.0999,
159991.SZ,招商创业板大盘ETF,创业板大盘,2025,243,0.0684,
159991.SZ,招商创业板大盘ETF,创业板大盘,2026,177,0.0551,
159992.SZ,银华中证创新药产业ETF,中证创新药产业,2020,179,2.6908,Y
159992.SZ,银华中证创新药产业ETF,中证创新药产业,2021,243,1.674,Y
159992.SZ,银华中证创新药产业ETF,中证创新药产业,2022,242,1.6292,Y
159992.SZ,银华中证创新药产业ETF,中证创新药产业,2023,242,3.0458,Y
159992.SZ,银华中证创新药产业ETF,中证创新药产业,2024,242,2.8975,Y
159992.SZ,银华中证创新药产业ETF,中证创新药产业,2025,243,5.0662,Y
159992.SZ,银华中证创新药产业ETF,中证创新药产业,2026,177,8.2954,Y
159993.SZ,鹏华国证证券龙头ETF,国证证券龙头,2020,223,0.8369,Y
159993.SZ,鹏华国证证券龙头ETF,国证证券龙头,2021,243,0.7814,Y
159993.SZ,鹏华国证证券龙头ETF,国证证券龙头,2022,242,0.4253,
159993.SZ,鹏华国证证券龙头ETF,国证证券龙头,2023,242,0.5312,Y
159993.SZ,鹏华国证证券龙头ETF,国证证券龙头,2024,242,0.6434,Y
159993.SZ,鹏华国证证券龙头ETF,国证证券龙头,2025,243,1.1839,Y
159993.SZ,鹏华国证证券龙头ETF,国证证券龙头,2026,177,1.1576,Y
159994.SZ,银华中证5G通信主题ETF,中证5G通信主题,2020,208,2.9426,Y
159994.SZ,银华中证5G通信主题ETF,中证5G通信主题,2021,243,0.923,Y
159994.SZ,银华中证5G通信主题ETF,中证5G通信主题,2022,242,0.3497,
159994.SZ,银华中证5G通信主题ETF,中证5G通信主题,2023,242,0.3063,
159994.SZ,银华中证5G通信主题ETF,中证5G通信主题,2024,242,0.3219,
159994.SZ,银华中证5G通信主题ETF,中证5G通信主题,2025,243,0.7739,Y
159994.SZ,银华中证5G通信主题ETF,中证5G通信主题,2026,177,2.4155,Y
159995.SZ,华夏国证半导体芯片ETF,国证半导体芯片,2020,222,16.1756,Y
159995.SZ,华夏国证半导体芯片ETF,国证半导体芯片,2021,243,8.459,Y
159995.SZ,华夏国证半导体芯片ETF,国证半导体芯片,2022,242,5.2742,Y
159995.SZ,华夏国证半导体芯片ETF,国证半导体芯片,2023,242,6.1611,Y
159995.SZ,华夏国证半导体芯片ETF,国证半导体芯片,2024,242,6.4325,Y
159995.SZ,华夏国证半导体芯片ETF,国证半导体芯片,2025,243,8.1161,Y
159995.SZ,华夏国证半导体芯片ETF,国证半导体芯片,2026,177,10.921,Y
159996.SZ,国泰中证全指家用电器ETF,中证全指家用电器,2020,197,0.499,
159996.SZ,国泰中证全指家用电器ETF,中证全指家用电器,2021,243,0.6533,Y
159996.SZ,国泰中证全指家用电器ETF,中证全指家用电器,2022,242,1.0569,Y
159996.SZ,国泰中证全指家用电器ETF,中证全指家用电器,2023,242,1.0959,Y
159996.SZ,国泰中证全指家用电器ETF,中证全指家用电器,2024,242,0.9478,Y
159996.SZ,国泰中证全指家用电器ETF,中证全指家用电器,2025,243,0.701,Y
159996.SZ,国泰中证全指家用电器ETF,中证全指家用电器,2026,177,0.6876,Y
159997.SZ,天弘中证电子ETF,中证电子,2020,193,0.7213,Y
159997.SZ,天弘中证电子ETF,中证电子,2021,243,0.6437,Y
159997.SZ,天弘中证电子ETF,中证电子,2022,242,0.3647,
159997.SZ,天弘中证电子ETF,中证电子,2023,242,0.5724,Y
159997.SZ,天弘中证电子ETF,中证电子,2024,242,0.4138,
159997.SZ,天弘中证电子ETF,中证电子,2025,243,0.3458,
159997.SZ,天弘中证电子ETF,中证电子,2026,177,0.8255,Y
159998.SZ,天弘中证计算机主题ETF,中证计算机主题,2020,178,0.3762,
159998.SZ,天弘中证计算机主题ETF,中证计算机主题,2021,243,0.1433,
159998.SZ,天弘中证计算机主题ETF,中证计算机主题,2022,242,0.1492,
159998.SZ,天弘中证计算机主题ETF,中证计算机主题,2023,242,0.794,Y
159998.SZ,天弘中证计算机主题ETF,中证计算机主题,2024,242,0.4971,
159998.SZ,天弘中证计算机主题ETF,中证计算机主题,2025,243,1.008,Y
159998.SZ,天弘中证计算机主题ETF,中证计算机主题,2026,177,1.2956,Y
159999.SZ,永赢中证500ETF,中证500,2020,96,0.0861,
159999.SZ,永赢中证500ETF,中证500,2021,242,0.0133,
159999.SZ,永赢中证500ETF,中证500,2022,227,0.001,
160119.SZ,南方中证500ETF联接(LOF)-A,中证小盘500,2013,238,0.0035,
160119.SZ,南方中证500ETF联接(LOF)-A,中证小盘500,2014,242,0.0064,
160119.SZ,南方中证500ETF联接(LOF)-A,中证小盘500,2015,244,0.0197,
160119.SZ,南方中证500ETF联接(LOF)-A,中证小盘500,2016,244,0.0048,
160119.SZ,南方中证500ETF联接(LOF)-A,中证小盘500,2017,244,0.0037,
160119.SZ,南方中证500ETF联接(LOF)-A,中证小盘500,2018,243,0.0052,
160119.SZ,南方中证500ETF联接(LOF)-A,中证小盘500,2019,244,0.0236,
160119.SZ,南方中证500ETF联接(LOF)-A,中证小盘500,2020,242,0.0214,
160119.SZ,南方中证500ETF联接(LOF)-A,中证小盘500,2021,243,0.0118,
160119.SZ,南方中证500ETF联接(LOF)-A,中证小盘500,2022,242,0.0078,
160119.SZ,南方中证500ETF联接(LOF)-A,中证小盘500,2023,242,0.0042,
160119.SZ,南方中证500ETF联接(LOF)-A,中证小盘500,2024,242,0.0076,
160119.SZ,南方中证500ETF联接(LOF)-A,中证小盘500,2025,243,0.0071,
160119.SZ,南方中证500ETF联接(LOF)-A,中证小盘500,2026,177,0.0087,
160615.SZ,鹏华沪深300ETF联接(LOF)-A,沪深300,2013,211,0.0005,
160615.SZ,鹏华沪深300ETF联接(LOF)-A,沪深300,2014,206,0.0012,
160615.SZ,鹏华沪深300ETF联接(LOF)-A,沪深300,2015,234,0.0021,
160615.SZ,鹏华沪深300ETF联接(LOF)-A,沪深300,2016,200,0.0001,
160615.SZ,鹏华沪深300ETF联接(LOF)-A,沪深300,2017,211,0.0002,
160615.SZ,鹏华沪深300ETF联接(LOF)-A,沪深300,2018,223,0.0001,
160615.SZ,鹏华沪深300ETF联接(LOF)-A,沪深300,2019,217,0.0003,
160615.SZ,鹏华沪深300ETF联接(LOF)-A,沪深300,2020,226,0.0004,
160615.SZ,鹏华沪深300ETF联接(LOF)-A,沪深300,2021,234,0.0004,
160615.SZ,鹏华沪深300ETF联接(LOF)-A,沪深300,2022,241,0.0004,
160615.SZ,鹏华沪深300ETF联接(LOF)-A,沪深300,2023,220,0.0003,
160615.SZ,鹏华沪深300ETF联接(LOF)-A,沪深300,2024,217,0.0005,
160615.SZ,鹏华沪深300ETF联接(LOF)-A,沪深300,2025,231,0.0004,
160615.SZ,鹏华沪深300ETF联接(LOF)-A,沪深300,2026,171,0.0003,
160706.SZ,嘉实沪深300ETF联接(LOF)-A,沪深300,2013,238,0.1108,
160706.SZ,嘉实沪深300ETF联接(LOF)-A,沪深300,2014,245,0.0971,
160706.SZ,嘉实沪深300ETF联接(LOF)-A,沪深300,2015,244,0.2367,
160706.SZ,嘉实沪深300ETF联接(LOF)-A,沪深300,2016,244,0.0317,
160706.SZ,嘉实沪深300ETF联接(LOF)-A,沪深300,2017,244,0.0234,
160706.SZ,嘉实沪深300ETF联接(LOF)-A,沪深300,2018,243,0.028,
160706.SZ,嘉实沪深300ETF联接(LOF)-A,沪深300,2019,244,0.0409,
160706.SZ,嘉实沪深300ETF联接(LOF)-A,沪深300,2020,243,0.0459,
160706.SZ,嘉实沪深300ETF联接(LOF)-A,沪深300,2021,243,0.0273,
160706.SZ,嘉实沪深300ETF联接(LOF)-A,沪深300,2022,242,0.0158,
160706.SZ,嘉实沪深300ETF联接(LOF)-A,沪深300,2023,242,0.0139,
160706.SZ,嘉实沪深300ETF联接(LOF)-A,沪深300,2024,242,0.0263,
160706.SZ,嘉实沪深300ETF联接(LOF)-A,沪深300,2025,243,0.0203,
160706.SZ,嘉实沪深300ETF联接(LOF)-A,沪深300,2026,177,0.0181,
161121.SZ,易方达中证银行ETF联接(LOF)-A,中证银行,2020,92,0.0034,
161121.SZ,易方达中证银行ETF联接(LOF)-A,中证银行,2021,243,0.0066,
161121.SZ,易方达中证银行ETF联接(LOF)-A,中证银行,2022,242,0.0018,
161121.SZ,易方达中证银行ETF联接(LOF)-A,中证银行,2023,240,0.0009,
161121.SZ,易方达中证银行ETF联接(LOF)-A,中证银行,2024,240,0.0015,
161121.SZ,易方达中证银行ETF联接(LOF)-A,中证银行,2025,243,0.0023,
161121.SZ,易方达中证银行ETF联接(LOF)-A,中证银行,2026,177,0.0018,
161130.SZ,易方达纳斯达克100ETF联接(QDII-LOF)-A-CNY,纳斯达克100,2017,113,0.0052,
161130.SZ,易方达纳斯达克100ETF联接(QDII-LOF)-A-CNY,纳斯达克100,2018,231,0.0008,
161130.SZ,易方达纳斯达克100ETF联接(QDII-LOF)-A-CNY,纳斯达克100,2019,196,0.0002,
161130.SZ,易方达纳斯达克100ETF联接(QDII-LOF)-A-CNY,纳斯达克100,2020,243,0.0702,
161130.SZ,易方达纳斯达克100ETF联接(QDII-LOF)-A-CNY,纳斯达克100,2021,243,0.0179,
161130.SZ,易方达纳斯达克100ETF联接(QDII-LOF)-A-CNY,纳斯达克100,2022,242,0.0326,
161130.SZ,易方达纳斯达克100ETF联接(QDII-LOF)-A-CNY,纳斯达克100,2023,242,0.0371,
161130.SZ,易方达纳斯达克100ETF联接(QDII-LOF)-A-CNY,纳斯达克100,2024,242,0.0647,
161130.SZ,易方达纳斯达克100ETF联接(QDII-LOF)-A-CNY,纳斯达克100,2025,243,0.1303,
161130.SZ,易方达纳斯达克100ETF联接(QDII-LOF)-A-CNY,纳斯达克100,2026,177,0.2567,
162412.SZ,华宝中证医疗ETF联接-A,中证医疗,2021,209,0.0175,
162412.SZ,华宝中证医疗ETF联接-A,中证医疗,2022,242,0.0092,
162412.SZ,华宝中证医疗ETF联接-A,中证医疗,2023,242,0.0107,
162412.SZ,华宝中证医疗ETF联接-A,中证医疗,2024,242,0.0088,
162412.SZ,华宝中证医疗ETF联接-A,中证医疗,2025,243,0.0097,
162412.SZ,华宝中证医疗ETF联接-A,中证医疗,2026,177,0.0083,
162711.SZ,广发中证500ETF联接(LOF)-A,中证小盘500,2013,214,0.0023,
162711.SZ,广发中证500ETF联接(LOF)-A,中证小盘500,2014,242,0.004,
162711.SZ,广发中证500ETF联接(LOF)-A,中证小盘500,2015,244,0.0067,
162711.SZ,广发中证500ETF联接(LOF)-A,中证小盘500,2016,242,0.0007,
162711.SZ,广发中证500ETF联接(LOF)-A,中证小盘500,2017,243,0.0005,
162711.SZ,广发中证500ETF联接(LOF)-A,中证小盘500,2018,238,0.0003,
162711.SZ,广发中证500ETF联接(LOF)-A,中证小盘500,2019,243,0.0012,
162711.SZ,广发中证500ETF联接(LOF)-A,中证小盘500,2020,242,0.0013,
162711.SZ,广发中证500ETF联接(LOF)-A,中证小盘500,2021,243,0.0008,
162711.SZ,广发中证500ETF联接(LOF)-A,中证小盘500,2022,238,0.0003,
162711.SZ,广发中证500ETF联接(LOF)-A,中证小盘500,2023,225,0.0002,
162711.SZ,广发中证500ETF联接(LOF)-A,中证小盘500,2024,232,0.0015,
162711.SZ,广发中证500ETF联接(LOF)-A,中证小盘500,2025,242,0.001,
162711.SZ,广发中证500ETF联接(LOF)-A,中证小盘500,2026,177,0.001,
501011.SH,汇添富中证中药ETF联接(LOF)-A,中证中药,2017,200,0.0026,
501011.SH,汇添富中证中药ETF联接(LOF)-A,中证中药,2018,226,0.0002,
501011.SH,汇添富中证中药ETF联接(LOF)-A,中证中药,2019,243,0.0006,
501011.SH,汇添富中证中药ETF联接(LOF)-A,中证中药,2020,243,0.0086,
501011.SH,汇添富中证中药ETF联接(LOF)-A,中证中药,2021,243,0.0304,
501011.SH,汇添富中证中药ETF联接(LOF)-A,中证中药,2022,242,0.1657,
501011.SH,汇添富中证中药ETF联接(LOF)-A,中证中药,2023,242,0.0258,
501011.SH,汇添富中证中药ETF联接(LOF)-A,中证中药,2024,242,0.0084,
501011.SH,汇添富中证中药ETF联接(LOF)-A,中证中药,2025,243,0.0045,
501011.SH,汇添富中证中药ETF联接(LOF)-A,中证中药,2026,177,0.0036,
501012.SH,汇添富中证中药ETF联接(LOF)-C,中证中药,2017,196,0.0026,
501012.SH,汇添富中证中药ETF联接(LOF)-C,中证中药,2018,191,0.0002,
501012.SH,汇添富中证中药ETF联接(LOF)-C,中证中药,2019,222,0.0001,
501012.SH,汇添富中证中药ETF联接(LOF)-C,中证中药,2020,243,0.0013,
501012.SH,汇添富中证中药ETF联接(LOF)-C,中证中药,2021,243,0.0059,
501012.SH,汇添富中证中药ETF联接(LOF)-C,中证中药,2022,242,0.0235,
501012.SH,汇添富中证中药ETF联接(LOF)-C,中证中药,2023,242,0.003,
501012.SH,汇添富中证中药ETF联接(LOF)-C,中证中药,2024,242,0.0015,
501012.SH,汇添富中证中药ETF联接(LOF)-C,中证中药,2025,243,0.0025,
501012.SH,汇添富中证中药ETF联接(LOF)-C,中证中药,2026,177,0.0017,
501029.SH,华宝标普中国A股红利机会ETF联接(LOF)-A,标普中国A股红利机会,2017,220,0.067,
501029.SH,华宝标普中国A股红利机会ETF联接(LOF)-A,标普中国A股红利机会,2018,243,0.0873,
501029.SH,华宝标普中国A股红利机会ETF联接(LOF)-A,标普中国A股红利机会,2019,244,0.0868,
501029.SH,华宝标普中国A股红利机会ETF联接(LOF)-A,标普中国A股红利机会,2020,243,0.0617,
501029.SH,华宝标普中国A股红利机会ETF联接(LOF)-A,标普中国A股红利机会,2021,243,0.0249,
501029.SH,华宝标普中国A股红利机会ETF联接(LOF)-A,标普中国A股红利机会,2022,242,0.0119,
501029.SH,华宝标普中国A股红利机会ETF联接(LOF)-A,标普中国A股红利机会,2023,242,0.0078,
501029.SH,华宝标普中国A股红利机会ETF联接(LOF)-A,标普中国A股红利机会,2024,242,0.0134,
501029.SH,华宝标普中国A股红利机会ETF联接(LOF)-A,标普中国A股红利机会,2025,243,0.006,
501029.SH,华宝标普中国A股红利机会ETF联接(LOF)-A,标普中国A股红利机会,2026,177,0.0088,
501036.SH,汇添富中证500ETF联接(LOF)-A,中证小盘500,2017,60,0.0075,
501036.SH,汇添富中证500ETF联接(LOF)-A,中证小盘500,2018,233,0.0004,
501036.SH,汇添富中证500ETF联接(LOF)-A,中证小盘500,2019,243,0.0011,
501036.SH,汇添富中证500ETF联接(LOF)-A,中证小盘500,2020,243,0.0016,
501036.SH,汇添富中证500ETF联接(LOF)-A,中证小盘500,2021,243,0.002,
501036.SH,汇添富中证500ETF联接(LOF)-A,中证小盘500,2022,242,0.0009,
501036.SH,汇添富中证500ETF联接(LOF)-A,中证小盘500,2023,241,0.0003,
501036.SH,汇添富中证500ETF联接(LOF)-A,中证小盘500,2024,237,0.0042,
501036.SH,汇添富中证500ETF联接(LOF)-A,中证小盘500,2025,243,0.0014,
501036.SH,汇添富中证500ETF联接(LOF)-A,中证小盘500,2026,177,0.0029,
501037.SH,汇添富中证500ETF联接(LOF)-C,中证小盘500,2018,207,0.0003,
501037.SH,汇添富中证500ETF联接(LOF)-C,中证小盘500,2019,241,0.0008,
501037.SH,汇添富中证500ETF联接(LOF)-C,中证小盘500,2020,241,0.0009,
501037.SH,汇添富中证500ETF联接(LOF)-C,中证小盘500,2021,243,0.0007,
501037.SH,汇添富中证500ETF联接(LOF)-C,中证小盘500,2022,232,0.0003,
501037.SH,汇添富中证500ETF联接(LOF)-C,中证小盘500,2023,180,0.0002,
501037.SH,汇添富中证500ETF联接(LOF)-C,中证小盘500,2024,198,0.0006,
501037.SH,汇添富中证500ETF联接(LOF)-C,中证小盘500,2025,217,0.0003,
501037.SH,汇添富中证500ETF联接(LOF)-C,中证小盘500,2026,177,0.001,
501047.SH,汇添富中证全指证券公司ETF联接(LOF)-A,中证全指证券公司,2018,203,0.0007,
501047.SH,汇添富中证全指证券公司ETF联接(LOF)-A,中证全指证券公司,2019,226,0.0011,
501047.SH,汇添富中证全指证券公司ETF联接(LOF)-A,中证全指证券公司,2020,238,0.0021,
501047.SH,汇添富中证全指证券公司ETF联接(LOF)-A,中证全指证券公司,2021,243,0.0008,
501047.SH,汇添富中证全指证券公司ETF联接(LOF)-A,中证全指证券公司,2022,240,0.0003,
501047.SH,汇添富中证全指证券公司ETF联接(LOF)-A,中证全指证券公司,2023,227,0.0003,
501047.SH,汇添富中证全指证券公司ETF联接(LOF)-A,中证全指证券公司,2024,227,0.0009,
501047.SH,汇添富中证全指证券公司ETF联接(LOF)-A,中证全指证券公司,2025,240,0.0006,
501047.SH,汇添富中证全指证券公司ETF联接(LOF)-A,中证全指证券公司,2026,173,0.0005,
501048.SH,汇添富中证全指证券公司ETF联接(LOF)-C,中证全指证券公司,2018,184,0.0024,
501048.SH,汇添富中证全指证券公司ETF联接(LOF)-C,中证全指证券公司,2019,229,0.001,
501048.SH,汇添富中证全指证券公司ETF联接(LOF)-C,中证全指证券公司,2020,243,0.0013,
501048.SH,汇添富中证全指证券公司ETF联接(LOF)-C,中证全指证券公司,2021,243,0.0015,
501048.SH,汇添富中证全指证券公司ETF联接(LOF)-C,中证全指证券公司,2022,238,0.0004,
501048.SH,汇添富中证全指证券公司ETF联接(LOF)-C,中证全指证券公司,2023,228,0.0004,
501048.SH,汇添富中证全指证券公司ETF联接(LOF)-C,中证全指证券公司,2024,232,0.0007,
501048.SH,汇添富中证全指证券公司ETF联接(LOF)-C,中证全指证券公司,2025,241,0.0004,
501048.SH,汇添富中证全指证券公司ETF联接(LOF)-C,中证全指证券公司,2026,176,0.0004,
501090.SH,华宝中证消费龙头ETF联接(LOF)-A,中证消费龙头,2020,241,0.0404,
501090.SH,华宝中证消费龙头ETF联接(LOF)-A,中证消费龙头,2021,243,0.0331,
501090.SH,华宝中证消费龙头ETF联接(LOF)-A,中证消费龙头,2022,242,0.0091,
501090.SH,华宝中证消费龙头ETF联接(LOF)-A,中证消费龙头,2023,242,0.0055,
501090.SH,华宝中证消费龙头ETF联接(LOF)-A,中证消费龙头,2024,242,0.0099,
501090.SH,华宝中证消费龙头ETF联接(LOF)-A,中证消费龙头,2025,243,0.0108,
501090.SH,华宝中证消费龙头ETF联接(LOF)-A,中证消费龙头,2026,177,0.0088,
501301.SH,华宝港股通恒生中国(香港上市)30ETF联接(LOF)-A,香港上市)30,2017,163,0.0181,
501301.SH,华宝港股通恒生中国(香港上市)30ETF联接(LOF)-A,香港上市)30,2018,242,0.0016,
501301.SH,华宝港股通恒生中国(香港上市)30ETF联接(LOF)-A,香港上市)30,2019,241,0.0009,
501301.SH,华宝港股通恒生中国(香港上市)30ETF联接(LOF)-A,香港上市)30,2020,243,0.0016,
501301.SH,华宝港股通恒生中国(香港上市)30ETF联接(LOF)-A,香港上市)30,2021,243,0.0012,
501301.SH,华宝港股通恒生中国(香港上市)30ETF联接(LOF)-A,香港上市)30,2022,238,0.0005,
501301.SH,华宝港股通恒生中国(香港上市)30ETF联接(LOF)-A,香港上市)30,2023,241,0.0003,
501301.SH,华宝港股通恒生中国(香港上市)30ETF联接(LOF)-A,香港上市)30,2024,237,0.0012,
501301.SH,华宝港股通恒生中国(香港上市)30ETF联接(LOF)-A,香港上市)30,2025,243,0.0924,
501301.SH,华宝港股通恒生中国(香港上市)30ETF联接(LOF)-A,香港上市)30,2026,177,0.0326,
501302.SH,南方恒生ETF联接(QDII-LOF)-A,香港恒生,2017,88,0.0019,
501302.SH,南方恒生ETF联接(QDII-LOF)-A,香港恒生,2018,164,0.0003,
501302.SH,南方恒生ETF联接(QDII-LOF)-A,香港恒生,2019,154,0.0001,
501302.SH,南方恒生ETF联接(QDII-LOF)-A,香港恒生,2020,238,0.0013,
501302.SH,南方恒生ETF联接(QDII-LOF)-A,香港恒生,2021,243,0.0016,
501302.SH,南方恒生ETF联接(QDII-LOF)-A,香港恒生,2022,242,0.0021,
501302.SH,南方恒生ETF联接(QDII-LOF)-A,香港恒生,2023,241,0.0011,
501302.SH,南方恒生ETF联接(QDII-LOF)-A,香港恒生,2024,242,0.0041,
501302.SH,南方恒生ETF联接(QDII-LOF)-A,香港恒生,2025,243,0.0783,
501302.SH,南方恒生ETF联接(QDII-LOF)-A,香港恒生,2026,177,0.0048,
501305.SH,汇添富中证港股通高股息投资ETF联接(LOF)-A,中证港股通高股息投资,2018,200,0.0028,
501305.SH,汇添富中证港股通高股息投资ETF联接(LOF)-A,中证港股通高股息投资,2019,210,0.0008,
501305.SH,汇添富中证港股通高股息投资ETF联接(LOF)-A,中证港股通高股息投资,2020,224,0.0005,
501305.SH,汇添富中证港股通高股息投资ETF联接(LOF)-A,中证港股通高股息投资,2021,221,0.0009,
501305.SH,汇添富中证港股通高股息投资ETF联接(LOF)-A,中证港股通高股息投资,2022,234,0.0006,
501305.SH,汇添富中证港股通高股息投资ETF联接(LOF)-A,中证港股通高股息投资,2023,227,0.0005,
501305.SH,汇添富中证港股通高股息投资ETF联接(LOF)-A,中证港股通高股息投资,2024,240,0.0015,
501305.SH,汇添富中证港股通高股息投资ETF联接(LOF)-A,中证港股通高股息投资,2025,243,0.0927,
501305.SH,汇添富中证港股通高股息投资ETF联接(LOF)-A,中证港股通高股息投资,2026,177,0.0047,
501306.SH,汇添富中证港股通高股息投资ETF联接(LOF)-C,中证港股通高股息投资,2018,146,0.0019,
501306.SH,汇添富中证港股通高股息投资ETF联接(LOF)-C,中证港股通高股息投资,2019,94,0.0002,
501306.SH,汇添富中证港股通高股息投资ETF联接(LOF)-C,中证港股通高股息投资,2020,187,0.0003,
501306.SH,汇添富中证港股通高股息投资ETF联接(LOF)-C,中证港股通高股息投资,2021,236,0.0004,
501306.SH,汇添富中证港股通高股息投资ETF联接(LOF)-C,中证港股通高股息投资,2022,212,0.0011,
501306.SH,汇添富中证港股通高股息投资ETF联接(LOF)-C,中证港股通高股息投资,2023,193,0.0006,
501306.SH,汇添富中证港股通高股息投资ETF联接(LOF)-C,中证港股通高股息投资,2024,234,0.0009,
501306.SH,汇添富中证港股通高股息投资ETF联接(LOF)-C,中证港股通高股息投资,2025,243,0.0739,
501306.SH,汇添富中证港股通高股息投资ETF联接(LOF)-C,中证港股通高股息投资,2026,176,0.0039,
502056.SH,广发中证医疗ETF联接(LOF)-A,中证医疗,2015,102,0.0455,
502056.SH,广发中证医疗ETF联接(LOF)-A,中证医疗,2016,239,0.0049,
502056.SH,广发中证医疗ETF联接(LOF)-A,中证医疗,2017,233,0.0003,
502056.SH,广发中证医疗ETF联接(LOF)-A,中证医疗,2018,240,0.0004,
502056.SH,广发中证医疗ETF联接(LOF)-A,中证医疗,2019,237,0.0004,
502056.SH,广发中证医疗ETF联接(LOF)-A,中证医疗,2020,232,0.0034,
502056.SH,广发中证医疗ETF联接(LOF)-A,中证医疗,2021,243,0.0071,
502056.SH,广发中证医疗ETF联接(LOF)-A,中证医疗,2022,242,0.0044,
502056.SH,广发中证医疗ETF联接(LOF)-A,中证医疗,2023,242,0.0022,
502056.SH,广发中证医疗ETF联接(LOF)-A,中证医疗,2024,242,0.0013,
502056.SH,广发中证医疗ETF联接(LOF)-A,中证医疗,2025,243,0.0016,
502056.SH,广发中证医疗ETF联接(LOF)-A,中证医疗,2026,177,0.0021,
510010.SH,交银上证180公司治理ETF,上证180公司治理,2013,238,0.0424,
510010.SH,交银上证180公司治理ETF,上证180公司治理,2014,245,0.1243,
510010.SH,交银上证180公司治理ETF,上证180公司治理,2015,244,1.1419,Y
510010.SH,交银上证180公司治理ETF,上证180公司治理,2016,244,0.0031,
510010.SH,交银上证180公司治理ETF,上证180公司治理,2017,243,0.0011,
510010.SH,交银上证180公司治理ETF,上证180公司治理,2018,241,0.0008,
510010.SH,交银上证180公司治理ETF,上证180公司治理,2019,242,0.0015,
510010.SH,交银上证180公司治理ETF,上证180公司治理,2020,243,0.0013,
510010.SH,交银上证180公司治理ETF,上证180公司治理,2021,242,0.0009,
510010.SH,交银上证180公司治理ETF,上证180公司治理,2022,242,0.0004,
510010.SH,交银上证180公司治理ETF,上证180公司治理,2023,234,0.0004,
510010.SH,交银上证180公司治理ETF,上证180公司治理,2024,237,0.0051,
510010.SH,交银上证180公司治理ETF,上证180公司治理,2025,243,0.0019,
510010.SH,交银上证180公司治理ETF,上证180公司治理,2026,177,0.0027,
510020.SH,博时上证超级大盘ETF,上证超级大盘,2013,238,0.0144,
510020.SH,博时上证超级大盘ETF,上证超级大盘,2014,245,0.009,
510020.SH,博时上证超级大盘ETF,上证超级大盘,2015,244,0.1829,
510020.SH,博时上证超级大盘ETF,上证超级大盘,2016,244,0.0011,
510020.SH,博时上证超级大盘ETF,上证超级大盘,2017,243,0.0032,
510020.SH,博时上证超级大盘ETF,上证超级大盘,2018,240,0.001,
510020.SH,博时上证超级大盘ETF,上证超级大盘,2019,241,0.0054,
510020.SH,博时上证超级大盘ETF,上证超级大盘,2020,242,0.0037,
510020.SH,博时上证超级大盘ETF,上证超级大盘,2021,243,0.0029,
510020.SH,博时上证超级大盘ETF,上证超级大盘,2022,242,0.0081,
510020.SH,博时上证超级大盘ETF,上证超级大盘,2023,242,0.0354,
510020.SH,博时上证超级大盘ETF,上证超级大盘,2024,242,0.0353,
510020.SH,博时上证超级大盘ETF,上证超级大盘,2025,243,0.0254,
510020.SH,博时上证超级大盘ETF,上证超级大盘,2026,177,0.0307,
510030.SH,华宝上证180价值ETF,上证180价值,2013,238,0.1486,
510030.SH,华宝上证180价值ETF,上证180价值,2014,245,0.384,
510030.SH,华宝上证180价值ETF,上证180价值,2015,244,0.6028,Y
510030.SH,华宝上证180价值ETF,上证180价值,2016,243,0.0022,
510030.SH,华宝上证180价值ETF,上证180价值,2017,236,0.0011,
510030.SH,华宝上证180价值ETF,上证180价值,2018,243,0.0022,
510030.SH,华宝上证180价值ETF,上证180价值,2019,244,0.0041,
510030.SH,华宝上证180价值ETF,上证180价值,2020,243,0.0071,
510030.SH,华宝上证180价值ETF,上证180价值,2021,242,0.0092,
510030.SH,华宝上证180价值ETF,上证180价值,2022,242,0.0119,
510030.SH,华宝上证180价值ETF,上证180价值,2023,242,0.0156,
510030.SH,华宝上证180价值ETF,上证180价值,2024,242,0.0302,
510030.SH,华宝上证180价值ETF,上证180价值,2025,243,0.0461,
510030.SH,华宝上证180价值ETF,上证180价值,2026,177,0.0518,
510040.SH,鹏华上证180ETF,上证180,2025,241,0.0707,
510040.SH,鹏华上证180ETF,上证180,2026,177,0.0357,
510050.SH,华夏上证50ETF,上海证券交易所50成份,2013,238,7.6137,Y
510050.SH,华夏上证50ETF,上海证券交易所50成份,2014,245,8.9896,Y
510050.SH,华夏上证50ETF,上海证券交易所50成份,2015,244,36.262,Y
510050.SH,华夏上证50ETF,上海证券交易所50成份,2016,244,5.455,Y
510050.SH,华夏上证50ETF,上海证券交易所50成份,2017,244,8.2574,Y
510050.SH,华夏上证50ETF,上海证券交易所50成份,2018,243,17.6952,Y
510050.SH,华夏上证50ETF,上海证券交易所50成份,2019,244,20.0742,Y
510050.SH,华夏上证50ETF,上海证券交易所50成份,2020,243,15.6925,Y
510050.SH,华夏上证50ETF,上海证券交易所50成份,2021,243,20.3868,Y
510050.SH,华夏上证50ETF,上海证券交易所50成份,2022,242,19.6073,Y
510050.SH,华夏上证50ETF,上海证券交易所50成份,2023,242,18.4556,Y
510050.SH,华夏上证50ETF,上海证券交易所50成份,2024,242,28.3077,Y
510050.SH,华夏上证50ETF,上海证券交易所50成份,2025,243,22.049,Y
510050.SH,华夏上证50ETF,上海证券交易所50成份,2026,177,29.2499,Y
510060.SH,工银瑞信上证中央企业50ETF,上证中央企业50,2013,238,0.0138,
510060.SH,工银瑞信上证中央企业50ETF,上证中央企业50,2014,245,0.2666,
510060.SH,工银瑞信上证中央企业50ETF,上证中央企业50,2015,244,0.8161,Y
510060.SH,工银瑞信上证中央企业50ETF,上证中央企业50,2016,244,0.0218,
510060.SH,工银瑞信上证中央企业50ETF,上证中央企业50,2017,244,0.0107,
510060.SH,工银瑞信上证中央企业50ETF,上证中央企业50,2018,243,0.0082,
510060.SH,工银瑞信上证中央企业50ETF,上证中央企业50,2019,244,0.0036,
510060.SH,工银瑞信上证中央企业50ETF,上证中央企业50,2020,243,0.0049,
510060.SH,工银瑞信上证中央企业50ETF,上证中央企业50,2021,243,0.0031,
510060.SH,工银瑞信上证中央企业50ETF,上证中央企业50,2022,242,0.0043,
510060.SH,工银瑞信上证中央企业50ETF,上证中央企业50,2023,242,0.0242,
510060.SH,工银瑞信上证中央企业50ETF,上证中央企业50,2024,242,0.0564,
510060.SH,工银瑞信上证中央企业50ETF,上证中央企业50,2025,243,0.02,
510060.SH,工银瑞信上证中央企业50ETF,上证中央企业50,2026,177,0.0061,
510070.SH,鹏华上证民营企业50ETF,上证民营企业50,2013,238,0.013,
510070.SH,鹏华上证民营企业50ETF,上证民营企业50,2014,243,0.0147,
510070.SH,鹏华上证民营企业50ETF,上证民营企业50,2015,243,0.0682,
510070.SH,鹏华上证民营企业50ETF,上证民营企业50,2016,214,0.0023,
510070.SH,鹏华上证民营企业50ETF,上证民营企业50,2017,188,0.0014,
510070.SH,鹏华上证民营企业50ETF,上证民营企业50,2018,169,0.0021,
510070.SH,鹏华上证民营企业50ETF,上证民营企业50,2019,210,0.004,
510070.SH,鹏华上证民营企业50ETF,上证民营企业50,2020,111,0.0012,
510090.SH,建信上证社会责任ETF,上证社会责任,2013,208,0.0013,
510090.SH,建信上证社会责任ETF,上证社会责任,2014,214,0.0008,
510090.SH,建信上证社会责任ETF,上证社会责任,2015,233,0.0046,
510090.SH,建信上证社会责任ETF,上证社会责任,2016,216,0.0002,
510090.SH,建信上证社会责任ETF,上证社会责任,2017,194,0.0002,
510090.SH,建信上证社会责任ETF,上证社会责任,2018,224,0.0002,
510090.SH,建信上证社会责任ETF,上证社会责任,2019,227,0.0003,
510090.SH,建信上证社会责任ETF,上证社会责任,2020,236,0.0008,
510090.SH,建信上证社会责任ETF,上证社会责任,2021,239,0.001,
510090.SH,建信上证社会责任ETF,上证社会责任,2022,217,0.0005,
510090.SH,建信上证社会责任ETF,上证社会责任,2023,225,0.0007,
510090.SH,建信上证社会责任ETF,上证社会责任,2024,228,0.0011,
510090.SH,建信上证社会责任ETF,上证社会责任,2025,242,0.002,
510090.SH,建信上证社会责任ETF,上证社会责任,2026,177,0.0029,
510100.SH,易方达上证50ETF,上证50,2019,60,0.2405,
510100.SH,易方达上证50ETF,上证50,2020,243,0.1634,
510100.SH,易方达上证50ETF,上证50,2021,243,0.2279,
510100.SH,易方达上证50ETF,上证50,2022,242,0.3297,
510100.SH,易方达上证50ETF,上证50,2023,241,1.0581,Y
510100.SH,易方达上证50ETF,上证50,2024,242,1.9127,Y
510100.SH,易方达上证50ETF,上证50,2025,243,2.3288,Y
510100.SH,易方达上证50ETF,上证50,2026,177,4.2035,Y
510110.SH,海富通上证周期行业50ETF,上证周期行业50,2013,229,0.0065,
510110.SH,海富通上证周期行业50ETF,上证周期行业50,2014,230,0.1138,
510110.SH,海富通上证周期行业50ETF,上证周期行业50,2015,236,0.1239,
510110.SH,海富通上证周期行业50ETF,上证周期行业50,2016,208,0.0008,
510110.SH,海富通上证周期行业50ETF,上证周期行业50,2017,213,0.0006,
510110.SH,海富通上证周期行业50ETF,上证周期行业50,2018,194,0.0006,
510110.SH,海富通上证周期行业50ETF,上证周期行业50,2019,231,0.0025,
510110.SH,海富通上证周期行业50ETF,上证周期行业50,2020,241,0.0051,
510110.SH,海富通上证周期行业50ETF,上证周期行业50,2021,243,0.0043,
510110.SH,海富通上证周期行业50ETF,上证周期行业50,2022,241,0.0008,
510110.SH,海富通上证周期行业50ETF,上证周期行业50,2023,118,0.0023,
510120.SH,海富通上证非周期行业100ETF,上证非周期行业100,2013,235,0.0042,
510120.SH,海富通上证非周期行业100ETF,上证非周期行业100,2014,240,0.0074,
510120.SH,海富通上证非周期行业100ETF,上证非周期行业100,2015,237,0.0814,
510120.SH,海富通上证非周期行业100ETF,上证非周期行业100,2016,190,0.0004,
510120.SH,海富通上证非周期行业100ETF,上证非周期行业100,2017,181,0.0004,
510120.SH,海富通上证非周期行业100ETF,上证非周期行业100,2018,158,0.0002,
510120.SH,海富通上证非周期行业100ETF,上证非周期行业100,2019,192,0.0002,
510120.SH,海富通上证非周期行业100ETF,上证非周期行业100,2020,227,0.001,
510120.SH,海富通上证非周期行业100ETF,上证非周期行业100,2021,229,0.0007,
510120.SH,海富通上证非周期行业100ETF,上证非周期行业100,2022,193,0.0011,
510120.SH,海富通上证非周期行业100ETF,上证非周期行业100,2023,110,0.0004,
510130.SH,易方达上证中盘ETF,上证中盘,2013,238,0.0401,
510130.SH,易方达上证中盘ETF,上证中盘,2014,245,0.0196,
510130.SH,易方达上证中盘ETF,上证中盘,2015,244,0.6139,Y
510130.SH,易方达上证中盘ETF,上证中盘,2016,229,0.0025,
510130.SH,易方达上证中盘ETF,上证中盘,2017,218,0.0023,
510130.SH,易方达上证中盘ETF,上证中盘,2018,200,0.0013,
510130.SH,易方达上证中盘ETF,上证中盘,2019,221,0.0009,
510130.SH,易方达上证中盘ETF,上证中盘,2020,234,0.0055,
510130.SH,易方达上证中盘ETF,上证中盘,2021,241,0.004,
510130.SH,易方达上证中盘ETF,上证中盘,2022,220,0.0021,
510130.SH,易方达上证中盘ETF,上证中盘,2023,241,0.0072,
510130.SH,易方达上证中盘ETF,上证中盘,2024,239,0.0157,
510130.SH,易方达上证中盘ETF,上证中盘,2025,243,0.0137,
510130.SH,易方达上证中盘ETF,上证中盘,2026,177,0.0236,
510150.SH,招商上证消费80ETF,上证消费80,2013,237,0.0104,
510150.SH,招商上证消费80ETF,上证消费80,2014,242,0.0063,
510150.SH,招商上证消费80ETF,上证消费80,2015,244,0.076,
510150.SH,招商上证消费80ETF,上证消费80,2016,241,0.001,
510150.SH,招商上证消费80ETF,上证消费80,2017,238,0.0006,
510150.SH,招商上证消费80ETF,上证消费80,2018,243,0.0212,
510150.SH,招商上证消费80ETF,上证消费80,2019,244,0.0425,
510150.SH,招商上证消费80ETF,上证消费80,2020,243,0.1425,
510150.SH,招商上证消费80ETF,上证消费80,2021,242,0.2246,
510150.SH,招商上证消费80ETF,上证消费80,2022,242,0.2887,
510150.SH,招商上证消费80ETF,上证消费80,2023,242,0.4171,
510150.SH,招商上证消费80ETF,上证消费80,2024,242,0.5842,Y
510150.SH,招商上证消费80ETF,上证消费80,2025,243,0.6699,Y
510150.SH,招商上证消费80ETF,上证消费80,2026,177,0.4206,
510160.SH,南方中证南方小康产业ETF,中证南方小康产业,2013,238,0.0267,
510160.SH,南方中证南方小康产业ETF,中证南方小康产业,2014,245,0.0315,
510160.SH,南方中证南方小康产业ETF,中证南方小康产业,2015,244,0.201,
510160.SH,南方中证南方小康产业ETF,中证南方小康产业,2016,244,0.0113,
510160.SH,南方中证南方小康产业ETF,中证南方小康产业,2017,244,0.0891,
510160.SH,南方中证南方小康产业ETF,中证南方小康产业,2018,243,0.0066,
510160.SH,南方中证南方小康产业ETF,中证南方小康产业,2019,244,0.0033,
510160.SH,南方中证南方小康产业ETF,中证南方小康产业,2020,243,0.0084,
510160.SH,南方中证南方小康产业ETF,中证南方小康产业,2021,243,0.0035,
510160.SH,南方中证南方小康产业ETF,中证南方小康产业,2022,242,0.0047,
510160.SH,南方中证南方小康产业ETF,中证南方小康产业,2023,242,0.0102,
510160.SH,南方中证南方小康产业ETF,中证南方小康产业,2024,242,0.0157,
510160.SH,南方中证南方小康产业ETF,中证南方小康产业,2025,243,0.0092,
510160.SH,南方中证南方小康产业ETF,中证南方小康产业,2026,177,0.0064,
510170.SH,国联安上证大宗商品股票ETF,上证大宗商品股票,2013,238,0.129,
510170.SH,国联安上证大宗商品股票ETF,上证大宗商品股票,2014,245,0.1122,
510170.SH,国联安上证大宗商品股票ETF,上证大宗商品股票,2015,241,0.8918,Y
510170.SH,国联安上证大宗商品股票ETF,上证大宗商品股票,2016,241,0.0012,
510170.SH,国联安上证大宗商品股票ETF,上证大宗商品股票,2017,237,0.0009,
510170.SH,国联安上证大宗商品股票ETF,上证大宗商品股票,2018,222,0.0004,
510170.SH,国联安上证大宗商品股票ETF,上证大宗商品股票,2019,240,0.005,
510170.SH,国联安上证大宗商品股票ETF,上证大宗商品股票,2020,242,0.0065,
510170.SH,国联安上证大宗商品股票ETF,上证大宗商品股票,2021,243,0.1027,
510170.SH,国联安上证大宗商品股票ETF,上证大宗商品股票,2022,241,0.0707,
510170.SH,国联安上证大宗商品股票ETF,上证大宗商品股票,2023,242,0.0229,
510170.SH,国联安上证大宗商品股票ETF,上证大宗商品股票,2024,242,0.0476,
510170.SH,国联安上证大宗商品股票ETF,上证大宗商品股票,2025,243,0.0511,
510170.SH,国联安上证大宗商品股票ETF,上证大宗商品股票,2026,177,0.2593,
510180.SH,华安上证180ETF,上海证券交易所180成份,2013,236,2.2771,Y
510180.SH,华安上证180ETF,上海证券交易所180成份,2014,245,2.9784,Y
510180.SH,华安上证180ETF,上海证券交易所180成份,2015,244,11.7707,Y
510180.SH,华安上证180ETF,上海证券交易所180成份,2016,244,0.2617,
510180.SH,华安上证180ETF,上海证券交易所180成份,2017,244,0.2882,
510180.SH,华安上证180ETF,上海证券交易所180成份,2018,243,0.4357,
510180.SH,华安上证180ETF,上海证券交易所180成份,2019,244,0.7356,Y
510180.SH,华安上证180ETF,上海证券交易所180成份,2020,243,0.7765,Y
510180.SH,华安上证180ETF,上海证券交易所180成份,2021,243,0.6954,Y
510180.SH,华安上证180ETF,上海证券交易所180成份,2022,242,0.7898,Y
510180.SH,华安上证180ETF,上海证券交易所180成份,2023,242,0.9811,Y
510180.SH,华安上证180ETF,上海证券交易所180成份,2024,242,0.774,Y
510180.SH,华安上证180ETF,上海证券交易所180成份,2025,243,0.7314,Y
510180.SH,华安上证180ETF,上海证券交易所180成份,2026,177,1.0399,Y
510190.SH,华安上证50ETF,上证50,2013,232,0.0033,
510190.SH,华安上证50ETF,上证50,2014,234,0.0093,
510190.SH,华安上证50ETF,上证50,2015,244,0.1441,
510190.SH,华安上证50ETF,上证50,2016,234,0.0008,
510190.SH,华安上证50ETF,上证50,2017,236,0.0007,
510190.SH,华安上证50ETF,上证50,2018,240,0.0018,
510190.SH,华安上证50ETF,上证50,2019,244,0.0054,
510190.SH,华安上证50ETF,上证50,2020,243,0.0071,
510190.SH,华安上证50ETF,上证50,2021,243,0.0044,
510190.SH,华安上证50ETF,上证50,2022,241,0.0015,
510190.SH,华安上证50ETF,上证50,2023,236,0.0164,
510190.SH,华安上证50ETF,上证50,2024,242,0.062,
510190.SH,华安上证50ETF,上证50,2025,243,0.04,
510190.SH,华安上证50ETF,上证50,2026,177,0.0196,
510200.SH,汇安上证证券ETF,上证证券行业,2020,162,0.0669,
510200.SH,汇安上证证券ETF,上证证券行业,2021,243,0.0554,
510200.SH,汇安上证证券ETF,上证证券行业,2022,242,0.0218,
510200.SH,汇安上证证券ETF,上证证券行业,2023,242,0.0243,
510200.SH,汇安上证证券ETF,上证证券行业,2024,242,0.0653,
510200.SH,汇安上证证券ETF,上证证券行业,2025,243,0.0655,
510200.SH,汇安上证证券ETF,上证证券行业,2026,177,0.0529,
510210.SH,富国上证综指ETF,上海证券交易所综合,2013,229,0.0025,
510210.SH,富国上证综指ETF,上海证券交易所综合,2014,230,0.0063,
510210.SH,富国上证综指ETF,上海证券交易所综合,2015,244,0.1003,
510210.SH,富国上证综指ETF,上海证券交易所综合,2016,239,0.0006,
510210.SH,富国上证综指ETF,上海证券交易所综合,2017,231,0.0006,
510210.SH,富国上证综指ETF,上海证券交易所综合,2018,240,0.0007,
510210.SH,富国上证综指ETF,上海证券交易所综合,2019,244,0.0789,
510210.SH,富国上证综指ETF,上海证券交易所综合,2020,243,0.1901,
510210.SH,富国上证综指ETF,上海证券交易所综合,2021,242,0.28,
510210.SH,富国上证综指ETF,上海证券交易所综合,2022,242,0.747,Y
510210.SH,富国上证综指ETF,上海证券交易所综合,2023,242,1.8656,Y
510210.SH,富国上证综指ETF,上海证券交易所综合,2024,242,4.0323,Y
510210.SH,富国上证综指ETF,上海证券交易所综合,2025,243,2.9937,Y
510210.SH,富国上证综指ETF,上海证券交易所综合,2026,177,7.7834,Y
510220.SH,华泰柏瑞上证中小盘ETF,上证中小盘,2013,237,0.0029,
510220.SH,华泰柏瑞上证中小盘ETF,上证中小盘,2014,236,0.0046,
510220.SH,华泰柏瑞上证中小盘ETF,上证中小盘,2015,244,0.034,
510220.SH,华泰柏瑞上证中小盘ETF,上证中小盘,2016,243,0.0016,
510220.SH,华泰柏瑞上证中小盘ETF,上证中小盘,2017,236,0.0007,
510220.SH,华泰柏瑞上证中小盘ETF,上证中小盘,2018,239,0.0016,
510220.SH,华泰柏瑞上证中小盘ETF,上证中小盘,2019,243,0.0031,
510220.SH,华泰柏瑞上证中小盘ETF,上证中小盘,2020,242,0.0041,
510220.SH,华泰柏瑞上证中小盘ETF,上证中小盘,2021,243,0.0026,
510220.SH,华泰柏瑞上证中小盘ETF,上证中小盘,2022,210,0.0014,
510230.SH,国泰上证180金融ETF,上证180金融股,2013,238,0.3074,
510230.SH,国泰上证180金融ETF,上证180金融股,2014,245,1.6402,Y
510230.SH,国泰上证180金融ETF,上证180金融股,2015,244,4.9995,Y
510230.SH,国泰上证180金融ETF,上证180金融股,2016,244,0.0274,
510230.SH,国泰上证180金融ETF,上证180金融股,2017,244,0.0285,
510230.SH,国泰上证180金融ETF,上证180金融股,2018,243,0.1684,
510230.SH,国泰上证180金融ETF,上证180金融股,2019,244,0.2765,
510230.SH,国泰上证180金融ETF,上证180金融股,2020,242,0.5168,Y
510230.SH,国泰上证180金融ETF,上证180金融股,2021,243,0.6841,Y
510230.SH,国泰上证180金融ETF,上证180金融股,2022,242,0.527,Y
510230.SH,国泰上证180金融ETF,上证180金融股,2023,242,0.5539,Y
510230.SH,国泰上证180金融ETF,上证180金融股,2024,242,0.446,
510230.SH,国泰上证180金融ETF,上证180金融股,2025,243,0.5384,Y
510230.SH,国泰上证180金融ETF,上证180金融股,2026,177,0.829,Y
510260.SH,诺安上证新兴产业ETF,上证新兴产业,2013,238,0.0169,
510260.SH,诺安上证新兴产业ETF,上证新兴产业,2014,245,0.0599,
510260.SH,诺安上证新兴产业ETF,上证新兴产业,2015,243,1.3236,Y
510260.SH,诺安上证新兴产业ETF,上证新兴产业,2016,242,0.0009,
510260.SH,诺安上证新兴产业ETF,上证新兴产业,2017,238,0.0006,
510260.SH,诺安上证新兴产业ETF,上证新兴产业,2018,228,0.0004,
510260.SH,诺安上证新兴产业ETF,上证新兴产业,2019,115,0.0014,
510270.SH,中银上证国有企业100ETF,上证国有企业100,2013,237,0.0031,
510270.SH,中银上证国有企业100ETF,上证国有企业100,2014,240,0.0063,
510270.SH,中银上证国有企业100ETF,上证国有企业100,2015,244,0.0243,
510270.SH,中银上证国有企业100ETF,上证国有企业100,2016,244,0.0012,
510270.SH,中银上证国有企业100ETF,上证国有企业100,2017,241,0.0007,
510270.SH,中银上证国有企业100ETF,上证国有企业100,2018,235,0.0005,
510270.SH,中银上证国有企业100ETF,上证国有企业100,2019,242,0.0011,
510270.SH,中银上证国有企业100ETF,上证国有企业100,2020,241,0.0023,
510270.SH,中银上证国有企业100ETF,上证国有企业100,2021,243,0.002,
510270.SH,中银上证国有企业100ETF,上证国有企业100,2022,239,0.0028,
510270.SH,中银上证国有企业100ETF,上证国有企业100,2023,242,0.0085,
510270.SH,中银上证国有企业100ETF,上证国有企业100,2024,242,0.0171,
510270.SH,中银上证国有企业100ETF,上证国有企业100,2025,243,0.0083,
510270.SH,中银上证国有企业100ETF,上证国有企业100,2026,177,0.0321,
510280.SH,华宝上证180成长ETF,上证180成长,2013,238,0.0071,
510280.SH,华宝上证180成长ETF,上证180成长,2014,244,0.0262,
510280.SH,华宝上证180成长ETF,上证180成长,2015,239,0.0637,
510280.SH,华宝上证180成长ETF,上证180成长,2016,180,0.0007,
510280.SH,华宝上证180成长ETF,上证180成长,2017,221,0.0005,
510280.SH,华宝上证180成长ETF,上证180成长,2018,216,0.0008,
510290.SH,南方上证380ETF,上证380,2013,235,0.0125,
510290.SH,南方上证380ETF,上证380,2014,245,0.0337,
510290.SH,南方上证380ETF,上证380,2015,244,0.6244,Y
510290.SH,南方上证380ETF,上证380,2016,244,0.0097,
510290.SH,南方上证380ETF,上证380,2017,243,0.0082,
510290.SH,南方上证380ETF,上证380,2018,243,0.0023,
510290.SH,南方上证380ETF,上证380,2019,243,0.0083,
510290.SH,南方上证380ETF,上证380,2020,243,0.0128,
510290.SH,南方上证380ETF,上证380,2021,243,0.0035,
510290.SH,南方上证380ETF,上证380,2022,242,0.002,
510290.SH,南方上证380ETF,上证380,2023,242,0.0061,
510290.SH,南方上证380ETF,上证380,2024,242,0.0131,
510290.SH,南方上证380ETF,上证380,2025,243,0.0156,
510290.SH,南方上证380ETF,上证380,2026,177,0.0263,
510300.SH,华泰柏瑞沪深300ETF,沪深300,2013,238,9.5565,Y
510300.SH,华泰柏瑞沪深300ETF,沪深300,2014,245,15.642,Y
510300.SH,华泰柏瑞沪深300ETF,沪深300,2015,244,34.2619,Y
510300.SH,华泰柏瑞沪深300ETF,沪深300,2016,244,6.2277,Y
510300.SH,华泰柏瑞沪深300ETF,沪深300,2017,244,4.2263,Y
510300.SH,华泰柏瑞沪深300ETF,沪深300,2018,243,7.9462,Y
510300.SH,华泰柏瑞沪深300ETF,沪深300,2019,244,13.164,Y
510300.SH,华泰柏瑞沪深300ETF,沪深300,2020,243,19.3032,Y
510300.SH,华泰柏瑞沪深300ETF,沪深300,2021,243,21.1993,Y
510300.SH,华泰柏瑞沪深300ETF,沪深300,2022,242,21.1263,Y
510300.SH,华泰柏瑞沪深300ETF,沪深300,2023,242,30.2437,Y
510300.SH,华泰柏瑞沪深300ETF,沪深300,2024,242,53.4443,Y
510300.SH,华泰柏瑞沪深300ETF,沪深300,2025,243,39.1093,Y
510300.SH,华泰柏瑞沪深300ETF,沪深300,2026,177,59.3494,Y
510310.SH,易方达沪深300ETF,沪深300,2013,187,0.1783,
510310.SH,易方达沪深300ETF,沪深300,2014,245,0.1637,
510310.SH,易方达沪深300ETF,沪深300,2015,244,0.3107,
510310.SH,易方达沪深300ETF,沪深300,2016,244,0.0374,
510310.SH,易方达沪深300ETF,沪深300,2017,244,0.0373,
510310.SH,易方达沪深300ETF,沪深300,2018,243,0.0855,
510310.SH,易方达沪深300ETF,沪深300,2019,244,0.7351,Y
510310.SH,易方达沪深300ETF,沪深300,2020,243,2.0145,Y
510310.SH,易方达沪深300ETF,沪深300,2021,243,1.7004,Y
510310.SH,易方达沪深300ETF,沪深300,2022,242,1.423,Y
510310.SH,易方达沪深300ETF,沪深300,2023,242,4.3481,Y
510310.SH,易方达沪深300ETF,沪深300,2024,242,18.2277,Y
510310.SH,易方达沪深300ETF,沪深300,2025,243,11.2618,Y
510310.SH,易方达沪深300ETF,沪深300,2026,177,23.9282,Y
510320.SH,中金沪深300ETF,沪深300,2025,169,0.1892,
510320.SH,中金沪深300ETF,沪深300,2026,177,0.2165,
510330.SH,华夏沪深300ETF,沪深300,2013,230,0.7358,Y
510330.SH,华夏沪深300ETF,沪深300,2014,245,1.3203,Y
510330.SH,华夏沪深300ETF,沪深300,2015,244,1.8501,Y
510330.SH,华夏沪深300ETF,沪深300,2016,244,0.0974,
510330.SH,华夏沪深300ETF,沪深300,2017,244,0.1237,
510330.SH,华夏沪深300ETF,沪深300,2018,243,1.124,Y
510330.SH,华夏沪深300ETF,沪深300,2019,244,4.4995,Y
510330.SH,华夏沪深300ETF,沪深300,2020,243,6.6898,Y
510330.SH,华夏沪深300ETF,沪深300,2021,243,5.5138,Y
510330.SH,华夏沪深300ETF,沪深300,2022,242,4.6992,Y
510330.SH,华夏沪深300ETF,沪深300,2023,242,5.9258,Y
510330.SH,华夏沪深300ETF,沪深300,2024,242,10.9695,Y
510330.SH,华夏沪深300ETF,沪深300,2025,243,6.0995,Y
510330.SH,华夏沪深300ETF,沪深300,2026,177,17.0434,Y
510350.SH,工银瑞信沪深300ETF,沪深300,2019,92,1.4609,Y
510350.SH,工银瑞信沪深300ETF,沪深300,2020,243,0.6992,Y
510350.SH,工银瑞信沪深300ETF,沪深300,2021,243,0.2625,
510350.SH,工银瑞信沪深300ETF,沪深300,2022,242,0.3176,
510350.SH,工银瑞信沪深300ETF,沪深300,2023,242,0.1911,
510350.SH,工银瑞信沪深300ETF,沪深300,2024,242,0.3538,
510350.SH,工银瑞信沪深300ETF,沪深300,2025,243,0.3789,
510350.SH,工银瑞信沪深300ETF,沪深300,2026,177,0.2865,
510360.SH,广发沪深300ETF,沪深300,2015,77,0.0422,
510360.SH,广发沪深300ETF,沪深300,2016,244,0.0179,
510360.SH,广发沪深300ETF,沪深300,2017,244,0.0804,
510360.SH,广发沪深300ETF,沪深300,2018,243,0.1152,
510360.SH,广发沪深300ETF,沪深300,2019,244,0.2918,
510360.SH,广发沪深300ETF,沪深300,2020,243,0.2,
510360.SH,广发沪深300ETF,沪深300,2021,243,0.1625,
510360.SH,广发沪深300ETF,沪深300,2022,242,0.1235,
510360.SH,广发沪深300ETF,沪深300,2023,242,0.2767,
510360.SH,广发沪深300ETF,沪深300,2024,242,1.0833,Y
510360.SH,广发沪深300ETF,沪深300,2025,243,1.022,Y
510360.SH,广发沪深300ETF,沪深300,2026,177,0.7064,Y
510370.SH,兴业沪深300ETF,沪深300,2021,243,0.0075,
510370.SH,兴业沪深300ETF,沪深300,2022,242,0.0006,
510370.SH,兴业沪深300ETF,沪深300,2023,242,0.0043,
510370.SH,兴业沪深300ETF,沪深300,2024,242,0.0179,
510370.SH,兴业沪深300ETF,沪深300,2025,243,0.0188,
510370.SH,兴业沪深300ETF,沪深300,2026,177,0.0386,
510380.SH,国寿安保沪深300ETF,沪深300,2018,171,0.0083,
510380.SH,国寿安保沪深300ETF,沪深300,2019,227,0.008,
510380.SH,国寿安保沪深300ETF,沪深300,2020,242,0.0036,
510380.SH,国寿安保沪深300ETF,沪深300,2021,240,0.0049,
510380.SH,国寿安保沪深300ETF,沪深300,2022,211,0.0043,
510380.SH,国寿安保沪深300ETF,沪深300,2023,227,0.0012,
510380.SH,国寿安保沪深300ETF,沪深300,2024,240,0.0196,
510380.SH,国寿安保沪深300ETF,沪深300,2025,242,0.0373,
510380.SH,国寿安保沪深300ETF,沪深300,2026,177,0.0655,
510390.SH,平安沪深300ETF,沪深300,2018,225,0.2245,
510390.SH,平安沪深300ETF,沪深300,2019,244,0.3412,
510390.SH,平安沪深300ETF,沪深300,2020,243,0.4582,
510390.SH,平安沪深300ETF,沪深300,2021,243,0.1342,
510390.SH,平安沪深300ETF,沪深300,2022,242,0.1766,
510390.SH,平安沪深300ETF,沪深300,2023,242,0.0787,
510390.SH,平安沪深300ETF,沪深300,2024,242,0.0517,
510390.SH,平安沪深300ETF,沪深300,2025,243,0.0489,
510390.SH,平安沪深300ETF,沪深300,2026,177,0.078,
510410.SH,博时上证自然资源ETF,上证自然资源,2013,238,0.0149,
510410.SH,博时上证自然资源ETF,上证自然资源,2014,245,0.0146,
510410.SH,博时上证自然资源ETF,上证自然资源,2015,244,0.3229,
510410.SH,博时上证自然资源ETF,上证自然资源,2016,244,0.003,
510410.SH,博时上证自然资源ETF,上证自然资源,2017,243,0.004,
510410.SH,博时上证自然资源ETF,上证自然资源,2018,243,0.0025,
510410.SH,博时上证自然资源ETF,上证自然资源,2019,244,0.0226,
510410.SH,博时上证自然资源ETF,上证自然资源,2020,243,0.1415,
510410.SH,博时上证自然资源ETF,上证自然资源,2021,243,0.2001,
510410.SH,博时上证自然资源ETF,上证自然资源,2022,242,0.2162,
510410.SH,博时上证自然资源ETF,上证自然资源,2023,242,0.2249,
510410.SH,博时上证自然资源ETF,上证自然资源,2024,242,0.1986,
510410.SH,博时上证自然资源ETF,上证自然资源,2025,243,0.1359,
510410.SH,博时上证自然资源ETF,上证自然资源,2026,177,0.3408,
510420.SH,景顺长城上证180等权重ETF,上证180等权重,2013,238,0.0239,
510420.SH,景顺长城上证180等权重ETF,上证180等权重,2014,240,0.0321,
510420.SH,景顺长城上证180等权重ETF,上证180等权重,2015,237,0.6878,Y
510420.SH,景顺长城上证180等权重ETF,上证180等权重,2016,190,0.008,
510420.SH,景顺长城上证180等权重ETF,上证180等权重,2017,195,0.0007,
510420.SH,景顺长城上证180等权重ETF,上证180等权重,2018,127,0.0027,
510430.SH,银华上证50等权重ETF,上证50等权重,2013,216,0.0179,
510430.SH,银华上证50等权重ETF,上证50等权重,2014,210,0.005,
510430.SH,银华上证50等权重ETF,上证50等权重,2015,223,0.1181,
510430.SH,银华上证50等权重ETF,上证50等权重,2016,208,0.0006,
510430.SH,银华上证50等权重ETF,上证50等权重,2017,225,0.0004,
510430.SH,银华上证50等权重ETF,上证50等权重,2018,162,0.0004,
510430.SH,银华上证50等权重ETF,上证50等权重,2019,203,0.0004,
510430.SH,银华上证50等权重ETF,上证50等权重,2020,158,0.0008,
510440.SH,大成中证500沪市ETF,中证500沪市,2013,231,0.0081,
510440.SH,大成中证500沪市ETF,中证500沪市,2014,222,0.0084,
510440.SH,大成中证500沪市ETF,中证500沪市,2015,240,0.0466,
510440.SH,大成中证500沪市ETF,中证500沪市,2016,235,0.0009,
510440.SH,大成中证500沪市ETF,中证500沪市,2017,207,0.0002,
510440.SH,大成中证500沪市ETF,中证500沪市,2018,212,0.0004,
510440.SH,大成中证500沪市ETF,中证500沪市,2019,229,0.0013,
510440.SH,大成中证500沪市ETF,中证500沪市,2020,241,0.0018,
510440.SH,大成中证500沪市ETF,中证500沪市,2021,243,0.0016,
510440.SH,大成中证500沪市ETF,中证500沪市,2022,210,0.0009,
510450.SH,上投摩根上证180高贝塔ETF,上证180高贝塔,2013,102,0.0598,
510450.SH,上投摩根上证180高贝塔ETF,上证180高贝塔,2014,242,0.0231,
510450.SH,上投摩根上证180高贝塔ETF,上证180高贝塔,2015,243,0.0171,
510450.SH,上投摩根上证180高贝塔ETF,上证180高贝塔,2016,106,0.0025,
510500.SH,南方中证500ETF,中证小盘500,2013,193,0.1322,
510500.SH,南方中证500ETF,中证小盘500,2014,245,0.4305,
510500.SH,南方中证500ETF,中证小盘500,2015,242,3.154,Y
510500.SH,南方中证500ETF,中证小盘500,2016,244,1.9422,Y
510500.SH,南方中证500ETF,中证小盘500,2017,244,1.7132,Y
510500.SH,南方中证500ETF,中证小盘500,2018,243,6.0081,Y
510500.SH,南方中证500ETF,中证小盘500,2019,244,13.1688,Y
510500.SH,南方中证500ETF,中证小盘500,2020,243,13.6561,Y
510500.SH,南方中证500ETF,中证小盘500,2021,243,12.5411,Y
510500.SH,南方中证500ETF,中证小盘500,2022,242,14.2015,Y
510500.SH,南方中证500ETF,中证小盘500,2023,242,14.8457,Y
510500.SH,南方中证500ETF,中证小盘500,2024,242,22.8031,Y
510500.SH,南方中证500ETF,中证小盘500,2025,243,17.4487,Y
510500.SH,南方中证500ETF,中证小盘500,2026,177,48.8835,Y
510510.SH,广发中证500ETF,中证小盘500,2013,148,0.0712,
510510.SH,广发中证500ETF,中证小盘500,2014,245,0.2033,
510510.SH,广发中证500ETF,中证小盘500,2015,244,0.6671,Y
510510.SH,广发中证500ETF,中证小盘500,2016,244,0.137,
510510.SH,广发中证500ETF,中证小盘500,2017,244,0.0787,
510510.SH,广发中证500ETF,中证小盘500,2018,243,0.1839,
510510.SH,广发中证500ETF,中证小盘500,2019,244,0.484,
510510.SH,广发中证500ETF,中证小盘500,2020,243,0.6136,Y
510510.SH,广发中证500ETF,中证小盘500,2021,243,0.3922,
510510.SH,广发中证500ETF,中证小盘500,2022,242,0.4059,
510510.SH,广发中证500ETF,中证小盘500,2023,242,0.6458,Y
510510.SH,广发中证500ETF,中证小盘500,2024,242,0.7935,Y
510510.SH,广发中证500ETF,中证小盘500,2025,243,0.4025,
510510.SH,广发中证500ETF,中证小盘500,2026,177,0.875,Y
510520.SH,诺安中证500ETF,中证小盘500,2014,203,0.0479,
510520.SH,诺安中证500ETF,中证小盘500,2015,243,0.0059,
510520.SH,诺安中证500ETF,中证小盘500,2016,220,0.001,
510520.SH,诺安中证500ETF,中证小盘500,2017,207,0.0004,
510520.SH,诺安中证500ETF,中证小盘500,2018,163,0.0002,
510520.SH,诺安中证500ETF,中证小盘500,2019,100,0.0005,
510530.SH,工银瑞信中证500ETF,中证500,2020,242,0.2496,
510530.SH,工银瑞信中证500ETF,中证500,2021,243,0.0453,
510530.SH,工银瑞信中证500ETF,中证500,2022,242,0.0442,
510530.SH,工银瑞信中证500ETF,中证500,2023,242,0.0444,
510530.SH,工银瑞信中证500ETF,中证500,2024,242,0.0555,
510530.SH,工银瑞信中证500ETF,中证500,2025,243,0.0683,
510530.SH,工银瑞信中证500ETF,中证500,2026,177,0.0615,
510550.SH,方正富邦中证500ETF,中证500,2019,234,0.0237,
510550.SH,方正富邦中证500ETF,中证500,2020,243,0.0098,
510550.SH,方正富邦中证500ETF,中证500,2021,243,0.0049,
510550.SH,方正富邦中证500ETF,中证500,2022,242,0.0031,
510550.SH,方正富邦中证500ETF,中证500,2023,242,0.0021,
510550.SH,方正富邦中证500ETF,中证500,2024,242,0.0088,
510550.SH,方正富邦中证500ETF,中证500,2025,243,0.0098,
510550.SH,方正富邦中证500ETF,中证500,2026,177,0.0174,
510560.SH,国寿安保中证500ETF,中证500,2015,123,0.0157,
510560.SH,国寿安保中证500ETF,中证500,2016,222,0.0127,
510560.SH,国寿安保中证500ETF,中证500,2017,200,0.0023,
510560.SH,国寿安保中证500ETF,中证500,2018,211,0.0005,
510560.SH,国寿安保中证500ETF,中证500,2019,199,0.0007,
510560.SH,国寿安保中证500ETF,中证500,2020,229,0.0009,
510560.SH,国寿安保中证500ETF,中证500,2021,241,0.0007,
510560.SH,国寿安保中证500ETF,中证500,2022,201,0.0003,
510560.SH,国寿安保中证500ETF,中证500,2023,200,0.0003,
510560.SH,国寿安保中证500ETF,中证500,2024,223,0.0028,
510560.SH,国寿安保中证500ETF,中证500,2025,241,0.0048,
510560.SH,国寿安保中证500ETF,中证500,2026,177,0.0126,
510570.SH,兴业中证500ETF,中证500,2020,96,0.0102,
510570.SH,兴业中证500ETF,中证500,2021,243,0.0081,
510570.SH,兴业中证500ETF,中证500,2022,241,0.0005,
510570.SH,兴业中证500ETF,中证500,2023,232,0.0005,
510570.SH,兴业中证500ETF,中证500,2024,235,0.0037,
510570.SH,兴业中证500ETF,中证500,2025,243,0.0076,
510570.SH,兴业中证500ETF,中证500,2026,177,0.0291,
510580.SH,易方达中证500ETF,中证小盘500,2015,73,0.0554,
510580.SH,易方达中证500ETF,中证小盘500,2016,216,0.001,
510580.SH,易方达中证500ETF,中证小盘500,2017,236,0.0009,
510580.SH,易方达中证500ETF,中证小盘500,2018,242,0.0009,
510580.SH,易方达中证500ETF,中证小盘500,2019,244,0.2699,
510580.SH,易方达中证500ETF,中证小盘500,2020,243,0.2953,
510580.SH,易方达中证500ETF,中证小盘500,2021,242,0.2578,
510580.SH,易方达中证500ETF,中证小盘500,2022,242,0.3221,
510580.SH,易方达中证500ETF,中证小盘500,2023,242,0.215,
510580.SH,易方达中证500ETF,中证小盘500,2024,242,0.3691,
510580.SH,易方达中证500ETF,中证小盘500,2025,243,0.4488,
510580.SH,易方达中证500ETF,中证小盘500,2026,177,1.419,Y
510590.SH,平安中证500ETF,中证500,2018,164,0.2903,
510590.SH,平安中证500ETF,中证500,2019,244,0.2951,
510590.SH,平安中证500ETF,中证500,2020,243,0.1907,
510590.SH,平安中证500ETF,中证500,2021,243,0.0597,
510590.SH,平安中证500ETF,中证500,2022,242,0.0582,
510590.SH,平安中证500ETF,中证500,2023,242,0.0587,
510590.SH,平安中证500ETF,中证500,2024,242,0.0616,
510590.SH,平安中证500ETF,中证500,2025,243,0.0445,
510590.SH,平安中证500ETF,中证500,2026,177,0.0761,
510600.SH,申万菱信上证50ETF,上证50,2018,66,0.0625,
510600.SH,申万菱信上证50ETF,上证50,2019,244,0.0565,
510600.SH,申万菱信上证50ETF,上证50,2020,243,0.0706,
510600.SH,申万菱信上证50ETF,上证50,2021,243,0.0919,
510600.SH,申万菱信上证50ETF,上证50,2022,242,0.0224,
510600.SH,申万菱信上证50ETF,上证50,2023,242,0.0388,
510600.SH,申万菱信上证50ETF,上证50,2024,242,0.056,
510600.SH,申万菱信上证50ETF,上证50,2025,243,0.0244,
510600.SH,申万菱信上证50ETF,上证50,2026,177,0.0235,
510610.SH,华夏上证能源ETF,上证能源行业,2013,160,0.1221,
510610.SH,华夏上证能源ETF,上证能源行业,2014,245,0.0922,
510610.SH,华夏上证能源ETF,上证能源行业,2015,244,0.3235,
510620.SH,华夏上证原材料ETF,上证原材料行业,2013,160,0.0479,
510620.SH,华夏上证原材料ETF,上证原材料行业,2014,245,0.0524,
510620.SH,华夏上证原材料ETF,上证原材料行业,2015,240,0.2706,
510630.SH,华夏上证主要消费ETF,上证主要消费行业,2013,160,0.1408,
510630.SH,华夏上证主要消费ETF,上证主要消费行业,2014,245,0.0987,
510630.SH,华夏上证主要消费ETF,上证主要消费行业,2015,244,0.2913,
510630.SH,华夏上证主要消费ETF,上证主要消费行业,2016,244,0.0235,
510630.SH,华夏上证主要消费ETF,上证主要消费行业,2017,244,0.0231,
510630.SH,华夏上证主要消费ETF,上证主要消费行业,2018,243,0.0147,
510630.SH,华夏上证主要消费ETF,上证主要消费行业,2019,244,0.0233,
510630.SH,华夏上证主要消费ETF,上证主要消费行业,2020,243,0.1397,
510630.SH,华夏上证主要消费ETF,上证主要消费行业,2021,242,0.2098,
510630.SH,华夏上证主要消费ETF,上证主要消费行业,2022,242,0.115,
510630.SH,华夏上证主要消费ETF,上证主要消费行业,2023,242,0.1198,
510630.SH,华夏上证主要消费ETF,上证主要消费行业,2024,242,0.1841,
510630.SH,华夏上证主要消费ETF,上证主要消费行业,2025,243,0.2801,
510630.SH,华夏上证主要消费ETF,上证主要消费行业,2026,177,0.3867,
510650.SH,华夏上证金融地产ETF,上证金融地产行业,2013,160,0.2985,
510650.SH,华夏上证金融地产ETF,上证金融地产行业,2014,245,0.7205,Y
510650.SH,华夏上证金融地产ETF,上证金融地产行业,2015,244,1.242,Y
510650.SH,华夏上证金融地产ETF,上证金融地产行业,2016,243,0.011,
510650.SH,华夏上证金融地产ETF,上证金融地产行业,2017,241,0.0038,
510650.SH,华夏上证金融地产ETF,上证金融地产行业,2018,242,0.0075,
510650.SH,华夏上证金融地产ETF,上证金融地产行业,2019,239,0.0032,
510650.SH,华夏上证金融地产ETF,上证金融地产行业,2020,243,0.0244,
510650.SH,华夏上证金融地产ETF,上证金融地产行业,2021,243,0.1913,
510650.SH,华夏上证金融地产ETF,上证金融地产行业,2022,242,0.1249,
510650.SH,华夏上证金融地产ETF,上证金融地产行业,2023,242,0.1097,
510650.SH,华夏上证金融地产ETF,上证金融地产行业,2024,242,0.0872,
510650.SH,华夏上证金融地产ETF,上证金融地产行业,2025,243,0.0288,
510650.SH,华夏上证金融地产ETF,上证金融地产行业,2026,177,0.0147,
510660.SH,华夏上证医药卫生ETF,上证医药卫生行业,2013,160,0.4932,
510660.SH,华夏上证医药卫生ETF,上证医药卫生行业,2014,245,0.2181,
510660.SH,华夏上证医药卫生ETF,上证医药卫生行业,2015,244,0.4271,
510660.SH,华夏上证医药卫生ETF,上证医药卫生行业,2016,244,0.0338,
510660.SH,华夏上证医药卫生ETF,上证医药卫生行业,2017,244,0.0094,
510660.SH,华夏上证医药卫生ETF,上证医药卫生行业,2018,243,0.0211,
510660.SH,华夏上证医药卫生ETF,上证医药卫生行业,2019,244,0.0263,
510660.SH,华夏上证医药卫生ETF,上证医药卫生行业,2020,243,0.0413,
510660.SH,华夏上证医药卫生ETF,上证医药卫生行业,2021,243,0.0397,
510660.SH,华夏上证医药卫生ETF,上证医药卫生行业,2022,242,0.0313,
510660.SH,华夏上证医药卫生ETF,上证医药卫生行业,2023,242,0.0368,
510660.SH,华夏上证医药卫生ETF,上证医药卫生行业,2024,242,0.0366,
510660.SH,华夏上证医药卫生ETF,上证医药卫生行业,2025,243,0.0268,
510660.SH,华夏上证医药卫生ETF,上证医药卫生行业,2026,177,0.0947,
510670.SH,华夏上证180ETF,上证180,2026,177,0.0556,
510680.SH,万家上证50ETF,上海证券交易所50成份,2014,236,0.0097,
510680.SH,万家上证50ETF,上海证券交易所50成份,2015,228,0.0051,
510680.SH,万家上证50ETF,上海证券交易所50成份,2016,147,0.0027,
510680.SH,万家上证50ETF,上海证券交易所50成份,2017,210,0.0002,
510680.SH,万家上证50ETF,上海证券交易所50成份,2018,215,0.0003,
510680.SH,万家上证50ETF,上海证券交易所50成份,2019,203,0.0003,
510680.SH,万家上证50ETF,上海证券交易所50成份,2020,243,0.0183,
510680.SH,万家上证50ETF,上海证券交易所50成份,2021,243,0.0149,
510680.SH,万家上证50ETF,上海证券交易所50成份,2022,242,0.0123,
510680.SH,万家上证50ETF,上海证券交易所50成份,2023,242,0.0204,
510680.SH,万家上证50ETF,上海证券交易所50成份,2024,242,0.2466,
510680.SH,万家上证50ETF,上海证券交易所50成份,2025,243,0.1129,
510680.SH,万家上证50ETF,上海证券交易所50成份,2026,177,0.0581,
510690.SH,兴业上证180金融ETF,上证180金融股,2020,131,0.0279,
510690.SH,兴业上证180金融ETF,上证180金融股,2021,229,0.0038,
510700.SH,长盛上证市值百强ETF,上证市值100,2013,143,0.0579,
510700.SH,长盛上证市值百强ETF,上证市值100,2014,226,0.0077,
510700.SH,长盛上证市值百强ETF,上证市值100,2015,179,0.0082,
510710.SH,博时上证50ETF,上海证券交易所50成份,2015,136,0.0784,
510710.SH,博时上证50ETF,上海证券交易所50成份,2016,244,0.0053,
510710.SH,博时上证50ETF,上海证券交易所50成份,2017,244,0.009,
510710.SH,博时上证50ETF,上海证券交易所50成份,2018,243,0.055,
510710.SH,博时上证50ETF,上海证券交易所50成份,2019,244,0.3963,
510710.SH,博时上证50ETF,上海证券交易所50成份,2020,243,0.2857,
510710.SH,博时上证50ETF,上海证券交易所50成份,2021,243,0.291,
510710.SH,博时上证50ETF,上海证券交易所50成份,2022,242,0.2042,
510710.SH,博时上证50ETF,上海证券交易所50成份,2023,242,0.1563,
510710.SH,博时上证50ETF,上海证券交易所50成份,2024,242,0.1134,
510710.SH,博时上证50ETF,上海证券交易所50成份,2025,243,0.0876,
510710.SH,博时上证50ETF,上海证券交易所50成份,2026,177,0.0608,
510720.SH,国泰上证国有企业红利ETF,上证国有企业红利,2024,157,0.4508,
510720.SH,国泰上证国有企业红利ETF,上证国有企业红利,2025,243,1.0613,Y
510720.SH,国泰上证国有企业红利ETF,上证国有企业红利,2026,177,1.5513,Y
510760.SH,国泰上证综合ETF,上证综合,2020,76,0.4006,
510760.SH,国泰上证综合ETF,上证综合,2021,243,0.3913,
510760.SH,国泰上证综合ETF,上证综合,2022,242,0.3739,
510760.SH,国泰上证综合ETF,上证综合,2023,242,0.4421,
510760.SH,国泰上证综合ETF,上证综合,2024,242,1.7705,Y
510760.SH,国泰上证综合ETF,上证综合,2025,243,1.2696,Y
510760.SH,国泰上证综合ETF,上证综合,2026,177,2.2652,Y
510770.SH,申万菱信上证G60战略新兴产业成份ETF,上证G60战略新兴产业成份,2021,64,0.0535,
510770.SH,申万菱信上证G60战略新兴产业成份ETF,上证G60战略新兴产业成份,2022,241,0.0046,
510770.SH,申万菱信上证G60战略新兴产业成份ETF,上证G60战略新兴产业成份,2023,242,0.0106,
510770.SH,申万菱信上证G60战略新兴产业成份ETF,上证G60战略新兴产业成份,2024,242,0.0237,
510770.SH,申万菱信上证G60战略新兴产业成份ETF,上证G60战略新兴产业成份,2025,243,0.0136,
510770.SH,申万菱信上证G60战略新兴产业成份ETF,上证G60战略新兴产业成份,2026,177,0.0355,
510800.SH,建信上证50ETF,上海证券交易所50成份,2018,234,0.0336,
510800.SH,建信上证50ETF,上海证券交易所50成份,2019,244,0.0717,
510800.SH,建信上证50ETF,上海证券交易所50成份,2020,243,0.1621,
510800.SH,建信上证50ETF,上海证券交易所50成份,2021,243,0.2078,
510800.SH,建信上证50ETF,上海证券交易所50成份,2022,242,0.1861,
510800.SH,建信上证50ETF,上海证券交易所50成份,2023,242,0.131,
510800.SH,建信上证50ETF,上海证券交易所50成份,2024,242,0.1748,
510800.SH,建信上证50ETF,上海证券交易所50成份,2025,243,0.0968,
510800.SH,建信上证50ETF,上海证券交易所50成份,2026,177,0.0435,
510810.SH,汇添富中证上海国企ETF,中证上海国企,2016,83,0.6786,Y
510810.SH,汇添富中证上海国企ETF,中证上海国企,2017,244,0.3009,
510810.SH,汇添富中证上海国企ETF,中证上海国企,2018,243,0.0277,
510810.SH,汇添富中证上海国企ETF,中证上海国企,2019,236,0.1893,
510810.SH,汇添富中证上海国企ETF,中证上海国企,2020,243,0.1381,
510810.SH,汇添富中证上海国企ETF,中证上海国企,2021,243,0.111,
510810.SH,汇添富中证上海国企ETF,中证上海国企,2022,242,0.0674,
510810.SH,汇添富中证上海国企ETF,中证上海国企,2023,242,0.1068,
510810.SH,汇添富中证上海国企ETF,中证上海国企,2024,242,0.1168,
510810.SH,汇添富中证上海国企ETF,中证上海国企,2025,243,0.153,
510810.SH,汇添富中证上海国企ETF,中证上海国企,2026,177,0.2158,
510850.SH,工银瑞信上证50ETF,上证50,2019,204,1.7853,Y
510850.SH,工银瑞信上证50ETF,上证50,2020,243,1.2865,Y
510850.SH,工银瑞信上证50ETF,上证50,2021,243,0.5766,Y
510850.SH,工银瑞信上证50ETF,上证50,2022,242,0.323,
510850.SH,工银瑞信上证50ETF,上证50,2023,242,0.1567,
510850.SH,工银瑞信上证50ETF,上证50,2024,242,0.1308,
510850.SH,工银瑞信上证50ETF,上证50,2025,243,0.1458,
510850.SH,工银瑞信上证50ETF,上证50,2026,177,0.122,
510860.SH,兴业上证50ETF,上证50,2021,232,0.013,
510880.SH,华泰柏瑞上证红利ETF,上海证券交易所上证红利,2013,238,0.1051,
510880.SH,华泰柏瑞上证红利ETF,上海证券交易所上证红利,2014,245,0.0923,
510880.SH,华泰柏瑞上证红利ETF,上海证券交易所上证红利,2015,244,1.0708,Y
510880.SH,华泰柏瑞上证红利ETF,上海证券交易所上证红利,2016,244,0.0479,
510880.SH,华泰柏瑞上证红利ETF,上海证券交易所上证红利,2017,244,0.1561,
510880.SH,华泰柏瑞上证红利ETF,上海证券交易所上证红利,2018,243,0.1968,
510880.SH,华泰柏瑞上证红利ETF,上海证券交易所上证红利,2019,244,0.2747,
510880.SH,华泰柏瑞上证红利ETF,上海证券交易所上证红利,2020,243,0.8337,Y
510880.SH,华泰柏瑞上证红利ETF,上海证券交易所上证红利,2021,243,2.7643,Y
510880.SH,华泰柏瑞上证红利ETF,上海证券交易所上证红利,2022,242,2.8652,Y
510880.SH,华泰柏瑞上证红利ETF,上海证券交易所上证红利,2023,242,2.4101,Y
510880.SH,华泰柏瑞上证红利ETF,上海证券交易所上证红利,2024,242,4.5066,Y
510880.SH,华泰柏瑞上证红利ETF,上海证券交易所上证红利,2025,243,4.6891,Y
510880.SH,华泰柏瑞上证红利ETF,上海证券交易所上证红利,2026,177,6.3256,Y
510890.SH,兴业上证红利低波动ETF,上证红利低波动,2019,131,0.0403,
510890.SH,兴业上证红利低波动ETF,上证红利低波动,2020,241,0.0449,
510890.SH,兴业上证红利低波动ETF,上证红利低波动,2021,115,0.0219,
510900.SH,易方达恒生中国企业ETF(QDII),恒生中国企业,2013,238,0.0144,
510900.SH,易方达恒生中国企业ETF(QDII),恒生中国企业,2014,244,0.0106,
510900.SH,易方达恒生中国企业ETF(QDII),恒生中国企业,2015,244,2.206,Y
510900.SH,易方达恒生中国企业ETF(QDII),恒生中国企业,2016,244,4.0041,Y
510900.SH,易方达恒生中国企业ETF(QDII),恒生中国企业,2017,244,9.7578,Y
510900.SH,易方达恒生中国企业ETF(QDII),恒生中国企业,2018,243,14.6976,Y
510900.SH,易方达恒生中国企业ETF(QDII),恒生中国企业,2019,244,9.7342,Y
510900.SH,易方达恒生中国企业ETF(QDII),恒生中国企业,2020,243,15.9439,Y
510900.SH,易方达恒生中国企业ETF(QDII),恒生中国企业,2021,243,8.8902,Y
510900.SH,易方达恒生中国企业ETF(QDII),恒生中国企业,2022,242,4.9643,Y
510900.SH,易方达恒生中国企业ETF(QDII),恒生中国企业,2023,242,3.6331,Y
510900.SH,易方达恒生中国企业ETF(QDII),恒生中国企业,2024,242,4.826,Y
510900.SH,易方达恒生中国企业ETF(QDII),恒生中国企业,2025,243,3.5912,Y
510900.SH,易方达恒生中国企业ETF(QDII),恒生中国企业,2026,177,1.9499,Y
510910.SH,南方上证综合ETF,上证综合,2026,80,0.3372,
510950.SH,广发上证50ETF,上证50,2024,160,0.1874,
510950.SH,广发上证50ETF,上证50,2025,243,0.0702,
510950.SH,广发上证50ETF,上证50,2026,177,0.1381,
510980.SH,汇添富上证综合ETF,上证综合,2024,242,0.4205,
510980.SH,汇添富上证综合ETF,上证综合,2025,243,0.4041,
510980.SH,汇添富上证综合ETF,上证综合,2026,177,0.9492,Y
510990.SH,工银瑞信中证180ESGETF,中证180ESG,2021,125,0.0321,
510990.SH,工银瑞信中证180ESGETF,中证180ESG,2022,242,0.0351,
510990.SH,工银瑞信中证180ESGETF,中证180ESG,2023,242,0.0562,
510990.SH,工银瑞信中证180ESGETF,中证180ESG,2024,242,0.0733,
510990.SH,工银瑞信中证180ESGETF,中证180ESG,2025,243,0.0566,
510990.SH,工银瑞信中证180ESGETF,中证180ESG,2026,177,0.0548,
511010.SH,国泰上证5年期国债ETF,上证5年期国债,2013,187,7.0275,Y
511010.SH,国泰上证5年期国债ETF,上证5年期国债,2014,245,6.1591,Y
511010.SH,国泰上证5年期国债ETF,上证5年期国债,2015,244,6.8325,Y
511010.SH,国泰上证5年期国债ETF,上证5年期国债,2016,244,2.4701,Y
511010.SH,国泰上证5年期国债ETF,上证5年期国债,2017,244,4.7117,Y
511010.SH,国泰上证5年期国债ETF,上证5年期国债,2018,243,1.4385,Y
511010.SH,国泰上证5年期国债ETF,上证5年期国债,2019,244,1.0488,Y
511010.SH,国泰上证5年期国债ETF,上证5年期国债,2020,243,0.8433,Y
511010.SH,国泰上证5年期国债ETF,上证5年期国债,2021,243,0.7814,Y
511010.SH,国泰上证5年期国债ETF,上证5年期国债,2022,242,2.4034,Y
511010.SH,国泰上证5年期国债ETF,上证5年期国债,2023,242,3.8688,Y
511010.SH,国泰上证5年期国债ETF,上证5年期国债,2024,242,4.4894,Y
511010.SH,国泰上证5年期国债ETF,上证5年期国债,2025,243,11.571,Y
511010.SH,国泰上证5年期国债ETF,上证5年期国债,2026,177,12.3139,Y
511020.SH,平安中证5-10年期国债活跃券ETF,中证5-10年期国债活跃券,2019,193,0.0049,
511020.SH,平安中证5-10年期国债活跃券ETF,中证5-10年期国债活跃券,2020,225,0.0037,
511020.SH,平安中证5-10年期国债活跃券ETF,中证5-10年期国债活跃券,2021,196,0.0017,
511020.SH,平安中证5-10年期国债活跃券ETF,中证5-10年期国债活跃券,2022,230,0.5758,Y
511020.SH,平安中证5-10年期国债活跃券ETF,中证5-10年期国债活跃券,2023,242,4.3799,Y
511020.SH,平安中证5-10年期国债活跃券ETF,中证5-10年期国债活跃券,2024,242,3.523,Y
511020.SH,平安中证5-10年期国债活跃券ETF,中证5-10年期国债活跃券,2025,243,5.9542,Y
511020.SH,平安中证5-10年期国债活跃券ETF,中证5-10年期国债活跃券,2026,177,9.3541,Y
511030.SH,平安中债-中高等级公司债利差因子ETF,中债-中高等级公司债利差因子,2019,184,0.004,
511030.SH,平安中债-中高等级公司债利差因子ETF,中债-中高等级公司债利差因子,2020,207,0.0054,
511030.SH,平安中债-中高等级公司债利差因子ETF,中债-中高等级公司债利差因子,2021,242,0.0155,
511030.SH,平安中债-中高等级公司债利差因子ETF,中债-中高等级公司债利差因子,2022,242,0.5404,Y
511030.SH,平安中债-中高等级公司债利差因子ETF,中债-中高等级公司债利差因子,2023,242,2.4766,Y
511030.SH,平安中债-中高等级公司债利差因子ETF,中债-中高等级公司债利差因子,2024,242,4.4033,Y
511030.SH,平安中债-中高等级公司债利差因子ETF,中债-中高等级公司债利差因子,2025,243,17.0785,Y
511030.SH,平安中债-中高等级公司债利差因子ETF,中债-中高等级公司债利差因子,2026,177,29.483,Y
511050.SH,兴业上证1-5年期地方政府债ETF,上证1-5年期地方政府债,2020,99,0.0003,
511050.SH,兴业上证1-5年期地方政府债ETF,上证1-5年期地方政府债,2021,95,0.0005,
511060.SH,海富通上证5年期地方政府债ETF,上证5年期地方政府债,2020,241,0.1157,
511060.SH,海富通上证5年期地方政府债ETF,上证5年期地方政府债,2021,239,0.0501,
511060.SH,海富通上证5年期地方政府债ETF,上证5年期地方政府债,2022,242,1.3335,Y
511060.SH,海富通上证5年期地方政府债ETF,上证5年期地方政府债,2023,242,3.7296,Y
511060.SH,海富通上证5年期地方政府债ETF,上证5年期地方政府债,2024,242,2.4574,Y
511060.SH,海富通上证5年期地方政府债ETF,上证5年期地方政府债,2025,243,10.6599,Y
511060.SH,海富通上证5年期地方政府债ETF,上证5年期地方政府债,2026,177,11.8055,Y
511070.SH,南方上证基准做市公司债ETF,上证基准做市公司债,2025,229,62.4543,Y
511070.SH,南方上证基准做市公司债ETF,上证基准做市公司债,2026,177,70.2475,Y
511090.SH,鹏扬中债-30年期国债ETF,中债-30年期国债,2023,136,0.9683,Y
511090.SH,鹏扬中债-30年期国债ETF,中债-30年期国债,2024,242,16.0365,Y
511090.SH,鹏扬中债-30年期国债ETF,中债-30年期国债,2025,243,83.9953,Y
511090.SH,鹏扬中债-30年期国债ETF,中债-30年期国债,2026,177,42.6573,Y
511100.SH,华夏上证基准做市国债ETF,上证基准做市国债,2024,242,16.2005,Y
511100.SH,华夏上证基准做市国债ETF,上证基准做市国债,2025,243,36.9784,Y
511100.SH,华夏上证基准做市国债ETF,上证基准做市国债,2026,177,98.8689,Y
511110.SH,易方达上证基准做市公司债ETF,上证基准做市公司债,2025,227,35.1235,Y
511110.SH,易方达上证基准做市公司债ETF,上证基准做市公司债,2026,177,64.4499,Y
511120.SH,广发上证AAA科技创新公司债ETF,上证AAA科技创新公司债,2025,114,37.5142,Y
511120.SH,广发上证AAA科技创新公司债ETF,上证AAA科技创新公司债,2026,177,33.9981,Y
511130.SH,博时上证30年期国债ETF,上证30年期国债,2024,186,15.1439,Y
511130.SH,博时上证30年期国债ETF,上证30年期国债,2025,243,29.9843,Y
511130.SH,博时上证30年期国债ETF,上证30年期国债,2026,177,25.2042,Y
511150.SH,永赢上证AAA科技创新公司债ETF,上证AAA科技创新公司债,2025,65,32.997,Y
511150.SH,永赢上证AAA科技创新公司债ETF,上证AAA科技创新公司债,2026,177,24.9601,Y
511160.SH,东财中证1-3年国债ETF,中证1-3年国债,2025,241,4.34,Y
511160.SH,东财中证1-3年国债ETF,中证1-3年国债,2026,177,2.1044,Y
511180.SH,海富通上证投资级可转债及可交换债券ETF,上证投资级可转债及可交换债券,2020,86,0.1346,
511180.SH,海富通上证投资级可转债及可交换债券ETF,上证投资级可转债及可交换债券,2021,243,0.3861,
511180.SH,海富通上证投资级可转债及可交换债券ETF,上证投资级可转债及可交换债券,2022,242,0.887,Y
511180.SH,海富通上证投资级可转债及可交换债券ETF,上证投资级可转债及可交换债券,2023,242,1.8484,Y
511180.SH,海富通上证投资级可转债及可交换债券ETF,上证投资级可转债及可交换债券,2024,242,3.3357,Y
511180.SH,海富通上证投资级可转债及可交换债券ETF,上证投资级可转债及可交换债券,2025,243,13.7234,Y
511180.SH,海富通上证投资级可转债及可交换债券ETF,上证投资级可转债及可交换债券,2026,177,24.919,Y
511190.SH,海富通上证基准做市公司债ETF,上证基准做市公司债,2025,225,30.0092,Y
511190.SH,海富通上证基准做市公司债ETF,上证基准做市公司债,2026,177,10.1826,Y
511200.SH,华夏上证基准做市公司债ETF,上证基准做市公司债,2025,223,49.4371,Y
511200.SH,华夏上证基准做市公司债ETF,上证基准做市公司债,2026,177,60.6325,Y
511210.SH,博时上证企债30ETF,上证企债30,2013,91,0.1953,
511210.SH,博时上证企债30ETF,上证企债30,2014,239,0.0767,
511210.SH,博时上证企债30ETF,上证企债30,2015,212,0.0101,
511210.SH,博时上证企债30ETF,上证企债30,2016,210,0.0034,
511210.SH,博时上证企债30ETF,上证企债30,2017,100,0.0006,
511220.SH,海富通上证城投债ETF,上证城投债,2015,238,0.0446,
511220.SH,海富通上证城投债ETF,上证城投债,2016,244,0.0508,
511220.SH,海富通上证城投债ETF,上证城投债,2017,244,0.1159,
511220.SH,海富通上证城投债ETF,上证城投债,2018,243,0.0776,
511220.SH,海富通上证城投债ETF,上证城投债,2019,244,0.0447,
511220.SH,海富通上证城投债ETF,上证城投债,2020,243,0.0465,
511220.SH,海富通上证城投债ETF,上证城投债,2021,243,0.045,
511220.SH,海富通上证城投债ETF,上证城投债,2022,242,0.6236,Y
511220.SH,海富通上证城投债ETF,上证城投债,2023,242,2.8026,Y
511220.SH,海富通上证城投债ETF,上证城投债,2024,242,3.6819,Y
511220.SH,海富通上证城投债ETF,上证城投债,2025,243,6.2667,Y
511220.SH,海富通上证城投债ETF,上证城投债,2026,177,13.7223,Y
511230.SH,海富通上证周期产业债ETF,上证周期产业债,2017,140,0.0004,
511230.SH,海富通上证周期产业债ETF,上证周期产业债,2018,69,0.0056,
511260.SH,国泰上证10年期国债ETF,上证10年期国债,2017,87,0.0909,
511260.SH,国泰上证10年期国债ETF,上证10年期国债,2018,242,0.2034,
511260.SH,国泰上证10年期国债ETF,上证10年期国债,2019,244,0.1544,
511260.SH,国泰上证10年期国债ETF,上证10年期国债,2020,243,0.6137,Y
511260.SH,国泰上证10年期国债ETF,上证10年期国债,2021,243,1.0312,Y
511260.SH,国泰上证10年期国债ETF,上证10年期国债,2022,242,2.9143,Y
511260.SH,国泰上证10年期国债ETF,上证10年期国债,2023,242,4.2077,Y
511260.SH,国泰上证10年期国债ETF,上证10年期国债,2024,242,4.1104,Y
511260.SH,国泰上证10年期国债ETF,上证10年期国债,2025,243,34.4217,Y
511260.SH,国泰上证10年期国债ETF,上证10年期国债,2026,177,40.3975,Y
511270.SH,海富通上证10年期地方政府债ETF,上证10年期地方政府债,2019,243,0.0712,
511270.SH,海富通上证10年期地方政府债ETF,上证10年期地方政府债,2020,241,0.1842,
511270.SH,海富通上证10年期地方政府债ETF,上证10年期地方政府债,2021,242,0.0615,
511270.SH,海富通上证10年期地方政府债ETF,上证10年期地方政府债,2022,242,1.1226,Y
511270.SH,海富通上证10年期地方政府债ETF,上证10年期地方政府债,2023,242,3.8343,Y
511270.SH,海富通上证10年期地方政府债ETF,上证10年期地方政府债,2024,242,2.9741,Y
511270.SH,海富通上证10年期地方政府债ETF,上证10年期地方政府债,2025,243,11.1037,Y
511270.SH,海富通上证10年期地方政府债ETF,上证10年期地方政府债,2026,177,17.189,Y
511280.SH,华夏上证3-5年期中高评级可质押信用债ETF,上证3-5年期中高评级可质押信用债,2018,119,0.0118,
511280.SH,华夏上证3-5年期中高评级可质押信用债ETF,上证3-5年期中高评级可质押信用债,2019,136,0.0011,
511280.SH,华夏上证3-5年期中高评级可质押信用债ETF,上证3-5年期中高评级可质押信用债,2020,101,0.0026,
511280.SH,华夏上证3-5年期中高评级可质押信用债ETF,上证3-5年期中高评级可质押信用债,2021,73,0.0008,
511290.SH,广发上证10年期国债ETF,上证10年期国债,2018,109,0.0173,
511290.SH,广发上证10年期国债ETF,上证10年期国债,2019,93,0.0028,
511290.SH,广发上证10年期国债ETF,上证10年期国债,2020,74,0.001,
511310.SH,富国中证10年期国债ETF,中证10年期国债,2018,146,0.0185,
511310.SH,富国中证10年期国债ETF,中证10年期国债,2019,102,0.0003,
511310.SH,富国中证10年期国债ETF,中证10年期国债,2020,121,0.0011,
511310.SH,富国中证10年期国债ETF,中证10年期国债,2021,158,0.0017,
511310.SH,富国中证10年期国债ETF,中证10年期国债,2022,179,0.002,
511360.SH,海富通中证短融ETF,中证短融,2020,64,0.1541,
511360.SH,海富通中证短融ETF,中证短融,2021,243,2.5005,Y
511360.SH,海富通中证短融ETF,中证短融,2022,242,42.1286,Y
511360.SH,海富通中证短融ETF,中证短融,2023,242,77.3468,Y
511360.SH,海富通中证短融ETF,中证短融,2024,242,109.1775,Y
511360.SH,海富通中证短融ETF,中证短融,2025,243,184.7186,Y
511360.SH,海富通中证短融ETF,中证短融,2026,177,357.3249,Y
511380.SH,博时中证可转债及可交换债券ETF,中证可转债及可交换债券,2020,182,0.7588,Y
511380.SH,博时中证可转债及可交换债券ETF,中证可转债及可交换债券,2021,243,0.8743,Y
511380.SH,博时中证可转债及可交换债券ETF,中证可转债及可交换债券,2022,242,3.0683,Y
511380.SH,博时中证可转债及可交换债券ETF,中证可转债及可交换债券,2023,242,6.7274,Y
511380.SH,博时中证可转债及可交换债券ETF,中证可转债及可交换债券,2024,242,18.511,Y
511380.SH,博时中证可转债及可交换债券ETF,中证可转债及可交换债券,2025,243,71.3382,Y
511380.SH,博时中证可转债及可交换债券ETF,中证可转债及可交换债券,2026,177,102.4937,Y
511520.SH,富国中债7-10年政策性金融债ETF,中债7-10年政策性金融债,2023,242,33.4681,Y
511520.SH,富国中债7-10年政策性金融债ETF,中债7-10年政策性金融债,2024,242,67.5209,Y
511520.SH,富国中债7-10年政策性金融债ETF,中债7-10年政策性金融债,2025,243,66.0799,Y
511520.SH,富国中债7-10年政策性金融债ETF,中债7-10年政策性金融债,2026,177,19.6038,Y
511580.SH,招商中证国债及政策性金融债0-3年ETF,中证国债及政策性金融债0-3年,2023,242,2.0868,Y
511580.SH,招商中证国债及政策性金融债0-3年ETF,中证国债及政策性金融债0-3年,2024,236,1.3777,Y
511580.SH,招商中证国债及政策性金融债0-3年ETF,中证国债及政策性金融债0-3年,2025,243,2.9907,Y
511580.SH,招商中证国债及政策性金融债0-3年ETF,中证国债及政策性金融债0-3年,2026,177,28.5574,Y
511600.SH,华安日日鑫货币ETF-H,7天通知存款利率,2016,64,12.8155,Y
511600.SH,华安日日鑫货币ETF-H,7天通知存款利率,2017,244,0.8666,Y
511600.SH,华安日日鑫货币ETF-H,7天通知存款利率,2018,243,0.3857,
511600.SH,华安日日鑫货币ETF-H,7天通知存款利率,2019,244,0.1225,
511600.SH,华安日日鑫货币ETF-H,7天通知存款利率,2020,243,0.0633,
511600.SH,华安日日鑫货币ETF-H,7天通知存款利率,2021,243,0.0265,
511600.SH,华安日日鑫货币ETF-H,7天通知存款利率,2022,242,0.009,
511600.SH,华安日日鑫货币ETF-H,7天通知存款利率,2023,241,0.0124,
511600.SH,华安日日鑫货币ETF-H,7天通知存款利率,2024,241,0.0116,
511600.SH,华安日日鑫货币ETF-H,7天通知存款利率,2025,242,0.0331,
511600.SH,华安日日鑫货币ETF-H,7天通知存款利率,2026,177,0.075,
511620.SH,国泰瞬利货币ETF-A,七天通知存款利率,2017,75,0.0595,
511620.SH,国泰瞬利货币ETF-A,七天通知存款利率,2018,237,0.0071,
511620.SH,国泰瞬利货币ETF-A,七天通知存款利率,2019,244,0.0078,
511620.SH,国泰瞬利货币ETF-A,七天通知存款利率,2020,243,0.0043,
511620.SH,国泰瞬利货币ETF-A,七天通知存款利率,2021,243,0.0072,
511620.SH,国泰瞬利货币ETF-A,七天通知存款利率,2022,242,0.0055,
511620.SH,国泰瞬利货币ETF-A,七天通知存款利率,2023,242,0.2219,
511620.SH,国泰瞬利货币ETF-A,七天通知存款利率,2024,242,0.0979,
511620.SH,国泰瞬利货币ETF-A,七天通知存款利率,2025,243,0.1933,
511620.SH,国泰瞬利货币ETF-A,七天通知存款利率,2026,177,0.2439,
511650.SH,华夏快线货币ETF-E,七天通知存款利率,2017,235,1.6408,Y
511650.SH,华夏快线货币ETF-E,七天通知存款利率,2018,243,0.8149,Y
511650.SH,华夏快线货币ETF-E,七天通知存款利率,2019,244,0.1715,
511650.SH,华夏快线货币ETF-E,七天通知存款利率,2020,243,0.0481,
511650.SH,华夏快线货币ETF-E,七天通知存款利率,2021,243,0.0274,
511650.SH,华夏快线货币ETF-E,七天通知存款利率,2022,241,0.0182,
511650.SH,华夏快线货币ETF-E,七天通知存款利率,2023,235,0.0258,
511650.SH,华夏快线货币ETF-E,七天通知存款利率,2024,234,0.0117,
511650.SH,华夏快线货币ETF-E,七天通知存款利率,2025,241,0.0196,
511650.SH,华夏快线货币ETF-E,七天通知存款利率,2026,177,0.0517,
511660.SH,建信现金添益货币ETF-H,七天通知存款利率,2016,68,5.2548,Y
511660.SH,建信现金添益货币ETF-H,七天通知存款利率,2017,244,15.2262,Y
511660.SH,建信现金添益货币ETF-H,七天通知存款利率,2018,243,13.3325,Y
511660.SH,建信现金添益货币ETF-H,七天通知存款利率,2019,244,9.1528,Y
511660.SH,建信现金添益货币ETF-H,七天通知存款利率,2020,243,8.9107,Y
511660.SH,建信现金添益货币ETF-H,七天通知存款利率,2021,243,17.6064,Y
511660.SH,建信现金添益货币ETF-H,七天通知存款利率,2022,242,15.3656,Y
511660.SH,建信现金添益货币ETF-H,七天通知存款利率,2023,242,14.141,Y
511660.SH,建信现金添益货币ETF-H,七天通知存款利率,2024,242,10.1486,Y
511660.SH,建信现金添益货币ETF-H,七天通知存款利率,2025,243,12.2892,Y
511660.SH,建信现金添益货币ETF-H,七天通知存款利率,2026,177,8.3306,Y
511670.SH,华泰紫金天天金货币ETF-A,七天通知存款利率,2017,85,0.3794,
511670.SH,华泰紫金天天金货币ETF-A,七天通知存款利率,2018,243,2.779,Y
511670.SH,华泰紫金天天金货币ETF-A,七天通知存款利率,2019,244,0.1346,
511670.SH,华泰紫金天天金货币ETF-A,七天通知存款利率,2020,243,0.0239,
511670.SH,华泰紫金天天金货币ETF-A,七天通知存款利率,2021,242,0.0033,
511670.SH,华泰紫金天天金货币ETF-A,七天通知存款利率,2022,219,0.0013,
511670.SH,华泰紫金天天金货币ETF-A,七天通知存款利率,2023,172,0.001,
511670.SH,华泰紫金天天金货币ETF-A,七天通知存款利率,2024,195,0.002,
511670.SH,华泰紫金天天金货币ETF-A,七天通知存款利率,2025,233,0.0115,
511670.SH,华泰紫金天天金货币ETF-A,七天通知存款利率,2026,171,0.0106,
511680.SH,安信保证金货币ETF,七天通知存款利率,2016,64,2.5381,Y
511680.SH,安信保证金货币ETF,七天通知存款利率,2017,242,0.267,
511680.SH,安信保证金货币ETF,七天通知存款利率,2018,107,0.0084,
511690.SH,大成添益货币ETF-E,活期存款利率,2017,244,9.7836,Y
511690.SH,大成添益货币ETF-E,活期存款利率,2018,243,4.6228,Y
511690.SH,大成添益货币ETF-E,活期存款利率,2019,244,1.6314,Y
511690.SH,大成添益货币ETF-E,活期存款利率,2020,243,0.5985,Y
511690.SH,大成添益货币ETF-E,活期存款利率,2021,243,0.6122,Y
511690.SH,大成添益货币ETF-E,活期存款利率,2022,242,0.3627,
511690.SH,大成添益货币ETF-E,活期存款利率,2023,242,0.4407,
511690.SH,大成添益货币ETF-E,活期存款利率,2024,242,0.181,
511690.SH,大成添益货币ETF-E,活期存款利率,2025,243,0.1467,
511690.SH,大成添益货币ETF-E,活期存款利率,2026,177,0.1615,
511700.SH,平安货币ETF-E,七天通知存款利率,2017,244,0.4875,
511700.SH,平安货币ETF-E,七天通知存款利率,2018,243,0.4953,
511700.SH,平安货币ETF-E,七天通知存款利率,2019,244,0.0771,
511700.SH,平安货币ETF-E,七天通知存款利率,2020,243,0.1137,
511700.SH,平安货币ETF-E,七天通知存款利率,2021,243,0.1041,
511700.SH,平安货币ETF-E,七天通知存款利率,2022,242,0.1401,
511700.SH,平安货币ETF-E,七天通知存款利率,2023,242,0.3146,
511700.SH,平安货币ETF-E,七天通知存款利率,2024,242,0.4468,
511700.SH,平安货币ETF-E,七天通知存款利率,2025,243,0.8763,Y
511700.SH,平安货币ETF-E,七天通知存款利率,2026,177,0.8469,Y
511760.SH,德邦现金宝货币ETF-E,七天通知存款利率,2017,187,0.0081,
511770.SH,金鹰现金增益货币ETF-E,七天通知存款利率,2017,182,0.2462,
511770.SH,金鹰现金增益货币ETF-E,七天通知存款利率,2018,242,0.0379,
511770.SH,金鹰现金增益货币ETF-E,七天通知存款利率,2019,224,0.0146,
511770.SH,金鹰现金增益货币ETF-E,七天通知存款利率,2020,183,0.0019,
511770.SH,金鹰现金增益货币ETF-E,七天通知存款利率,2021,177,0.0007,
511770.SH,金鹰现金增益货币ETF-E,七天通知存款利率,2022,196,0.001,
511770.SH,金鹰现金增益货币ETF-E,七天通知存款利率,2023,154,0.001,
511770.SH,金鹰现金增益货币ETF-E,七天通知存款利率,2024,156,0.0016,
511770.SH,金鹰现金增益货币ETF-E,七天通知存款利率,2025,234,0.0181,
511770.SH,金鹰现金增益货币ETF-E,七天通知存款利率,2026,176,0.0338,
511800.SH,易方达货币ETF-E,活期存款利率,2015,244,10.8749,Y
511800.SH,易方达货币ETF-E,活期存款利率,2016,244,9.4027,Y
511800.SH,易方达货币ETF-E,活期存款利率,2017,244,0.8109,Y
511800.SH,易方达货币ETF-E,活期存款利率,2018,243,0.4157,
511800.SH,易方达货币ETF-E,活期存款利率,2019,244,0.1944,
511800.SH,易方达货币ETF-E,活期存款利率,2020,243,0.2538,
511800.SH,易方达货币ETF-E,活期存款利率,2021,243,0.2804,
511800.SH,易方达货币ETF-E,活期存款利率,2022,242,0.1141,
511800.SH,易方达货币ETF-E,活期存款利率,2023,242,0.0485,
511800.SH,易方达货币ETF-E,活期存款利率,2024,242,0.0382,
511800.SH,易方达货币ETF-E,活期存款利率,2025,243,0.0507,
511800.SH,易方达货币ETF-E,活期存款利率,2026,177,0.0643,
511810.SH,南方理财金货币ETF-H,七天通知存款利率,2015,244,16.4548,Y
511810.SH,南方理财金货币ETF-H,七天通知存款利率,2016,244,32.9879,Y
511810.SH,南方理财金货币ETF-H,七天通知存款利率,2017,244,16.7377,Y
511810.SH,南方理财金货币ETF-H,七天通知存款利率,2018,243,9.9555,Y
511810.SH,南方理财金货币ETF-H,七天通知存款利率,2019,244,8.5965,Y
511810.SH,南方理财金货币ETF-H,七天通知存款利率,2020,243,1.5404,Y
511810.SH,南方理财金货币ETF-H,七天通知存款利率,2021,243,1.3292,Y
511810.SH,南方理财金货币ETF-H,七天通知存款利率,2022,242,0.6817,Y
511810.SH,南方理财金货币ETF-H,七天通知存款利率,2023,242,0.3078,
511810.SH,南方理财金货币ETF-H,七天通知存款利率,2024,242,0.207,
511810.SH,南方理财金货币ETF-H,七天通知存款利率,2025,243,0.1625,
511810.SH,南方理财金货币ETF-H,七天通知存款利率,2026,177,0.1169,
511820.SH,鹏华添利货币ETF-B,活期存款利率,2016,214,13.2495,Y
511820.SH,鹏华添利货币ETF-B,活期存款利率,2017,244,4.7479,Y
511820.SH,鹏华添利货币ETF-B,活期存款利率,2018,243,3.3533,Y
511820.SH,鹏华添利货币ETF-B,活期存款利率,2019,244,0.0339,
511820.SH,鹏华添利货币ETF-B,活期存款利率,2020,242,0.0086,
511820.SH,鹏华添利货币ETF-B,活期存款利率,2021,231,0.0063,
511820.SH,鹏华添利货币ETF-B,活期存款利率,2022,207,0.0038,
511820.SH,鹏华添利货币ETF-B,活期存款利率,2023,216,0.0083,
511820.SH,鹏华添利货币ETF-B,活期存款利率,2024,180,0.002,
511820.SH,鹏华添利货币ETF-B,活期存款利率,2025,231,0.0171,
511820.SH,鹏华添利货币ETF-B,活期存款利率,2026,172,0.0211,
511830.SH,华泰柏瑞货币ETF-A,活期存款利率,2015,102,3.0777,Y
511830.SH,华泰柏瑞货币ETF-A,活期存款利率,2016,244,1.7861,Y
511830.SH,华泰柏瑞货币ETF-A,活期存款利率,2017,244,0.6734,Y
511830.SH,华泰柏瑞货币ETF-A,活期存款利率,2018,243,0.2959,
511830.SH,华泰柏瑞货币ETF-A,活期存款利率,2019,244,0.0318,
511830.SH,华泰柏瑞货币ETF-A,活期存款利率,2020,243,0.0128,
511830.SH,华泰柏瑞货币ETF-A,活期存款利率,2021,241,0.0228,
511830.SH,华泰柏瑞货币ETF-A,活期存款利率,2022,238,0.0031,
511830.SH,华泰柏瑞货币ETF-A,活期存款利率,2023,237,0.0044,
511830.SH,华泰柏瑞货币ETF-A,活期存款利率,2024,230,0.0025,
511830.SH,华泰柏瑞货币ETF-A,活期存款利率,2025,241,0.0129,
511830.SH,华泰柏瑞货币ETF-A,活期存款利率,2026,174,0.0079,
511850.SH,招商财富宝货币ETF-E,活期存款利率,2016,113,1.6869,Y
511850.SH,招商财富宝货币ETF-E,活期存款利率,2017,244,1.0141,Y
511850.SH,招商财富宝货币ETF-E,活期存款利率,2018,243,1.8274,Y
511850.SH,招商财富宝货币ETF-E,活期存款利率,2019,244,1.6488,Y
511850.SH,招商财富宝货币ETF-E,活期存款利率,2020,243,0.4923,
511850.SH,招商财富宝货币ETF-E,活期存款利率,2021,243,8.973,Y
511850.SH,招商财富宝货币ETF-E,活期存款利率,2022,242,24.0255,Y
511850.SH,招商财富宝货币ETF-E,活期存款利率,2023,242,12.0521,Y
511850.SH,招商财富宝货币ETF-E,活期存款利率,2024,242,3.1125,Y
511850.SH,招商财富宝货币ETF-E,活期存款利率,2025,243,1.9481,Y
511850.SH,招商财富宝货币ETF-E,活期存款利率,2026,177,1.05,Y
511860.SH,博时保证金实时货币ETF-A,七天通知存款利率,2015,244,2.1106,Y
511860.SH,博时保证金实时货币ETF-A,七天通知存款利率,2016,244,16.812,Y
511860.SH,博时保证金实时货币ETF-A,七天通知存款利率,2017,244,1.0256,Y
511860.SH,博时保证金实时货币ETF-A,七天通知存款利率,2018,243,0.2024,
511860.SH,博时保证金实时货币ETF-A,七天通知存款利率,2019,244,0.0527,
511860.SH,博时保证金实时货币ETF-A,七天通知存款利率,2020,243,0.027,
511860.SH,博时保证金实时货币ETF-A,七天通知存款利率,2021,243,0.1684,
511860.SH,博时保证金实时货币ETF-A,七天通知存款利率,2022,242,0.0747,
511860.SH,博时保证金实时货币ETF-A,七天通知存款利率,2023,237,0.0273,
511860.SH,博时保证金实时货币ETF-A,七天通知存款利率,2024,242,0.0304,
511860.SH,博时保证金实时货币ETF-A,七天通知存款利率,2025,243,0.0275,
511860.SH,博时保证金实时货币ETF-A,七天通知存款利率,2026,177,0.0471,
511880.SH,银华货币ETF-A,活期存款利率,2013,171,0.7413,Y
511880.SH,银华货币ETF-A,活期存款利率,2014,245,22.6243,Y
511880.SH,银华货币ETF-A,活期存款利率,2015,244,50.0119,Y
511880.SH,银华货币ETF-A,活期存款利率,2016,244,73.225,Y
511880.SH,银华货币ETF-A,活期存款利率,2017,244,87.2814,Y
511880.SH,银华货币ETF-A,活期存款利率,2018,243,84.1112,Y
511880.SH,银华货币ETF-A,活期存款利率,2019,244,63.2349,Y
511880.SH,银华货币ETF-A,活期存款利率,2020,243,96.2084,Y
511880.SH,银华货币ETF-A,活期存款利率,2021,243,135.7114,Y
511880.SH,银华货币ETF-A,活期存款利率,2022,242,129.1706,Y
511880.SH,银华货币ETF-A,活期存款利率,2023,242,136.3566,Y
511880.SH,银华货币ETF-A,活期存款利率,2024,242,115.1178,Y
511880.SH,银华货币ETF-A,活期存款利率,2025,243,141.1109,Y
511880.SH,银华货币ETF-A,活期存款利率,2026,177,174.1704,Y
511890.SH,景顺长城货币ETF,七天通知存款税后利率,2015,102,2.6928,Y
511890.SH,景顺长城货币ETF,七天通知存款税后利率,2016,244,0.9125,Y
511890.SH,景顺长城货币ETF,七天通知存款税后利率,2017,231,0.0738,
511900.SH,富国收益宝货币ETF-H,活期存款利率,2016,244,24.7102,Y
511900.SH,富国收益宝货币ETF-H,活期存款利率,2017,244,8.2249,Y
511900.SH,富国收益宝货币ETF-H,活期存款利率,2018,243,1.8269,Y
511900.SH,富国收益宝货币ETF-H,活期存款利率,2019,244,0.3049,
511900.SH,富国收益宝货币ETF-H,活期存款利率,2020,243,0.0992,
511900.SH,富国收益宝货币ETF-H,活期存款利率,2021,243,0.0506,
511900.SH,富国收益宝货币ETF-H,活期存款利率,2022,242,0.9148,Y
511900.SH,富国收益宝货币ETF-H,活期存款利率,2023,242,1.2198,Y
511900.SH,富国收益宝货币ETF-H,活期存款利率,2024,242,0.4437,
511900.SH,富国收益宝货币ETF-H,活期存款利率,2025,243,0.3144,
511900.SH,富国收益宝货币ETF-H,活期存款利率,2026,177,0.1154,
511910.SH,融通易支付货币ETF-E,活期存款利率,2016,123,4.2614,Y
511910.SH,融通易支付货币ETF-E,活期存款利率,2017,244,0.6926,Y
511910.SH,融通易支付货币ETF-E,活期存款利率,2018,243,0.072,
511910.SH,融通易支付货币ETF-E,活期存款利率,2019,217,0.0039,
511910.SH,融通易支付货币ETF-E,活期存款利率,2020,199,0.0016,
511910.SH,融通易支付货币ETF-E,活期存款利率,2021,162,0.0021,
511910.SH,融通易支付货币ETF-E,活期存款利率,2022,109,0.0012,
511910.SH,融通易支付货币ETF-E,活期存款利率,2023,114,0.0007,
511910.SH,融通易支付货币ETF-E,活期存款利率,2024,117,0.0036,
511910.SH,融通易支付货币ETF-E,活期存款利率,2025,231,0.0146,
511910.SH,融通易支付货币ETF-E,活期存款利率,2026,173,0.0103,
511920.SH,广发货币ETF-E,活期存款利率,2016,189,0.4507,
511920.SH,广发货币ETF-E,活期存款利率,2017,243,0.0174,
511920.SH,广发货币ETF-E,活期存款利率,2018,237,0.0029,
511920.SH,广发货币ETF-E,活期存款利率,2019,220,0.0053,
511920.SH,广发货币ETF-E,活期存款利率,2020,219,0.0018,
511920.SH,广发货币ETF-E,活期存款利率,2021,241,0.0043,
511920.SH,广发货币ETF-E,活期存款利率,2022,231,0.003,
511920.SH,广发货币ETF-E,活期存款利率,2023,220,0.0027,
511920.SH,广发货币ETF-E,活期存款利率,2024,218,0.002,
511920.SH,广发货币ETF-E,活期存款利率,2025,239,0.014,
511920.SH,广发货币ETF-E,活期存款利率,2026,175,0.0083,
511930.SH,国联日日盈货币ETF-A,七天通知存款利率,2016,244,2.2143,Y
511930.SH,国联日日盈货币ETF-A,七天通知存款利率,2017,233,0.2136,
511930.SH,国联日日盈货币ETF-A,七天通知存款利率,2018,171,0.0024,
511930.SH,国联日日盈货币ETF-A,七天通知存款利率,2019,181,0.0027,
511930.SH,国联日日盈货币ETF-A,七天通知存款利率,2020,162,0.0021,
511930.SH,国联日日盈货币ETF-A,七天通知存款利率,2021,177,0.0012,
511930.SH,国联日日盈货币ETF-A,七天通知存款利率,2022,140,0.0006,
511930.SH,国联日日盈货币ETF-A,七天通知存款利率,2023,154,0.0011,
511930.SH,国联日日盈货币ETF-A,七天通知存款利率,2024,189,0.0019,
511930.SH,国联日日盈货币ETF-A,七天通知存款利率,2025,238,0.0105,
511930.SH,国联日日盈货币ETF-A,七天通知存款利率,2026,172,0.0101,
511950.SH,广发添利货币ETF-A,活期存款利率,2017,195,0.01,
511950.SH,广发添利货币ETF-A,活期存款利率,2018,103,0.0006,
511950.SH,广发添利货币ETF-A,活期存款利率,2019,86,0.0005,
511950.SH,广发添利货币ETF-A,活期存款利率,2020,115,0.0008,
511950.SH,广发添利货币ETF-A,活期存款利率,2021,189,0.0006,
511950.SH,广发添利货币ETF-A,活期存款利率,2022,164,0.0008,
511950.SH,广发添利货币ETF-A,活期存款利率,2023,177,0.0009,
511950.SH,广发添利货币ETF-A,活期存款利率,2024,157,0.0012,
511950.SH,广发添利货币ETF-A,活期存款利率,2025,232,0.0141,
511950.SH,广发添利货币ETF-A,活期存款利率,2026,174,0.0142,
511960.SH,嘉实快线货币ETF-H,活期存款利率,2016,239,4.0699,Y
511960.SH,嘉实快线货币ETF-H,活期存款利率,2017,244,0.1364,
511960.SH,嘉实快线货币ETF-H,活期存款利率,2018,238,0.0254,
511960.SH,嘉实快线货币ETF-H,活期存款利率,2019,219,0.0147,
511960.SH,嘉实快线货币ETF-H,活期存款利率,2020,192,0.0022,
511960.SH,嘉实快线货币ETF-H,活期存款利率,2021,191,0.0012,
511960.SH,嘉实快线货币ETF-H,活期存款利率,2022,172,0.0012,
511960.SH,嘉实快线货币ETF-H,活期存款利率,2023,172,0.0018,
511960.SH,嘉实快线货币ETF-H,活期存款利率,2024,174,0.0054,
511960.SH,嘉实快线货币ETF-H,活期存款利率,2025,223,0.0209,
511960.SH,嘉实快线货币ETF-H,活期存款利率,2026,174,0.0316,
511970.SH,国寿安保货币ETF-E,7天通知存款利率,2016,113,2.1527,Y
511970.SH,国寿安保货币ETF-E,7天通知存款利率,2017,243,0.6834,Y
511970.SH,国寿安保货币ETF-E,7天通知存款利率,2018,218,0.1227,
511970.SH,国寿安保货币ETF-E,7天通知存款利率,2019,153,0.0087,
511970.SH,国寿安保货币ETF-E,7天通知存款利率,2020,107,0.0005,
511970.SH,国寿安保货币ETF-E,7天通知存款利率,2021,185,0.0009,
511970.SH,国寿安保货币ETF-E,7天通知存款利率,2022,152,0.0007,
511970.SH,国寿安保货币ETF-E,7天通知存款利率,2023,100,0.0007,
511970.SH,国寿安保货币ETF-E,7天通知存款利率,2024,136,0.0017,
511970.SH,国寿安保货币ETF-E,7天通知存款利率,2025,235,0.0147,
511970.SH,国寿安保货币ETF-E,7天通知存款利率,2026,171,0.0118,
511980.SH,汇添富添富通货币ETF-E,活期存款利率,2016,244,22.0647,Y
511980.SH,汇添富添富通货币ETF-E,活期存款利率,2017,244,1.8611,Y
511980.SH,汇添富添富通货币ETF-E,活期存款利率,2018,243,0.1453,
511980.SH,汇添富添富通货币ETF-E,活期存款利率,2019,244,0.0475,
511980.SH,汇添富添富通货币ETF-E,活期存款利率,2020,243,0.0186,
511980.SH,汇添富添富通货币ETF-E,活期存款利率,2021,241,0.0055,
511980.SH,汇添富添富通货币ETF-E,活期存款利率,2022,224,0.0073,
511980.SH,汇添富添富通货币ETF-E,活期存款利率,2023,224,0.003,
511980.SH,汇添富添富通货币ETF-E,活期存款利率,2024,207,0.0023,
511980.SH,汇添富添富通货币ETF-E,活期存款利率,2025,236,0.0107,
511980.SH,汇添富添富通货币ETF-E,活期存款利率,2026,175,0.0072,
511990.SH,华宝现金添益货币ETF-A,7天通知存款利率,2013,222,8.6651,Y
511990.SH,华宝现金添益货币ETF-A,7天通知存款利率,2014,245,88.1169,Y
511990.SH,华宝现金添益货币ETF-A,7天通知存款利率,2015,244,211.6969,Y
511990.SH,华宝现金添益货币ETF-A,7天通知存款利率,2016,244,124.0851,Y
511990.SH,华宝现金添益货币ETF-A,7天通知存款利率,2017,244,121.8226,Y
511990.SH,华宝现金添益货币ETF-A,7天通知存款利率,2018,243,100.9224,Y
511990.SH,华宝现金添益货币ETF-A,7天通知存款利率,2019,244,84.0981,Y
511990.SH,华宝现金添益货币ETF-A,7天通知存款利率,2020,243,113.4809,Y
511990.SH,华宝现金添益货币ETF-A,7天通知存款利率,2021,243,172.6383,Y
511990.SH,华宝现金添益货币ETF-A,7天通知存款利率,2022,242,163.3546,Y
511990.SH,华宝现金添益货币ETF-A,7天通知存款利率,2023,242,134.2146,Y
511990.SH,华宝现金添益货币ETF-A,7天通知存款利率,2024,242,122.3825,Y
511990.SH,华宝现金添益货币ETF-A,7天通知存款利率,2025,243,111.6183,Y
511990.SH,华宝现金添益货币ETF-A,7天通知存款利率,2026,177,110.821,Y
512000.SH,华宝中证全指证券公司ETF,中证全指证券公司,2016,71,0.1308,
512000.SH,华宝中证全指证券公司ETF,中证全指证券公司,2017,244,0.0638,
512000.SH,华宝中证全指证券公司ETF,中证全指证券公司,2018,243,0.3025,
512000.SH,华宝中证全指证券公司ETF,中证全指证券公司,2019,244,2.4893,Y
512000.SH,华宝中证全指证券公司ETF,中证全指证券公司,2020,243,9.3418,Y
512000.SH,华宝中证全指证券公司ETF,中证全指证券公司,2021,243,10.2894,Y
512000.SH,华宝中证全指证券公司ETF,中证全指证券公司,2022,242,6.4303,Y
512000.SH,华宝中证全指证券公司ETF,中证全指证券公司,2023,242,6.7334,Y
512000.SH,华宝中证全指证券公司ETF,中证全指证券公司,2024,242,7.2671,Y
512000.SH,华宝中证全指证券公司ETF,中证全指证券公司,2025,243,10.7981,Y
512000.SH,华宝中证全指证券公司ETF,中证全指证券公司,2026,177,11.7719,Y
512010.SH,易方达沪深300医药卫生ETF,沪深300医药卫生,2014,245,0.015,
512010.SH,易方达沪深300医药卫生ETF,沪深300医药卫生,2015,244,0.0166,
512010.SH,易方达沪深300医药卫生ETF,沪深300医药卫生,2016,244,0.0015,
512010.SH,易方达沪深300医药卫生ETF,沪深300医药卫生,2017,243,0.0037,
512010.SH,易方达沪深300医药卫生ETF,沪深300医药卫生,2018,243,0.1071,
512010.SH,易方达沪深300医药卫生ETF,沪深300医药卫生,2019,244,0.3863,
512010.SH,易方达沪深300医药卫生ETF,沪深300医药卫生,2020,243,1.0921,Y
512010.SH,易方达沪深300医药卫生ETF,沪深300医药卫生,2021,242,2.2836,Y
512010.SH,易方达沪深300医药卫生ETF,沪深300医药卫生,2022,242,5.1868,Y
512010.SH,易方达沪深300医药卫生ETF,沪深300医药卫生,2023,242,5.9778,Y
512010.SH,易方达沪深300医药卫生ETF,沪深300医药卫生,2024,242,5.6291,Y
512010.SH,易方达沪深300医药卫生ETF,沪深300医药卫生,2025,243,5.9229,Y
512010.SH,易方达沪深300医药卫生ETF,沪深300医药卫生,2026,177,5.315,Y
512020.SH,鹏华中证A500ETF,中证A500,2025,243,1.4021,Y
512020.SH,鹏华中证A500ETF,中证A500,2026,177,0.7626,Y
512030.SH,易方达中证A50增强策略ETF,中证A50,2025,95,0.04,
512030.SH,易方达中证A50增强策略ETF,中证A50,2026,177,0.0242,
512040.SH,富国中证价值ETF,中证国信价值,2019,244,0.1429,
512040.SH,富国中证价值ETF,中证国信价值,2020,243,0.0466,
512040.SH,富国中证价值ETF,中证国信价值,2021,243,0.0304,
512040.SH,富国中证价值ETF,中证国信价值,2022,242,0.1952,
512040.SH,富国中证价值ETF,中证国信价值,2023,242,0.1865,
512040.SH,富国中证价值ETF,中证国信价值,2024,242,0.5596,Y
512040.SH,富国中证价值ETF,中证国信价值,2025,243,0.4615,
512040.SH,富国中证价值ETF,中证国信价值,2026,177,1.5602,Y
512050.SH,华夏中证A500ETF,中证A500,2025,243,47.1801,Y
512050.SH,华夏中证A500ETF,中证A500,2026,177,50.6319,Y
512060.SH,天弘中证A100ETF,中证A100,2025,113,0.0931,
512060.SH,天弘中证A100ETF,中证A100,2026,177,0.0273,
512070.SH,易方达沪深300非银行金融ETF,沪深300非银行金融,2014,113,0.5417,Y
512070.SH,易方达沪深300非银行金融ETF,沪深300非银行金融,2015,244,0.7086,Y
512070.SH,易方达沪深300非银行金融ETF,沪深300非银行金融,2016,244,0.0327,
512070.SH,易方达沪深300非银行金融ETF,沪深300非银行金融,2017,244,0.0192,
512070.SH,易方达沪深300非银行金融ETF,沪深300非银行金融,2018,243,0.0193,
512070.SH,易方达沪深300非银行金融ETF,沪深300非银行金融,2019,244,0.1125,
512070.SH,易方达沪深300非银行金融ETF,沪深300非银行金融,2020,243,0.413,
512070.SH,易方达沪深300非银行金融ETF,沪深300非银行金融,2021,242,1.1795,Y
512070.SH,易方达沪深300非银行金融ETF,沪深300非银行金融,2022,242,1.7299,Y
512070.SH,易方达沪深300非银行金融ETF,沪深300非银行金融,2023,242,2.1394,Y
512070.SH,易方达沪深300非银行金融ETF,沪深300非银行金融,2024,242,1.8976,Y
512070.SH,易方达沪深300非银行金融ETF,沪深300非银行金融,2025,243,3.6969,Y
512070.SH,易方达沪深300非银行金融ETF,沪深300非银行金融,2026,177,5.6998,Y
512080.SH,中金中证A500ETF,中证A500,2025,230,0.8195,Y
512080.SH,中金中证A500ETF,中证A500,2026,177,0.3308,
512090.SH,易方达MSCI中国A股国际通ETF,MSCI中国A股国际通,2018,144,1.1544,Y
512090.SH,易方达MSCI中国A股国际通ETF,MSCI中国A股国际通,2019,244,0.6891,Y
512090.SH,易方达MSCI中国A股国际通ETF,MSCI中国A股国际通,2020,243,0.2436,
512090.SH,易方达MSCI中国A股国际通ETF,MSCI中国A股国际通,2021,243,0.2179,
512090.SH,易方达MSCI中国A股国际通ETF,MSCI中国A股国际通,2022,242,0.196,
512090.SH,易方达MSCI中国A股国际通ETF,MSCI中国A股国际通,2023,242,0.1018,
512090.SH,易方达MSCI中国A股国际通ETF,MSCI中国A股国际通,2024,242,0.1101,
512090.SH,易方达MSCI中国A股国际通ETF,MSCI中国A股国际通,2025,243,0.6813,Y
512090.SH,易方达MSCI中国A股国际通ETF,MSCI中国A股国际通,2026,177,1.19,Y
512100.SH,南方中证1000ETF,中证1000,2017,244,0.0136,
512100.SH,南方中证1000ETF,中证1000,2018,243,0.0207,
512100.SH,南方中证1000ETF,中证1000,2019,244,0.1642,
512100.SH,南方中证1000ETF,中证1000,2020,243,0.2054,
512100.SH,南方中证1000ETF,中证1000,2021,243,1.5435,Y
512100.SH,南方中证1000ETF,中证1000,2022,241,9.051,Y
512100.SH,南方中证1000ETF,中证1000,2023,242,12.0241,Y
512100.SH,南方中证1000ETF,中证1000,2024,242,17.5842,Y
512100.SH,南方中证1000ETF,中证1000,2025,243,15.1733,Y
512100.SH,南方中证1000ETF,中证1000,2026,177,34.9907,Y
512110.SH,华安中证细分地产ETF,中证细分房地产产业主题,2014,238,0.0137,
512110.SH,华安中证细分地产ETF,中证细分房地产产业主题,2015,236,0.0039,
512110.SH,华安中证细分地产ETF,中证细分房地产产业主题,2016,164,0.0006,
512120.SH,华安中证细分医药ETF,中证细分医药产业主题,2014,243,0.0113,
512120.SH,华安中证细分医药ETF,中证细分医药产业主题,2015,243,0.0137,
512120.SH,华安中证细分医药ETF,中证细分医药产业主题,2016,236,0.0003,
512120.SH,华安中证细分医药ETF,中证细分医药产业主题,2017,226,0.0056,
512120.SH,华安中证细分医药ETF,中证细分医药产业主题,2018,243,0.0265,
512120.SH,华安中证细分医药ETF,中证细分医药产业主题,2019,244,0.0184,
512120.SH,华安中证细分医药ETF,中证细分医药产业主题,2020,243,0.054,
512120.SH,华安中证细分医药ETF,中证细分医药产业主题,2021,243,0.0566,
512120.SH,华安中证细分医药ETF,中证细分医药产业主题,2022,241,0.1606,
512120.SH,华安中证细分医药ETF,中证细分医药产业主题,2023,242,0.1706,
512120.SH,华安中证细分医药ETF,中证细分医药产业主题,2024,242,0.1263,
512120.SH,华安中证细分医药ETF,中证细分医药产业主题,2025,243,0.0891,
512120.SH,华安中证细分医药ETF,中证细分医药产业主题,2026,177,0.14,
512130.SH,鹏华中证全指自由现金流ETF,中证全指自由现金流,2025,126,0.0347,
512130.SH,鹏华中证全指自由现金流ETF,中证全指自由现金流,2026,177,0.0112,
512140.SH,华安中证全指电力公用事业ETF,中证全指电力公用事业,2026,97,0.2074,
512150.SH,汇安富时中国A50ETF,富时中国A50,2019,231,0.0251,
512150.SH,汇安富时中国A50ETF,富时中国A50,2020,243,0.0247,
512150.SH,汇安富时中国A50ETF,富时中国A50,2021,243,0.0452,
512150.SH,汇安富时中国A50ETF,富时中国A50,2022,242,0.0255,
512150.SH,汇安富时中国A50ETF,富时中国A50,2023,242,0.0126,
512150.SH,汇安富时中国A50ETF,富时中国A50,2024,242,0.0479,
512150.SH,汇安富时中国A50ETF,富时中国A50,2025,243,0.0255,
512150.SH,汇安富时中国A50ETF,富时中国A50,2026,177,0.0131,
512160.SH,南方MSCI中国A股国际通ETF,MSCI中国A股国际通指数,2018,167,0.4041,
512160.SH,南方MSCI中国A股国际通ETF,MSCI中国A股国际通指数,2019,244,0.4555,
512160.SH,南方MSCI中国A股国际通ETF,MSCI中国A股国际通指数,2020,243,0.2936,
512160.SH,南方MSCI中国A股国际通ETF,MSCI中国A股国际通指数,2021,243,0.3123,
512160.SH,南方MSCI中国A股国际通ETF,MSCI中国A股国际通指数,2022,242,0.2153,
512160.SH,南方MSCI中国A股国际通ETF,MSCI中国A股国际通指数,2023,242,0.0715,
512160.SH,南方MSCI中国A股国际通ETF,MSCI中国A股国际通指数,2024,242,0.0508,
512160.SH,南方MSCI中国A股国际通ETF,MSCI中国A股国际通指数,2025,243,0.0433,
512160.SH,南方MSCI中国A股国际通ETF,MSCI中国A股国际通指数,2026,177,0.0256,
512170.SH,华宝中证医疗ETF,中证医疗,2019,136,0.1617,
512170.SH,华宝中证医疗ETF,中证医疗,2020,243,1.2509,Y
512170.SH,华宝中证医疗ETF,中证医疗,2021,242,2.8545,Y
512170.SH,华宝中证医疗ETF,中证医疗,2022,242,4.1987,Y
512170.SH,华宝中证医疗ETF,中证医疗,2023,242,4.852,Y
512170.SH,华宝中证医疗ETF,中证医疗,2024,242,4.9759,Y
512170.SH,华宝中证医疗ETF,中证医疗,2025,243,6.129,Y
512170.SH,华宝中证医疗ETF,中证医疗,2026,177,6.3844,Y
512180.SH,建信MSCI中国A股国际通ETF,MSCI中国A股国际通,2018,153,0.9656,Y
512180.SH,建信MSCI中国A股国际通ETF,MSCI中国A股国际通,2019,244,0.42,
512180.SH,建信MSCI中国A股国际通ETF,MSCI中国A股国际通,2020,243,0.05,
512180.SH,建信MSCI中国A股国际通ETF,MSCI中国A股国际通,2021,243,0.009,
512180.SH,建信MSCI中国A股国际通ETF,MSCI中国A股国际通,2022,242,0.0038,
512180.SH,建信MSCI中国A股国际通ETF,MSCI中国A股国际通,2023,241,0.0033,
512180.SH,建信MSCI中国A股国际通ETF,MSCI中国A股国际通,2024,235,0.0042,
512180.SH,建信MSCI中国A股国际通ETF,MSCI中国A股国际通,2025,242,0.0026,
512180.SH,建信MSCI中国A股国际通ETF,MSCI中国A股国际通,2026,176,0.0023,
512190.SH,浙商汇金中证浙江凤凰行动50ETF,中证浙江凤凰行动50,2019,76,0.0398,
512190.SH,浙商汇金中证浙江凤凰行动50ETF,中证浙江凤凰行动50,2020,242,0.0049,
512190.SH,浙商汇金中证浙江凤凰行动50ETF,中证浙江凤凰行动50,2021,241,0.0019,
512190.SH,浙商汇金中证浙江凤凰行动50ETF,中证浙江凤凰行动50,2022,237,0.0013,
512190.SH,浙商汇金中证浙江凤凰行动50ETF,中证浙江凤凰行动50,2023,229,0.0011,
512190.SH,浙商汇金中证浙江凤凰行动50ETF,中证浙江凤凰行动50,2024,240,0.0009,
512190.SH,浙商汇金中证浙江凤凰行动50ETF,中证浙江凤凰行动50,2025,243,0.0031,
512190.SH,浙商汇金中证浙江凤凰行动50ETF,中证浙江凤凰行动50,2026,177,0.0169,
512200.SH,南方中证全指房地产ETF,中证全指房地产,2017,65,0.0519,
512200.SH,南方中证全指房地产ETF,中证全指房地产,2018,243,0.029,
512200.SH,南方中证全指房地产ETF,中证全指房地产,2019,244,0.0327,
512200.SH,南方中证全指房地产ETF,中证全指房地产,2020,243,0.5484,Y
512200.SH,南方中证全指房地产ETF,中证全指房地产,2021,243,0.932,Y
512200.SH,南方中证全指房地产ETF,中证全指房地产,2022,242,2.7776,Y
512200.SH,南方中证全指房地产ETF,中证全指房地产,2023,242,2.1909,Y
512200.SH,南方中证全指房地产ETF,中证全指房地产,2024,242,2.83,Y
512200.SH,南方中证全指房地产ETF,中证全指房地产,2025,243,2.4892,Y
512200.SH,南方中证全指房地产ETF,中证全指房地产,2026,177,1.8931,Y
512210.SH,景顺长城中证800食品饮料ETF,中证800食品饮料,2014,91,0.0488,
512210.SH,景顺长城中证800食品饮料ETF,中证800食品饮料,2015,232,0.0142,
512210.SH,景顺长城中证800食品饮料ETF,中证800食品饮料,2016,212,0.0036,
512210.SH,景顺长城中证800食品饮料ETF,中证800食品饮料,2017,234,0.0041,
512220.SH,景顺长城中证科技传媒通信150ETF,中证科技传媒通信150,2014,91,0.0872,
512220.SH,景顺长城中证科技传媒通信150ETF,中证科技传媒通信150,2015,243,0.0132,
512220.SH,景顺长城中证科技传媒通信150ETF,中证科技传媒通信150,2016,223,0.0005,
512220.SH,景顺长城中证科技传媒通信150ETF,中证科技传媒通信150,2017,213,0.0005,
512220.SH,景顺长城中证科技传媒通信150ETF,中证科技传媒通信150,2018,225,0.0003,
512220.SH,景顺长城中证科技传媒通信150ETF,中证科技传媒通信150,2019,237,0.0024,
512220.SH,景顺长城中证科技传媒通信150ETF,中证科技传媒通信150,2020,243,0.0769,
512220.SH,景顺长城中证科技传媒通信150ETF,中证科技传媒通信150,2021,243,0.0971,
512220.SH,景顺长城中证科技传媒通信150ETF,中证科技传媒通信150,2022,242,0.0374,
512220.SH,景顺长城中证科技传媒通信150ETF,中证科技传媒通信150,2023,242,0.0837,
512220.SH,景顺长城中证科技传媒通信150ETF,中证科技传媒通信150,2024,242,0.0633,
512220.SH,景顺长城中证科技传媒通信150ETF,中证科技传媒通信150,2025,243,0.0808,
512220.SH,景顺长城中证科技传媒通信150ETF,中证科技传媒通信150,2026,177,0.2422,
512230.SH,景顺长城中证医药卫生ETF,中证医药卫生,2014,91,0.0922,
512230.SH,景顺长城中证医药卫生ETF,中证医药卫生,2015,243,0.0226,
512230.SH,景顺长城中证医药卫生ETF,中证医药卫生,2016,220,0.0051,
512230.SH,景顺长城中证医药卫生ETF,中证医药卫生,2017,226,0.004,
512240.SH,鹏华中证A50ETF,中证A50,2025,183,0.0525,
512240.SH,鹏华中证A50ETF,中证A50,2026,177,0.0243,
512250.SH,招商中证A50ETF,中证A50,2025,178,0.0323,
512250.SH,招商中证A50ETF,中证A50,2026,177,0.0169,
512260.SH,华安中证500行业中性低波动ETF,中证500行业中性低波动,2019,237,0.1249,
512260.SH,华安中证500行业中性低波动ETF,中证500行业中性低波动,2020,243,0.1195,
512260.SH,华安中证500行业中性低波动ETF,中证500行业中性低波动,2021,243,0.0405,
512260.SH,华安中证500行业中性低波动ETF,中证500行业中性低波动,2022,242,0.0231,
512260.SH,华安中证500行业中性低波动ETF,中证500行业中性低波动,2023,242,0.0128,
512260.SH,华安中证500行业中性低波动ETF,中证500行业中性低波动,2024,242,0.0171,
512260.SH,华安中证500行业中性低波动ETF,中证500行业中性低波动,2025,243,0.0095,
512260.SH,华安中证500行业中性低波动ETF,中证500行业中性低波动,2026,177,0.0133,
512270.SH,华安沪深300行业中性低波动ETF,沪深300行业中性低波动,2019,187,0.0337,
512270.SH,华安沪深300行业中性低波动ETF,沪深300行业中性低波动,2020,243,0.0115,
512270.SH,华安沪深300行业中性低波动ETF,沪深300行业中性低波动,2021,144,0.0027,
512280.SH,景顺长城MSCI中国A股国际通ETF,MSCI中国A股国际通,2018,149,0.4848,
512280.SH,景顺长城MSCI中国A股国际通ETF,MSCI中国A股国际通,2019,244,1.0072,Y
512280.SH,景顺长城MSCI中国A股国际通ETF,MSCI中国A股国际通,2020,243,0.0857,
512280.SH,景顺长城MSCI中国A股国际通ETF,MSCI中国A股国际通,2021,243,0.0639,
512280.SH,景顺长城MSCI中国A股国际通ETF,MSCI中国A股国际通,2022,242,0.0397,
512280.SH,景顺长城MSCI中国A股国际通ETF,MSCI中国A股国际通,2023,242,0.0246,
512280.SH,景顺长城MSCI中国A股国际通ETF,MSCI中国A股国际通,2024,241,0.0315,
512280.SH,景顺长城MSCI中国A股国际通ETF,MSCI中国A股国际通,2025,110,0.0087,
512290.SH,国泰中证生物医药ETF,中证生物医药,2019,155,0.3985,
512290.SH,国泰中证生物医药ETF,中证生物医药,2020,243,2.136,Y
512290.SH,国泰中证生物医药ETF,中证生物医药,2021,243,1.5011,Y
512290.SH,国泰中证生物医药ETF,中证生物医药,2022,242,1.402,Y
512290.SH,国泰中证生物医药ETF,中证生物医药,2023,242,1.3297,Y
512290.SH,国泰中证生物医药ETF,中证生物医药,2024,242,0.827,Y
512290.SH,国泰中证生物医药ETF,中证生物医药,2025,243,0.8016,Y
512290.SH,国泰中证生物医药ETF,中证生物医药,2026,177,1.1926,Y
512300.SH,南方中证500医药卫生指数ETF,中证500医药卫生,2015,244,0.0677,
512300.SH,南方中证500医药卫生指数ETF,中证500医药卫生,2016,244,0.0055,
512300.SH,南方中证500医药卫生指数ETF,中证500医药卫生,2017,244,0.0094,
512300.SH,南方中证500医药卫生指数ETF,中证500医药卫生,2018,243,0.0087,
512300.SH,南方中证500医药卫生指数ETF,中证500医药卫生,2019,243,0.0102,
512300.SH,南方中证500医药卫生指数ETF,中证500医药卫生,2020,231,0.0257,
512310.SH,南方中证500工业指数ETF,中证500工业,2015,162,0.0957,
512310.SH,南方中证500工业指数ETF,中证500工业,2016,244,0.0042,
512310.SH,南方中证500工业指数ETF,中证500工业,2017,244,0.0036,
512310.SH,南方中证500工业指数ETF,中证500工业,2018,243,0.0021,
512310.SH,南方中证500工业指数ETF,中证500工业,2019,243,0.0033,
512310.SH,南方中证500工业指数ETF,中证500工业,2020,239,0.0052,
512320.SH,工银瑞信MSCI中国A股ETF,MSCI中国A股人民币,2020,99,0.1,
512320.SH,工银瑞信MSCI中国A股ETF,MSCI中国A股人民币,2021,243,0.0101,
512320.SH,工银瑞信MSCI中国A股ETF,MSCI中国A股人民币,2022,229,0.0043,
512320.SH,工银瑞信MSCI中国A股ETF,MSCI中国A股人民币,2023,226,0.0089,
512330.SH,南方中证500信息技术指数ETF,中证500信息技术,2015,112,0.0347,
512330.SH,南方中证500信息技术指数ETF,中证500信息技术,2016,244,0.0018,
512330.SH,南方中证500信息技术指数ETF,中证500信息技术,2017,244,0.0036,
512330.SH,南方中证500信息技术指数ETF,中证500信息技术,2018,243,0.0112,
512330.SH,南方中证500信息技术指数ETF,中证500信息技术,2019,244,0.0812,
512330.SH,南方中证500信息技术指数ETF,中证500信息技术,2020,243,0.1328,
512330.SH,南方中证500信息技术指数ETF,中证500信息技术,2021,243,0.0555,
512330.SH,南方中证500信息技术指数ETF,中证500信息技术,2022,242,0.0311,
512330.SH,南方中证500信息技术指数ETF,中证500信息技术,2023,242,0.0272,
512330.SH,南方中证500信息技术指数ETF,中证500信息技术,2024,242,0.0446,
512330.SH,南方中证500信息技术指数ETF,中证500信息技术,2025,243,0.0488,
512330.SH,南方中证500信息技术指数ETF,中证500信息技术,2026,177,0.1197,
512340.SH,南方中证500原材料指数ETF,中证500原材料,2015,157,0.0869,
512340.SH,南方中证500原材料指数ETF,中证500原材料,2016,244,0.0041,
512340.SH,南方中证500原材料指数ETF,中证500原材料,2017,244,0.0053,
512340.SH,南方中证500原材料指数ETF,中证500原材料,2018,242,0.0023,
512340.SH,南方中证500原材料指数ETF,中证500原材料,2019,243,0.0027,
512340.SH,南方中证500原材料指数ETF,中证500原材料,2020,239,0.0052,
512350.SH,兴业中证福建50ETF,中证福建50,2020,75,0.019,
512350.SH,兴业中证福建50ETF,中证福建50,2021,233,0.0079,
512360.SH,平安MSCI中国A股国际ETF,MSCI中国A股国际,2018,110,0.0356,
512360.SH,平安MSCI中国A股国际ETF,MSCI中国A股国际,2019,244,0.0132,
512360.SH,平安MSCI中国A股国际ETF,MSCI中国A股国际,2020,239,0.0034,
512360.SH,平安MSCI中国A股国际ETF,MSCI中国A股国际,2021,233,0.0014,
512360.SH,平安MSCI中国A股国际ETF,MSCI中国A股国际,2022,207,0.0003,
512360.SH,平安MSCI中国A股国际ETF,MSCI中国A股国际,2023,235,0.0015,
512360.SH,平安MSCI中国A股国际ETF,MSCI中国A股国际,2024,221,0.0035,
512360.SH,平安MSCI中国A股国际ETF,MSCI中国A股国际,2025,236,0.0037,
512360.SH,平安MSCI中国A股国际ETF,MSCI中国A股国际,2026,177,0.0021,
512370.SH,华夏中证A500增强策略ETF,中证A500,2025,92,0.0683,
512370.SH,华夏中证A500增强策略ETF,中证A500,2026,177,0.0586,
512380.SH,银华MSCI中国A股ETF,MSCI中国A股人民币,2019,166,0.7119,Y
512380.SH,银华MSCI中国A股ETF,MSCI中国A股人民币,2020,243,0.2984,
512380.SH,银华MSCI中国A股ETF,MSCI中国A股人民币,2021,243,0.1881,
512380.SH,银华MSCI中国A股ETF,MSCI中国A股人民币,2022,242,0.1502,
512380.SH,银华MSCI中国A股ETF,MSCI中国A股人民币,2023,242,0.1067,
512380.SH,银华MSCI中国A股ETF,MSCI中国A股人民币,2024,242,0.0717,
512380.SH,银华MSCI中国A股ETF,MSCI中国A股人民币,2025,243,0.0489,
512380.SH,银华MSCI中国A股ETF,MSCI中国A股人民币,2026,177,0.0363,
512390.SH,平安MSCI中国A股低波动ETF,MSCI中国A股低波动,2018,115,0.0717,
512390.SH,平安MSCI中国A股低波动ETF,MSCI中国A股低波动,2019,223,0.0264,
512390.SH,平安MSCI中国A股低波动ETF,MSCI中国A股低波动,2020,216,0.003,
512390.SH,平安MSCI中国A股低波动ETF,MSCI中国A股低波动,2021,243,0.0026,
512390.SH,平安MSCI中国A股低波动ETF,MSCI中国A股低波动,2022,209,0.0029,
512390.SH,平安MSCI中国A股低波动ETF,MSCI中国A股低波动,2023,226,0.007,
512390.SH,平安MSCI中国A股低波动ETF,MSCI中国A股低波动,2024,240,0.0206,
512390.SH,平安MSCI中国A股低波动ETF,MSCI中国A股低波动,2025,241,0.0091,
512390.SH,平安MSCI中国A股低波动ETF,MSCI中国A股低波动,2026,164,0.0203,
512400.SH,南方中证申万有色金属ETF,中证申万有色金属,2017,81,0.171,
512400.SH,南方中证申万有色金属ETF,中证申万有色金属,2018,243,0.025,
512400.SH,南方中证申万有色金属ETF,中证申万有色金属,2019,244,0.1335,
512400.SH,南方中证申万有色金属ETF,中证申万有色金属,2020,243,1.6918,Y
512400.SH,南方中证申万有色金属ETF,中证申万有色金属,2021,243,3.5037,Y
512400.SH,南方中证申万有色金属ETF,中证申万有色金属,2022,242,1.2835,Y
512400.SH,南方中证申万有色金属ETF,中证申万有色金属,2023,242,1.1606,Y
512400.SH,南方中证申万有色金属ETF,中证申万有色金属,2024,242,1.7901,Y
512400.SH,南方中证申万有色金属ETF,中证申万有色金属,2025,243,4.7719,Y
512400.SH,南方中证申万有色金属ETF,中证申万有色金属,2026,177,14.8232,Y
512430.SH,华泰柏瑞中证家居家电ETF,中证家居家电,2026,101,0.0431,
512450.SH,广发中证畜牧养殖产业ETF,中证畜牧养殖产业,2026,121,0.0733,
512460.SH,华夏中证电池主题ETF,中证电池主题,2026,129,0.2288,
512480.SH,国联安中证全指半导体产品与设备ETF,中证全指半导体产品与设备,2019,139,0.3156,
512480.SH,国联安中证全指半导体产品与设备ETF,中证全指半导体产品与设备,2020,243,3.6179,Y
512480.SH,国联安中证全指半导体产品与设备ETF,中证全指半导体产品与设备,2021,242,5.03,Y
512480.SH,国联安中证全指半导体产品与设备ETF,中证全指半导体产品与设备,2022,242,5.6484,Y
512480.SH,国联安中证全指半导体产品与设备ETF,中证全指半导体产品与设备,2023,242,13.0697,Y
512480.SH,国联安中证全指半导体产品与设备ETF,中证全指半导体产品与设备,2024,242,12.8746,Y
512480.SH,国联安中证全指半导体产品与设备ETF,中证全指半导体产品与设备,2025,243,14.375,Y
512480.SH,国联安中证全指半导体产品与设备ETF,中证全指半导体产品与设备,2026,177,16.758,Y
512500.SH,华夏中证500ETF,中证小盘500,2015,147,0.311,
512500.SH,华夏中证500ETF,中证小盘500,2016,244,0.0124,
512500.SH,华夏中证500ETF,中证小盘500,2017,244,0.0075,
512500.SH,华夏中证500ETF,中证小盘500,2018,243,0.2855,
512500.SH,华夏中证500ETF,中证小盘500,2019,244,1.9113,Y
512500.SH,华夏中证500ETF,中证小盘500,2020,243,2.4744,Y
512500.SH,华夏中证500ETF,中证小盘500,2021,243,1.8051,Y
512500.SH,华夏中证500ETF,中证小盘500,2022,242,1.615,Y
512500.SH,华夏中证500ETF,中证小盘500,2023,242,2.3208,Y
512500.SH,华夏中证500ETF,中证小盘500,2024,242,3.4122,Y
512500.SH,华夏中证500ETF,中证小盘500,2025,243,1.7721,Y
512500.SH,华夏中证500ETF,中证小盘500,2026,177,5.6,Y
512510.SH,华泰柏瑞中证500ETF,中证小盘500,2015,137,0.1065,
512510.SH,华泰柏瑞中证500ETF,中证小盘500,2016,244,0.0154,
512510.SH,华泰柏瑞中证500ETF,中证小盘500,2017,244,0.0153,
512510.SH,华泰柏瑞中证500ETF,中证小盘500,2018,243,0.0291,
512510.SH,华泰柏瑞中证500ETF,中证小盘500,2019,244,0.1203,
512510.SH,华泰柏瑞中证500ETF,中证小盘500,2020,243,0.1817,
512510.SH,华泰柏瑞中证500ETF,中证小盘500,2021,243,0.1009,
512510.SH,华泰柏瑞中证500ETF,中证小盘500,2022,242,0.1329,
512510.SH,华泰柏瑞中证500ETF,中证小盘500,2023,242,0.1124,
512510.SH,华泰柏瑞中证500ETF,中证小盘500,2024,242,0.1777,
512510.SH,华泰柏瑞中证500ETF,中证小盘500,2025,243,0.1949,
512510.SH,华泰柏瑞中证500ETF,中证小盘500,2026,177,0.1829,
512520.SH,华泰柏瑞MSCI中国A股国际通ETF,MSCI中国A股国际通,2018,154,0.1542,
512520.SH,华泰柏瑞MSCI中国A股国际通ETF,MSCI中国A股国际通,2019,244,0.0968,
512520.SH,华泰柏瑞MSCI中国A股国际通ETF,MSCI中国A股国际通,2020,243,0.0317,
512520.SH,华泰柏瑞MSCI中国A股国际通ETF,MSCI中国A股国际通,2021,243,0.0154,
512520.SH,华泰柏瑞MSCI中国A股国际通ETF,MSCI中国A股国际通,2022,242,0.0217,
512520.SH,华泰柏瑞MSCI中国A股国际通ETF,MSCI中国A股国际通,2023,242,0.0178,
512520.SH,华泰柏瑞MSCI中国A股国际通ETF,MSCI中国A股国际通,2024,242,0.0308,
512520.SH,华泰柏瑞MSCI中国A股国际通ETF,MSCI中国A股国际通,2025,243,0.0146,
512520.SH,华泰柏瑞MSCI中国A股国际通ETF,MSCI中国A股国际通,2026,177,0.0063,
512530.SH,建信沪深300红利ETF,沪深300红利,2019,67,0.1616,
512530.SH,建信沪深300红利ETF,沪深300红利,2020,243,0.0237,
512530.SH,建信沪深300红利ETF,沪深300红利,2021,243,0.0069,
512530.SH,建信沪深300红利ETF,沪深300红利,2022,242,0.0053,
512530.SH,建信沪深300红利ETF,沪深300红利,2023,242,0.0281,
512530.SH,建信沪深300红利ETF,沪深300红利,2024,242,0.0447,
512530.SH,建信沪深300红利ETF,沪深300红利,2025,243,0.0475,
512530.SH,建信沪深300红利ETF,沪深300红利,2026,177,0.0665,
512550.SH,嘉实富时中国A50ETF,富时中国A50,2017,100,0.0632,
512550.SH,嘉实富时中国A50ETF,富时中国A50,2018,243,0.0224,
512550.SH,嘉实富时中国A50ETF,富时中国A50,2019,244,0.0268,
512550.SH,嘉实富时中国A50ETF,富时中国A50,2020,243,0.0312,
512550.SH,嘉实富时中国A50ETF,富时中国A50,2021,243,0.038,
512550.SH,嘉实富时中国A50ETF,富时中国A50,2022,242,0.1005,
512550.SH,嘉实富时中国A50ETF,富时中国A50,2023,242,0.08,
512550.SH,嘉实富时中国A50ETF,富时中国A50,2024,242,0.1135,
512550.SH,嘉实富时中国A50ETF,富时中国A50,2025,243,0.1098,
512550.SH,嘉实富时中国A50ETF,富时中国A50,2026,177,0.0951,
512560.SH,易方达中证军工ETF,中证军工,2017,106,0.0303,
512560.SH,易方达中证军工ETF,中证军工,2018,242,0.0015,
512560.SH,易方达中证军工ETF,中证军工,2019,243,0.0048,
512560.SH,易方达中证军工ETF,中证军工,2020,243,0.0814,
512560.SH,易方达中证军工ETF,中证军工,2021,242,0.4499,
512560.SH,易方达中证军工ETF,中证军工,2022,242,0.6508,Y
512560.SH,易方达中证军工ETF,中证军工,2023,242,0.3344,
512560.SH,易方达中证军工ETF,中证军工,2024,242,0.269,
512560.SH,易方达中证军工ETF,中证军工,2025,243,0.5025,Y
512560.SH,易方达中证军工ETF,中证军工,2026,177,0.6269,Y
512570.SH,易方达中证全指证券公司ETF,中证全指证券公司,2017,96,0.0399,
512570.SH,易方达中证全指证券公司ETF,中证全指证券公司,2018,240,0.0021,
512570.SH,易方达中证全指证券公司ETF,中证全指证券公司,2019,244,0.0073,
512570.SH,易方达中证全指证券公司ETF,中证全指证券公司,2020,243,0.0203,
512570.SH,易方达中证全指证券公司ETF,中证全指证券公司,2021,243,0.0506,
512570.SH,易方达中证全指证券公司ETF,中证全指证券公司,2022,242,0.0676,
512570.SH,易方达中证全指证券公司ETF,中证全指证券公司,2023,242,0.1002,
512570.SH,易方达中证全指证券公司ETF,中证全指证券公司,2024,242,0.1384,
512570.SH,易方达中证全指证券公司ETF,中证全指证券公司,2025,243,0.3566,
512570.SH,易方达中证全指证券公司ETF,中证全指证券公司,2026,177,1.3002,Y
512580.SH,广发中证环保产业ETF,中证环保产业,2017,209,0.0527,
512580.SH,广发中证环保产业ETF,中证环保产业,2018,243,0.091,
512580.SH,广发中证环保产业ETF,中证环保产业,2019,244,0.0892,
512580.SH,广发中证环保产业ETF,中证环保产业,2020,243,0.139,
512580.SH,广发中证环保产业ETF,中证环保产业,2021,243,0.6625,Y
512580.SH,广发中证环保产业ETF,中证环保产业,2022,242,0.6514,Y
512580.SH,广发中证环保产业ETF,中证环保产业,2023,242,0.2143,
512580.SH,广发中证环保产业ETF,中证环保产业,2024,242,0.0899,
512580.SH,广发中证环保产业ETF,中证环保产业,2025,243,0.1152,
512580.SH,广发中证环保产业ETF,中证环保产业,2026,177,0.1578,
512590.SH,浦银安盛中证高股息精选ETF,中证高股息精选,2019,202,0.0351,
512590.SH,浦银安盛中证高股息精选ETF,中证高股息精选,2020,243,0.0689,
512590.SH,浦银安盛中证高股息精选ETF,中证高股息精选,2021,243,0.0654,
512590.SH,浦银安盛中证高股息精选ETF,中证高股息精选,2022,242,0.066,
512600.SH,嘉实中证主要消费ETF,中证主要消费,2014,108,0.0484,
512600.SH,嘉实中证主要消费ETF,中证主要消费,2015,243,0.0084,
512600.SH,嘉实中证主要消费ETF,中证主要消费,2016,212,0.0005,
512600.SH,嘉实中证主要消费ETF,中证主要消费,2017,237,0.0013,
512600.SH,嘉实中证主要消费ETF,中证主要消费,2018,242,0.0009,
512600.SH,嘉实中证主要消费ETF,中证主要消费,2019,243,0.0031,
512600.SH,嘉实中证主要消费ETF,中证主要消费,2020,243,0.0233,
512600.SH,嘉实中证主要消费ETF,中证主要消费,2021,242,0.134,
512600.SH,嘉实中证主要消费ETF,中证主要消费,2022,242,0.2419,
512600.SH,嘉实中证主要消费ETF,中证主要消费,2023,242,0.1914,
512600.SH,嘉实中证主要消费ETF,中证主要消费,2024,242,0.1002,
512600.SH,嘉实中证主要消费ETF,中证主要消费,2025,243,0.132,
512600.SH,嘉实中证主要消费ETF,中证主要消费,2026,177,0.1556,
512610.SH,嘉实中证医药卫生ETF,中证医药卫生,2014,108,0.1324,
512610.SH,嘉实中证医药卫生ETF,中证医药卫生,2015,244,0.0382,
512610.SH,嘉实中证医药卫生ETF,中证医药卫生,2016,242,0.0027,
512610.SH,嘉实中证医药卫生ETF,中证医药卫生,2017,239,0.0013,
512610.SH,嘉实中证医药卫生ETF,中证医药卫生,2018,237,0.0008,
512610.SH,嘉实中证医药卫生ETF,中证医药卫生,2019,240,0.0011,
512610.SH,嘉实中证医药卫生ETF,中证医药卫生,2020,243,0.0075,
512610.SH,嘉实中证医药卫生ETF,中证医药卫生,2021,243,0.0038,
512610.SH,嘉实中证医药卫生ETF,中证医药卫生,2022,196,0.0026,
512620.SH,天弘中证农业主题ETF,中证农业主题,2026,177,0.1334,
512630.SH,广发中证卫星产业ETF,中证卫星产业,2026,177,2.3511,Y
512640.SH,嘉实中证金融地产ETF,中证金融地产,2014,108,0.0926,
512640.SH,嘉实中证金融地产ETF,中证金融地产,2015,242,0.0191,
512640.SH,嘉实中证金融地产ETF,中证金融地产,2016,190,0.0009,
512640.SH,嘉实中证金融地产ETF,中证金融地产,2017,160,0.0009,
512640.SH,嘉实中证金融地产ETF,中证金融地产,2018,169,0.0005,
512640.SH,嘉实中证金融地产ETF,中证金融地产,2019,197,0.0005,
512640.SH,嘉实中证金融地产ETF,中证金融地产,2020,242,0.0084,
512640.SH,嘉实中证金融地产ETF,中证金融地产,2021,243,0.0028,
512640.SH,嘉实中证金融地产ETF,中证金融地产,2022,241,0.0056,
512640.SH,嘉实中证金融地产ETF,中证金融地产,2023,242,0.0268,
512640.SH,嘉实中证金融地产ETF,中证金融地产,2024,242,0.0403,
512640.SH,嘉实中证金融地产ETF,中证金融地产,2025,243,0.0594,
512640.SH,嘉实中证金融地产ETF,中证金融地产,2026,177,0.0564,
512650.SH,汇添富中证长三角一体化发展主题ETF,中证长三角一体化发展主题,2020,243,0.137,
512650.SH,汇添富中证长三角一体化发展主题ETF,中证长三角一体化发展主题,2021,242,0.057,
512650.SH,汇添富中证长三角一体化发展主题ETF,中证长三角一体化发展主题,2022,242,0.0441,
512650.SH,汇添富中证长三角一体化发展主题ETF,中证长三角一体化发展主题,2023,242,0.058,
512650.SH,汇添富中证长三角一体化发展主题ETF,中证长三角一体化发展主题,2024,242,0.0532,
512650.SH,汇添富中证长三角一体化发展主题ETF,中证长三角一体化发展主题,2025,243,0.0479,
512650.SH,汇添富中证长三角一体化发展主题ETF,中证长三角一体化发展主题,2026,177,0.0351,
512660.SH,国泰中证军工ETF,中证军工,2016,98,0.2093,
512660.SH,国泰中证军工ETF,中证军工,2017,244,0.1855,
512660.SH,国泰中证军工ETF,中证军工,2018,243,0.2475,
512660.SH,国泰中证军工ETF,中证军工,2019,244,1.0173,Y
512660.SH,国泰中证军工ETF,中证军工,2020,243,4.305,Y
512660.SH,国泰中证军工ETF,中证军工,2021,243,9.2608,Y
512660.SH,国泰中证军工ETF,中证军工,2022,242,5.0717,Y
512660.SH,国泰中证军工ETF,中证军工,2023,242,3.3392,Y
512660.SH,国泰中证军工ETF,中证军工,2024,242,3.7256,Y
512660.SH,国泰中证军工ETF,中证军工,2025,243,6.8132,Y
512660.SH,国泰中证军工ETF,中证军工,2026,177,4.3736,Y
512670.SH,鹏华中证国防ETF,中证国防,2019,103,0.2157,
512670.SH,鹏华中证国防ETF,中证国防,2020,243,0.2518,
512670.SH,鹏华中证国防ETF,中证国防,2021,242,1.4604,Y
512670.SH,鹏华中证国防ETF,中证国防,2022,242,1.5285,Y
512670.SH,鹏华中证国防ETF,中证国防,2023,242,1.2202,Y
512670.SH,鹏华中证国防ETF,中证国防,2024,242,1.2136,Y
512670.SH,鹏华中证国防ETF,中证国防,2025,243,2.5733,Y
512670.SH,鹏华中证国防ETF,中证国防,2026,177,1.3193,Y
512680.SH,广发中证军工ETF,中证军工,2017,244,0.0641,
512680.SH,广发中证军工ETF,中证军工,2018,243,0.0412,
512680.SH,广发中证军工ETF,中证军工,2019,244,0.0497,
512680.SH,广发中证军工ETF,中证军工,2020,243,0.1771,
512680.SH,广发中证军工ETF,中证军工,2021,243,0.5441,Y
512680.SH,广发中证军工ETF,中证军工,2022,242,0.3915,
512680.SH,广发中证军工ETF,中证军工,2023,242,0.4894,
512680.SH,广发中证军工ETF,中证军工,2024,242,0.524,Y
512680.SH,广发中证军工ETF,中证军工,2025,243,1.2541,Y
512680.SH,广发中证军工ETF,中证军工,2026,177,0.8815,Y
512690.SH,鹏华中证酒ETF,中证酒,2019,165,0.2419,
512690.SH,鹏华中证酒ETF,中证酒,2020,243,1.3732,Y
512690.SH,鹏华中证酒ETF,中证酒,2021,242,5.9981,Y
512690.SH,鹏华中证酒ETF,中证酒,2022,242,5.353,Y
512690.SH,鹏华中证酒ETF,中证酒,2023,242,5.9154,Y
512690.SH,鹏华中证酒ETF,中证酒,2024,242,5.359,Y
512690.SH,鹏华中证酒ETF,中证酒,2025,243,8.7205,Y
512690.SH,鹏华中证酒ETF,中证酒,2026,177,7.5506,Y
512700.SH,南方中证银行ETF,中证银行,2017,108,0.0471,
512700.SH,南方中证银行ETF,中证银行,2018,243,0.0112,
512700.SH,南方中证银行ETF,中证银行,2019,244,0.0498,
512700.SH,南方中证银行ETF,中证银行,2020,243,0.1072,
512700.SH,南方中证银行ETF,中证银行,2021,243,1.3421,Y
512700.SH,南方中证银行ETF,中证银行,2022,242,1.2214,Y
512700.SH,南方中证银行ETF,中证银行,2023,242,0.7689,Y
512700.SH,南方中证银行ETF,中证银行,2024,242,0.67,Y
512700.SH,南方中证银行ETF,中证银行,2025,243,1.4182,Y
512700.SH,南方中证银行ETF,中证银行,2026,177,1.1026,Y
512710.SH,富国中证军工龙头ETF,中证军工龙头,2019,86,1.3882,Y
512710.SH,富国中证军工龙头ETF,中证军工龙头,2020,243,1.3913,Y
512710.SH,富国中证军工龙头ETF,中证军工龙头,2021,242,2.1696,Y
512710.SH,富国中证军工龙头ETF,中证军工龙头,2022,242,1.5578,Y
512710.SH,富国中证军工龙头ETF,中证军工龙头,2023,242,1.6478,Y
512710.SH,富国中证军工龙头ETF,中证军工龙头,2024,242,1.843,Y
512710.SH,富国中证军工龙头ETF,中证军工龙头,2025,243,6.3833,Y
512710.SH,富国中证军工龙头ETF,中证军工龙头,2026,177,4.812,Y
512720.SH,国泰中证计算机主题ETF,中证计算机主题,2019,92,0.5969,Y
512720.SH,国泰中证计算机主题ETF,中证计算机主题,2020,243,0.7505,Y
512720.SH,国泰中证计算机主题ETF,中证计算机主题,2021,243,0.4508,
512720.SH,国泰中证计算机主题ETF,中证计算机主题,2022,242,0.5335,Y
512720.SH,国泰中证计算机主题ETF,中证计算机主题,2023,242,1.1343,Y
512720.SH,国泰中证计算机主题ETF,中证计算机主题,2024,242,0.7011,Y
512720.SH,国泰中证计算机主题ETF,中证计算机主题,2025,243,0.6349,Y
512720.SH,国泰中证计算机主题ETF,中证计算机主题,2026,177,0.4339,
512730.SH,鹏华中证银行ETF,中证银行,2020,223,0.1057,
512730.SH,鹏华中证银行ETF,中证银行,2021,243,0.1501,
512730.SH,鹏华中证银行ETF,中证银行,2022,242,0.1064,
512730.SH,鹏华中证银行ETF,中证银行,2023,242,0.1104,
512730.SH,鹏华中证银行ETF,中证银行,2024,242,0.0938,
512730.SH,鹏华中证银行ETF,中证银行,2025,243,0.104,
512730.SH,鹏华中证银行ETF,中证银行,2026,177,0.0899,
512750.SH,嘉实中证锐联基本面50ETF,中证锐联基本面50,2019,122,0.4865,
512750.SH,嘉实中证锐联基本面50ETF,中证锐联基本面50,2020,243,0.1247,
512750.SH,嘉实中证锐联基本面50ETF,中证锐联基本面50,2021,243,0.0424,
512750.SH,嘉实中证锐联基本面50ETF,中证锐联基本面50,2022,242,0.0761,
512750.SH,嘉实中证锐联基本面50ETF,中证锐联基本面50,2023,242,0.0839,
512750.SH,嘉实中证锐联基本面50ETF,中证锐联基本面50,2024,242,0.0834,
512750.SH,嘉实中证锐联基本面50ETF,中证锐联基本面50,2025,243,0.0469,
512750.SH,嘉实中证锐联基本面50ETF,中证锐联基本面50,2026,177,0.0297,
512760.SH,国泰CES半导体芯片行业ETF,中华交易服务半导体芯片行业,2019,139,1.8642,Y
512760.SH,国泰CES半导体芯片行业ETF,中华交易服务半导体芯片行业,2020,242,10.6089,Y
512760.SH,国泰CES半导体芯片行业ETF,中华交易服务半导体芯片行业,2021,243,5.0465,Y
512760.SH,国泰CES半导体芯片行业ETF,中华交易服务半导体芯片行业,2022,242,3.5967,Y
512760.SH,国泰CES半导体芯片行业ETF,中华交易服务半导体芯片行业,2023,242,4.7355,Y
512760.SH,国泰CES半导体芯片行业ETF,中华交易服务半导体芯片行业,2024,242,4.1257,Y
512760.SH,国泰CES半导体芯片行业ETF,中华交易服务半导体芯片行业,2025,243,4.0971,Y
512760.SH,国泰CES半导体芯片行业ETF,中华交易服务半导体芯片行业,2026,177,4.9542,Y
512770.SH,华夏战略新兴成指ETF,中国战略新兴产业成份,2018,91,0.0283,
512770.SH,华夏战略新兴成指ETF,中国战略新兴产业成份,2019,244,0.0103,
512770.SH,华夏战略新兴成指ETF,中国战略新兴产业成份,2020,243,0.0383,
512770.SH,华夏战略新兴成指ETF,中国战略新兴产业成份,2021,243,0.1077,
512770.SH,华夏战略新兴成指ETF,中国战略新兴产业成份,2022,242,0.0262,
512770.SH,华夏战略新兴成指ETF,中国战略新兴产业成份,2023,242,0.0125,
512770.SH,华夏战略新兴成指ETF,中国战略新兴产业成份,2024,242,0.0156,
512770.SH,华夏战略新兴成指ETF,中国战略新兴产业成份,2025,243,0.0263,
512770.SH,华夏战略新兴成指ETF,中国战略新兴产业成份,2026,177,0.051,
512780.SH,广发中证京津冀协同发展主题ETF,中证京津冀协同发展主题,2018,150,0.019,
512780.SH,广发中证京津冀协同发展主题ETF,中证京津冀协同发展主题,2019,244,0.0044,
512780.SH,广发中证京津冀协同发展主题ETF,中证京津冀协同发展主题,2020,243,0.0065,
512780.SH,广发中证京津冀协同发展主题ETF,中证京津冀协同发展主题,2021,243,0.0017,
512780.SH,广发中证京津冀协同发展主题ETF,中证京津冀协同发展主题,2022,187,0.0016,
512790.SH,华安中证民企成长ETF,中证民企成长,2019,77,0.0378,
512790.SH,华安中证民企成长ETF,中证民企成长,2020,106,0.0016,
512800.SH,华宝中证银行ETF,中证银行,2017,102,0.1289,
512800.SH,华宝中证银行ETF,中证银行,2018,243,0.3418,
512800.SH,华宝中证银行ETF,中证银行,2019,244,0.9242,Y
512800.SH,华宝中证银行ETF,中证银行,2020,243,3.0449,Y
512800.SH,华宝中证银行ETF,中证银行,2021,243,3.8201,Y
512800.SH,华宝中证银行ETF,中证银行,2022,242,3.13,Y
512800.SH,华宝中证银行ETF,中证银行,2023,242,2.191,Y
512800.SH,华宝中证银行ETF,中证银行,2024,242,2.8026,Y
512800.SH,华宝中证银行ETF,中证银行,2025,243,8.3276,Y
512800.SH,华宝中证银行ETF,中证银行,2026,177,8.6429,Y
512810.SH,华宝中证军工ETF,中证军工,2016,88,0.055,
512810.SH,华宝中证军工ETF,中证军工,2017,244,0.0319,
512810.SH,华宝中证军工ETF,中证军工,2018,243,0.0105,
512810.SH,华宝中证军工ETF,中证军工,2019,244,0.016,
512810.SH,华宝中证军工ETF,中证军工,2020,243,0.0894,
512810.SH,华宝中证军工ETF,中证军工,2021,243,0.3082,
512810.SH,华宝中证军工ETF,中证军工,2022,242,0.5989,Y
512810.SH,华宝中证军工ETF,中证军工,2023,242,0.6088,Y
512810.SH,华宝中证军工ETF,中证军工,2024,242,0.5691,Y
512810.SH,华宝中证军工ETF,中证军工,2025,243,0.7673,Y
512810.SH,华宝中证军工ETF,中证军工,2026,177,0.4945,
512820.SH,汇添富中证银行ETF,中证银行,2019,243,0.0603,
512820.SH,汇添富中证银行ETF,中证银行,2020,243,0.0798,
512820.SH,汇添富中证银行ETF,中证银行,2021,243,0.1361,
512820.SH,汇添富中证银行ETF,中证银行,2022,242,0.2024,
512820.SH,汇添富中证银行ETF,中证银行,2023,242,0.3014,
512820.SH,汇添富中证银行ETF,中证银行,2024,242,0.4173,
512820.SH,汇添富中证银行ETF,中证银行,2025,243,1.1284,Y
512820.SH,汇添富中证银行ETF,中证银行,2026,177,0.999,Y
512850.SH,中信建投中证北京50ETF,中证北京50,2019,241,0.0117,
512850.SH,中信建投中证北京50ETF,中证北京50,2020,217,0.0007,
512860.SH,华安MSCI中国A股国际ETF,MSCI中国A股国际,2019,243,0.0069,
512860.SH,华安MSCI中国A股国际ETF,MSCI中国A股国际,2020,240,0.0088,
512870.SH,南华中证杭州湾区ETF,中证杭州湾区,2019,212,0.053,
512870.SH,南华中证杭州湾区ETF,中证杭州湾区,2020,243,0.0119,
512870.SH,南华中证杭州湾区ETF,中证杭州湾区,2021,238,0.0058,
512870.SH,南华中证杭州湾区ETF,中证杭州湾区,2022,227,0.0009,
512870.SH,南华中证杭州湾区ETF,中证杭州湾区,2023,220,0.0005,
512870.SH,南华中证杭州湾区ETF,中证杭州湾区,2024,232,0.0013,
512870.SH,南华中证杭州湾区ETF,中证杭州湾区,2025,243,0.0028,
512870.SH,南华中证杭州湾区ETF,中证杭州湾区,2026,177,0.0031,
512880.SH,国泰中证全指证券公司ETF,中证全指证券公司,2016,98,0.2741,
512880.SH,国泰中证全指证券公司ETF,中证全指证券公司,2017,244,0.2513,
512880.SH,国泰中证全指证券公司ETF,中证全指证券公司,2018,243,0.8883,Y
512880.SH,国泰中证全指证券公司ETF,中证全指证券公司,2019,244,6.2734,Y
512880.SH,国泰中证全指证券公司ETF,中证全指证券公司,2020,243,19.4136,Y
512880.SH,国泰中证全指证券公司ETF,中证全指证券公司,2021,243,18.9147,Y
512880.SH,国泰中证全指证券公司ETF,中证全指证券公司,2022,242,11.5843,Y
512880.SH,国泰中证全指证券公司ETF,中证全指证券公司,2023,242,11.2723,Y
512880.SH,国泰中证全指证券公司ETF,中证全指证券公司,2024,242,13.3527,Y
512880.SH,国泰中证全指证券公司ETF,中证全指证券公司,2025,243,22.3655,Y
512880.SH,国泰中证全指证券公司ETF,中证全指证券公司,2026,177,22.1258,Y
512890.SH,华泰柏瑞中证红利低波动ETF,中证红利低波动,2019,232,0.0646,
512890.SH,华泰柏瑞中证红利低波动ETF,中证红利低波动,2020,243,0.0255,
512890.SH,华泰柏瑞中证红利低波动ETF,中证红利低波动,2021,242,0.0213,
512890.SH,华泰柏瑞中证红利低波动ETF,中证红利低波动,2022,242,0.1719,
512890.SH,华泰柏瑞中证红利低波动ETF,中证红利低波动,2023,242,0.5799,Y
512890.SH,华泰柏瑞中证红利低波动ETF,中证红利低波动,2024,242,2.6308,Y
512890.SH,华泰柏瑞中证红利低波动ETF,中证红利低波动,2025,243,4.8264,Y
512890.SH,华泰柏瑞中证红利低波动ETF,中证红利低波动,2026,177,8.1533,Y
512900.SH,南方中证全指证券公司ETF,中证全指证券公司,2017,186,0.1248,
512900.SH,南方中证全指证券公司ETF,中证全指证券公司,2018,243,0.0376,
512900.SH,南方中证全指证券公司ETF,中证全指证券公司,2019,244,0.1709,
512900.SH,南方中证全指证券公司ETF,中证全指证券公司,2020,243,0.6808,Y
512900.SH,南方中证全指证券公司ETF,中证全指证券公司,2021,243,1.1365,Y
512900.SH,南方中证全指证券公司ETF,中证全指证券公司,2022,242,0.8379,Y
512900.SH,南方中证全指证券公司ETF,中证全指证券公司,2023,242,0.6342,Y
512900.SH,南方中证全指证券公司ETF,中证全指证券公司,2024,242,0.5449,Y
512900.SH,南方中证全指证券公司ETF,中证全指证券公司,2025,243,0.643,Y
512900.SH,南方中证全指证券公司ETF,中证全指证券公司,2026,177,0.6041,Y
512910.SH,广发中证A100ETF,中证A100,2019,126,0.2412,
512910.SH,广发中证A100ETF,中证A100,2020,243,0.2038,
512910.SH,广发中证A100ETF,中证A100,2021,243,0.2063,
512910.SH,广发中证A100ETF,中证A100,2022,242,0.1756,
512910.SH,广发中证A100ETF,中证A100,2023,242,0.2255,
512910.SH,广发中证A100ETF,中证A100,2024,242,0.1439,
512910.SH,广发中证A100ETF,中证A100,2025,243,0.1185,
512910.SH,广发中证A100ETF,中证A100,2026,177,0.126,
512920.SH,新华MSCI中国A股国际ETF,MSCI中国A股国际,2019,229,0.0089,
512920.SH,新华MSCI中国A股国际ETF,MSCI中国A股国际,2020,180,0.0028,
512920.SH,新华MSCI中国A股国际ETF,MSCI中国A股国际,2021,181,0.0035,
512920.SH,新华MSCI中国A股国际ETF,MSCI中国A股国际,2022,114,0.0003,
512930.SH,平安中证人工智能主题ETF,中证人工智能主题,2019,87,0.0605,
512930.SH,平安中证人工智能主题ETF,中证人工智能主题,2020,243,0.0987,
512930.SH,平安中证人工智能主题ETF,中证人工智能主题,2021,243,0.0143,
512930.SH,平安中证人工智能主题ETF,中证人工智能主题,2022,242,0.0038,
512930.SH,平安中证人工智能主题ETF,中证人工智能主题,2023,242,0.1042,
512930.SH,平安中证人工智能主题ETF,中证人工智能主题,2024,242,0.6327,Y
512930.SH,平安中证人工智能主题ETF,中证人工智能主题,2025,243,1.5303,Y
512930.SH,平安中证人工智能主题ETF,中证人工智能主题,2026,177,1.837,Y
512940.SH,华安中证有色金属矿业主题ETF,中证有色金属矿业主题,2026,145,0.5965,Y
512950.SH,华夏中证央企结构调整ETF,中证央企结构调整,2019,232,0.2723,
512950.SH,华夏中证央企结构调整ETF,中证央企结构调整,2020,243,0.4996,
512950.SH,华夏中证央企结构调整ETF,中证央企结构调整,2021,243,0.2021,
512950.SH,华夏中证央企结构调整ETF,中证央企结构调整,2022,242,0.0408,
512950.SH,华夏中证央企结构调整ETF,中证央企结构调整,2023,242,0.5056,Y
512950.SH,华夏中证央企结构调整ETF,中证央企结构调整,2024,242,0.322,
512950.SH,华夏中证央企结构调整ETF,中证央企结构调整,2025,243,0.1462,
512950.SH,华夏中证央企结构调整ETF,中证央企结构调整,2026,177,0.1247,
512960.SH,博时中证央企结构调整ETF,中证央企结构调整,2019,232,0.7867,Y
512960.SH,博时中证央企结构调整ETF,中证央企结构调整,2020,243,0.2743,
512960.SH,博时中证央企结构调整ETF,中证央企结构调整,2021,243,0.2503,
512960.SH,博时中证央企结构调整ETF,中证央企结构调整,2022,242,0.0269,
512960.SH,博时中证央企结构调整ETF,中证央企结构调整,2023,242,0.2745,
512960.SH,博时中证央企结构调整ETF,中证央企结构调整,2024,242,0.2122,
512960.SH,博时中证央企结构调整ETF,中证央企结构调整,2025,243,0.1003,
512960.SH,博时中证央企结构调整ETF,中证央企结构调整,2026,177,0.0677,
512970.SH,平安中证粤港澳大湾区发展主题ETF,中证粤港澳大湾区发展主题,2020,243,0.2246,
512970.SH,平安中证粤港澳大湾区发展主题ETF,中证粤港澳大湾区发展主题,2021,243,0.0023,
512970.SH,平安中证粤港澳大湾区发展主题ETF,中证粤港澳大湾区发展主题,2022,241,0.014,
512970.SH,平安中证粤港澳大湾区发展主题ETF,中证粤港澳大湾区发展主题,2023,242,0.0017,
512970.SH,平安中证粤港澳大湾区发展主题ETF,中证粤港澳大湾区发展主题,2024,242,0.0018,
512970.SH,平安中证粤港澳大湾区发展主题ETF,中证粤港澳大湾区发展主题,2025,243,0.0036,
512970.SH,平安中证粤港澳大湾区发展主题ETF,中证粤港澳大湾区发展主题,2026,177,0.015,
512980.SH,广发中证传媒ETF,中证传媒,2018,230,0.0672,
512980.SH,广发中证传媒ETF,中证传媒,2019,244,0.1268,
512980.SH,广发中证传媒ETF,中证传媒,2020,243,0.4699,
512980.SH,广发中证传媒ETF,中证传媒,2021,243,0.7486,Y
512980.SH,广发中证传媒ETF,中证传媒,2022,242,0.7358,Y
512980.SH,广发中证传媒ETF,中证传媒,2023,242,1.8599,Y
512980.SH,广发中证传媒ETF,中证传媒,2024,242,1.3461,Y
512980.SH,广发中证传媒ETF,中证传媒,2025,243,1.3278,Y
512980.SH,广发中证传媒ETF,中证传媒,2026,177,4.7999,Y
512990.SH,华夏MSCI中国A股国际通ETF,MSCI中国A股国际通,2015,192,0.4151,
512990.SH,华夏MSCI中国A股国际通ETF,MSCI中国A股国际通,2016,244,0.0172,
512990.SH,华夏MSCI中国A股国际通ETF,MSCI中国A股国际通,2017,244,0.0211,
512990.SH,华夏MSCI中国A股国际通ETF,MSCI中国A股国际通,2018,243,0.1229,
512990.SH,华夏MSCI中国A股国际通ETF,MSCI中国A股国际通,2019,244,0.1846,
512990.SH,华夏MSCI中国A股国际通ETF,MSCI中国A股国际通,2020,243,0.2499,
512990.SH,华夏MSCI中国A股国际通ETF,MSCI中国A股国际通,2021,243,0.1463,
512990.SH,华夏MSCI中国A股国际通ETF,MSCI中国A股国际通,2022,242,0.0862,
512990.SH,华夏MSCI中国A股国际通ETF,MSCI中国A股国际通,2023,242,0.0487,
512990.SH,华夏MSCI中国A股国际通ETF,MSCI中国A股国际通,2024,242,0.0478,
512990.SH,华夏MSCI中国A股国际通ETF,MSCI中国A股国际通,2025,243,0.0368,
512990.SH,华夏MSCI中国A股国际通ETF,MSCI中国A股国际通,2026,177,0.0447,
513000.SH,易方达奥明日经225ETF(QDII),日经225,2019,130,0.0453,
513000.SH,易方达奥明日经225ETF(QDII),日经225,2020,243,0.0451,
513000.SH,易方达奥明日经225ETF(QDII),日经225,2021,243,0.0243,
513000.SH,易方达奥明日经225ETF(QDII),日经225,2022,242,0.0192,
513000.SH,易方达奥明日经225ETF(QDII),日经225,2023,242,0.171,
513000.SH,易方达奥明日经225ETF(QDII),日经225,2024,242,0.7597,Y
513000.SH,易方达奥明日经225ETF(QDII),日经225,2025,243,1.5343,Y
513000.SH,易方达奥明日经225ETF(QDII),日经225,2026,177,1.8905,Y
513010.SH,易方达恒生科技ETF(QDII),恒生科技,2021,151,1.7017,Y
513010.SH,易方达恒生科技ETF(QDII),恒生科技,2022,242,3.469,Y
513010.SH,易方达恒生科技ETF(QDII),恒生科技,2023,242,4.3373,Y
513010.SH,易方达恒生科技ETF(QDII),恒生科技,2024,242,6.075,Y
513010.SH,易方达恒生科技ETF(QDII),恒生科技,2025,243,12.539,Y
513010.SH,易方达恒生科技ETF(QDII),恒生科技,2026,177,11.7033,Y
513020.SH,国泰中证港股通科技ETF,中证港股通科技,2022,222,0.6313,Y
513020.SH,国泰中证港股通科技ETF,中证港股通科技,2023,242,0.6006,Y
513020.SH,国泰中证港股通科技ETF,中证港股通科技,2024,242,0.5618,Y
513020.SH,国泰中证港股通科技ETF,中证港股通科技,2025,243,2.253,Y
513020.SH,国泰中证港股通科技ETF,中证港股通科技,2026,177,2.082,Y
513030.SH,华安国际龙头(DAX)ETF(QDII),德国法兰克福DAX,2014,78,0.0374,
513030.SH,华安国际龙头(DAX)ETF(QDII),德国法兰克福DAX,2015,244,0.2246,
513030.SH,华安国际龙头(DAX)ETF(QDII),德国法兰克福DAX,2016,244,0.0357,
513030.SH,华安国际龙头(DAX)ETF(QDII),德国法兰克福DAX,2017,244,0.0187,
513030.SH,华安国际龙头(DAX)ETF(QDII),德国法兰克福DAX,2018,243,0.015,
513030.SH,华安国际龙头(DAX)ETF(QDII),德国法兰克福DAX,2019,244,0.0682,
513030.SH,华安国际龙头(DAX)ETF(QDII),德国法兰克福DAX,2020,243,0.3514,
513030.SH,华安国际龙头(DAX)ETF(QDII),德国法兰克福DAX,2021,243,0.049,
513030.SH,华安国际龙头(DAX)ETF(QDII),德国法兰克福DAX,2022,242,0.1703,
513030.SH,华安国际龙头(DAX)ETF(QDII),德国法兰克福DAX,2023,242,0.168,
513030.SH,华安国际龙头(DAX)ETF(QDII),德国法兰克福DAX,2024,242,0.8787,Y
513030.SH,华安国际龙头(DAX)ETF(QDII),德国法兰克福DAX,2025,242,6.308,Y
513030.SH,华安国际龙头(DAX)ETF(QDII),德国法兰克福DAX,2026,177,1.2661,Y
513040.SH,易方达中证港股通互联网ETF,中证港股通互联网,2023,137,0.0844,
513040.SH,易方达中证港股通互联网ETF,中证港股通互联网,2024,242,0.2233,
513040.SH,易方达中证港股通互联网ETF,中证港股通互联网,2025,243,2.2826,Y
513040.SH,易方达中证港股通互联网ETF,中证港股通互联网,2026,177,6.4468,Y
513050.SH,易方达中证海外中国互联网50ETF(QDII),中证海外中国互联网50,2017,233,0.1812,
513050.SH,易方达中证海外中国互联网50ETF(QDII),中证海外中国互联网50,2018,243,0.4437,
513050.SH,易方达中证海外中国互联网50ETF(QDII),中证海外中国互联网50,2019,244,0.4495,
513050.SH,易方达中证海外中国互联网50ETF(QDII),中证海外中国互联网50,2020,243,1.6156,Y
513050.SH,易方达中证海外中国互联网50ETF(QDII),中证海外中国互联网50,2021,243,10.3666,Y
513050.SH,易方达中证海外中国互联网50ETF(QDII),中证海外中国互联网50,2022,242,20.1262,Y
513050.SH,易方达中证海外中国互联网50ETF(QDII),中证海外中国互联网50,2023,242,10.4514,Y
513050.SH,易方达中证海外中国互联网50ETF(QDII),中证海外中国互联网50,2024,242,16.2331,Y
513050.SH,易方达中证海外中国互联网50ETF(QDII),中证海外中国互联网50,2025,243,27.182,Y
513050.SH,易方达中证海外中国互联网50ETF(QDII),中证海外中国互联网50,2026,177,23.586,Y
513060.SH,博时恒生医疗保健ETF(QDII),恒生医疗保健,2021,188,0.7818,Y
513060.SH,博时恒生医疗保健ETF(QDII),恒生医疗保健,2022,242,8.6641,Y
513060.SH,博时恒生医疗保健ETF(QDII),恒生医疗保健,2023,242,12.1137,Y
513060.SH,博时恒生医疗保健ETF(QDII),恒生医疗保健,2024,242,10.1916,Y
513060.SH,博时恒生医疗保健ETF(QDII),恒生医疗保健,2025,243,16.5686,Y
513060.SH,博时恒生医疗保健ETF(QDII),恒生医疗保健,2026,177,7.046,Y
513070.SH,易方达中证港股通消费主题ETF,中证港股通消费主题,2022,190,0.1528,
513070.SH,易方达中证港股通消费主题ETF,中证港股通消费主题,2023,242,0.1772,
513070.SH,易方达中证港股通消费主题ETF,中证港股通消费主题,2024,242,0.1507,
513070.SH,易方达中证港股通消费主题ETF,中证港股通消费主题,2025,243,0.3764,
513070.SH,易方达中证港股通消费主题ETF,中证港股通消费主题,2026,177,1.2076,Y
513080.SH,华安法国CAC40ETF(QDII),法国CAC40,2020,137,0.0355,
513080.SH,华安法国CAC40ETF(QDII),法国CAC40,2021,243,0.0183,
513080.SH,华安法国CAC40ETF(QDII),法国CAC40,2022,242,0.0217,
513080.SH,华安法国CAC40ETF(QDII),法国CAC40,2023,242,0.0592,
513080.SH,华安法国CAC40ETF(QDII),法国CAC40,2024,242,0.4921,
513080.SH,华安法国CAC40ETF(QDII),法国CAC40,2025,242,4.8746,Y
513080.SH,华安法国CAC40ETF(QDII),法国CAC40,2026,177,0.9224,Y
513090.SH,易方达中证香港证券投资主题ETF,中证香港证券投资主题,2020,189,1.4992,Y
513090.SH,易方达中证香港证券投资主题ETF,中证香港证券投资主题,2021,243,2.8262,Y
513090.SH,易方达中证香港证券投资主题ETF,中证香港证券投资主题,2022,242,3.064,Y
513090.SH,易方达中证香港证券投资主题ETF,中证香港证券投资主题,2023,242,5.1307,Y
513090.SH,易方达中证香港证券投资主题ETF,中证香港证券投资主题,2024,242,27.8449,Y
513090.SH,易方达中证香港证券投资主题ETF,中证香港证券投资主题,2025,243,98.4548,Y
513090.SH,易方达中证香港证券投资主题ETF,中证香港证券投资主题,2026,177,57.8456,Y
513100.SH,国泰纳斯达克100ETF(QDII),纳斯达克100,2013,155,0.0282,
513100.SH,国泰纳斯达克100ETF(QDII),纳斯达克100,2014,245,0.0188,
513100.SH,国泰纳斯达克100ETF(QDII),纳斯达克100,2015,244,0.66,Y
513100.SH,国泰纳斯达克100ETF(QDII),纳斯达克100,2016,244,0.0481,
513100.SH,国泰纳斯达克100ETF(QDII),纳斯达克100,2017,244,0.0605,
513100.SH,国泰纳斯达克100ETF(QDII),纳斯达克100,2018,243,0.2981,
513100.SH,国泰纳斯达克100ETF(QDII),纳斯达克100,2019,244,0.8617,Y
513100.SH,国泰纳斯达克100ETF(QDII),纳斯达克100,2020,243,1.2727,Y
513100.SH,国泰纳斯达克100ETF(QDII),纳斯达克100,2021,243,0.7114,Y
513100.SH,国泰纳斯达克100ETF(QDII),纳斯达克100,2022,241,2.8947,Y
513100.SH,国泰纳斯达克100ETF(QDII),纳斯达克100,2023,242,3.5781,Y
513100.SH,国泰纳斯达克100ETF(QDII),纳斯达克100,2024,242,7.827,Y
513100.SH,国泰纳斯达克100ETF(QDII),纳斯达克100,2025,243,7.8236,Y
513100.SH,国泰纳斯达克100ETF(QDII),纳斯达克100,2026,177,5.6189,Y
513110.SH,华泰柏瑞纳斯达克100ETF(QDII),纳斯达克100,2023,193,0.5331,Y
513110.SH,华泰柏瑞纳斯达克100ETF(QDII),纳斯达克100,2024,242,0.8572,Y
513110.SH,华泰柏瑞纳斯达克100ETF(QDII),纳斯达克100,2025,243,1.7928,Y
513110.SH,华泰柏瑞纳斯达克100ETF(QDII),纳斯达克100,2026,177,2.1209,Y
513120.SH,广发中证香港创新药ETF(QDII),中证香港创新药,2022,118,0.6232,Y
513120.SH,广发中证香港创新药ETF(QDII),中证香港创新药,2023,242,6.953,Y
513120.SH,广发中证香港创新药ETF(QDII),中证香港创新药,2024,242,12.0635,Y
513120.SH,广发中证香港创新药ETF(QDII),中证香港创新药,2025,243,52.1575,Y
513120.SH,广发中证香港创新药ETF(QDII),中证香港创新药,2026,177,56.8179,Y
513130.SH,华泰柏瑞南方东英恒生科技指数ETF(QDII),恒生科技,2021,146,1.2168,Y
513130.SH,华泰柏瑞南方东英恒生科技指数ETF(QDII),恒生科技,2022,242,8.2676,Y
513130.SH,华泰柏瑞南方东英恒生科技指数ETF(QDII),恒生科技,2023,242,15.8796,Y
513130.SH,华泰柏瑞南方东英恒生科技指数ETF(QDII),恒生科技,2024,242,26.8687,Y
513130.SH,华泰柏瑞南方东英恒生科技指数ETF(QDII),恒生科技,2025,243,51.1334,Y
513130.SH,华泰柏瑞南方东英恒生科技指数ETF(QDII),恒生科技,2026,177,41.1639,Y
513140.SH,华泰柏瑞中证港股通金融服务ETF(QDII),中证港股通金融服务,2023,235,0.0782,
513140.SH,华泰柏瑞中证港股通金融服务ETF(QDII),中证港股通金融服务,2024,242,0.1028,
513140.SH,华泰柏瑞中证港股通金融服务ETF(QDII),中证港股通金融服务,2025,243,0.4112,
513140.SH,华泰柏瑞中证港股通金融服务ETF(QDII),中证港股通金融服务,2026,177,0.6088,Y
513150.SH,华泰柏瑞中证港股通科技ETF,中证港股通科技,2022,219,0.2325,
513150.SH,华泰柏瑞中证港股通科技ETF,中证港股通科技,2023,242,0.1327,
513150.SH,华泰柏瑞中证港股通科技ETF,中证港股通科技,2024,242,0.1559,
513150.SH,华泰柏瑞中证港股通科技ETF,中证港股通科技,2025,243,0.7137,Y
513150.SH,华泰柏瑞中证港股通科技ETF,中证港股通科技,2026,177,0.786,Y
513160.SH,银华恒生港股通中国科技ETF,恒生港股通中国科技,2022,221,0.4461,
513160.SH,银华恒生港股通中国科技ETF,恒生港股通中国科技,2023,242,0.3593,
513160.SH,银华恒生港股通中国科技ETF,恒生港股通中国科技,2024,242,0.3856,
513160.SH,银华恒生港股通中国科技ETF,恒生港股通中国科技,2025,243,6.0452,Y
513160.SH,银华恒生港股通中国科技ETF,恒生港股通中国科技,2026,177,4.0493,Y
513170.SH,鹏华恒生中国央企ETF(QDII),恒生中国央企,2024,172,0.3323,
513170.SH,鹏华恒生中国央企ETF(QDII),恒生中国央企,2025,243,0.2082,
513170.SH,鹏华恒生中国央企ETF(QDII),恒生中国央企,2026,177,0.1134,
513180.SH,华夏恒生科技ETF(QDII),恒生科技,2021,151,3.5043,Y
513180.SH,华夏恒生科技ETF(QDII),恒生科技,2022,242,14.2072,Y
513180.SH,华夏恒生科技ETF(QDII),恒生科技,2023,242,21.1904,Y
513180.SH,华夏恒生科技ETF(QDII),恒生科技,2024,242,31.7266,Y
513180.SH,华夏恒生科技ETF(QDII),恒生科技,2025,243,52.2401,Y
513180.SH,华夏恒生科技ETF(QDII),恒生科技,2026,177,38.2056,Y
513190.SH,华夏中证港股通内地金融ETF,经估值汇率调整后的中证港股通内地金融,2024,242,0.209,
513190.SH,华夏中证港股通内地金融ETF,经估值汇率调整后的中证港股通内地金融,2025,243,2.5358,Y
513190.SH,华夏中证港股通内地金融ETF,经估值汇率调整后的中证港股通内地金融,2026,177,4.2455,Y
513200.SH,易方达中证港股通医药卫生综合ETF,中证港股通医药卫生综合,2022,219,0.3778,
513200.SH,易方达中证港股通医药卫生综合ETF,中证港股通医药卫生综合,2023,242,1.0738,Y
513200.SH,易方达中证港股通医药卫生综合ETF,中证港股通医药卫生综合,2024,242,1.024,Y
513200.SH,易方达中证港股通医药卫生综合ETF,中证港股通医药卫生综合,2025,243,2.8428,Y
513200.SH,易方达中证港股通医药卫生综合ETF,中证港股通医药卫生综合,2026,177,1.7884,Y
513210.SH,易方达恒生ETF(QDII),恒生,2024,171,0.1032,
513210.SH,易方达恒生ETF(QDII),恒生,2025,243,0.1067,
513210.SH,易方达恒生ETF(QDII),恒生,2026,177,0.0681,
513220.SH,招商中证全球中国互联网ETF(QDII),中证全球中国互联网,2022,115,0.2568,
513220.SH,招商中证全球中国互联网ETF(QDII),中证全球中国互联网,2023,242,0.2441,
513220.SH,招商中证全球中国互联网ETF(QDII),中证全球中国互联网,2024,242,0.6944,Y
513220.SH,招商中证全球中国互联网ETF(QDII),中证全球中国互联网,2025,243,1.015,Y
513220.SH,招商中证全球中国互联网ETF(QDII),中证全球中国互联网,2026,177,0.5464,Y
513230.SH,华夏中证港股通消费主题ETF,经估值汇率调整后的中证港股通消费主题,2022,228,0.0548,
513230.SH,华夏中证港股通消费主题ETF,经估值汇率调整后的中证港股通消费主题,2023,242,0.0586,
513230.SH,华夏中证港股通消费主题ETF,经估值汇率调整后的中证港股通消费主题,2024,242,0.1492,
513230.SH,华夏中证港股通消费主题ETF,经估值汇率调整后的中证港股通消费主题,2025,243,0.456,
513230.SH,华夏中证港股通消费主题ETF,经估值汇率调整后的中证港股通消费主题,2026,177,0.3537,
513240.SH,华安中证港股通信息技术综合ETF,中证港股通信息技术综合,2026,98,1.3882,Y
513260.SH,汇添富恒生科技ETF(QDII),经人民币汇率调整的恒生科技,2022,74,0.2124,
513260.SH,汇添富恒生科技ETF(QDII),经人民币汇率调整的恒生科技,2023,242,0.3252,
513260.SH,汇添富恒生科技ETF(QDII),经人民币汇率调整的恒生科技,2024,242,0.7868,Y
513260.SH,汇添富恒生科技ETF(QDII),经人民币汇率调整的恒生科技,2025,243,6.384,Y
513260.SH,汇添富恒生科技ETF(QDII),经人民币汇率调整的恒生科技,2026,177,3.4722,Y
513280.SH,汇添富恒生生物科技ETF(QDII),经人民币汇率调整的恒生生物科技,2022,114,0.166,
513280.SH,汇添富恒生生物科技ETF(QDII),经人民币汇率调整的恒生生物科技,2023,242,0.1487,
513280.SH,汇添富恒生生物科技ETF(QDII),经人民币汇率调整的恒生生物科技,2024,242,0.2939,
513280.SH,汇添富恒生生物科技ETF(QDII),经人民币汇率调整的恒生生物科技,2025,243,0.9868,Y
513280.SH,汇添富恒生生物科技ETF(QDII),经人民币汇率调整的恒生生物科技,2026,177,0.9845,Y
513290.SH,汇添富纳斯达克生物科技ETF(QDII),经人民币汇率调整的纳斯达克生物科技,2022,84,0.1068,
513290.SH,汇添富纳斯达克生物科技ETF(QDII),经人民币汇率调整的纳斯达克生物科技,2023,242,0.1118,
513290.SH,汇添富纳斯达克生物科技ETF(QDII),经人民币汇率调整的纳斯达克生物科技,2024,242,0.9143,Y
513290.SH,汇添富纳斯达克生物科技ETF(QDII),经人民币汇率调整的纳斯达克生物科技,2025,243,1.0666,Y
513290.SH,汇添富纳斯达克生物科技ETF(QDII),经人民币汇率调整的纳斯达克生物科技,2026,177,1.721,Y
513300.SH,华夏纳斯达克100ETF(QDII),经估值汇率调整后的纳斯达克100,2021,243,0.1327,
513300.SH,华夏纳斯达克100ETF(QDII),经估值汇率调整后的纳斯达克100,2022,242,0.8792,Y
513300.SH,华夏纳斯达克100ETF(QDII),经估值汇率调整后的纳斯达克100,2023,242,1.3692,Y
513300.SH,华夏纳斯达克100ETF(QDII),经估值汇率调整后的纳斯达克100,2024,242,4.1406,Y
513300.SH,华夏纳斯达克100ETF(QDII),经估值汇率调整后的纳斯达克100,2025,243,5.5928,Y
513300.SH,华夏纳斯达克100ETF(QDII),经估值汇率调整后的纳斯达克100,2026,177,4.3952,Y
513310.SH,华泰柏瑞中证韩交所中韩半导体ETF(QDII),中证韩交所中韩半导体,2023,242,0.3178,
513310.SH,华泰柏瑞中证韩交所中韩半导体ETF(QDII),中证韩交所中韩半导体,2024,242,5.0798,Y
513310.SH,华泰柏瑞中证韩交所中韩半导体ETF(QDII),中证韩交所中韩半导体,2025,243,15.8158,Y
513310.SH,华泰柏瑞中证韩交所中韩半导体ETF(QDII),中证韩交所中韩半导体,2026,177,92.4281,Y
513320.SH,易方达恒生港股通新经济ETF,恒生港股通新经济,2022,193,0.5518,Y
513320.SH,易方达恒生港股通新经济ETF,恒生港股通新经济,2023,242,0.2933,
513320.SH,易方达恒生港股通新经济ETF,恒生港股通新经济,2024,242,0.0643,
513320.SH,易方达恒生港股通新经济ETF,恒生港股通新经济,2025,243,0.7832,Y
513320.SH,易方达恒生港股通新经济ETF,恒生港股通新经济,2026,177,0.1285,
513330.SH,华夏恒生互联网科技业ETF(QDII),恒生互联网科技业,2021,218,8.4955,Y
513330.SH,华夏恒生互联网科技业ETF(QDII),恒生互联网科技业,2022,242,24.6798,Y
513330.SH,华夏恒生互联网科技业ETF(QDII),恒生互联网科技业,2023,242,22.589,Y
513330.SH,华夏恒生互联网科技业ETF(QDII),恒生互联网科技业,2024,242,29.1072,Y
513330.SH,华夏恒生互联网科技业ETF(QDII),恒生互联网科技业,2025,243,36.2709,Y
513330.SH,华夏恒生互联网科技业ETF(QDII),恒生互联网科技业,2026,177,24.0494,Y
513350.SH,富国标普石油天然气勘探及生产精选行业ETF(QDII),标普石油天然气勘探及生产精选行业,2024,242,0.1763,
513350.SH,富国标普石油天然气勘探及生产精选行业ETF(QDII),标普石油天然气勘探及生产精选行业,2025,242,2.8943,Y
513350.SH,富国标普石油天然气勘探及生产精选行业ETF(QDII),标普石油天然气勘探及生产精选行业,2026,177,13.5406,Y
513360.SH,博时中证全球中国教育主题ETF(QDII),中证全球中国教育主题,2021,135,0.3262,
513360.SH,博时中证全球中国教育主题ETF(QDII),中证全球中国教育主题,2022,242,0.9705,Y
513360.SH,博时中证全球中国教育主题ETF(QDII),中证全球中国教育主题,2023,242,1.0404,Y
513360.SH,博时中证全球中国教育主题ETF(QDII),中证全球中国教育主题,2024,242,1.503,Y
513360.SH,博时中证全球中国教育主题ETF(QDII),中证全球中国教育主题,2025,242,2.5555,Y
513360.SH,博时中证全球中国教育主题ETF(QDII),中证全球中国教育主题,2026,177,0.7563,Y
513380.SH,广发恒生科技ETF(QDII),同期恒生科技,2022,160,0.4328,
513380.SH,广发恒生科技ETF(QDII),同期恒生科技,2023,242,1.0642,Y
513380.SH,广发恒生科技ETF(QDII),同期恒生科技,2024,242,2.2158,Y
513380.SH,广发恒生科技ETF(QDII),同期恒生科技,2025,243,4.9121,Y
513380.SH,广发恒生科技ETF(QDII),同期恒生科技,2026,177,3.0634,Y
513390.SH,博时纳斯达克100ETF(QDII),纳斯达克100,2023,162,0.1288,
513390.SH,博时纳斯达克100ETF(QDII),纳斯达克100,2024,242,0.5027,Y
513390.SH,博时纳斯达克100ETF(QDII),纳斯达克100,2025,243,1.2848,Y
513390.SH,博时纳斯达克100ETF(QDII),纳斯达克100,2026,177,1.1578,Y
513400.SH,鹏华道琼斯工业平均ETF(QDII),道琼斯工业平均,2024,219,1.6705,Y
513400.SH,鹏华道琼斯工业平均ETF(QDII),道琼斯工业平均,2025,243,1.3719,Y
513400.SH,鹏华道琼斯工业平均ETF(QDII),道琼斯工业平均,2026,177,2.2259,Y
513500.SH,博时标普500ETF(QDII),标普500,2014,236,0.0312,
513500.SH,博时标普500ETF(QDII),标普500,2015,244,0.5559,Y
513500.SH,博时标普500ETF(QDII),标普500,2016,244,0.0318,
513500.SH,博时标普500ETF(QDII),标普500,2017,244,0.0375,
513500.SH,博时标普500ETF(QDII),标普500,2018,243,0.1687,
513500.SH,博时标普500ETF(QDII),标普500,2019,244,1.2388,Y
513500.SH,博时标普500ETF(QDII),标普500,2020,243,0.9979,Y
513500.SH,博时标普500ETF(QDII),标普500,2021,243,0.4985,
513500.SH,博时标普500ETF(QDII),标普500,2022,241,2.3128,Y
513500.SH,博时标普500ETF(QDII),标普500,2023,242,1.6934,Y
513500.SH,博时标普500ETF(QDII),标普500,2024,242,3.0997,Y
513500.SH,博时标普500ETF(QDII),标普500,2025,243,3.7896,Y
513500.SH,博时标普500ETF(QDII),标普500,2026,177,3.4383,Y
513520.SH,华夏野村日经225ETF(QDII),日经225,2019,130,0.0409,
513520.SH,华夏野村日经225ETF(QDII),日经225,2020,243,0.1507,
513520.SH,华夏野村日经225ETF(QDII),日经225,2021,243,0.0611,
513520.SH,华夏野村日经225ETF(QDII),日经225,2022,242,0.0416,
513520.SH,华夏野村日经225ETF(QDII),日经225,2023,242,0.3498,
513520.SH,华夏野村日经225ETF(QDII),日经225,2024,242,4.7527,Y
513520.SH,华夏野村日经225ETF(QDII),日经225,2025,243,3.3574,Y
513520.SH,华夏野村日经225ETF(QDII),日经225,2026,177,3.8815,Y
513530.SH,华泰柏瑞中证港股通高股息投资ETF(QDII),中证港股通高股息投资,2022,170,0.3751,
513530.SH,华泰柏瑞中证港股通高股息投资ETF(QDII),中证港股通高股息投资,2023,242,0.222,
513530.SH,华泰柏瑞中证港股通高股息投资ETF(QDII),中证港股通高股息投资,2024,242,0.6779,Y
513530.SH,华泰柏瑞中证港股通高股息投资ETF(QDII),中证港股通高股息投资,2025,243,0.8425,Y
513530.SH,华泰柏瑞中证港股通高股息投资ETF(QDII),中证港股通高股息投资,2026,177,2.0293,Y
513550.SH,华泰柏瑞中证港股通50ETF,中证港股通50,2021,236,2.4535,Y
513550.SH,华泰柏瑞中证港股通50ETF,中证港股通50,2022,242,1.3735,Y
513550.SH,华泰柏瑞中证港股通50ETF,中证港股通50,2023,242,1.0822,Y
513550.SH,华泰柏瑞中证港股通50ETF,中证港股通50,2024,242,0.8256,Y
513550.SH,华泰柏瑞中证港股通50ETF,中证港股通50,2025,243,1.0562,Y
513550.SH,华泰柏瑞中证港股通50ETF,中证港股通50,2026,177,0.8281,Y
513560.SH,兴银中证港股通科技ETF,中证港股通科技,2023,218,0.0721,
513560.SH,兴银中证港股通科技ETF,中证港股通科技,2024,242,0.0648,
513560.SH,兴银中证港股通科技ETF,中证港股通科技,2025,243,2.6726,Y
513560.SH,兴银中证港股通科技ETF,中证港股通科技,2026,177,0.7426,Y
513580.SH,华安恒生科技ETF(QDII),恒生科技,2021,149,0.4768,
513580.SH,华安恒生科技ETF(QDII),恒生科技,2022,242,1.1467,Y
513580.SH,华安恒生科技ETF(QDII),恒生科技,2023,242,1.7015,Y
513580.SH,华安恒生科技ETF(QDII),恒生科技,2024,242,1.5439,Y
513580.SH,华安恒生科技ETF(QDII),恒生科技,2025,243,2.3708,Y
513580.SH,华安恒生科技ETF(QDII),恒生科技,2026,177,1.1893,Y
513590.SH,鹏华中证港股通消费主题ETF,中证港股通消费主题,2021,90,0.0514,
513590.SH,鹏华中证港股通消费主题ETF,中证港股通消费主题,2022,242,0.0269,
513590.SH,鹏华中证港股通消费主题ETF,中证港股通消费主题,2023,242,0.0206,
513590.SH,鹏华中证港股通消费主题ETF,中证港股通消费主题,2024,242,0.0888,
513590.SH,鹏华中证港股通消费主题ETF,中证港股通消费主题,2025,243,0.9258,Y
513590.SH,鹏华中证港股通消费主题ETF,中证港股通消费主题,2026,177,0.0816,
513600.SH,南方恒生ETF(QDII),香港恒生,2015,229,0.0947,
513600.SH,南方恒生ETF(QDII),香港恒生,2016,244,0.0068,
513600.SH,南方恒生ETF(QDII),香港恒生,2017,244,0.008,
513600.SH,南方恒生ETF(QDII),香港恒生,2018,243,0.0116,
513600.SH,南方恒生ETF(QDII),香港恒生,2019,243,0.0088,
513600.SH,南方恒生ETF(QDII),香港恒生,2020,243,0.1208,
513600.SH,南方恒生ETF(QDII),香港恒生,2021,243,0.2739,
513600.SH,南方恒生ETF(QDII),香港恒生,2022,242,0.6573,Y
513600.SH,南方恒生ETF(QDII),香港恒生,2023,242,0.5985,Y
513600.SH,南方恒生ETF(QDII),香港恒生,2024,242,1.5894,Y
513600.SH,南方恒生ETF(QDII),香港恒生,2025,243,2.5486,Y
513600.SH,南方恒生ETF(QDII),香港恒生,2026,177,1.3866,Y
513620.SH,银华中证港股通医疗主题ETF,中证港股通医疗主题,2026,92,0.3118,
513630.SH,摩根标普港股通低波红利ETF,标普港股通低波红利,2024,242,1.0975,Y
513630.SH,摩根标普港股通低波红利ETF,标普港股通低波红利,2025,243,3.3082,Y
513630.SH,摩根标普港股通低波红利ETF,标普港股通低波红利,2026,177,3.8263,Y
513650.SH,南方标普500ETF(QDII),标普500,2023,182,0.0886,
513650.SH,南方标普500ETF(QDII),标普500,2024,242,0.8764,Y
513650.SH,南方标普500ETF(QDII),标普500,2025,243,1.2606,Y
513650.SH,南方标普500ETF(QDII),标普500,2026,177,2.3703,Y
513660.SH,华夏沪港通恒生ETF,香港恒生,2015,229,0.1438,
513660.SH,华夏沪港通恒生ETF,香港恒生,2016,244,0.0072,
513660.SH,华夏沪港通恒生ETF,香港恒生,2017,244,0.0076,
513660.SH,华夏沪港通恒生ETF,香港恒生,2018,243,0.017,
513660.SH,华夏沪港通恒生ETF,香港恒生,2019,241,0.0113,
513660.SH,华夏沪港通恒生ETF,香港恒生,2020,243,0.1063,
513660.SH,华夏沪港通恒生ETF,香港恒生,2021,243,0.3708,
513660.SH,华夏沪港通恒生ETF,香港恒生,2022,242,0.8738,Y
513660.SH,华夏沪港通恒生ETF,香港恒生,2023,242,1.1879,Y
513660.SH,华夏沪港通恒生ETF,香港恒生,2024,242,1.8017,Y
513660.SH,华夏沪港通恒生ETF,香港恒生,2025,243,2.2991,Y
513660.SH,华夏沪港通恒生ETF,香港恒生,2026,177,1.217,Y
513680.SH,建信港股通恒生中国企业ETF,恒生中国企业,2019,215,0.0098,
513680.SH,建信港股通恒生中国企业ETF,恒生中国企业,2020,242,0.0031,
513680.SH,建信港股通恒生中国企业ETF,恒生中国企业,2021,243,0.0086,
513680.SH,建信港股通恒生中国企业ETF,恒生中国企业,2022,241,0.0114,
513690.SH,博时恒生港股通红利ETF,恒生港股通红利,2021,154,0.0947,
513690.SH,博时恒生港股通红利ETF,恒生港股通红利,2022,242,0.4844,
513690.SH,博时恒生港股通红利ETF,恒生港股通红利,2023,242,0.4464,
513690.SH,博时恒生港股通红利ETF,恒生港股通红利,2024,242,0.7808,Y
513690.SH,博时恒生港股通红利ETF,恒生港股通红利,2025,243,1.6413,Y
513690.SH,博时恒生港股通红利ETF,恒生港股通红利,2026,177,2.0932,Y
513700.SH,鹏华中证港股通医药卫生综合ETF,中证港股通医药卫生综合,2021,99,0.1116,
513700.SH,鹏华中证港股通医药卫生综合ETF,中证港股通医药卫生综合,2022,242,0.2477,
513700.SH,鹏华中证港股通医药卫生综合ETF,中证港股通医药卫生综合,2023,242,0.708,Y
513700.SH,鹏华中证港股通医药卫生综合ETF,中证港股通医药卫生综合,2024,242,0.6049,Y
513700.SH,鹏华中证港股通医药卫生综合ETF,中证港股通医药卫生综合,2025,243,2.0843,Y
513700.SH,鹏华中证港股通医药卫生综合ETF,中证港股通医药卫生综合,2026,177,1.3116,Y
513720.SH,国泰中证港股通互联网ETF,中证港股通互联网,2026,173,0.2057,
513730.SH,华泰柏瑞南方东英新交所泛东南亚科技ETF(QDII),新交所泛东南亚科技,2024,242,1.3361,Y
513730.SH,华泰柏瑞南方东英新交所泛东南亚科技ETF(QDII),新交所泛东南亚科技,2025,243,1.1453,Y
513730.SH,华泰柏瑞南方东英新交所泛东南亚科技ETF(QDII),新交所泛东南亚科技,2026,177,0.4645,
513750.SH,广发中证港股通非银行金融主题ETF,中证港股通非银行金融主题,2024,242,0.6022,Y
513750.SH,广发中证港股通非银行金融主题ETF,中证港股通非银行金融主题,2025,243,8.7828,Y
513750.SH,广发中证港股通非银行金融主题ETF,中证港股通非银行金融主题,2026,177,11.0355,Y
513770.SH,华宝中证港股通互联网ETF,中证港股通互联网,2022,214,1.9637,Y
513770.SH,华宝中证港股通互联网ETF,中证港股通互联网,2023,242,2.1745,Y
513770.SH,华宝中证港股通互联网ETF,中证港股通互联网,2024,242,2.6507,Y
513770.SH,华宝中证港股通互联网ETF,中证港股通互联网,2025,243,5.9858,Y
513770.SH,华宝中证港股通互联网ETF,中证港股通互联网,2026,177,6.0448,Y
513780.SH,景顺长城中证港股通创新药ETF,中证港股通创新药,2025,243,3.789,Y
513780.SH,景顺长城中证港股通创新药ETF,中证港股通创新药,2026,177,4.2466,Y
513800.SH,南方顶峰TOPIXETF(QDII),经估值汇率调整的东证,2019,130,0.0191,
513800.SH,南方顶峰TOPIXETF(QDII),经估值汇率调整的东证,2020,243,0.0018,
513800.SH,南方顶峰TOPIXETF(QDII),经估值汇率调整的东证,2021,243,0.0005,
513800.SH,南方顶峰TOPIXETF(QDII),经估值汇率调整的东证,2022,242,0.0038,
513800.SH,南方顶峰TOPIXETF(QDII),经估值汇率调整的东证,2023,242,0.0245,
513800.SH,南方顶峰TOPIXETF(QDII),经估值汇率调整的东证,2024,242,0.3621,
513800.SH,南方顶峰TOPIXETF(QDII),经估值汇率调整的东证,2025,243,0.5128,Y
513800.SH,南方顶峰TOPIXETF(QDII),经估值汇率调整的东证,2026,177,0.9779,Y
513810.SH,华夏中证香港内地国有企业ETF(QDII),中证香港内地国有企业,2023,80,0.0748,
513810.SH,华夏中证香港内地国有企业ETF(QDII),中证香港内地国有企业,2024,242,0.0325,
513810.SH,华夏中证香港内地国有企业ETF(QDII),中证香港内地国有企业,2025,243,0.0931,
513810.SH,华夏中证香港内地国有企业ETF(QDII),中证香港内地国有企业,2026,177,0.1204,
513820.SH,汇添富中证港股通高股息投资ETF,中证港股通高股息投资,2024,156,0.2936,
513820.SH,汇添富中证港股通高股息投资ETF,中证港股通高股息投资,2025,243,0.8861,Y
513820.SH,汇添富中证港股通高股息投资ETF,中证港股通高股息投资,2026,177,1.1457,Y
513830.SH,嘉实中证港股通高股息投资ETF,经估值汇率调整后的中证港股通高股息投资,2025,203,0.1558,
513830.SH,嘉实中证港股通高股息投资ETF,经估值汇率调整后的中证港股通高股息投资,2026,177,0.0397,
513850.SH,易方达MSCI美国50ETF(QDII),MSCI美国50,2024,242,2.0345,Y
513850.SH,易方达MSCI美国50ETF(QDII),MSCI美国50,2025,243,1.3906,Y
513850.SH,易方达MSCI美国50ETF(QDII),MSCI美国50,2026,177,0.9367,Y
513860.SH,海富通中证港股通科技ETF,中证港股通科技,2021,124,0.12,
513860.SH,海富通中证港股通科技ETF,中证港股通科技,2022,242,0.242,
513860.SH,海富通中证港股通科技ETF,中证港股通科技,2023,242,0.379,
513860.SH,海富通中证港股通科技ETF,中证港股通科技,2024,242,0.7648,Y
513860.SH,海富通中证港股通科技ETF,中证港股通科技,2025,243,2.4453,Y
513860.SH,海富通中证港股通科技ETF,中证港股通科技,2026,177,1.8406,Y
513870.SH,富国纳斯达克100ETF(QDII),纳斯达克100,2024,242,0.786,Y
513870.SH,富国纳斯达克100ETF(QDII),纳斯达克100,2025,243,1.2404,Y
513870.SH,富国纳斯达克100ETF(QDII),纳斯达克100,2026,177,1.0623,Y
513880.SH,华安三菱日联日经225ETF(QDII),日经225,2019,130,0.0408,
513880.SH,华安三菱日联日经225ETF(QDII),日经225,2020,243,0.0501,
513880.SH,华安三菱日联日经225ETF(QDII),日经225,2021,243,0.0459,
513880.SH,华安三菱日联日经225ETF(QDII),日经225,2022,242,0.0292,
513880.SH,华安三菱日联日经225ETF(QDII),日经225,2023,242,0.0857,
513880.SH,华安三菱日联日经225ETF(QDII),日经225,2024,242,1.613,Y
513880.SH,华安三菱日联日经225ETF(QDII),日经225,2025,243,1.3207,Y
513880.SH,华安三菱日联日经225ETF(QDII),日经225,2026,177,2.5705,Y
513890.SH,摩根恒生科技ETF(QDII),恒生科技,2022,229,0.3672,
513890.SH,摩根恒生科技ETF(QDII),恒生科技,2023,242,0.5563,Y
513890.SH,摩根恒生科技ETF(QDII),恒生科技,2024,242,0.6229,Y
513890.SH,摩根恒生科技ETF(QDII),恒生科技,2025,243,1.2116,Y
513890.SH,摩根恒生科技ETF(QDII),恒生科技,2026,177,0.6443,Y
513900.SH,华安CES港股通精选100ETF,中华交易服务港股通精选100,2018,146,0.0158,
513900.SH,华安CES港股通精选100ETF,中华交易服务港股通精选100,2019,236,0.007,
513900.SH,华安CES港股通精选100ETF,中华交易服务港股通精选100,2020,243,0.0362,
513900.SH,华安CES港股通精选100ETF,中华交易服务港股通精选100,2021,243,0.3663,
513900.SH,华安CES港股通精选100ETF,中华交易服务港股通精选100,2022,242,0.3222,
513900.SH,华安CES港股通精选100ETF,中华交易服务港股通精选100,2023,242,0.1984,
513900.SH,华安CES港股通精选100ETF,中华交易服务港股通精选100,2024,242,0.1429,
513900.SH,华安CES港股通精选100ETF,中华交易服务港股通精选100,2025,243,0.3007,
513900.SH,华安CES港股通精选100ETF,中华交易服务港股通精选100,2026,177,0.2518,
513910.SH,华夏中证港股通央企红利ETF,经估值汇率调整后的中证港股通央企红利,2024,204,0.3975,
513910.SH,华夏中证港股通央企红利ETF,经估值汇率调整后的中证港股通央企红利,2025,243,1.5992,Y
513910.SH,华夏中证港股通央企红利ETF,经估值汇率调整后的中证港股通央企红利,2026,177,2.3427,Y
513920.SH,华安恒生港股通中国央企红利ETF,恒生港股通中国央企红利,2024,239,0.5124,Y
513920.SH,华安恒生港股通中国央企红利ETF,恒生港股通中国央企红利,2025,243,1.9554,Y
513920.SH,华安恒生港股通中国央企红利ETF,恒生港股通中国央企红利,2026,177,2.0882,Y
513930.SH,华泰柏瑞恒生生物科技ETF,恒生生物科技,2026,131,0.7965,Y
513950.SH,富国恒生港股通红利低波动ETF(QDII),恒生港股通红利低波动,2023,165,0.1551,
513950.SH,富国恒生港股通红利低波动ETF(QDII),恒生港股通红利低波动,2024,242,0.2457,
513950.SH,富国恒生港股通红利低波动ETF(QDII),恒生港股通红利低波动,2025,243,0.4721,
513950.SH,富国恒生港股通红利低波动ETF(QDII),恒生港股通红利低波动,2026,177,0.6137,Y
513960.SH,博时中证港股通消费主题ETF,中证港股通消费主题,2022,194,0.3588,
513960.SH,博时中证港股通消费主题ETF,中证港股通消费主题,2023,242,0.3196,
513960.SH,博时中证港股通消费主题ETF,中证港股通消费主题,2024,168,0.052,
513970.SH,景顺长城恒生消费ETF(QDII),恒生消费,2023,170,0.1975,
513970.SH,景顺长城恒生消费ETF(QDII),恒生消费,2024,242,0.3744,
513970.SH,景顺长城恒生消费ETF(QDII),恒生消费,2025,243,1.467,Y
513970.SH,景顺长城恒生消费ETF(QDII),恒生消费,2026,177,0.9078,Y
513980.SH,景顺长城中证港股通科技ETF,中证港股通科技,2021,124,0.1547,
513980.SH,景顺长城中证港股通科技ETF,中证港股通科技,2022,242,1.5031,Y
513980.SH,景顺长城中证港股通科技ETF,中证港股通科技,2023,242,2.3548,Y
513980.SH,景顺长城中证港股通科技ETF,中证港股通科技,2024,242,2.7261,Y
513980.SH,景顺长城中证港股通科技ETF,中证港股通科技,2025,243,10.0983,Y
513980.SH,景顺长城中证港股通科技ETF,中证港股通科技,2026,177,5.8359,Y
513990.SH,招商上证港股通ETF,上证港股通,2020,92,0.1025,
513990.SH,招商上证港股通ETF,上证港股通,2021,243,0.1055,
513990.SH,招商上证港股通ETF,上证港股通,2022,242,0.0815,
513990.SH,招商上证港股通ETF,上证港股通,2023,242,0.0602,
513990.SH,招商上证港股通ETF,上证港股通,2024,242,0.0822,
513990.SH,招商上证港股通ETF,上证港股通,2025,243,0.2501,
513990.SH,招商上证港股通ETF,上证港股通,2026,177,0.2761,
515000.SH,华宝中证科技龙头ETF,中证科技龙头,2019,92,5.0559,Y
515000.SH,华宝中证科技龙头ETF,中证科技龙头,2020,243,5.1569,Y
515000.SH,华宝中证科技龙头ETF,中证科技龙头,2021,243,1.3085,Y
515000.SH,华宝中证科技龙头ETF,中证科技龙头,2022,242,0.5782,Y
515000.SH,华宝中证科技龙头ETF,中证科技龙头,2023,242,0.7921,Y
515000.SH,华宝中证科技龙头ETF,中证科技龙头,2024,242,0.8033,Y
515000.SH,华宝中证科技龙头ETF,中证科技龙头,2025,243,1.068,Y
515000.SH,华宝中证科技龙头ETF,中证科技龙头,2026,177,1.6688,Y
515010.SH,华夏中证全指证券公司ETF,中证全指证券公司,2020,243,0.0614,
515010.SH,华夏中证全指证券公司ETF,中证全指证券公司,2021,243,0.1245,
515010.SH,华夏中证全指证券公司ETF,中证全指证券公司,2022,242,0.1189,
515010.SH,华夏中证全指证券公司ETF,中证全指证券公司,2023,242,0.1829,
515010.SH,华夏中证全指证券公司ETF,中证全指证券公司,2024,242,0.3108,
515010.SH,华夏中证全指证券公司ETF,中证全指证券公司,2025,243,0.5019,Y
515010.SH,华夏中证全指证券公司ETF,中证全指证券公司,2026,177,0.5444,Y
515020.SH,华夏中证银行ETF,中证银行,2020,243,0.026,
515020.SH,华夏中证银行ETF,中证银行,2021,243,0.0359,
515020.SH,华夏中证银行ETF,中证银行,2022,242,0.0531,
515020.SH,华夏中证银行ETF,中证银行,2023,242,0.125,
515020.SH,华夏中证银行ETF,中证银行,2024,242,0.1472,
515020.SH,华夏中证银行ETF,中证银行,2025,243,0.2825,
515020.SH,华夏中证银行ETF,中证银行,2026,177,1.1811,Y
515030.SH,华夏中证新能源汽车ETF,中证新能源汽车,2020,205,4.2085,Y
515030.SH,华夏中证新能源汽车ETF,中证新能源汽车,2021,243,4.9553,Y
515030.SH,华夏中证新能源汽车ETF,中证新能源汽车,2022,242,3.9009,Y
515030.SH,华夏中证新能源汽车ETF,中证新能源汽车,2023,242,2.6288,Y
515030.SH,华夏中证新能源汽车ETF,中证新能源汽车,2024,242,1.3841,Y
515030.SH,华夏中证新能源汽车ETF,中证新能源汽车,2025,243,1.3009,Y
515030.SH,华夏中证新能源汽车ETF,中证新能源汽车,2026,177,2.2122,Y
515050.SH,华夏中证5G通信主题ETF,中证5G通信主题,2020,243,11.2014,Y
515050.SH,华夏中证5G通信主题ETF,中证5G通信主题,2021,243,2.7406,Y
515050.SH,华夏中证5G通信主题ETF,中证5G通信主题,2022,242,1.1075,Y
515050.SH,华夏中证5G通信主题ETF,中证5G通信主题,2023,242,0.8339,Y
515050.SH,华夏中证5G通信主题ETF,中证5G通信主题,2024,242,0.9564,Y
515050.SH,华夏中证5G通信主题ETF,中证5G通信主题,2025,243,2.593,Y
515050.SH,华夏中证5G通信主题ETF,中证5G通信主题,2026,177,9.4856,Y
515060.SH,华夏中证全指房地产ETF,中证全指房地产,2020,242,0.0328,
515060.SH,华夏中证全指房地产ETF,中证全指房地产,2021,243,0.0439,
515060.SH,华夏中证全指房地产ETF,中证全指房地产,2022,242,0.2458,
515060.SH,华夏中证全指房地产ETF,中证全指房地产,2023,242,0.3805,
515060.SH,华夏中证全指房地产ETF,中证全指房地产,2024,242,0.3868,
515060.SH,华夏中证全指房地产ETF,中证全指房地产,2025,243,0.2805,
515060.SH,华夏中证全指房地产ETF,中证全指房地产,2026,177,0.4341,
515070.SH,华夏中证人工智能主题ETF,中证人工智能主题,2020,243,0.5751,Y
515070.SH,华夏中证人工智能主题ETF,中证人工智能主题,2021,243,0.1342,
515070.SH,华夏中证人工智能主题ETF,中证人工智能主题,2022,242,0.0792,
515070.SH,华夏中证人工智能主题ETF,中证人工智能主题,2023,242,0.4202,
515070.SH,华夏中证人工智能主题ETF,中证人工智能主题,2024,242,0.8986,Y
515070.SH,华夏中证人工智能主题ETF,中证人工智能主题,2025,243,2.1862,Y
515070.SH,华夏中证人工智能主题ETF,中证人工智能主题,2026,177,2.4124,Y
515080.SH,招商中证红利ETF,中证红利,2020,243,0.1065,
515080.SH,招商中证红利ETF,中证红利,2021,243,0.2447,
515080.SH,招商中证红利ETF,中证红利,2022,242,0.5374,Y
515080.SH,招商中证红利ETF,中证红利,2023,242,1.52,Y
515080.SH,招商中证红利ETF,中证红利,2024,242,2.2141,Y
515080.SH,招商中证红利ETF,中证红利,2025,243,2.1582,Y
515080.SH,招商中证红利ETF,中证红利,2026,177,3.3809,Y
515090.SH,博时中证可持续发展100ETF,中证可持续发展100,2020,214,0.1066,
515090.SH,博时中证可持续发展100ETF,中证可持续发展100,2021,243,0.0182,
515090.SH,博时中证可持续发展100ETF,中证可持续发展100,2022,242,0.034,
515090.SH,博时中证可持续发展100ETF,中证可持续发展100,2023,242,0.0554,
515090.SH,博时中证可持续发展100ETF,中证可持续发展100,2024,242,0.0582,
515090.SH,博时中证可持续发展100ETF,中证可持续发展100,2025,242,0.0069,
515090.SH,博时中证可持续发展100ETF,中证可持续发展100,2026,177,0.0136,
515100.SH,景顺长城中证红利低波动100ETF,中证红利低波动100,2020,124,0.2079,
515100.SH,景顺长城中证红利低波动100ETF,中证红利低波动100,2021,243,0.05,
515100.SH,景顺长城中证红利低波动100ETF,中证红利低波动100,2022,242,0.1611,
515100.SH,景顺长城中证红利低波动100ETF,中证红利低波动100,2023,242,0.645,Y
515100.SH,景顺长城中证红利低波动100ETF,中证红利低波动100,2024,242,1.2615,Y
515100.SH,景顺长城中证红利低波动100ETF,中证红利低波动100,2025,243,1.1291,Y
515100.SH,景顺长城中证红利低波动100ETF,中证红利低波动100,2026,177,1.4144,Y
515110.SH,易方达中证国企一带一路ETF,中证国企一带一路,2020,234,0.3745,
515110.SH,易方达中证国企一带一路ETF,中证国企一带一路,2021,243,0.0795,
515110.SH,易方达中证国企一带一路ETF,中证国企一带一路,2022,242,0.1289,
515110.SH,易方达中证国企一带一路ETF,中证国企一带一路,2023,242,0.1141,
515110.SH,易方达中证国企一带一路ETF,中证国企一带一路,2024,242,0.0655,
515110.SH,易方达中证国企一带一路ETF,中证国企一带一路,2025,243,0.0584,
515110.SH,易方达中证国企一带一路ETF,中证国企一带一路,2026,177,0.0861,
515120.SH,广发中证创新药产业ETF,中证创新药产业,2021,243,0.7592,Y
515120.SH,广发中证创新药产业ETF,中证创新药产业,2022,242,0.5996,Y
515120.SH,广发中证创新药产业ETF,中证创新药产业,2023,242,1.4021,Y
515120.SH,广发中证创新药产业ETF,中证创新药产业,2024,242,1.0488,Y
515120.SH,广发中证创新药产业ETF,中证创新药产业,2025,243,2.2159,Y
515120.SH,广发中证创新药产业ETF,中证创新药产业,2026,177,5.3111,Y
515130.SH,博时沪深300ETF,沪深300,2020,161,0.1143,
515130.SH,博时沪深300ETF,沪深300,2021,243,0.106,
515130.SH,博时沪深300ETF,沪深300,2022,242,0.1164,
515130.SH,博时沪深300ETF,沪深300,2023,242,0.1303,
515130.SH,博时沪深300ETF,沪深300,2024,242,0.1164,
515130.SH,博时沪深300ETF,沪深300,2025,243,0.1364,
515130.SH,博时沪深300ETF,沪深300,2026,177,0.1044,
515150.SH,富国中证国企一带一路ETF,中证国企一带一路,2020,234,0.3851,
515150.SH,富国中证国企一带一路ETF,中证国企一带一路,2021,243,0.0856,
515150.SH,富国中证国企一带一路ETF,中证国企一带一路,2022,242,0.0339,
515150.SH,富国中证国企一带一路ETF,中证国企一带一路,2023,242,0.0758,
515150.SH,富国中证国企一带一路ETF,中证国企一带一路,2024,242,0.1027,
515150.SH,富国中证国企一带一路ETF,中证国企一带一路,2025,243,0.0442,
515150.SH,富国中证国企一带一路ETF,中证国企一带一路,2026,177,0.0343,
515160.SH,招商MSCI中国A股国际通ETF,MSCI中国A股国际通,2020,207,0.0433,
515160.SH,招商MSCI中国A股国际通ETF,MSCI中国A股国际通,2021,243,0.0091,
515160.SH,招商MSCI中国A股国际通ETF,MSCI中国A股国际通,2022,242,0.0349,
515160.SH,招商MSCI中国A股国际通ETF,MSCI中国A股国际通,2023,242,0.0646,
515160.SH,招商MSCI中国A股国际通ETF,MSCI中国A股国际通,2024,242,0.0693,
515160.SH,招商MSCI中国A股国际通ETF,MSCI中国A股国际通,2025,243,0.0269,
515160.SH,招商MSCI中国A股国际通ETF,MSCI中国A股国际通,2026,177,0.0159,
515170.SH,华夏中证细分食品饮料产业主题ETF,中证细分食品饮料产业主题,2021,236,1.8643,Y
515170.SH,华夏中证细分食品饮料产业主题ETF,中证细分食品饮料产业主题,2022,242,1.3103,Y
515170.SH,华夏中证细分食品饮料产业主题ETF,中证细分食品饮料产业主题,2023,242,0.9019,Y
515170.SH,华夏中证细分食品饮料产业主题ETF,中证细分食品饮料产业主题,2024,242,0.76,Y
515170.SH,华夏中证细分食品饮料产业主题ETF,中证细分食品饮料产业主题,2025,243,1.3087,Y
515170.SH,华夏中证细分食品饮料产业主题ETF,中证细分食品饮料产业主题,2026,177,1.0776,Y
515180.SH,易方达中证红利ETF,中证红利,2020,243,0.1986,
515180.SH,易方达中证红利ETF,中证红利,2021,243,0.2657,
515180.SH,易方达中证红利ETF,中证红利,2022,242,0.4629,
515180.SH,易方达中证红利ETF,中证红利,2023,242,0.497,
515180.SH,易方达中证红利ETF,中证红利,2024,242,0.9158,Y
515180.SH,易方达中证红利ETF,中证红利,2025,243,1.3744,Y
515180.SH,易方达中证红利ETF,中证红利,2026,177,3.4978,Y
515190.SH,中银证券中证500ETF,中证500,2020,149,0.0203,
515190.SH,中银证券中证500ETF,中证500,2021,243,0.002,
515190.SH,中银证券中证500ETF,中证500,2022,242,0.0009,
515190.SH,中银证券中证500ETF,中证500,2023,236,0.0004,
515190.SH,中银证券中证500ETF,中证500,2024,236,0.0058,
515190.SH,中银证券中证500ETF,中证500,2025,243,0.028,
515190.SH,中银证券中证500ETF,中证500,2026,177,0.0625,
515200.SH,申万菱信中证研发创新100ETF,中证研发创新100,2020,243,0.1072,
515200.SH,申万菱信中证研发创新100ETF,中证研发创新100,2021,243,0.0805,
515200.SH,申万菱信中证研发创新100ETF,中证研发创新100,2022,242,0.0498,
515200.SH,申万菱信中证研发创新100ETF,中证研发创新100,2023,242,0.026,
515200.SH,申万菱信中证研发创新100ETF,中证研发创新100,2024,242,0.0402,
515200.SH,申万菱信中证研发创新100ETF,中证研发创新100,2025,243,0.0387,
515200.SH,申万菱信中证研发创新100ETF,中证研发创新100,2026,177,0.0362,
515210.SH,国泰中证钢铁ETF,中证钢铁,2020,207,0.4389,
515210.SH,国泰中证钢铁ETF,中证钢铁,2021,243,1.2438,Y
515210.SH,国泰中证钢铁ETF,中证钢铁,2022,242,0.9308,Y
515210.SH,国泰中证钢铁ETF,中证钢铁,2023,242,0.6679,Y
515210.SH,国泰中证钢铁ETF,中证钢铁,2024,242,0.5299,Y
515210.SH,国泰中证钢铁ETF,中证钢铁,2025,243,1.4088,Y
515210.SH,国泰中证钢铁ETF,中证钢铁,2026,177,1.276,Y
515220.SH,国泰中证煤炭ETF,中证煤炭,2020,207,0.6098,Y
515220.SH,国泰中证煤炭ETF,中证煤炭,2021,243,2.0937,Y
515220.SH,国泰中证煤炭ETF,中证煤炭,2022,242,3.2767,Y
515220.SH,国泰中证煤炭ETF,中证煤炭,2023,242,1.7422,Y
515220.SH,国泰中证煤炭ETF,中证煤炭,2024,242,1.9535,Y
515220.SH,国泰中证煤炭ETF,中证煤炭,2025,243,4.5858,Y
515220.SH,国泰中证煤炭ETF,中证煤炭,2026,177,9.1402,Y
515230.SH,国泰中证全指软件ETF,中证全指软件,2021,207,0.3721,
515230.SH,国泰中证全指软件ETF,中证全指软件,2022,242,0.396,
515230.SH,国泰中证全指软件ETF,中证全指软件,2023,242,0.9927,Y
515230.SH,国泰中证全指软件ETF,中证全指软件,2024,242,0.7819,Y
515230.SH,国泰中证全指软件ETF,中证全指软件,2025,243,1.413,Y
515230.SH,国泰中证全指软件ETF,中证全指软件,2026,177,2.7076,Y
515250.SH,富国中证智能汽车主题ETF,中证智能汽车主题,2021,239,0.3505,
515250.SH,富国中证智能汽车主题ETF,中证智能汽车主题,2022,242,0.8988,Y
515250.SH,富国中证智能汽车主题ETF,中证智能汽车主题,2023,242,0.6972,Y
515250.SH,富国中证智能汽车主题ETF,中证智能汽车主题,2024,242,0.4536,
515250.SH,富国中证智能汽车主题ETF,中证智能汽车主题,2025,243,0.5158,Y
515250.SH,富国中证智能汽车主题ETF,中证智能汽车主题,2026,177,0.3523,
515260.SH,华宝中证电子50ETF,中证电子50,2020,104,1.3302,Y
515260.SH,华宝中证电子50ETF,中证电子50,2021,243,0.4052,
515260.SH,华宝中证电子50ETF,中证电子50,2022,242,0.1271,
515260.SH,华宝中证电子50ETF,中证电子50,2023,242,0.138,
515260.SH,华宝中证电子50ETF,中证电子50,2024,242,0.1345,
515260.SH,华宝中证电子50ETF,中证电子50,2025,243,0.2056,
515260.SH,华宝中证电子50ETF,中证电子50,2026,177,0.5701,Y
515280.SH,富国中证银行ETF,中证银行,2020,174,0.0552,
515280.SH,富国中证银行ETF,中证银行,2021,243,0.1146,
515280.SH,富国中证银行ETF,中证银行,2022,242,0.1711,
515280.SH,富国中证银行ETF,中证银行,2023,242,0.1909,
515280.SH,富国中证银行ETF,中证银行,2024,147,0.1166,
515290.SH,天弘中证银行ETF,中证银行,2021,243,0.9101,Y
515290.SH,天弘中证银行ETF,中证银行,2022,242,0.7774,Y
515290.SH,天弘中证银行ETF,中证银行,2023,242,0.6631,Y
515290.SH,天弘中证银行ETF,中证银行,2024,242,0.5074,Y
515290.SH,天弘中证银行ETF,中证银行,2025,243,0.8091,Y
515290.SH,天弘中证银行ETF,中证银行,2026,177,0.7238,Y
515300.SH,嘉实沪深300红利低波动ETF,沪深300红利低波动,2019,69,0.1353,
515300.SH,嘉实沪深300红利低波动ETF,沪深300红利低波动,2020,243,0.0455,
515300.SH,嘉实沪深300红利低波动ETF,沪深300红利低波动,2021,243,0.0142,
515300.SH,嘉实沪深300红利低波动ETF,沪深300红利低波动,2022,242,0.0122,
515300.SH,嘉实沪深300红利低波动ETF,沪深300红利低波动,2023,242,0.1001,
515300.SH,嘉实沪深300红利低波动ETF,沪深300红利低波动,2024,242,0.4137,
515300.SH,嘉实沪深300红利低波动ETF,沪深300红利低波动,2025,243,1.1887,Y
515300.SH,嘉实沪深300红利低波动ETF,沪深300红利低波动,2026,177,1.2886,Y
515310.SH,汇添富沪深300ETF,沪深300,2020,243,0.0295,
515310.SH,汇添富沪深300ETF,沪深300,2021,243,0.0313,
515310.SH,汇添富沪深300ETF,沪深300,2022,242,0.0303,
515310.SH,汇添富沪深300ETF,沪深300,2023,242,0.0766,
515310.SH,汇添富沪深300ETF,沪深300,2024,242,0.2039,
515310.SH,汇添富沪深300ETF,沪深300,2025,243,0.2269,
515310.SH,汇添富沪深300ETF,沪深300,2026,177,0.2717,
515320.SH,华安中证电子50ETF,中证电子50,2021,239,0.3133,
515320.SH,华安中证电子50ETF,中证电子50,2022,242,0.2359,
515320.SH,华安中证电子50ETF,中证电子50,2023,242,0.2285,
515320.SH,华安中证电子50ETF,中证电子50,2024,242,0.1092,
515320.SH,华安中证电子50ETF,中证电子50,2025,243,0.0887,
515320.SH,华安中证电子50ETF,中证电子50,2026,177,0.1378,
515330.SH,天弘沪深300ETF,沪深300,2020,243,0.2338,
515330.SH,天弘沪深300ETF,沪深300,2021,243,0.1195,
515330.SH,天弘沪深300ETF,沪深300,2022,242,0.1327,
515330.SH,天弘沪深300ETF,沪深300,2023,242,0.0937,
515330.SH,天弘沪深300ETF,沪深300,2024,242,0.3555,
515330.SH,天弘沪深300ETF,沪深300,2025,243,0.3286,
515330.SH,天弘沪深300ETF,沪深300,2026,177,0.2935,
515350.SH,民生加银沪深300ETF,沪深300,2020,223,0.1852,
515350.SH,民生加银沪深300ETF,沪深300,2021,243,0.1505,
515350.SH,民生加银沪深300ETF,沪深300,2022,242,0.1405,
515350.SH,民生加银沪深300ETF,沪深300,2023,242,0.0834,
515350.SH,民生加银沪深300ETF,沪深300,2024,242,0.0562,
515350.SH,民生加银沪深300ETF,沪深300,2025,243,0.0518,
515350.SH,民生加银沪深300ETF,沪深300,2026,177,0.0514,
515360.SH,方正富邦沪深300ETF,沪深300,2020,240,0.012,
515360.SH,方正富邦沪深300ETF,沪深300,2021,243,0.0146,
515360.SH,方正富邦沪深300ETF,沪深300,2022,242,0.0083,
515360.SH,方正富邦沪深300ETF,沪深300,2023,242,0.0019,
515360.SH,方正富邦沪深300ETF,沪深300,2024,241,0.0121,
515360.SH,方正富邦沪深300ETF,沪深300,2025,240,0.0111,
515360.SH,方正富邦沪深300ETF,沪深300,2026,177,0.0151,
515370.SH,华夏中证光伏产业ETF,中证光伏产业,2026,177,0.341,
515380.SH,泰康沪深300ETF,沪深300,2020,192,1.4368,Y
515380.SH,泰康沪深300ETF,沪深300,2021,243,1.4834,Y
515380.SH,泰康沪深300ETF,沪深300,2022,242,1.0181,Y
515380.SH,泰康沪深300ETF,沪深300,2023,242,1.0564,Y
515380.SH,泰康沪深300ETF,沪深300,2024,242,0.7454,Y
515380.SH,泰康沪深300ETF,沪深300,2025,243,0.3676,
515380.SH,泰康沪深300ETF,沪深300,2026,177,0.2291,
515390.SH,华安沪深300ETF,沪深300,2020,237,0.1992,
515390.SH,华安沪深300ETF,沪深300,2021,243,0.2985,
515390.SH,华安沪深300ETF,沪深300,2022,242,0.5231,Y
515390.SH,华安沪深300ETF,沪深300,2023,242,0.2353,
515390.SH,华安沪深300ETF,沪深300,2024,242,0.297,
515390.SH,华安沪深300ETF,沪深300,2025,243,0.2663,
515390.SH,华安沪深300ETF,沪深300,2026,177,1.0756,Y
515400.SH,富国中证大数据产业ETF,中证大数据产业,2021,231,0.0926,
515400.SH,富国中证大数据产业ETF,中证大数据产业,2022,242,0.2115,
515400.SH,富国中证大数据产业ETF,中证大数据产业,2023,242,1.0897,Y
515400.SH,富国中证大数据产业ETF,中证大数据产业,2024,242,0.7128,Y
515400.SH,富国中证大数据产业ETF,中证大数据产业,2025,243,1.3865,Y
515400.SH,富国中证大数据产业ETF,中证大数据产业,2026,177,1.3168,Y
515450.SH,南方标普中国A股大盘红利低波50ETF,标普中国A股大盘红利低波50,2020,210,0.0726,
515450.SH,南方标普中国A股大盘红利低波50ETF,标普中国A股大盘红利低波50,2021,243,0.1766,
515450.SH,南方标普中国A股大盘红利低波50ETF,标普中国A股大盘红利低波50,2022,242,0.2951,
515450.SH,南方标普中国A股大盘红利低波50ETF,标普中国A股大盘红利低波50,2023,242,0.3018,
515450.SH,南方标普中国A股大盘红利低波50ETF,标普中国A股大盘红利低波50,2024,242,0.4997,
515450.SH,南方标普中国A股大盘红利低波50ETF,标普中国A股大盘红利低波50,2025,243,1.4698,Y
515450.SH,南方标普中国A股大盘红利低波50ETF,标普中国A股大盘红利低波50,2026,177,1.979,Y
515460.SH,南方中证全指红利质量ETF,中证全指红利质量,2026,133,0.17,
515500.SH,海富通中证长三角领先ETF,中证长三角领先,2020,69,0.067,
515500.SH,海富通中证长三角领先ETF,中证长三角领先,2021,243,0.0155,
515500.SH,海富通中证长三角领先ETF,中证长三角领先,2022,234,0.0168,
515510.SH,嘉实中证500成长估值ETF,中证500成长估值,2020,164,0.0377,
515510.SH,嘉实中证500成长估值ETF,中证500成长估值,2021,243,0.0047,
515510.SH,嘉实中证500成长估值ETF,中证500成长估值,2022,231,0.0015,
515520.SH,大成MSCI中国A股质优价值100ETF,MSCI中国A股质优价值100,2020,243,0.0836,
515520.SH,大成MSCI中国A股质优价值100ETF,MSCI中国A股质优价值100,2021,236,0.0061,
515520.SH,大成MSCI中国A股质优价值100ETF,MSCI中国A股质优价值100,2022,211,0.0006,
515520.SH,大成MSCI中国A股质优价值100ETF,MSCI中国A股质优价值100,2023,76,0.0016,
515530.SH,泰康中证500ETF,中证500,2021,243,0.1194,
515530.SH,泰康中证500ETF,中证500,2022,242,0.1005,
515530.SH,泰康中证500ETF,中证500,2023,242,0.0925,
515530.SH,泰康中证500ETF,中证500,2024,242,0.1007,
515530.SH,泰康中证500ETF,中证500,2025,243,0.0386,
515530.SH,泰康中证500ETF,中证500,2026,177,0.0417,
515550.SH,国联中证500ETF,中证500,2020,242,0.0072,
515550.SH,国联中证500ETF,中证500,2021,243,0.0015,
515550.SH,国联中证500ETF,中证500,2022,238,0.0009,
515550.SH,国联中证500ETF,中证500,2023,236,0.0006,
515550.SH,国联中证500ETF,中证500,2024,238,0.0034,
515550.SH,国联中证500ETF,中证500,2025,243,0.0042,
515550.SH,国联中证500ETF,中证500,2026,177,0.0175,
515560.SH,建信中证全指证券公司ETF,中证全指证券公司,2020,113,0.9061,Y
515560.SH,建信中证全指证券公司ETF,中证全指证券公司,2021,243,0.3307,
515560.SH,建信中证全指证券公司ETF,中证全指证券公司,2022,242,0.1089,
515560.SH,建信中证全指证券公司ETF,中证全指证券公司,2023,242,0.075,
515560.SH,建信中证全指证券公司ETF,中证全指证券公司,2024,242,0.1006,
515560.SH,建信中证全指证券公司ETF,中证全指证券公司,2025,243,0.0706,
515560.SH,建信中证全指证券公司ETF,中证全指证券公司,2026,177,0.1202,
515570.SH,山西证券中证红利潜力ETF,中证红利潜力,2020,180,0.0211,
515570.SH,山西证券中证红利潜力ETF,中证红利潜力,2021,243,0.016,
515570.SH,山西证券中证红利潜力ETF,中证红利潜力,2022,240,0.0035,
515570.SH,山西证券中证红利潜力ETF,中证红利潜力,2023,207,0.0033,
515580.SH,华泰柏瑞中证科技100ETF,中证科技100,2020,243,0.2241,
515580.SH,华泰柏瑞中证科技100ETF,中证科技100,2021,242,0.137,
515580.SH,华泰柏瑞中证科技100ETF,中证科技100,2022,242,0.1633,
515580.SH,华泰柏瑞中证科技100ETF,中证科技100,2023,242,0.1499,
515580.SH,华泰柏瑞中证科技100ETF,中证科技100,2024,242,0.144,
515580.SH,华泰柏瑞中证科技100ETF,中证科技100,2025,243,0.1289,
515580.SH,华泰柏瑞中证科技100ETF,中证科技100,2026,177,0.1292,
515590.SH,前海开源中证500等权重ETF,中证500等权重,2020,231,0.06,
515590.SH,前海开源中证500等权重ETF,中证500等权重,2021,242,0.0074,
515590.SH,前海开源中证500等权重ETF,中证500等权重,2022,242,0.0091,
515590.SH,前海开源中证500等权重ETF,中证500等权重,2023,242,0.0057,
515590.SH,前海开源中证500等权重ETF,中证500等权重,2024,242,0.0136,
515590.SH,前海开源中证500等权重ETF,中证500等权重,2025,241,0.0089,
515590.SH,前海开源中证500等权重ETF,中证500等权重,2026,177,0.0162,
515600.SH,广发中证央企创新驱动ETF,中证央企创新驱动,2020,242,0.2696,
515600.SH,广发中证央企创新驱动ETF,中证央企创新驱动,2021,241,0.0471,
515600.SH,广发中证央企创新驱动ETF,中证央企创新驱动,2022,242,0.0183,
515600.SH,广发中证央企创新驱动ETF,中证央企创新驱动,2023,242,0.4257,
515600.SH,广发中证央企创新驱动ETF,中证央企创新驱动,2024,242,0.2504,
515600.SH,广发中证央企创新驱动ETF,中证央企创新驱动,2025,243,0.1054,
515600.SH,广发中证央企创新驱动ETF,中证央企创新驱动,2026,177,0.071,
515610.SH,中银中证800ETF,中证800,2020,92,0.0558,
515610.SH,中银中证800ETF,中证800,2021,242,0.0082,
515610.SH,中银中证800ETF,中证800,2022,137,0.0054,
515620.SH,建信中证800ETF,中证800,2020,151,0.0324,
515630.SH,鹏华中证800证券保险ETF,中证800证券保险,2020,183,0.2141,
515630.SH,鹏华中证800证券保险ETF,中证800证券保险,2021,243,0.1287,
515630.SH,鹏华中证800证券保险ETF,中证800证券保险,2022,242,0.0862,
515630.SH,鹏华中证800证券保险ETF,中证800证券保险,2023,242,0.083,
515630.SH,鹏华中证800证券保险ETF,中证800证券保险,2024,242,0.1166,
515630.SH,鹏华中证800证券保险ETF,中证800证券保险,2025,243,0.279,
515630.SH,鹏华中证800证券保险ETF,中证800证券保险,2026,177,0.5411,Y
515640.SH,华夏中证全指家用电器ETF,中证全指家用电器,2026,105,0.0369,
515650.SH,富国中证消费50ETF,中证消费50,2020,243,0.4045,
515650.SH,富国中证消费50ETF,中证消费50,2021,243,0.6372,Y
515650.SH,富国中证消费50ETF,中证消费50,2022,242,0.6657,Y
515650.SH,富国中证消费50ETF,中证消费50,2023,242,0.6738,Y
515650.SH,富国中证消费50ETF,中证消费50,2024,242,0.5013,Y
515650.SH,富国中证消费50ETF,中证消费50,2025,243,0.7373,Y
515650.SH,富国中证消费50ETF,中证消费50,2026,177,0.7538,Y
515660.SH,国联安沪深300ETF,沪深300,2020,243,0.0168,
515660.SH,国联安沪深300ETF,沪深300,2021,243,0.0329,
515660.SH,国联安沪深300ETF,沪深300,2022,242,0.0092,
515660.SH,国联安沪深300ETF,沪深300,2023,242,0.0084,
515660.SH,国联安沪深300ETF,沪深300,2024,242,0.0379,
515660.SH,国联安沪深300ETF,沪深300,2025,243,0.0651,
515660.SH,国联安沪深300ETF,沪深300,2026,177,0.0401,
515670.SH,中银中证100ETF,中证100,2020,150,0.0304,
515670.SH,中银中证100ETF,中证100,2021,242,0.0034,
515670.SH,中银中证100ETF,中证100,2022,233,0.0361,
515670.SH,中银中证100ETF,中证100,2023,242,0.0485,
515670.SH,中银中证100ETF,中证100,2024,62,0.0468,
515680.SH,嘉实中证央企创新驱动ETF,中证央企创新驱动,2020,243,0.4147,
515680.SH,嘉实中证央企创新驱动ETF,中证央企创新驱动,2021,243,0.0801,
515680.SH,嘉实中证央企创新驱动ETF,中证央企创新驱动,2022,240,0.021,
515680.SH,嘉实中证央企创新驱动ETF,中证央企创新驱动,2023,242,0.2335,
515680.SH,嘉实中证央企创新驱动ETF,中证央企创新驱动,2024,242,0.1234,
515680.SH,嘉实中证央企创新驱动ETF,中证央企创新驱动,2025,243,0.0647,
515680.SH,嘉实中证央企创新驱动ETF,中证央企创新驱动,2026,177,0.0505,
515690.SH,鹏华中证高股息龙头ETF,中证高股息龙头,2020,159,0.0389,
515690.SH,鹏华中证高股息龙头ETF,中证高股息龙头,2021,243,0.0202,
515700.SH,平安中证新能源汽车产业ETF,中证新能源汽车产业,2020,222,3.4147,Y
515700.SH,平安中证新能源汽车产业ETF,中证新能源汽车产业,2021,243,3.4438,Y
515700.SH,平安中证新能源汽车产业ETF,中证新能源汽车产业,2022,242,2.3119,Y
515700.SH,平安中证新能源汽车产业ETF,中证新能源汽车产业,2023,242,1.569,Y
515700.SH,平安中证新能源汽车产业ETF,中证新能源汽车产业,2024,242,0.8317,Y
515700.SH,平安中证新能源汽车产业ETF,中证新能源汽车产业,2025,243,0.709,Y
515700.SH,平安中证新能源汽车产业ETF,中证新能源汽车产业,2026,177,0.6907,Y
515710.SH,华宝中证细分食品饮料产业主题ETF,中证细分食品饮料产业主题,2021,240,0.9639,Y
515710.SH,华宝中证细分食品饮料产业主题ETF,中证细分食品饮料产业主题,2022,242,0.3719,
515710.SH,华宝中证细分食品饮料产业主题ETF,中证细分食品饮料产业主题,2023,242,0.2616,
515710.SH,华宝中证细分食品饮料产业主题ETF,中证细分食品饮料产业主题,2024,242,0.2422,
515710.SH,华宝中证细分食品饮料产业主题ETF,中证细分食品饮料产业主题,2025,243,0.3776,
515710.SH,华宝中证细分食品饮料产业主题ETF,中证细分食品饮料产业主题,2026,177,0.3264,
515720.SH,富国中证金融科技主题ETF,中证金融科技主题,2025,60,0.2032,
515720.SH,富国中证金融科技主题ETF,中证金融科技主题,2026,177,0.1695,
515730.SH,永赢中证家居家电ETF,中证家居家电,2026,177,0.0238,
515750.SH,富国中证科技50策略ETF,中证科技50策略,2020,243,0.9656,Y
515750.SH,富国中证科技50策略ETF,中证科技50策略,2021,243,0.2699,
515750.SH,富国中证科技50策略ETF,中证科技50策略,2022,242,0.2242,
515750.SH,富国中证科技50策略ETF,中证科技50策略,2023,242,0.1952,
515750.SH,富国中证科技50策略ETF,中证科技50策略,2024,242,0.1098,
515750.SH,富国中证科技50策略ETF,中证科技50策略,2025,243,0.1883,
515750.SH,富国中证科技50策略ETF,中证科技50策略,2026,177,0.1646,
515760.SH,华夏中证浙江国资创新发展ETF,中证浙江国资创新发展,2021,243,0.0182,
515760.SH,华夏中证浙江国资创新发展ETF,中证浙江国资创新发展,2022,242,0.0098,
515760.SH,华夏中证浙江国资创新发展ETF,中证浙江国资创新发展,2023,242,0.0081,
515760.SH,华夏中证浙江国资创新发展ETF,中证浙江国资创新发展,2024,242,0.0178,
515760.SH,华夏中证浙江国资创新发展ETF,中证浙江国资创新发展,2025,243,0.0261,
515760.SH,华夏中证浙江国资创新发展ETF,中证浙江国资创新发展,2026,177,0.0247,
515770.SH,摩根MSCI中国A股ETF,MSCI中国A股人民币,2020,132,0.5219,Y
515770.SH,摩根MSCI中国A股ETF,MSCI中国A股人民币,2021,243,0.2299,
515770.SH,摩根MSCI中国A股ETF,MSCI中国A股人民币,2022,242,0.1618,
515770.SH,摩根MSCI中国A股ETF,MSCI中国A股人民币,2023,242,0.1288,
515770.SH,摩根MSCI中国A股ETF,MSCI中国A股人民币,2024,242,0.0971,
515770.SH,摩根MSCI中国A股ETF,MSCI中国A股人民币,2025,243,0.0698,
515770.SH,摩根MSCI中国A股ETF,MSCI中国A股人民币,2026,177,0.0361,
515780.SH,浦银安盛MSCI中国A股ETF,MSCI中国A股人民币,2020,147,0.2323,
515780.SH,浦银安盛MSCI中国A股ETF,MSCI中国A股人民币,2021,243,0.169,
515780.SH,浦银安盛MSCI中国A股ETF,MSCI中国A股人民币,2022,242,0.1528,
515780.SH,浦银安盛MSCI中国A股ETF,MSCI中国A股人民币,2023,234,0.0192,
515780.SH,浦银安盛MSCI中国A股ETF,MSCI中国A股人民币,2024,203,0.0063,
515790.SH,华泰柏瑞中证光伏产业ETF,中证光伏产业,2021,243,7.8494,Y
515790.SH,华泰柏瑞中证光伏产业ETF,中证光伏产业,2022,242,7.3702,Y
515790.SH,华泰柏瑞中证光伏产业ETF,中证光伏产业,2023,242,5.7712,Y
515790.SH,华泰柏瑞中证光伏产业ETF,中证光伏产业,2024,242,4.3687,Y
515790.SH,华泰柏瑞中证光伏产业ETF,中证光伏产业,2025,243,5.8593,Y
515790.SH,华泰柏瑞中证光伏产业ETF,中证光伏产业,2026,177,4.6563,Y
515800.SH,汇添富中证800ETF,中证800,2020,243,0.5321,Y
515800.SH,汇添富中证800ETF,中证800,2021,243,0.3428,
515800.SH,汇添富中证800ETF,中证800,2022,242,0.388,
515800.SH,汇添富中证800ETF,中证800,2023,242,1.1645,Y
515800.SH,汇添富中证800ETF,中证800,2024,242,1.3027,Y
515800.SH,汇添富中证800ETF,中证800,2025,243,0.9564,Y
515800.SH,汇添富中证800ETF,中证800,2026,177,1.2132,Y
515810.SH,易方达中证800ETF,中证800,2020,243,0.0788,
515810.SH,易方达中证800ETF,中证800,2021,243,0.0657,
515810.SH,易方达中证800ETF,中证800,2022,242,0.1037,
515810.SH,易方达中证800ETF,中证800,2023,242,0.0883,
515810.SH,易方达中证800ETF,中证800,2024,242,0.0967,
515810.SH,易方达中证800ETF,中证800,2025,243,0.1176,
515810.SH,易方达中证800ETF,中证800,2026,177,0.1439,
515820.SH,富国中证800ETF,中证800,2020,147,0.0599,
515820.SH,富国中证800ETF,中证800,2021,242,0.0052,
515820.SH,富国中证800ETF,中证800,2022,179,0.0195,
515830.SH,工银瑞信中证800ETF,中证800,2020,114,0.0551,
515830.SH,工银瑞信中证800ETF,中证800,2021,222,0.0047,
515850.SH,富国中证全指证券公司ETF,中证全指证券公司,2020,213,0.114,
515850.SH,富国中证全指证券公司ETF,中证全指证券公司,2021,243,0.1171,
515850.SH,富国中证全指证券公司ETF,中证全指证券公司,2022,242,0.1524,
515850.SH,富国中证全指证券公司ETF,中证全指证券公司,2023,242,0.2086,
515850.SH,富国中证全指证券公司ETF,中证全指证券公司,2024,242,0.1417,
515850.SH,富国中证全指证券公司ETF,中证全指证券公司,2025,243,0.3109,
515850.SH,富国中证全指证券公司ETF,中证全指证券公司,2026,177,0.4452,
515860.SH,嘉实中证新兴科技100策略ETF,中证新兴科技100策略,2020,243,0.2253,
515860.SH,嘉实中证新兴科技100策略ETF,中证新兴科技100策略,2021,243,0.0792,
515860.SH,嘉实中证新兴科技100策略ETF,中证新兴科技100策略,2022,242,0.0301,
515860.SH,嘉实中证新兴科技100策略ETF,中证新兴科技100策略,2023,242,0.027,
515860.SH,嘉实中证新兴科技100策略ETF,中证新兴科技100策略,2024,242,0.0246,
515860.SH,嘉实中证新兴科技100策略ETF,中证新兴科技100策略,2025,243,0.0392,
515860.SH,嘉实中证新兴科技100策略ETF,中证新兴科技100策略,2026,177,0.0735,
515870.SH,嘉实中证先进制造100策略ETF,中证先进制造100策略,2020,232,0.0266,
515870.SH,嘉实中证先进制造100策略ETF,中证先进制造100策略,2021,243,0.0428,
515870.SH,嘉实中证先进制造100策略ETF,中证先进制造100策略,2022,242,0.0551,
515880.SH,国泰中证全指通信设备ETF,中证全指通信设备,2019,77,1.6426,Y
515880.SH,国泰中证全指通信设备ETF,中证全指通信设备,2020,243,1.5637,Y
515880.SH,国泰中证全指通信设备ETF,中证全指通信设备,2021,243,0.9506,Y
515880.SH,国泰中证全指通信设备ETF,中证全指通信设备,2022,242,0.4315,
515880.SH,国泰中证全指通信设备ETF,中证全指通信设备,2023,242,1.5533,Y
515880.SH,国泰中证全指通信设备ETF,中证全指通信设备,2024,242,2.2861,Y
515880.SH,国泰中证全指通信设备ETF,中证全指通信设备,2025,243,7.6642,Y
515880.SH,国泰中证全指通信设备ETF,中证全指通信设备,2026,177,32.1968,Y
515890.SH,博时中证红利ETF,中证红利,2020,173,0.0547,
515890.SH,博时中证红利ETF,中证红利,2021,243,0.0359,
515890.SH,博时中证红利ETF,中证红利,2022,242,0.1412,
515890.SH,博时中证红利ETF,中证红利,2023,242,0.1575,
515890.SH,博时中证红利ETF,中证红利,2024,242,0.1792,
515890.SH,博时中证红利ETF,中证红利,2025,243,0.1006,
515890.SH,博时中证红利ETF,中证红利,2026,177,0.0788,
515900.SH,博时中证央企创新驱动ETF,中证央企创新驱动,2020,243,0.5194,Y
515900.SH,博时中证央企创新驱动ETF,中证央企创新驱动,2021,243,0.1001,
515900.SH,博时中证央企创新驱动ETF,中证央企创新驱动,2022,242,0.1704,
515900.SH,博时中证央企创新驱动ETF,中证央企创新驱动,2023,242,0.7445,Y
515900.SH,博时中证央企创新驱动ETF,中证央企创新驱动,2024,242,0.5909,Y
515900.SH,博时中证央企创新驱动ETF,中证央企创新驱动,2025,243,0.1655,
515900.SH,博时中证央企创新驱动ETF,中证央企创新驱动,2026,177,0.0879,
515910.SH,中金MSCI中国A股国际质量ETF,MSCI中国A股国际质量,2021,209,0.1907,
515910.SH,中金MSCI中国A股国际质量ETF,MSCI中国A股国际质量,2022,242,0.1153,
515910.SH,中金MSCI中国A股国际质量ETF,MSCI中国A股国际质量,2023,242,0.1188,
515910.SH,中金MSCI中国A股国际质量ETF,MSCI中国A股国际质量,2024,242,0.0783,
515910.SH,中金MSCI中国A股国际质量ETF,MSCI中国A股国际质量,2025,243,0.0303,
515910.SH,中金MSCI中国A股国际质量ETF,MSCI中国A股国际质量,2026,177,0.0306,
515920.SH,博时中证智能消费主题ETF,中证智能消费主题,2021,231,0.1304,
515920.SH,博时中证智能消费主题ETF,中证智能消费主题,2022,242,0.0812,
515920.SH,博时中证智能消费主题ETF,中证智能消费主题,2023,242,0.094,
515920.SH,博时中证智能消费主题ETF,中证智能消费主题,2024,242,0.0483,
515920.SH,博时中证智能消费主题ETF,中证智能消费主题,2025,243,0.0528,
515920.SH,博时中证智能消费主题ETF,中证智能消费主题,2026,177,0.0542,
515930.SH,永赢沪深300ETF,沪深300,2020,162,0.099,
515930.SH,永赢沪深300ETF,沪深300,2021,243,0.0499,
515930.SH,永赢沪深300ETF,沪深300,2022,242,0.0121,
515930.SH,永赢沪深300ETF,沪深300,2023,104,0.0108,
515950.SH,富国中证医药50ETF,中证医药50,2020,185,0.0815,
515950.SH,富国中证医药50ETF,中证医药50,2021,243,0.1284,
515950.SH,富国中证医药50ETF,中证医药50,2022,242,0.2845,
515950.SH,富国中证医药50ETF,中证医药50,2023,242,0.2752,
515950.SH,富国中证医药50ETF,中证医药50,2024,242,0.22,
515950.SH,富国中证医药50ETF,中证医药50,2025,243,0.2031,
515950.SH,富国中证医药50ETF,中证医药50,2026,177,0.1335,
515960.SH,嘉实中证医药健康100策略ETF,中证医药健康100策略,2020,139,0.115,
515960.SH,嘉实中证医药健康100策略ETF,中证医药健康100策略,2021,243,0.0254,
515960.SH,嘉实中证医药健康100策略ETF,中证医药健康100策略,2022,242,0.0734,
515960.SH,嘉实中证医药健康100策略ETF,中证医药健康100策略,2023,242,0.0714,
515960.SH,嘉实中证医药健康100策略ETF,中证医药健康100策略,2024,242,0.0548,
515960.SH,嘉实中证医药健康100策略ETF,中证医药健康100策略,2025,243,0.053,
515960.SH,嘉实中证医药健康100策略ETF,中证医药健康100策略,2026,177,0.0597,
515970.SH,华夏中证工程机械主题ETF,中证工程机械主题,2026,149,0.8546,Y
515980.SH,华富中证人工智能产业ETF,中证人工智能产业,2020,222,0.3049,
515980.SH,华富中证人工智能产业ETF,中证人工智能产业,2021,243,0.129,
515980.SH,华富中证人工智能产业ETF,中证人工智能产业,2022,242,0.0417,
515980.SH,华富中证人工智能产业ETF,中证人工智能产业,2023,242,0.3845,
515980.SH,华富中证人工智能产业ETF,中证人工智能产业,2024,242,0.997,Y
515980.SH,华富中证人工智能产业ETF,中证人工智能产业,2025,243,2.9044,Y
515980.SH,华富中证人工智能产业ETF,中证人工智能产业,2026,177,3.9234,Y
515990.SH,汇添富中证国企一带一路ETF,中证国企一带一路,2020,232,0.1408,
515990.SH,汇添富中证国企一带一路ETF,中证国企一带一路,2021,243,0.021,
515990.SH,汇添富中证国企一带一路ETF,中证国企一带一路,2022,239,0.0024,
515990.SH,汇添富中证国企一带一路ETF,中证国企一带一路,2023,242,0.0552,
515990.SH,汇添富中证国企一带一路ETF,中证国企一带一路,2024,242,0.0514,
515990.SH,汇添富中证国企一带一路ETF,中证国企一带一路,2025,243,0.0129,
515990.SH,汇添富中证国企一带一路ETF,中证国企一带一路,2026,177,0.0175,
516000.SH,华夏中证大数据产业ETF,中证大数据产业,2021,208,0.0231,
516000.SH,华夏中证大数据产业ETF,中证大数据产业,2022,242,0.0132,
516000.SH,华夏中证大数据产业ETF,中证大数据产业,2023,242,0.0542,
516000.SH,华夏中证大数据产业ETF,中证大数据产业,2024,242,0.09,
516000.SH,华夏中证大数据产业ETF,中证大数据产业,2025,243,0.2364,
516000.SH,华夏中证大数据产业ETF,中证大数据产业,2026,177,0.3619,
516010.SH,国泰中证动漫游戏ETF,中证动漫游戏,2021,204,0.3799,
516010.SH,国泰中证动漫游戏ETF,中证动漫游戏,2022,242,0.4605,
516010.SH,国泰中证动漫游戏ETF,中证动漫游戏,2023,242,1.3752,Y
516010.SH,国泰中证动漫游戏ETF,中证动漫游戏,2024,242,1.1429,Y
516010.SH,国泰中证动漫游戏ETF,中证动漫游戏,2025,243,1.3241,Y
516010.SH,国泰中证动漫游戏ETF,中证动漫游戏,2026,177,1.2412,Y
516020.SH,华宝中证细分化工产业主题ETF,中证细分化工产业主题,2021,203,0.2726,
516020.SH,华宝中证细分化工产业主题ETF,中证细分化工产业主题,2022,242,0.1767,
516020.SH,华宝中证细分化工产业主题ETF,中证细分化工产业主题,2023,242,0.2672,
516020.SH,华宝中证细分化工产业主题ETF,中证细分化工产业主题,2024,242,0.2183,
516020.SH,华宝中证细分化工产业主题ETF,中证细分化工产业主题,2025,243,0.6787,Y
516020.SH,华宝中证细分化工产业主题ETF,中证细分化工产业主题,2026,177,2.4273,Y
516050.SH,工银瑞信中证科技龙头ETF,中证科技龙头,2021,219,0.2583,
516050.SH,工银瑞信中证科技龙头ETF,中证科技龙头,2022,242,0.1977,
516050.SH,工银瑞信中证科技龙头ETF,中证科技龙头,2023,242,0.1419,
516050.SH,工银瑞信中证科技龙头ETF,中证科技龙头,2024,242,0.0689,
516050.SH,工银瑞信中证科技龙头ETF,中证科技龙头,2025,243,0.1001,
516050.SH,工银瑞信中证科技龙头ETF,中证科技龙头,2026,177,0.1195,
516060.SH,工银瑞信中证创新药产业ETF,中证创新药产业,2021,208,0.0713,
516060.SH,工银瑞信中证创新药产业ETF,中证创新药产业,2022,242,0.0566,
516060.SH,工银瑞信中证创新药产业ETF,中证创新药产业,2023,242,0.0448,
516060.SH,工银瑞信中证创新药产业ETF,中证创新药产业,2024,242,0.0252,
516060.SH,工银瑞信中证创新药产业ETF,中证创新药产业,2025,243,0.0498,
516060.SH,工银瑞信中证创新药产业ETF,中证创新药产业,2026,177,0.0988,
516070.SH,易方达中证内地低碳经济主题ETF,中证内地低碳经济主题,2021,169,0.5492,Y
516070.SH,易方达中证内地低碳经济主题ETF,中证内地低碳经济主题,2022,242,0.4298,
516070.SH,易方达中证内地低碳经济主题ETF,中证内地低碳经济主题,2023,242,0.1798,
516070.SH,易方达中证内地低碳经济主题ETF,中证内地低碳经济主题,2024,242,0.1117,
516070.SH,易方达中证内地低碳经济主题ETF,中证内地低碳经济主题,2025,243,0.0726,
516070.SH,易方达中证内地低碳经济主题ETF,中证内地低碳经济主题,2026,177,0.0613,
516080.SH,易方达中证创新药产业ETF,中证创新药产业,2021,212,0.1506,
516080.SH,易方达中证创新药产业ETF,中证创新药产业,2022,242,0.1029,
516080.SH,易方达中证创新药产业ETF,中证创新药产业,2023,242,0.0753,
516080.SH,易方达中证创新药产业ETF,中证创新药产业,2024,242,0.0767,
516080.SH,易方达中证创新药产业ETF,中证创新药产业,2025,243,0.1829,
516080.SH,易方达中证创新药产业ETF,中证创新药产业,2026,177,1.2971,Y
516090.SH,易方达中证新能源ETF,中证新能源,2021,193,0.2767,
516090.SH,易方达中证新能源ETF,中证新能源,2022,242,0.3682,
516090.SH,易方达中证新能源ETF,中证新能源,2023,242,0.3389,
516090.SH,易方达中证新能源ETF,中证新能源,2024,242,0.3031,
516090.SH,易方达中证新能源ETF,中证新能源,2025,243,0.3519,
516090.SH,易方达中证新能源ETF,中证新能源,2026,177,0.605,Y
516100.SH,华夏中证金融科技主题ETF,中证金融科技主题,2021,109,0.0283,
516100.SH,华夏中证金融科技主题ETF,中证金融科技主题,2022,242,0.0166,
516100.SH,华夏中证金融科技主题ETF,中证金融科技主题,2023,242,0.0358,
516100.SH,华夏中证金融科技主题ETF,中证金融科技主题,2024,242,0.1676,
516100.SH,华夏中证金融科技主题ETF,中证金融科技主题,2025,243,0.5542,Y
516100.SH,华夏中证金融科技主题ETF,中证金融科技主题,2026,177,0.4163,
516110.SH,国泰中证800汽车与零部件ETF,中证800汽车与零部件,2021,163,0.3613,
516110.SH,国泰中证800汽车与零部件ETF,中证800汽车与零部件,2022,242,0.6944,Y
516110.SH,国泰中证800汽车与零部件ETF,中证800汽车与零部件,2023,242,1.1334,Y
516110.SH,国泰中证800汽车与零部件ETF,中证800汽车与零部件,2024,242,0.6645,Y
516110.SH,国泰中证800汽车与零部件ETF,中证800汽车与零部件,2025,243,0.4971,
516110.SH,国泰中证800汽车与零部件ETF,中证800汽车与零部件,2026,177,0.3336,
516120.SH,富国中证细分化工产业主题ETF,中证细分化工产业主题,2021,202,0.3374,
516120.SH,富国中证细分化工产业主题ETF,中证细分化工产业主题,2022,242,0.2126,
516120.SH,富国中证细分化工产业主题ETF,中证细分化工产业主题,2023,242,0.1922,
516120.SH,富国中证细分化工产业主题ETF,中证细分化工产业主题,2024,242,0.1274,
516120.SH,富国中证细分化工产业主题ETF,中证细分化工产业主题,2025,243,0.2971,
516120.SH,富国中证细分化工产业主题ETF,中证细分化工产业主题,2026,177,1.9056,Y
516130.SH,华宝中证消费龙头ETF,中证消费龙头,2022,242,0.062,
516130.SH,华宝中证消费龙头ETF,中证消费龙头,2023,242,0.0532,
516130.SH,华宝中证消费龙头ETF,中证消费龙头,2024,242,0.0462,
516130.SH,华宝中证消费龙头ETF,中证消费龙头,2025,243,0.0571,
516130.SH,华宝中证消费龙头ETF,中证消费龙头,2026,177,0.1146,
516150.SH,嘉实中证稀土产业ETF,中证稀土产业,2021,196,0.6262,Y
516150.SH,嘉实中证稀土产业ETF,中证稀土产业,2022,242,1.0174,Y
516150.SH,嘉实中证稀土产业ETF,中证稀土产业,2023,242,0.6473,Y
516150.SH,嘉实中证稀土产业ETF,中证稀土产业,2024,242,0.3881,
516150.SH,嘉实中证稀土产业ETF,中证稀土产业,2025,243,2.2299,Y
516150.SH,嘉实中证稀土产业ETF,中证稀土产业,2026,177,3.0918,Y
516160.SH,南方中证新能源ETF,中证新能源,2021,220,1.547,Y
516160.SH,南方中证新能源ETF,中证新能源,2022,242,1.7125,Y
516160.SH,南方中证新能源ETF,中证新能源,2023,242,2.1941,Y
516160.SH,南方中证新能源ETF,中证新能源,2024,242,1.4187,Y
516160.SH,南方中证新能源ETF,中证新能源,2025,243,1.666,Y
516160.SH,南方中证新能源ETF,中证新能源,2026,177,2.5185,Y
516180.SH,平安中证光伏产业ETF,中证光伏产业,2021,206,0.2012,
516180.SH,平安中证光伏产业ETF,中证光伏产业,2022,242,0.1529,
516180.SH,平安中证光伏产业ETF,中证光伏产业,2023,242,0.0907,
516180.SH,平安中证光伏产业ETF,中证光伏产业,2024,242,0.0588,
516180.SH,平安中证光伏产业ETF,中证光伏产业,2025,243,0.0582,
516180.SH,平安中证光伏产业ETF,中证光伏产业,2026,177,0.101,
516190.SH,华夏中证文娱传媒ETF,中证文娱传媒,2021,69,0.0405,
516190.SH,华夏中证文娱传媒ETF,中证文娱传媒,2022,242,0.0125,
516190.SH,华夏中证文娱传媒ETF,中证文娱传媒,2023,242,0.0338,
516190.SH,华夏中证文娱传媒ETF,中证文娱传媒,2024,242,0.0377,
516190.SH,华夏中证文娱传媒ETF,中证文娱传媒,2025,243,0.044,
516190.SH,华夏中证文娱传媒ETF,中证文娱传媒,2026,177,0.2808,
516200.SH,华安中证全指证券公司ETF,中证全指证券公司,2021,193,0.0586,
516200.SH,华安中证全指证券公司ETF,中证全指证券公司,2022,242,0.0517,
516200.SH,华安中证全指证券公司ETF,中证全指证券公司,2023,242,0.1047,
516200.SH,华安中证全指证券公司ETF,中证全指证券公司,2024,242,0.1047,
516200.SH,华安中证全指证券公司ETF,中证全指证券公司,2025,243,0.1117,
516200.SH,华安中证全指证券公司ETF,中证全指证券公司,2026,177,0.0991,
516210.SH,华安中证银行ETF,中证银行,2021,66,0.1524,
516210.SH,华安中证银行ETF,中证银行,2022,242,0.0945,
516210.SH,华安中证银行ETF,中证银行,2023,242,0.0891,
516210.SH,华安中证银行ETF,中证银行,2024,242,0.0854,
516210.SH,华安中证银行ETF,中证银行,2025,243,0.1008,
516210.SH,华安中证银行ETF,中证银行,2026,177,0.1214,
516220.SH,国泰中证细分化工产业主题ETF,中证细分化工产业主题,2021,201,0.3739,
516220.SH,国泰中证细分化工产业主题ETF,中证细分化工产业主题,2022,242,0.3119,
516220.SH,国泰中证细分化工产业主题ETF,中证细分化工产业主题,2023,242,0.2905,
516220.SH,国泰中证细分化工产业主题ETF,中证细分化工产业主题,2024,242,0.1982,
516220.SH,国泰中证细分化工产业主题ETF,中证细分化工产业主题,2025,243,0.1338,
516220.SH,国泰中证细分化工产业主题ETF,中证细分化工产业主题,2026,177,0.2936,
516230.SH,招商中证光伏产业ETF,中证光伏产业,2026,156,0.0983,
516250.SH,富国中证工程机械主题ETF,中证工程机械主题,2026,177,0.134,
516260.SH,华夏中证物联网主题ETF,中证物联网主题,2021,103,0.0672,
516260.SH,华夏中证物联网主题ETF,中证物联网主题,2022,242,0.006,
516260.SH,华夏中证物联网主题ETF,中证物联网主题,2023,242,0.0099,
516260.SH,华夏中证物联网主题ETF,中证物联网主题,2024,242,0.0133,
516260.SH,华夏中证物联网主题ETF,中证物联网主题,2025,243,0.0161,
516260.SH,华夏中证物联网主题ETF,中证物联网主题,2026,177,0.0177,
516270.SH,华安中证内地新能源主题ETF,中证内地新能源主题,2021,109,0.1774,
516270.SH,华安中证内地新能源主题ETF,中证内地新能源主题,2022,242,0.1046,
516270.SH,华安中证内地新能源主题ETF,中证内地新能源主题,2023,242,0.1217,
516270.SH,华安中证内地新能源主题ETF,中证内地新能源主题,2024,242,0.1111,
516270.SH,华安中证内地新能源主题ETF,中证内地新能源主题,2025,243,0.1243,
516270.SH,华安中证内地新能源主题ETF,中证内地新能源主题,2026,177,0.1275,
516290.SH,汇添富中证光伏产业ETF,中证光伏产业,2021,88,0.2127,
516290.SH,汇添富中证光伏产业ETF,中证光伏产业,2022,242,0.1399,
516290.SH,汇添富中证光伏产业ETF,中证光伏产业,2023,242,0.0818,
516290.SH,汇添富中证光伏产业ETF,中证光伏产业,2024,242,0.0853,
516290.SH,汇添富中证光伏产业ETF,中证光伏产业,2025,243,0.2685,
516290.SH,汇添富中证光伏产业ETF,中证光伏产业,2026,177,0.3038,
516300.SH,华泰柏瑞中证1000ETF,中证1000,2021,191,0.0595,
516300.SH,华泰柏瑞中证1000ETF,中证1000,2022,242,0.2334,
516300.SH,华泰柏瑞中证1000ETF,中证1000,2023,242,0.2139,
516300.SH,华泰柏瑞中证1000ETF,中证1000,2024,242,0.1945,
516300.SH,华泰柏瑞中证1000ETF,中证1000,2025,243,0.0947,
516300.SH,华泰柏瑞中证1000ETF,中证1000,2026,177,0.1033,
516310.SH,易方达中证银行ETF,中证银行,2021,148,0.1388,
516310.SH,易方达中证银行ETF,中证银行,2022,242,0.1911,
516310.SH,易方达中证银行ETF,中证银行,2023,242,0.1379,
516310.SH,易方达中证银行ETF,中证银行,2024,242,0.176,
516310.SH,易方达中证银行ETF,中证银行,2025,243,0.5463,Y
516310.SH,易方达中证银行ETF,中证银行,2026,177,1.4117,Y
516320.SH,华夏中证装备产业ETF,中证装备产业,2021,141,0.0995,
516320.SH,华夏中证装备产业ETF,中证装备产业,2022,242,0.0318,
516320.SH,华夏中证装备产业ETF,中证装备产业,2023,242,0.0319,
516320.SH,华夏中证装备产业ETF,中证装备产业,2024,242,0.0348,
516320.SH,华夏中证装备产业ETF,中证装备产业,2025,243,0.0275,
516320.SH,华夏中证装备产业ETF,中证装备产业,2026,177,0.0585,
516330.SH,华泰柏瑞中证物联网主题ETF,中证物联网主题,2021,180,0.0426,
516330.SH,华泰柏瑞中证物联网主题ETF,中证物联网主题,2022,242,0.0597,
516330.SH,华泰柏瑞中证物联网主题ETF,中证物联网主题,2023,242,0.0117,
516330.SH,华泰柏瑞中证物联网主题ETF,中证物联网主题,2024,242,0.0053,
516330.SH,华泰柏瑞中证物联网主题ETF,中证物联网主题,2025,242,0.0133,
516330.SH,华泰柏瑞中证物联网主题ETF,中证物联网主题,2026,177,0.0109,
516350.SH,易方达中证芯片产业ETF,中证芯片产业,2022,242,0.0835,
516350.SH,易方达中证芯片产业ETF,中证芯片产业,2023,242,0.1252,
516350.SH,易方达中证芯片产业ETF,中证芯片产业,2024,242,0.3562,
516350.SH,易方达中证芯片产业ETF,中证芯片产业,2025,243,0.4258,
516350.SH,易方达中证芯片产业ETF,中证芯片产业,2026,177,1.5841,Y
516360.SH,华宝中证新材料主题ETF,中证新材料主题,2021,159,0.1521,
516360.SH,华宝中证新材料主题ETF,中证新材料主题,2022,242,0.0787,
516360.SH,华宝中证新材料主题ETF,中证新材料主题,2023,242,0.0739,
516360.SH,华宝中证新材料主题ETF,中证新材料主题,2024,242,0.0421,
516360.SH,华宝中证新材料主题ETF,中证新材料主题,2025,243,0.0374,
516360.SH,华宝中证新材料主题ETF,中证新材料主题,2026,177,0.0448,
516370.SH,汇添富中证全指电力公用事业ETF,中证全指电力公用事业,2026,119,0.2262,
516380.SH,华宝中证智能电动汽车ETF,中证智能电动汽车,2021,134,0.094,
516380.SH,华宝中证智能电动汽车ETF,中证智能电动汽车,2022,242,0.0396,
516380.SH,华宝中证智能电动汽车ETF,中证智能电动汽车,2023,242,0.0149,
516380.SH,华宝中证智能电动汽车ETF,中证智能电动汽车,2024,242,0.0116,
516380.SH,华宝中证智能电动汽车ETF,中证智能电动汽车,2025,243,0.0151,
516380.SH,华宝中证智能电动汽车ETF,中证智能电动汽车,2026,177,0.014,
516390.SH,汇添富中证新能源汽车产业ETF,中证新能源汽车产业,2021,134,0.2993,
516390.SH,汇添富中证新能源汽车产业ETF,中证新能源汽车产业,2022,242,0.2224,
516390.SH,汇添富中证新能源汽车产业ETF,中证新能源汽车产业,2023,242,0.189,
516390.SH,汇添富中证新能源汽车产业ETF,中证新能源汽车产业,2024,242,0.1289,
516390.SH,汇添富中证新能源汽车产业ETF,中证新能源汽车产业,2025,243,0.1485,
516390.SH,汇添富中证新能源汽车产业ETF,中证新能源汽车产业,2026,177,0.0726,
516400.SH,富国中证ESG120策略ETF,中证ESG120策略,2021,112,0.028,
516460.SH,鹏华中证800自由现金流ETF,中证800自由现金流,2025,168,0.0607,
516460.SH,鹏华中证800自由现金流ETF,中证800自由现金流,2026,177,0.1012,
516480.SH,国联安中证新材料主题ETF,中证新材料主题,2021,138,0.0917,
516480.SH,国联安中证新材料主题ETF,中证新材料主题,2022,242,0.0358,
516480.SH,国联安中证新材料主题ETF,中证新材料主题,2023,242,0.0036,
516480.SH,国联安中证新材料主题ETF,中证新材料主题,2024,242,0.0051,
516480.SH,国联安中证新材料主题ETF,中证新材料主题,2025,142,0.004,
516500.SH,华夏中证生物科技主题ETF,中证生物科技主题,2021,196,0.0712,
516500.SH,华夏中证生物科技主题ETF,中证生物科技主题,2022,242,0.0379,
516500.SH,华夏中证生物科技主题ETF,中证生物科技主题,2023,242,0.028,
516500.SH,华夏中证生物科技主题ETF,中证生物科技主题,2024,242,0.0276,
516500.SH,华夏中证生物科技主题ETF,中证生物科技主题,2025,243,0.0318,
516500.SH,华夏中证生物科技主题ETF,中证生物科技主题,2026,177,0.0958,
516510.SH,易方达中证云计算与大数据主题ETF,中证云计算与大数据主题,2021,182,0.1067,
516510.SH,易方达中证云计算与大数据主题ETF,中证云计算与大数据主题,2022,242,0.2615,
516510.SH,易方达中证云计算与大数据主题ETF,中证云计算与大数据主题,2023,242,0.9802,Y
516510.SH,易方达中证云计算与大数据主题ETF,中证云计算与大数据主题,2024,242,0.8506,Y
516510.SH,易方达中证云计算与大数据主题ETF,中证云计算与大数据主题,2025,243,2.1201,Y
516510.SH,易方达中证云计算与大数据主题ETF,中证云计算与大数据主题,2026,177,1.8554,Y
516520.SH,华泰柏瑞中证智能汽车主题ETF,中证智能汽车主题,2021,208,0.0889,
516520.SH,华泰柏瑞中证智能汽车主题ETF,中证智能汽车主题,2022,242,0.1647,
516520.SH,华泰柏瑞中证智能汽车主题ETF,中证智能汽车主题,2023,242,0.0915,
516520.SH,华泰柏瑞中证智能汽车主题ETF,中证智能汽车主题,2024,242,0.1255,
516520.SH,华泰柏瑞中证智能汽车主题ETF,中证智能汽车主题,2025,243,0.2998,
516520.SH,华泰柏瑞中证智能汽车主题ETF,中证智能汽车主题,2026,177,0.7248,Y
516530.SH,银华中证现代物流ETF,中证现代物流,2022,233,0.0426,
516530.SH,银华中证现代物流ETF,中证现代物流,2023,242,0.0331,
516530.SH,银华中证现代物流ETF,中证现代物流,2024,242,0.0168,
516530.SH,银华中证现代物流ETF,中证现代物流,2025,243,0.0156,
516530.SH,银华中证现代物流ETF,中证现代物流,2026,177,0.0169,
516550.SH,嘉实中证大农业ETF,中证大农业,2021,181,0.0811,
516550.SH,嘉实中证大农业ETF,中证大农业,2022,242,0.1323,
516550.SH,嘉实中证大农业ETF,中证大农业,2023,242,0.0943,
516550.SH,嘉实中证大农业ETF,中证大农业,2024,242,0.0584,
516550.SH,嘉实中证大农业ETF,中证大农业,2025,243,0.097,
516550.SH,嘉实中证大农业ETF,中证大农业,2026,177,0.0993,
516560.SH,华宝中证养老产业ETF,中证养老产业,2021,70,0.0954,
516560.SH,华宝中证养老产业ETF,中证养老产业,2022,242,0.0246,
516560.SH,华宝中证养老产业ETF,中证养老产业,2023,242,0.0186,
516560.SH,华宝中证养老产业ETF,中证养老产业,2024,242,0.028,
516560.SH,华宝中证养老产业ETF,中证养老产业,2025,243,0.0441,
516560.SH,华宝中证养老产业ETF,中证养老产业,2026,177,0.0386,
516570.SH,易方达中证石化产业ETF,中证石化产业,2021,134,0.1506,
516570.SH,易方达中证石化产业ETF,中证石化产业,2022,242,0.11,
516570.SH,易方达中证石化产业ETF,中证石化产业,2023,242,0.0349,
516570.SH,易方达中证石化产业ETF,中证石化产业,2024,242,0.027,
516570.SH,易方达中证石化产业ETF,中证石化产业,2025,243,0.0382,
516570.SH,易方达中证石化产业ETF,中证石化产业,2026,177,0.6883,Y
516580.SH,博时中证新能源ETF,中证新能源,2021,108,0.1316,
516580.SH,博时中证新能源ETF,中证新能源,2022,242,0.0735,
516580.SH,博时中证新能源ETF,中证新能源,2023,242,0.091,
516580.SH,博时中证新能源ETF,中证新能源,2024,242,0.0702,
516580.SH,博时中证新能源ETF,中证新能源,2025,243,0.0362,
516580.SH,博时中证新能源ETF,中证新能源,2026,177,0.0329,
516590.SH,易方达中证智能电动汽车ETF,中证智能电动汽车,2021,160,0.2754,
516590.SH,易方达中证智能电动汽车ETF,中证智能电动汽车,2022,242,0.2195,
516590.SH,易方达中证智能电动汽车ETF,中证智能电动汽车,2023,242,0.1097,
516590.SH,易方达中证智能电动汽车ETF,中证智能电动汽车,2024,242,0.0866,
516590.SH,易方达中证智能电动汽车ETF,中证智能电动汽车,2025,243,0.0683,
516590.SH,易方达中证智能电动汽车ETF,中证智能电动汽车,2026,177,0.0442,
516600.SH,工银瑞信中证消费服务领先ETF,中证消费服务领先,2021,209,0.0503,
516600.SH,工银瑞信中证消费服务领先ETF,中证消费服务领先,2022,242,0.0411,
516600.SH,工银瑞信中证消费服务领先ETF,中证消费服务领先,2023,242,0.0468,
516600.SH,工银瑞信中证消费服务领先ETF,中证消费服务领先,2024,242,0.0332,
516600.SH,工银瑞信中证消费服务领先ETF,中证消费服务领先,2025,243,0.0368,
516600.SH,工银瑞信中证消费服务领先ETF,中证消费服务领先,2026,177,0.0194,
516610.SH,大成中证全指医疗保健设备与服务ETF,中证全指医疗保健设备与服务,2021,159,0.116,
516610.SH,大成中证全指医疗保健设备与服务ETF,中证全指医疗保健设备与服务,2022,242,0.0976,
516610.SH,大成中证全指医疗保健设备与服务ETF,中证全指医疗保健设备与服务,2023,242,0.0613,
516610.SH,大成中证全指医疗保健设备与服务ETF,中证全指医疗保健设备与服务,2024,242,0.0336,
516610.SH,大成中证全指医疗保健设备与服务ETF,中证全指医疗保健设备与服务,2025,243,0.0366,
516610.SH,大成中证全指医疗保健设备与服务ETF,中证全指医疗保健设备与服务,2026,177,0.0416,
516620.SH,国泰中证影视主题ETF,中证影视主题,2022,242,0.0917,
516620.SH,国泰中证影视主题ETF,中证影视主题,2023,242,0.1578,
516620.SH,国泰中证影视主题ETF,中证影视主题,2024,242,0.1485,
516620.SH,国泰中证影视主题ETF,中证影视主题,2025,243,0.1457,
516620.SH,国泰中证影视主题ETF,中证影视主题,2026,177,0.438,
516630.SH,华夏中证云计算与大数据主题ETF,中证云计算与大数据主题,2021,79,0.0382,
516630.SH,华夏中证云计算与大数据主题ETF,中证云计算与大数据主题,2022,242,0.0394,
516630.SH,华夏中证云计算与大数据主题ETF,中证云计算与大数据主题,2023,242,0.0963,
516630.SH,华夏中证云计算与大数据主题ETF,中证云计算与大数据主题,2024,242,0.1106,
516630.SH,华夏中证云计算与大数据主题ETF,中证云计算与大数据主题,2025,243,0.3326,
516630.SH,华夏中证云计算与大数据主题ETF,中证云计算与大数据主题,2026,177,0.6228,Y
516640.SH,富国中证芯片产业ETF,中证芯片产业,2021,84,0.3258,
516640.SH,富国中证芯片产业ETF,中证芯片产业,2022,242,0.4153,
516640.SH,富国中证芯片产业ETF,中证芯片产业,2023,242,0.5887,Y
516640.SH,富国中证芯片产业ETF,中证芯片产业,2024,242,0.4636,
516640.SH,富国中证芯片产业ETF,中证芯片产业,2025,243,0.6897,Y
516640.SH,富国中证芯片产业ETF,中证芯片产业,2026,177,1.6698,Y
516650.SH,华夏中证细分有色金属产业主题ETF,中证细分有色金属产业主题,2021,133,0.0739,
516650.SH,华夏中证细分有色金属产业主题ETF,中证细分有色金属产业主题,2022,242,0.0217,
516650.SH,华夏中证细分有色金属产业主题ETF,中证细分有色金属产业主题,2023,242,0.0234,
516650.SH,华夏中证细分有色金属产业主题ETF,中证细分有色金属产业主题,2024,242,0.058,
516650.SH,华夏中证细分有色金属产业主题ETF,中证细分有色金属产业主题,2025,243,0.619,Y
516650.SH,华夏中证细分有色金属产业主题ETF,中证细分有色金属产业主题,2026,177,3.5619,Y
516660.SH,华安中证新能源汽车ETF,中证新能源汽车,2021,209,0.376,
516660.SH,华安中证新能源汽车ETF,中证新能源汽车,2022,242,0.5667,Y
516660.SH,华安中证新能源汽车ETF,中证新能源汽车,2023,242,0.2209,
516660.SH,华安中证新能源汽车ETF,中证新能源汽车,2024,242,0.0588,
516660.SH,华安中证新能源汽车ETF,中证新能源汽车,2025,243,0.0371,
516660.SH,华安中证新能源汽车ETF,中证新能源汽车,2026,177,0.0364,
516670.SH,招商中证畜牧养殖ETF,中证畜牧养殖,2021,189,0.1347,
516670.SH,招商中证畜牧养殖ETF,中证畜牧养殖,2022,242,0.3057,
516670.SH,招商中证畜牧养殖ETF,中证畜牧养殖,2023,242,0.3085,
516670.SH,招商中证畜牧养殖ETF,中证畜牧养殖,2024,242,0.2787,
516670.SH,招商中证畜牧养殖ETF,中证畜牧养殖,2025,243,0.2913,
516670.SH,招商中证畜牧养殖ETF,中证畜牧养殖,2026,177,0.4469,
516680.SH,建信中证细分有色金属产业主题ETF,中证细分有色金属产业主题,2021,203,0.0574,
516680.SH,建信中证细分有色金属产业主题ETF,中证细分有色金属产业主题,2022,181,0.0156,
516690.SH,银华中证细分化工产业主题ETF,中证细分化工产业主题,2022,242,0.0327,
516690.SH,银华中证细分化工产业主题ETF,中证细分化工产业主题,2023,242,0.0229,
516690.SH,银华中证细分化工产业主题ETF,中证细分化工产业主题,2024,102,0.038,
516700.SH,华宝中证大数据产业ETF,中证大数据产业,2021,155,0.0518,
516700.SH,华宝中证大数据产业ETF,中证大数据产业,2022,242,0.0148,
516700.SH,华宝中证大数据产业ETF,中证大数据产业,2023,242,0.0378,
516700.SH,华宝中证大数据产业ETF,中证大数据产业,2024,242,0.0349,
516700.SH,华宝中证大数据产业ETF,中证大数据产业,2025,243,0.0842,
516700.SH,华宝中证大数据产业ETF,中证大数据产业,2026,177,0.16,
516710.SH,华夏中证新材料主题ETF,中证新材料主题,2021,92,0.0751,
516710.SH,华夏中证新材料主题ETF,中证新材料主题,2022,242,0.0504,
516710.SH,华夏中证新材料主题ETF,中证新材料主题,2023,242,0.0309,
516710.SH,华夏中证新材料主题ETF,中证新材料主题,2024,242,0.0285,
516710.SH,华夏中证新材料主题ETF,中证新材料主题,2025,243,0.0208,
516710.SH,华夏中证新材料主题ETF,中证新材料主题,2026,177,0.038,
516720.SH,浦银中证ESG120策略ETF,中证ESG120策略,2021,94,0.2539,
516720.SH,浦银中证ESG120策略ETF,中证ESG120策略,2022,242,0.1351,
516720.SH,浦银中证ESG120策略ETF,中证ESG120策略,2023,242,0.0749,
516720.SH,浦银中证ESG120策略ETF,中证ESG120策略,2024,242,0.0266,
516720.SH,浦银中证ESG120策略ETF,中证ESG120策略,2025,236,0.0104,
516720.SH,浦银中证ESG120策略ETF,中证ESG120策略,2026,177,0.0036,
516730.SH,浦银中证证券公司30ETF,中证证券公司30,2022,242,0.2267,
516730.SH,浦银中证证券公司30ETF,中证证券公司30,2023,242,0.1031,
516730.SH,浦银中证证券公司30ETF,中证证券公司30,2024,242,0.0807,
516730.SH,浦银中证证券公司30ETF,中证证券公司30,2025,243,0.0869,
516730.SH,浦银中证证券公司30ETF,中证证券公司30,2026,177,0.06,
516750.SH,富国中证全指建筑材料ETF,中证全指建筑材料,2022,242,0.2282,
516750.SH,富国中证全指建筑材料ETF,中证全指建筑材料,2023,242,0.2641,
516750.SH,富国中证全指建筑材料ETF,中证全指建筑材料,2024,242,0.1384,
516750.SH,富国中证全指建筑材料ETF,中证全指建筑材料,2025,243,0.287,
516750.SH,富国中证全指建筑材料ETF,中证全指建筑材料,2026,177,0.1195,
516760.SH,平安中证畜牧养殖ETF,中证畜牧养殖,2021,199,0.0569,
516760.SH,平安中证畜牧养殖ETF,中证畜牧养殖,2022,242,0.1029,
516760.SH,平安中证畜牧养殖ETF,中证畜牧养殖,2023,242,0.0745,
516760.SH,平安中证畜牧养殖ETF,中证畜牧养殖,2024,242,0.0449,
516760.SH,平安中证畜牧养殖ETF,中证畜牧养殖,2025,243,0.057,
516760.SH,平安中证畜牧养殖ETF,中证畜牧养殖,2026,177,0.0647,
516770.SH,华泰柏瑞中证动漫游戏ETF,中证动漫游戏,2021,204,0.0942,
516770.SH,华泰柏瑞中证动漫游戏ETF,中证动漫游戏,2022,242,0.1369,
516770.SH,华泰柏瑞中证动漫游戏ETF,中证动漫游戏,2023,242,0.2757,
516770.SH,华泰柏瑞中证动漫游戏ETF,中证动漫游戏,2024,242,0.2046,
516770.SH,华泰柏瑞中证动漫游戏ETF,中证动漫游戏,2025,243,0.2391,
516770.SH,华泰柏瑞中证动漫游戏ETF,中证动漫游戏,2026,177,0.3426,
516780.SH,华泰柏瑞中证稀土产业ETF,中证稀土产业,2021,203,1.3811,Y
516780.SH,华泰柏瑞中证稀土产业ETF,中证稀土产业,2022,242,0.8561,Y
516780.SH,华泰柏瑞中证稀土产业ETF,中证稀土产业,2023,242,0.3472,
516780.SH,华泰柏瑞中证稀土产业ETF,中证稀土产业,2024,242,0.3024,
516780.SH,华泰柏瑞中证稀土产业ETF,中证稀土产业,2025,243,1.6481,Y
516780.SH,华泰柏瑞中证稀土产业ETF,中证稀土产业,2026,177,1.5266,Y
516790.SH,华泰柏瑞中证全指医疗保健设备与服务ETF,中证全指医疗保健设备与服务,2021,88,0.1565,
516790.SH,华泰柏瑞中证全指医疗保健设备与服务ETF,中证全指医疗保健设备与服务,2022,242,0.0942,
516790.SH,华泰柏瑞中证全指医疗保健设备与服务ETF,中证全指医疗保健设备与服务,2023,242,0.037,
516790.SH,华泰柏瑞中证全指医疗保健设备与服务ETF,中证全指医疗保健设备与服务,2024,242,0.0335,
516790.SH,华泰柏瑞中证全指医疗保健设备与服务ETF,中证全指医疗保健设备与服务,2025,243,0.0301,
516790.SH,华泰柏瑞中证全指医疗保健设备与服务ETF,中证全指医疗保健设备与服务,2026,177,0.0354,
516800.SH,华宝中证智能制造主题ETF,中证智能制造主题,2021,214,0.1756,
516800.SH,华宝中证智能制造主题ETF,中证智能制造主题,2022,242,0.0533,
516800.SH,华宝中证智能制造主题ETF,中证智能制造主题,2023,242,0.0626,
516800.SH,华宝中证智能制造主题ETF,中证智能制造主题,2024,242,0.0634,
516800.SH,华宝中证智能制造主题ETF,中证智能制造主题,2025,243,0.0764,
516800.SH,华宝中证智能制造主题ETF,中证智能制造主题,2026,177,0.1298,
516810.SH,华夏中证农业主题ETF,中证农业主题,2022,237,0.0641,
516810.SH,华夏中证农业主题ETF,中证农业主题,2023,242,0.102,
516810.SH,华夏中证农业主题ETF,中证农业主题,2024,242,0.0742,
516810.SH,华夏中证农业主题ETF,中证农业主题,2025,243,0.1807,
516810.SH,华夏中证农业主题ETF,中证农业主题,2026,177,0.7249,Y
516820.SH,平安中证医药及医疗器械创新ETF,中证医药及医疗器械创新,2021,125,0.3319,
516820.SH,平安中证医药及医疗器械创新ETF,中证医药及医疗器械创新,2022,242,0.2409,
516820.SH,平安中证医药及医疗器械创新ETF,中证医药及医疗器械创新,2023,242,0.3829,
516820.SH,平安中证医药及医疗器械创新ETF,中证医药及医疗器械创新,2024,242,0.3888,
516820.SH,平安中证医药及医疗器械创新ETF,中证医药及医疗器械创新,2025,243,0.5095,Y
516820.SH,平安中证医药及医疗器械创新ETF,中证医药及医疗器械创新,2026,177,0.502,Y
516830.SH,富国沪深300ESG基准ETF,沪深300ESG基准,2021,123,0.096,
516830.SH,富国沪深300ESG基准ETF,沪深300ESG基准,2022,242,0.0885,
516830.SH,富国沪深300ESG基准ETF,沪深300ESG基准,2023,242,0.1015,
516830.SH,富国沪深300ESG基准ETF,沪深300ESG基准,2024,242,0.0712,
516830.SH,富国沪深300ESG基准ETF,沪深300ESG基准,2025,243,0.0572,
516830.SH,富国沪深300ESG基准ETF,沪深300ESG基准,2026,177,0.0579,
516840.SH,南方中证全指汽车ETF,中证全指汽车,2026,95,0.0633,
516850.SH,华夏中证新能源ETF,中证新能源,2021,194,0.0862,
516850.SH,华夏中证新能源ETF,中证新能源,2022,242,0.0462,
516850.SH,华夏中证新能源ETF,中证新能源,2023,242,0.032,
516850.SH,华夏中证新能源ETF,中证新能源,2024,242,0.0498,
516850.SH,华夏中证新能源ETF,中证新能源,2025,243,0.0777,
516850.SH,华夏中证新能源ETF,中证新能源,2026,177,0.1355,
516860.SH,博时中证金融科技主题ETF,中证金融科技主题,2021,60,0.092,
516860.SH,博时中证金融科技主题ETF,中证金融科技主题,2022,242,0.0977,
516860.SH,博时中证金融科技主题ETF,中证金融科技主题,2023,242,0.1306,
516860.SH,博时中证金融科技主题ETF,中证金融科技主题,2024,242,0.4288,
516860.SH,博时中证金融科技主题ETF,中证金融科技主题,2025,243,1.4706,Y
516860.SH,博时中证金融科技主题ETF,中证金融科技主题,2026,177,0.721,Y
516870.SH,银华中证800汽车与零部件ETF,中证800汽车与零部件,2021,78,0.1106,
516880.SH,银华中证光伏产业ETF,中证光伏产业,2021,233,0.9342,Y
516880.SH,银华中证光伏产业ETF,中证光伏产业,2022,242,0.4324,
516880.SH,银华中证光伏产业ETF,中证光伏产业,2023,242,0.344,
516880.SH,银华中证光伏产业ETF,中证光伏产业,2024,242,0.2346,
516880.SH,银华中证光伏产业ETF,中证光伏产业,2025,243,0.373,
516880.SH,银华中证光伏产业ETF,中证光伏产业,2026,177,0.3916,
516890.SH,平安中证新材料主题ETF,中证新材料主题,2021,106,0.1136,
516890.SH,平安中证新材料主题ETF,中证新材料主题,2022,242,0.0434,
516890.SH,平安中证新材料主题ETF,中证新材料主题,2023,242,0.0194,
516890.SH,平安中证新材料主题ETF,中证新材料主题,2024,242,0.0157,
516890.SH,平安中证新材料主题ETF,中证新材料主题,2025,243,0.0124,
516890.SH,平安中证新材料主题ETF,中证新材料主题,2026,177,0.0129,
516900.SH,华安中证申万食品饮料ETF,中证申万食品饮料,2021,167,0.0893,
516900.SH,华安中证申万食品饮料ETF,中证申万食品饮料,2022,242,0.0926,
516900.SH,华安中证申万食品饮料ETF,中证申万食品饮料,2023,242,0.092,
516900.SH,华安中证申万食品饮料ETF,中证申万食品饮料,2024,241,0.051,
516900.SH,华安中证申万食品饮料ETF,中证申万食品饮料,2025,243,0.0873,
516900.SH,华安中证申万食品饮料ETF,中证申万食品饮料,2026,177,0.0618,
516910.SH,富国中证现代物流ETF,中证现代物流,2021,138,0.1354,
516910.SH,富国中证现代物流ETF,中证现代物流,2022,242,0.2622,
516910.SH,富国中证现代物流ETF,中证现代物流,2023,242,0.2858,
516910.SH,富国中证现代物流ETF,中证现代物流,2024,242,0.1825,
516910.SH,富国中证现代物流ETF,中证现代物流,2025,243,0.1499,
516910.SH,富国中证现代物流ETF,中证现代物流,2026,177,0.2052,
516920.SH,汇添富中证芯片产业ETF,中证芯片产业,2021,93,0.1481,
516920.SH,汇添富中证芯片产业ETF,中证芯片产业,2022,242,0.0844,
516920.SH,汇添富中证芯片产业ETF,中证芯片产业,2023,242,0.1255,
516920.SH,汇添富中证芯片产业ETF,中证芯片产业,2024,242,0.1422,
516920.SH,汇添富中证芯片产业ETF,中证芯片产业,2025,243,0.2951,
516920.SH,汇添富中证芯片产业ETF,中证芯片产业,2026,177,0.5384,Y
516930.SH,民生加银中证生物科技主题ETF,中证生物科技主题,2021,91,0.0546,
516930.SH,民生加银中证生物科技主题ETF,中证生物科技主题,2022,242,0.0324,
516930.SH,民生加银中证生物科技主题ETF,中证生物科技主题,2023,242,0.0221,
516930.SH,民生加银中证生物科技主题ETF,中证生物科技主题,2024,242,0.0113,
516930.SH,民生加银中证生物科技主题ETF,中证生物科技主题,2025,243,0.0088,
516930.SH,民生加银中证生物科技主题ETF,中证生物科技主题,2026,177,0.0091,
516950.SH,银华中证基建ETF,中证基建,2021,158,0.3974,
516950.SH,银华中证基建ETF,中证基建,2022,242,0.9785,Y
516950.SH,银华中证基建ETF,中证基建,2023,242,0.7573,Y
516950.SH,银华中证基建ETF,中证基建,2024,242,0.3896,
516950.SH,银华中证基建ETF,中证基建,2025,243,0.3704,
516950.SH,银华中证基建ETF,中证基建,2026,177,0.1299,
516960.SH,国泰中证细分机械设备产业主题ETF,中证细分机械设备产业主题,2021,163,0.2278,
516960.SH,国泰中证细分机械设备产业主题ETF,中证细分机械设备产业主题,2022,242,0.202,
516960.SH,国泰中证细分机械设备产业主题ETF,中证细分机械设备产业主题,2023,242,0.09,
516960.SH,国泰中证细分机械设备产业主题ETF,中证细分机械设备产业主题,2024,242,0.017,
516960.SH,国泰中证细分机械设备产业主题ETF,中证细分机械设备产业主题,2025,243,0.0092,
516960.SH,国泰中证细分机械设备产业主题ETF,中证细分机械设备产业主题,2026,177,0.0096,
516970.SH,广发中证基建工程ETF,中证基建工程,2021,123,0.895,Y
516970.SH,广发中证基建工程ETF,中证基建工程,2022,242,2.2181,Y
516970.SH,广发中证基建工程ETF,中证基建工程,2023,242,1.7076,Y
516970.SH,广发中证基建工程ETF,中证基建工程,2024,242,0.7956,Y
516970.SH,广发中证基建工程ETF,中证基建工程,2025,243,0.7337,Y
516970.SH,广发中证基建工程ETF,中证基建工程,2026,177,0.5687,Y
516980.SH,华富中证证券公司先锋策略ETF,中证证券公司先锋策略,2021,130,0.0559,
516980.SH,华富中证证券公司先锋策略ETF,中证证券公司先锋策略,2022,241,0.0069,
516980.SH,华富中证证券公司先锋策略ETF,中证证券公司先锋策略,2023,240,0.0114,
516980.SH,华富中证证券公司先锋策略ETF,中证证券公司先锋策略,2024,242,0.0171,
516980.SH,华富中证证券公司先锋策略ETF,中证证券公司先锋策略,2025,243,0.0278,
516980.SH,华富中证证券公司先锋策略ETF,中证证券公司先锋策略,2026,177,0.0395,
517000.SH,银华中证沪港深500ETF,中证沪港深500,2021,204,0.0978,
517000.SH,银华中证沪港深500ETF,中证沪港深500,2022,242,0.0519,
517000.SH,银华中证沪港深500ETF,中证沪港深500,2023,242,0.031,
517000.SH,银华中证沪港深500ETF,中证沪港深500,2024,242,0.0179,
517000.SH,银华中证沪港深500ETF,中证沪港深500,2025,243,0.0246,
517000.SH,银华中证沪港深500ETF,中证沪港深500,2026,177,0.0147,
517010.SH,易方达中证沪港深500ETF,中证沪港深500,2021,95,0.0358,
517010.SH,易方达中证沪港深500ETF,中证沪港深500,2022,242,0.0053,
517010.SH,易方达中证沪港深500ETF,中证沪港深500,2023,242,0.0204,
517010.SH,易方达中证沪港深500ETF,中证沪港深500,2024,241,0.0135,
517010.SH,易方达中证沪港深500ETF,中证沪港深500,2025,243,0.017,
517010.SH,易方达中证沪港深500ETF,中证沪港深500,2026,177,0.0238,
517030.SH,易方达中证沪港深300ETF,中证沪港深300,2021,65,0.0536,
517030.SH,易方达中证沪港深300ETF,中证沪港深300,2022,241,0.0106,
517030.SH,易方达中证沪港深300ETF,中证沪港深300,2023,242,0.0136,
517030.SH,易方达中证沪港深300ETF,中证沪港深300,2024,242,0.0163,
517030.SH,易方达中证沪港深300ETF,中证沪港深300,2025,243,0.0083,
517030.SH,易方达中证沪港深300ETF,中证沪港深300,2026,177,0.0058,
517050.SH,华泰柏瑞中证沪港深互联网ETF,中证沪港深互联网,2021,218,0.1554,
517050.SH,华泰柏瑞中证沪港深互联网ETF,中证沪港深互联网,2022,242,0.117,
517050.SH,华泰柏瑞中证沪港深互联网ETF,中证沪港深互联网,2023,242,0.0976,
517050.SH,华泰柏瑞中证沪港深互联网ETF,中证沪港深互联网,2024,242,0.0426,
517050.SH,华泰柏瑞中证沪港深互联网ETF,中证沪港深互联网,2025,243,0.0633,
517050.SH,华泰柏瑞中证沪港深互联网ETF,中证沪港深互联网,2026,177,0.0325,
517060.SH,华宝中证沪港深500ETF,中证沪港深500,2021,189,0.0238,
517080.SH,汇添富中证沪港深500ETF,中证沪港深500,2021,213,0.1655,
517080.SH,汇添富中证沪港深500ETF,中证沪港深500,2022,242,0.0735,
517080.SH,汇添富中证沪港深500ETF,中证沪港深500,2023,242,0.0543,
517080.SH,汇添富中证沪港深500ETF,中证沪港深500,2024,242,0.0356,
517080.SH,汇添富中证沪港深500ETF,中证沪港深500,2025,243,0.0269,
517080.SH,汇添富中证沪港深500ETF,中证沪港深500,2026,177,0.0158,
517090.SH,国泰富时中国国企开放共赢ETF,富时中国国企开放共赢,2022,242,0.05,
517090.SH,国泰富时中国国企开放共赢ETF,富时中国国企开放共赢,2023,242,0.2818,
517090.SH,国泰富时中国国企开放共赢ETF,富时中国国企开放共赢,2024,242,0.3151,
517090.SH,国泰富时中国国企开放共赢ETF,富时中国国企开放共赢,2025,243,0.1405,
517090.SH,国泰富时中国国企开放共赢ETF,富时中国国企开放共赢,2026,177,0.0834,
517100.SH,富国中证沪港深500ETF,中证沪港深500,2021,207,0.0621,
517100.SH,富国中证沪港深500ETF,中证沪港深500,2022,242,0.0339,
517110.SH,国泰中证沪港深创新药产业ETF,中证沪港深创新药产业,2021,62,0.2429,
517110.SH,国泰中证沪港深创新药产业ETF,中证沪港深创新药产业,2022,242,0.15,
517110.SH,国泰中证沪港深创新药产业ETF,中证沪港深创新药产业,2023,242,0.0635,
517110.SH,国泰中证沪港深创新药产业ETF,中证沪港深创新药产业,2024,242,0.0273,
517110.SH,国泰中证沪港深创新药产业ETF,中证沪港深创新药产业,2025,243,0.0884,
517110.SH,国泰中证沪港深创新药产业ETF,中证沪港深创新药产业,2026,177,0.2755,
517120.SH,华泰柏瑞中证沪港深创新药产业ETF,中证沪港深创新药产业,2021,113,0.0893,
517120.SH,华泰柏瑞中证沪港深创新药产业ETF,中证沪港深创新药产业,2022,242,0.0998,
517120.SH,华泰柏瑞中证沪港深创新药产业ETF,中证沪港深创新药产业,2023,242,0.0992,
517120.SH,华泰柏瑞中证沪港深创新药产业ETF,中证沪港深创新药产业,2024,242,0.0602,
517120.SH,华泰柏瑞中证沪港深创新药产业ETF,中证沪港深创新药产业,2025,243,0.0961,
517120.SH,华泰柏瑞中证沪港深创新药产业ETF,中证沪港深创新药产业,2026,177,0.1944,
517130.SH,嘉实中证沪港深云计算产业ETF,中证沪港深云计算产业,2026,82,0.1265,
517160.SH,南方中证长江保护主题ETF,中证长江保护主题,2022,241,0.0197,
517160.SH,南方中证长江保护主题ETF,中证长江保护主题,2023,242,0.0165,
517160.SH,南方中证长江保护主题ETF,中证长江保护主题,2024,240,0.0129,
517160.SH,南方中证长江保护主题ETF,中证长江保护主题,2025,242,0.0029,
517160.SH,南方中证长江保护主题ETF,中证长江保护主题,2026,177,0.0049,
517170.SH,华夏中证沪港深500ETF,中证沪港深500,2021,173,0.0266,
517170.SH,华夏中证沪港深500ETF,中证沪港深500,2022,239,0.0119,
517170.SH,华夏中证沪港深500ETF,中证沪港深500,2023,239,0.0131,
517170.SH,华夏中证沪港深500ETF,中证沪港深500,2024,240,0.0057,
517170.SH,华夏中证沪港深500ETF,中证沪港深500,2025,243,0.0053,
517170.SH,华夏中证沪港深500ETF,中证沪港深500,2026,177,0.0063,
517180.SH,南方富时中国国企开放共赢ETF,富时中国国企开放共赢,2022,242,0.0538,
517180.SH,南方富时中国国企开放共赢ETF,富时中国国企开放共赢,2023,242,0.4637,
517180.SH,南方富时中国国企开放共赢ETF,富时中国国企开放共赢,2024,242,0.6875,Y
517180.SH,南方富时中国国企开放共赢ETF,富时中国国企开放共赢,2025,243,0.2706,
517180.SH,南方富时中国国企开放共赢ETF,富时中国国企开放共赢,2026,177,0.1115,
517200.SH,嘉实中证沪港深互联网ETF,中证沪港深互联网,2021,218,0.0732,
517200.SH,嘉实中证沪港深互联网ETF,中证沪港深互联网,2022,242,0.0379,
517200.SH,嘉实中证沪港深互联网ETF,中证沪港深互联网,2023,242,0.0347,
517200.SH,嘉实中证沪港深互联网ETF,中证沪港深互联网,2024,242,0.0228,
517200.SH,嘉实中证沪港深互联网ETF,中证沪港深互联网,2025,243,0.027,
517200.SH,嘉实中证沪港深互联网ETF,中证沪港深互联网,2026,177,0.0235,
517270.SH,浦银安盛中证沪港深科技龙头ETF,中证沪港深科技龙头,2022,236,0.0551,
517270.SH,浦银安盛中证沪港深科技龙头ETF,中证沪港深科技龙头,2023,242,0.0159,
517280.SH,天弘中证沪港深线上消费主题ETF,中证沪港深线上消费主题,2022,242,0.151,
517280.SH,天弘中证沪港深线上消费主题ETF,中证沪港深线上消费主题,2023,242,0.1417,
517280.SH,天弘中证沪港深线上消费主题ETF,中证沪港深线上消费主题,2024,122,0.0726,
517300.SH,国寿安保中证沪港深300ETF,中证沪港深300,2021,211,0.1086,
517300.SH,国寿安保中证沪港深300ETF,中证沪港深300,2022,242,0.0281,
517300.SH,国寿安保中证沪港深300ETF,中证沪港深300,2023,242,0.0191,
517300.SH,国寿安保中证沪港深300ETF,中证沪港深300,2024,242,0.0233,
517300.SH,国寿安保中证沪港深300ETF,中证沪港深300,2025,243,0.0263,
517300.SH,国寿安保中证沪港深300ETF,中证沪港深300,2026,177,0.1087,
517330.SH,易方达中证长江保护主题ETF,中证长江保护主题,2022,241,0.0191,
517330.SH,易方达中证长江保护主题ETF,中证长江保护主题,2023,241,0.0169,
517330.SH,易方达中证长江保护主题ETF,中证长江保护主题,2024,240,0.0104,
517330.SH,易方达中证长江保护主题ETF,中证长江保护主题,2025,242,0.0024,
517330.SH,易方达中证长江保护主题ETF,中证长江保护主题,2026,177,0.004,
517350.SH,广发中证沪港深科技龙头ETF,中证沪港深科技龙头,2021,144,0.0362,
517350.SH,广发中证沪港深科技龙头ETF,中证沪港深科技龙头,2022,242,0.0197,
517350.SH,广发中证沪港深科技龙头ETF,中证沪港深科技龙头,2023,242,0.0118,
517350.SH,广发中证沪港深科技龙头ETF,中证沪港深科技龙头,2024,242,0.0111,
517350.SH,广发中证沪港深科技龙头ETF,中证沪港深科技龙头,2025,243,0.0182,
517350.SH,广发中证沪港深科技龙头ETF,中证沪港深科技龙头,2026,177,0.014,
517360.SH,华安中证沪港深科技100ETF,中证沪港深科技100,2021,123,0.046,
517360.SH,华安中证沪港深科技100ETF,中证沪港深科技100,2022,242,0.0188,
517360.SH,华安中证沪港深科技100ETF,中证沪港深科技100,2023,242,0.0178,
517360.SH,华安中证沪港深科技100ETF,中证沪港深科技100,2024,242,0.0144,
517360.SH,华安中证沪港深科技100ETF,中证沪港深科技100,2025,243,0.0113,
517360.SH,华安中证沪港深科技100ETF,中证沪港深科技100,2026,177,0.0043,
517380.SH,天弘恒生沪深港创新药精选50ETF,恒生沪深港创新药精选50,2021,98,0.1381,
517380.SH,天弘恒生沪深港创新药精选50ETF,恒生沪深港创新药精选50,2022,242,0.0758,
517380.SH,天弘恒生沪深港创新药精选50ETF,恒生沪深港创新药精选50,2023,242,0.0714,
517380.SH,天弘恒生沪深港创新药精选50ETF,恒生沪深港创新药精选50,2024,242,0.0511,
517380.SH,天弘恒生沪深港创新药精选50ETF,恒生沪深港创新药精选50,2025,243,0.2271,
517380.SH,天弘恒生沪深港创新药精选50ETF,恒生沪深港创新药精选50,2026,177,0.6015,Y
517390.SH,天弘中证沪港深云计算产业ETF,中证沪港深云计算产业,2022,242,0.0809,
517390.SH,天弘中证沪港深云计算产业ETF,中证沪港深云计算产业,2023,242,0.0417,
517390.SH,天弘中证沪港深云计算产业ETF,中证沪港深云计算产业,2024,242,0.0333,
517390.SH,天弘中证沪港深云计算产业ETF,中证沪港深云计算产业,2025,243,0.2162,
517390.SH,天弘中证沪港深云计算产业ETF,中证沪港深云计算产业,2026,177,0.1269,
517400.SH,国泰中证沪深港黄金产业股票ETF,中证沪深港黄金产业股票,2024,162,0.078,
517400.SH,国泰中证沪深港黄金产业股票ETF,中证沪深港黄金产业股票,2025,243,0.2025,
517400.SH,国泰中证沪深港黄金产业股票ETF,中证沪深港黄金产业股票,2026,177,0.9108,Y
517500.SH,国泰中证沪港深动漫游戏ETF,中证沪港深动漫游戏,2022,197,0.0484,
517500.SH,国泰中证沪港深动漫游戏ETF,中证沪港深动漫游戏,2023,208,0.0396,
517520.SH,永赢中证沪深港黄金产业股票ETF,中证沪深港黄金产业股票,2024,242,0.7448,Y
517520.SH,永赢中证沪深港黄金产业股票ETF,中证沪深港黄金产业股票,2025,243,3.0008,Y
517520.SH,永赢中证沪深港黄金产业股票ETF,中证沪深港黄金产业股票,2026,177,7.0961,Y
517550.SH,招商中证沪港深消费龙头ETF,中证沪港深消费龙头,2022,222,0.0321,
517550.SH,招商中证沪港深消费龙头ETF,中证沪港深消费龙头,2023,242,0.0349,
517550.SH,招商中证沪港深消费龙头ETF,中证沪港深消费龙头,2024,242,0.0197,
517550.SH,招商中证沪港深消费龙头ETF,中证沪港深消费龙头,2025,243,0.0417,
517550.SH,招商中证沪港深消费龙头ETF,中证沪港深消费龙头,2026,177,0.0521,
517660.SH,天弘中证沪港深物联网主题ETF,中证沪港深物联网主题,2022,242,0.0893,
517660.SH,天弘中证沪港深物联网主题ETF,中证沪港深物联网主题,2023,242,0.0808,
517660.SH,天弘中证沪港深物联网主题ETF,中证沪港深物联网主题,2024,242,0.0495,
517660.SH,天弘中证沪港深物联网主题ETF,中证沪港深物联网主题,2025,243,0.0108,
517660.SH,天弘中证沪港深物联网主题ETF,中证沪港深物联网主题,2026,177,0.0204,
517760.SH,浦银安盛中证沪港深消费龙头ETF,中证沪港深消费龙头,2022,173,0.0407,
517760.SH,浦银安盛中证沪港深消费龙头ETF,中证沪港深消费龙头,2023,241,0.0155,
517770.SH,浦银中证沪港深游戏及文化传媒ETF,中证沪港深游戏及文化传媒,2022,242,0.0456,
517770.SH,浦银中证沪港深游戏及文化传媒ETF,中证沪港深游戏及文化传媒,2023,242,0.0218,
517770.SH,浦银中证沪港深游戏及文化传媒ETF,中证沪港深游戏及文化传媒,2024,242,0.0273,
517770.SH,浦银中证沪港深游戏及文化传媒ETF,中证沪港深游戏及文化传媒,2025,243,0.0435,
517770.SH,浦银中证沪港深游戏及文化传媒ETF,中证沪港深游戏及文化传媒,2026,177,0.1675,
517780.SH,浦银安盛中华交易服务沪深港300ETF,中华交易服务沪深港300,2022,191,0.0304,
517800.SH,方正富邦中证沪港深人工智能50ETF,中证沪港深人工智能50,2021,85,0.0268,
517800.SH,方正富邦中证沪港深人工智能50ETF,中证沪港深人工智能50,2022,242,0.0066,
517800.SH,方正富邦中证沪港深人工智能50ETF,中证沪港深人工智能50,2023,242,0.0242,
517800.SH,方正富邦中证沪港深人工智能50ETF,中证沪港深人工智能50,2024,242,0.053,
517800.SH,方正富邦中证沪港深人工智能50ETF,中证沪港深人工智能50,2025,243,0.1575,
517800.SH,方正富邦中证沪港深人工智能50ETF,中证沪港深人工智能50,2026,177,0.1333,
517850.SH,汇添富中证沪港深张江自主创新50ETF,中证沪港深张江自主创新50,2022,158,0.1298,
517850.SH,汇添富中证沪港深张江自主创新50ETF,中证沪港深张江自主创新50,2023,242,0.0267,
517850.SH,汇添富中证沪港深张江自主创新50ETF,中证沪港深张江自主创新50,2024,242,0.0151,
517850.SH,汇添富中证沪港深张江自主创新50ETF,中证沪港深张江自主创新50,2025,243,0.0177,
517850.SH,汇添富中证沪港深张江自主创新50ETF,中证沪港深张江自主创新50,2026,177,0.0127,
517880.SH,华泰柏瑞中证沪港深品牌消费50ETF,中证沪港深品牌消费50,2022,242,0.0552,
517880.SH,华泰柏瑞中证沪港深品牌消费50ETF,中证沪港深品牌消费50,2023,242,0.0667,
517880.SH,华泰柏瑞中证沪港深品牌消费50ETF,中证沪港深品牌消费50,2024,242,0.0501,
517880.SH,华泰柏瑞中证沪港深品牌消费50ETF,中证沪港深品牌消费50,2025,242,0.0226,
517880.SH,华泰柏瑞中证沪港深品牌消费50ETF,中证沪港深品牌消费50,2026,177,0.0389,
517900.SH,招商中证银行AH价格优选ETF,中证银行AH价格优选,2022,189,0.0238,
517900.SH,招商中证银行AH价格优选ETF,中证银行AH价格优选,2023,242,0.0048,
517900.SH,招商中证银行AH价格优选ETF,中证银行AH价格优选,2024,242,0.0218,
517900.SH,招商中证银行AH价格优选ETF,中证银行AH价格优选,2025,243,0.3519,
517900.SH,招商中证银行AH价格优选ETF,中证银行AH价格优选,2026,177,0.3439,
517950.SH,交银中证智选沪深港科技50ETF,中证智选沪深港科技50,2026,177,0.0974,
517960.SH,摩根中证沪港深科技100ETF,中证沪港深科技100,2022,242,0.042,
517960.SH,摩根中证沪港深科技100ETF,中证沪港深科技100,2023,238,0.0058,
517960.SH,摩根中证沪港深科技100ETF,中证沪港深科技100,2024,119,0.0096,
517990.SH,招商中证沪港深500医药卫生ETF,中证沪港深500医药卫生,2022,155,0.0406,
517990.SH,招商中证沪港深500医药卫生ETF,中证沪港深500医药卫生,2023,242,0.018,
517990.SH,招商中证沪港深500医药卫生ETF,中证沪港深500医药卫生,2024,242,0.0141,
517990.SH,招商中证沪港深500医药卫生ETF,中证沪港深500医药卫生,2025,243,0.0186,
517990.SH,招商中证沪港深500医药卫生ETF,中证沪港深500医药卫生,2026,177,0.0209,
518600.SH,广发上海金ETF,合约代码:SHAU)的午盘基准价格,2020,101,0.2405,
518600.SH,广发上海金ETF,合约代码:SHAU)的午盘基准价格,2021,243,0.0372,
518600.SH,广发上海金ETF,合约代码:SHAU)的午盘基准价格,2022,242,0.0306,
518600.SH,广发上海金ETF,合约代码:SHAU)的午盘基准价格,2023,242,0.027,
518600.SH,广发上海金ETF,合约代码:SHAU)的午盘基准价格,2024,242,0.1583,
518600.SH,广发上海金ETF,合约代码:SHAU)的午盘基准价格,2025,243,1.2271,Y
518600.SH,广发上海金ETF,合约代码:SHAU)的午盘基准价格,2026,177,3.6346,Y
518660.SH,工银瑞信黄金ETF,上海黄金交易所Au99.99现货实盘合约收盘价,2020,147,0.255,
518660.SH,工银瑞信黄金ETF,上海黄金交易所Au99.99现货实盘合约收盘价,2021,243,0.0321,
518660.SH,工银瑞信黄金ETF,上海黄金交易所Au99.99现货实盘合约收盘价,2022,242,0.0403,
518660.SH,工银瑞信黄金ETF,上海黄金交易所Au99.99现货实盘合约收盘价,2023,242,0.0486,
518660.SH,工银瑞信黄金ETF,上海黄金交易所Au99.99现货实盘合约收盘价,2024,242,0.1346,
518660.SH,工银瑞信黄金ETF,上海黄金交易所Au99.99现货实盘合约收盘价,2025,243,1.8995,Y
518660.SH,工银瑞信黄金ETF,上海黄金交易所Au99.99现货实盘合约收盘价,2026,177,3.3744,Y
518680.SH,富国上海金ETF,上海黄金交易所上海金集中定价合约,2020,107,0.1464,
518680.SH,富国上海金ETF,上海黄金交易所上海金集中定价合约,2021,243,0.0378,
518680.SH,富国上海金ETF,上海黄金交易所上海金集中定价合约,2022,242,0.1486,
518680.SH,富国上海金ETF,上海黄金交易所上海金集中定价合约,2023,242,0.2291,
518680.SH,富国上海金ETF,上海黄金交易所上海金集中定价合约,2024,242,0.1505,
518680.SH,富国上海金ETF,上海黄金交易所上海金集中定价合约,2025,243,1.5574,Y
518680.SH,富国上海金ETF,上海黄金交易所上海金集中定价合约,2026,177,3.067,Y
518800.SH,国泰黄金ETF,Au99.99合约,2013,105,0.0453,
518800.SH,国泰黄金ETF,Au99.99合约,2014,245,0.013,
518800.SH,国泰黄金ETF,Au99.99合约,2015,244,0.0754,
518800.SH,国泰黄金ETF,Au99.99合约,2016,244,0.6795,Y
518800.SH,国泰黄金ETF,Au99.99合约,2017,244,1.1773,Y
518800.SH,国泰黄金ETF,Au99.99合约,2018,243,0.8306,Y
518800.SH,国泰黄金ETF,Au99.99合约,2019,244,1.2035,Y
518800.SH,国泰黄金ETF,Au99.99合约,2020,243,1.9003,Y
518800.SH,国泰黄金ETF,Au99.99合约,2021,243,1.79,Y
518800.SH,国泰黄金ETF,Au99.99合约,2022,242,1.7391,Y
518800.SH,国泰黄金ETF,Au99.99合约,2023,242,1.5972,Y
518800.SH,国泰黄金ETF,Au99.99合约,2024,242,1.5008,Y
518800.SH,国泰黄金ETF,Au99.99合约,2025,243,3.0698,Y
518800.SH,国泰黄金ETF,Au99.99合约,2026,177,6.4914,Y
518850.SH,华夏黄金ETF,上海黄金交易所黄金现货实盘合约Au99.99价格,2020,142,0.1205,
518850.SH,华夏黄金ETF,上海黄金交易所黄金现货实盘合约Au99.99价格,2021,243,0.0557,
518850.SH,华夏黄金ETF,上海黄金交易所黄金现货实盘合约Au99.99价格,2022,242,0.0833,
518850.SH,华夏黄金ETF,上海黄金交易所黄金现货实盘合约Au99.99价格,2023,242,0.0978,
518850.SH,华夏黄金ETF,上海黄金交易所黄金现货实盘合约Au99.99价格,2024,242,0.2868,
518850.SH,华夏黄金ETF,上海黄金交易所黄金现货实盘合约Au99.99价格,2025,243,4.0132,Y
518850.SH,华夏黄金ETF,上海黄金交易所黄金现货实盘合约Au99.99价格,2026,177,6.8975,Y
518860.SH,建信上海金ETF,合约代码:SHAU)的午盘基准价的,2020,77,0.0214,
518860.SH,建信上海金ETF,合约代码:SHAU)的午盘基准价的,2021,241,0.0016,
518860.SH,建信上海金ETF,合约代码:SHAU)的午盘基准价的,2022,239,0.0027,
518860.SH,建信上海金ETF,合约代码:SHAU)的午盘基准价的,2023,242,0.0046,
518860.SH,建信上海金ETF,合约代码:SHAU)的午盘基准价的,2024,242,0.026,
518860.SH,建信上海金ETF,合约代码:SHAU)的午盘基准价的,2025,243,0.4384,
518860.SH,建信上海金ETF,合约代码:SHAU)的午盘基准价的,2026,177,0.5266,Y
518880.SH,华安易富黄金ETF,Au99.99合约,2013,105,0.2691,
518880.SH,华安易富黄金ETF,Au99.99合约,2014,245,0.2743,
518880.SH,华安易富黄金ETF,Au99.99合约,2015,244,0.4987,
518880.SH,华安易富黄金ETF,Au99.99合约,2016,244,4.234,Y
518880.SH,华安易富黄金ETF,Au99.99合约,2017,244,11.7257,Y
518880.SH,华安易富黄金ETF,Au99.99合约,2018,243,10.4872,Y
518880.SH,华安易富黄金ETF,Au99.99合约,2019,244,10.847,Y
518880.SH,华安易富黄金ETF,Au99.99合约,2020,243,16.9699,Y
518880.SH,华安易富黄金ETF,Au99.99合约,2021,243,12.3536,Y
518880.SH,华安易富黄金ETF,Au99.99合约,2022,242,8.254,Y
518880.SH,华安易富黄金ETF,Au99.99合约,2023,242,6.8568,Y
518880.SH,华安易富黄金ETF,Au99.99合约,2024,242,12.819,Y
518880.SH,华安易富黄金ETF,Au99.99合约,2025,243,39.3682,Y
518880.SH,华安易富黄金ETF,Au99.99合约,2026,177,56.9987,Y
518890.SH,中银上海金ETF,上海黄金交易所上海金集中定价合约,2020,63,0.0524,
518890.SH,中银上海金ETF,上海黄金交易所上海金集中定价合约,2021,243,0.0234,
518890.SH,中银上海金ETF,上海黄金交易所上海金集中定价合约,2022,242,0.0422,
518890.SH,中银上海金ETF,上海黄金交易所上海金集中定价合约,2023,242,0.0403,
518890.SH,中银上海金ETF,上海黄金交易所上海金集中定价合约,2024,242,0.0488,
518890.SH,中银上海金ETF,上海黄金交易所上海金集中定价合约,2025,243,0.3652,
518890.SH,中银上海金ETF,上海黄金交易所上海金集中定价合约,2026,177,0.8082,Y
520500.SH,华泰柏瑞恒生创新药ETF(QDII),恒生创新药,2025,243,6.2306,Y
520500.SH,华泰柏瑞恒生创新药ETF(QDII),恒生创新药,2026,177,11.8579,Y
520510.SH,华夏中证港股通医疗主题ETF,中证港股通医疗主题,2025,99,0.6543,Y
520510.SH,华夏中证港股通医疗主题ETF,中证港股通医疗主题,2026,177,1.59,Y
520520.SH,华泰柏瑞恒生消费ETF(QDII),恒生消费,2025,243,0.2888,
520520.SH,华泰柏瑞恒生消费ETF(QDII),恒生消费,2026,177,0.0637,
520530.SH,东财中证港股通科技ETF,中证港股通科技,2026,177,0.3221,
520550.SH,招商恒生港股通红利低波动ETF,恒生港股通红利低波动,2025,227,0.5094,Y
520550.SH,招商恒生港股通红利低波动ETF,恒生港股通红利低波动,2026,177,0.5456,Y
520560.SH,华宝港股通恒生中国(香港上市)30ETF,香港上市)30,2026,177,0.1239,
520570.SH,南方恒生科技ETF(QDII),恒生科技,2026,177,1.2202,Y
520580.SH,招商利安新兴亚洲精选ETF(QDII),新交所新兴亚洲精选50,2025,214,2.2742,Y
520580.SH,招商利安新兴亚洲精选ETF(QDII),新交所新兴亚洲精选50,2026,177,0.1958,
520590.SH,鹏华恒生科技ETF(QDII),恒生科技,2026,177,0.3233,
520600.SH,广发中证港股通汽车产业主题ETF,中证港股通汽车产业主题,2025,243,3.5316,Y
520600.SH,广发中证港股通汽车产业主题ETF,中证港股通汽车产业主题,2026,177,1.9612,Y
520610.SH,银华标普港股通低波红利ETF,标普港股通低波红利,2026,152,0.1047,
520620.SH,嘉实恒生消费ETF,经估值汇率调整后的恒生消费,2025,91,0.2679,
520620.SH,嘉实恒生消费ETF,经估值汇率调整后的恒生消费,2026,177,0.1004,
520630.SH,广发中证港股通互联网ETF,中证港股通互联网,2026,177,0.1994,
520650.SH,南方中证港股通互联网ETF,中证港股通互联网,2026,177,0.9278,Y
520660.SH,南方中证国新港股通央企红利ETF,中证国新港股通央企红利,2024,118,0.3529,
520660.SH,南方中证国新港股通央企红利ETF,中证国新港股通央企红利,2025,243,0.4732,
520660.SH,南方中证国新港股通央企红利ETF,中证国新港股通央企红利,2026,177,1.0521,Y
520670.SH,嘉实恒生港股通科技主题ETF,经估值汇率调整后的恒生港股通科技主题,2025,91,0.3269,
520670.SH,嘉实恒生港股通科技主题ETF,经估值汇率调整后的恒生港股通科技主题,2026,177,0.1741,
520680.SH,南方中证港股通汽车产业主题ETF,中证港股通汽车产业主题,2026,125,0.0818,
520690.SH,博时恒生港股通创新药精选ETF,恒生港股通创新药精选,2025,103,0.9631,Y
520690.SH,博时恒生港股通创新药精选ETF,恒生港股通创新药精选,2026,177,0.9742,Y
520700.SH,万家中证港股通创新药ETF,中证港股通创新药,2025,243,2.8716,Y
520700.SH,万家中证港股通创新药ETF,中证港股通创新药,2026,177,3.0825,Y
520710.SH,广发中证港股通信息技术综合ETF,中证港股通信息技术综合,2026,82,0.5621,Y
520720.SH,国泰中证港股通汽车产业主题ETF,中证港股通汽车产业主题,2025,64,0.2458,
520720.SH,国泰中证港股通汽车产业主题ETF,中证港股通汽车产业主题,2026,177,0.3779,
520730.SH,万家恒生港股通汽车主题ETF,恒生港股通汽车主题,2026,93,0.0412,
520760.SH,摩根恒生生物科技ETF,恒生生物科技,2026,143,0.2071,
520770.SH,建信恒指港股通ETF,恒指港股通,2026,162,0.0946,
520780.SH,华宝中证港股通汽车产业主题ETF,经人民币汇率调整的中证港股通汽车产业主题,2026,177,0.2587,
520790.SH,兴业中证港股通互联网ETF,中证港股通互联网,2026,123,0.1588,
520810.SH,易方达中证港股通高股息投资ETF,中证港股通高股息投资,2026,172,0.0643,
520820.SH,汇添富恒指港股通ETF,恒指港股通,2026,177,0.0381,
520830.SH,华泰柏瑞南方东英沙特阿拉伯ETF(QDII),富时沙特阿拉伯,2024,114,2.3314,Y
520830.SH,华泰柏瑞南方东英沙特阿拉伯ETF(QDII),富时沙特阿拉伯,2025,242,4.2347,Y
520830.SH,华泰柏瑞南方东英沙特阿拉伯ETF(QDII),富时沙特阿拉伯,2026,177,0.863,Y
520840.SH,华安恒生港股通科技主题ETF,恒生港股通科技主题,2025,87,1.1261,Y
520840.SH,华安恒生港股通科技主题ETF,恒生港股通科技主题,2026,177,0.7335,Y
520850.SH,易方达中证港股通医疗主题ETF,中证港股通医疗主题,2026,167,0.1851,
520860.SH,富国中证港股通科技ETF,中证港股通科技,2025,108,0.5289,Y
520860.SH,富国中证港股通科技ETF,中证港股通科技,2026,177,0.2575,
520870.SH,易方达伊塔乌巴西IBOVESPAETF(QDII),巴西IBOVESPA,2026,177,1.8267,Y
520880.SH,华宝恒生港股通创新药精选ETF,人民币汇率调整的恒生港股通创新药精选,2025,122,4.0895,Y
520880.SH,华宝恒生港股通创新药精选ETF,人民币汇率调整的恒生港股通创新药精选,2026,177,4.2916,Y
520890.SH,华泰柏瑞恒生港股通红利低波动ETF,恒生港股通红利低波动,2024,68,0.2458,
520890.SH,华泰柏瑞恒生港股通红利低波动ETF,恒生港股通红利低波动,2025,243,0.2132,
520890.SH,华泰柏瑞恒生港股通红利低波动ETF,恒生港股通红利低波动,2026,177,0.3594,
520900.SH,广发中证国新港股通央企红利ETF,中证国新港股通央企红利指数同期,2024,118,0.5907,Y
520900.SH,广发中证国新港股通央企红利ETF,中证国新港股通央企红利指数同期,2025,243,0.868,Y
520900.SH,广发中证国新港股通央企红利ETF,中证国新港股通央企红利指数同期,2026,177,0.9678,Y
520910.SH,华夏中证港股通互联网ETF,中证港股通互联网,2026,157,0.3146,
520920.SH,天弘恒生科技ETF(QDII),恒生科技,2025,61,2.3052,Y
520920.SH,天弘恒生科技ETF(QDII),恒生科技,2026,177,2.3693,Y
520930.SH,国泰恒生生物科技ETF,恒生生物科技,2026,147,0.2544,
520940.SH,华安恒指港股通ETF,恒指港股通,2025,142,0.1363,
520940.SH,华安恒指港股通ETF,恒指港股通,2026,177,0.0711,
520950.SH,摩根恒生港股通50ETF,恒生港股通50,2026,177,0.2737,
520960.SH,嘉实恒指港股通ETF,经估值汇率调整后的恒指港股通,2026,177,0.0262,
520970.SH,嘉实中证港股通创新药ETF,中证港股通创新药,2025,99,0.9393,Y
520970.SH,嘉实中证港股通创新药ETF,中证港股通创新药,2026,177,0.899,Y
520980.SH,汇添富恒生港股通中国科技ETF,恒生港股通中国科技,2025,125,4.9039,Y
520980.SH,汇添富恒生港股通中国科技ETF,恒生港股通中国科技,2026,177,4.0268,Y
520990.SH,景顺长城中证国新港股通央企红利ETF,中证国新港股通央企红利,2024,118,0.7958,Y
520990.SH,景顺长城中证国新港股通央企红利ETF,中证国新港股通央企红利,2025,243,1.3596,Y
520990.SH,景顺长城中证国新港股通央企红利ETF,中证国新港股通央企红利,2026,177,1.9062,Y
526000.SH,华夏中证港股通信息技术综合ETF,中证港股通信息技术综合,2026,115,3.8304,Y
526010.SH,汇添富中证港股通医疗主题ETF,中证港股通医疗主题,2026,110,0.1302,
526030.SH,汇添富中证港股通信息技术综合ETF,中证港股通信息技术综合,2026,64,0.4453,
526050.SH,招商中证港股通信息技术综合ETF,中证港股通信息技术综合,2026,101,1.0002,Y
526070.SH,博时恒指港股通ETF,恒指港股通,2026,83,0.0872,
530000.SH,天弘上证50ETF,上证50,2024,71,0.086,
530000.SH,天弘上证50ETF,上证50,2025,243,0.0208,
530000.SH,天弘上证50ETF,上证50,2026,177,0.105,
530050.SH,东财上证50ETF,上证50,2025,243,0.0442,
530050.SH,东财上证50ETF,上证50,2026,177,0.0527,
530060.SH,易方达上证综合ETF,上证综合,2026,151,0.5424,Y
530080.SH,天弘上证180ETF,上证180,2025,228,0.1449,
530080.SH,天弘上证180ETF,上证180,2026,177,0.0689,
530100.SH,易方达上证580ETF,上证580,2026,177,0.0335,
530180.SH,易方达上证180ETF,上证180,2025,243,0.0442,
530180.SH,易方达上证180ETF,上证180,2026,177,0.08,
530280.SH,平安上证180ETF,上证180,2025,227,0.0267,
530280.SH,平安上证180ETF,上证180,2026,177,0.0036,
530300.SH,华泰柏瑞上证180ETF,上证180,2025,237,0.0793,
530300.SH,华泰柏瑞上证180ETF,上证180,2026,177,0.054,
530380.SH,易方达上证380ETF,上证380,2025,61,0.0928,
530380.SH,易方达上证380ETF,上证380,2026,177,0.0422,
530530.SH,华夏上证580ETF,上证580,2025,83,0.0725,
530530.SH,华夏上证580ETF,上证580,2026,177,0.0367,
530580.SH,南方上证180ETF,上证180,2025,239,0.206,
530580.SH,南方上证180ETF,上证180,2026,177,0.1155,
530680.SH,兴业上证180ETF,上证180,2025,239,0.2164,
530680.SH,兴业上证180ETF,上证180,2026,177,0.064,
530800.SH,银华上证180ETF,上证180,2025,226,0.0563,
530800.SH,银华上证180ETF,上证180,2026,177,0.0216,
530880.SH,银河上证国有企业红利ETF,上证国有企业红利,2025,243,0.0366,
530880.SH,银河上证国有企业红利ETF,上证国有企业红利,2026,177,0.031,
551000.SH,博时上证AAA科技创新公司债ETF,上证AAA科技创新公司债,2025,114,22.002,Y
551000.SH,博时上证AAA科技创新公司债ETF,上证AAA科技创新公司债,2026,177,10.6121,Y
551030.SH,鹏华上证AAA科技创新公司债ETF,上证AAA科技创新公司债,2025,114,62.4694,Y
551030.SH,鹏华上证AAA科技创新公司债ETF,上证AAA科技创新公司债,2026,177,71.5726,Y
551060.SH,中银上证AAA科技创新公司债ETF,上证AAA科技创新公司债,2025,65,53.0686,Y
551060.SH,中银上证AAA科技创新公司债ETF,上证AAA科技创新公司债,2026,177,40.981,Y
551300.SH,摩根上证AAA科技创新公司债ETF,上证AAA科技创新公司债,2025,65,40.9488,Y
551300.SH,摩根上证AAA科技创新公司债ETF,上证AAA科技创新公司债,2026,177,22.7331,Y
551500.SH,易方达中证AAA科技创新公司债ETF,中证AAA科技创新公司债,2025,114,57.9279,Y
551500.SH,易方达中证AAA科技创新公司债ETF,中证AAA科技创新公司债,2026,177,55.2699,Y
551510.SH,华泰柏瑞中证AAA科技创新公司债ETF,中证AAA科技创新公司债,2025,65,34.0977,Y
551510.SH,华泰柏瑞中证AAA科技创新公司债ETF,中证AAA科技创新公司债,2026,177,37.4796,Y
551520.SH,汇添富中证AAA科技创新公司债ETF,中证AAA科技创新公司债,2025,65,78.3455,Y
551520.SH,汇添富中证AAA科技创新公司债ETF,中证AAA科技创新公司债,2026,177,54.754,Y
551550.SH,华夏中证AAA科技创新公司债ETF,中证AAA科技创新公司债,2025,114,68.1135,Y
551550.SH,华夏中证AAA科技创新公司债ETF,中证AAA科技创新公司债,2026,177,81.3925,Y
551560.SH,兴业中证AAA科技创新公司债ETF,中证AAA科技创新公司债,2025,65,29.5357,Y
551560.SH,兴业中证AAA科技创新公司债ETF,中证AAA科技创新公司债,2026,177,31.3287,Y
551580.SH,泰康中证AAA科技创新公司债ETF,中证AAA科技创新公司债,2025,65,15.8023,Y
551580.SH,泰康中证AAA科技创新公司债ETF,中证AAA科技创新公司债,2026,177,13.6932,Y
551800.SH,国泰中证AAA科技创新公司债ETF,中证AAA科技创新公司债,2025,65,94.8844,Y
551800.SH,国泰中证AAA科技创新公司债ETF,中证AAA科技创新公司债,2026,177,79.278,Y
551900.SH,招商中证AAA科技创新公司债ETF,中证AAA科技创新公司债,2025,114,63.8408,Y
551900.SH,招商中证AAA科技创新公司债ETF,中证AAA科技创新公司债,2026,177,33.8927,Y
560000.SH,浦银安盛中证智能电动汽车ETF,中证智能电动汽车,2021,62,0.0762,
560000.SH,浦银安盛中证智能电动汽车ETF,中证智能电动汽车,2022,242,0.0366,
560000.SH,浦银安盛中证智能电动汽车ETF,中证智能电动汽车,2023,242,0.022,
560000.SH,浦银安盛中证智能电动汽车ETF,中证智能电动汽车,2024,242,0.0065,
560000.SH,浦银安盛中证智能电动汽车ETF,中证智能电动汽车,2025,243,0.0044,
560000.SH,浦银安盛中证智能电动汽车ETF,中证智能电动汽车,2026,77,0.006,
560010.SH,广发中证1000ETF,中证1000,2022,100,14.8153,Y
560010.SH,广发中证1000ETF,中证1000,2023,242,8.2958,Y
560010.SH,广发中证1000ETF,中证1000,2024,242,4.6621,Y
560010.SH,广发中证1000ETF,中证1000,2025,243,2.3194,Y
560010.SH,广发中证1000ETF,中证1000,2026,177,9.4717,Y
560020.SH,汇添富中证红利ETF,中证红利,2024,242,0.0303,
560020.SH,汇添富中证红利ETF,中证红利,2025,243,0.0171,
560020.SH,汇添富中证红利ETF,中证红利,2026,177,0.0344,
560030.SH,汇添富中证800价值ETF,中证800价值,2023,119,0.0702,
560030.SH,汇添富中证800价值ETF,中证800价值,2024,242,0.0317,
560030.SH,汇添富中证800价值ETF,中证800价值,2025,243,0.0089,
560030.SH,汇添富中证800价值ETF,中证800价值,2026,176,0.0035,
560050.SH,汇添富MSCI中国A50互联互通ETF,MSCI中国A50互联互通人民币,2022,242,6.542,Y
560050.SH,汇添富MSCI中国A50互联互通ETF,MSCI中国A50互联互通人民币,2023,242,1.8746,Y
560050.SH,汇添富MSCI中国A50互联互通ETF,MSCI中国A50互联互通人民币,2024,242,1.2898,Y
560050.SH,汇添富MSCI中国A50互联互通ETF,MSCI中国A50互联互通人民币,2025,243,0.6801,Y
560050.SH,汇添富MSCI中国A50互联互通ETF,MSCI中国A50互联互通人民币,2026,177,0.8317,Y
560060.SH,汇添富中证上海环交所碳中和ETF,中证上海环交所碳中和,2022,111,0.1506,
560060.SH,汇添富中证上海环交所碳中和ETF,中证上海环交所碳中和,2023,242,0.0529,
560060.SH,汇添富中证上海环交所碳中和ETF,中证上海环交所碳中和,2024,242,0.037,
560060.SH,汇添富中证上海环交所碳中和ETF,中证上海环交所碳中和,2025,243,0.0251,
560060.SH,汇添富中证上海环交所碳中和ETF,中证上海环交所碳中和,2026,177,0.0164,
560070.SH,汇添富中证国新央企股东回报ETF,中证国新央企股东回报,2023,141,0.3025,
560070.SH,汇添富中证国新央企股东回报ETF,中证国新央企股东回报,2024,242,0.1488,
560070.SH,汇添富中证国新央企股东回报ETF,中证国新央企股东回报,2025,243,0.0612,
560070.SH,汇添富中证国新央企股东回报ETF,中证国新央企股东回报,2026,177,0.0357,
560080.SH,汇添富中证中药ETF,中证中药,2023,242,0.6381,Y
560080.SH,汇添富中证中药ETF,中证中药,2024,242,0.5689,Y
560080.SH,汇添富中证中药ETF,中证中药,2025,243,0.7018,Y
560080.SH,汇添富中证中药ETF,中证中药,2026,177,0.6539,Y
560090.SH,汇添富中证全指证券公司ETF,中证全指证券公司,2023,196,0.2003,
560090.SH,汇添富中证全指证券公司ETF,中证全指证券公司,2024,242,0.3148,
560090.SH,汇添富中证全指证券公司ETF,中证全指证券公司,2025,243,1.0362,Y
560090.SH,汇添富中证全指证券公司ETF,中证全指证券公司,2026,177,1.2868,Y
560100.SH,南方中证500增强策略ETF,中证500,2022,216,0.2929,
560100.SH,南方中证500增强策略ETF,中证500,2023,242,0.1177,
560100.SH,南方中证500增强策略ETF,中证500,2024,242,0.1147,
560100.SH,南方中证500增强策略ETF,中证500,2025,243,0.0999,
560100.SH,南方中证500增强策略ETF,中证500,2026,177,0.1295,
560110.SH,汇添富中证1000ETF,中证1000,2022,99,2.3028,Y
560110.SH,汇添富中证1000ETF,中证1000,2023,242,0.6809,Y
560110.SH,汇添富中证1000ETF,中证1000,2024,242,0.3382,
560110.SH,汇添富中证1000ETF,中证1000,2025,243,0.2281,
560110.SH,汇添富中证1000ETF,中证1000,2026,177,0.2757,
560120.SH,华夏中证500自由现金流ETF,中证500自由现金流,2025,101,0.0706,
560120.SH,华夏中证500自由现金流ETF,中证500自由现金流,2026,177,0.2777,
560130.SH,鹏华中证全指食品ETF,中证全指食品,2026,171,0.0201,
560150.SH,泰康中证红利低波动ETF,中证红利低波动,2024,181,0.1447,
560150.SH,泰康中证红利低波动ETF,中证红利低波动,2025,243,0.1492,
560150.SH,泰康中证红利低波动ETF,中证红利低波动,2026,177,0.09,
560160.SH,易方达中证全指食品ETF,中证全指食品,2026,161,0.0441,
560170.SH,南方中证国新央企科技引领ETF,中证国新央企科技引领,2023,121,0.7269,Y
560170.SH,南方中证国新央企科技引领ETF,中证国新央企科技引领,2024,242,0.6073,Y
560170.SH,南方中证国新央企科技引领ETF,中证国新央企科技引领,2025,243,0.3205,
560170.SH,南方中证国新央企科技引领ETF,中证国新央企科技引领,2026,177,0.4814,
560180.SH,南方沪深300ESG基准ETF,沪深300ESG基准,2023,170,0.134,
560180.SH,南方沪深300ESG基准ETF,沪深300ESG基准,2024,242,0.0925,
560180.SH,南方沪深300ESG基准ETF,沪深300ESG基准,2025,243,0.0722,
560180.SH,南方沪深300ESG基准ETF,沪深300ESG基准,2026,177,0.0388,
560190.SH,鹏华中证全指公用事业ETF,中证全指公用事业,2025,241,0.019,
560190.SH,鹏华中证全指公用事业ETF,中证全指公用事业,2026,177,0.0143,
560210.SH,景顺长城中证全指农牧渔ETF,中证全指农牧渔,2026,129,0.1127,
560220.SH,广发中证2000ETF,中证2000,2023,69,0.1202,
560220.SH,广发中证2000ETF,中证2000,2024,242,0.0388,
560220.SH,广发中证2000ETF,中证2000,2025,243,0.024,
560220.SH,广发中证2000ETF,中证2000,2026,177,0.05,
560230.SH,富国中证光伏产业ETF,中证光伏产业,2026,153,0.1025,
560250.SH,富国中证全指红利质量ETF,中证全指红利质量,2026,88,0.0623,
560260.SH,广发中证医疗ETF,中证医疗,2023,70,0.2182,
560260.SH,广发中证医疗ETF,中证医疗,2024,242,0.1227,
560260.SH,广发中证医疗ETF,中证医疗,2025,243,0.1462,
560260.SH,广发中证医疗ETF,中证医疗,2026,177,0.0987,
560270.SH,工银瑞信中证全指电力公用事业ETF,中证全指电力公用事业,2026,139,0.1623,
560280.SH,广发中证工程机械主题ETF,中证工程机械主题,2024,242,0.1074,
560280.SH,广发中证工程机械主题ETF,中证工程机械主题,2025,243,0.2994,
560280.SH,广发中证工程机械主题ETF,中证工程机械主题,2026,177,1.8107,Y
560290.SH,景顺长城中证有色金属矿业主题ETF,中证有色金属矿业主题,2026,153,0.1247,
560300.SH,汇添富中证电信主题ETF,中证电信主题,2024,242,0.0439,
560300.SH,汇添富中证电信主题ETF,中证电信主题,2025,243,0.0403,
560300.SH,汇添富中证电信主题ETF,中证电信主题,2026,177,0.0228,
560310.SH,博时中证光伏产业ETF,中证光伏产业,2026,143,0.045,
560320.SH,富国中证全指食品ETF,中证全指食品,2026,95,0.0647,
560330.SH,申万菱信沪深300价值ETF,沪深300价值,2023,151,0.1237,
560330.SH,申万菱信沪深300价值ETF,沪深300价值,2024,242,0.0753,
560330.SH,申万菱信沪深300价值ETF,沪深300价值,2025,243,0.0349,
560330.SH,申万菱信沪深300价值ETF,沪深300价值,2026,177,0.0164,
560350.SH,摩根中证A50ETF,中证A50,2024,198,2.2846,Y
560350.SH,摩根中证A50ETF,中证A50,2025,243,0.9088,Y
560350.SH,摩根中证A50ETF,中证A50,2026,177,0.383,
560360.SH,万家中证软件服务ETF,中证软件服务,2024,130,0.0757,
560360.SH,万家中证软件服务ETF,中证软件服务,2025,243,0.0986,
560360.SH,万家中证软件服务ETF,中证软件服务,2026,177,0.1066,
560370.SH,易方达中证全指红利质量ETF,中证全指红利质量,2026,145,0.0411,
560380.SH,南方中证A100ETF,中证A100,2025,243,0.1081,
560380.SH,南方中证A100ETF,中证A100,2026,177,0.1131,
560390.SH,易方达恒生A股电网设备ETF,恒生A股电网设备,2026,141,1.4265,Y
560400.SH,华泰柏瑞中证全指证券公司ETF,中证全指证券公司,2026,130,0.2776,
560410.SH,鹏华中证电池主题ETF,中证电池主题,2026,110,0.0636,
560420.SH,前海开源中证全指食品ETF,中证全指食品,2026,91,0.0316,
560450.SH,天弘中证全指电力公用事业ETF,中证全指电力公用事业,2026,101,0.246,
560460.SH,平安中证全指电力公用事业ETF,中证全指电力公用事业,2026,93,0.142,
560470.SH,易方达中证细分有色金属产业主题ETF,中证细分有色金属产业主题,2026,101,0.1371,
560480.SH,招商中证全指电力公用事业ETF,中证全指电力公用事业,2026,86,0.1252,
560490.SH,华泰柏瑞中证工业有色金属主题ETF,中证工业有色金属主题,2026,86,0.1555,
560500.SH,鹏扬中证500质量成长ETF,中证500质量成长,2021,81,0.0992,
560500.SH,鹏扬中证500质量成长ETF,中证500质量成长,2022,242,0.0363,
560500.SH,鹏扬中证500质量成长ETF,中证500质量成长,2023,242,0.0422,
560500.SH,鹏扬中证500质量成长ETF,中证500质量成长,2024,242,0.0854,
560500.SH,鹏扬中证500质量成长ETF,中证500质量成长,2025,243,0.0529,
560500.SH,鹏扬中证500质量成长ETF,中证500质量成长,2026,177,0.0412,
560510.SH,泰康中证A500ETF,中证A500,2025,243,1.294,Y
560510.SH,泰康中证A500ETF,中证A500,2026,177,0.6362,Y
560520.SH,大成中证红利低波动100ETF,中证红利低波动100,2024,172,0.0345,
560520.SH,大成中证红利低波动100ETF,中证红利低波动100,2025,243,0.0031,
560520.SH,大成中证红利低波动100ETF,中证红利低波动100,2026,177,0.0057,
560530.SH,摩根中证A500ETF,中证A500,2025,243,3.7366,Y
560530.SH,摩根中证A500ETF,中证A500,2026,177,1.0788,Y
560550.SH,广发中证上海环交所碳中和ETF,中证上海环交所碳中和,2022,113,0.4791,
560550.SH,广发中证上海环交所碳中和ETF,中证上海环交所碳中和,2023,242,0.1494,
560550.SH,广发中证上海环交所碳中和ETF,中证上海环交所碳中和,2024,242,0.0286,
560550.SH,广发中证上海环交所碳中和ETF,中证上海环交所碳中和,2025,243,0.0354,
560550.SH,广发中证上海环交所碳中和ETF,中证上海环交所碳中和,2026,177,0.0178,
560560.SH,泰康中证内地低碳经济主题ETF,中证内地低碳经济主题,2021,73,0.3814,
560560.SH,泰康中证内地低碳经济主题ETF,中证内地低碳经济主题,2022,242,0.1505,
560560.SH,泰康中证内地低碳经济主题ETF,中证内地低碳经济主题,2023,242,0.066,
560560.SH,泰康中证内地低碳经济主题ETF,中证内地低碳经济主题,2024,242,0.0315,
560560.SH,泰康中证内地低碳经济主题ETF,中证内地低碳经济主题,2025,243,0.0216,
560560.SH,泰康中证内地低碳经济主题ETF,中证内地低碳经济主题,2026,177,0.011,
560570.SH,国联安中证A500红利低波动ETF,中证A500红利低波动,2025,69,0.4482,
560570.SH,国联安中证A500红利低波动ETF,中证A500红利低波动,2026,177,0.303,
560580.SH,南方中证全指电力公用事业ETF,中证全指电力公用事业,2023,158,0.0786,
560580.SH,南方中证全指电力公用事业ETF,中证全指电力公用事业,2024,242,0.0528,
560580.SH,南方中证全指电力公用事业ETF,中证全指电力公用事业,2025,243,0.0367,
560580.SH,南方中证全指电力公用事业ETF,中证全指电力公用事业,2026,177,0.1449,
560590.SH,鹏华中证1000增强策略ETF,中证1000,2023,64,0.0494,
560590.SH,鹏华中证1000增强策略ETF,中证1000,2024,241,0.015,
560590.SH,鹏华中证1000增强策略ETF,中证1000,2025,243,0.0149,
560590.SH,鹏华中证1000增强策略ETF,中证1000,2026,177,0.0346,
560600.SH,方正富邦中证医药及医疗器械创新ETF,中证医药及医疗器械创新,2022,197,0.0251,
560600.SH,方正富邦中证医药及医疗器械创新ETF,中证医药及医疗器械创新,2023,203,0.0085,
560610.SH,招商中证A500ETF,中证A500,2025,243,6.0684,Y
560610.SH,招商中证A500ETF,中证A500,2026,177,1.2641,Y
560620.SH,万家中证全指公用事业ETF,中证全指公用事业,2024,60,0.0376,
560620.SH,万家中证全指公用事业ETF,中证全指公用事业,2025,243,0.0114,
560620.SH,万家中证全指公用事业ETF,中证全指公用事业,2026,177,0.0075,
560630.SH,万家中证机器人ETF,中证机器人,2025,186,0.1567,
560630.SH,万家中证机器人ETF,中证机器人,2026,177,0.1277,
560650.SH,民生加银中证企业核心竞争力50ETF,中证企业核心竞争力50,2022,129,0.0837,
560650.SH,民生加银中证企业核心竞争力50ETF,中证企业核心竞争力50,2023,242,0.0359,
560650.SH,民生加银中证企业核心竞争力50ETF,中证企业核心竞争力50,2024,240,0.0078,
560650.SH,民生加银中证企业核心竞争力50ETF,中证企业核心竞争力50,2025,243,0.0056,
560650.SH,民生加银中证企业核心竞争力50ETF,中证企业核心竞争力50,2026,117,0.007,
560660.SH,新华中证云计算50ETF,中证云计算50,2021,86,0.0243,
560660.SH,新华中证云计算50ETF,中证云计算50,2022,242,0.0116,
560660.SH,新华中证云计算50ETF,中证云计算50,2023,242,0.0282,
560660.SH,新华中证云计算50ETF,中证云计算50,2024,242,0.0421,
560660.SH,新华中证云计算50ETF,中证云计算50,2025,243,0.1364,
560660.SH,新华中证云计算50ETF,中证云计算50,2026,177,0.1328,
560670.SH,华泰柏瑞中证银行ETF,中证银行,2026,77,0.1646,
560680.SH,广发中证主要消费ETF,中证主要消费,2023,242,0.1481,
560680.SH,广发中证主要消费ETF,中证主要消费,2024,242,0.1761,
560680.SH,广发中证主要消费ETF,中证主要消费,2025,243,0.2059,
560680.SH,广发中证主要消费ETF,中证主要消费,2026,177,0.1452,
560690.SH,鹏华中证电信主题ETF,中证电信主题,2024,171,0.0315,
560690.SH,鹏华中证电信主题ETF,中证电信主题,2025,243,0.0177,
560690.SH,鹏华中证电信主题ETF,中证电信主题,2026,177,0.0299,
560700.SH,广发中证国新央企股东回报ETF,中证国新央企股东回报,2023,141,0.6676,Y
560700.SH,广发中证国新央企股东回报ETF,中证国新央企股东回报,2024,242,0.3316,
560700.SH,广发中证国新央企股东回报ETF,中证国新央企股东回报,2025,243,0.193,
560700.SH,广发中证国新央企股东回报ETF,中证国新央企股东回报,2026,177,0.1096,
560710.SH,富国中证智选船舶产业ETF,中证智选船舶产业,2026,153,1.1208,Y
560720.SH,工银瑞信中证红利低波动100ETF,中证红利低波动100,2026,78,0.0757,
560750.SH,申万菱信中证A500ETF,中证A500,2025,223,0.1937,
560750.SH,申万菱信中证A500ETF,中证A500,2026,177,0.0832,
560770.SH,招商中证机器人ETF,中证机器人,2025,82,0.5868,Y
560770.SH,招商中证机器人ETF,中证机器人,2026,177,0.3492,
560780.SH,广发中证半导体材料设备主题ETF,中证半导体材料设备主题,2024,242,0.0712,
560780.SH,广发中证半导体材料设备主题ETF,中证半导体材料设备主题,2025,243,0.3716,
560780.SH,广发中证半导体材料设备主题ETF,中证半导体材料设备主题,2026,177,5.4883,Y
560790.SH,鹏华中证软件服务ETF,中证软件服务,2026,87,0.0606,
560800.SH,鹏扬中证数字经济主题ETF,中证数字经济主题,2022,239,0.2357,
560800.SH,鹏扬中证数字经济主题ETF,中证数字经济主题,2023,242,0.4415,
560800.SH,鹏扬中证数字经济主题ETF,中证数字经济主题,2024,242,0.2275,
560800.SH,鹏扬中证数字经济主题ETF,中证数字经济主题,2025,243,0.2092,
560800.SH,鹏扬中证数字经济主题ETF,中证数字经济主题,2026,177,0.13,
560810.SH,融通中证诚通央企ESGETF,中证诚通央企ESG,2025,243,0.0162,
560810.SH,融通中证诚通央企ESGETF,中证诚通央企ESG,2026,177,0.0351,
560820.SH,新华中证A50ETF,中证A50,2025,173,0.034,
560820.SH,新华中证A50ETF,中证A50,2026,174,0.0021,
560830.SH,华夏中证全指电力公用事业ETF,中证全指电力公用事业,2026,86,0.3811,
560850.SH,汇添富中证信息技术应用创新产业ETF,中证信息技术应用创新产业,2024,176,0.1282,
560850.SH,汇添富中证信息技术应用创新产业ETF,中证信息技术应用创新产业,2025,243,0.2096,
560850.SH,汇添富中证信息技术应用创新产业ETF,中证信息技术应用创新产业,2026,177,0.0717,
560860.SH,万家中证工业有色金属主题ETF,中证工业有色金属主题,2023,198,0.1294,
560860.SH,万家中证工业有色金属主题ETF,中证工业有色金属主题,2024,242,0.2501,
560860.SH,万家中证工业有色金属主题ETF,中证工业有色金属主题,2025,243,1.1761,Y
560860.SH,万家中证工业有色金属主题ETF,中证工业有色金属主题,2026,177,5.2135,Y
560870.SH,中银中证工业有色金属主题ETF,中证工业有色金属主题,2026,87,0.1107,
560880.SH,广发中证全指家用电器ETF,中证全指家用电器,2022,179,0.1926,
560880.SH,广发中证全指家用电器ETF,中证全指家用电器,2023,242,0.1872,
560880.SH,广发中证全指家用电器ETF,中证全指家用电器,2024,242,0.2005,
560880.SH,广发中证全指家用电器ETF,中证全指家用电器,2025,243,0.2042,
560880.SH,广发中证全指家用电器ETF,中证全指家用电器,2026,177,0.1832,
560890.SH,新华中证红利低波动ETF,中证红利低波动,2024,68,0.122,
560890.SH,新华中证红利低波动ETF,中证红利低波动,2025,243,0.0416,
560900.SH,摩根中证创新药产业ETF,中证创新药产业,2022,145,0.0288,
560900.SH,摩根中证创新药产业ETF,中证创新药产业,2023,242,0.0371,
560900.SH,摩根中证创新药产业ETF,中证创新药产业,2024,242,0.0383,
560900.SH,摩根中证创新药产业ETF,中证创新药产业,2025,243,0.0854,
560900.SH,摩根中证创新药产业ETF,中证创新药产业,2026,177,0.1508,
560910.SH,华泰柏瑞中证电池主题ETF,中证电池主题,2026,89,0.1375,
560930.SH,易方达中证全指电力公用事业ETF,中证全指电力公用事业,2026,94,0.1577,
560950.SH,汇添富中证500增强策略ETF,中证500,2023,104,0.1483,
560950.SH,汇添富中证500增强策略ETF,中证500,2024,242,0.0268,
560950.SH,汇添富中证500增强策略ETF,中证500,2025,243,0.0233,
560950.SH,汇添富中证500增强策略ETF,中证500,2026,177,0.0105,
560960.SH,摩根中证碳中和60ETF,中证碳中和60,2023,234,0.1116,
560960.SH,摩根中证碳中和60ETF,中证碳中和60,2024,242,0.1256,
560960.SH,摩根中证碳中和60ETF,中证碳中和60,2025,71,0.0732,
560970.SH,平安中证工业有色金属主题ETF,中证工业有色金属主题,2026,77,0.0643,
560980.SH,广发中证光伏龙头30ETF,中证光伏龙头30,2023,242,0.2094,
560980.SH,广发中证光伏龙头30ETF,中证光伏龙头30,2024,242,0.1783,
560980.SH,广发中证光伏龙头30ETF,中证光伏龙头30,2025,243,0.2794,
560980.SH,广发中证光伏龙头30ETF,中证光伏龙头30,2026,177,0.3727,
560990.SH,中金中证科技先锋ETF,中证科技先锋,2022,129,0.2181,
560990.SH,中金中证科技先锋ETF,中证科技先锋,2023,242,0.1509,
560990.SH,中金中证科技先锋ETF,中证科技先锋,2024,242,0.0519,
560990.SH,中金中证科技先锋ETF,中证科技先锋,2025,243,0.0116,
560990.SH,中金中证科技先锋ETF,中证科技先锋,2026,177,0.0172,
561000.SH,华安沪深300增强策略ETF,沪深300,2023,236,0.11,
561000.SH,华安沪深300增强策略ETF,沪深300,2024,242,0.0856,
561000.SH,华安沪深300增强策略ETF,沪深300,2025,243,0.0677,
561000.SH,华安沪深300增强策略ETF,沪深300,2026,177,0.0531,
561010.SH,华安中证全指软件开发ETF,中证全指软件开发,2024,242,0.0467,
561010.SH,华安中证全指软件开发ETF,中证全指软件开发,2025,243,0.0769,
561010.SH,华安中证全指软件开发ETF,中证全指软件开发,2026,177,0.1731,
561030.SH,华泰柏瑞中证工程机械主题ETF,中证工程机械主题,2026,83,0.0734,
561050.SH,易方达中证稀有金属主题ETF,中证稀有金属主题,2026,88,0.187,
561060.SH,华安中证国有企业红利ETF,中证国有企业红利,2023,66,0.081,
561060.SH,华安中证国有企业红利ETF,中证国有企业红利,2024,242,0.0632,
561060.SH,华安中证国有企业红利ETF,中证国有企业红利,2025,243,0.0263,
561060.SH,华安中证国有企业红利ETF,中证国有企业红利,2026,177,0.043,
561080.SH,华安中证全指自由现金流ETF,中证全指自由现金流,2025,166,0.1047,
561080.SH,华安中证全指自由现金流ETF,中证全指自由现金流,2026,177,0.0544,
561090.SH,华安中证A500增强策略ETF,中证A500,2025,125,0.1372,
561090.SH,华安中证A500增强策略ETF,中证A500,2026,177,0.0996,
561100.SH,富国中证消费电子主题ETF,中证消费电子主题,2022,222,0.1093,
561100.SH,富国中证消费电子主题ETF,中证消费电子主题,2023,242,0.1823,
561100.SH,富国中证消费电子主题ETF,中证消费电子主题,2024,242,0.1978,
561100.SH,富国中证消费电子主题ETF,中证消费电子主题,2025,243,0.3031,
561100.SH,富国中证消费电子主题ETF,中证消费电子主题,2026,177,0.5609,Y
561120.SH,富国中证全指家用电器ETF,中证全指家用电器,2022,217,0.3317,
561120.SH,富国中证全指家用电器ETF,中证全指家用电器,2023,242,0.3058,
561120.SH,富国中证全指家用电器ETF,中证全指家用电器,2024,242,0.1793,
561120.SH,富国中证全指家用电器ETF,中证全指家用电器,2025,243,0.1301,
561120.SH,富国中证全指家用电器ETF,中证全指家用电器,2026,177,0.1027,
561130.SH,富国中证新华社民族品牌工程ETF,中证新华社民族品牌工程,2022,242,0.2373,
561130.SH,富国中证新华社民族品牌工程ETF,中证新华社民族品牌工程,2023,242,0.1495,
561130.SH,富国中证新华社民族品牌工程ETF,中证新华社民族品牌工程,2024,242,0.1429,
561130.SH,富国中证新华社民族品牌工程ETF,中证新华社民族品牌工程,2025,243,0.0956,
561130.SH,富国中证新华社民族品牌工程ETF,中证新华社民族品牌工程,2026,177,0.1232,
561150.SH,富国中证500ESG基准ETF,中证500ESG基准,2022,66,0.1061,
561160.SH,富国中证电池主题ETF,中证电池主题,2022,120,0.5172,Y
561160.SH,富国中证电池主题ETF,中证电池主题,2023,242,0.431,
561160.SH,富国中证电池主题ETF,中证电池主题,2024,242,0.264,
561160.SH,富国中证电池主题ETF,中证电池主题,2025,243,0.6684,Y
561160.SH,富国中证电池主题ETF,中证电池主题,2026,177,0.8053,Y
561170.SH,富国中证绿色电力ETF,中证绿色电力,2023,195,0.2679,
561170.SH,富国中证绿色电力ETF,中证绿色电力,2024,242,0.0959,
561170.SH,富国中证绿色电力ETF,中证绿色电力,2025,243,0.1488,
561170.SH,富国中证绿色电力ETF,中证绿色电力,2026,177,0.3978,
561180.SH,富国中证A100ETF,中证A100,2023,242,0.195,
561180.SH,富国中证A100ETF,中证A100,2024,242,0.0758,
561180.SH,富国中证A100ETF,中证A100,2025,242,0.0366,
561180.SH,富国中证A100ETF,中证A100,2026,177,0.0243,
561190.SH,富国中证上海环交所碳中和ETF,中证上海环交所碳中和,2022,113,1.56,Y
561190.SH,富国中证上海环交所碳中和ETF,中证上海环交所碳中和,2023,242,0.3807,
561190.SH,富国中证上海环交所碳中和ETF,中证上海环交所碳中和,2024,242,0.1325,
561190.SH,富国中证上海环交所碳中和ETF,中证上海环交所碳中和,2025,243,0.1014,
561190.SH,富国中证上海环交所碳中和ETF,中证上海环交所碳中和,2026,177,0.0609,
561200.SH,工银瑞信中证A100ETF,中证A100,2024,229,0.0326,
561200.SH,工银瑞信中证A100ETF,中证A100,2025,240,0.0161,
561200.SH,工银瑞信中证A100ETF,中证A100,2026,177,0.0246,
561220.SH,工银瑞信中证诚通国企数字经济ETF,中证诚通国企数字经济,2025,147,0.2058,
561220.SH,工银瑞信中证诚通国企数字经济ETF,中证诚通国企数字经济,2026,177,0.073,
561230.SH,工银瑞信中证A50ETF,中证A50,2024,194,0.7942,Y
561230.SH,工银瑞信中证A50ETF,中证A50,2025,243,0.357,
561230.SH,工银瑞信中证A50ETF,中证A50,2026,177,0.2159,
561260.SH,工银瑞信中证国新央企现代能源ETF,中证国新央企现代能源,2023,97,0.3085,
561260.SH,工银瑞信中证国新央企现代能源ETF,中证国新央企现代能源,2024,242,0.1685,
561260.SH,工银瑞信中证国新央企现代能源ETF,中证国新央企现代能源,2025,243,0.0557,
561260.SH,工银瑞信中证国新央企现代能源ETF,中证国新央企现代能源,2026,177,0.0556,
561280.SH,工银瑞信中证1000增强策略ETF,中证1000,2023,65,0.1249,
561280.SH,工银瑞信中证1000增强策略ETF,中证1000,2024,242,0.0466,
561280.SH,工银瑞信中证1000增强策略ETF,中证1000,2025,243,0.046,
561280.SH,工银瑞信中证1000增强策略ETF,中证1000,2026,177,0.1055,
561300.SH,国泰沪深300增强策略ETF,沪深300,2022,242,3.3687,Y
561300.SH,国泰沪深300增强策略ETF,沪深300,2023,242,0.576,Y
561300.SH,国泰沪深300增强策略ETF,沪深300,2024,242,0.7021,Y
561300.SH,国泰沪深300增强策略ETF,沪深300,2025,243,0.4853,
561300.SH,国泰沪深300增强策略ETF,沪深300,2026,177,0.3184,
561310.SH,国泰中证消费电子主题ETF,中证消费电子主题,2022,242,0.0957,
561310.SH,国泰中证消费电子主题ETF,中证消费电子主题,2023,242,0.0907,
561310.SH,国泰中证消费电子主题ETF,中证消费电子主题,2024,242,0.0754,
561310.SH,国泰中证消费电子主题ETF,中证消费电子主题,2025,243,0.0451,
561310.SH,国泰中证消费电子主题ETF,中证消费电子主题,2026,177,0.0866,
561320.SH,国泰中证内地运输主题ETF,中证内地运输主题,2023,242,0.1632,
561320.SH,国泰中证内地运输主题ETF,中证内地运输主题,2024,242,0.0688,
561320.SH,国泰中证内地运输主题ETF,中证内地运输主题,2025,243,0.0252,
561320.SH,国泰中证内地运输主题ETF,中证内地运输主题,2026,177,0.0203,
561330.SH,国泰中证有色金属矿业主题ETF,中证有色金属矿业主题,2023,242,0.1584,
561330.SH,国泰中证有色金属矿业主题ETF,中证有色金属矿业主题,2024,242,0.0868,
561330.SH,国泰中证有色金属矿业主题ETF,中证有色金属矿业主题,2025,243,0.1408,
561330.SH,国泰中证有色金属矿业主题ETF,中证有色金属矿业主题,2026,177,1.0397,Y
561350.SH,国泰中证500ETF,中证500,2021,81,0.7175,Y
561350.SH,国泰中证500ETF,中证500,2022,242,0.6384,Y
561350.SH,国泰中证500ETF,中证500,2023,242,0.5812,Y
561350.SH,国泰中证500ETF,中证500,2024,242,0.4121,
561350.SH,国泰中证500ETF,中证500,2025,243,0.2643,
561350.SH,国泰中证500ETF,中证500,2026,177,0.2913,
561360.SH,国泰中证油气产业ETF,中证油气产业,2024,242,0.1442,
561360.SH,国泰中证油气产业ETF,中证油气产业,2025,243,0.1658,
561360.SH,国泰中证油气产业ETF,中证油气产业,2026,177,3.1452,Y
561370.SH,国泰中证2000ETF,中证2000,2023,66,0.2639,
561370.SH,国泰中证2000ETF,中证2000,2024,242,0.0453,
561370.SH,国泰中证2000ETF,中证2000,2025,243,0.0097,
561370.SH,国泰中证2000ETF,中证2000,2026,177,0.0158,
561380.SH,国泰恒生A股电网设备ETF,恒生A股电网设备,2025,243,0.0983,
561380.SH,国泰恒生A股电网设备ETF,恒生A股电网设备,2026,177,1.9563,Y
561430.SH,博时中证全指红利质量ETF,中证全指红利质量,2026,62,0.055,
561500.SH,华泰柏瑞中证企业核心竞争力50ETF,中证企业核心竞争力50,2021,128,0.0754,
561500.SH,华泰柏瑞中证企业核心竞争力50ETF,中证企业核心竞争力50,2022,242,0.0285,
561500.SH,华泰柏瑞中证企业核心竞争力50ETF,中证企业核心竞争力50,2023,242,0.0152,
561500.SH,华泰柏瑞中证企业核心竞争力50ETF,中证企业核心竞争力50,2024,242,0.0154,
561500.SH,华泰柏瑞中证企业核心竞争力50ETF,中证企业核心竞争力50,2025,243,0.0175,
561500.SH,华泰柏瑞中证企业核心竞争力50ETF,中证企业核心竞争力50,2026,177,0.0312,
561510.SH,华泰柏瑞中证中药ETF,中证中药,2022,101,0.4195,
561510.SH,华泰柏瑞中证中药ETF,中证中药,2023,242,0.2095,
561510.SH,华泰柏瑞中证中药ETF,中证中药,2024,242,0.1012,
561510.SH,华泰柏瑞中证中药ETF,中证中药,2025,243,0.0371,
561510.SH,华泰柏瑞中证中药ETF,中证中药,2026,177,0.019,
561550.SH,华泰柏瑞中证500增强策略ETF,中证500,2022,242,1.8099,Y
561550.SH,华泰柏瑞中证500增强策略ETF,中证500,2023,242,0.3208,
561550.SH,华泰柏瑞中证500增强策略ETF,中证500,2024,242,0.2942,
561550.SH,华泰柏瑞中证500增强策略ETF,中证500,2025,243,0.3073,
561550.SH,华泰柏瑞中证500增强策略ETF,中证500,2026,177,0.6359,Y
561560.SH,华泰柏瑞中证全指电力公用事业ETF,中证全指电力公用事业,2022,158,0.3414,
561560.SH,华泰柏瑞中证全指电力公用事业ETF,中证全指电力公用事业,2023,242,0.2764,
561560.SH,华泰柏瑞中证全指电力公用事业ETF,中证全指电力公用事业,2024,242,0.2137,
561560.SH,华泰柏瑞中证全指电力公用事业ETF,中证全指电力公用事业,2025,243,0.4814,
561560.SH,华泰柏瑞中证全指电力公用事业ETF,中证全指电力公用事业,2026,177,1.145,Y
561570.SH,华泰柏瑞中证油气产业ETF,中证油气产业,2025,242,0.0165,
561570.SH,华泰柏瑞中证油气产业ETF,中证油气产业,2026,177,0.3099,
561580.SH,华泰柏瑞中证中央企业红利ETF,中证中央企业红利,2023,146,0.595,Y
561580.SH,华泰柏瑞中证中央企业红利ETF,中证中央企业红利,2024,242,0.4663,
561580.SH,华泰柏瑞中证中央企业红利ETF,中证中央企业红利,2025,243,0.3095,
561580.SH,华泰柏瑞中证中央企业红利ETF,中证中央企业红利,2026,177,0.8075,Y
561590.SH,华泰柏瑞中证1000增强策略ETF,中证1000,2023,242,0.1445,
561590.SH,华泰柏瑞中证1000增强策略ETF,中证1000,2024,242,0.0741,
561590.SH,华泰柏瑞中证1000增强策略ETF,中证1000,2025,243,0.044,
561590.SH,华泰柏瑞中证1000增强策略ETF,中证1000,2026,177,0.0652,
561600.SH,平安中证消费电子主题ETF,中证消费电子主题,2021,75,0.0605,
561600.SH,平安中证消费电子主题ETF,中证消费电子主题,2022,242,0.0179,
561600.SH,平安中证消费电子主题ETF,中证消费电子主题,2023,242,0.0364,
561600.SH,平安中证消费电子主题ETF,中证消费电子主题,2024,242,0.0973,
561600.SH,平安中证消费电子主题ETF,中证消费电子主题,2025,243,0.2802,
561600.SH,平安中证消费电子主题ETF,中证消费电子主题,2026,177,0.28,
561660.SH,平安中证通用航空主题ETF,中证通用航空主题,2026,177,0.0962,
561680.SH,平安中证A500红利低波动ETF,中证A500红利低波动,2025,78,0.1672,
561680.SH,平安中证A500红利低波动ETF,中证A500红利低波动,2026,177,0.0199,
561700.SH,博时中证全指电力公用事业ETF,中证全指电力公用事业,2022,115,0.1973,
561700.SH,博时中证全指电力公用事业ETF,中证全指电力公用事业,2023,242,0.1383,
561700.SH,博时中证全指电力公用事业ETF,中证全指电力公用事业,2024,242,0.0626,
561700.SH,博时中证全指电力公用事业ETF,中证全指电力公用事业,2025,243,0.0635,
561700.SH,博时中证全指电力公用事业ETF,中证全指电力公用事业,2026,177,0.1223,
561710.SH,博时中证疫苗与生物技术ETF,中证疫苗与生物技术,2023,242,0.0486,
561710.SH,博时中证疫苗与生物技术ETF,中证疫苗与生物技术,2024,136,0.0319,
561750.SH,博时中证A50ETF,中证A50,2025,147,0.0466,
561750.SH,博时中证A50ETF,中证A50,2026,177,0.0259,
561760.SH,博时中证油气资源ETF,中证油气资源,2024,166,0.0355,
561760.SH,博时中证油气资源ETF,中证油气资源,2025,243,0.0343,
561760.SH,博时中证油气资源ETF,中证油气资源,2026,177,0.2448,
561770.SH,博时中证A100ETF,中证A100,2025,131,0.0569,
561770.SH,博时中证A100ETF,中证A100,2026,177,0.0163,
561780.SH,博时中证1000增强策略ETF,中证1000,2024,242,0.0293,
561780.SH,博时中证1000增强策略ETF,中证1000,2025,243,0.03,
561780.SH,博时中证1000增强策略ETF,中证1000,2026,177,0.0425,
561790.SH,博时中证国新央企现代能源ETF,中证国新央企现代能源,2023,97,0.3363,
561790.SH,博时中证国新央企现代能源ETF,中证国新央企现代能源,2024,242,0.1841,
561790.SH,博时中证国新央企现代能源ETF,中证国新央企现代能源,2025,243,0.0527,
561790.SH,博时中证国新央企现代能源ETF,中证国新央企现代能源,2026,177,0.0306,
561800.SH,华富中证稀有金属主题ETF,中证稀有金属主题,2021,87,0.1958,
561800.SH,华富中证稀有金属主题ETF,中证稀有金属主题,2022,242,0.0574,
561800.SH,华富中证稀有金属主题ETF,中证稀有金属主题,2023,242,0.0239,
561800.SH,华富中证稀有金属主题ETF,中证稀有金属主题,2024,242,0.0265,
561800.SH,华富中证稀有金属主题ETF,中证稀有金属主题,2025,243,0.1113,
561800.SH,华富中证稀有金属主题ETF,中证稀有金属主题,2026,177,0.2988,
561870.SH,华富中证全指自由现金流ETF,中证全指自由现金流,2025,162,0.0833,
561870.SH,华富中证全指自由现金流ETF,中证全指自由现金流,2026,177,0.0517,
561880.SH,华富中证A100ETF,中证A100,2025,227,0.076,
561880.SH,华富中证A100ETF,中证A100,2026,177,0.0406,
561900.SH,招商沪深300ESG基准ETF,沪深300ESG基准,2021,115,0.0391,
561900.SH,招商沪深300ESG基准ETF,沪深300ESG基准,2022,242,0.0369,
561900.SH,招商沪深300ESG基准ETF,沪深300ESG基准,2023,242,0.0569,
561900.SH,招商沪深300ESG基准ETF,沪深300ESG基准,2024,242,0.0635,
561900.SH,招商沪深300ESG基准ETF,沪深300ESG基准,2025,243,0.0266,
561900.SH,招商沪深300ESG基准ETF,沪深300ESG基准,2026,177,0.0299,
561910.SH,招商中证电池主题ETF,中证电池主题,2021,95,0.3122,
561910.SH,招商中证电池主题ETF,中证电池主题,2022,242,0.3237,
561910.SH,招商中证电池主题ETF,中证电池主题,2023,242,0.3536,
561910.SH,招商中证电池主题ETF,中证电池主题,2024,242,0.2378,
561910.SH,招商中证电池主题ETF,中证电池主题,2025,243,1.7446,Y
561910.SH,招商中证电池主题ETF,中证电池主题,2026,177,1.7494,Y
561920.SH,招商中证疫苗与生物技术ETF,中证疫苗与生物技术,2023,186,0.0251,
561920.SH,招商中证疫苗与生物技术ETF,中证疫苗与生物技术,2024,242,0.0086,
561920.SH,招商中证疫苗与生物技术ETF,中证疫苗与生物技术,2025,243,0.0099,
561920.SH,招商中证疫苗与生物技术ETF,中证疫苗与生物技术,2026,177,0.0232,
561930.SH,招商沪深300ETF,沪深300,2024,68,0.4935,
561930.SH,招商沪深300ETF,沪深300,2025,243,0.2315,
561930.SH,招商沪深300ETF,沪深300,2026,177,0.1675,
561950.SH,招商中证500增强策略ETF,中证500,2023,169,0.0554,
561950.SH,招商中证500增强策略ETF,中证500,2024,242,0.0656,
561950.SH,招商中证500增强策略ETF,中证500,2025,243,0.0615,
561950.SH,招商中证500增强策略ETF,中证500,2026,177,0.0699,
561960.SH,招商中证国新央企股东回报ETF,中证国新央企股东回报,2023,141,0.1876,
561960.SH,招商中证国新央企股东回报ETF,中证国新央企股东回报,2024,242,0.0543,
561960.SH,招商中证国新央企股东回报ETF,中证国新央企股东回报,2025,243,0.0214,
561960.SH,招商中证国新央企股东回报ETF,中证国新央企股东回报,2026,177,0.0161,
561980.SH,招商中证半导体产业ETF,中证半导体产业,2023,80,0.1293,
561980.SH,招商中证半导体产业ETF,中证半导体产业,2024,242,0.3804,
561980.SH,招商中证半导体产业ETF,中证半导体产业,2025,243,1.1715,Y
561980.SH,招商中证半导体产业ETF,中证半导体产业,2026,177,3.7224,Y
561990.SH,招商沪深300增强策略ETF,沪深300,2022,242,1.3442,Y
561990.SH,招商沪深300增强策略ETF,沪深300,2023,242,0.6742,Y
561990.SH,招商沪深300增强策略ETF,沪深300,2024,242,0.4686,
561990.SH,招商沪深300增强策略ETF,沪深300,2025,243,0.3209,
561990.SH,招商沪深300增强策略ETF,沪深300,2026,177,0.2649,
562000.SH,华宝中证A100ETF,中证A100,2022,104,0.5427,Y
562000.SH,华宝中证A100ETF,中证A100,2023,242,0.4854,
562000.SH,华宝中证A100ETF,中证A100,2024,242,0.4282,
562000.SH,华宝中证A100ETF,中证A100,2025,243,0.2259,
562000.SH,华宝中证A100ETF,中证A100,2026,177,0.0884,
562010.SH,华宝中证绿色能源ETF,中证绿色能源,2023,242,0.0459,
562010.SH,华宝中证绿色能源ETF,中证绿色能源,2024,242,0.0088,
562010.SH,华宝中证绿色能源ETF,中证绿色能源,2025,243,0.0106,
562010.SH,华宝中证绿色能源ETF,中证绿色能源,2026,177,0.0156,
562030.SH,华宝中证信息技术应用创新产业ETF,中证信息技术应用创新产业,2024,242,0.11,
562030.SH,华宝中证信息技术应用创新产业ETF,中证信息技术应用创新产业,2025,243,0.153,
562030.SH,华宝中证信息技术应用创新产业ETF,中证信息技术应用创新产业,2026,177,0.0654,
562050.SH,华宝中证制药ETF,中证制药,2025,134,0.1576,
562050.SH,华宝中证制药ETF,中证制药,2026,177,0.1048,
562060.SH,华宝标普中国A股红利机会ETF,标普中国A股红利机会,2024,242,0.5364,Y
562060.SH,华宝标普中国A股红利机会ETF,标普中国A股红利机会,2025,243,0.318,
562060.SH,华宝标普中国A股红利机会ETF,标普中国A股红利机会,2026,177,0.6262,Y
562070.SH,华宝沪深300增强策略ETF,沪深300,2026,177,0.1224,
562080.SH,华宝沪深300自由现金流ETF,沪深300自由现金流,2025,177,0.5049,Y
562080.SH,华宝沪深300自由现金流ETF,沪深300自由现金流,2026,177,0.3786,
562260.SH,海富通中证汽车零部件主题ETF,中证汽车零部件主题,2024,160,0.0353,
562260.SH,海富通中证汽车零部件主题ETF,中证汽车零部件主题,2025,110,0.0084,
562300.SH,银华中证内地低碳经济主题ETF,中证内地低碳经济主题,2022,241,0.0647,
562300.SH,银华中证内地低碳经济主题ETF,中证内地低碳经济主题,2023,242,0.0304,
562300.SH,银华中证内地低碳经济主题ETF,中证内地低碳经济主题,2024,242,0.0223,
562300.SH,银华中证内地低碳经济主题ETF,中证内地低碳经济主题,2025,243,0.0063,
562300.SH,银华中证内地低碳经济主题ETF,中证内地低碳经济主题,2026,177,0.0088,
562310.SH,银华沪深300成长ETF,沪深300成长,2022,75,1.1426,Y
562310.SH,银华沪深300成长ETF,沪深300成长,2023,242,0.4193,
562310.SH,银华沪深300成长ETF,沪深300成长,2024,242,0.2134,
562310.SH,银华沪深300成长ETF,沪深300成长,2025,243,0.2046,
562310.SH,银华沪深300成长ETF,沪深300成长,2026,177,0.2807,
562320.SH,银华沪深300价值ETF,沪深300价值,2023,235,0.1423,
562320.SH,银华沪深300价值ETF,沪深300价值,2024,242,0.0579,
562320.SH,银华沪深300价值ETF,沪深300价值,2025,243,0.0805,
562320.SH,银华沪深300价值ETF,沪深300价值,2026,177,0.0793,
562330.SH,银华中证500价值ETF,中证500价值,2023,173,0.1608,
562330.SH,银华中证500价值ETF,中证500价值,2024,242,0.0772,
562330.SH,银华中证500价值ETF,中证500价值,2025,243,0.0119,
562330.SH,银华中证500价值ETF,中证500价值,2026,177,0.0119,
562340.SH,银华中证500质量成长ETF,中证500质量成长,2024,162,0.0388,
562340.SH,银华中证500质量成长ETF,中证500质量成长,2025,242,0.0038,
562340.SH,银华中证500质量成长ETF,中证500质量成长,2026,177,0.0073,
562350.SH,银华中证全指电力公用事业ETF,中证全指电力公用事业,2022,118,0.1016,
562350.SH,银华中证全指电力公用事业ETF,中证全指电力公用事业,2023,242,0.0695,
562350.SH,银华中证全指电力公用事业ETF,中证全指电力公用事业,2024,242,0.0522,
562350.SH,银华中证全指电力公用事业ETF,中证全指电力公用事业,2025,243,0.0337,
562350.SH,银华中证全指电力公用事业ETF,中证全指电力公用事业,2026,177,0.1499,
562360.SH,银华中证机器人ETF,中证机器人,2022,242,0.0641,
562360.SH,银华中证机器人ETF,中证机器人,2023,242,0.0553,
562360.SH,银华中证机器人ETF,中证机器人,2024,242,0.0497,
562360.SH,银华中证机器人ETF,中证机器人,2025,243,0.3202,
562360.SH,银华中证机器人ETF,中证机器人,2026,177,0.235,
562380.SH,银华中证国新央企科技引领ETF,中证国新央企科技引领,2023,121,0.3098,
562380.SH,银华中证国新央企科技引领ETF,中证国新央企科技引领,2024,242,0.0985,
562380.SH,银华中证国新央企科技引领ETF,中证国新央企科技引领,2025,243,0.0516,
562380.SH,银华中证国新央企科技引领ETF,中证国新央企科技引领,2026,177,0.071,
562390.SH,银华中证中药ETF,中证中药,2022,106,0.1905,
562390.SH,银华中证中药ETF,中证中药,2023,242,0.109,
562390.SH,银华中证中药ETF,中证中药,2024,242,0.0333,
562390.SH,银华中证中药ETF,中证中药,2025,243,0.0305,
562390.SH,银华中证中药ETF,中证中药,2026,177,0.026,
562500.SH,华夏中证机器人ETF,中证机器人,2022,242,0.0949,
562500.SH,华夏中证机器人ETF,中证机器人,2023,242,0.4118,
562500.SH,华夏中证机器人ETF,中证机器人,2024,242,1.1253,Y
562500.SH,华夏中证机器人ETF,中证机器人,2025,243,11.3516,Y
562500.SH,华夏中证机器人ETF,中证机器人,2026,177,9.4427,Y
562510.SH,华夏中证旅游主题ETF,中证旅游主题,2022,242,0.3656,
562510.SH,华夏中证旅游主题ETF,中证旅游主题,2023,242,0.5011,Y
562510.SH,华夏中证旅游主题ETF,中证旅游主题,2024,242,0.4273,
562510.SH,华夏中证旅游主题ETF,中证旅游主题,2025,243,0.5471,Y
562510.SH,华夏中证旅游主题ETF,中证旅游主题,2026,177,0.5258,Y
562520.SH,华夏中证智选1000成长创新策略ETF,中证智选1000成长创新策略,2022,192,0.0409,
562520.SH,华夏中证智选1000成长创新策略ETF,中证智选1000成长创新策略,2023,242,0.0259,
562520.SH,华夏中证智选1000成长创新策略ETF,中证智选1000成长创新策略,2024,242,0.0348,
562520.SH,华夏中证智选1000成长创新策略ETF,中证智选1000成长创新策略,2025,243,0.0251,
562520.SH,华夏中证智选1000成长创新策略ETF,中证智选1000成长创新策略,2026,177,0.055,
562530.SH,华夏中证智选1000价值稳健策略ETF,中证智选1000价值稳健策略,2022,95,0.0266,
562530.SH,华夏中证智选1000价值稳健策略ETF,中证智选1000价值稳健策略,2023,242,0.0179,
562530.SH,华夏中证智选1000价值稳健策略ETF,中证智选1000价值稳健策略,2024,242,0.0197,
562530.SH,华夏中证智选1000价值稳健策略ETF,中证智选1000价值稳健策略,2025,243,0.0126,
562530.SH,华夏中证智选1000价值稳健策略ETF,中证智选1000价值稳健策略,2026,177,0.0463,
562550.SH,华夏中证绿色电力ETF,中证绿色电力,2023,188,0.0624,
562550.SH,华夏中证绿色电力ETF,中证绿色电力,2024,242,0.0343,
562550.SH,华夏中证绿色电力ETF,中证绿色电力,2025,243,0.0943,
562550.SH,华夏中证绿色电力ETF,中证绿色电力,2026,177,1.2283,Y
562560.SH,华夏中证全指信息技术ETF,中证全指信息技术,2024,177,0.0392,
562560.SH,华夏中证全指信息技术ETF,中证全指信息技术,2025,243,0.0099,
562560.SH,华夏中证全指信息技术ETF,中证全指信息技术,2026,177,0.0196,
562570.SH,华夏中证信息技术应用创新产业ETF,中证信息技术应用创新产业,2024,165,0.0669,
562570.SH,华夏中证信息技术应用创新产业ETF,中证信息技术应用创新产业,2025,243,0.635,Y
562570.SH,华夏中证信息技术应用创新产业ETF,中证信息技术应用创新产业,2026,177,0.305,
562580.SH,华夏中证全指可选消费ETF,中证全指可选消费,2024,188,0.0279,
562580.SH,华夏中证全指可选消费ETF,中证全指可选消费,2025,243,0.013,
562580.SH,华夏中证全指可选消费ETF,中证全指可选消费,2026,177,0.0284,
562590.SH,华夏中证半导体材料设备主题ETF,中证半导体材料设备主题,2024,242,0.1156,
562590.SH,华夏中证半导体材料设备主题ETF,中证半导体材料设备主题,2025,243,0.3684,
562590.SH,华夏中证半导体材料设备主题ETF,中证半导体材料设备主题,2026,177,4.2872,Y
562600.SH,华夏中证全指医疗器械ETF,中证全指医疗器械,2024,242,0.0126,
562600.SH,华夏中证全指医疗器械ETF,中证全指医疗器械,2025,243,0.0846,
562600.SH,华夏中证全指医疗器械ETF,中证全指医疗器械,2026,177,0.2957,
562660.SH,华夏中证2000ETF,中证2000,2023,71,0.277,
562660.SH,华夏中证2000ETF,中证2000,2024,242,0.112,
562660.SH,华夏中证2000ETF,中证2000,2025,243,0.1412,
562660.SH,华夏中证2000ETF,中证2000,2026,177,0.4145,
562700.SH,华夏中证汽车零部件主题ETF,中证汽车零部件主题,2024,158,0.0216,
562700.SH,华夏中证汽车零部件主题ETF,中证汽车零部件主题,2025,243,0.1105,
562700.SH,华夏中证汽车零部件主题ETF,中证汽车零部件主题,2026,177,0.2022,
562800.SH,嘉实中证稀有金属主题ETF,中证稀有金属主题,2021,65,0.3853,
562800.SH,嘉实中证稀有金属主题ETF,中证稀有金属主题,2022,242,0.6634,Y
562800.SH,嘉实中证稀有金属主题ETF,中证稀有金属主题,2023,242,0.581,Y
562800.SH,嘉实中证稀有金属主题ETF,中证稀有金属主题,2024,242,0.3593,
562800.SH,嘉实中证稀有金属主题ETF,中证稀有金属主题,2025,243,1.1659,Y
562800.SH,嘉实中证稀有金属主题ETF,中证稀有金属主题,2026,177,4.177,Y
562810.SH,嘉实上证综合增强策略ETF,上证综合,2025,199,0.0655,
562810.SH,嘉实上证综合增强策略ETF,上证综合,2026,177,0.0477,
562820.SH,嘉实中证全指集成电路ETF,中证全指集成电路,2024,171,0.1312,
562820.SH,嘉实中证全指集成电路ETF,中证全指集成电路,2025,243,0.1394,
562820.SH,嘉实中证全指集成电路ETF,中证全指集成电路,2026,177,0.3461,
562850.SH,嘉实中证国新央企现代能源ETF,中证国新央企现代能源,2023,97,0.2419,
562850.SH,嘉实中证国新央企现代能源ETF,中证国新央企现代能源,2024,242,0.1345,
562850.SH,嘉实中证国新央企现代能源ETF,中证国新央企现代能源,2025,243,0.0679,
562850.SH,嘉实中证国新央企现代能源ETF,中证国新央企现代能源,2026,177,0.1438,
562860.SH,嘉实中证疫苗与生物技术ETF,中证疫苗与生物技术,2023,209,0.1777,
562860.SH,嘉实中证疫苗与生物技术ETF,中证疫苗与生物技术,2024,242,0.09,
562860.SH,嘉实中证疫苗与生物技术ETF,中证疫苗与生物技术,2025,243,0.1023,
562860.SH,嘉实中证疫苗与生物技术ETF,中证疫苗与生物技术,2026,177,0.1156,
562870.SH,嘉实中证全指证券公司ETF,中证全指证券公司,2025,108,0.1382,
562870.SH,嘉实中证全指证券公司ETF,中证全指证券公司,2026,177,0.1118,
562880.SH,嘉实中证电池主题ETF,中证电池主题,2021,112,0.2803,
562880.SH,嘉实中证电池主题ETF,中证电池主题,2022,242,0.2564,
562880.SH,嘉实中证电池主题ETF,中证电池主题,2023,242,0.1819,
562880.SH,嘉实中证电池主题ETF,中证电池主题,2024,242,0.0926,
562880.SH,嘉实中证电池主题ETF,中证电池主题,2025,243,0.3485,
562880.SH,嘉实中证电池主题ETF,中证电池主题,2026,177,0.4142,
562890.SH,嘉实中证A50ETF,中证A50,2024,194,0.4267,
562890.SH,嘉实中证A50ETF,中证A50,2025,243,0.2703,
562890.SH,嘉实中证A50ETF,中证A50,2026,177,0.1927,
562900.SH,易方达中证现代农业主题ETF,中证现代农业主题,2022,242,0.159,
562900.SH,易方达中证现代农业主题ETF,中证现代农业主题,2023,242,0.1362,
562900.SH,易方达中证现代农业主题ETF,中证现代农业主题,2024,242,0.0893,
562900.SH,易方达中证现代农业主题ETF,中证现代农业主题,2025,243,0.092,
562900.SH,易方达中证现代农业主题ETF,中证现代农业主题,2026,177,0.1395,
562910.SH,易方达中证装备产业ETF,中证装备产业,2022,238,0.0639,
562910.SH,易方达中证装备产业ETF,中证装备产业,2023,242,0.0608,
562910.SH,易方达中证装备产业ETF,中证装备产业,2024,242,0.0441,
562910.SH,易方达中证装备产业ETF,中证装备产业,2025,243,0.0543,
562910.SH,易方达中证装备产业ETF,中证装备产业,2026,177,0.1166,
562920.SH,易方达中证信息安全主题ETF,中证信息安全主题,2023,137,0.0427,
562920.SH,易方达中证信息安全主题ETF,中证信息安全主题,2024,242,0.0265,
562920.SH,易方达中证信息安全主题ETF,中证信息安全主题,2025,243,0.0254,
562920.SH,易方达中证信息安全主题ETF,中证信息安全主题,2026,177,0.0875,
562930.SH,易方达中证软件服务ETF,中证软件服务,2023,142,0.0456,
562930.SH,易方达中证软件服务ETF,中证软件服务,2024,242,0.0339,
562930.SH,易方达中证软件服务ETF,中证软件服务,2025,243,0.0638,
562930.SH,易方达中证软件服务ETF,中证软件服务,2026,177,0.5861,Y
562950.SH,易方达中证消费电子主题ETF,中证消费电子主题,2022,230,0.0626,
562950.SH,易方达中证消费电子主题ETF,中证消费电子主题,2023,242,0.0586,
562950.SH,易方达中证消费电子主题ETF,中证消费电子主题,2024,242,0.0628,
562950.SH,易方达中证消费电子主题ETF,中证消费电子主题,2025,243,0.2287,
562950.SH,易方达中证消费电子主题ETF,中证消费电子主题,2026,177,1.074,Y
562960.SH,易方达中证绿色电力ETF,中证绿色电力,2023,177,0.0383,
562960.SH,易方达中证绿色电力ETF,中证绿色电力,2024,242,0.0323,
562960.SH,易方达中证绿色电力ETF,中证绿色电力,2025,243,0.0175,
562960.SH,易方达中证绿色电力ETF,中证绿色电力,2026,177,0.4258,
562970.SH,易方达中证光伏产业ETF,中证光伏产业,2025,243,0.0846,
562970.SH,易方达中证光伏产业ETF,中证光伏产业,2026,177,0.2655,
562990.SH,易方达中证上海环交所碳中和ETF,中证上海环交所碳中和,2022,113,1.2969,Y
562990.SH,易方达中证上海环交所碳中和ETF,中证上海环交所碳中和,2023,242,0.3161,
562990.SH,易方达中证上海环交所碳中和ETF,中证上海环交所碳中和,2024,242,0.1799,
562990.SH,易方达中证上海环交所碳中和ETF,中证上海环交所碳中和,2025,243,0.1691,
562990.SH,易方达中证上海环交所碳中和ETF,中证上海环交所碳中和,2026,177,0.1036,
563000.SH,易方达MSCI中国A50互联互通ETF,MSCI中国A50互联互通人民币,2022,242,8.5958,Y
563000.SH,易方达MSCI中国A50互联互通ETF,MSCI中国A50互联互通人民币,2023,242,0.8974,Y
563000.SH,易方达MSCI中国A50互联互通ETF,MSCI中国A50互联互通人民币,2024,242,0.5765,Y
563000.SH,易方达MSCI中国A50互联互通ETF,MSCI中国A50互联互通人民币,2025,243,0.41,
563000.SH,易方达MSCI中国A50互联互通ETF,MSCI中国A50互联互通人民币,2026,177,0.3025,
563010.SH,易方达中证电信主题ETF,中证电信主题,2023,116,0.0558,
563010.SH,易方达中证电信主题ETF,中证电信主题,2024,242,0.0193,
563010.SH,易方达中证电信主题ETF,中证电信主题,2025,243,0.0467,
563010.SH,易方达中证电信主题ETF,中证电信主题,2026,177,0.125,
563020.SH,易方达中证红利低波动ETF,中证红利低波动,2024,242,0.1166,
563020.SH,易方达中证红利低波动ETF,中证红利低波动,2025,243,0.5338,Y
563020.SH,易方达中证红利低波动ETF,中证红利低波动,2026,177,2.5439,Y
563030.SH,易方达中证500增强策略ETF,中证500,2023,198,0.098,
563030.SH,易方达中证500增强策略ETF,中证500,2024,242,0.0814,
563030.SH,易方达中证500增强策略ETF,中证500,2025,243,0.0503,
563030.SH,易方达中证500增强策略ETF,中证500,2026,177,0.0393,
563050.SH,易方达中证国新央企科技引领ETF,中证国新央企科技引领,2023,121,0.1528,
563050.SH,易方达中证国新央企科技引领ETF,中证国新央企科技引领,2024,242,0.0935,
563050.SH,易方达中证国新央企科技引领ETF,中证国新央企科技引领,2025,243,0.0709,
563050.SH,易方达中证国新央企科技引领ETF,中证国新央企科技引领,2026,177,0.1014,
563060.SH,易方达中证国资央企50ETF,中证国资央企50,2025,156,0.0201,
563060.SH,易方达中证国资央企50ETF,中证国资央企50,2026,177,0.0171,
563080.SH,易方达中证A50ETF,中证A50,2024,194,1.5677,Y
563080.SH,易方达中证A50ETF,中证A50,2025,243,0.827,Y
563080.SH,易方达中证A50ETF,中证A50,2026,177,0.4363,
563090.SH,易方达上证50增强策略ETF,上证50,2024,141,0.0554,
563090.SH,易方达上证50增强策略ETF,上证50,2025,243,0.0309,
563090.SH,易方达上证50增强策略ETF,上证50,2026,177,0.054,
563150.SH,银华中证油气资源ETF,中证油气资源,2024,146,0.0276,
563150.SH,银华中证油气资源ETF,中证油气资源,2025,243,0.0116,
563150.SH,银华中证油气资源ETF,中证油气资源,2026,177,0.1334,
563180.SH,银华中证高股息策略ETF,中证高股息策略,2024,158,0.0987,
563180.SH,银华中证高股息策略ETF,中证高股息策略,2025,243,0.1171,
563180.SH,银华中证高股息策略ETF,中证高股息策略,2026,177,0.0735,
563200.SH,富国中证2000ETF,中证2000,2024,242,0.0999,
563200.SH,富国中证2000ETF,中证2000,2025,243,0.0319,
563200.SH,富国中证2000ETF,中证2000,2026,177,0.0883,
563210.SH,富国恒生A股专精特新企业ETF,恒生A股专精特新企业,2025,227,0.0622,
563210.SH,富国恒生A股专精特新企业ETF,恒生A股专精特新企业,2026,177,0.2061,
563220.SH,富国中证A500ETF,中证A500,2025,243,10.4555,Y
563220.SH,富国中证A500ETF,中证A500,2026,177,4.9188,Y
563230.SH,富国中证卫星产业ETF,中证卫星产业,2025,70,0.5903,Y
563230.SH,富国中证卫星产业ETF,中证卫星产业,2026,177,4.9714,Y
563280.SH,富国MSCI中国A50互联互通增强策略ETF,MSCI中国A50互联互通人民币,2024,177,0.0266,
563280.SH,富国MSCI中国A50互联互通增强策略ETF,MSCI中国A50互联互通人民币,2025,240,0.0105,
563280.SH,富国MSCI中国A50互联互通增强策略ETF,MSCI中国A50互联互通人民币,2026,177,0.0064,
563300.SH,华泰柏瑞中证2000ETF,中证2000,2023,71,0.8026,Y
563300.SH,华泰柏瑞中证2000ETF,中证2000,2024,242,3.5649,Y
563300.SH,华泰柏瑞中证2000ETF,中证2000,2025,243,3.8022,Y
563300.SH,华泰柏瑞中证2000ETF,中证2000,2026,177,6.0523,Y
563320.SH,华泰柏瑞中证通用航空主题ETF,中证通用航空主题,2025,80,0.2666,
563320.SH,华泰柏瑞中证通用航空主题ETF,中证通用航空主题,2026,177,0.2312,
563330.SH,华泰柏瑞中证A股ETF,中证A股,2024,242,0.2372,
563330.SH,华泰柏瑞中证A股ETF,中证A股,2025,243,0.2,
563330.SH,华泰柏瑞中证A股ETF,中证A股,2026,177,0.37,
563350.SH,华泰柏瑞中证A50ETF,中证A50,2024,194,0.9717,Y
563350.SH,华泰柏瑞中证A50ETF,中证A50,2025,243,0.2742,
563350.SH,华泰柏瑞中证A50ETF,中证A50,2026,177,0.1761,
563360.SH,华泰柏瑞中证A500ETF,中证A500,2025,243,33.8693,Y
563360.SH,华泰柏瑞中证A500ETF,中证A500,2026,177,63.4755,Y
563380.SH,华泰柏瑞中证全指航空航天ETF,中证全指航空航天,2026,177,0.8373,Y
563390.SH,华泰柏瑞中证全指自由现金流ETF,中证全指自由现金流,2025,166,0.61,Y
563390.SH,华泰柏瑞中证全指自由现金流ETF,中证全指自由现金流,2026,177,0.6374,Y
563500.SH,华宝中证A500ETF,中证A500,2025,243,1.1431,Y
563500.SH,华宝中证A500ETF,中证A500,2026,177,0.1922,
563510.SH,易方达中证A500红利低波动ETF,中证A500红利低波动,2026,177,0.086,
563520.SH,永赢沪深300ETF,沪深300,2025,243,0.2624,
563520.SH,永赢沪深300ETF,沪深300,2026,177,0.2095,
563530.SH,易方达中证卫星产业ETF,中证卫星产业,2026,177,1.8557,Y
563550.SH,摩根中证A500增强策略ETF,中证A500,2025,157,0.1979,
563550.SH,摩根中证A500增强策略ETF,中证A500,2026,177,0.1032,
563560.SH,兴业中证科技优势成长50策略ETF,中证科技优势成长50策略,2026,144,0.1132,
563570.SH,兴业中证金融科技主题ETF,中证金融科技主题,2026,177,0.1485,
563580.SH,万家中证800自由现金流ETF,中证800自由现金流,2025,108,0.1702,
563580.SH,万家中证800自由现金流ETF,中证800自由现金流,2026,177,0.1026,
563590.SH,国寿安保中证A500红利低波动ETF,中证A500红利低波动,2026,177,0.0086,
563600.SH,易方达中证A500增强策略ETF,中证A500,2025,63,0.0504,
563600.SH,易方达中证A500增强策略ETF,中证A500,2026,177,0.0265,
563620.SH,兴业中证全指自由现金流ETF,中证全指自由现金流,2025,90,0.1131,
563620.SH,兴业中证全指自由现金流ETF,中证全指自由现金流,2026,177,0.0416,
563630.SH,国联安中证A500增强策略ETF,中证A500,2025,126,0.0349,
563630.SH,国联安中证A500增强策略ETF,中证A500,2026,177,0.0186,
563650.SH,兴业中证A500ETF,中证A500,2025,184,0.1419,
563650.SH,兴业中证A500ETF,中证A500,2026,177,0.0972,
563660.SH,银河中证A500ETF,中证A500,2025,185,0.1153,
563660.SH,银河中证A500ETF,中证A500,2026,177,0.0635,
563670.SH,鹏华中证金融科技主题ETF,中证金融科技主题,2026,177,0.0437,
563680.SH,汇添富中证800自由现金流ETF,中证800自由现金流,2025,158,0.09,
563680.SH,汇添富中证800自由现金流ETF,中证800自由现金流,2026,177,0.0497,
563690.SH,永赢中证红利低波动ETF,中证红利低波动,2026,177,0.0304,
563700.SH,易方达中证红利价值ETF,中证红利价值,2025,168,0.1089,
563700.SH,易方达中证红利价值ETF,中证红利价值,2026,177,0.0852,
563750.SH,汇添富中证500ETF,中证500,2026,177,0.1968,
563760.SH,中银中证全指自由现金流ETF,中证全指自由现金流,2025,143,0.2785,
563760.SH,中银中证全指自由现金流ETF,中证全指自由现金流,2026,177,0.977,Y
563770.SH,招商中证全指自由现金流ETF,中证全指自由现金流,2025,157,0.0908,
563770.SH,招商中证全指自由现金流ETF,中证全指自由现金流,2026,177,0.0909,
563780.SH,方正富邦中证全指自由现金流ETF,中证全指自由现金流,2025,160,0.1111,
563780.SH,方正富邦中证全指自由现金流ETF,中证全指自由现金流,2026,177,0.1153,
563790.SH,鹏华中证卫星产业ETF,中证卫星产业,2026,177,0.9464,Y
563800.SH,广发中证A500ETF,中证A500,2025,243,15.6265,Y
563800.SH,广发中证A500ETF,中证A500,2026,177,5.5895,Y
563830.SH,博时中证全指自由现金流ETF,中证全指自由现金流,2025,153,0.0615,
563830.SH,博时中证全指自由现金流ETF,中证全指自由现金流,2026,177,0.0421,
563850.SH,广发中证全指食品ETF,中证全指食品,2026,177,0.0427,
563860.SH,海富通中证A500ETF,中证A500,2025,220,0.5631,Y
563860.SH,海富通中证A500ETF,中证A500,2026,177,0.2646,
563870.SH,鹏华中证通用航空主题ETF,中证通用航空主题,2026,169,0.045,
563880.SH,汇添富中证A500ETF,中证A500,2025,243,4.1265,Y
563880.SH,汇添富中证A500ETF,中证A500,2026,177,1.3523,Y
563890.SH,创金合信中证国有企业红利ETF,中证国有企业红利,2026,177,0.0071,
563900.SH,摩根沪深300自由现金流ETF,沪深300自由现金流,2025,164,0.1974,
563900.SH,摩根沪深300自由现金流ETF,沪深300自由现金流,2026,177,0.266,
563930.SH,招商上证综合增强策略ETF,上证综合,2026,176,0.0496,
563960.SH,兴全沪深300质量ETF,沪深300质量,2026,174,0.1169,
563980.SH,鑫元中证800红利低波动ETF,中证800红利低波动,2026,177,0.0493,
563990.SH,富国中证800自由现金流ETF,中证800自由现金流,2025,170,0.2109,
563990.SH,富国中证800自由现金流ETF,中证800自由现金流,2026,177,0.1522,
588000.SH,华夏上证科创板50成份ETF,上证科创板50成份,2021,243,7.7851,Y
588000.SH,华夏上证科创板50成份ETF,上证科创板50成份,2022,242,11.8137,Y
588000.SH,华夏上证科创板50成份ETF,上证科创板50成份,2023,242,25.8519,Y
588000.SH,华夏上证科创板50成份ETF,上证科创板50成份,2024,242,35.96,Y
588000.SH,华夏上证科创板50成份ETF,上证科创板50成份,2025,243,41.0778,Y
588000.SH,华夏上证科创板50成份ETF,上证科创板50成份,2026,177,61.7833,Y
588010.SH,博时上证科创板新材料ETF,上证科创板新材料,2023,242,0.1494,
588010.SH,博时上证科创板新材料ETF,上证科创板新材料,2024,242,0.2506,
588010.SH,博时上证科创板新材料ETF,上证科创板新材料,2025,243,0.1985,
588010.SH,博时上证科创板新材料ETF,上证科创板新材料,2026,177,1.0297,Y
588020.SH,易方达上证科创板成长ETF,上证科创板成长,2023,81,0.311,
588020.SH,易方达上证科创板成长ETF,上证科创板成长,2024,242,0.1787,
588020.SH,易方达上证科创板成长ETF,上证科创板成长,2025,243,0.5028,Y
588020.SH,易方达上证科创板成长ETF,上证科创板成长,2026,177,1.8118,Y
588030.SH,博时上证科创板100ETF,上证科创板100,2023,70,6.8607,Y
588030.SH,博时上证科创板100ETF,上证科创板100,2024,242,5.8892,Y
588030.SH,博时上证科创板100ETF,上证科创板100,2025,243,3.3071,Y
588030.SH,博时上证科创板100ETF,上证科创板100,2026,177,2.7306,Y
588040.SH,鹏华上证科创板50成份ETF,上证科创板50成份,2025,178,0.1248,
588040.SH,鹏华上证科创板50成份ETF,上证科创板50成份,2026,177,0.1762,
588050.SH,工银瑞信上证科创板50成份ETF,上证科创板50成份,2021,243,1.6629,Y
588050.SH,工银瑞信上证科创板50成份ETF,上证科创板50成份,2022,242,1.9408,Y
588050.SH,工银瑞信上证科创板50成份ETF,上证科创板50成份,2023,242,2.3344,Y
588050.SH,工银瑞信上证科创板50成份ETF,上证科创板50成份,2024,242,3.1378,Y
588050.SH,工银瑞信上证科创板50成份ETF,上证科创板50成份,2025,243,3.4946,Y
588050.SH,工银瑞信上证科创板50成份ETF,上证科创板50成份,2026,177,4.1782,Y
588060.SH,广发上证科创板50成份ETF,上证科创板50成份,2021,105,0.0866,
588060.SH,广发上证科创板50成份ETF,上证科创板50成份,2022,242,0.1037,
588060.SH,广发上证科创板50成份ETF,上证科创板50成份,2023,242,0.6875,Y
588060.SH,广发上证科创板50成份ETF,上证科创板50成份,2024,242,2.4404,Y
588060.SH,广发上证科创板50成份ETF,上证科创板50成份,2025,243,2.4123,Y
588060.SH,广发上证科创板50成份ETF,上证科创板50成份,2026,177,3.9502,Y
588070.SH,万家上证科创板成长ETF,上证科创板成长,2025,243,0.0697,
588070.SH,万家上证科创板成长ETF,上证科创板成长,2026,177,0.0701,
588080.SH,易方达上证科创板50成份ETF,上证科创板50成份,2021,243,2.3573,Y
588080.SH,易方达上证科创板50成份ETF,上证科创板50成份,2022,242,3.8362,Y
588080.SH,易方达上证科创板50成份ETF,上证科创板50成份,2023,242,5.7194,Y
588080.SH,易方达上证科创板50成份ETF,上证科创板50成份,2024,242,10.8172,Y
588080.SH,易方达上证科创板50成份ETF,上证科创板50成份,2025,243,11.0499,Y
588080.SH,易方达上证科创板50成份ETF,上证科创板50成份,2026,177,19.1273,Y
588090.SH,华泰柏瑞上证科创板50成份ETF,上证科创板50成份,2021,243,1.2841,Y
588090.SH,华泰柏瑞上证科创板50成份ETF,上证科创板50成份,2022,242,1.11,Y
588090.SH,华泰柏瑞上证科创板50成份ETF,上证科创板50成份,2023,242,1.0801,Y
588090.SH,华泰柏瑞上证科创板50成份ETF,上证科创板50成份,2024,242,1.3568,Y
588090.SH,华泰柏瑞上证科创板50成份ETF,上证科创板50成份,2025,243,1.8262,Y
588090.SH,华泰柏瑞上证科创板50成份ETF,上证科创板50成份,2026,177,2.646,Y
588100.SH,嘉实上证科创板新一代信息技术ETF,上证科创板新一代信息技术,2022,149,0.81,Y
588100.SH,嘉实上证科创板新一代信息技术ETF,上证科创板新一代信息技术,2023,242,0.655,Y
588100.SH,嘉实上证科创板新一代信息技术ETF,上证科创板新一代信息技术,2024,242,0.3495,
588100.SH,嘉实上证科创板新一代信息技术ETF,上证科创板新一代信息技术,2025,243,0.3457,
588100.SH,嘉实上证科创板新一代信息技术ETF,上证科创板新一代信息技术,2026,177,0.2387,
588110.SH,广发上证科创板成长ETF,上证科创板成长,2023,81,0.5771,Y
588110.SH,广发上证科创板成长ETF,上证科创板成长,2024,242,0.253,
588110.SH,广发上证科创板成长ETF,上证科创板成长,2025,243,0.3025,
588110.SH,广发上证科创板成长ETF,上证科创板成长,2026,177,0.3931,
588120.SH,国泰上证科创板100ETF,上证科创板100,2023,70,3.1734,Y
588120.SH,国泰上证科创板100ETF,上证科创板100,2024,242,2.0275,Y
588120.SH,国泰上证科创板100ETF,上证科创板100,2025,243,0.7705,Y
588120.SH,国泰上证科创板100ETF,上证科创板100,2026,177,0.864,Y
588130.SH,华夏上证科创板生物医药ETF,上证科创板生物医药,2025,149,0.0793,
588130.SH,华夏上证科创板生物医药ETF,上证科创板生物医药,2026,177,0.3496,
588140.SH,广发上证科创板200ETF,上证科创板200,2026,177,0.1044,
588150.SH,南方上证科创板50成份ETF,上证科创板50成份,2022,242,0.0684,
588150.SH,南方上证科创板50成份ETF,上证科创板50成份,2023,242,0.1548,
588150.SH,南方上证科创板50成份ETF,上证科创板50成份,2024,242,0.1859,
588150.SH,南方上证科创板50成份ETF,上证科创板50成份,2025,243,0.2247,
588150.SH,南方上证科创板50成份ETF,上证科创板50成份,2026,177,0.4133,
588160.SH,南方上证科创板新材料ETF,上证科创板新材料,2023,242,0.1335,
588160.SH,南方上证科创板新材料ETF,上证科创板新材料,2024,242,0.1066,
588160.SH,南方上证科创板新材料ETF,上证科创板新材料,2025,243,0.0791,
588160.SH,南方上证科创板新材料ETF,上证科创板新材料,2026,177,0.821,Y
588170.SH,华夏上证科创板半导体材料设备主题ETF,上证科创板半导体材料设备主题,2025,182,2.3095,Y
588170.SH,华夏上证科创板半导体材料设备主题ETF,上证科创板半导体材料设备主题,2026,177,33.3656,Y
588180.SH,国联安上证科创板50成份ETF,上证科创板50成份,2021,125,0.2508,
588180.SH,国联安上证科创板50成份ETF,上证科创板50成份,2022,242,0.2615,
588180.SH,国联安上证科创板50成份ETF,上证科创板50成份,2023,242,0.388,
588180.SH,国联安上证科创板50成份ETF,上证科创板50成份,2024,242,0.5052,Y
588180.SH,国联安上证科创板50成份ETF,上证科创板50成份,2025,243,0.453,
588180.SH,国联安上证科创板50成份ETF,上证科创板50成份,2026,177,0.3816,
588190.SH,银华上证科创板100ETF,上证科创板100,2023,70,2.812,Y
588190.SH,银华上证科创板100ETF,上证科创板100,2024,242,2.8265,Y
588190.SH,银华上证科创板100ETF,上证科创板100,2025,243,2.2632,Y
588190.SH,银华上证科创板100ETF,上证科创板100,2026,177,1.7422,Y
588200.SH,嘉实上证科创板芯片ETF,上证科创板芯片,2023,242,3.952,Y
588200.SH,嘉实上证科创板芯片ETF,上证科创板芯片,2024,242,15.3611,Y
588200.SH,嘉实上证科创板芯片ETF,上证科创板芯片,2025,243,26.056,Y
588200.SH,嘉实上证科创板芯片ETF,上证科创板芯片,2026,177,41.8941,Y
588210.SH,易方达上证科创板100ETF,上证科创板100,2024,242,0.1172,
588210.SH,易方达上证科创板100ETF,上证科创板100,2025,243,0.0904,
588210.SH,易方达上证科创板100ETF,上证科创板100,2026,177,0.1424,
588220.SH,鹏华上证科创板100ETF,上证科创板100,2023,70,6.6417,Y
588220.SH,鹏华上证科创板100ETF,上证科创板100,2024,242,5.8052,Y
588220.SH,鹏华上证科创板100ETF,上证科创板100,2025,243,3.2856,Y
588220.SH,鹏华上证科创板100ETF,上证科创板100,2026,177,5.893,Y
588230.SH,华泰柏瑞上证科创板200ETF,上证科创板200,2025,243,0.5151,Y
588230.SH,华泰柏瑞上证科创板200ETF,上证科创板200,2026,177,1.6011,Y
588240.SH,鹏华上证科创板200ETF,上证科创板200,2025,211,0.3382,
588240.SH,鹏华上证科创板200ETF,上证科创板200,2026,177,0.5508,Y
588250.SH,鹏华上证科创板生物医药ETF,上证科创板生物医药,2025,193,0.1962,
588250.SH,鹏华上证科创板生物医药ETF,上证科创板生物医药,2026,177,0.1068,
588260.SH,华安上证科创板新一代信息技术ETF,上证科创板新一代信息技术,2022,149,0.4776,
588260.SH,华安上证科创板新一代信息技术ETF,上证科创板新一代信息技术,2023,242,0.2858,
588260.SH,华安上证科创板新一代信息技术ETF,上证科创板新一代信息技术,2024,242,0.134,
588260.SH,华安上证科创板新一代信息技术ETF,上证科创板新一代信息技术,2025,243,0.0775,
588260.SH,华安上证科创板新一代信息技术ETF,上证科创板新一代信息技术,2026,177,0.0524,
588270.SH,易方达上证科创板200ETF,上证科创板200,2025,137,0.0834,
588270.SH,易方达上证科创板200ETF,上证科创板200,2026,177,0.2527,
588280.SH,华安上证科创板50成份ETF,上证科创板50成份,2022,242,0.1733,
588280.SH,华安上证科创板50成份ETF,上证科创板50成份,2023,242,0.0767,
588280.SH,华安上证科创板50成份ETF,上证科创板50成份,2024,242,0.22,
588280.SH,华安上证科创板50成份ETF,上证科创板50成份,2025,243,0.2131,
588280.SH,华安上证科创板50成份ETF,上证科创板50成份,2026,177,0.2827,
588290.SH,华安上证科创板芯片ETF,上证科创板芯片,2023,242,1.089,Y
588290.SH,华安上证科创板芯片ETF,上证科创板芯片,2024,242,1.431,Y
588290.SH,华安上证科创板芯片ETF,上证科创板芯片,2025,243,2.2421,Y
588290.SH,华安上证科创板芯片ETF,上证科创板芯片,2026,177,3.6764,Y
588300.SH,招商中证科创创业50ETF,中证科创创业50,2021,123,1.3797,Y
588300.SH,招商中证科创创业50ETF,中证科创创业50,2022,242,0.7011,Y
588300.SH,招商中证科创创业50ETF,中证科创创业50,2023,242,0.4245,
588300.SH,招商中证科创创业50ETF,中证科创创业50,2024,242,0.3349,
588300.SH,招商中证科创创业50ETF,中证科创创业50,2025,243,0.5218,Y
588300.SH,招商中证科创创业50ETF,中证科创创业50,2026,177,0.5876,Y
588310.SH,方正富邦中证科创创业50ETF,中证科创创业50,2022,242,0.0042,
588310.SH,方正富邦中证科创创业50ETF,中证科创创业50,2023,242,0.0054,
588310.SH,方正富邦中证科创创业50ETF,中证科创创业50,2024,242,0.0302,
588310.SH,方正富邦中证科创创业50ETF,中证科创创业50,2025,243,0.0316,
588310.SH,方正富邦中证科创创业50ETF,中证科创创业50,2026,177,0.0283,
588320.SH,广发中证科创创业50增强策略ETF,中证科创创业50,2023,239,0.0178,
588320.SH,广发中证科创创业50增强策略ETF,中证科创创业50,2024,241,0.0185,
588320.SH,广发中证科创创业50增强策略ETF,中证科创创业50,2025,243,0.0356,
588320.SH,广发中证科创创业50增强策略ETF,中证科创创业50,2026,177,0.1014,
588330.SH,华宝中证科创创业50ETF,中证科创创业50,2021,122,0.636,Y
588330.SH,华宝中证科创创业50ETF,中证科创创业50,2022,242,0.4547,
588330.SH,华宝中证科创创业50ETF,中证科创创业50,2023,242,0.2359,
588330.SH,华宝中证科创创业50ETF,中证科创创业50,2024,242,0.4256,
588330.SH,华宝中证科创创业50ETF,中证科创创业50,2025,243,0.4408,
588330.SH,华宝中证科创创业50ETF,中证科创创业50,2026,177,0.6859,Y
588350.SH,鹏扬中证科创创业50ETF,中证科创创业50,2023,242,0.0752,
588350.SH,鹏扬中证科创创业50ETF,中证科创创业50,2024,242,0.0457,
588350.SH,鹏扬中证科创创业50ETF,中证科创创业50,2025,243,0.053,
588350.SH,鹏扬中证科创创业50ETF,中证科创创业50,2026,177,0.0567,
588360.SH,国泰中证科创创业50ETF,中证科创创业50,2021,122,0.5005,Y
588360.SH,国泰中证科创创业50ETF,中证科创创业50,2022,242,0.4076,
588360.SH,国泰中证科创创业50ETF,中证科创创业50,2023,242,0.3391,
588360.SH,国泰中证科创创业50ETF,中证科创创业50,2024,242,0.2459,
588360.SH,国泰中证科创创业50ETF,中证科创创业50,2025,243,0.271,
588360.SH,国泰中证科创创业50ETF,中证科创创业50,2026,177,0.2823,
588370.SH,南方上证科创板50成份增强策略ETF,上证科创板50成份,2023,242,0.3206,
588370.SH,南方上证科创板50成份增强策略ETF,上证科创板50成份,2024,242,0.1759,
588370.SH,南方上证科创板50成份增强策略ETF,上证科创板50成份,2025,243,0.0756,
588370.SH,南方上证科创板50成份增强策略ETF,上证科创板50成份,2026,177,0.0789,
588380.SH,富国中证科创创业50ETF,中证科创创业50,2021,122,0.7579,Y
588380.SH,富国中证科创创业50ETF,中证科创创业50,2022,242,1.0589,Y
588380.SH,富国中证科创创业50ETF,中证科创创业50,2023,242,0.7528,Y
588380.SH,富国中证科创创业50ETF,中证科创创业50,2024,242,0.5213,Y
588380.SH,富国中证科创创业50ETF,中证科创创业50,2025,243,0.7231,Y
588380.SH,富国中证科创创业50ETF,中证科创创业50,2026,177,1.1163,Y
588390.SH,博时中证科创创业50ETF,中证科创创业50,2021,83,0.2678,
588390.SH,博时中证科创创业50ETF,中证科创创业50,2022,242,0.1761,
588390.SH,博时中证科创创业50ETF,中证科创创业50,2023,242,0.1202,
588390.SH,博时中证科创创业50ETF,中证科创创业50,2024,242,0.1132,
588390.SH,博时中证科创创业50ETF,中证科创创业50,2025,243,0.1236,
588390.SH,博时中证科创创业50ETF,中证科创创业50,2026,177,0.1091,
588400.SH,嘉实中证科创创业50ETF,中证科创创业50,2021,123,1.2543,Y
588400.SH,嘉实中证科创创业50ETF,中证科创创业50,2022,242,1.006,Y
588400.SH,嘉实中证科创创业50ETF,中证科创创业50,2023,242,0.5113,Y
588400.SH,嘉实中证科创创业50ETF,中证科创创业50,2024,242,0.3067,
588400.SH,嘉实中证科创创业50ETF,中证科创创业50,2025,243,0.3521,
588400.SH,嘉实中证科创创业50ETF,中证科创创业50,2026,177,0.427,
588410.SH,鹏华中证科创创业人工智能ETF,中证科创创业人工智能,2026,177,0.1547,
588420.SH,摩根中证科创创业人工智能ETF,中证科创创业人工智能,2026,177,0.3261,
588430.SH,工银瑞信中证科创创业人工智能ETF,中证科创创业人工智能,2026,177,0.1888,
588450.SH,招商上证科创板50成份增强策略ETF,上证科创板50成份,2024,152,0.1204,
588450.SH,招商上证科创板50成份增强策略ETF,上证科创板50成份,2025,243,0.1187,
588450.SH,招商上证科创板50成份增强策略ETF,上证科创板50成份,2026,177,0.1332,
588460.SH,鹏华上证科创板50成份增强策略ETF,上证科创板50成份,2023,240,0.5994,Y
588460.SH,鹏华上证科创板50成份增强策略ETF,上证科创板50成份,2024,242,0.3588,
588460.SH,鹏华上证科创板50成份增强策略ETF,上证科创板50成份,2025,243,0.5014,Y
588460.SH,鹏华上证科创板50成份增强策略ETF,上证科创板50成份,2026,177,0.71,Y
588470.SH,华安中证科创创业人工智能ETF,中证科创创业人工智能,2026,84,0.3202,
588480.SH,中金中证科创创业人工智能ETF,中证科创创业人工智能,2026,96,0.1856,
588500.SH,易方达上证科创板100增强策略ETF,上证科创板100,2024,111,0.3586,
588500.SH,易方达上证科创板100增强策略ETF,上证科创板100,2025,243,0.0565,
588500.SH,易方达上证科创板100增强策略ETF,上证科创板100,2026,177,0.0761,
588510.SH,华夏中证科创创业人工智能ETF,中证科创创业人工智能,2026,83,0.224,
588520.SH,永赢上证科创板综合价格增强策略ETF,上证科创板综合价格,2025,121,0.1117,
588520.SH,永赢上证科创板综合价格增强策略ETF,上证科创板综合价格,2026,177,0.0421,
588550.SH,易方达上证科创板综合增强策略ETF,上证科创板综合,2025,73,0.1338,
588550.SH,易方达上证科创板综合增强策略ETF,上证科创板综合,2026,177,0.0526,
588660.SH,兴银中证科创创业50ETF,中证科创创业50,2025,197,0.1175,
588660.SH,兴银中证科创创业50ETF,中证科创创业50,2026,177,0.0624,
588670.SH,嘉实上证科创板综合增强策略ETF,上证科创板综合,2025,138,0.1097,
588670.SH,嘉实上证科创板综合增强策略ETF,上证科创板综合,2026,177,0.0301,
588680.SH,广发上证科创板100增强策略ETF,上证科创板100,2024,121,0.0965,
588680.SH,广发上证科创板100增强策略ETF,上证科创板100,2025,243,0.0416,
588680.SH,广发上证科创板100增强策略ETF,上证科创板100,2026,177,0.0557,
588690.SH,银华上证科创板综合增强策略ETF,上证科创板综合,2025,83,0.2251,
588690.SH,银华上证科创板综合增强策略ETF,上证科创板综合,2026,177,0.0312,
588700.SH,嘉实上证科创板生物医药ETF,上证科创板生物医药,2024,239,0.1628,
588700.SH,嘉实上证科创板生物医药ETF,上证科创板生物医药,2025,243,0.3772,
588700.SH,嘉实上证科创板生物医药ETF,上证科创板生物医药,2026,177,0.4398,
588710.SH,华泰柏瑞上证科创板半导体材料设备主题ETF,上证科创板半导体材料设备主题,2025,145,0.9508,Y
588710.SH,华泰柏瑞上证科创板半导体材料设备主题ETF,上证科创板半导体材料设备主题,2026,177,7.8317,Y
588720.SH,中银上证科创板50成份ETF,上证科创板50成份,2025,177,0.0786,
588720.SH,中银上证科创板50成份ETF,上证科创板50成份,2026,177,0.102,
588730.SH,易方达上证科创板人工智能ETF,上证科创板人工智能,2025,227,1.1678,Y
588730.SH,易方达上证科创板人工智能ETF,上证科创板人工智能,2026,177,1.3992,Y
588750.SH,汇添富上证科创板芯片ETF,上证科创板芯片,2025,243,1.2784,Y
588750.SH,汇添富上证科创板芯片ETF,上证科创板芯片,2026,177,2.9864,Y
588760.SH,广发上证科创板人工智能ETF,上证科创板人工智能,2025,228,2.2662,Y
588760.SH,广发上证科创板人工智能ETF,上证科创板人工智能,2026,177,2.4729,Y
588770.SH,摩根上证科创板新一代信息技术ETF,上证科创板新一代信息技术,2025,192,0.1076,
588770.SH,摩根上证科创板新一代信息技术ETF,上证科创板新一代信息技术,2026,177,0.2588,
588780.SH,国联安上证科创板芯片设计主题ETF,上证科创板芯片设计主题,2025,243,0.8006,Y
588780.SH,国联安上证科创板芯片设计主题ETF,上证科创板芯片设计主题,2026,177,2.1809,Y
588790.SH,博时上证科创板人工智能ETF,上证科创板人工智能,2025,238,3.7326,Y
588790.SH,博时上证科创板人工智能ETF,上证科创板人工智能,2026,177,3.6133,Y
588800.SH,华夏上证科创板100ETF,上证科创板100,2024,242,5.0056,Y
588800.SH,华夏上证科创板100ETF,上证科创板100,2025,243,1.9159,Y
588800.SH,华夏上证科创板100ETF,上证科创板100,2026,177,3.0317,Y
588810.SH,富国上证科创板芯片ETF,上证科创板芯片,2025,238,0.3786,
588810.SH,富国上证科创板芯片ETF,上证科创板芯片,2026,177,1.0022,Y
588820.SH,华夏上证科创板200ETF,上证科创板200,2025,241,0.1014,
588820.SH,华夏上证科创板200ETF,上证科创板200,2026,177,0.3226,
588830.SH,鹏华上证科创板新能源ETF,上证科创板新能源,2024,96,0.4924,
588830.SH,鹏华上证科创板新能源ETF,上证科创板新能源,2025,243,0.9244,Y
588830.SH,鹏华上证科创板新能源ETF,上证科创板新能源,2026,177,1.4082,Y
588840.SH,万家上证科创板50成份ETF,上证科创板50成份,2025,202,0.0957,
588840.SH,万家上证科创板50成份ETF,上证科创板50成份,2026,177,0.0772,
588850.SH,嘉实上证科创板工业机械ETF,上证科创板工业机械,2025,170,0.0621,
588850.SH,嘉实上证科创板工业机械ETF,上证科创板工业机械,2026,177,0.2097,
588860.SH,工银瑞信上证科创板生物医药ETF,上证科创板生物医药,2024,86,0.5563,Y
588860.SH,工银瑞信上证科创板生物医药ETF,上证科创板生物医药,2025,243,0.275,
588860.SH,工银瑞信上证科创板生物医药ETF,上证科创板生物医药,2026,177,0.147,
588870.SH,汇添富上证科创板50成份ETF,上证科创板50成份,2025,226,0.5445,Y
588870.SH,汇添富上证科创板50成份ETF,上证科创板50成份,2026,177,0.9238,Y
588880.SH,华泰柏瑞上证科创板100ETF,上证科创板100,2024,242,0.3895,
588880.SH,华泰柏瑞上证科创板100ETF,上证科创板100,2025,243,0.2967,
588880.SH,华泰柏瑞上证科创板100ETF,上证科创板100,2026,177,0.1304,
588890.SH,南方上证科创板芯片ETF,上证科创板芯片,2024,170,0.1971,
588890.SH,南方上证科创板芯片ETF,上证科创板芯片,2025,243,0.7453,Y
588890.SH,南方上证科创板芯片ETF,上证科创板芯片,2026,177,1.6317,Y
588900.SH,南方上证科创板100ETF,上证科创板100,2024,242,0.4158,
588900.SH,南方上证科创板100ETF,上证科创板100,2025,243,0.2609,
588900.SH,南方上证科创板100ETF,上证科创板100,2026,177,0.1445,
588910.SH,建信上证智选科创板创新价值ETF,上证智选科创板创新价值,2025,183,0.2347,
588910.SH,建信上证智选科创板创新价值ETF,上证智选科创板创新价值,2026,177,0.1637,
588920.SH,鹏华上证科创板芯片ETF,上证科创板芯片,2025,107,0.6965,Y
588920.SH,鹏华上证科创板芯片ETF,上证科创板芯片,2026,177,0.3725,
588930.SH,银华上证科创板人工智能ETF,上证科创板人工智能,2025,235,1.1008,Y
588930.SH,银华上证科创板人工智能ETF,上证科创板人工智能,2026,177,0.8205,Y
588940.SH,富国上证科创板50成份ETF,上证科创板50成份,2025,146,0.3359,
588940.SH,富国上证科创板50成份ETF,上证科创板50成份,2026,177,0.9229,Y
588950.SH,景顺长城上证科创板50成份ETF,上证科创板50成份,2025,227,0.1042,
588950.SH,景顺长城上证科创板50成份ETF,上证科创板50成份,2026,177,0.4634,
588960.SH,富国上证科创板新能源ETF,上证科创板新能源,2025,215,0.109,
588960.SH,富国上证科创板新能源ETF,上证科创板新能源,2026,177,0.2093,
588980.SH,广发上证科创板100ETF,上证科创板100,2025,103,0.0801,
588980.SH,广发上证科创板100ETF,上证科创板100,2026,177,0.0293,
588990.SH,博时上证科创板芯片ETF,上证科创板芯片,2024,91,0.5885,Y
588990.SH,博时上证科创板芯片ETF,上证科创板芯片,2025,243,0.5417,Y
588990.SH,博时上证科创板芯片ETF,上证科创板芯片,2026,177,0.6315,Y
589000.SH,华夏上证科创板综合ETF,上证科创板综合,2025,205,1.3258,Y
589000.SH,华夏上证科创板综合ETF,上证科创板综合,2026,177,1.3054,Y
589010.SH,华夏上证科创板人工智能ETF,上证科创板人工智能,2025,181,0.627,Y
589010.SH,华夏上证科创板人工智能ETF,上证科创板人工智能,2026,177,1.204,Y
589020.SH,鹏华上证科创板半导体材料设备主题ETF,上证科创板半导体材料设备主题,2025,79,0.5325,Y
589020.SH,鹏华上证科创板半导体材料设备主题ETF,上证科创板半导体材料设备主题,2026,177,4.8008,Y
589030.SH,易方达上证科创板芯片设计主题ETF,上证科创板芯片设计主题,2026,167,0.9565,Y
589050.SH,兴业上证科创板综合价格ETF,上证科创板综合价格,2025,92,0.0996,
589050.SH,兴业上证科创板综合价格ETF,上证科创板综合价格,2026,177,0.0447,
589060.SH,东财上证科创板综合价格ETF,上证科创板综合价格,2025,189,0.096,
589060.SH,东财上证科创板综合价格ETF,上证科创板综合价格,2026,177,0.0722,
589070.SH,天弘上证科创板芯片设计主题ETF,上证科创板芯片设计主题,2026,163,1.4661,Y
589080.SH,汇添富上证科创板综合ETF,上证科创板综合,2025,205,0.4087,
589080.SH,汇添富上证科创板综合ETF,上证科创板综合,2026,177,0.3027,
589090.SH,鹏华上证科创板人工智能ETF,上证科创板人工智能,2025,85,0.3034,
589090.SH,鹏华上证科创板人工智能ETF,上证科创板人工智能,2026,177,0.1072,
589100.SH,国泰上证科创板芯片ETF,上证科创板芯片,2025,183,0.3033,
589100.SH,国泰上证科创板芯片ETF,上证科创板芯片,2026,177,0.5325,Y
589110.SH,国泰上证科创板人工智能ETF,上证科创板人工智能,2026,177,0.1332,
589120.SH,汇添富上证科创板创新药ETF,上证科创板创新药,2025,68,0.3634,
589120.SH,汇添富上证科创板创新药ETF,上证科创板创新药,2026,177,1.0174,Y
589130.SH,易方达上证科创板芯片ETF,上证科创板芯片,2026,174,1.5171,Y
589150.SH,平安上证科创板50成份ETF,上证科创板50成份,2026,176,0.1845,
589160.SH,广发上证科创板芯片ETF,上证科创板芯片,2026,158,0.3613,
589170.SH,鹏华上证科创板芯片设计主题ETF,上证科创板芯片设计主题,2026,153,0.1461,
589180.SH,汇添富上证科创板新材料ETF,上证科创板新材料,2025,137,0.0602,
589180.SH,汇添富上证科创板新材料ETF,上证科创板新材料,2026,177,0.2314,
589190.SH,华宝上证科创板芯片ETF,上证科创板芯片,2026,161,0.7848,Y
589200.SH,工银瑞信上证科创板200ETF,上证科创板200,2025,98,0.1633,
589200.SH,工银瑞信上证科创板200ETF,上证科创板200,2026,177,0.0581,
589210.SH,广发上证科创板芯片设计主题ETF,上证科创板芯片设计主题,2026,177,0.2691,
589220.SH,国泰上证科创板200ETF,上证科创板200,2026,162,0.3527,
589230.SH,南方上证科创板人工智能ETF,上证科创板人工智能,2026,157,0.3085,
589250.SH,浦银上证科创板芯片设计主题ETF,上证科创板芯片设计主题,2026,121,0.1532,
589260.SH,国泰上证科创板芯片设计主题ETF,上证科创板芯片设计主题,2026,120,0.1625,
589270.SH,前海开源上证科创板100ETF,上证科创板100,2026,103,0.0614,
589280.SH,华宝上证科创板综合增强策略ETF,上证科创板综合,2026,90,0.1202,
589290.SH,汇添富上证科创板芯片设计主题ETF,上证科创板芯片设计主题,2026,64,0.1414,
589300.SH,嘉实上证科创板综合ETF,上证科创板综合,2025,175,0.0674,
589300.SH,嘉实上证科创板综合ETF,上证科创板综合,2026,177,0.0278,
589320.SH,嘉实上证科创板200ETF,上证科创板200,2026,84,0.1071,
589330.SH,东财上证科创板200ETF,上证科创板200,2026,83,0.0853,
589350.SH,银华上证科创板芯片设计主题ETF,上证科创板芯片设计主题,2026,62,0.21,
589360.SH,国泰上证科创板50成份ETF,上证科创板50成份,2026,64,0.6737,Y
589380.SH,富国上证科创板人工智能ETF,上证科创板人工智能,2025,126,0.2099,
589380.SH,富国上证科创板人工智能ETF,上证科创板人工智能,2026,177,0.0993,
589500.SH,工银瑞信上证科创板综合价格ETF,上证科创板综合价格,2025,207,0.3108,
589500.SH,工银瑞信上证科创板综合价格ETF,上证科创板综合价格,2026,177,0.1023,
589520.SH,华宝上证科创板人工智能ETF,上证科创板人工智能,2025,199,0.274,
589520.SH,华宝上证科创板人工智能ETF,上证科创板人工智能,2026,177,0.4633,
589550.SH,华夏上证智选科创板价值50策略ETF,上证智选科创板价值50策略,2025,107,0.0356,
589550.SH,华夏上证智选科创板价值50策略ETF,上证智选科创板价值50策略,2026,177,0.026,
589560.SH,汇添富上证科创板人工智能ETF,上证科创板人工智能,2025,78,0.3942,
589560.SH,汇添富上证科创板人工智能ETF,上证科创板人工智能,2026,177,0.146,
589580.SH,兴银上证科创板综合价格ETF,上证科创板综合价格,2025,140,0.0616,
589580.SH,兴银上证科创板综合价格ETF,上证科创板综合价格,2026,177,0.019,
589600.SH,富国上证科创板综合价格ETF,上证科创板综合价格,2025,203,0.3169,
589600.SH,富国上证科创板综合价格ETF,上证科创板综合价格,2026,177,0.1238,
589630.SH,国泰上证科创板综合ETF,上证科创板综合,2025,200,0.6533,Y
589630.SH,国泰上证科创板综合ETF,上证科创板综合,2026,177,0.3523,
589660.SH,南方上证科创板综合ETF,上证科创板综合,2025,205,0.5481,Y
589660.SH,南方上证科创板综合ETF,上证科创板综合,2026,177,0.5403,Y
589680.SH,鹏华上证科创板综合ETF,上证科创板综合,2025,205,1.3629,Y
589680.SH,鹏华上证科创板综合ETF,上证科创板综合,2026,177,1.482,Y
589700.SH,南方上证科创板成长ETF,上证科创板成长,2025,144,0.0845,
589700.SH,南方上证科创板成长ETF,上证科创板成长,2026,177,0.0707,
589720.SH,国泰上证科创板创新药ETF,上证科创板创新药,2025,103,0.9858,Y
589720.SH,国泰上证科创板创新药ETF,上证科创板创新药,2026,177,4.5761,Y
589770.SH,招商上证科创板综合ETF,上证科创板综合,2025,205,0.4923,
589770.SH,招商上证科创板综合ETF,上证科创板综合,2026,177,0.2076,
589780.SH,富国上证科创板200ETF,上证科创板200,2025,63,0.129,
589780.SH,富国上证科创板200ETF,上证科创板200,2026,177,0.0479,
589800.SH,易方达上证科创板综合ETF,上证科创板综合,2025,206,1.3777,Y
589800.SH,易方达上证科创板综合ETF,上证科创板综合,2026,177,1.1688,Y
589820.SH,建信上证科创板200ETF,上证科创板200,2025,72,0.1088,
589820.SH,建信上证科创板200ETF,上证科创板200,2026,177,0.1179,
589850.SH,东财上证科创板50成份ETF,上证科创板50成份,2025,97,0.646,Y
589850.SH,东财上证科创板50成份ETF,上证科创板50成份,2026,177,1.0803,Y
589860.SH,天弘上证科创板综合ETF,上证科创板综合,2025,205,0.7952,Y
589860.SH,天弘上证科创板综合ETF,上证科创板综合,2026,177,0.3013,
589880.SH,建信上证科创板综合ETF,上证科创板综合,2025,208,0.384,
589880.SH,建信上证科创板综合ETF,上证科创板综合,2026,177,0.3449,
589890.SH,景顺长城上证科创板综合价格ETF,上证科创板综合价格,2025,205,0.3169,
589890.SH,景顺长城上证科创板综合价格ETF,上证科创板综合价格,2026,177,0.1496,
589900.SH,博时上证科创板综合ETF,上证科创板综合,2025,205,0.674,Y
589900.SH,博时上证科创板综合ETF,上证科创板综合,2026,177,0.2316,
589950.SH,富国上证科创板100ETF,上证科创板100,2026,177,0.0791,
589960.SH,易方达上证科创板新能源ETF,上证科创板新能源,2025,67,0.397,
589960.SH,易方达上证科创板新能源ETF,上证科创板新能源,2026,177,0.3847,
589980.SH,汇添富上证科创板100ETF,上证科创板100,2025,161,0.1507,
589980.SH,汇添富上证科创板100ETF,上证科创板100,2026,177,0.0544,
589990.SH,华泰柏瑞上证科创板综合ETF,上证科创板综合,2025,205,0.1659,
589990.SH,华泰柏瑞上证科创板综合ETF,上证科创板综合,2026,177,0.0837,
