ts_code,name,management,custodian,fund_type,found_date,due_date,list_date,issue_date,delist_date,issue_amount,m_fee,c_fee,duration_year,p_value,min_amount,exp_return,benchmark,status,invest_type,type,trustee,purc_startdate,redm_startdate,market,list_status
158039.SZ,广发标普港股通低波红利ETF,广发基金管理有限公司,中国工商银行股份有限公司,股票型,20260918,,nan,nan,nan,nan,0.5,0.1,,nan,nan,,标普港股通低波红利指数(S&PAccessHongKongLowVolatilityHighDividendIndex)(港元)同期收益率×100%,L,nan,nan,,nan,nan,E,L
589490.SH,华夏上证科创板成长ETF,华夏基金管理有限公司,中国农业银行股份有限公司,股票型,20260918,,nan,nan,nan,nan,0.15,0.05,,nan,nan,,上证科创板成长指数收益率×100%,L,nan,nan,,nan,nan,E,L
158056.SZ,嘉实创业板算力基础设施ETF,嘉实基金管理有限公司,中国农业银行股份有限公司,股票型,20260916,,20260924,nan,nan,nan,0.5,0.1,,nan,nan,,创业板算力基础设施指数收益率×100%,L,nan,nan,,nan,nan,E,L
158042.SZ,富国恒生科技ETF(QDII),富国基金管理有限公司,兴业银行股份有限公司,股票型,20260916,,20260924,nan,nan,nan,0.5,0.1,,nan,nan,,恒生科技指数收益率×100%,L,nan,nan,,nan,nan,E,L
508047.SH,山证晋中公投瑞阳供热REIT,山证(上海)资产管理有限公司,招商银行股份有限公司,REITs,20260916,,nan,nan,nan,nan,nan,0.01,,nan,nan,,本基金暂不设立业绩比较基准,L,nan,nan,,nan,nan,E,L
158057.SZ,鹏华创业板算力基础设施ETF,鹏华基金管理有限公司,华泰证券股份有限公司,股票型,20260916,,20260923,nan,nan,nan,0.5,0.1,,nan,nan,,创业板算力基础设施指数收益率×100%,L,nan,nan,,nan,nan,E,L
158025.SZ,鹏华创业板成长ETF,鹏华基金管理有限公司,青岛银行股份有限公司,股票型,20260916,,nan,nan,nan,nan,0.5,0.1,,nan,nan,,创业板成长指数收益率×100%,L,nan,nan,,nan,nan,E,L
158053.SZ,大成创业板算力基础设施ETF,大成基金管理有限公司,长城证券股份有限公司,股票型,20260916,,20260923,nan,nan,nan,0.5,0.1,,nan,nan,,创业板算力基础设施指数收益率×100%,L,nan,nan,,nan,nan,E,L
158063.SZ,南方创业板算力基础设施ETF,南方基金管理股份有限公司,中信建投证券股份有限公司,股票型,20260916,,20260924,nan,nan,nan,0.15,0.05,,nan,nan,,创业板算力基础设施指数收益率×100%,L,nan,nan,,nan,nan,E,L
515470.SH,南方中证人工智能主题ETF,南方基金管理股份有限公司,中国农业银行股份有限公司,股票型,20260916,,20260924,nan,nan,nan,0.15,0.05,,nan,nan,,中证人工智能主题指数×100%,L,nan,nan,,nan,nan,E,L
562450.SH,博时中证有色金属矿业主题ETF,博时基金管理有限公司,交通银行股份有限公司,股票型,20260916,,nan,nan,nan,nan,0.5,0.1,,nan,nan,,中证有色金属矿业主题指数收益率×100%,L,nan,nan,,nan,nan,E,L
158049.SZ,广发创业板算力基础设施ETF,广发基金管理有限公司,国投证券股份有限公司,股票型,20260915,,20260922,nan,nan,nan,0.5,0.1,,nan,nan,,创业板算力基础设施指数收益率×100%,L,nan,nan,,nan,nan,E,L
589480.SH,嘉实上证科创板芯片设计主题ETF,嘉实基金管理有限公司,国信证券股份有限公司,股票型,20260914,,20260924,20260824,nan,nan,0.5,0.1,,1.0,0.1,,上证科创板芯片设计主题指数收益率×100%,L,nan,股票型,,nan,nan,E,L
158031.SZ,易方达创业板人工智能ETF,易方达基金管理有限公司,中国银行股份有限公司,股票型,20260914,,20260922,nan,nan,nan,0.15,0.05,,nan,nan,,创业板人工智能指数收益率×100%,L,nan,nan,,nan,nan,E,L
158050.SZ,易方达创业板算力基础设施ETF,易方达基金管理有限公司,招商银行股份有限公司,股票型,20260911,,20260918,nan,nan,nan,0.5,0.1,,nan,nan,,创业板算力基础设施指数收益率×100%,L,nan,nan,,nan,nan,E,L
158026.SZ,华夏国证大盘成长ETF,华夏基金管理有限公司,招商银行股份有限公司,股票型,20260911,,20260923,nan,nan,nan,0.15,0.05,,nan,nan,,国证大盘成长指数收益率×100%,L,nan,nan,,nan,nan,E,L
158041.SZ,华夏创业板算力基础设施ETF,华夏基金管理有限公司,中国建设银行股份有限公司,股票型,20260910,,20260917,nan,nan,nan,0.5,0.1,,nan,nan,,创业板算力基础设施指数收益率×100%,L,nan,nan,,nan,nan,E,L
512470.SH,广发中证工业有色金属主题ETF,广发基金管理有限公司,上海浦东发展银行股份有限公司,股票型,20260910,,20260924,nan,nan,nan,0.5,0.1,,nan,nan,,中证工业有色金属主题指数收益率×100%,L,nan,nan,,nan,nan,E,L
158022.SZ,国联创业板综合增强策略ETF,国联基金管理有限公司,中国农业银行股份有限公司,股票型,20260909,,20260918,20260820,nan,nan,0.8,0.1,,1.0,0.1,,创业板综合指数收益率×100%,L,nan,股票型,,nan,nan,E,L
589510.SH,易方达上证科创板新材料ETF,易方达基金管理有限公司,兴业证券股份有限公司,股票型,20260909,,20260917,20260824,nan,nan,0.5,0.1,,1.0,0.1,,上证科创板新材料指数收益率×100%,L,nan,股票型,,nan,nan,E,L
515940.SH,南方恒生A股电网设备ETF,南方基金管理股份有限公司,中国银行股份有限公司,股票型,20260909,,20260917,20260824,nan,nan,0.15,0.05,,1.0,0.1,,恒生A股电网设备指数收益率×100%,L,nan,股票型,,nan,nan,E,L
158061.SZ,天弘创业板算力基础设施ETF,天弘基金管理有限公司,广发证券股份有限公司,股票型,20260909,,20260916,nan,nan,nan,0.5,0.1,,nan,nan,,创业板算力基础设施指数收益率×100%,L,nan,nan,,nan,nan,E,L
158038.SZ,富国国证粮食产业ETF,富国基金管理有限公司,平安银行股份有限公司,股票型,20260907,,20260916,nan,nan,nan,0.5,0.1,,nan,nan,,国证粮食产业指数收益率×100%,L,nan,nan,,nan,nan,E,L
516040.SH,华夏沪深300自由现金流ETF,华夏基金管理有限公司,中国银行股份有限公司,股票型,20260907,,20260918,20260824,nan,nan,0.15,0.05,,1.0,0.1,,沪深300自由现金流指数收益率×100%,L,nan,股票型,,nan,nan,E,L
562170.SH,易方达沪深300自由现金流ETF,易方达基金管理有限公司,中国工商银行股份有限公司,股票型,20260904,,20260914,20260731,nan,nan,nan,nan,,1.0,0.1,,沪深300自由现金流指数收益率×100%,L,nan,股票型,,nan,nan,E,L
512740.SH,广发中证汽车零部件主题ETF,广发基金管理有限公司,中信建投证券股份有限公司,股票型,20260903,,20260914,20260819,nan,nan,0.5,0.1,,1.0,0.1,,中证汽车零部件主题指数收益率×100%,L,nan,股票型,,nan,nan,E,L
158032.SZ,景顺长城中证细分化工产业主题ETF,景顺长城基金管理有限公司,中信建投证券股份有限公司,股票型,20260902,,20260914,20260817,nan,nan,0.5,0.1,,1.0,0.1,,中证细分化工产业主题指数收益率×100%,L,nan,股票型,,nan,nan,E,L
158028.SZ,招商中证稀有金属主题ETF,招商基金管理有限公司,中国农业银行股份有限公司,股票型,20260902,,20260911,20260810,nan,nan,0.5,0.1,,1.0,0.1,,中证稀有金属主题指数收益率×100%,L,nan,股票型,,nan,nan,E,L
562110.SH,东方红中证云计算50ETF,上海东方证券资产管理有限公司,中国建设银行股份有限公司,股票型,20260902,,20260916,20260820,nan,nan,0.5,0.1,,1.0,0.1,,中证云计算50指数收益率×100%,L,nan,股票型,,nan,nan,E,L
159025.SZ,华安中证家电龙头ETF,华安基金管理有限公司,兴业银行股份有限公司,股票型,20260902,,20260914,20260817,nan,nan,0.5,0.1,,1.0,0.1,,中证家电龙头指数收益率×100%,L,nan,股票型,,nan,nan,E,L
515440.SH,南方中证A股ETF,南方基金管理股份有限公司,中国建设银行股份有限公司,股票型,20260902,,20260910,20260811,nan,nan,0.15,0.05,,1.0,0.1,,中证A股指数收益率×100%,L,nan,股票型,,nan,nan,E,L
561610.SH,鑫元中证绿色电力ETF,鑫元基金管理有限公司,上海浦东发展银行股份有限公司,股票型,20260902,,20260916,20260810,nan,nan,0.5,0.1,,1.0,0.1,,中证绿色电力指数收益率×100%,L,nan,股票型,,nan,nan,E,L
562150.SH,鹏华中证全指红利质量ETF,鹏华基金管理有限公司,中泰证券股份有限公司,股票型,20260831,,20260914,20260817,nan,nan,0.15,0.05,,1.0,0.1,,中证全指红利质量指数收益率×100%,L,nan,股票型,,nan,nan,E,L
589430.SH,华宝上证科创板芯片设计主题ETF,华宝基金管理有限公司,国信证券股份有限公司,股票型,20260827,,20260904,20260810,nan,nan,0.5,0.1,,1.0,0.1,,上证科创板芯片设计主题指数收益率×100%,L,nan,股票型,,nan,nan,E,L
158011.SZ,国泰创业板软件ETF,国泰基金管理有限公司,中国建设银行股份有限公司,股票型,20260826,,20260904,20260817,nan,nan,0.5,0.1,,1.0,0.1,,创业板软件指数收益率×100%,L,nan,股票型,,nan,nan,E,L
158013.SZ,易方达国证航天航空行业ETF,易方达基金管理有限公司,国泰海通证券股份有限公司,股票型,20260826,,20260907,20260727,nan,nan,0.15,0.05,,1.0,0.1,,国证航天航空行业指数收益率×100%,L,nan,股票型,,nan,nan,E,L
561530.SH,银华中证银行ETF,银华基金管理股份有限公司,中国银河证券股份有限公司,股票型,20260826,,20260903,20260810,nan,nan,0.5,0.1,,1.0,0.1,,中证银行指数收益率×100%,L,nan,股票型,,nan,nan,E,L
526060.SH,华泰柏瑞中证港股通信息技术综合ETF,华泰柏瑞基金管理有限公司,国泰海通证券股份有限公司,股票型,20260826,,20260904,20260720,nan,nan,0.5,0.1,,1.0,0.1,,中证港股通信息技术综合指数(港元)收益率×100%,L,nan,股票型,,nan,nan,E,L
158027.SZ,易方达中证工业互联网主题ETF,易方达基金管理有限公司,中国银行股份有限公司,股票型,20260824,,20260902,20260807,nan,nan,0.15,0.05,,1.0,0.1,,中证工业互联网主题指数收益率×100%,L,nan,股票型,,nan,nan,E,L
561690.SH,农银汇理沪深300质量ETF,农银汇理基金管理有限公司,中信证券股份有限公司,股票型,20260821,,20260907,20260810,nan,nan,0.15,0.05,,1.0,0.1,,沪深300质量指数收益率×100%,L,nan,股票型,,nan,nan,E,L
158023.SZ,万家中证800红利低波动ETF,万家基金管理有限公司,中国银行股份有限公司,股票型,20260821,,20260907,20260810,nan,nan,0.5,0.05,,1.0,0.1,,中证800红利低波动指数收益率×100%,L,nan,股票型,,nan,nan,E,L
562180.SH,招商中证A500红利低波动ETF,招商基金管理有限公司,广发证券股份有限公司,股票型,20260821,,20260901,20260814,nan,nan,0.15,0.1,,1.0,0.1,,中证A500红利低波动指数收益率×100%,L,nan,股票型,,nan,nan,E,L
561730.SH,华夏中证A股ETF,华夏基金管理有限公司,中国工商银行股份有限公司,股票型,20260819,,20260828,20260720,nan,2.3075,0.15,0.05,,1.0,0.1,,中证A股指数收益率×100%,L,nan,股票型,,nan,nan,E,L
158001.SZ,嘉实国证价值100ETF,嘉实基金管理有限公司,招商银行股份有限公司,股票型,20260819,,20260827,20260803,nan,2.6539,0.5,0.1,,1.0,0.1,,国证价值100指数收益率×100%,L,nan,股票型,,20260827,20260827,E,L
158017.SZ,易方达中证细分化工产业主题ETF,易方达基金管理有限公司,国投证券股份有限公司,股票型,20260819,,20260827,20260727,nan,3.4159,0.15,0.05,,1.0,0.1,,中证细分化工产业主题指数收益率×100%,L,nan,股票型,,20260827,20260827,E,L
158010.SZ,嘉实中证医疗ETF,嘉实基金管理有限公司,交通银行股份有限公司,股票型,20260819,,20260827,20260729,nan,2.3021,0.5,0.1,,1.0,0.1,,中证医疗指数收益率×100%,L,nan,股票型,,20260827,20260827,E,L
158019.SZ,永赢中证电池主题ETF,永赢基金管理有限公司,青岛银行股份有限公司,股票型,20260819,,20260827,20260803,nan,2.9428,0.5,0.1,,1.0,0.1,,中证电池主题指数收益率×100%,L,nan,股票型,,20260827,20260827,E,L
561830.SH,国泰海通中证有色金属矿业主题ETF,上海国泰海通证券资产管理有限公司,苏州银行股份有限公司,股票型,20260819,,20260902,20260810,nan,2.4557,0.5,0.1,,1.0,0.1,,中证有色金属矿业主题指数收益率×100%,L,nan,股票型,,nan,nan,E,L
159096.SZ,华夏国证价值100ETF,华夏基金管理有限公司,中国工商银行股份有限公司,股票型,20260819,,20260828,20260803,nan,2.7963,0.15,0.05,,1.0,0.1,,国证价值100指数收益率×100%,L,nan,股票型,,nan,nan,E,L
158008.SZ,华夏国证储能电池ETF,华夏基金管理有限公司,中信银行股份有限公司,股票型,20260819,,20260828,20260720,nan,2.7341,0.15,0.05,,1.0,0.1,,国证储能电池指数收益率×100%,L,nan,股票型,,nan,nan,E,L
158005.SZ,博时中证工程机械主题ETF,博时基金管理有限公司,招商银行股份有限公司,股票型,20260814,,20260824,20260804,nan,2.2506,0.5,0.1,,1.0,0.1,,中证工程机械主题指数收益率×100%,L,nan,股票型,,20260824,20260824,E,L
158000.SZ,鹏华中证港股通内地金融ETF,鹏华基金管理有限公司,兴业银行股份有限公司,股票型,20260814,,20260826,20260701,nan,2.1993,0.5,0.1,,1.0,0.1,,中证港股通内地金融指数(港元)收益率×100%,L,nan,股票型,,20260826,20260826,E,L
589460.SH,华宝上证科创板200ETF,华宝基金管理有限公司,华泰证券股份有限公司,股票型,20260813,,20260821,20260727,nan,2.2663,0.15,0.05,,1.0,0.1,,上证科创板200指数收益率×100%,L,nan,股票型,,20260821,20260821,E,L
517230.SH,永赢中证沪港深云计算产业ETF,永赢基金管理有限公司,交通银行股份有限公司,股票型,20260812,,20260820,20260724,nan,2.1855,0.5,0.1,,1.0,0.1,,中证沪港深云计算产业指数(人民币)收益率×100%,L,nan,股票型,,20260820,20260820,E,L
159043.SZ,华安中证全指食品ETF,华安基金管理有限公司,兴业银行股份有限公司,股票型,20260812,,20260824,20260511,nan,2.0077,0.5,0.1,,1.0,0.1,,中证全指食品指数收益率×100%,L,nan,股票型,,20260824,20260824,E,L
159082.SZ,华夏中证细分化工产业主题ETF,华夏基金管理有限公司,中信银行股份有限公司,股票型,20260812,,20260821,20260713,nan,2.0353,0.15,0.05,,1.0,0.1,,中证细分化工产业主题指数收益率×100%,L,nan,股票型,,20260821,20260821,E,L
159073.SZ,汇添富国证粮食产业ETF,汇添富基金管理股份有限公司,财通证券股份有限公司,股票型,20260812,,20260820,20260727,nan,2.3217,0.5,0.1,,1.0,0.1,,国证粮食产业指数收益率×100%,L,nan,股票型,,20260820,20260820,E,L
158012.SZ,南方中证云计算50ETF,南方基金管理股份有限公司,中国工商银行股份有限公司,股票型,20260812,,20260820,20260727,nan,2.7483,0.15,0.05,,1.0,0.1,,中证云计算50指数收益率×100%,L,nan,股票型,,20260820,20260820,E,L
561410.SH,工银瑞信中证光伏产业ETF,工银瑞信基金管理有限公司,国信证券股份有限公司,股票型,20260812,,20260824,20260706,nan,2.5461,0.5,0.1,,1.0,0.1,,中证光伏产业指数收益率×100%,L,nan,股票型,,20260824,20260824,E,L
158003.SZ,嘉实中证港股通医疗主题ETF,嘉实基金管理有限公司,中国农业银行股份有限公司,股票型,20260811,,20260819,20260713,nan,2.5965,0.5,0.1,,1.0,0.1,,中证港股通医疗主题指数(港元)收益率×100%,L,nan,股票型,,20260819,20260819,E,L
508609.SH,华安锦江REIT,华安基金管理有限公司,中信银行股份有限公司,REITs,20260810,,nan,20260730,nan,7.0,nan,0.01,,1.0,0.267,,本基金暂不设立业绩比较基准,L,nan,其他型,,nan,nan,E,L
159095.SZ,银华中证云计算50ETF,银华基金管理股份有限公司,广发证券股份有限公司,股票型,20260810,,20260818,20260720,nan,2.9147,0.5,0.1,,1.0,0.1,,中证云计算50指数收益率×100%,L,nan,股票型,,20260818,20260818,E,L
159083.SZ,嘉实中证红利低波动100ETF,嘉实基金管理有限公司,中国建设银行股份有限公司,股票型,20260805,,20260813,20260713,nan,2.8437,0.15,0.05,,1.0,0.1,,中证红利低波动100指数收益率×100%,L,nan,股票型,,20260813,20260813,E,L
159058.SZ,大成中证全指证券公司ETF,大成基金管理有限公司,中泰证券股份有限公司,股票型,20260805,,20260813,20260713,nan,2.5033,0.5,0.1,,1.0,0.1,,中证全指证券公司指数收益率×100%,L,nan,股票型,,20260813,20260813,E,L
159098.SZ,招商国证价值100ETF,招商基金管理有限公司,中国建设银行股份有限公司,股票型,20260805,,20260814,20260706,nan,2.3989,0.5,0.1,,1.0,0.1,,国证价值100指数收益率×100%,L,nan,股票型,,20260814,20260814,E,L
508607.SH,华安陆家嘴REIT,华安基金管理有限公司,上海浦东发展银行股份有限公司,REITs,20260731,,nan,20260721,nan,10.0,nan,0.01,,1.0,0.273,,本基金暂不设立业绩比较基准,L,nan,其他型,,nan,nan,E,L
520740.SH,华安中证港股通互联网ETF,华安基金管理有限公司,江苏银行股份有限公司,股票型,20260730,,20260810,20260701,nan,2.0501,0.5,0.1,,1.0,0.1,,中证港股通互联网指数(港元)收益率×100%,L,nan,股票型,,20260810,20260810,E,L
561890.SH,易方达中证A股ETF,易方达基金管理有限公司,招商银行股份有限公司,股票型,20260730,,20260807,20260713,nan,2.7111,0.15,0.05,,1.0,0.1,,中证A股指数收益率×100%,L,nan,股票型,,20260807,20260807,E,L
561810.SH,华泰柏瑞中证全指医疗器械ETF,华泰柏瑞基金管理有限公司,长沙银行股份有限公司,股票型,20260729,,20260807,20260707,nan,2.1564,0.5,0.1,,1.0,0.1,,中证全指医疗器械指数收益率×100%,L,nan,股票型,,20260807,20260807,E,L
561390.SH,平安中证稀有金属主题ETF,平安基金管理有限公司,江苏银行股份有限公司,股票型,20260729,,20260817,20260629,nan,2.7113,0.5,0.1,,1.0,0.1,,中证稀有金属主题指数收益率×100%,L,nan,股票型,,20260817,20260817,E,L
158006.SZ,博时中证细分化工产业主题ETF,博时基金管理有限公司,北京银行股份有限公司,股票型,20260729,,20260807,20260713,nan,2.1305,0.5,0.1,,1.0,0.1,,中证细分化工产业主题指数收益率×100%,L,nan,股票型,,20260807,20260807,E,L
158009.SZ,南方国证航天航空行业ETF,南方基金管理股份有限公司,中国建设银行股份有限公司,股票型,20260729,,20260806,20260713,nan,2.1637,0.15,0.05,,1.0,0.1,,国证航天航空行业指数收益率×100%,L,nan,股票型,,20260806,20260806,E,L
159077.SZ,鑫元中证电池主题ETF,鑫元基金管理有限公司,中泰证券股份有限公司,股票型,20260729,,20260812,20260706,nan,2.0824,0.5,0.1,,1.0,0.1,,中证电池主题指数收益率×100%,L,nan,股票型,,20260812,20260812,E,L
508605.SH,华夏保利发展REIT,华夏基金管理有限公司,中信银行股份有限公司,REITs,20260728,,nan,20260715,nan,5.0,nan,0.01,,1.0,0.359,,本基金暂不设立业绩比较基准,L,nan,其他型,,nan,nan,E,L
512420.SH,华安中证工程机械主题ETF,华安基金管理有限公司,中信证券股份有限公司,股票型,20260727,,20260807,20260706,nan,2.0624,0.5,0.1,,1.0,0.1,,中证工程机械主题指数收益率×100%,L,nan,股票型,,20260807,20260807,E,L
561620.SH,华泰柏瑞中证细分化工产业主题ETF,华泰柏瑞基金管理有限公司,中泰证券股份有限公司,股票型,20260727,,20260805,20260701,nan,2.0723,0.5,0.1,,1.0,0.1,,中证细分化工产业主题指数收益率×100%,L,nan,股票型,,20260805,20260805,E,L
561020.SH,招商中证全指食品ETF,招商基金管理有限公司,国投证券股份有限公司,股票型,20260724,,20260804,20260629,nan,2.0302,0.5,0.1,,1.0,0.1,,中证全指食品指数收益率×100%,L,nan,股票型,,20260804,20260804,E,L
561450.SH,华泰柏瑞标普中国A股大盘红利低波50ETF,华泰柏瑞基金管理有限公司,中国银行股份有限公司,股票型,20260723,,20260803,20260709,nan,2.1262,0.5,0.1,,1.0,0.1,,标普中国A股大盘红利低波50指数收益率×100%,L,nan,股票型,,20260803,20260803,E,L
159099.SZ,华宝中证云计算50ETF,华宝基金管理有限公司,国信证券股份有限公司,股票型,20260722,,20260730,20260706,nan,2.9061,0.5,0.1,,1.0,0.1,,中证云计算50指数收益率×100%,L,nan,股票型,,20260730,20260730,E,L
159093.SZ,汇添富中证细分化工产业主题ETF,汇添富基金管理股份有限公司,国泰海通证券股份有限公司,股票型,20260722,,20260730,20260706,nan,2.3668,0.5,0.1,,1.0,0.1,,中证细分化工产业主题指数收益率×100%,L,nan,股票型,,20260730,20260730,E,L
561400.SH,鑫元中证畜牧养殖产业ETF,鑫元基金管理有限公司,青岛银行股份有限公司,股票型,20260720,,20260803,20260622,nan,2.1752,0.5,0.1,,1.0,0.1,,中证畜牧养殖产业指数收益率×100%,L,nan,股票型,,20260803,20260803,E,L
159086.SZ,广发中证金融科技主题ETF,广发基金管理有限公司,中国工商银行股份有限公司,股票型,20260720,,20260730,20260701,nan,2.394,0.5,0.1,,1.0,0.1,,中证金融科技主题指数同期收益率×100%,L,nan,股票型,,20260730,20260730,E,L
159087.SZ,万家中证细分化工产业主题ETF,万家基金管理有限公司,长江证券股份有限公司,股票型,20260717,,20260803,20260701,nan,2.1699,0.5,0.1,,1.0,0.1,,中证细分化工产业主题指数收益率×100%,L,nan,股票型,,20260803,20260803,E,L
159079.SZ,兴全国证价值100ETF,兴证全球基金管理有限公司,上海浦东发展银行股份有限公司,股票型,20260717,,20260803,20260701,nan,2.3481,0.5,0.1,,1.0,0.1,,国证价值100指数收益率×100%,L,nan,股票型,,20260803,20260803,E,L
561490.SH,财通资管中证全指红利质量ETF,财通证券资产管理有限公司,广发证券股份有限公司,股票型,20260716,,20260731,20260703,nan,3.7263,0.15,0.05,,1.0,0.1,,中证全指红利质量指数收益率×100%,L,nan,股票型,,20260731,20260731,E,L
515840.SH,南方中证全指食品ETF,南方基金管理股份有限公司,招商证券股份有限公司,股票型,20260715,,20260723,20260624,nan,2.1943,0.15,0.05,,1.0,0.1,,中证全指食品指数收益率×100%,L,nan,股票型,,20260723,20260723,E,L
588530.SH,中银证券中证科创创业人工智能ETF,中银国际证券股份有限公司,上海浦东发展银行股份有限公司,股票型,20260715,,20260729,20260701,nan,3.0823,0.5,0.1,,1.0,0.1,,中证科创创业人工智能指数收益率×100%,L,nan,股票型,,20260729,20260729,E,L
181001.SZ,创金合信北京国资公司REIT,创金合信基金管理有限公司,中国工商银行股份有限公司,REITs,20260713,,20260903,20260703,nan,10.0,nan,0.01,,1.0,0.283,,本基金暂不设立业绩比较基准,L,nan,其他型,,nan,nan,E,L
561630.SH,华泰柏瑞中证全指红利质量ETF,华泰柏瑞基金管理有限公司,上海浦东发展银行股份有限公司,股票型,20260713,,20260722,20260629,nan,2.539,0.5,0.1,,1.0,0.1,,中证全指红利质量指数收益率×100%,L,nan,股票型,,20260722,20260722,E,L
159085.SZ,永赢国证价值100ETF,永赢基金管理有限公司,招商银行股份有限公司,股票型,20260710,,20260720,20260701,nan,2.0354,0.5,0.1,,1.0,0.1,,国证价值100指数收益率×100%,L,nan,股票型,,20260720,20260720,E,L
159059.SZ,大成中证全指电力公用事业ETF,大成基金管理有限公司,平安银行股份有限公司,股票型,20260710,,20260720,20260618,nan,2.2283,0.5,0.1,,1.0,0.1,,中证全指电力公用事业指数收益率×100%,L,nan,股票型,,20260720,20260720,E,L
159069.SZ,华泰柏瑞创业板新能源ETF,华泰柏瑞基金管理有限公司,中信建投证券股份有限公司,股票型,20260709,,20260721,20260622,nan,2.4877,0.5,0.1,,1.0,0.1,,创业板新能源指数收益率×100%,L,nan,股票型,,20260721,20260721,E,L
589410.SH,嘉实上证科创板人工智能ETF,嘉实基金管理有限公司,中国工商银行股份有限公司,股票型,20260708,,20260716,20260622,nan,3.4257,0.5,0.1,,1.0,0.1,,上证科创板人工智能指数收益率×100%,L,nan,股票型,,20260716,20260716,E,L
159091.SZ,易方达中证港股通内地金融ETF,易方达基金管理有限公司,中信建投证券股份有限公司,股票型,20260708,,20260716,20260622,nan,2.3237,0.15,0.05,,1.0,0.1,,中证港股通内地金融指数(港元)收益率×100%,L,nan,股票型,,20260716,20260716,E,L
515040.SH,华夏中证工业有色金属主题ETF,华夏基金管理有限公司,中信建投证券股份有限公司,股票型,20260708,,20260717,20260608,nan,2.1632,0.15,0.05,,1.0,0.1,,中证工业有色金属主题指数收益率×100%,L,nan,股票型,,20260717,20260717,E,L
561250.SH,鹏华中证稀有金属主题ETF,鹏华基金管理有限公司,广发证券股份有限公司,股票型,20260708,,20260722,20260624,nan,2.2675,0.5,0.1,,1.0,0.1,,中证稀有金属主题指数收益率×100%,L,nan,股票型,,20260722,20260722,E,L
159072.SZ,景顺长城国证粮食产业ETF,景顺长城基金管理有限公司,华泰证券股份有限公司,股票型,20260707,,20260717,20260615,nan,2.2429,0.5,0.1,,1.0,0.1,,国证粮食产业指数收益率×100%,L,nan,股票型,,20260717,20260717,E,L
508059.SH,华泰三峡清洁能源REIT,华泰证券(上海)资产管理有限公司,中国农业银行股份有限公司,REITs,20260706,,20260807,20260701,nan,5.0,nan,0.01,,1.0,0.801,,本基金暂不设立业绩比较基准,L,nan,其他型,,nan,nan,E,L
159075.SZ,华夏中证工业互联网主题ETF,华夏基金管理有限公司,中国银行股份有限公司,股票型,20260706,,20260717,20260617,nan,2.532,0.15,0.05,,1.0,0.1,,中证工业互联网主题指数收益率×100%,L,nan,股票型,,20260717,20260717,E,L
516440.SH,南方中证工程机械主题ETF,南方基金管理股份有限公司,中国建设银行股份有限公司,股票型,20260701,,20260709,20260615,nan,2.0763,0.15,0.05,,1.0,0.1,,中证工程机械主题指数收益率×100%,L,nan,股票型,,20260709,20260709,E,L
520750.SH,华富中证港股通信息技术综合ETF,华富基金管理有限公司,中信建投证券股份有限公司,股票型,20260701,,20260710,20260601,nan,2.1338,0.5,0.1,,1.0,0.1,,中证港股通信息技术综合指数(港元)收益率×100%,L,nan,股票型,,20260710,20260710,E,L
561420.SH,汇添富沪深300自由现金流ETF,汇添富基金管理股份有限公司,中国工商银行股份有限公司,股票型,20260630,,20260708,20260610,nan,2.0924,0.5,0.1,,1.0,0.1,,沪深300自由现金流指数收益率×100%,L,nan,股票型,,20260708,20260708,E,L
512410.SH,广发中证银行ETF,广发基金管理有限公司,中国工商银行股份有限公司,股票型,20260630,,20260708,20260615,nan,2.6187,0.5,0.1,,1.0,0.1,,中证银行指数收益率×100%,L,nan,股票型,,20260708,20260708,E,L
589390.SH,招商上证科创板芯片设计主题ETF,招商基金管理有限公司,中国银行股份有限公司,股票型,20260630,,20260710,20260608,nan,2.0781,0.5,0.1,,1.0,0.1,,上证科创板芯片设计主题指数收益率×100%,L,nan,股票型,,20260710,20260710,E,L
159078.SZ,富国中证A股ETF,富国基金管理有限公司,兴业银行股份有限公司,股票型,20260630,,20260708,20260615,nan,2.4226,0.5,0.1,,1.0,0.1,,中证A股指数收益率×100%,L,nan,股票型,,20260708,20260708,E,L
589420.SH,永赢上证科创板芯片设计主题ETF,永赢基金管理有限公司,中国建设银行股份有限公司,股票型,20260630,,20260709,20260622,nan,2.3048,0.5,0.1,,1.0,0.1,,上证科创板芯片设计主题指数收益率×100%,L,nan,股票型,,20260709,20260709,E,L
159067.SZ,鹏华国证绿色电力ETF,鹏华基金管理有限公司,江苏银行股份有限公司,股票型,20260630,,20260713,20260615,nan,2.0291,0.5,0.1,,1.0,0.1,,国证绿色电力指数收益率×100%,L,nan,股票型,,20260713,20260713,E,L
159076.SZ,华宝创业板新能源ETF,华宝基金管理有限公司,华福证券股份有限公司,股票型,20260630,,20260708,20260615,nan,3.0637,0.5,0.1,,1.0,0.1,,创业板新能源指数收益率×100%,L,nan,股票型,,20260708,20260708,E,L
560730.SH,国泰海通中证红利低波动ETF,上海国泰海通证券资产管理有限公司,兴业银行股份有限公司,股票型,20260630,,20260716,20260622,nan,6.1884,0.5,0.1,,1.0,0.1,,中证红利低波动指数收益率×100%,L,nan,股票型,,20260716,20260716,E,L
589400.SH,富国上证科创板芯片设计主题ETF,富国基金管理有限公司,中国银河证券股份有限公司,股票型,20260630,,20260709,20260622,nan,3.5979,0.5,0.1,,1.0,0.1,,上证科创板芯片设计主题指数收益率×100%,L,nan,股票型,,20260709,20260709,E,L
159161.SZ,东财中证工程机械主题ETF,东财基金管理有限公司,兴业银行股份有限公司,股票型,20260629,,20260707,20260602,nan,2.1733,0.5,0.1,,1.0,0.1,,中证工程机械主题指数收益率×100%,L,nan,股票型,,20260707,20260707,E,L
159068.SZ,华夏中证全指软件ETF,华夏基金管理有限公司,交通银行股份有限公司,股票型,20260629,,20260708,20260601,nan,2.5234,0.15,0.05,,1.0,0.1,,中证全指软件指数收益率×100%,L,nan,股票型,,20260708,20260708,E,L
561470.SH,天弘中证畜牧养殖产业ETF,天弘基金管理有限公司,广发证券股份有限公司,股票型,20260629,,20260709,20260608,nan,2.3594,0.5,0.1,,1.0,0.1,,中证畜牧养殖产业指数收益率×100%,L,nan,股票型,,20260709,20260709,E,L
515480.SH,南方中证红利低波动100ETF,南方基金管理股份有限公司,中信证券股份有限公司,股票型,20260626,,20260706,20260610,nan,2.2534,0.15,0.05,,1.0,0.1,,中证红利低波动100指数收益率×100%,L,nan,股票型,,20260706,20260706,E,L
159066.SZ,建信中证A股ETF,建信基金管理有限责任公司,国信证券股份有限公司,股票型,20260624,,20260706,20260609,nan,2.7273,0.15,0.05,,1.0,0.1,,中证A股指数收益率×100%,L,nan,股票型,,20260706,20260706,E,L
510140.SH,华夏上证综合ETF,华夏基金管理有限公司,广发证券股份有限公司,股票型,20260624,,20260703,20260601,nan,2.1523,0.15,0.05,,1.0,0.1,,上证综合指数收益率×100%,L,nan,股票型,,20260703,20260703,E,L
560920.SH,招商中证工程机械主题ETF,招商基金管理有限公司,华泰证券股份有限公司,股票型,20260624,,20260703,20260603,nan,2.4737,0.5,0.1,,1.0,0.1,,中证工程机械主题指数收益率×100%,L,nan,股票型,,20260703,20260703,E,L
561460.SH,天弘中证人工智能主题ETF,天弘基金管理有限公司,中信建投证券股份有限公司,股票型,20260624,,20260703,20260608,nan,3.9352,0.5,0.1,,1.0,0.1,,中证人工智能主题指数收益率×100%,L,nan,股票型,,20260703,20260703,E,L
159049.SZ,工银瑞信中证有色金属矿业主题ETF,工银瑞信基金管理有限公司,中信建投证券股份有限公司,股票型,20260623,,20260708,20260601,nan,2.4707,0.5,0.1,,1.0,0.1,,中证有色金属矿业主题指数收益率×100%,L,nan,股票型,,20260708,20260708,E,L
589350.SH,银华上证科创板芯片设计主题ETF,银华基金管理股份有限公司,交通银行股份有限公司,股票型,20260618,,20260630,20260601,nan,2.0628,0.5,0.1,,1.0,0.1,,上证科创板芯片设计主题指数收益率×100%,L,nan,股票型,,20260630,20260630,E,L
159040.SZ,鹏华中证港股通互联网ETF,鹏华基金管理有限公司,中泰证券股份有限公司,股票型,20260617,,20260626,20260518,nan,2.0948,0.5,0.1,,1.0,0.1,,中证港股通互联网指数(港元)收益率×100%,L,nan,股票型,,20260626,20260626,E,L
526030.SH,汇添富中证港股通信息技术综合ETF,汇添富基金管理股份有限公司,招商银行股份有限公司,股票型,20260617,,20260626,20260601,nan,2.3847,0.5,0.1,,1.0,0.1,,中证港股通信息技术综合指数(港元)收益率×100%,L,nan,股票型,,20260626,20260626,E,L
561430.SH,博时中证全指红利质量ETF,博时基金管理有限公司,中国建设银行股份有限公司,股票型,20260617,,20260630,20260601,nan,2.6222,0.5,0.1,,1.0,0.1,,中证全指红利质量指数收益率×100%,L,nan,股票型,,20260630,20260630,E,L
589290.SH,汇添富上证科创板芯片设计主题ETF,汇添富基金管理股份有限公司,中信建投证券股份有限公司,股票型,20260617,,20260626,20260601,nan,2.3585,0.5,0.1,,1.0,0.1,,上证科创板芯片设计主题指数收益率×100%,L,nan,股票型,,20260626,20260626,E,L
589310.SH,鑫元上证科创板人工智能ETF,鑫元基金管理有限公司,中信证券股份有限公司,股票型,20260617,,20260703,20260601,nan,2.6549,0.5,0.1,,1.0,0.1,,上证科创板人工智能指数收益率×100%,L,nan,股票型,,20260703,20260703,E,L
589360.SH,国泰上证科创板50成份ETF,国泰基金管理有限公司,中国建设银行股份有限公司,股票型,20260617,,20260626,20260529,nan,2.3017,0.15,0.05,,1.0,0.1,,上证科创板50成份指数收益率×100%,L,nan,股票型,,20260626,20260626,E,L
159070.SZ,嘉实中证工程机械主题ETF,嘉实基金管理有限公司,上海浦东发展银行股份有限公司,股票型,20260617,,20260626,20260528,nan,2.3837,0.5,0.1,,1.0,0.1,,中证工程机械主题指数收益率×100%,L,nan,股票型,,20260626,20260626,E,L
159045.SZ,大成中证稀有金属主题ETF,大成基金管理有限公司,中泰证券股份有限公司,股票型,20260615,,20260624,20260601,nan,2.4033,0.5,0.1,,1.0,0.1,,中证稀有金属主题指数收益率×100%,L,nan,股票型,,20260624,20260624,E,L
159061.SZ,南方国证绿色电力ETF,南方基金管理股份有限公司,广发证券股份有限公司,股票型,20260615,,20260624,20260528,nan,2.5404,0.15,0.05,,1.0,0.1,,国证绿色电力指数收益率×100%,L,nan,股票型,,20260624,20260624,E,L
159065.SZ,景顺长城中证工程机械主题ETF,景顺长城基金管理有限公司,中信建投证券股份有限公司,股票型,20260612,,20260626,20260525,nan,2.2035,0.5,0.1,,1.0,0.1,,中证工程机械主题指数收益率×100%,L,nan,股票型,,20260626,20260626,E,L
159071.SZ,华宝国证储能电池ETF,华宝基金管理有限公司,招商证券股份有限公司,股票型,20260610,,20260618,20260525,nan,2.8591,0.5,0.1,,1.0,0.1,,国证储能电池指数收益率×100%,L,nan,股票型,,20260618,20260618,E,L
159062.SZ,南方中证稀有金属主题ETF,南方基金管理股份有限公司,国泰海通证券股份有限公司,股票型,20260610,,20260618,20260525,nan,2.072,0.15,0.05,,1.0,0.1,,中证稀有金属主题指数收益率×100%,L,nan,股票型,,20260618,20260618,E,L
159063.SZ,南方国证粮食产业ETF,南方基金管理股份有限公司,中信证券股份有限公司,股票型,20260605,,20260615,20260520,nan,2.5499,0.15,0.05,,1.0,0.1,,国证粮食产业指数收益率×100%,L,nan,股票型,,20260615,20260615,E,L
159011.SZ,华安中证畜牧养殖产业ETF,华安基金管理有限公司,中信证券股份有限公司,股票型,20260603,,20260616,20260520,nan,2.3351,0.5,0.1,,1.0,0.1,,中证畜牧养殖产业指数收益率×100%,L,nan,股票型,,20260616,20260616,E,L
159036.SZ,华宝中证全指软件开发ETF,华宝基金管理有限公司,广发证券股份有限公司,股票型,20260603,,20260611,20260518,nan,4.3774,0.5,0.1,,1.0,0.1,,中证全指软件开发指数收益率×100%,L,nan,股票型,,20260611,20260611,E,L
159039.SZ,华安国证机器人产业ETF,华安基金管理有限公司,招商银行股份有限公司,股票型,20260603,,20260618,20260520,nan,3.3646,0.5,0.1,,1.0,0.1,,国证机器人产业指数收益率×100%,L,nan,股票型,,20260618,20260618,E,L
159023.SZ,万家中证畜牧养殖产业ETF,万家基金管理有限公司,长沙银行股份有限公司,股票型,20260603,,20260615,20260518,nan,2.3878,0.5,0.1,,1.0,0.1,,中证畜牧养殖产业指数收益率×100%,L,nan,股票型,,20260615,20260615,E,L
159046.SZ,天弘国证绿色电力ETF,天弘基金管理有限公司,国泰海通证券股份有限公司,股票型,20260603,,20260611,20260520,nan,6.3298,0.5,0.1,,1.0,0.1,,国证绿色电力指数收益率×100%,L,nan,股票型,,20260611,20260611,E,L
159052.SZ,嘉实国证储能电池ETF,嘉实基金管理有限公司,国信证券股份有限公司,股票型,20260603,,20260611,20260518,nan,4.3893,0.5,0.1,,1.0,0.1,,国证储能电池指数收益率×100%,L,nan,股票型,,20260611,20260611,E,L
508600.SH,汇添富上海地产REIT,汇添富基金管理股份有限公司,上海浦东发展银行股份有限公司,REITs,20260602,,20260618,20260527,nan,10.0,nan,0.01,,1.0,0.409,,本基金暂不设立业绩比较基准,L,nan,其他型,,nan,nan,E,L
159048.SZ,大成国证机器人产业ETF,大成基金管理有限公司,中信建投证券股份有限公司,股票型,20260602,,20260610,20260520,nan,3.348,0.5,0.1,,1.0,0.1,,国证机器人产业指数收益率×100%,L,nan,股票型,,20260610,20260610,E,L
508603.SH,中金唯品会REIT,中金基金管理有限公司,中国建设银行股份有限公司,REITs,20260601,,20260618,20260525,nan,20.0,nan,0.01,,1.0,0.385,,本基金暂不设立业绩比较基准,L,nan,其他型,,nan,nan,E,L
508602.SH,国泰海通砂之船REIT,上海国泰海通证券资产管理有限公司,招商银行股份有限公司,REITs,20260601,,20260618,20260525,nan,10.0,nan,0.01,,1.0,0.553,,本基金暂不设立业绩比较基准,L,nan,其他型,,nan,nan,E,L
508601.SH,中信建投首农食品集团REIT,中信建投基金管理有限公司,华夏银行股份有限公司,REITs,20260601,,20260618,20260525,nan,10.0,nan,0.01,,1.0,0.301,,本基金暂不设立业绩比较基准,L,nan,其他型,,nan,nan,E,L
159051.SZ,易方达中证全指医疗器械ETF,易方达基金管理有限公司,招商银行股份有限公司,股票型,20260529,,20260609,20260508,nan,2.8912,0.15,0.05,,1.0,0.1,,中证全指医疗器械指数收益率×100%,L,nan,股票型,,20260609,20260609,E,L
159056.SZ,富国中证全指医疗器械ETF,富国基金管理有限公司,国信证券股份有限公司,股票型,20260529,,20260609,20260513,nan,2.7793,0.5,0.1,,1.0,0.1,,中证全指医疗器械指数收益率×100%,L,nan,股票型,,20260609,20260609,E,L
159057.SZ,鹏华中证全指医疗器械ETF,鹏华基金管理有限公司,兴业证券股份有限公司,股票型,20260529,,20260615,20260513,nan,2.0672,0.5,0.1,,1.0,0.1,,中证全指医疗器械指数收益率×100%,L,nan,股票型,,20260615,20260615,E,L
159053.SZ,华夏中证稀有金属主题ETF,华夏基金管理有限公司,中国建设银行股份有限公司,股票型,20260529,,20260609,20260518,nan,2.307,0.15,0.05,,1.0,0.1,,中证稀有金属主题指数收益率×100%,L,nan,股票型,,20260609,20260609,E,L
159050.SZ,广发国证机器人产业ETF,广发基金管理有限公司,中国银行股份有限公司,股票型,20260528,,20260609,20260518,nan,3.487,0.5,0.1,,1.0,0.1,,国证机器人产业指数收益率×100%,L,nan,股票型,,20260609,20260609,E,L
159055.SZ,富国中证稀有金属主题ETF,富国基金管理有限公司,上海浦东发展银行股份有限公司,股票型,20260528,,20260609,20260512,nan,2.8029,0.5,0.1,,1.0,0.1,,中证稀有金属主题指数收益率×100%,L,nan,股票型,,20260609,20260609,E,L
159037.SZ,鹏华国证价值100ETF,鹏华基金管理有限公司,国泰海通证券股份有限公司,股票型,20260528,,20260611,20260511,nan,2.9225,0.5,0.1,,1.0,0.1,,国证价值100指数收益率×100%,L,nan,股票型,,20260611,20260611,E,L
159042.SZ,汇添富国证价值100ETF,汇添富基金管理股份有限公司,中国建设银行股份有限公司,股票型,20260527,,20260609,20260518,nan,2.488,0.5,0.1,,1.0,0.1,,国证价值100指数收益率×100%,L,nan,股票型,,20260609,20260609,E,L
159060.SZ,浦银国证粮食产业ETF,浦银基金管理有限公司,中泰证券股份有限公司,股票型,20260527,,20260610,20260513,nan,2.2448,0.5,0.1,,1.0,0.1,,国证粮食产业指数收益率×100%,L,nan,股票型,,20260610,20260610,E,L
159041.SZ,鹏华中证农业主题ETF,鹏华基金管理有限公司,中信银行股份有限公司,股票型,20260527,,20260610,20260511,nan,2.2347,0.5,0.1,,1.0,0.1,,中证农业主题指数收益率×100%,L,nan,股票型,,20260610,20260610,E,L
159033.SZ,国泰国证粮食产业ETF,国泰基金管理有限公司,上海浦东发展银行股份有限公司,股票型,20260527,,20260605,20260506,nan,2.5232,0.5,0.1,,1.0,0.1,,国证粮食产业指数收益率×100%,L,nan,股票型,,20260605,20260605,E,L
508030.SH,中航中核汇能新能源REIT,中航基金管理有限公司,中信银行股份有限公司,REITs,20260527,,20260728,20260518,nan,2.0,nan,0.01,,1.0,0.662,,本基金暂不设立业绩比较基准,L,nan,其他型,,nan,nan,E,L
560970.SH,平安中证工业有色金属主题ETF,平安基金管理有限公司,中信银行股份有限公司,股票型,20260522,,20260608,20260506,nan,2.2814,0.5,0.1,,1.0,0.1,,中证工业有色金属主题指数收益率×100%,L,nan,股票型,,20260608,20260608,E,L
560670.SH,华泰柏瑞中证银行ETF,华泰柏瑞基金管理有限公司,兴业银行股份有限公司,股票型,20260522,,20260608,20260506,nan,2.1397,0.5,0.1,,1.0,0.1,,中证银行指数收益率×100%,L,nan,股票型,,20260608,20260608,E,L
517130.SH,嘉实中证沪港深云计算产业ETF,嘉实基金管理有限公司,中国建设银行股份有限公司,股票型,20260521,,20260601,20260507,nan,4.6615,0.5,0.1,,1.0,0.1,,中证沪港深云计算产业指数(人民币)收益率×100%,L,nan,股票型,,20260601,20260601,E,L
510910.SH,南方上证综合ETF,南方基金管理股份有限公司,长城证券股份有限公司,股票型,20260521,,20260603,20260507,nan,2.228,0.15,0.05,,1.0,0.1,,上证综合指数收益率×100%,L,nan,股票型,,20260603,20260603,E,L
520710.SH,广发中证港股通信息技术综合ETF,广发基金管理有限公司,中信银行股份有限公司,股票型,20260521,,20260601,20260506,nan,2.2103,0.5,0.1,,1.0,0.1,,中证港股通信息技术综合指数(港元)收益率×100%,L,nan,股票型,,20260601,20260601,E,L
589330.SH,东财上证科创板200ETF,东财基金管理有限公司,中国建设银行股份有限公司,股票型,20260521,,20260529,20260507,nan,2.159,0.15,0.05,,1.0,0.1,,上证科创板200指数收益率×100%,L,nan,股票型,,20260529,20260529,E,L
560720.SH,工银瑞信中证红利低波动100ETF,工银瑞信基金管理有限公司,国信证券股份有限公司,股票型,20260521,,20260605,20260506,nan,2.7855,0.3,0.1,,1.0,0.1,,中证红利低波动100指数收益率×100%,L,nan,股票型,,20260605,20260605,E,L
561030.SH,华泰柏瑞中证工程机械主题ETF,华泰柏瑞基金管理有限公司,长城证券股份有限公司,股票型,20260520,,20260529,20260506,nan,2.7655,0.5,0.1,,1.0,0.1,,中证工程机械主题指数收益率×100%,L,nan,股票型,,20260529,20260529,E,L
159031.SZ,博时国证粮食产业ETF,博时基金管理有限公司,兴业银行股份有限公司,股票型,20260520,,20260601,20260507,nan,2.7603,0.5,0.1,,1.0,0.1,,国证粮食产业指数收益率×100%,L,nan,股票型,,20260601,20260601,E,L
589320.SH,嘉实上证科创板200ETF,嘉实基金管理有限公司,中国银行股份有限公司,股票型,20260520,,20260528,20260511,nan,2.5805,0.15,0.05,,1.0,0.1,,上证科创板200指数收益率×100%,L,nan,股票型,,20260528,20260528,E,L
526070.SH,博时恒指港股通ETF,博时基金管理有限公司,中国农业银行股份有限公司,股票型,20260520,,20260529,20260506,nan,2.3538,0.5,0.1,,1.0,0.1,,恒指港股通指数收益率×100%,L,nan,股票型,,20260529,20260529,E,L
560490.SH,华泰柏瑞中证工业有色金属主题ETF,华泰柏瑞基金管理有限公司,宁波银行股份有限公司,股票型,20260518,,20260526,20260506,nan,3.3848,0.5,0.1,,1.0,0.1,,中证工业有色金属主题指数收益率×100%,L,nan,股票型,,20260526,20260526,E,L
588470.SH,华安中证科创创业人工智能ETF,华安基金管理有限公司,中信建投证券股份有限公司,股票型,20260518,,20260528,20260506,nan,5.7491,0.5,0.1,,1.0,0.1,,中证科创创业人工智能指数收益率×100%,L,nan,股票型,,20260528,20260528,E,L
588510.SH,华夏中证科创创业人工智能ETF,华夏基金管理有限公司,上海浦东发展银行股份有限公司,股票型,20260515,,20260529,20260506,nan,4.1318,0.15,0.05,,1.0,0.1,,中证科创创业人工智能指数收益率×100%,L,nan,股票型,,20260529,20260529,E,L
560830.SH,华夏中证全指电力公用事业ETF,华夏基金管理有限公司,国信证券股份有限公司,股票型,20260515,,20260526,20260506,nan,11.9152,0.15,0.05,,1.0,0.1,,中证全指电力公用事业指数收益率×100%,L,nan,股票型,,20260526,20260526,E,L
560790.SH,鹏华中证软件服务ETF,鹏华基金管理有限公司,青岛银行股份有限公司,股票型,20260514,,20260525,20260420,nan,3.2846,0.5,0.1,,1.0,0.1,,中证软件服务指数收益率×100%,L,nan,股票型,,20260525,20260525,E,L
560480.SH,招商中证全指电力公用事业ETF,招商基金管理有限公司,中泰证券股份有限公司,股票型,20260514,,20260526,20260427,nan,2.448,0.5,0.1,,1.0,0.1,,中证全指电力公用事业指数收益率×100%,L,nan,股票型,,20260526,20260526,E,L
560250.SH,富国中证全指红利质量ETF,富国基金管理有限公司,兴业银行股份有限公司,股票型,20260513,,20260522,20260506,nan,3.6883,0.5,0.1,,1.0,0.1,,中证全指红利质量指数收益率×100%,L,nan,股票型,,20260522,20260522,E,L
561050.SH,易方达中证稀有金属主题ETF,易方达基金管理有限公司,招商银行股份有限公司,股票型,20260513,,20260522,20260429,nan,4.9525,0.5,0.1,,1.0,0.1,,中证稀有金属主题指数收益率×100%,L,nan,股票型,,20260522,20260522,E,L
560910.SH,华泰柏瑞中证电池主题ETF,华泰柏瑞基金管理有限公司,国泰海通证券股份有限公司,股票型,20260513,,20260521,20260506,nan,3.1972,0.5,0.1,,1.0,0.1,,中证电池主题指数收益率×100%,L,nan,股票型,,20260521,20260521,E,L
560870.SH,中银中证工业有色金属主题ETF,中银基金管理有限公司,江苏银行股份有限公司,股票型,20260512,,20260525,20260422,nan,2.2135,0.15,0.05,,1.0,0.1,,中证工业有色金属主题指数收益率×100%,L,nan,股票型,,20260525,20260525,E,L
159038.SZ,易方达国证粮食产业ETF,易方达基金管理有限公司,中国农业银行股份有限公司,股票型,20260512,,20260521,20260421,nan,2.3303,0.15,0.05,,1.0,0.1,,国证粮食产业指数收益率×100%,L,nan,股票型,,20260521,20260521,E,L
159029.SZ,广发中证有色金属矿业主题ETF,广发基金管理有限公司,中国农业银行股份有限公司,股票型,20260511,,20260521,20260420,nan,3.1613,0.5,0.1,,1.0,0.1,,中证有色金属矿业主题指数收益率×100%,L,nan,股票型,,20260521,20260521,E,L
159012.SZ,鹏华中证科创创业50ETF,鹏华基金管理有限公司,中国建设银行股份有限公司,股票型,20260511,,20260520,20260420,nan,2.3388,0.15,0.05,,1.0,0.1,,中证科创创业50指数收益率×100%,L,nan,股票型,,20260520,20260520,E,L
589280.SH,华宝上证科创板综合增强策略ETF,华宝基金管理有限公司,平安银行股份有限公司,股票型,20260508,,20260520,20260420,nan,2.3907,0.5,0.1,,1.0,0.1,,上证科创板综合指数收益率×100%,L,增强指数型,股票型,,20260520,20260520,E,L
508093.SH,易方达广西北投高速公路REIT,易方达基金管理有限公司,交通银行股份有限公司,REITs,20260507,,20260526,20260427,nan,3.0,nan,0.01,,1.0,0.825,,本基金暂不设业绩比较基准,L,nan,其他型,,nan,nan,E,L
159035.SZ,天弘中证软件服务ETF,天弘基金管理有限公司,招商银行股份有限公司,股票型,20260506,,20260515,20260420,nan,3.2886,0.4,0.1,,1.0,0.1,,中证软件服务指数收益率×100%,L,被动指数型,股票型,,20260515,20260515,E,L
159027.SZ,大成中证畜牧养殖产业ETF,大成基金管理有限公司,国信证券股份有限公司,股票型,20260506,,20260515,20260415,nan,2.2747,0.5,0.1,,1.0,0.1,,中证畜牧养殖产业指数收益率×100%,L,被动指数型,股票型,,20260515,20260515,E,L
560930.SH,易方达中证全指电力公用事业ETF,易方达基金管理有限公司,中国工商银行股份有限公司,股票型,20260506,,20260514,20260427,nan,2.6552,0.15,0.05,,1.0,0.1,,中证全指电力公用事业指数收益率×100%,L,被动指数型,股票型,,20260514,20260514,E,L
159032.SZ,易方达中证工业有色金属主题ETF,易方达基金管理有限公司,东方财富证券股份有限公司,股票型,20260430,,20260513,20260414,nan,3.1485,0.15,0.05,,1.0,0.1,,中证工业有色金属主题指数收益率×100%,L,被动指数型,股票型,,20260513,20260513,E,L
159016.SZ,广发中证证券公司30ETF,广发基金管理有限公司,招商银行股份有限公司,股票型,20260430,,20260514,20260413,nan,3.8404,0.5,0.1,,1.0,0.1,,中证证券公司30指数收益率×100%,L,被动指数型,股票型,,20260514,20260514,E,L
520730.SH,万家恒生港股通汽车主题ETF,万家基金管理有限公司,中国银行股份有限公司,股票型,20260430,,20260515,20260415,nan,2.5639,0.5,0.1,,1.0,0.1,,恒生港股通汽车主题指数收益率×100%,L,被动指数型,股票型,,20260515,20260515,E,L
516840.SH,南方中证全指汽车ETF,南方基金管理股份有限公司,中国建设银行股份有限公司,股票型,20260430,,20260513,20260415,nan,2.1328,0.15,0.05,,1.0,0.1,,中证全指汽车指数×100%,L,被动指数型,股票型,,20260513,20260513,E,L
159021.SZ,华夏国证大盘价值ETF,华夏基金管理有限公司,国投证券股份有限公司,股票型,20260429,,20260515,20260407,nan,3.0291,0.15,0.05,,1.0,0.1,,国证大盘价值指数收益率×100%,L,被动指数型,股票型,,20260515,20260515,E,L
159010.SZ,博时恒生港股通科技主题ETF,博时基金管理有限公司,财通证券股份有限公司,股票型,20260429,,20260513,20260413,nan,4.886,0.5,0.1,,1.0,0.1,,恒生港股通科技主题指数收益率×100%,L,被动指数型,股票型,,20260513,20260513,E,L
513620.SH,银华中证港股通医疗主题ETF,银华基金管理股份有限公司,中信建投证券股份有限公司,股票型,20260429,,20260518,20260413,nan,2.3722,0.5,0.1,,1.0,0.1,,中证港股通医疗主题指数(港元)收益率×100%,L,被动指数型,股票型,,20260518,20260518,E,L
159028.SZ,天弘恒生港股通汽车主题ETF,天弘基金管理有限公司,兴业银行股份有限公司,股票型,20260429,,20260514,20260407,nan,2.2245,0.5,0.1,,1.0,0.1,,恒生港股通汽车主题指数收益率(经估值汇率调整)×100%,L,被动指数型,股票型,,20260514,20260514,E,L
588480.SH,中金中证科创创业人工智能ETF,中金基金管理有限公司,东方财富证券股份有限公司,股票型,20260429,,20260512,20260413,nan,3.8372,0.3,0.1,,1.0,0.1,,中证科创创业人工智能指数收益率×100%,L,被动指数型,股票型,,20260512,20260512,E,L
560460.SH,平安中证全指电力公用事业ETF,平安基金管理有限公司,广州农村商业银行股份有限公司,股票型,20260429,,20260515,20260413,nan,5.6204,0.5,0.1,,1.0,0.1,,中证全指电力公用事业指数收益率×100%,L,被动指数型,股票型,,20260515,20260515,E,L
560420.SH,前海开源中证全指食品ETF,前海开源基金管理有限公司,长沙银行股份有限公司,股票型,20260429,,20260519,20260415,nan,2.6178,0.5,0.1,,1.0,0.1,,中证全指食品指数收益率×100%,L,被动指数型,股票型,,20260519,20260519,E,L
560320.SH,富国中证全指食品ETF,富国基金管理有限公司,中信证券股份有限公司,股票型,20260429,,20260513,20260413,nan,2.7533,0.5,0.1,,1.0,0.1,,中证全指食品指数收益率×100%,L,被动指数型,股票型,,20260513,20260513,E,L
513240.SH,华安中证港股通信息技术综合ETF,华安基金管理有限公司,华泰证券股份有限公司,股票型,20260427,,20260508,20260415,nan,2.825,0.5,0.1,,1.0,0.1,,中证港股通信息技术综合指数(港元)收益率×100%,L,被动指数型,股票型,,20260508,20260508,E,L
512140.SH,华安中证全指电力公用事业ETF,华安基金管理有限公司,兴业银行股份有限公司,股票型,20260427,,20260511,20260420,nan,2.8905,0.5,0.1,,1.0,0.1,,中证全指电力公用事业指数收益率×100%,L,被动指数型,股票型,,20260511,20260511,E,L
159030.SZ,华夏国证粮食产业ETF,华夏基金管理有限公司,中信银行股份有限公司,股票型,20260424,,20260512,20260416,nan,4.1397,0.15,0.05,,1.0,0.1,,国证粮食产业指数收益率×100%,L,被动指数型,股票型,,20260512,20260512,E,L
159182.SZ,南方中证全指家用电器ETF,南方基金管理股份有限公司,招商银行股份有限公司,股票型,20260424,,20260508,20260408,nan,2.4249,0.15,0.05,,1.0,0.1,,中证全指家用电器指数收益率×100%,L,被动指数型,股票型,,20260508,20260508,E,L
159193.SZ,银华国证储能电池ETF,银华基金管理股份有限公司,中信证券股份有限公司,股票型,20260423,,20260506,20260415,nan,6.0308,0.5,0.1,,1.0,0.1,,国证储能电池指数收益率×100%,L,被动指数型,股票型,,20260506,20260506,E,L
526050.SH,招商中证港股通信息技术综合ETF,招商基金管理有限公司,中信建投证券股份有限公司,股票型,20260422,,20260430,20260407,nan,2.2063,0.5,0.1,,1.0,0.1,,中证港股通信息技术综合指数(港元)收益率×100%,L,被动指数型,股票型,,20260430,20260430,E,L
512430.SH,华泰柏瑞中证家居家电ETF,华泰柏瑞基金管理有限公司,招商银行股份有限公司,股票型,20260422,,20260430,20260407,nan,2.3172,0.5,0.1,,1.0,0.1,,中证家居家电指数收益率×100%,L,被动指数型,股票型,,20260430,20260430,E,L
159017.SZ,工银瑞信国证石油天然气ETF,工银瑞信基金管理有限公司,广发证券股份有限公司,股票型,20260422,,20260508,20260407,nan,2.3226,0.5,0.1,,1.0,0.1,,国证石油天然气指数收益率×100%,L,被动指数型,股票型,,20260508,20260508,E,L
159192.SZ,汇添富中证家电龙头ETF,汇添富基金管理股份有限公司,国金证券股份有限公司,股票型,20260422,,20260430,20260407,nan,2.3999,0.5,0.1,,1.0,0.1,,中证家电龙头指数收益率×100%,L,被动指数型,股票型,,20260430,20260430,E,L
560450.SH,天弘中证全指电力公用事业ETF,天弘基金管理有限公司,国信证券股份有限公司,股票型,20260422,,20260430,20260413,nan,4.5557,0.5,0.1,,1.0,0.1,,中证全指电力公用事业指数收益率×100%,L,被动指数型,股票型,,20260430,20260430,E,L
560470.SH,易方达中证细分有色金属产业主题ETF,易方达基金管理有限公司,北京银行股份有限公司,股票型,20260422,,20260430,20260407,nan,2.0534,0.15,0.05,,1.0,0.1,,中证细分有色金属产业主题指数收益率×100%,L,被动指数型,股票型,,20260430,20260430,E,L
159015.SZ,国联恒生港股通科技主题ETF,国联基金管理有限公司,国泰海通证券股份有限公司,股票型,20260422,,20260508,20260413,nan,2.5535,0.5,0.1,,1.0,0.1,,恒生港股通科技主题指数收益率×100%,L,被动指数型,股票型,,20260508,20260508,E,L
159178.SZ,汇添富国证消费电子主题ETF,汇添富基金管理股份有限公司,中国农业银行股份有限公司,股票型,20260420,,20260428,20260408,nan,2.5343,0.5,0.1,,1.0,0.1,,国证消费电子主题指数收益率×100%,L,被动指数型,股票型,,20260428,20260428,E,L
159020.SZ,易方达中证畜牧养殖产业ETF,易方达基金管理有限公司,中国工商银行股份有限公司,股票型,20260417,,20260427,20260326,nan,2.0157,0.15,0.05,,1.0,0.1,,中证畜牧养殖产业指数收益率×100%,L,被动指数型,股票型,,20260427,20260427,E,L
159013.SZ,大成中证工业互联网主题ETF,大成基金管理有限公司,广发证券股份有限公司,股票型,20260417,,20260428,20260401,nan,3.7158,0.5,0.1,,1.0,0.1,,中证工业互联网主题指数收益率×100%,L,被动指数型,股票型,,20260428,20260428,E,L
159018.SZ,广发国证石油天然气ETF,广发基金管理有限公司,中信建投证券股份有限公司,股票型,20260416,,20260427,20260330,nan,2.349,0.5,0.1,,1.0,0.1,,国证石油天然气指数同期收益率×100%,L,被动指数型,股票型,,20260427,20260427,E,L
159026.SZ,南方国证石油天然气ETF,南方基金管理股份有限公司,招商银行股份有限公司,股票型,20260416,,20260424,20260330,nan,2.1451,0.15,0.05,,1.0,0.1,,国证石油天然气指数收益率×100%,L,被动指数型,股票型,,20260424,20260424,E,L
515640.SH,华夏中证全指家用电器ETF,华夏基金管理有限公司,中信建投证券股份有限公司,股票型,20260416,,20260424,20260323,nan,2.7055,0.15,0.05,,1.0,0.1,,中证全指家用电器指数收益率×100%,L,被动指数型,股票型,,20260424,20260424,E,L
180503.SZ,中航北京昌保租赁住房REIT,中航基金管理有限公司,中国银行股份有限公司,REITs,20260416,,20260429,20260408,nan,4.0,nan,0.01,,1.0,0.232,,本基金暂不设立业绩比较基准,L,nan,其他型,,nan,nan,E,L
159019.SZ,华宝国证石油天然气ETF,华宝基金管理有限公司,金融街证券股份有限公司,股票型,20260415,,20260423,20260325,nan,2.4633,0.5,0.1,,1.0,0.1,,国证石油天然气指数收益率×100%,L,被动指数型,股票型,,20260423,20260423,E,L
159022.SZ,富国中证科创创业人工智能ETF,富国基金管理有限公司,平安银行股份有限公司,股票型,20260415,,20260424,20260330,nan,3.3263,0.5,0.1,,1.0,0.1,,中证科创创业人工智能指数收益率×100%,L,被动指数型,股票型,,20260424,20260424,E,L
159185.SZ,鹏华中证港股通信息技术综合ETF,鹏华基金管理有限公司,光大证券股份有限公司,股票型,20260415,,20260424,20260323,nan,2.151,0.5,0.1,,1.0,0.1,,中证港股通信息技术综合指数(港元)收益率×100%,L,被动指数型,股票型,,20260424,20260424,E,L
159008.SZ,景顺长城中证全指证券公司ETF,景顺长城基金管理有限公司,国信证券股份有限公司,股票型,20260415,,20260428,20260401,nan,3.9028,0.5,0.1,,1.0,0.1,,中证全指证券公司指数收益率×100%,L,被动指数型,股票型,,20260428,20260428,E,L
589270.SH,前海开源上证科创板100ETF,前海开源基金管理有限公司,长沙银行股份有限公司,股票型,20260409,,20260428,20260316,nan,2.5552,0.15,0.05,,1.0,0.1,,上证科创板100指数收益率×100%,L,被动指数型,股票型,,20260428,20260428,E,L
526010.SH,汇添富中证港股通医疗主题ETF,汇添富基金管理股份有限公司,兴业证券股份有限公司,股票型,20260409,,20260417,20260325,nan,2.3046,0.5,0.1,,1.0,0.1,,中证港股通医疗主题指数(港元)收益率×100%,L,被动指数型,股票型,,20260417,20260417,E,L
159007.SZ,华泰柏瑞中证畜牧养殖产业ETF,华泰柏瑞基金管理有限公司,中国农业银行股份有限公司,股票型,20260408,,20260417,20260313,nan,2.266,0.5,0.1,,1.0,0.1,,中证畜牧养殖产业指数收益率×100%,L,被动指数型,股票型,,20260417,20260417,E,L
508020.SH,东方红隧道股份高速公路REIT,上海东方证券资产管理有限公司,上海银行股份有限公司,REITs,20260407,,20260422,20260401,nan,10.0,nan,0.01,,1.0,0.468,,本基金暂不设业绩比较基准,L,nan,其他型,,nan,nan,E,L
159186.SZ,鹏华恒生港股通汽车主题ETF,鹏华基金管理有限公司,江苏银行股份有限公司,股票型,20260403,,20260420,20260323,nan,2.7187,0.5,0.1,,1.0,0.1,,恒生港股通汽车主题指数(港元)收益率×100%,L,被动指数型,股票型,,20260420,20260420,E,L
159009.SZ,易方达创业板新能源ETF,易方达基金管理有限公司,中国农业银行股份有限公司,股票型,20260403,,20260414,20260313,nan,2.2339,0.15,0.05,,1.0,0.1,,创业板新能源指数收益率×100%,L,被动指数型,股票型,,20260414,20260414,E,L
560410.SH,鹏华中证电池主题ETF,鹏华基金管理有限公司,华泰证券股份有限公司,股票型,20260402,,20260417,20260319,nan,2.8879,0.5,0.1,,1.0,0.1,,中证电池主题指数收益率×100%,L,被动指数型,股票型,,20260417,20260417,E,L
526000.SH,华夏中证港股通信息技术综合ETF,华夏基金管理有限公司,中泰证券股份有限公司,股票型,20260401,,20260410,20260316,nan,2.2014,0.5,0.1,,1.0,0.1,,中证港股通信息技术综合指数(港元)收益率×100%,L,被动指数型,股票型,,20260410,20260410,E,L
159188.SZ,景顺长城标普中国A股红利100ETF,景顺长城基金管理有限公司,中信建投证券股份有限公司,股票型,20260401,,20260410,20260316,nan,3.166,0.5,0.1,,1.0,0.1,,标普中国A股红利100指数收益率×100%,L,被动指数型,股票型,,20260410,20260410,E,L
159199.SZ,平安国证石油天然气ETF,平安基金管理有限公司,华泰证券股份有限公司,股票型,20260330,,20260409,20260316,nan,2.3115,0.5,0.1,,1.0,0.1,,国证石油天然气指数收益率×100%,L,被动指数型,股票型,,20260409,20260409,E,L
159176.SZ,华宝中证全指家用电器ETF,华宝基金管理有限公司,中泰证券股份有限公司,股票型,20260326,,20260403,20260316,nan,2.153,0.5,0.1,,1.0,0.1,,中证全指家用电器指数收益率×100%,L,被动指数型,股票型,,20260403,20260403,E,L
159173.SZ,南方中证全指农牧渔ETF,南方基金管理股份有限公司,中国工商银行股份有限公司,股票型,20260325,,20260402,20260309,nan,2.2146,0.15,0.05,,1.0,0.1,,中证全指农牧渔指数收益率×100%,L,被动指数型,股票型,,20260402,20260402,E,L
159180.SZ,银华国证工业软件主题ETF,银华基金管理股份有限公司,华泰证券股份有限公司,股票型,20260325,,20260403,20260309,nan,2.1116,0.5,0.1,,1.0,0.1,,国证工业软件主题指数收益率×100%,L,被动指数型,股票型,,20260403,20260403,E,L
159196.SZ,易方达中证港股通信息技术综合ETF,易方达基金管理有限公司,兴业银行股份有限公司,股票型,20260325,,20260402,20260312,nan,2.0153,0.5,0.1,,1.0,0.1,,中证港股通信息技术综合指数(港元)收益率×100%,L,被动指数型,股票型,,20260402,20260402,E,L
159197.SZ,招商国证石油天然气ETF,招商基金管理有限公司,东方财富证券股份有限公司,股票型,20260325,,20260402,20260309,nan,2.1439,0.5,0.1,,1.0,0.1,,国证石油天然气指数收益率×100%,L,被动指数型,股票型,,20260402,20260402,E,L
589260.SH,国泰上证科创板芯片设计主题ETF,国泰基金管理有限公司,中国建设银行股份有限公司,股票型,20260325,,20260402,20260310,nan,2.0816,0.5,0.1,,1.0,0.1,,上证科创板芯片设计主题指数收益率×100%,L,被动指数型,股票型,,20260402,20260402,E,L
159198.SZ,富国中证港股通信息技术综合ETF,富国基金管理有限公司,兴业银行股份有限公司,股票型,20260325,,20260403,20260316,nan,2.0634,0.5,0.1,,1.0,0.1,,中证港股通信息技术综合指数收益率×100%,L,被动指数型,股票型,,20260403,20260403,E,L
516370.SH,汇添富中证全指电力公用事业ETF,汇添富基金管理股份有限公司,国信证券股份有限公司,股票型,20260325,,20260403,20260311,nan,2.9241,0.5,0.1,,1.0,0.1,,中证全指电力公用事业指数收益率×100%,L,被动指数型,股票型,,20260403,20260403,E,L
159187.SZ,景顺长城创业板新能源ETF,景顺长城基金管理有限公司,华泰证券股份有限公司,股票型,20260324,,20260401,20260312,nan,2.6118,0.5,0.1,,1.0,0.1,,创业板新能源指数收益率×100%,L,被动指数型,股票型,,20260401,20260401,E,L
159195.SZ,华安国证石油天然气ETF,华安基金管理有限公司,国投证券股份有限公司,股票型,20260320,,20260402,20260311,nan,2.6349,0.5,0.1,,1.0,0.1,,国证石油天然气指数收益率×100%,L,被动指数型,股票型,,20260402,20260402,E,L
159160.SZ,东财中证电池主题ETF,东财基金管理有限公司,兴业银行股份有限公司,股票型,20260319,,20260327,20260309,nan,3.1582,0.5,0.1,,1.0,0.1,,中证电池主题指数收益率×100%,L,被动指数型,股票型,,20260327,20260327,E,L
520790.SH,兴业中证港股通互联网ETF,兴业基金管理有限公司,长江证券股份有限公司,股票型,20260319,,20260330,20260302,nan,2.9908,0.45,0.1,,1.0,0.1,,中证港股通互联网指数收益率(经汇率调整)×100%,L,被动指数型,股票型,,20260330,20260330,E,L
159191.SZ,易方达国证港股通科技ETF,易方达基金管理有限公司,中国建设银行股份有限公司,股票型,20260318,,20260326,20260309,nan,2.241,0.3,0.05,,1.0,0.1,,国证港股通科技指数收益率(使用估值汇率折算)×100%,L,被动指数型,股票型,,20260326,20260326,E,L
520680.SH,南方中证港股通汽车产业主题ETF,南方基金管理股份有限公司,招商银行股份有限公司,股票型,20260318,,20260326,20260302,nan,2.1737,0.4,0.1,,1.0,0.1,,中证港股通汽车产业主题指数(人民币)收益率×100%,L,被动指数型,股票型,,20260326,20260326,E,L
512450.SH,广发中证畜牧养殖产业ETF,广发基金管理有限公司,国投证券股份有限公司,股票型,20260318,,20260401,20260309,nan,2.8737,0.5,0.1,,1.0,0.1,,中证畜牧养殖产业指数收益率×100%,L,被动指数型,股票型,,20260401,20260401,E,L
159179.SZ,工银瑞信中证港股通互联网ETF,工银瑞信基金管理有限公司,国信证券股份有限公司,股票型,20260318,,20260403,20260302,nan,2.449,0.15,0.05,,1.0,0.1,,经汇率调整后的中证港股通互联网指数收益率×100%,L,被动指数型,股票型,,20260403,20260403,E,L
159190.SZ,天弘创业板新能源ETF,天弘基金管理有限公司,中信建投证券股份有限公司,股票型,20260318,,20260330,20260309,nan,2.3407,0.5,0.1,,1.0,0.1,,创业板新能源指数收益率×100%,L,被动指数型,股票型,,20260330,20260330,E,L
589250.SH,浦银上证科创板芯片设计主题ETF,浦银基金管理有限公司,东方财富证券股份有限公司,股票型,20260318,,20260401,20260302,nan,2.911,0.5,0.1,,1.0,0.1,,上证科创板芯片设计主题指数收益率×100%,L,被动指数型,股票型,,20260401,20260401,E,L
159177.SZ,鹏华中证工程机械主题ETF,鹏华基金管理有限公司,南京银行股份有限公司,股票型,20260317,,20260402,20260302,nan,3.2762,0.5,0.1,,1.0,0.1,,中证工程机械主题指数收益率×100%,L,被动指数型,股票型,,20260402,20260402,E,L
159183.SZ,招商中证新能源汽车ETF,招商基金管理有限公司,浙商银行股份有限公司,股票型,20260313,,20260324,20260305,nan,4.1639,0.5,0.1,,1.0,0.1,,中证新能源汽车指数收益率×100%,L,被动指数型,股票型,,20260324,20260324,E,L
159170.SZ,永赢国证港股通互联网ETF,永赢基金管理有限公司,兴业银行股份有限公司,股票型,20260311,,20260319,20260224,nan,3.3764,0.4,0.1,,1.0,0.1,,国证港股通互联网指数收益率(按照估值汇率折算)×100%,L,被动指数型,股票型,,20260319,20260319,E,L
159172.SZ,汇添富中证畜牧养殖产业ETF,汇添富基金管理股份有限公司,光大证券股份有限公司,股票型,20260311,,20260320,20260225,nan,4.2583,0.5,0.1,,1.0,0.1,,中证畜牧养殖产业指数收益率×100%,L,被动指数型,股票型,,20260320,20260320,E,L
512460.SH,华夏中证电池主题ETF,华夏基金管理有限公司,财通证券股份有限公司,股票型,20260311,,20260320,20260224,nan,6.1482,0.15,0.05,,1.0,0.1,,中证电池主题指数收益率×100%,L,被动指数型,股票型,,20260320,20260320,E,L
159181.SZ,易方达国证石油天然气ETF,易方达基金管理有限公司,招商银行股份有限公司,股票型,20260311,,20260319,20260305,nan,2.0941,0.15,0.05,,1.0,0.1,,国证石油天然气指数收益率×100%,L,被动指数型,股票型,,20260319,20260319,E,L
159189.SZ,华夏国证石油天然气ETF,华夏基金管理有限公司,中国建设银行股份有限公司,股票型,20260311,,20260319,20260304,nan,2.4908,0.15,0.05,,1.0,0.1,,国证石油天然气指数收益率×100%,L,被动指数型,股票型,,20260319,20260319,E,L
159166.SZ,长城国证自由现金流ETF,长城基金管理有限公司,中国建设银行股份有限公司,股票型,20260311,,20260318,20260302,nan,4.0482,0.5,0.1,,1.0,0.1,,国证自由现金流指数收益率×100%,L,被动指数型,股票型,,20260318,20260318,E,L
560210.SH,景顺长城中证全指农牧渔ETF,景顺长城基金管理有限公司,国投证券股份有限公司,股票型,20260311,,20260320,20260224,nan,7.8052,0.5,0.1,,1.0,0.1,,中证全指农牧渔指数收益率×100%,L,被动指数型,股票型,,20260320,20260320,E,L
513930.SH,华泰柏瑞恒生生物科技ETF,华泰柏瑞基金管理有限公司,中信建投证券股份有限公司,股票型,20260309,,20260318,20260224,nan,2.7491,0.5,0.1,,1.0,0.1,,恒生生物科技指数收益率(使用估值汇率折算)×100%,L,被动指数型,股票型,,20260318,20260318,E,L
560400.SH,华泰柏瑞中证全指证券公司ETF,华泰柏瑞基金管理有限公司,平安银行股份有限公司,股票型,20260309,,20260319,20260226,nan,2.9649,0.5,0.1,,1.0,0.1,,中证全指证券公司指数收益率×100%,L,被动指数型,股票型,,20260319,20260319,E,L
515460.SH,南方中证全指红利质量ETF,南方基金管理股份有限公司,中信证券股份有限公司,股票型,20260304,,20260316,20260226,nan,5.1409,0.15,0.05,,1.0,0.1,,中证全指红利质量指数收益率×100%,L,被动指数型,股票型,,20260316,20260316,E,L
159175.SZ,易方达中证电池主题ETF,易方达基金管理有限公司,中国民生银行股份有限公司,股票型,20260225,,20260305,20260204,nan,8.5927,0.15,0.05,,1.0,0.1,,中证电池主题指数×100%,L,被动指数型,股票型,,20260305,20260305,E,L
159171.SZ,博时中证工业有色金属主题ETF,博时基金管理有限公司,国投证券股份有限公司,股票型,20260213,,20260305,20260202,nan,2.6353,0.5,0.1,,1.0,0.1,,中证工业有色金属主题指数收益率×100%,L,被动指数型,股票型,,20260305,20260305,E,L
560390.SH,易方达恒生A股电网设备ETF,易方达基金管理有限公司,中国农业银行股份有限公司,股票型,20260213,,20260304,20260206,nan,4.0126,0.15,0.05,,1.0,0.1,,恒生A股电网设备指数收益率×100%,L,被动指数型,股票型,,20260304,20260304,E,L
159169.SZ,广发恒生生物科技ETF,广发基金管理有限公司,华夏银行股份有限公司,股票型,20260212,,20260304,20260202,nan,4.3487,0.5,0.1,,1.0,0.1,,恒生生物科技指数收益率(使用估值汇率折算)×100%,L,被动指数型,股票型,,20260304,20260304,E,L
520760.SH,摩根恒生生物科技ETF,摩根基金管理(中国)有限公司,国信证券股份有限公司,股票型,20260211,,20260302,20260126,nan,3.8547,0.5,0.1,,1.0,0.1,,恒生生物科技指数收益率(经汇率调整后)×100%,L,被动指数型,股票型,,20260302,20260302,E,L
560310.SH,博时中证光伏产业ETF,博时基金管理有限公司,上海浦东发展银行股份有限公司,股票型,20260211,,20260302,20260126,nan,2.2912,0.5,0.1,,1.0,0.1,,中证光伏产业指数收益率×100%,L,被动指数型,股票型,,20260302,20260302,E,L
560270.SH,工银瑞信中证全指电力公用事业ETF,工银瑞信基金管理有限公司,中信建投证券股份有限公司,股票型,20260211,,20260306,20260126,nan,2.7494,0.5,0.1,,1.0,0.1,,中证全指电力公用事业指数收益率×100%,L,被动指数型,股票型,,20260306,20260306,E,L
560370.SH,易方达中证全指红利质量ETF,易方达基金管理有限公司,招商银行股份有限公司,股票型,20260210,,20260226,20260202,nan,2.1608,0.15,0.05,,1.0,0.1,,中证全指红利质量指数收益率×100%,L,被动指数型,股票型,,20260226,20260226,E,L
159159.SZ,国投瑞银中证全指公用事业ETF,国投瑞银基金管理有限公司,中国银河证券股份有限公司,股票型,20260204,,20260212,20260119,nan,6.3232,0.15,0.1,,1.0,0.1,,中证全指公用事业指数收益率×100%,L,被动指数型,股票型,,20260212,20260212,E,L
159165.SZ,永赢中证畜牧养殖产业ETF,永赢基金管理有限公司,中信建投证券股份有限公司,股票型,20260204,,20260212,20260119,nan,3.8557,0.5,0.1,,1.0,0.1,,中证畜牧养殖产业指数收益率×100%,L,被动指数型,股票型,,20260212,20260212,E,L
159167.SZ,工银瑞信中证港股通医疗主题ETF,工银瑞信基金管理有限公司,华泰证券股份有限公司,股票型,20260204,,20260212,20260119,nan,4.0755,0.5,0.1,,1.0,0.1,,经汇率调整后的中证港股通医疗主题指数收益率×100%,L,被动指数型,股票型,,20260212,20260212,E,L
159168.SZ,富国中证工业有色金属主题ETF,富国基金管理有限公司,中信建投证券股份有限公司,股票型,20260204,,20260212,20260126,nan,2.3846,0.5,0.1,,1.0,0.1,,中证工业有色金属主题指数收益率×100%,L,被动指数型,股票型,,20260212,20260212,E,L
159156.SZ,万家国证新能源车电池ETF,万家基金管理有限公司,恒丰银行股份有限公司,股票型,20260204,,20260212,20260126,nan,2.9646,0.5,0.1,,1.0,0.1,,国证新能源车电池指数收益率×100%,L,被动指数型,股票型,,20260212,20260212,E,L
512940.SH,华安中证有色金属矿业主题ETF,华安基金管理有限公司,中国银行股份有限公司,股票型,20260204,,20260226,20260126,nan,5.4871,0.5,0.1,,1.0,0.1,,中证有色金属矿业主题指数收益率×100%,L,被动指数型,股票型,,20260226,20260226,E,L
563560.SH,兴业中证科技优势成长50策略ETF,兴业基金管理有限公司,上海浦东发展银行股份有限公司,股票型,20260204,,20260227,20251104,nan,3.4977,0.5,0.1,,1.0,0.1,,中证科技优势成长50策略指数收益率×100%,L,被动指数型,股票型,,20260227,20260227,E,L
515970.SH,华夏中证工程机械主题ETF,华夏基金管理有限公司,国投证券股份有限公司,股票型,20260204,,20260212,20260119,nan,5.3509,0.15,0.05,,1.0,0.1,,中证工程机械主题指数收益率×100%,L,被动指数型,股票型,,20260212,20260212,E,L
159148.SZ,富国国证石油天然气ETF,富国基金管理有限公司,广发证券股份有限公司,股票型,20260203,,20260211,20260119,nan,2.1047,0.5,0.1,,1.0,0.1,,国证石油天然气指数×100%,L,被动指数型,股票型,,20260211,20260211,E,L
530060.SH,易方达上证综合ETF,易方达基金管理有限公司,中国银行股份有限公司,股票型,20260130,,20260210,20260121,nan,3.2119,0.15,0.05,,1.0,0.1,,上证综合指数收益率×100%,L,被动指数型,股票型,,20260210,20260210,E,L
159153.SZ,鹏华国证消费电子主题ETF,鹏华基金管理有限公司,东方财富证券股份有限公司,股票型,20260129,,20260209,20260112,nan,3.4023,0.5,0.1,,1.0,0.1,,国证消费电子主题指数收益率×100%,L,被动指数型,股票型,,20260209,20260209,E,L
520610.SH,银华标普港股通低波红利ETF,银华基金管理股份有限公司,中国工商银行股份有限公司,股票型,20260128,,20260209,20260112,nan,8.1696,0.5,0.1,,1.0,0.1,,标普港股通低波红利指数×100%,L,被动指数型,股票型,,20260209,20260209,E,L
560710.SH,富国中证智选船舶产业ETF,富国基金管理有限公司,兴业银行股份有限公司,股票型,20260128,,20260206,20260112,nan,14.8758,0.5,0.1,,1.0,0.1,,中证智选船舶产业指数收益率×100%,L,被动指数型,股票型,,20260206,20260206,E,L
159135.SZ,前海开源恒生港股通科技主题ETF,前海开源基金管理有限公司,苏州银行股份有限公司,股票型,20260128,,20260211,20260112,nan,8.5447,0.5,0.1,,1.0,0.1,,恒生港股通科技主题指数收益率(经估值汇率调整)×100%,L,被动指数型,股票型,,20260211,20260211,E,L
159157.SZ,天弘中证工业有色金属主题ETF,天弘基金管理有限公司,中信证券股份有限公司,股票型,20260128,,20260206,20260119,nan,10.7376,0.5,0.1,,1.0,0.1,,中证工业有色金属主题指数收益率×100%,L,被动指数型,股票型,,20260206,20260206,E,L
560230.SH,富国中证光伏产业ETF,富国基金管理有限公司,上海银行股份有限公司,股票型,20260128,,20260206,20260119,nan,3.6389,0.5,0.1,,1.0,0.1,,中证光伏产业指数收益率×100%,L,被动指数型,股票型,,20260206,20260206,E,L
589170.SH,鹏华上证科创板芯片设计主题ETF,鹏华基金管理有限公司,长城证券股份有限公司,股票型,20260128,,20260206,20260119,nan,5.4391,0.5,0.1,,1.0,0.1,,上证科创板芯片设计主题指数收益率×100%,L,被动指数型,股票型,,20260206,20260206,E,L
159163.SZ,泰康中证有色金属矿业主题ETF,泰康基金管理有限公司,兴业银行股份有限公司,股票型,20260127,,20260209,20260114,nan,2.1281,0.5,0.1,,1.0,0.1,,中证有色金属矿业主题指数收益率×100%,L,被动指数型,股票型,,20260209,20260209,E,L
560290.SH,景顺长城中证有色金属矿业主题ETF,景顺长城基金管理有限公司,中信建投证券股份有限公司,股票型,20260126,,20260206,20260115,nan,5.3169,0.5,0.1,,1.0,0.1,,中证有色金属矿业主题指数收益率×100%,L,被动指数型,股票型,,20260206,20260206,E,L
516230.SH,招商中证光伏产业ETF,招商基金管理有限公司,交通银行股份有限公司,股票型,20260123,,20260203,20260112,nan,2.2892,0.5,0.1,,1.0,0.1,,中证光伏产业指数收益率×100%,L,被动指数型,股票型,,20260203,20260203,E,L
159247.SZ,汇添富创业板ETF,汇添富基金管理股份有限公司,中国建设银行股份有限公司,股票型,20260122,,20260202,20251020,nan,2.6399,0.15,0.05,,1.0,0.1,,创业板指数收益率×100%,L,被动指数型,股票型,,20260202,20260202,E,L
159152.SZ,平安恒生港股通科技主题ETF,平安基金管理有限公司,招商银行股份有限公司,股票型,20260121,,20260203,20260112,nan,9.2556,0.5,0.1,,1.0,0.1,,恒生港股通科技主题指数收益率(经汇率调整)×100%,L,被动指数型,股票型,,20260203,20260203,E,L
589160.SH,广发上证科创板芯片ETF,广发基金管理有限公司,中国邮政储蓄银行股份有限公司,股票型,20260121,,20260130,20251229,nan,5.003,0.5,0.1,,1.0,0.1,,上证科创板芯片指数收益率×100%,L,被动指数型,股票型,,20260130,20260130,E,L
520910.SH,华夏中证港股通互联网ETF,华夏基金管理有限公司,招商银行股份有限公司,股票型,20260121,,20260202,20260105,nan,7.3945,0.15,0.05,,1.0,0.1,,中证港股通互联网指数收益率(经汇率调整)×100%,L,被动指数型,股票型,,20260202,20260202,E,L
159162.SZ,鹏华中证工业有色金属主题ETF,鹏华基金管理有限公司,兴业银行股份有限公司,股票型,20260121,,20260129,20260115,nan,7.9594,0.5,0.1,,1.0,0.1,,中证工业有色金属主题指数收益率×100%,L,被动指数型,股票型,,20260129,20260129,E,L
520930.SH,国泰恒生生物科技ETF,国泰基金管理有限公司,兴业银行股份有限公司,股票型,20260121,,20260224,20260112,nan,3.0073,0.5,0.1,,1.0,0.1,,恒生生物科技指数收益率×100%,L,被动指数型,股票型,,20260224,20260224,E,L
560160.SH,易方达中证全指食品ETF,易方达基金管理有限公司,中国银行股份有限公司,股票型,20260119,,20260127,20251224,nan,2.8271,0.5,0.1,,1.0,0.1,,中证全指食品指数收益率×100%,L,被动指数型,股票型,,20260127,20260127,E,L
589190.SH,华宝上证科创板芯片ETF,华宝基金管理有限公司,招商银行股份有限公司,股票型,20260119,,20260127,20251230,nan,3.7878,0.3,0.08,,1.0,0.1,,上证科创板芯片指数收益率×100%,L,被动指数型,股票型,,20260127,20260127,E,L
159158.SZ,景顺长城中证全指电力公用事业ETF,景顺长城基金管理有限公司,国投证券股份有限公司,股票型,20260116,,20260127,20260107,nan,16.6704,0.5,0.1,,1.0,0.1,,中证全指电力公用事业指数收益率×100%,L,被动指数型,股票型,,20260127,20260127,E,L
589220.SH,国泰上证科创板200ETF,国泰基金管理有限公司,中国银行股份有限公司,股票型,20260116,,20260126,20260105,nan,8.535,0.15,0.05,,1.0,0.1,,上证科创板200指数收益率×100%,L,被动指数型,股票型,,20260126,20260126,E,L
589230.SH,南方上证科创板人工智能ETF,南方基金管理股份有限公司,中信建投证券股份有限公司,股票型,20260116,,20260202,20260108,nan,5.1355,0.15,0.05,,1.0,0.1,,上证科创板人工智能指数收益率×100%,L,被动指数型,股票型,,20260202,20260202,E,L
589070.SH,天弘上证科创板芯片设计主题ETF,天弘基金管理有限公司,华泰证券股份有限公司,股票型,20260115,,20260123,20260105,nan,6.0729,0.5,0.1,,1.0,0.1,,上证科创板芯片设计主题指数收益率×100%,L,被动指数型,股票型,,20260123,20260123,E,L
159147.SZ,南方中证电池主题ETF,南方基金管理股份有限公司,交通银行股份有限公司,股票型,20260114,,20260123,20260105,nan,3.2191,0.15,0.05,,1.0,0.1,,中证电池主题指数×100%,L,被动指数型,股票型,,20260123,20260123,E,L
159155.SZ,大成中证电池主题ETF,大成基金管理有限公司,兴业银行股份有限公司,股票型,20260113,,20260121,20260105,nan,4.4151,0.5,0.1,,1.0,0.1,,中证电池主题指数收益率×100%,L,被动指数型,股票型,,20260121,20260121,E,L
159146.SZ,华宝中证全指电力公用事业ETF,华宝基金管理有限公司,广发证券股份有限公司,股票型,20260112,,20260120,20251222,nan,7.1944,0.5,0.1,,1.0,0.1,,中证全指电力公用事业指数收益率×100%,L,被动指数型,股票型,,20260120,20260120,E,L
159145.SZ,广发国证工业软件主题ETF,广发基金管理有限公司,兴业银行股份有限公司,股票型,20260108,,20260119,20251215,nan,2.3758,0.5,0.1,,1.0,0.1,,国证工业软件主题指数收益率×100%,L,被动指数型,股票型,,20260119,20260119,E,L
159149.SZ,工银瑞信创业板新能源ETF,工银瑞信基金管理有限公司,国投证券股份有限公司,股票型,20260107,,20260120,20251222,nan,2.4552,0.5,0.1,,1.0,0.1,,创业板新能源指数收益率×100%,L,被动指数型,股票型,,20260120,20260120,E,L
563870.SH,鹏华中证通用航空主题ETF,鹏华基金管理有限公司,中泰证券股份有限公司,股票型,20251231,,20260115,20251208,nan,2.083,0.5,0.1,,1.0,0.1,,中证通用航空主题指数收益率×100%,L,被动指数型,股票型,,20260115,20260115,E,L
159137.SZ,华宝中证港股通医疗主题ETF,华宝基金管理有限公司,财通证券股份有限公司,股票型,20251231,,20260112,20251215,nan,2.8263,0.5,0.1,,1.0,0.1,,经人民币汇率调整的中证港股通医疗主题指数收益率×100%,L,被动指数型,股票型,,20260112,20260112,E,L
159151.SZ,华夏中证全指食品ETF,华夏基金管理有限公司,招商银行股份有限公司,股票型,20251231,,20260114,20251222,nan,2.5785,0.5,0.1,,1.0,0.1,,中证全指食品指数收益率×100%,L,被动指数型,股票型,,20260114,20260114,E,L
159138.SZ,易方达中证工程机械主题ETF,易方达基金管理有限公司,中国工商银行股份有限公司,股票型,20251231,,20260113,20251211,nan,2.9977,0.5,0.1,,1.0,0.1,,中证工程机械主题指数收益率×100%,L,被动指数型,股票型,,20260113,20260113,E,L
589030.SH,易方达上证科创板芯片设计主题ETF,易方达基金管理有限公司,中国工商银行股份有限公司,股票型,20251231,,20260119,20251222,nan,2.9808,0.5,0.1,,1.0,0.1,,上证科创板芯片设计主题指数收益率×100%,L,被动指数型,股票型,,20260119,20260119,E,L
520850.SH,易方达中证港股通医疗主题ETF,易方达基金管理有限公司,中泰证券股份有限公司,股票型,20251231,,20260119,20251217,nan,2.0625,0.5,0.1,,1.0,0.1,,中证港股通医疗主题指数收益率(使用估值汇率折算)×100%,L,被动指数型,股票型,,20260119,20260119,E,L
159293.SZ,建信创业板综合增强策略ETF,建信基金管理有限责任公司,中信建投证券股份有限公司,股票型,20251230,,20260113,20251208,nan,2.5916,0.5,0.1,,1.0,0.1,,创业板综合指数收益率×100%,L,增强指数型,股票型,,20260113,20260113,E,L
560130.SH,鹏华中证全指食品ETF,鹏华基金管理有限公司,苏州银行股份有限公司,股票型,20251230,,20260113,20251215,nan,2.4778,0.5,0.1,,1.0,0.1,,中证全指食品指数收益率×100%,L,被动指数型,股票型,,20260113,20260113,E,L
513720.SH,国泰中证港股通互联网ETF,国泰基金管理有限公司,兴业银行股份有限公司,股票型,20251230,,20260109,20251208,nan,2.7886,0.5,0.1,,1.0,0.1,,中证港股通互联网指数收益率(经汇率调整)×100%,L,被动指数型,股票型,,20260109,20260109,E,L
159143.SZ,平安恒生港股通中国央企红利ETF,平安基金管理有限公司,国泰海通证券股份有限公司,股票型,20251229,,20260112,20251215,nan,5.1355,0.5,0.1,,1.0,0.1,,恒生港股通中国央企红利指数收益率(经汇率调整)×100%,L,被动指数型,股票型,,20260112,20260112,E,L
589130.SH,易方达上证科创板芯片ETF,易方达基金管理有限公司,招商银行股份有限公司,股票型,20251229,,20260108,20251208,nan,2.7578,0.5,0.1,,1.0,0.1,,上证科创板芯片指数收益率×100%,L,被动指数型,股票型,,20260108,20260108,E,L
508050.SH,华夏中核清洁能源REIT,华夏基金管理有限公司,中国农业银行股份有限公司,REITs,20251226,,20260202,20251222,nan,3.0,nan,0.01,,1.0,0.502,,本基金暂不设业绩比较基准,L,nan,其他型,,nan,nan,E,L
563930.SH,招商上证综合增强策略ETF,招商基金管理有限公司,中国工商银行股份有限公司,股票型,20251225,,20260106,20251210,nan,2.3559,0.8,0.1,,1.0,0.1,,上证综合指数收益率×100%,L,增强指数型,股票型,,20260106,20260106,E,L
520770.SH,建信恒指港股通ETF,建信基金管理有限责任公司,中国银行股份有限公司,股票型,20251224,,20260126,20251204,nan,2.1237,0.15,0.05,,1.0,0.1,,恒指港股通指数收益率(经汇率调整)×100%,L,被动指数型,股票型,,20260126,20260126,E,L
159132.SZ,富国恒生生物科技ETF,富国基金管理有限公司,平安银行股份有限公司,股票型,20251224,,20260108,20251201,nan,2.7096,0.5,0.1,,1.0,0.1,,恒生生物科技指数×100%,L,被动指数型,股票型,,20260108,20260108,E,L
159243.SZ,招商创业板人工智能ETF,招商基金管理有限公司,平安银行股份有限公司,股票型,20251224,,20260105,20251020,nan,2.1003,0.15,0.05,,1.0,0.1,,创业板人工智能指数收益率×100%,L,被动指数型,股票型,,20260105,20260105,E,L
520810.SH,易方达中证港股通高股息投资ETF,易方达基金管理有限公司,招商银行股份有限公司,股票型,20251222,,20260112,20251208,nan,2.0736,0.15,0.05,,1.0,0.1,,中证港股通高股息投资指数收益率(使用估值汇率折算)×100%,L,被动指数型,股票型,,20260112,20260112,E,L
563790.SH,鹏华中证卫星产业ETF,鹏华基金管理有限公司,兴业银行股份有限公司,股票型,20251218,,20260105,20251208,nan,3.0345,0.5,0.1,,1.0,0.1,,中证卫星产业指数收益率×100%,L,被动指数型,股票型,,20260105,20260105,E,L
588410.SH,鹏华中证科创创业人工智能ETF,鹏华基金管理有限公司,长城证券股份有限公司,股票型,20251217,,20260105,20251128,nan,6.8925,0.5,0.1,,1.0,0.1,,中证科创创业人工智能指数收益率×100%,L,被动指数型,股票型,,20260105,20260105,E,L
588430.SH,工银瑞信中证科创创业人工智能ETF,工银瑞信基金管理有限公司,广发证券股份有限公司,股票型,20251217,,20251229,20251128,nan,5.9646,0.45,0.1,,1.0,0.1,,中证科创创业人工智能指数收益率×100%,L,被动指数型,股票型,,20251229,20251229,E,L
588420.SH,摩根中证科创创业人工智能ETF,摩根基金管理(中国)有限公司,兴业银行股份有限公司,股票型,20251217,,20260105,20251128,nan,3.0765,0.5,0.1,,1.0,0.1,,中证科创创业人工智能指数收益率×100%,L,被动指数型,股票型,,20260105,20260105,E,L
589150.SH,平安上证科创板50成份ETF,平安基金管理有限公司,中国银行股份有限公司,股票型,20251217,,20260106,20251201,nan,2.9744,0.15,0.05,,1.0,0.1,,上证科创板50成份指数收益率×100%,L,被动指数型,股票型,,20260106,20260106,E,L
562070.SH,华宝沪深300增强策略ETF,华宝基金管理有限公司,中国农业银行股份有限公司,股票型,20251217,,20251225,20251201,nan,3.4254,0.8,0.1,,1.0,0.1,,沪深300指数收益率×100%,L,增强指数型,股票型,,20251225,20251225,E,L
159136.SZ,广发中证A50ETF,广发基金管理有限公司,中信银行股份有限公司,股票型,20251216,,20251225,20251127,nan,2.2491,0.15,0.05,,1.0,0.1,,中证A50指数收益率×100%,L,被动指数型,股票型,,20251225,20251225,E,L
589210.SH,广发上证科创板芯片设计主题ETF,广发基金管理有限公司,中泰证券股份有限公司,股票型,20251211,,20251223,20251128,nan,2.8447,0.5,0.1,,1.0,0.1,,上证科创板芯片设计主题指数收益率×100%,L,被动指数型,股票型,,20251223,20251223,E,L
563850.SH,广发中证全指食品ETF,广发基金管理有限公司,中国农业银行股份有限公司,股票型,20251210,,20251219,20251124,nan,2.5348,0.5,0.1,,1.0,0.1,,中证全指食品指数×100%,L,被动指数型,股票型,,20251219,20251219,E,L
159140.SZ,易方达中证科创创业人工智能ETF,易方达基金管理有限公司,招商银行股份有限公司,股票型,20251210,,20251218,20251128,nan,13.3594,0.5,0.1,,1.0,0.1,,中证科创创业人工智能指数收益率×100%,L,被动指数型,股票型,,20251218,20251218,E,L
159139.SZ,华泰柏瑞中证科创创业人工智能ETF,华泰柏瑞基金管理有限公司,江苏银行股份有限公司,股票型,20251210,,20251219,20251128,nan,4.0411,0.5,0.1,,1.0,0.1,,中证科创创业人工智能指数收益率×100%,L,被动指数型,股票型,,20251219,20251219,E,L
517950.SH,交银中证智选沪深港科技50ETF,交银施罗德基金管理有限公司,国泰海通证券股份有限公司,股票型,20251210,,20251218,20251201,nan,3.9212,0.5,0.05,,1.0,0.1,,中证智选沪深港科技50指数收益率×100%,L,被动指数型,股票型,,20251218,20251218,E,L
516250.SH,富国中证工程机械主题ETF,富国基金管理有限公司,国信证券股份有限公司,股票型,20251210,,20251222,20251114,nan,2.3088,0.5,0.1,,1.0,0.1,,中证工程机械主题指数×100%,L,被动指数型,股票型,,20251222,20251222,E,L
520780.SH,华宝中证港股通汽车产业主题ETF,华宝基金管理有限公司,东方财富证券股份有限公司,股票型,20251205,,20251229,20251110,nan,2.5646,0.5,0.1,,1.0,0.1,,经人民币汇率调整的中证港股通汽车产业主题指数收益率×100%,L,被动指数型,股票型,,20251229,20251229,E,L
159142.SZ,景顺长城中证科创创业人工智能ETF,景顺长城基金管理有限公司,中信证券股份有限公司,股票型,20251205,,20251212,20251128,nan,5.4526,0.5,0.1,,1.0,0.1,,中证科创创业人工智能指数收益率×100%,L,被动指数型,股票型,,20251212,20251212,E,L
563960.SH,兴全沪深300质量ETF,兴证全球基金管理有限公司,兴业银行股份有限公司,股票型,20251205,,20260108,20251128,nan,11.5651,0.5,0.1,,1.0,0.1,,沪深300质量指数收益率×100%,L,被动指数型,股票型,,20260108,20260108,E,L
159141.SZ,永赢中证科创创业人工智能ETF,永赢基金管理有限公司,兴业银行股份有限公司,股票型,20251203,,20251211,20251128,nan,9.3306,0.5,0.1,,1.0,0.1,,中证科创创业人工智能指数收益率×100%,L,被动指数型,股票型,,20251211,20251211,E,L
159253.SZ,博时中证银行ETF,博时基金管理有限公司,中国建设银行股份有限公司,股票型,20251127,,20251208,20251103,nan,2.0271,0.5,0.1,,1.0,0.1,,中证银行指数收益率×100%,L,被动指数型,股票型,,20251208,20251208,E,L
520630.SH,广发中证港股通互联网ETF,广发基金管理有限公司,招商银行股份有限公司,股票型,20251126,,20251222,20251110,nan,3.6861,0.15,0.05,,1.0,0.1,,中证港股通互联网指数收益率(使用估值汇率折算)×100%,L,被动指数型,股票型,,20251222,20251222,E,L
520820.SH,汇添富恒指港股通ETF,汇添富基金管理股份有限公司,中国建设银行股份有限公司,股票型,20251119,,20251215,20251103,nan,3.4368,0.5,0.1,,1.0,0.1,,恒指港股通指数收益率(经估值汇率调整后)×100%,L,被动指数型,股票型,,20251215,20251215,E,L
159130.SZ,鹏华恒生生物科技ETF,鹏华基金管理有限公司,广发证券股份有限公司,股票型,20251119,,20251127,20251110,nan,7.5839,0.5,0.1,,1.0,0.1,,恒生生物科技指数收益率(经汇率调整后)×100%,L,被动指数型,股票型,,20251127,20251127,E,L
159123.SZ,嘉实中证光伏产业ETF,嘉实基金管理有限公司,中国银行股份有限公司,股票型,20251119,,20251127,20251110,nan,2.6505,0.5,0.1,,1.0,0.1,,中证光伏产业指数收益率×100%,L,被动指数型,股票型,,20251127,20251127,E,L
520530.SH,东财中证港股通科技ETF,东财基金管理有限公司,招商证券股份有限公司,股票型,20251118,,20251208,20251029,nan,3.1778,0.5,0.1,,1.0,0.1,,中证港股通科技指数收益率×100%,L,被动指数型,股票型,,20251208,20251208,E,L
180306.SZ,华夏安博仓储物流REIT,华夏基金管理有限公司,招商银行股份有限公司,REITs,20251118,,20251219,20251111,nan,4.0,nan,0.01,,1.0,0.612,,本基金暂不设立业绩比较基准,L,nan,其他型,,nan,nan,E,L
563510.SH,易方达中证A500红利低波动ETF,易方达基金管理有限公司,中国工商银行股份有限公司,股票型,20251117,,20251201,20251106,nan,6.9154,0.15,0.05,,1.0,0.1,,中证A500红利低波动指数收益率×100%,L,被动指数型,股票型,,20251201,20251201,E,L
159133.SZ,天弘中证细分化工产业主题ETF,天弘基金管理有限公司,中信建投证券股份有限公司,股票型,20251117,,20251125,20251110,nan,5.4991,0.5,0.1,,1.0,0.1,,中证细分化工产业主题指数收益率×100%,L,被动指数型,股票型,,20251125,20251125,E,L
159118.SZ,华夏标普港股通低波红利ETF,华夏基金管理有限公司,中国工商银行股份有限公司,股票型,20251117,,20251127,20251110,nan,4.6568,0.15,0.05,,1.0,0.1,,经估值汇率调整后的标普港股通低波红利指数收益率×100%,L,被动指数型,股票型,,20251127,20251127,E,L
520590.SH,鹏华恒生科技ETF(QDII),鹏华基金管理有限公司,兴业银行股份有限公司,股票型,20251117,,20251201,20251027,nan,2.5724,0.5,0.1,,1.0,0.1,,恒生科技指数收益率×100%,L,被动指数型,股票型,,20251201,20251201,E,L
159121.SZ,易方达恒生港股通汽车主题ETF,易方达基金管理有限公司,招商银行股份有限公司,股票型,20251114,,20251124,20251103,nan,2.1548,0.5,0.1,,1.0,0.1,,恒生港股通汽车主题指数收益率(使用估值汇率折算)×100%,L,被动指数型,股票型,,20251124,20251124,E,L
515730.SH,永赢中证家居家电ETF,永赢基金管理有限公司,中信证券股份有限公司,股票型,20251114,,20251125,20251103,nan,5.2689,0.5,0.1,,1.0,0.1,,中证家居家电指数收益率×100%,L,被动指数型,股票型,,20251125,20251125,E,L
159127.SZ,南方中证港股通高股息投资ETF,南方基金管理股份有限公司,中泰证券股份有限公司,股票型,20251112,,20251120,20251103,nan,3.7934,0.15,0.05,,1.0,0.1,,中证港股通高股息投资指数(经估值汇率调整后)收益率×100%,L,被动指数型,股票型,,20251120,20251120,E,L
159108.SZ,博时国证工业软件主题ETF,博时基金管理有限公司,中信建投证券股份有限公司,股票型,20251112,,20251124,20251027,nan,6.1274,0.5,0.1,,1.0,0.1,,国证工业软件主题指数收益率×100%,L,被动指数型,股票型,,20251124,20251124,E,L
512620.SH,天弘中证农业主题ETF,天弘基金管理有限公司,国泰海通证券股份有限公司,股票型,20251112,,20251121,20251103,nan,4.4467,0.5,0.1,,1.0,0.1,,中证农业主题指数收益率×100%,L,被动指数型,股票型,,20251121,20251121,E,L
515370.SH,华夏中证光伏产业ETF,华夏基金管理有限公司,招商银行股份有限公司,股票型,20251106,,20251118,20251027,nan,2.9971,0.4,0.1,,1.0,0.1,,中证光伏产业指数收益率×100%,L,被动指数型,股票型,,20251118,20251118,E,L
159129.SZ,嘉实中证细分化工产业主题ETF,嘉实基金管理有限公司,交通银行股份有限公司,股票型,20251106,,20251114,20251020,nan,9.2641,0.15,0.05,,1.0,0.1,,中证细分化工产业主题指数收益率×100%,L,被动指数型,股票型,,20251114,20251114,E,L
563530.SH,易方达中证卫星产业ETF,易方达基金管理有限公司,招商银行股份有限公司,股票型,20251105,,20251114,20251027,nan,4.8575,0.5,0.1,,1.0,0.1,,中证卫星产业指数收益率×100%,L,被动指数型,股票型,,20251114,20251114,E,L
159120.SZ,国联安恒生港股通科技主题ETF,国联安基金管理有限公司,招商证券股份有限公司,股票型,20251105,,20251113,20251015,nan,2.3602,0.5,0.1,,1.0,0.1,,经估值汇率折算后的恒生港股通科技主题指数收益率×100%,L,被动指数型,股票型,,20251113,20251113,E,L
159131.SZ,华宝中证港股通信息技术综合ETF,华宝基金管理有限公司,江苏银行股份有限公司,股票型,20251105,,20251113,20251027,nan,2.6692,0.5,0.1,,1.0,0.1,,经人民币汇率调整的中证港股通信息技术综合指数收益率×100%,L,被动指数型,股票型,,20251113,20251113,E,L
159100.SZ,华夏布拉德斯科巴西伊博维斯帕ETF(QDII),华夏基金管理有限公司,中国工商银行股份有限公司,股票型,20251105,,20251113,20251031,nan,3.0005,0.5,0.1,,1.0,0.1,,经估值汇率调整后的巴西伊博维斯帕指数收益率×100%,L,被动指数型,股票型,,20251113,20251113,E,L
520870.SH,易方达伊塔乌巴西IBOVESPAETF(QDII),易方达基金管理有限公司,招商银行股份有限公司,股票型,20251105,,20251113,20251031,nan,2.9998,0.5,0.1,,1.0,0.1,,巴西IBOVESPA指数收益率(使用估值汇率折算)×100%,L,被动指数型,股票型,,20251113,20251113,E,L
159119.SZ,招商中证800自由现金流ETF,招商基金管理有限公司,平安银行股份有限公司,股票型,20251103,,20251113,20250923,nan,2.6605,0.15,0.05,,1.0,0.1,,中证800自由现金流指数收益率×100%,L,被动指数型,股票型,,20251113,20251113,E,L
159128.SZ,天弘国证港股通科技ETF,天弘基金管理有限公司,中国建设银行股份有限公司,股票型,20251031,,20251113,20251020,nan,6.4476,0.5,0.1,,1.0,0.1,,国证港股通科技指数收益率(经估值汇率调整)×100%,L,被动指数型,股票型,,20251113,20251113,E,L
520950.SH,摩根恒生港股通50ETF,摩根基金管理(中国)有限公司,江苏银行股份有限公司,股票型,20251029,,20251125,20251013,nan,7.3342,0.5,0.1,,1.0,0.1,,恒生港股通50指数收益率(经汇率调整后)×100%,L,被动指数型,股票型,,20251125,20251125,E,L
520650.SH,南方中证港股通互联网ETF,南方基金管理股份有限公司,国泰海通证券股份有限公司,股票型,20251029,,20251110,20251020,nan,2.6976,0.15,0.05,,1.0,0.1,,中证港股通互联网指数(经估值汇率调整后)收益率×100%,L,被动指数型,股票型,,20251110,20251110,E,L
520570.SH,南方恒生科技ETF(QDII),南方基金管理股份有限公司,交通银行股份有限公司,股票型,20251029,,20251117,20251020,nan,4.5188,0.15,0.05,,1.0,0.1,,恒生科技指数×100%,L,被动指数型,股票型,,20251117,20251117,E,L
563570.SH,兴业中证金融科技主题ETF,兴业基金管理有限公司,国信证券股份有限公司,股票型,20251029,,20251111,20251013,nan,4.0737,0.5,0.1,,1.0,0.1,,中证金融科技主题指数收益率×100%,L,被动指数型,股票型,,20251111,20251111,E,L
563380.SH,华泰柏瑞中证全指航空航天ETF,华泰柏瑞基金管理有限公司,中信建投证券股份有限公司,股票型,20251029,,20251107,20251013,nan,2.9495,0.5,0.1,,1.0,0.1,,中证全指航空航天指数收益率×100%,L,被动指数型,股票型,,20251107,20251107,E,L
561660.SH,平安中证通用航空主题ETF,平安基金管理有限公司,中国银行股份有限公司,股票型,20251029,,20251110,20251020,nan,2.6171,0.5,0.1,,1.0,0.1,,中证通用航空主题指数收益率×100%,L,被动指数型,股票型,,20251110,20251110,E,L
563590.SH,国寿安保中证A500红利低波动ETF,国寿安保基金管理有限公司,江苏银行股份有限公司,股票型,20251027,,20251105,20251009,nan,3.8494,0.5,0.1,,1.0,0.1,,中证A500红利低波动指数收益率×100%,L,被动指数型,股票型,,20251105,20251105,E,L
159260.SZ,博时中证全指证券公司ETF,博时基金管理有限公司,中国银行股份有限公司,股票型,20251024,,20251104,20251015,nan,2.3321,0.5,0.1,,1.0,0.1,,中证全指证券公司指数收益率×100%,L,被动指数型,股票型,,20251104,20251104,E,L
159125.SZ,招商国证港股通科技ETF,招商基金管理有限公司,国泰海通证券股份有限公司,股票型,20251024,,20251106,20251013,nan,9.3525,0.5,0.1,,1.0,0.1,,经汇率调整后的国证港股通科技指数收益率×100%,L,被动指数型,股票型,,20251106,20251106,E,L
563980.SH,鑫元中证800红利低波动ETF,鑫元基金管理有限公司,交通银行股份有限公司,股票型,20251024,,20251107,20251013,nan,2.2197,0.5,0.1,,1.0,0.1,,中证800红利低波动指数收益率×100%,L,被动指数型,股票型,,20251107,20251107,E,L
159295.SZ,西部利得创业板综合ETF,西部利得基金管理有限公司,中国农业银行股份有限公司,股票型,20251023,,20251104,20251009,nan,5.3896,0.15,0.05,,1.0,0.1,,创业板综合指数收益率×100%,L,被动指数型,股票型,,20251104,20251104,E,L
563750.SH,汇添富中证500ETF,汇添富基金管理股份有限公司,招商证券股份有限公司,股票型,20251022,,20251030,20251013,nan,2.3724,0.15,0.05,,1.0,0.1,,中证500指数收益率×100%,L,被动指数型,股票型,,20251030,20251030,E,L
159122.SZ,富国创业板新能源ETF,富国基金管理有限公司,财通证券股份有限公司,股票型,20251022,,20251103,20251009,nan,2.8716,0.5,0.1,,1.0,0.1,,创业板新能源指数收益率×100%,L,被动指数型,股票型,,20251103,20251103,E,L
520960.SH,嘉实恒指港股通ETF,嘉实基金管理有限公司,国金证券股份有限公司,股票型,20251022,,20251031,20251009,nan,2.866,0.5,0.1,,1.0,0.1,,经估值汇率调整后的恒指港股通指数收益率×100%,L,被动指数型,股票型,,20251031,20251031,E,L
159126.SZ,南方中证港股通50ETF,南方基金管理股份有限公司,中国工商银行股份有限公司,股票型,20251022,,20251103,20251015,nan,2.5662,0.15,0.05,,1.0,0.1,,中证港股通50指数收益率×100%,L,被动指数型,股票型,,20251103,20251103,E,L
180607.SZ,华夏中海消费REIT,华夏基金管理有限公司,中信银行股份有限公司,REITs,20251020,,20251031,20251013,nan,3.0,nan,0.01,,1.0,0.528,,本基金不设置业绩比较基准,L,nan,其他型,,nan,nan,E,L
508029.SH,中信建投沈阳国际软件园REIT,中信建投基金管理有限公司,交通银行股份有限公司,REITs,20251020,,20251106,20251013,nan,3.0,nan,0.01,,1.0,0.366,,本基金不设置业绩比较基准,L,nan,其他型,,nan,nan,E,L
159105.SZ,易方达恒生生物科技ETF,易方达基金管理有限公司,中国银行股份有限公司,股票型,20251020,,20251103,20250922,nan,2.4527,0.5,0.1,,1.0,0.1,,恒生生物科技指数收益率(使用估值汇率折算)×100%,L,被动指数型,股票型,,20251103,20251103,E,L
510670.SH,华夏上证180ETF,华夏基金管理有限公司,中国银行股份有限公司,股票型,20251020,,20251029,20251009,nan,2.2799,0.15,0.05,,1.0,0.1,,上证180指数收益率×100%,L,被动指数型,股票型,,20251029,20251029,E,L
512630.SH,广发中证卫星产业ETF,广发基金管理有限公司,中国银行股份有限公司,股票型,20251013,,20251022,20250923,nan,11.7143,0.5,0.1,,1.0,0.1,,中证卫星产业指数收益率×100%,L,被动指数型,股票型,,20251022,20251022,E,L
530100.SH,易方达上证580ETF,易方达基金管理有限公司,中国工商银行股份有限公司,股票型,20251010,,20251022,20250922,nan,2.127,0.15,0.05,,1.0,0.1,,上证580指数收益率×100%,L,被动指数型,股票型,,20251022,20251022,E,L
159285.SZ,华安国证港股通消费主题ETF,华安基金管理有限公司,中信证券股份有限公司,股票型,20251009,,20251020,20250918,nan,6.3949,0.5,0.1,,1.0,0.1,,国证港股通消费主题指数收益率(经汇率调整)×100%,L,被动指数型,股票型,,20251020,20251020,E,L
159117.SZ,鹏华标普港股通低波红利ETF,鹏华基金管理有限公司,兴业银行股份有限公司,股票型,20250930,,20251017,20250919,nan,3.774,0.3,0.1,,1.0,0.1,,标普港股通低波红利指数收益率(经汇率调整后)×100%,L,被动指数型,股票型,,20251017,20251017,E,L
589950.SH,富国上证科创板100ETF,富国基金管理有限公司,兴业银行股份有限公司,股票型,20250929,,20251017,20250915,nan,5.5587,0.15,0.05,,1.0,0.1,,上证科创板100指数收益率×100%,L,被动指数型,股票型,,20251017,20251017,E,L
159106.SZ,前海开源中证民企300ETF,前海开源基金管理有限公司,国投证券股份有限公司,股票型,20250926,,20251022,20250910,nan,5.2958,0.5,0.1,,1.0,0.1,,中证民企300指数收益率×100%,L,被动指数型,股票型,,20251022,20251022,E,L
563670.SH,鹏华中证金融科技主题ETF,鹏华基金管理有限公司,中泰证券股份有限公司,股票型,20250926,,20251014,20250915,nan,5.2299,0.5,0.1,,1.0,0.1,,中证金融科技主题指数收益率×100%,L,被动指数型,股票型,,20251014,20251014,E,L
588140.SH,广发上证科创板200ETF,广发基金管理有限公司,交通银行股份有限公司,股票型,20250926,,20251015,20250915,nan,3.5575,0.15,0.05,,1.0,0.1,,上证科创板200指数收益率×100%,L,被动指数型,股票型,,20251015,20251015,E,L
589110.SH,国泰上证科创板人工智能ETF,国泰基金管理有限公司,东方证券股份有限公司,股票型,20250926,,20251015,20250917,nan,3.1241,0.5,0.1,,1.0,0.1,,上证科创板人工智能指数收益率×100%,L,被动指数型,股票型,,20251015,20251015,E,L
159109.SZ,景顺长城恒生港股通50ETF,景顺长城基金管理有限公司,兴业银行股份有限公司,股票型,20250925,,20251010,20250918,nan,7.1616,0.5,0.1,,1.0,0.1,,恒生港股通50指数收益率×100%,L,被动指数型,股票型,,20251010,20251010,E,L
520560.SH,华宝港股通恒生中国(香港上市)30ETF,华宝基金管理有限公司,招商证券股份有限公司,股票型,20250924,,20251013,20250915,nan,6.8042,0.5,0.1,,1.0,0.1,,经人民币汇率调整的恒生中国(香港上市)30指数收益率×100%,L,被动指数型,股票型,,20251013,20251013,E,L
563890.SH,创金合信中证国有企业红利ETF,创金合信基金管理有限公司,广发证券股份有限公司,股票型,20250924,,20251017,20250915,nan,4.4484,0.45,0.1,,1.0,0.1,,中证国有企业红利指数收益率×100%,L,被动指数型,股票型,,20251017,20251017,E,L
563690.SH,永赢中证红利低波动ETF,永赢基金管理有限公司,中国工商银行股份有限公司,股票型,20250923,,20251010,20250915,nan,2.7188,0.5,0.1,,1.0,0.1,,中证红利低波动指数收益率×100%,L,被动指数型,股票型,,20251010,20251010,E,L
530380.SH,易方达上证380ETF,易方达基金管理有限公司,中国银行股份有限公司,股票型,20250922,,20250930,20250910,nan,4.2671,0.15,0.05,,1.0,0.1,,上证380指数收益率×100%,L,被动指数型,股票型,,20250930,20250930,E,L
520920.SH,天弘恒生科技ETF(QDII),天弘基金管理有限公司,平安银行股份有限公司,股票型,20250922,,20250930,20250917,nan,12.2002,0.5,0.1,,1.0,0.1,,恒生科技指数收益率(经估值汇率调整)×100%,L,被动指数型,股票型,,20250930,20250930,E,L
515720.SH,富国中证金融科技主题ETF,富国基金管理有限公司,兴业证券股份有限公司,股票型,20250922,,20251009,20250915,nan,8.1661,0.5,0.1,,1.0,0.1,,中证金融科技主题指数收益率×100%,L,被动指数型,股票型,,20251009,20251009,E,L
159275.SZ,华宝中证全指农牧渔ETF,华宝基金管理有限公司,上海浦东发展银行股份有限公司,股票型,20250919,,20250929,20250908,nan,2.193,0.5,0.1,,1.0,0.1,,中证全指农牧渔指数收益率×100%,L,被动指数型,股票型,,20250929,20250929,E,L
511150.SH,永赢上证AAA科技创新公司债ETF,永赢基金管理有限公司,中信建投证券股份有限公司,债券型,20250917,,20250924,20250912,nan,29.5309,0.15,0.05,,1.0,0.1,,上证AAA科技创新公司债指数收益率×100%,L,被动指数型,债券型,,20250924,20250924,E,L
551580.SH,泰康中证AAA科技创新公司债ETF,泰康基金管理有限公司,上海浦东发展银行股份有限公司,债券型,20250917,,20250924,20250912,nan,29.6768,0.15,0.05,,1.0,0.1,,中证AAA科技创新公司债指数收益率×100%,L,被动指数型,债券型,,20250924,20250924,E,L
551560.SH,兴业中证AAA科技创新公司债ETF,兴业基金管理有限公司,上海浦东发展银行股份有限公司,债券型,20250917,,20250924,20250912,nan,29.9988,0.15,0.05,,1.0,0.1,,中证AAA科技创新公司债指数收益率×100%,L,被动指数型,债券型,,20250924,20250924,E,L
551510.SH,华泰柏瑞中证AAA科技创新公司债ETF,华泰柏瑞基金管理有限公司,招商银行股份有限公司,债券型,20250917,,20250924,20250912,nan,29.9061,0.15,0.05,,1.0,0.1,,中证AAA科技创新公司债指数收益率×100%,L,被动指数型,债券型,,20250924,20250924,E,L
520720.SH,国泰中证港股通汽车产业主题ETF,国泰基金管理有限公司,宁波银行股份有限公司,股票型,20250917,,20250925,20250903,nan,2.6894,0.5,0.1,,1.0,0.1,,中证港股通汽车产业主题指数收益率(经估值汇率调整)×100%,L,被动指数型,股票型,,20250925,20250925,E,L
551300.SH,摩根上证AAA科技创新公司债ETF,摩根基金管理(中国)有限公司,中信证券股份有限公司,债券型,20250917,,20250924,20250912,nan,29.7975,0.15,0.05,,1.0,0.1,,上证AAA科技创新公司债指数收益率×100%,L,被动指数型,债券型,,20250924,20250924,E,L
159288.SZ,银华创业板综合ETF,银华基金管理股份有限公司,中国银行股份有限公司,股票型,20250917,,20250926,20250901,nan,2.4417,0.15,0.05,,1.0,0.1,,创业板综合指数收益率×100%,L,被动指数型,股票型,,20250926,20250926,E,L
159115.SZ,华安中证AAA科技创新公司债ETF,华安基金管理有限公司,兴业银行股份有限公司,债券型,20250917,,20250924,20250912,nan,29.5635,0.15,0.05,,1.0,0.1,,中证AAA科技创新公司债指数收益率×100%,L,被动指数型,债券型,,20250924,20250924,E,L
551060.SH,中银上证AAA科技创新公司债ETF,中银基金管理有限公司,浙商银行股份有限公司,债券型,20250917,,20250924,20250912,nan,29.901,0.15,0.05,,1.0,0.1,,上证AAA科技创新公司债指数收益率×100%,L,被动指数型,债券型,,20250924,20250924,E,L
159279.SZ,华安创业板人工智能ETF,华安基金管理有限公司,光大证券股份有限公司,股票型,20250917,,20250929,20250904,nan,4.0339,0.5,0.1,,1.0,0.1,,创业板人工智能指数收益率×100%,L,被动指数型,股票型,,20250929,20250929,E,L
159112.SZ,银华中证AAA科技创新公司债ETF,银华基金管理股份有限公司,中信银行股份有限公司,债券型,20250917,,20250924,20250912,nan,29.9878,0.15,0.05,,1.0,0.1,,中证AAA科技创新公司债指数收益率×100%,L,被动指数型,债券型,,20250924,20250924,E,L
159111.SZ,天弘中证AAA科技创新公司债ETF,天弘基金管理有限公司,招商银行股份有限公司,债券型,20250917,,20250924,20250912,nan,29.8967,0.15,0.05,,1.0,0.1,,中证AAA科技创新公司债指数收益率×100%,L,被动指数型,债券型,,20250924,20250924,E,L
551800.SH,国泰中证AAA科技创新公司债ETF,国泰基金管理有限公司,兴业银行股份有限公司,债券型,20250917,,20250924,20250912,nan,29.8614,0.15,0.05,,1.0,0.1,,中证AAA科技创新公司债指数收益率×100%,L,被动指数型,债券型,,20250924,20250924,E,L
159113.SZ,大成中证AAA科技创新公司债ETF,大成基金管理有限公司,中国建设银行股份有限公司,债券型,20250917,,20250924,20250912,nan,29.1363,0.15,0.05,,1.0,0.1,,中证AAA科技创新公司债指数收益率×100%,L,被动指数型,债券型,,20250924,20250924,E,L
551520.SH,汇添富中证AAA科技创新公司债ETF,汇添富基金管理股份有限公司,国泰海通证券股份有限公司,债券型,20250917,,20250924,20250912,nan,29.6116,0.15,0.05,,1.0,0.1,,中证AAA科技创新公司债指数收益率×100%,L,被动指数型,债券型,,20250924,20250924,E,L
159116.SZ,工银瑞信中证AAA科技创新公司债ETF,工银瑞信基金管理有限公司,中信银行股份有限公司,债券型,20250917,,20250924,20250912,nan,29.7226,0.15,0.05,,1.0,0.1,,中证AAA科技创新公司债指数收益率×100%,L,被动指数型,债券型,,20250924,20250924,E,L
159110.SZ,万家深证AAA科技创新公司债ETF,万家基金管理有限公司,兴业银行股份有限公司,债券型,20250917,,20250924,20250912,nan,21.2671,0.15,0.05,,1.0,0.1,,深证AAA科技创新公司债指数收益率×100%,L,被动指数型,债券型,,20250924,20250924,E,L
589780.SH,富国上证科创板200ETF,富国基金管理有限公司,广发证券股份有限公司,股票型,20250917,,20250926,20250908,nan,4.2322,0.15,0.05,,1.0,0.1,,上证科创板200指数收益率×100%,L,被动指数型,股票型,,20250926,20250926,E,L
508091.SH,华夏凯德消费REIT,华夏基金管理有限公司,中信银行股份有限公司,REITs,20250916,,20250929,20250909,nan,4.0,nan,0.01,,1.0,0.572,,本基金暂不设立业绩比较基准,L,nan,其他型,,nan,nan,E,L
159297.SZ,南方国证港股通创新药ETF,南方基金管理股份有限公司,中信建投证券股份有限公司,股票型,20250912,,20250922,20250903,nan,3.3542,0.15,0.05,,1.0,0.1,,国证港股通创新药指数(经估值汇率调整后)收益率×100%,L,被动指数型,股票型,,20250922,20250922,E,L
159107.SZ,富国创业板软件ETF,富国基金管理有限公司,兴业银行股份有限公司,股票型,20250910,,20250922,20250901,nan,2.9382,0.5,0.1,,1.0,0.1,,创业板软件指数收益率×100%,L,被动指数型,股票型,,20250922,20250922,E,L
560570.SH,国联安中证A500红利低波动ETF,国联安基金管理有限公司,招商证券股份有限公司,股票型,20250910,,20250918,20250825,nan,12.4654,0.35,0.05,,1.0,0.1,,中证A500红利低波动指数收益率×100%,L,被动指数型,股票型,,20250918,20250918,E,L
563600.SH,易方达中证A500增强策略ETF,易方达基金管理有限公司,中国银行股份有限公司,股票型,20250910,,20250926,20250901,nan,2.4648,0.5,0.1,,1.0,0.1,,中证A500指数收益率×100%,L,增强指数型,股票型,,20250926,20250926,E,L
589960.SH,易方达上证科创板新能源ETF,易方达基金管理有限公司,中信证券股份有限公司,股票型,20250910,,20250922,20250901,nan,7.7032,0.5,0.1,,1.0,0.1,,上证科创板新能源指数收益率×100%,L,被动指数型,股票型,,20250922,20250922,E,L
589120.SH,汇添富上证科创板创新药ETF,汇添富基金管理股份有限公司,中国工商银行股份有限公司,股票型,20250910,,20250919,20250825,nan,3.3062,0.5,0.1,,1.0,0.1,,上证科创板创新药指数收益率×100%,L,被动指数型,股票型,,20250919,20250919,E,L
159290.SZ,东财创业板综合增强策略ETF,东财基金管理有限公司,金融街证券股份有限公司,股票型,20250909,,20250917,20250827,nan,4.501,0.5,0.1,,1.0,0.1,,创业板综合指数收益率×100%,L,增强指数型,股票型,,20250917,20250917,E,L
159272.SZ,富国国证机器人产业ETF,富国基金管理有限公司,国信证券股份有限公司,股票型,20250908,,20250919,20250901,nan,23.4416,0.5,0.1,,1.0,0.1,,国证机器人产业指数收益率×100%,L,被动指数型,股票型,,20250919,20250919,E,L
159102.SZ,华安恒生生物科技ETF,华安基金管理有限公司,华泰证券股份有限公司,股票型,20250905,,20250916,20250901,nan,9.1762,0.5,0.1,,1.0,0.1,,恒生生物科技指数收益率(经汇率调整)×100%,L,被动指数型,股票型,,20250916,20250916,E,L
563230.SH,富国中证卫星产业ETF,富国基金管理有限公司,中信建投证券股份有限公司,股票型,20250904,,20250917,20250826,nan,3.0924,0.5,0.1,,1.0,0.1,,中证卫星产业指数收益率×100%,L,被动指数型,股票型,,20250917,20250917,E,L
159289.SZ,鹏华创业板综合ETF,鹏华基金管理有限公司,国金证券股份有限公司,股票型,20250903,,20250915,20250825,nan,4.289,0.15,0.05,,1.0,0.1,,创业板综合指数收益率×100%,L,被动指数型,股票型,,20250915,20250915,E,L
159299.SZ,易方达中证金融科技主题ETF,易方达基金管理有限公司,交通银行股份有限公司,股票型,20250903,,20250911,20250825,nan,5.7847,0.15,0.05,,1.0,0.1,,中证金融科技主题指数收益率×100%,L,被动指数型,股票型,,20250911,20250911,E,L
159298.SZ,大成创业板50ETF,大成基金管理有限公司,中国工商银行股份有限公司,股票型,20250829,,20250908,20250815,nan,3.0028,0.15,0.05,,1.0,0.1,,创业板50指数收益率×100%,L,被动指数型,股票型,,20250908,20250908,E,L
159103.SZ,汇添富中证金融科技主题ETF,汇添富基金管理股份有限公司,中信建投证券股份有限公司,股票型,20250829,,20250910,20250820,nan,4.9541,0.5,0.1,,1.0,0.1,,中证金融科技主题指数收益率×100%,L,被动指数型,股票型,,20250910,20250910,E,L
588550.SH,易方达上证科创板综合增强策略ETF,易方达基金管理有限公司,平安银行股份有限公司,股票型,20250827,,20250912,20250818,nan,6.7529,0.5,0.1,,1.0,0.1,,上证科创板综合指数收益率×100%,L,增强指数型,股票型,,20250912,20250912,E,L
159296.SZ,华宝中证A500红利低波动ETF,华宝基金管理有限公司,中国建设银行股份有限公司,股票型,20250827,,20250904,20250818,nan,2.8704,0.5,0.1,,1.0,0.1,,中证A500红利低波动指数收益率×100%,L,被动指数型,股票型,,20250904,20250904,E,L
589020.SH,鹏华上证科创板半导体材料设备主题ETF,鹏华基金管理有限公司,中信建投证券股份有限公司,股票型,20250827,,20250904,20250818,nan,2.5422,0.5,0.1,,1.0,0.1,,上证科创板半导体材料设备主题指数收益率×100%,L,被动指数型,股票型,,20250904,20250904,E,L
589820.SH,建信上证科创板200ETF,建信基金管理有限责任公司,上海浦东发展银行股份有限公司,股票型,20250827,,20250915,20250811,nan,2.4672,0.15,0.05,,1.0,0.1,,上证科创板200指数收益率×100%,L,被动指数型,股票型,,20250915,20250915,E,L
561680.SH,平安中证A500红利低波动ETF,平安基金管理有限公司,中国建设银行股份有限公司,股票型,20250827,,20250905,20250811,nan,8.0317,0.5,0.1,,1.0,0.1,,中证A500红利低波动指数收益率×100%,L,被动指数型,股票型,,20250905,20250905,E,L
508082.SH,中金唯品会奥特莱斯REIT,中金基金管理有限公司,中国建设银行股份有限公司,REITs,20250827,,20250912,20250820,nan,10.0,nan,0.01,,1.0,0.348,,该基金暂未披露业绩比较基准,L,nan,其他型,,nan,nan,E,L
159101.SZ,华夏国证港股通科技ETF,华夏基金管理有限公司,中信银行股份有限公司,股票型,20250826,,20250903,20250818,nan,14.7831,0.5,0.1,,1.0,0.1,,经估值汇率调整后的国证港股通科技指数收益率×100%,L,被动指数型,股票型,,20250903,20250903,E,L
589560.SH,汇添富上证科创板人工智能ETF,汇添富基金管理股份有限公司,国泰海通证券股份有限公司,股票型,20250825,,20250905,20250819,nan,10.8936,0.5,0.1,,1.0,0.1,,上证科创板人工智能指数收益率×100%,L,被动指数型,股票型,,20250905,20250905,E,L
563320.SH,华泰柏瑞中证通用航空主题ETF,华泰柏瑞基金管理有限公司,国信证券股份有限公司,股票型,20250825,,20250903,20250813,nan,9.0589,0.5,0.1,,1.0,0.1,,中证通用航空主题指数收益率×100%,L,被动指数型,股票型,,20250903,20250903,E,L
560770.SH,招商中证机器人ETF,招商基金管理有限公司,中国工商银行股份有限公司,股票型,20250821,,20250901,20250818,nan,8.7013,0.5,0.1,,1.0,0.1,,中证机器人指数收益率×100%,L,被动指数型,股票型,,20250901,20250901,E,L
159281.SZ,天弘中证港股通央企红利ETF,天弘基金管理有限公司,交通银行股份有限公司,股票型,20250820,,20250902,20250806,nan,3.4323,0.5,0.1,,1.0,0.1,,中证港股通央企红利指数收益率(经估值汇率调整)×100%,L,被动指数型,股票型,,20250902,20250902,E,L
159259.SZ,易方达国证成长100ETF,易方达基金管理有限公司,中信证券股份有限公司,股票型,20250820,,20250828,20250811,nan,17.717,0.5,0.1,,1.0,0.1,,国证成长100指数收益率×100%,L,被动指数型,股票型,,20250828,20250828,E,L
530530.SH,华夏上证580ETF,华夏基金管理有限公司,中国工商银行股份有限公司,股票型,20250820,,20250829,20250806,nan,3.6846,0.15,0.05,,1.0,0.1,,上证580指数收益率×100%,L,被动指数型,股票型,,20250829,20250829,E,L
159292.SZ,华宝创业板综合增强策略ETF,华宝基金管理有限公司,兴业银行股份有限公司,股票型,20250820,,20250902,20250806,nan,5.1419,0.5,0.1,,1.0,0.1,,创业板综合指数收益率×100%,L,增强指数型,股票型,,20250902,20250902,E,L
588690.SH,银华上证科创板综合增强策略ETF,银华基金管理股份有限公司,国泰海通证券股份有限公司,股票型,20250820,,20250829,20250811,nan,12.1164,0.5,0.1,,1.0,0.1,,上证科创板综合指数收益率×100%,L,增强指数型,股票型,,20250829,20250829,E,L
159500.SZ,富国中证500ETF,富国基金管理有限公司,国信证券股份有限公司,股票型,20250820,,20250829,20250801,nan,5.7174,0.15,0.05,,1.0,0.1,,中证500指数收益率×100%,L,被动指数型,股票型,,20250829,20250829,E,L
159286.SZ,鹏华国证港股通创新药ETF,鹏华基金管理有限公司,兴业证券股份有限公司,股票型,20250820,,20250902,20250811,nan,7.0779,0.5,0.1,,1.0,0.1,,国证港股通创新药指数收益率(经汇率调整后)×100%,L,被动指数型,股票型,,20250902,20250902,E,L
159291.SZ,招商创业板综合增强策略ETF,招商基金管理有限公司,兴业银行股份有限公司,股票型,20250820,,20250901,20250804,nan,3.2546,0.8,0.1,,1.0,0.1,,创业板综合指数收益率×100%,L,增强指数型,股票型,,20250901,20250901,E,L
159287.SZ,博时创业板综合ETF,博时基金管理有限公司,中国工商银行股份有限公司,股票型,20250815,,20250827,20250804,nan,4.2157,0.15,0.05,,1.0,0.1,,创业板综合指数收益率×100%,L,被动指数型,股票型,,20250827,20250827,E,L
520840.SH,华安恒生港股通科技主题ETF,华安基金管理有限公司,中泰证券股份有限公司,股票型,20250814,,20250825,20250728,nan,14.5305,0.5,0.1,,1.0,0.1,,恒生港股通科技主题指数收益率(经汇率调整)×100%,L,被动指数型,股票型,,20250825,20250825,E,L
589090.SH,鹏华上证科创板人工智能ETF,鹏华基金管理有限公司,广发证券股份有限公司,股票型,20250813,,20250827,20250801,nan,8.0693,0.5,0.1,,1.0,0.1,,上证科创板人工智能指数收益率×100%,L,被动指数型,股票型,,20250827,20250827,E,L
159283.SZ,南方中证通用航空主题ETF,南方基金管理股份有限公司,国投证券股份有限公司,股票型,20250813,,20250821,20250730,nan,2.4844,0.15,0.05,,1.0,0.1,,中证通用航空主题指数×100%,L,被动指数型,股票型,,20250821,20250821,E,L
159369.SZ,易方达创业板50ETF,易方达基金管理有限公司,交通银行股份有限公司,股票型,20250813,,20250821,20250526,nan,2.8475,0.15,0.05,,1.0,0.1,,创业板50指数收益率×100%,L,被动指数型,股票型,,20250821,20250821,E,L
520620.SH,嘉实恒生消费ETF,嘉实基金管理有限公司,中国银行股份有限公司,股票型,20250811,,20250819,20250728,nan,2.2141,0.5,0.1,,1.0,0.1,,经估值汇率调整后的恒生消费指数收益率×100%,L,被动指数型,股票型,,20250819,20250819,E,L
563620.SH,兴业中证全指自由现金流ETF,兴业基金管理有限公司,财通证券股份有限公司,股票型,20250806,,20250820,20250721,nan,3.5505,0.15,0.05,,1.0,0.1,,中证全指自由现金流指数收益率×100%,L,被动指数型,股票型,,20250820,20250820,E,L
512370.SH,华夏中证A500增强策略ETF,华夏基金管理有限公司,中国建设银行股份有限公司,股票型,20250806,,20250818,20250721,nan,4.4031,0.5,0.1,,1.0,0.1,,中证A500指数收益率×100%,L,增强指数型,股票型,,20250818,20250818,E,L
159280.SZ,汇添富国证港股通互联网ETF,汇添富基金管理股份有限公司,中国建设银行股份有限公司,股票型,20250806,,20250818,20250723,nan,2.7372,0.4,0.1,,1.0,0.1,,国证港股通互联网指数收益率(经估值汇率调整后)×100%,L,被动指数型,股票型,,20250818,20250818,E,L
159277.SZ,富国中证港股通高股息投资ETF,富国基金管理有限公司,广发证券股份有限公司,股票型,20250805,,20250814,20250717,nan,2.4156,0.3,0.1,,1.0,0.1,,中证港股通高股息投资指数收益率×100%,L,被动指数型,股票型,,20250814,20250814,E,L
520670.SH,嘉实恒生港股通科技主题ETF,嘉实基金管理有限公司,广发证券股份有限公司,股票型,20250804,,20250819,20250728,nan,2.4793,0.3,0.1,,1.0,0.1,,经估值汇率调整后的恒生港股通科技主题指数收益率×100%,L,被动指数型,股票型,,20250819,20250819,E,L
589850.SH,东财上证科创板50成份ETF,东财基金管理有限公司,北京银行股份有限公司,股票型,20250801,,20250811,20250718,nan,7.5406,0.15,0.05,,1.0,0.1,,上证科创板50成份指数收益率×100%,L,被动指数型,股票型,,20250811,20250811,E,L
589050.SH,兴业上证科创板综合价格ETF,兴业基金管理有限公司,中国邮政储蓄银行股份有限公司,股票型,20250730,,20250818,20250707,nan,2.1897,0.15,0.05,,1.0,0.1,,上证科创板综合价格指数收益率×100%,L,被动指数型,股票型,,20250818,20250818,E,L
520970.SH,嘉实中证港股通创新药ETF,嘉实基金管理有限公司,中国建设银行股份有限公司,股票型,20250730,,20250807,20250714,nan,8.9036,0.5,0.1,,1.0,0.1,,中证港股通创新药指数收益率×100%,L,被动指数型,股票型,,20250807,20250807,E,L
159278.SZ,鹏华国证机器人产业ETF,鹏华基金管理有限公司,国投证券股份有限公司,股票型,20250730,,20250812,20250721,nan,3.8855,0.5,0.1,,1.0,0.1,,国证机器人产业指数×100%,L,被动指数型,股票型,,20250812,20250812,E,L
159271.SZ,鹏华恒生ETF,鹏华基金管理有限公司,中国工商银行股份有限公司,股票型,20250730,,20250811,20250717,nan,2.4939,0.5,0.1,,1.0,0.1,,香港恒生指数×100%,L,被动指数型,股票型,,20250811,20250811,E,L
512030.SH,易方达中证A50增强策略ETF,易方达基金管理有限公司,招商银行股份有限公司,股票型,20250728,,20250813,20250616,nan,2.2224,0.8,0.1,,1.0,0.1,,中证A50指数收益率×100%,L,增强指数型,股票型,,20250813,20250813,E,L
159273.SZ,汇添富中证沪港深云计算产业ETF,汇添富基金管理股份有限公司,招商银行股份有限公司,股票型,20250728,,20250806,20250714,nan,3.6178,0.5,0.1,,1.0,0.1,,中证沪港深云计算产业指数收益率×100%,L,被动指数型,股票型,,20250806,20250806,E,L
520510.SH,华夏中证港股通医疗主题ETF,华夏基金管理有限公司,国信证券股份有限公司,股票型,20250728,,20250807,20250704,nan,5.0773,0.5,0.1,,1.0,0.1,,中证港股通医疗主题指数收益率×100%,L,被动指数型,股票型,,20250807,20250807,E,L
159255.SZ,易方达国证通用航空产业ETF,易方达基金管理有限公司,兴业证券股份有限公司,股票型,20250725,,20250804,20250721,nan,5.9134,0.5,0.1,,1.0,0.1,,国证通用航空产业指数收益率×100%,L,被动指数型,股票型,,20250804,20250804,E,L
159258.SZ,南方中证机器人ETF,南方基金管理股份有限公司,平安银行股份有限公司,股票型,20250724,,20250801,20250711,nan,3.7027,0.5,0.1,,1.0,0.1,,中证机器人指数收益率×100%,L,被动指数型,股票型,,20250801,20250801,E,L
159256.SZ,华夏创业板软件ETF,华夏基金管理有限公司,中信建投证券股份有限公司,股票型,20250724,,20250804,20250707,nan,2.5418,0.5,0.1,,1.0,0.1,,创业板软件指数收益率×100%,L,被动指数型,股票型,,20250804,20250804,E,L
589720.SH,国泰上证科创板创新药ETF,国泰基金管理有限公司,国泰海通证券股份有限公司,股票型,20250723,,20250801,20250714,nan,6.6382,0.5,0.1,,1.0,0.1,,上证科创板创新药指数收益率×100%,L,被动指数型,股票型,,20250801,20250801,E,L
560120.SH,华夏中证500自由现金流ETF,华夏基金管理有限公司,交通银行股份有限公司,股票型,20250723,,20250805,20250716,nan,3.8669,0.5,0.1,,1.0,0.1,,中证500自由现金流指数收益率×100%,L,被动指数型,股票型,,20250805,20250805,E,L
159266.SZ,永赢中证港股通央企红利ETF,永赢基金管理有限公司,交通银行股份有限公司,股票型,20250723,,20250801,20250707,nan,3.7171,0.5,0.1,,1.0,0.1,,中证港股通央企红利指数收益率(按照估值汇率折算)×100%,L,被动指数型,股票型,,20250801,20250801,E,L
588980.SH,广发上证科创板100ETF,广发基金管理有限公司,招商银行股份有限公司,股票型,20250723,,20250801,20250430,nan,3.0192,0.5,0.1,,1.0,0.1,,上证科创板100指数收益率×100%,L,被动指数型,股票型,,20250801,20250801,E,L
520690.SH,博时恒生港股通创新药精选ETF,博时基金管理有限公司,华泰证券股份有限公司,股票型,20250723,,20250801,20250714,nan,3.2745,0.5,0.1,,1.0,0.1,,恒生港股通创新药精选指数收益率(经估值汇率调整后)×100%,L,被动指数型,股票型,,20250801,20250801,E,L
589200.SH,工银瑞信上证科创板200ETF,工银瑞信基金管理有限公司,中信证券股份有限公司,股票型,20250723,,20250808,20250707,nan,6.1651,0.15,0.05,,1.0,0.1,,上证科创板200指数收益率×100%,L,被动指数型,股票型,,20250808,20250808,E,L
159267.SZ,华安国证航天航空行业ETF,华安基金管理有限公司,国投证券股份有限公司,股票型,20250721,,20250801,20250707,nan,3.3651,0.5,0.1,,1.0,0.1,,国证航天航空行业指数收益率×100%,L,被动指数型,股票型,,20250801,20250801,E,L
180901.SZ,南方润泽科技数据中心REIT,南方基金管理股份有限公司,招商银行股份有限公司,REITs,20250718,,20250808,20250714,nan,10.0,nan,0.01,,1.0,0.45,,本基金暂不设立业绩比较基准,L,nan,其他型,,nan,nan,E,L
508060.SH,南方万国数据中心REIT,南方基金管理股份有限公司,招商银行股份有限公司,REITs,20250718,,20250808,20250714,nan,8.0,nan,0.01,,1.0,0.3,,本基金暂不设立业绩比较基准,L,nan,其他型,,nan,nan,E,L
159276.SZ,汇添富国证自由现金流ETF,汇添富基金管理股份有限公司,交通银行股份有限公司,股票型,20250717,,20250728,20250707,nan,3.477,0.5,0.1,,1.0,0.1,,国证自由现金流指数收益率×100%,L,被动指数型,股票型,,20250728,20250728,E,L
562870.SH,嘉实中证全指证券公司ETF,嘉实基金管理有限公司,招商银行股份有限公司,股票型,20250717,,20250725,20250630,nan,2.8651,0.15,0.1,,1.0,0.1,,中证全指证券公司指数收益率×100%,L,被动指数型,股票型,,20250725,20250725,E,L
520860.SH,富国中证港股通科技ETF,富国基金管理有限公司,中信证券股份有限公司,股票型,20250716,,20250725,20250701,nan,11.192,0.5,0.1,,1.0,0.1,,中证港股通科技指数收益率(使用估值汇率折算)×100%,L,被动指数型,股票型,,20250725,20250725,E,L
159270.SZ,南方创业板200ETF,南方基金管理股份有限公司,招商银行股份有限公司,股票型,20250716,,20250724,20250701,nan,7.9876,0.15,0.05,,1.0,0.1,,创业板200指数收益率×100%,L,被动指数型,股票型,,20250724,20250724,E,L
589550.SH,华夏上证智选科创板价值50策略ETF,华夏基金管理有限公司,国金证券股份有限公司,股票型,20250716,,20250728,20250630,nan,2.298,0.5,0.1,,1.0,0.1,,上证智选科创板价值50策略指数收益率×100%,L,被动指数型,股票型,,20250728,20250728,E,L
159257.SZ,汇添富国证通用航空产业ETF,汇添富基金管理股份有限公司,中信建投证券股份有限公司,股票型,20250716,,20250728,20250701,nan,3.1642,0.5,0.1,,1.0,0.1,,国证通用航空产业指数收益率×100%,L,被动指数型,股票型,,20250728,20250728,E,L
588920.SH,鹏华上证科创板芯片ETF,鹏华基金管理有限公司,国泰海通证券股份有限公司,股票型,20250716,,20250728,20250707,nan,5.0844,0.5,0.1,,1.0,0.1,,上证科创板芯片指数收益率×100%,L,被动指数型,股票型,,20250728,20250728,E,L
563580.SH,万家中证800自由现金流ETF,万家基金管理有限公司,中国农业银行股份有限公司,股票型,20250716,,20250725,20250701,nan,6.4165,0.5,0.1,,1.0,0.1,,中证800自由现金流指数收益率×100%,L,被动指数型,股票型,,20250725,20250725,E,L
159242.SZ,大成创业板人工智能ETF,大成基金管理有限公司,华泰证券股份有限公司,股票型,20250716,,20250724,20250701,nan,4.0428,0.5,0.1,,1.0,0.1,,创业板人工智能指数收益率×100%,L,被动指数型,股票型,,20250724,20250724,E,L
159251.SZ,万家国证港股通科技ETF,万家基金管理有限公司,国投证券股份有限公司,股票型,20250714,,20250724,20250609,nan,4.9779,0.5,0.1,,1.0,0.1,,经汇率调整后的国证港股通科技指数收益率×100%,L,被动指数型,股票型,,20250724,20250724,E,L
508039.SH,创金合信首农产业园REIT,创金合信基金管理有限公司,北京银行股份有限公司,REITs,20250714,,20250725,20250707,nan,10.0,nan,0.01,,1.0,0.369,,本基金暂不设立业绩比较基准,L,nan,其他型,,nan,nan,E,L
508016.SH,华夏华电清洁能源REIT,华夏基金管理有限公司,招商银行股份有限公司,REITs,20250714,,20250801,20250707,nan,5.0,nan,0.01,,1.0,0.379,,本基金暂不设立业绩比较基准,L,nan,其他型,,nan,nan,E,L
551500.SH,易方达中证AAA科技创新公司债ETF,易方达基金管理有限公司,兴业银行股份有限公司,债券型,20250710,,20250717,20250707,nan,28.22,0.15,0.05,,1.0,0.1,,中证AAA科技创新公司债指数收益率×100%,L,被动指数型,债券型,,20250717,20250717,E,L
551000.SH,博时上证AAA科技创新公司债ETF,博时基金管理有限公司,中信银行股份有限公司,债券型,20250710,,20250717,20250707,nan,30.0003,0.15,0.05,,1.0,0.1,,上证AAA科技创新公司债指数收益率×100%,L,被动指数型,债券型,,20250717,20250717,E,L
159200.SZ,富国中证AAA科技创新公司债ETF,富国基金管理有限公司,中信证券股份有限公司,债券型,20250710,,20250717,20250707,nan,30.0,0.15,0.05,,1.0,0.1,,中证AAA科技创新公司债指数收益率×100%,L,被动指数型,债券型,,20250717,20250717,E,L
159268.SZ,汇添富国证港股通消费主题ETF,汇添富基金管理股份有限公司,广发证券股份有限公司,股票型,20250710,,20250721,20250618,nan,2.2806,0.5,0.1,,1.0,0.1,,国证港股通消费主题指数收益率(经估值汇率调整后)×100%,L,被动指数型,股票型,,20250721,20250721,E,L
159700.SZ,南方中证AAA科技创新公司债ETF,南方基金管理股份有限公司,兴业银行股份有限公司,债券型,20250710,,20250717,20250707,nan,29.9291,0.15,0.05,,1.0,0.1,,中证AAA科技创新公司债指数收益率×100%,L,被动指数型,债券型,,20250717,20250717,E,L
511120.SH,广发上证AAA科技创新公司债ETF,广发基金管理有限公司,国金证券股份有限公司,债券型,20250710,,20250717,20250707,nan,29.6806,0.15,0.05,,1.0,0.1,,上证AAA科技创新公司债指数收益率×100%,L,被动指数型,债券型,,20250717,20250717,E,L
159400.SZ,景顺长城深证AAA科技创新公司债ETF,景顺长城基金管理有限公司,兴业银行股份有限公司,债券型,20250710,,20250717,20250707,nan,22.9974,0.15,0.05,,1.0,0.1,,深证AAA科技创新公司债指数收益率×100%,L,被动指数型,债券型,,20250717,20250717,E,L
551900.SH,招商中证AAA科技创新公司债ETF,招商基金管理有限公司,兴业银行股份有限公司,债券型,20250710,,20250717,20250707,nan,29.9117,0.15,0.05,,1.0,0.1,,中证AAA科技创新公司债指数收益率×100%,L,被动指数型,债券型,,20250717,20250717,E,L
159248.SZ,万家中证人工智能主题ETF,万家基金管理有限公司,浙商证券股份有限公司,股票型,20250710,,20250724,20250626,nan,3.211,0.5,0.1,,1.0,0.1,,中证人工智能主题指数收益率×100%,L,被动指数型,股票型,,20250724,20250724,E,L
551030.SH,鹏华上证AAA科技创新公司债ETF,鹏华基金管理有限公司,中信证券股份有限公司,债券型,20250710,,20250717,20250707,nan,29.94,0.15,0.05,,1.0,0.1,,上证AAA科技创新公司债指数收益率×100%,L,被动指数型,债券型,,20250717,20250717,E,L
159600.SZ,嘉实中证AAA科技创新公司债ETF,嘉实基金管理有限公司,兴业银行股份有限公司,债券型,20250710,,20250717,20250707,nan,29.5889,0.15,0.05,,1.0,0.1,,中证AAA科技创新公司债指数收益率×100%,L,被动指数型,债券型,,20250717,20250717,E,L
551550.SH,华夏中证AAA科技创新公司债ETF,华夏基金管理有限公司,招商银行股份有限公司,债券型,20250710,,20250717,20250707,nan,29.6082,0.15,0.05,,1.0,0.1,,中证AAA科技创新公司债指数收益率×100%,L,被动指数型,债券型,,20250717,20250717,E,L
512060.SH,天弘中证A100ETF,天弘基金管理有限公司,国泰海通证券股份有限公司,股票型,20250709,,20250718,20250617,nan,5.0693,0.15,0.05,,1.0,0.1,,中证A100指数收益率×100%,L,被动指数型,股票型,,20250718,20250718,E,L
160641.SZ,鹏华丰锐债券(LOF),鹏华基金管理有限公司,上海浦东发展银行股份有限公司,债券型,20250708,,20250708,nan,nan,nan,0.7,0.1,,1.0,nan,,中债-综合财富(1-3年)指数收益率×83%+中证800指数收益率×12%+活期存款基准利率×5%,L,债券型,债券型,,20250709,20250709,E,L
159311.SZ,易方达中证数字经济主题ETF,易方达基金管理有限公司,交通银行股份有限公司,股票型,20250707,,20250715,20250506,nan,3.5138,0.5,0.1,,1.0,0.1,,中证数字经济主题指数收益率×100%,L,被动指数型,股票型,,20250715,20250715,E,L
159246.SZ,富国创业板人工智能ETF,富国基金管理有限公司,中信建投证券股份有限公司,股票型,20250702,,20250710,20250616,nan,2.5583,0.4,0.05,,1.0,0.1,,创业板人工智能指数收益率×100%,L,被动指数型,股票型,,20250710,20250710,E,L
159263.SZ,易方达国证价值100ETF,易方达基金管理有限公司,中信银行股份有限公司,股票型,20250630,,20250708,20250616,nan,4.6611,0.15,0.05,,1.0,0.1,,国证价值100指数收益率×100%,L,被动指数型,股票型,,20250708,20250708,E,L
159269.SZ,南方中证港股通科技ETF,南方基金管理股份有限公司,广发证券股份有限公司,股票型,20250630,,20250710,20250618,nan,7.0531,0.3,0.05,,1.0,0.1,,中证港股通科技指数(人民币)收益率×100%,L,被动指数型,股票型,,20250710,20250710,E,L
588520.SH,永赢上证科创板综合价格增强策略ETF,永赢基金管理有限公司,中泰证券股份有限公司,股票型,20250627,,20250708,20250611,nan,2.3296,0.5,0.1,,1.0,0.1,,上证科创板综合价格指数收益率×100%,L,增强指数型,股票型,,20250708,20250708,E,L
520880.SH,华宝恒生港股通创新药精选ETF,华宝基金管理有限公司,国信证券股份有限公司,股票型,20250627,,20250707,20250616,nan,4.3481,0.5,0.1,,1.0,0.1,,人民币汇率调整的恒生港股通创新药精选指数收益率×100%,L,被动指数型,股票型,,20250707,20250707,E,L
508090.SH,中银中外运仓储物流REIT,中银基金管理有限公司,招商银行股份有限公司,REITs,20250626,,20250729,20250623,nan,4.0,nan,0.01,,1.0,0.328,,本基金不设置业绩比较基准,L,nan,其他型,,nan,nan,E,L
159262.SZ,广发恒生港股通科技主题ETF,广发基金管理有限公司,华泰证券股份有限公司,股票型,20250626,,20250707,20250609,nan,13.4122,0.5,0.1,,1.0,0.1,,恒生港股通科技主题指数×100%,L,被动指数型,股票型,,20250707,20250707,E,L
159223.SZ,永赢国证自由现金流ETF,永赢基金管理有限公司,中国银行股份有限公司,股票型,20250625,,20250703,20250611,nan,2.9984,0.5,0.1,,1.0,0.1,,国证自由现金流指数收益率×100%,L,被动指数型,股票型,,20250703,20250703,E,L
159237.SZ,工银瑞信中证港股通汽车产业主题ETF,工银瑞信基金管理有限公司,中信证券股份有限公司,股票型,20250625,,20250707,20250603,nan,2.4333,0.45,0.07,,1.0,0.1,,经汇率调整后的中证港股通汽车产业主题指数收益率×100%,L,被动指数型,股票型,,20250707,20250707,E,L
159261.SZ,鹏华创业板新能源ETF,鹏华基金管理有限公司,中泰证券股份有限公司,股票型,20250625,,20250707,20250609,nan,4.2781,0.5,0.1,,1.0,0.1,,创业板新能源指数收益率×100%,L,被动指数型,股票型,,20250707,20250707,E,L
159249.SZ,工银瑞信中证A500增强策略ETF,工银瑞信基金管理有限公司,广发证券股份有限公司,股票型,20250620,,20250702,20250603,nan,2.3419,0.5,0.1,,1.0,0.1,,中证A500指数收益率×100%,L,增强指数型,股票型,,20250702,20250702,E,L
589380.SH,富国上证科创板人工智能ETF,富国基金管理有限公司,广发证券股份有限公司,股票型,20250620,,20250701,20250603,nan,2.0969,0.3,0.1,,1.0,0.1,,上证科创板人工智能指数收益率×100%,L,被动指数型,股票型,,20250701,20250701,E,L
180606.SZ,中金中国绿发消费REIT,中金基金管理有限公司,招商银行股份有限公司,REITs,20250619,,20250627,20250613,nan,5.0,nan,0.01,,1.0,0.316,,本基金不设置业绩比较基准,L,nan,其他型,,nan,nan,E,L
563630.SH,国联安中证A500增强策略ETF,国联安基金管理有限公司,招商证券股份有限公司,股票型,20250619,,20250701,20250611,nan,2.7595,0.5,0.1,,1.0,0.1,,中证A500指数收益率×100%,L,增强指数型,股票型,,20250701,20250701,E,L
159203.SZ,博时国证大盘成长ETF,博时基金管理有限公司,国泰海通证券股份有限公司,股票型,20250618,,20250630,20250603,nan,3.0879,0.5,0.1,,1.0,0.1,,国证大盘成长指数收益率×100%,L,被动指数型,股票型,,20250630,20250630,E,L
561090.SH,华安中证A500增强策略ETF,华安基金管理有限公司,中信银行股份有限公司,股票型,20250618,,20250702,20250530,nan,2.5197,0.5,0.1,,1.0,0.1,,中证A500指数收益率×100%,L,增强指数型,股票型,,20250702,20250702,E,L
159365.SZ,富国恒指港股通ETF,富国基金管理有限公司,华泰证券股份有限公司,股票型,20250618,,20250630,20250515,nan,2.1116,0.5,0.1,,1.0,0.1,,恒指港股通指数收益率(使用估值汇率折算)×100%,L,被动指数型,股票型,,20250630,20250630,E,L
159550.SZ,东财中证沪港深互联网ETF,东财基金管理有限公司,广发证券股份有限公司,股票型,20250618,,20250627,20250526,nan,3.3823,0.5,0.05,,1.0,0.1,,中证沪港深互联网指数收益率×100%,L,被动指数型,股票型,,20250627,20250627,E,L
159265.SZ,鹏华国证港股通消费主题ETF,鹏华基金管理有限公司,招商证券股份有限公司,股票型,20250618,,20250702,20250609,nan,2.9595,0.5,0.1,,1.0,0.1,,国证港股通消费主题指数收益率(经汇率调整后)×100%,L,被动指数型,股票型,,20250702,20250702,E,L
520980.SH,汇添富恒生港股通中国科技ETF,汇添富基金管理股份有限公司,兴业银行股份有限公司,股票型,20250618,,20250702,20250603,nan,12.7939,0.5,0.1,,1.0,0.1,,恒生港股通中国科技指数收益率(经估值汇率调整后)×100%,L,被动指数型,股票型,,20250702,20250702,E,L
561770.SH,博时中证A100ETF,博时基金管理有限公司,中国农业银行股份有限公司,股票型,20250616,,20250624,20250603,nan,2.3555,0.15,0.05,,1.0,0.1,,中证A100指数收益率×100%,L,被动指数型,股票型,,20250624,20250624,E,L
508080.SH,中金亦庄产业园REIT,中金基金管理有限公司,中国农业银行股份有限公司,REITs,20250616,,20250626,20250610,nan,4.0,nan,0.01,,1.0,0.272,,本基金不设置业绩比较基准,L,nan,其他型,,nan,nan,E,L
159245.SZ,富国国证港股通消费主题ETF,富国基金管理有限公司,国投证券股份有限公司,股票型,20250611,,20250619,20250526,nan,2.7911,0.5,0.1,,1.0,0.1,,国证港股通消费主题指数收益率(使用估值汇率折算)×100%,L,被动指数型,股票型,,20250619,20250619,E,L
562050.SH,华宝中证制药ETF,华宝基金管理有限公司,招商证券股份有限公司,股票型,20250611,,20250619,20250526,nan,2.2847,0.5,0.1,,1.0,0.1,,中证制药指数收益率×100%,L,被动指数型,股票型,,20250619,20250619,E,L
512130.SH,鹏华中证全指自由现金流ETF,鹏华基金管理有限公司,国投证券股份有限公司,股票型,20250605,,20250701,20250519,nan,2.979,0.15,0.05,,1.0,0.1,,中证全指自由现金流指数收益率×100%,L,被动指数型,股票型,,20250701,20250701,E,L
159240.SZ,天弘中证A500增强策略ETF,天弘基金管理有限公司,中信建投证券股份有限公司,股票型,20250605,,20250617,20250519,nan,2.2462,0.5,0.1,,1.0,0.1,,中证A500指数收益率×100%,L,增强指数型,股票型,,20250617,20250617,E,L
159228.SZ,长城中证红利低波动100ETF,长城基金管理有限公司,中国农业银行股份有限公司,股票型,20250605,,20250618,20250526,nan,3.2021,0.5,0.1,,1.0,0.1,,中证红利低波动100指数收益率×100%,L,被动指数型,股票型,,20250618,20250618,E,L
588270.SH,易方达上证科创板200ETF,易方达基金管理有限公司,中国银行股份有限公司,股票型,20250605,,20250616,20250519,nan,2.8941,0.15,0.05,,1.0,0.1,,上证科创板200指数收益率×100%,L,被动指数型,股票型,,20250616,20250616,E,L
588670.SH,嘉实上证科创板综合增强策略ETF,嘉实基金管理有限公司,华泰证券股份有限公司,股票型,20250605,,20250613,20250519,nan,5.3579,0.5,0.1,,1.0,0.1,,上证科创板综合指数收益率×100%,L,增强指数型,股票型,,20250613,20250613,E,L
589180.SH,汇添富上证科创板新材料ETF,汇添富基金管理股份有限公司,中泰证券股份有限公司,股票型,20250605,,20250616,20250519,nan,2.5732,0.5,0.1,,1.0,0.1,,上证科创板新材料指数收益率×100%,L,被动指数型,股票型,,20250616,20250616,E,L
159205.SZ,东财创业板ETF,东财基金管理有限公司,兴业银行股份有限公司,股票型,20250604,,20250612,20250515,nan,5.0306,0.15,0.05,,1.0,0.1,,创业板指数收益率×100%,L,被动指数型,股票型,,20250612,20250612,E,L
159238.SZ,景顺长城沪深300增强策略ETF,景顺长城基金管理有限公司,兴业银行股份有限公司,股票型,20250528,,20250609,20250512,nan,4.3902,0.5,0.1,,1.0,0.1,,沪深300指数收益率×100%,L,增强指数型,股票型,,20250609,20250609,E,L
159387.SZ,国泰创业板新能源ETF,国泰基金管理有限公司,广发证券股份有限公司,股票型,20250528,,20250610,20250512,nan,3.3059,0.5,0.1,,1.0,0.1,,创业板新能源指数收益率×100%,L,被动指数型,股票型,,20250610,20250610,E,L
589580.SH,兴银上证科创板综合价格ETF,兴银基金管理有限责任公司,招商证券股份有限公司,股票型,20250527,,20250611,20250514,nan,5.1835,0.15,0.05,,1.0,0.1,,上证科创板综合价格指数收益率×100%,L,被动指数型,股票型,,20250611,20250611,E,L
588710.SH,华泰柏瑞上证科创板半导体材料设备主题ETF,华泰柏瑞基金管理有限公司,国泰海通证券股份有限公司,股票型,20250526,,20250604,20250515,nan,5.883,0.5,0.1,,1.0,0.1,,上证科创板半导体材料设备主题指数收益率×100%,L,被动指数型,股票型,,20250604,20250604,E,L
520940.SH,华安恒指港股通ETF,华安基金管理有限公司,国信证券股份有限公司,股票型,20250526,,20250609,20250514,nan,5.903,0.5,0.1,,1.0,0.1,,恒指港股通指数收益率(经汇率调整)×100%,L,被动指数型,股票型,,20250609,20250609,E,L
159372.SZ,万家创业板50ETF,万家基金管理有限公司,平安银行股份有限公司,股票型,20250526,,20250609,20250508,nan,3.2545,0.15,0.05,,1.0,0.1,,创业板50指数收益率×100%,L,被动指数型,股票型,,20250609,20250609,E,L
561750.SH,博时中证A50ETF,博时基金管理有限公司,中国工商银行股份有限公司,股票型,20250522,,20250530,20250414,nan,2.085,0.15,0.05,,1.0,0.1,,中证A50指数收益率×100%,L,被动指数型,股票型,,20250530,20250530,E,L
159389.SZ,嘉实中证诚通国企数字经济ETF,嘉实基金管理有限公司,招商银行股份有限公司,股票型,20250522,,20250530,20250512,nan,5.7409,0.5,0.1,,1.0,0.1,,中证诚通国企数字经济指数收益率×100%,L,被动指数型,股票型,,20250530,20250530,E,L
159210.SZ,汇添富中证港股通汽车产业主题ETF,汇添富基金管理股份有限公司,国投证券股份有限公司,股票型,20250522,,20250604,20250506,nan,2.7695,0.5,0.1,,1.0,0.1,,中证港股通汽车产业主题指数收益率(经估值汇率调整后)×100%,L,被动指数型,股票型,,20250604,20250604,E,L
563760.SH,中银中证全指自由现金流ETF,中银基金管理有限公司,兴业银行股份有限公司,股票型,20250521,,20250606,20250506,nan,3.8791,0.15,0.05,,1.0,0.1,,中证全指自由现金流指数收益率×100%,L,被动指数型,股票型,,20250606,20250606,E,L
159385.SZ,富国中证诚通国企数字经济ETF,富国基金管理有限公司,上海浦东发展银行股份有限公司,股票型,20250521,,20250530,20250512,nan,5.35,0.5,0.1,,1.0,0.1,,中证诚通国企数字经济指数收益率×100%,L,被动指数型,股票型,,20250530,20250530,E,L
588940.SH,富国上证科创板50成份ETF,富国基金管理有限公司,中信银行股份有限公司,股票型,20250521,,20250603,20250507,nan,3.1642,0.15,0.05,,1.0,0.1,,上证科创板50成份指数收益率×100%,L,被动指数型,股票型,,20250603,20250603,E,L
561220.SH,工银瑞信中证诚通国企数字经济ETF,工银瑞信基金管理有限公司,国信证券股份有限公司,股票型,20250521,,20250530,20250512,nan,9.8205,0.4,0.1,,1.0,0.1,,中证诚通国企数字经济指数收益率×100%,L,被动指数型,股票型,,20250530,20250530,E,L
159230.SZ,华夏国证通用航空产业ETF,华夏基金管理有限公司,国泰海通证券股份有限公司,股票型,20250521,,20250530,20250507,nan,2.623,0.5,0.1,,1.0,0.1,,国证通用航空产业指数收益率×100%,L,被动指数型,股票型,,20250530,20250530,E,L
159241.SZ,天弘国证航天航空行业ETF,天弘基金管理有限公司,中信证券股份有限公司,股票型,20250521,,20250529,20250506,nan,3.4437,0.5,0.1,,1.0,0.1,,国证航天航空行业指数收益率×100%,L,被动指数型,股票型,,20250529,20250529,E,L
589700.SH,南方上证科创板成长ETF,南方基金管理股份有限公司,中国银行股份有限公司,股票型,20250521,,20250605,20250506,nan,3.7429,0.5,0.1,,1.0,0.1,,上证科创板成长指数收益率×100%,L,被动指数型,股票型,,20250605,20250605,E,L
159233.SZ,平安中证全指自由现金流ETF,平安基金管理有限公司,中国工商银行股份有限公司,股票型,20250521,,20250604,20250414,nan,7.1762,0.5,0.1,,1.0,0.1,,中证全指自由现金流指数收益率×100%,L,被动指数型,股票型,,20250604,20250604,E,L
159226.SZ,国泰中证A500增强策略ETF,国泰基金管理有限公司,中国工商银行股份有限公司,股票型,20250520,,20250529,20250401,nan,5.7009,0.5,0.1,,1.0,0.1,,中证A500指数收益率×100%,L,增强指数型,股票型,,20250529,20250529,E,L
159239.SZ,富国恒生港股通汽车主题ETF,富国基金管理有限公司,中信建投证券股份有限公司,股票型,20250519,,20250528,20250506,nan,2.3178,0.5,0.1,,1.0,0.1,,恒生港股通汽车主题指数收益率(使用估值汇率折算)×100%,L,被动指数型,股票型,,20250528,20250528,E,L
588130.SH,华夏上证科创板生物医药ETF,华夏基金管理有限公司,中泰证券股份有限公司,股票型,20250514,,20250528,20250407,nan,2.0208,0.5,0.1,,1.0,0.1,,上证科创板生物医药指数收益率×100%,L,被动指数型,股票型,,20250528,20250528,E,L
563830.SH,博时中证全指自由现金流ETF,博时基金管理有限公司,中信银行股份有限公司,股票型,20250514,,20250522,20250414,nan,3.239,0.5,0.1,,1.0,0.1,,中证全指自由现金流指数收益率×100%,L,被动指数型,股票型,,20250522,20250522,E,L
159218.SZ,招商中证卫星产业ETF,招商基金管理有限公司,中国银河证券股份有限公司,股票型,20250514,,20250522,20250407,nan,2.0562,0.5,0.1,,1.0,0.1,,中证卫星产业指数收益率×100%,L,被动指数型,股票型,,20250522,20250522,E,L
563550.SH,摩根中证A500增强策略ETF,摩根基金管理(中国)有限公司,中信证券股份有限公司,股票型,20250508,,20250516,20250421,nan,10.1556,0.5,0.1,,1.0,0.1,,中证A500指数收益率×100%,L,增强指数型,股票型,,20250516,20250516,E,L
563770.SH,招商中证全指自由现金流ETF,招商基金管理有限公司,国泰海通证券股份有限公司,股票型,20250508,,20250516,20250423,nan,2.6731,0.15,0.05,,1.0,0.1,,中证全指自由现金流指数收益率×100%,L,被动指数型,股票型,,20250516,20250516,E,L
563060.SH,易方达中证国资央企50ETF,易方达基金管理有限公司,广发银行股份有限公司,股票型,20250508,,20250519,20250421,nan,2.2753,0.5,0.1,,1.0,0.1,,中证国资央企50指数收益率×100%,L,被动指数型,股票型,,20250519,20250519,E,L
159229.SZ,广发中证800自由现金流ETF,广发基金管理有限公司,中信银行股份有限公司,股票型,20250506,,20250515,20250407,nan,2.5256,0.15,0.05,,1.0,0.1,,中证800自由现金流指数收益率×100%,L,被动指数型,股票型,,20250515,20250515,E,L
563680.SH,汇添富中证800自由现金流ETF,汇添富基金管理股份有限公司,中国银行股份有限公司,股票型,20250430,,20250515,20250414,nan,2.6696,0.5,0.1,,1.0,0.1,,中证800自由现金流指数收益率×100%,L,被动指数型,股票型,,20250515,20250515,E,L
159227.SZ,华夏国证航天航空行业ETF,华夏基金管理有限公司,中国农业银行股份有限公司,股票型,20250430,,20250516,20250414,nan,4.1991,0.5,0.1,,1.0,0.1,,国证航天航空行业指数收益率×100%,L,被动指数型,股票型,,20250516,20250516,E,L
563780.SH,方正富邦中证全指自由现金流ETF,方正富邦基金管理有限公司,交通银行股份有限公司,股票型,20250430,,20250513,20250414,nan,5.1003,0.5,0.1,,1.0,0.1,,中证全指自由现金流指数收益率×100%,L,被动指数型,股票型,,20250513,20250513,E,L
159221.SZ,嘉实国证自由现金流ETF,嘉实基金管理有限公司,中国工商银行股份有限公司,股票型,20250430,,20250513,20250421,nan,2.9001,0.15,0.05,,1.0,0.1,,国证自由现金流指数收益率×100%,L,被动指数型,股票型,,20250513,20250513,E,L
159392.SZ,富国国证通用航空产业ETF,富国基金管理有限公司,广发证券股份有限公司,股票型,20250430,,20250514,20250414,nan,3.1529,0.5,0.1,,1.0,0.1,,国证通用航空产业指数收益率×100%,L,被动指数型,股票型,,20250514,20250514,E,L
159236.SZ,工银瑞信中证全指自由现金流ETF,工银瑞信基金管理有限公司,华泰证券股份有限公司,股票型,20250430,,20250516,20250414,nan,5.2972,0.15,0.05,,1.0,0.1,,中证全指自由现金流指数收益率×100%,L,被动指数型,股票型,,20250516,20250516,E,L
561870.SH,华富中证全指自由现金流ETF,华富基金管理有限公司,中国农业银行股份有限公司,股票型,20250429,,20250509,20250414,nan,4.1777,0.5,0.1,,1.0,0.1,,中证全指自由现金流指数收益率×100%,L,被动指数型,股票型,,20250509,20250509,E,L
159220.SZ,华宝标普港股通低波红利ETF,华宝基金管理有限公司,中国建设银行股份有限公司,股票型,20250429,,20250512,20250417,nan,4.5778,0.5,0.1,,1.0,0.1,,经人民币汇率调整的标普港股通低波红利指数收益率×100%,L,被动指数型,股票型,,20250512,20250512,E,L
501227.SH,泓德红利优选混合(LOF)-A,泓德基金管理有限公司,平安银行股份有限公司,混合型,20250429,,20250625,20250407,nan,1.7867,1.2,0.2,,1.0,0.1,,中证红利指数收益率×90%+中国债券综合全价指数收益率×10%,L,混合型,混合型,,20250603,20250625,E,L
159208.SZ,万家国证航天航空行业ETF,万家基金管理有限公司,中国建设银行股份有限公司,股票型,20250428,,20250512,20250328,nan,2.1446,0.5,0.1,,1.0,0.1,,国证航天航空行业指数收益率×100%,L,被动指数型,股票型,,20250512,20250512,E,L
508085.SH,华泰紫金苏州恒泰租赁住房REIT,华泰证券(上海)资产管理有限公司,中信银行股份有限公司,REITs,20250425,,20250521,20250422,nan,5.0,nan,0.01,,1.0,0.273,,本基金暂不设立业绩比较基准,L,nan,其他型,,nan,nan,E,L
589980.SH,汇添富上证科创板100ETF,汇添富基金管理股份有限公司,中国农业银行股份有限公司,股票型,20250425,,20250512,20250421,nan,3.7812,0.15,0.05,,1.0,0.1,,上证科创板100指数收益率×100%,L,被动指数型,股票型,,20250512,20250512,E,L
159219.SZ,融通深证100ETF,融通基金管理有限公司,兴业银行股份有限公司,股票型,20250424,,20250513,20250321,nan,2.9239,0.15,0.05,,1.0,0.1,,深证100指数收益率×100%,L,被动指数型,股票型,,20250513,20250513,E,L
563900.SH,摩根沪深300自由现金流ETF,摩根基金管理(中国)有限公司,中国光大银行股份有限公司,股票型,20250424,,20250507,20250407,nan,4.2497,0.5,0.1,,1.0,0.1,,沪深300自由现金流指数收益率×100%,L,被动指数型,股票型,,20250507,20250507,E,L
159232.SZ,南方中证全指自由现金流ETF,南方基金管理股份有限公司,国信证券股份有限公司,股票型,20250423,,20250430,20250414,nan,19.0895,0.15,0.05,,1.0,0.1,,中证全指自由现金流指数收益率×100%,L,被动指数型,股票型,,20250430,20250430,E,L
159382.SZ,南方创业板人工智能ETF,南方基金管理股份有限公司,中国建设银行股份有限公司,股票型,20250423,,20250509,20250414,nan,2.1006,0.5,0.1,,1.0,0.1,,创业板人工智能指数收益率×100%,L,被动指数型,股票型,,20250509,20250509,E,L
561080.SH,华安中证全指自由现金流ETF,华安基金管理有限公司,国信证券股份有限公司,股票型,20250423,,20250430,20250414,nan,4.4125,0.5,0.1,,1.0,0.1,,中证全指自由现金流指数收益率×100%,L,被动指数型,股票型,,20250430,20250430,E,L
563390.SH,华泰柏瑞中证全指自由现金流ETF,华泰柏瑞基金管理有限公司,招商银行股份有限公司,股票型,20250423,,20250430,20250414,nan,10.5284,0.5,0.1,,1.0,0.1,,中证全指自由现金流指数收益率×100%,L,被动指数型,股票型,,20250430,20250430,E,L
159235.SZ,大成中证全指自由现金流ETF,大成基金管理有限公司,华泰证券股份有限公司,股票型,20250423,,20250430,20250414,nan,10.8773,0.15,0.05,,1.0,0.1,,中证全指自由现金流指数收益率×100%,L,被动指数型,股票型,,20250430,20250430,E,L
159213.SZ,汇添富中证机器人ETF,汇添富基金管理股份有限公司,国信证券股份有限公司,股票型,20250421,,20250430,20250407,nan,2.2624,0.5,0.1,,1.0,0.1,,中证机器人指数收益率×100%,L,被动指数型,股票型,,20250430,20250430,E,L
159231.SZ,华宝国证通用航空产业ETF,华宝基金管理有限公司,长江证券股份有限公司,股票型,20250418,,20250429,20250407,nan,2.5405,0.5,0.1,,1.0,0.1,,国证通用航空产业指数收益率×100%,L,被动指数型,股票型,,20250429,20250429,E,L
516460.SH,鹏华中证800自由现金流ETF,鹏华基金管理有限公司,交通银行股份有限公司,股票型,20250417,,20250428,20250407,nan,2.0369,0.5,0.1,,1.0,0.1,,中证800自由现金流指数收益率×100%,L,被动指数型,股票型,,20250428,20250428,E,L
588850.SH,嘉实上证科创板工业机械ETF,嘉实基金管理有限公司,广发证券股份有限公司,股票型,20250416,,20250424,20250331,nan,2.5078,0.5,0.1,,1.0,0.1,,上证科创板工业机械指数收益率×100%,L,被动指数型,股票型,,20250424,20250424,E,L
510320.SH,中金沪深300ETF,中金基金管理有限公司,中国建设银行股份有限公司,股票型,20250416,,20250425,20250331,nan,9.7907,0.15,0.05,,1.0,0.1,,沪深300指数收益率×100%,L,被动指数型,股票型,,20250425,20250425,E,L
563700.SH,易方达中证红利价值ETF,易方达基金管理有限公司,兴业银行股份有限公司,股票型,20250416,,20250428,20250331,nan,3.5515,0.15,0.05,,1.0,0.1,,中证红利价值指数收益率×100%,L,被动指数型,股票型,,20250428,20250428,E,L
563990.SH,富国中证800自由现金流ETF,富国基金管理有限公司,中国银行股份有限公司,股票型,20250416,,20250424,20250407,nan,9.2457,0.5,0.1,,1.0,0.1,,中证800自由现金流指数收益率×100%,L,被动指数型,股票型,,20250424,20250424,E,L
159222.SZ,易方达国证自由现金流ETF,易方达基金管理有限公司,中信证券股份有限公司,股票型,20250409,,20250417,20250324,nan,11.5437,0.15,0.05,,1.0,0.1,,国证自由现金流指数收益率×100%,L,被动指数型,股票型,,20250417,20250417,E,L
589300.SH,嘉实上证科创板综合ETF,嘉实基金管理有限公司,平安银行股份有限公司,股票型,20250409,,20250417,20250324,nan,4.4558,0.15,0.05,,1.0,0.1,,上证科创板综合指数收益率×100%,L,被动指数型,股票型,,20250417,20250417,E,L
159225.SZ,银华国证自由现金流ETF,银华基金管理股份有限公司,平安银行股份有限公司,股票型,20250409,,20250417,20250324,nan,4.4574,0.15,0.05,,1.0,0.1,,国证自由现金流指数收益率×100%,L,被动指数型,股票型,,20250417,20250417,E,L
562080.SH,华宝沪深300自由现金流ETF,华宝基金管理有限公司,中国建设银行股份有限公司,股票型,20250407,,20250415,20250324,nan,4.4238,0.5,0.1,,1.0,0.1,,沪深300自由现金流指数收益率×100%,L,被动指数型,股票型,,20250415,20250415,E,L
159391.SZ,博时国证大盘价值ETF,博时基金管理有限公司,中国银行股份有限公司,股票型,20250403,,20250421,20250317,nan,2.0808,0.5,0.1,,1.0,0.1,,国证大盘价值指数收益率×100%,L,被动指数型,股票型,,20250421,20250421,E,L
512250.SH,招商中证A50ETF,招商基金管理有限公司,中国建设银行股份有限公司,股票型,20250403,,20250414,20241231,nan,2.151,0.15,0.05,,1.0,0.1,,中证A50指数收益率×100%,L,被动指数型,股票型,,20250414,20250414,E,L
588040.SH,鹏华上证科创板50成份ETF,鹏华基金管理有限公司,国泰海通证券股份有限公司,股票型,20250403,,20250414,20250324,nan,2.0589,0.15,0.05,,1.0,0.1,,上证科创板50成份指数收益率×100%,L,被动指数型,股票型,,20250414,20250414,E,L
159211.SZ,富国深证100ETF,富国基金管理有限公司,中国工商银行股份有限公司,股票型,20250402,,20250414,20250317,nan,2.3768,0.15,0.05,,1.0,0.1,,深证100指数收益率×100%,L,被动指数型,股票型,,20250414,20250414,E,L
159216.SZ,大成深证100ETF,大成基金管理有限公司,中信证券股份有限公司,股票型,20250402,,20250411,20250317,nan,4.2805,0.15,0.05,,1.0,0.1,,深证100指数收益率×100%,L,被动指数型,股票型,,20250411,20250411,E,L
159366.SZ,永赢中证港股通医疗主题ETF,永赢基金管理有限公司,国泰海通证券股份有限公司,股票型,20250402,,20250414,20250317,nan,2.1233,0.5,0.1,,1.0,0.1,,中证港股通医疗主题指数收益率(按照估值汇率折算)×100%,L,被动指数型,股票型,,20250414,20250414,E,L
159377.SZ,国泰创业板医药卫生ETF,国泰基金管理有限公司,国泰海通证券股份有限公司,股票型,20250402,,20250415,20250317,nan,2.0613,0.5,0.1,,1.0,0.1,,创业板医药卫生指数收益率×100%,L,被动指数型,股票型,,20250415,20250415,E,L
159202.SZ,万家恒生互联网科技业ETF(QDII),万家基金管理有限公司,兴业银行股份有限公司,股票型,20250402,,20250416,20250317,nan,2.374,0.5,0.1,,1.0,0.1,,恒生互联网科技业指数收益率(经估值汇率调整)×100%,L,被动指数型,股票型,,20250416,20250416,E,L
560820.SH,新华中证A50ETF,新华基金管理股份有限公司,中国建设银行股份有限公司,股票型,20250328,,20250418,20250310,nan,2.5893,0.15,0.05,,1.0,0.1,,中证A50指数收益率×100%,L,被动指数型,股票型,,20250418,20250418,E,L
159207.SZ,广发中证智选高股息策略ETF,广发基金管理有限公司,上海浦东发展银行股份有限公司,股票型,20250327,,20250409,20250303,nan,4.8098,0.15,0.05,,1.0,0.1,,中证智选高股息策略指数收益率×100%,L,被动指数型,股票型,,20250409,20250409,E,L
180305.SZ,南方顺丰仓储物流REIT,南方基金管理股份有限公司,招商银行股份有限公司,REITs,20250327,,20250421,20250321,nan,10.0,nan,0.01,,1.0,0.329,,本基金不设置业绩比较基准,L,nan,其他型,,nan,nan,E,L
159212.SZ,南方深证100ETF,南方基金管理股份有限公司,中国农业银行股份有限公司,股票型,20250327,,20250409,20250317,nan,9.432,0.15,0.05,,1.0,0.1,,深证100指数收益率×100%,L,被动指数型,股票型,,20250409,20250409,E,L
588720.SH,中银上证科创板50成份ETF,中银基金管理有限公司,中国农业银行股份有限公司,股票型,20250327,,20250415,20250310,nan,6.5474,0.15,0.05,,1.0,0.1,,上证科创板50成份指数收益率×100%,L,被动指数型,股票型,,20250415,20250415,E,L
512240.SH,鹏华中证A50ETF,鹏华基金管理有限公司,国泰海通证券股份有限公司,股票型,20250326,,20250407,20250310,nan,2.6769,0.15,0.05,,1.0,0.1,,中证A50指数收益率×100%,L,被动指数型,股票型,,20250407,20250407,E,L
159217.SZ,工银瑞信国证港股通创新药ETF,工银瑞信基金管理有限公司,广发证券股份有限公司,股票型,20250326,,20250403,20250317,nan,12.6616,0.4,0.07,,1.0,0.1,,国证港股通创新药指数收益率(经汇率调整后)×100%,L,被动指数型,股票型,,20250403,20250403,E,L
159388.SZ,国泰创业板人工智能ETF,国泰基金管理有限公司,中泰证券股份有限公司,股票型,20250326,,20250407,20250310,nan,2.7309,0.5,0.1,,1.0,0.1,,创业板人工智能指数收益率×100%,L,被动指数型,股票型,,20250407,20250407,E,L
589100.SH,国泰上证科创板芯片ETF,国泰基金管理有限公司,国投证券股份有限公司,股票型,20250326,,20250407,20250310,nan,2.8178,0.5,0.1,,1.0,0.1,,上证科创板芯片指数收益率×100%,L,被动指数型,股票型,,20250407,20250407,E,L
589010.SH,华夏上证科创板人工智能ETF,华夏基金管理有限公司,中国建设银行股份有限公司,股票型,20250326,,20250409,20250310,nan,2.4179,0.5,0.1,,1.0,0.1,,上证科创板人工智能指数收益率×100%,L,被动指数型,股票型,,20250409,20250409,E,L
159215.SZ,平安中证A500ETF,平安基金管理有限公司,中国农业银行股份有限公司,股票型,20250326,,20250407,20250317,nan,20.2658,0.15,0.05,,1.0,0.1,,中证A500指数收益率×100%,L,被动指数型,股票型,,20250407,20250407,E,L
159390.SZ,国联中证A50ETF,国联基金管理有限公司,中国银行股份有限公司,股票型,20250326,,20250409,20250310,nan,11.7427,0.15,0.05,,1.0,0.1,,中证A50指数收益率×100%,L,被动指数型,股票型,,20250409,20250409,E,L
563650.SH,兴业中证A500ETF,兴业基金管理有限公司,中信证券股份有限公司,股票型,20250325,,20250403,20250228,nan,4.3491,0.15,0.05,,1.0,0.1,,中证A500指数收益率×100%,L,被动指数型,股票型,,20250403,20250403,E,L
588170.SH,华夏上证科创板半导体材料设备主题ETF,华夏基金管理有限公司,长江证券股份有限公司,股票型,20250324,,20250408,20250317,nan,5.4515,0.5,0.1,,1.0,0.1,,上证科创板半导体材料设备主题指数收益率×100%,L,被动指数型,股票型,,20250408,20250408,E,L
508055.SH,汇添富上海地产租赁住房REIT,汇添富基金管理股份有限公司,中国银行股份有限公司,REITs,20250321,,20250331,20250317,nan,5.0,nan,0.01,,1.0,0.272,,本基金暂不设立业绩比较基准,L,nan,其他型,,nan,nan,E,L
588910.SH,建信上证智选科创板创新价值ETF,建信基金管理有限责任公司,国泰海通证券股份有限公司,股票型,20250320,,20250407,20250217,nan,14.4405,0.5,0.1,,1.0,0.1,,上证智选科创板创新价值指数收益率×100%,L,被动指数型,股票型,,20250407,20250407,E,L
563660.SH,银河中证A500ETF,银河基金管理有限公司,中国农业银行股份有限公司,股票型,20250320,,20250402,20250303,nan,7.3509,0.15,0.05,,1.0,0.1,,中证A500指数收益率×100%,L,被动指数型,股票型,,20250402,20250402,E,L
560630.SH,万家中证机器人ETF,万家基金管理有限公司,广发证券股份有限公司,股票型,20250319,,20250401,20250228,nan,5.9939,0.5,0.1,,1.0,0.1,,中证机器人指数收益率×100%,L,被动指数型,股票型,,20250401,20250401,E,L
589060.SH,东财上证科创板综合价格ETF,东财基金管理有限公司,平安银行股份有限公司,股票型,20250319,,20250327,20250303,nan,3.8714,0.15,0.05,,1.0,0.1,,上证科创板综合价格指数收益率×100%,L,被动指数型,股票型,,20250327,20250327,E,L
159316.SZ,易方达恒生港股通创新药ETF,易方达基金管理有限公司,招商银行股份有限公司,股票型,20250318,,20250326,20250305,nan,2.8634,0.15,0.05,,1.0,0.1,,恒生港股通创新药指数收益率(使用估值汇率折算)×100%,L,被动指数型,股票型,,20250326,20250326,E,L
159381.SZ,华夏创业板人工智能ETF,华夏基金管理有限公司,国投证券股份有限公司,股票型,20250314,,20250324,20250303,nan,2.6758,0.15,0.05,,1.0,0.1,,创业板人工智能指数收益率×100%,L,被动指数型,股票型,,20250324,20250324,E,L
588770.SH,摩根上证科创板新一代信息技术ETF,摩根基金管理(中国)有限公司,中国工商银行股份有限公司,股票型,20250314,,20250324,20241212,nan,5.696,0.15,0.05,,1.0,0.1,,上证科创板新一代信息技术指数收益率×100%,L,被动指数型,股票型,,20250324,20250324,E,L
159368.SZ,华夏创业板新能源ETF,华夏基金管理有限公司,国泰海通证券股份有限公司,股票型,20250314,,20250324,20250224,nan,2.0629,0.15,0.05,,1.0,0.1,,创业板新能源指数收益率×100%,L,被动指数型,股票型,,20250324,20250324,E,L
159209.SZ,招商中证全指红利质量ETF,招商基金管理有限公司,财通证券股份有限公司,股票型,20250312,,20250325,20250224,nan,3.3764,0.15,0.05,,1.0,0.1,,中证全指红利质量指数收益率×100%,L,被动指数型,股票型,,20250325,20250325,E,L
588250.SH,鹏华上证科创板生物医药ETF,鹏华基金管理有限公司,中信证券股份有限公司,股票型,20250312,,20250321,20250224,nan,5.8168,0.5,0.1,,1.0,0.1,,上证科创板生物医药指数收益率×100%,L,被动指数型,股票型,,20250321,20250321,E,L
159206.SZ,永赢国证商用卫星通信产业ETF,永赢基金管理有限公司,中信建投证券股份有限公司,股票型,20250306,,20250314,20250224,nan,2.3895,0.5,0.1,,1.0,0.1,,国证商用卫星通信产业指数收益率×100%,L,被动指数型,股票型,,20250314,20250314,E,L
589520.SH,华宝上证科创板人工智能ETF,华宝基金管理有限公司,华泰证券股份有限公司,股票型,20250305,,20250313,20250224,nan,2.2955,0.5,0.1,,1.0,0.1,,上证科创板人工智能指数收益率×100%,L,被动指数型,股票型,,20250313,20250313,E,L
562810.SH,嘉实上证综合增强策略ETF,嘉实基金管理有限公司,广发证券股份有限公司,股票型,20250305,,20250313,20250211,nan,7.2795,0.5,0.1,,1.0,0.1,,上证综合指数收益率×100%,L,增强指数型,股票型,,20250313,20250313,E,L
589630.SH,国泰上证科创板综合ETF,国泰基金管理有限公司,中国国际金融股份有限公司,股票型,20250304,,20250312,20250224,nan,15.0363,0.15,0.05,,1.0,0.1,,上证科创板综合指数收益率×100%,L,被动指数型,股票型,,20250312,20250312,E,L
588660.SH,兴银中证科创创业50ETF,兴银基金管理有限责任公司,兴业银行股份有限公司,股票型,20250228,,20250317,20250213,nan,7.7534,0.15,0.05,,1.0,0.1,,中证科创创业50指数收益率×100%,L,被动指数型,股票型,,20250317,20250317,E,L
589600.SH,富国上证科创板综合价格ETF,富国基金管理有限公司,交通银行股份有限公司,股票型,20250228,,20250307,20250217,nan,18.6554,0.15,0.05,,1.0,0.1,,上证科创板综合价格指数收益率×100%,L,被动指数型,股票型,,20250307,20250307,E,L
589000.SH,华夏上证科创板综合ETF,华夏基金管理有限公司,中国建设银行股份有限公司,股票型,20250226,,20250305,20250217,nan,15.3951,0.15,0.05,,1.0,0.1,,上证科创板综合指数收益率×100%,L,被动指数型,股票型,,20250305,20250305,E,L
589990.SH,华泰柏瑞上证科创板综合ETF,华泰柏瑞基金管理有限公司,兴业银行股份有限公司,股票型,20250226,,20250305,20250217,nan,11.4609,0.15,0.05,,1.0,0.1,,上证科创板综合指数收益率×100%,L,被动指数型,股票型,,20250305,20250305,E,L
513830.SH,嘉实中证港股通高股息投资ETF,嘉实基金管理有限公司,招商证券股份有限公司,股票型,20250226,,20250307,20241216,nan,8.4631,0.5,0.1,,1.0,0.1,,经估值汇率调整后的中证港股通高股息投资指数收益率×100%,L,被动指数型,股票型,,20250307,20250307,E,L
589770.SH,招商上证科创板综合ETF,招商基金管理有限公司,中国银行股份有限公司,股票型,20250226,,20250305,20250217,nan,12.8857,0.15,0.05,,1.0,0.1,,上证科创板综合指数收益率×100%,L,被动指数型,股票型,,20250305,20250305,E,L
589660.SH,南方上证科创板综合ETF,南方基金管理股份有限公司,招商银行股份有限公司,股票型,20250226,,20250305,20250217,nan,14.3353,0.15,0.05,,1.0,0.1,,上证科创板综合指数收益率×100%,L,被动指数型,股票型,,20250305,20250305,E,L
588840.SH,万家上证科创板50成份ETF,万家基金管理有限公司,中信银行股份有限公司,股票型,20250226,,20250310,20250213,nan,2.5624,0.15,0.05,,1.0,0.1,,上证科创板50成份指数收益率×100%,L,被动指数型,股票型,,20250310,20250310,E,L
589680.SH,鹏华上证科创板综合ETF,鹏华基金管理有限公司,中国银行股份有限公司,股票型,20250226,,20250305,20250217,nan,17.2994,0.15,0.05,,1.0,0.1,,上证科创板综合指数收益率×100%,L,被动指数型,股票型,,20250305,20250305,E,L
589890.SH,景顺长城上证科创板综合价格ETF,景顺长城基金管理有限公司,招商银行股份有限公司,股票型,20250226,,20250305,20250217,nan,14.4499,0.15,0.05,,1.0,0.1,,上证科创板综合价格指数收益率×100%,L,被动指数型,股票型,,20250305,20250305,E,L
589900.SH,博时上证科创板综合ETF,博时基金管理有限公司,中国银行股份有限公司,股票型,20250226,,20250305,20250217,nan,19.9991,0.15,0.05,,1.0,0.1,,上证科创板综合指数收益率×100%,L,被动指数型,股票型,,20250305,20250305,E,L
589860.SH,天弘上证科创板综合ETF,天弘基金管理有限公司,中信证券股份有限公司,股票型,20250226,,20250305,20250217,nan,15.2622,0.15,0.05,,1.0,0.1,,上证科创板综合指数收益率×100%,L,被动指数型,股票型,,20250305,20250305,E,L
589080.SH,汇添富上证科创板综合ETF,汇添富基金管理股份有限公司,招商银行股份有限公司,股票型,20250226,,20250305,20250217,nan,14.9306,0.15,0.05,,1.0,0.1,,上证科创板综合指数收益率×100%,L,被动指数型,股票型,,20250305,20250305,E,L
159393.SZ,万家沪深300ETF,万家基金管理有限公司,江苏银行股份有限公司,股票型,20250225,,20250310,20250210,nan,5.8751,0.15,0.05,,1.0,0.1,,沪深300指数收益率×100%,L,被动指数型,股票型,,20250310,20250310,E,L
589800.SH,易方达上证科创板综合ETF,易方达基金管理有限公司,中国工商银行股份有限公司,股票型,20250225,,20250304,20250217,nan,19.9999,0.15,0.05,,1.0,0.1,,上证科创板综合指数收益率×100%,L,被动指数型,股票型,,20250304,20250304,E,L
589500.SH,工银瑞信上证科创板综合价格ETF,工银瑞信基金管理有限公司,中国农业银行股份有限公司,股票型,20250224,,20250303,20250217,nan,14.2006,0.15,0.05,,1.0,0.1,,上证科创板综合价格指数收益率×100%,L,被动指数型,股票型,,20250303,20250303,E,L
589880.SH,建信上证科创板综合ETF,建信基金管理有限责任公司,国泰海通证券股份有限公司,股票型,20250220,,20250228,20250217,nan,20.0,0.15,0.05,,1.0,0.1,,上证科创板综合指数收益率×100%,L,被动指数型,股票型,,20250228,20250228,E,L
159201.SZ,华夏国证自由现金流ETF,华夏基金管理有限公司,中泰证券股份有限公司,股票型,20250219,,20250227,20250124,nan,6.9428,0.15,0.05,,1.0,0.1,,国证自由现金流指数收益率×100%,L,被动指数型,股票型,,20250227,20250227,E,L
159399.SZ,国泰富时中国A股自由现金流聚焦ETF,国泰基金管理有限公司,广发证券股份有限公司,股票型,20250219,,20250227,20250127,nan,14.3119,0.15,0.05,,1.0,0.1,,富时中国A股自由现金流聚焦指数(FTSEChinaAFreeCashFlowFocusIndex)收益率×100%,L,被动指数型,股票型,,20250227,20250227,E,L
508084.SH,汇添富九州通医药仓储物流REIT,汇添富基金管理股份有限公司,兴业银行股份有限公司,REITs,20250217,,20250227,20250210,nan,4.0,nan,0.01,,1.0,0.29,,本基金暂不设立业绩比较基准,L,nan,其他型,,nan,nan,E,L
588240.SH,鹏华上证科创板200ETF,鹏华基金管理有限公司,中国建设银行股份有限公司,股票型,20250213,,20250225,20250205,nan,2.6963,0.15,0.05,,1.0,0.1,,上证科创板200指数收益率×100%,L,被动指数型,股票型,,20250225,20250225,E,L
588960.SH,富国上证科创板新能源ETF,富国基金管理有限公司,招商银行股份有限公司,股票型,20250206,,20250219,20250106,nan,2.0858,0.5,0.1,,1.0,0.1,,上证科创板新能源指数收益率×100%,L,被动指数型,股票型,,20250219,20250219,E,L
159383.SZ,华泰柏瑞创业板50ETF,华泰柏瑞基金管理有限公司,中国建设银行股份有限公司,股票型,20250205,,20250214,20250106,nan,2.3609,0.15,0.05,,1.0,0.1,,创业板50指数收益率×100%,L,被动指数型,股票型,,20250214,20250214,E,L
159386.SZ,永赢中证A500ETF,永赢基金管理有限公司,中信证券股份有限公司,股票型,20250124,,20250211,20250109,nan,5.0787,0.15,0.05,,1.0,0.1,,中证A500指数收益率×100%,L,被动指数型,股票型,,20250211,20250211,E,L
159367.SZ,华夏创业板50ETF,华夏基金管理有限公司,国投证券股份有限公司,股票型,20250124,,20250214,20250102,nan,2.8608,0.15,0.05,,1.0,0.1,,创业板50指数收益率×100%,L,被动指数型,股票型,,20250214,20250214,E,L
159371.SZ,富国创业板50ETF,富国基金管理有限公司,中信证券股份有限公司,股票型,20250124,,20250212,20250106,nan,2.2822,0.15,0.05,,1.0,0.1,,创业板50指数收益率×100%,L,被动指数型,股票型,,20250212,20250212,E,L
508092.SH,华夏金隅智造工场产业园REIT,华夏基金管理有限公司,北京银行股份有限公司,REITs,20250123,,20250226,20250117,nan,4.0,nan,0.01,,1.0,0.284,,本基金暂不设立业绩比较基准,L,nan,其他型,,nan,nan,E,L
159373.SZ,嘉实创业板50ETF,嘉实基金管理有限公司,招商银行股份有限公司,股票型,20250123,,20250210,20250106,nan,5.1156,0.15,0.05,,1.0,0.1,,创业板50指数收益率×100%,L,被动指数型,股票型,,20250210,20250210,E,L
563860.SH,海富通中证A500ETF,海富通基金管理有限公司,上海浦东发展银行股份有限公司,股票型,20250122,,20250212,20250113,nan,19.3784,0.15,0.05,,1.0,0.1,,中证A500指数收益率×100%,L,被动指数型,股票型,,20250212,20250212,E,L
159336.SZ,融通中证诚通央企红利ETF,融通基金管理有限公司,中国农业银行股份有限公司,股票型,20250122,,20250212,20250102,nan,5.3991,0.3,0.05,,1.0,0.1,,中证诚通央企红利指数收益率×100%,L,被动指数型,股票型,,20250212,20250212,E,L
159397.SZ,广发深证基准做市信用债ETF,广发基金管理有限公司,兴业银行股份有限公司,债券型,20250122,,20250207,20250107,nan,22.3477,0.15,0.05,,1.0,0.1,,深证基准做市信用债指数收益率×100%,L,被动指数型,债券型,,20250207,20250207,E,L
560750.SH,申万菱信中证A500ETF,申万菱信基金管理有限公司,中国农业银行股份有限公司,股票型,20250122,,20250207,20250106,nan,4.7455,0.15,0.05,,1.0,0.1,,中证A500指数收益率×100%,L,被动指数型,股票型,,20250207,20250207,E,L
159398.SZ,天弘深证基准做市信用债ETF,天弘基金管理有限公司,兴业银行股份有限公司,债券型,20250121,,20250206,20250107,nan,30.0022,0.15,0.05,,1.0,0.1,,深证基准做市信用债指数收益率×100%,L,被动指数型,债券型,,20250206,20250206,E,L
588870.SH,汇添富上证科创板50成份ETF,汇添富基金管理股份有限公司,中信证券股份有限公司,股票型,20250120,,20250127,20250102,nan,2.3355,0.15,0.05,,1.0,0.1,,上证科创板50成份指数收益率×100%,L,被动指数型,股票型,,20250127,20250127,E,L
530800.SH,银华上证180ETF,银华基金管理股份有限公司,中信证券股份有限公司,股票型,20250117,,20250127,20250106,nan,4.202,0.15,0.05,,1.0,0.1,,上证180指数收益率×100%,L,被动指数型,股票型,,20250127,20250127,E,L
511200.SH,华夏上证基准做市公司债ETF,华夏基金管理有限公司,兴业银行股份有限公司,债券型,20250116,,20250207,20250107,nan,29.9675,0.15,0.05,,1.0,0.1,,上证基准做市公司债指数收益率×100%,L,被动指数型,债券型,,20250207,20250207,E,L
159396.SZ,博时深证基准做市信用债ETF,博时基金管理有限公司,交通银行股份有限公司,债券型,20250116,,20250206,20250107,nan,30.0013,0.15,0.05,,1.0,0.1,,深证基准做市信用债指数收益率×100%,L,被动指数型,债券型,,20250206,20250206,E,L
511110.SH,易方达上证基准做市公司债ETF,易方达基金管理有限公司,兴业银行股份有限公司,债券型,20250116,,20250124,20250107,nan,29.5196,0.15,0.05,,1.0,0.1,,上证基准做市公司债指数收益率×100%,L,被动指数型,债券型,,20250124,20250124,E,L
511190.SH,海富通上证基准做市公司债ETF,海富通基金管理有限公司,中信证券股份有限公司,债券型,20250116,,20250205,20250107,nan,29.9643,0.15,0.05,,1.0,0.1,,上证基准做市公司债指数收益率×100%,L,被动指数型,债券型,,20250205,20250205,E,L
563210.SH,富国恒生A股专精特新企业ETF,富国基金管理有限公司,长江证券股份有限公司,股票型,20250116,,20250124,20241113,nan,2.1207,0.5,0.1,,1.0,0.1,,恒生A股专精特新企业指数收益率×100%,L,被动指数型,股票型,,20250124,20250124,E,L
588730.SH,易方达上证科创板人工智能ETF,易方达基金管理有限公司,上海浦东发展银行股份有限公司,股票型,20250116,,20250124,20250102,nan,2.054,0.5,0.1,,1.0,0.1,,上证科创板人工智能指数收益率×100%,L,被动指数型,股票型,,20250124,20250124,E,L
159395.SZ,大成深证基准做市信用债ETF,大成基金管理有限公司,兴业银行股份有限公司,债券型,20250116,,20250127,20250107,nan,15.2943,0.15,0.05,,1.0,0.1,,深证基准做市信用债指数收益率×100%,L,被动指数型,债券型,,20250127,20250127,E,L
520580.SH,招商利安新兴亚洲精选ETF(QDII),招商基金管理有限公司,中国银行股份有限公司,股票型,20250116,,20250220,20250113,nan,9.9998,0.4,0.1,,1.0,0.1,,新交所新兴亚洲精选50指数收益率(经估值汇率调整)×100%,L,被动指数型,股票型,,20250220,20250220,E,L
520550.SH,招商恒生港股通红利低波动ETF,招商基金管理有限公司,兴业银行股份有限公司,股票型,20250115,,20250124,20241230,nan,2.4152,0.15,0.05,,1.0,0.1,,恒生港股通红利低波动指数收益率(经汇率调整后)×100%,L,被动指数型,股票型,,20250124,20250124,E,L
530280.SH,平安上证180ETF,平安基金管理有限公司,交通银行股份有限公司,股票型,20250115,,20250124,20250106,nan,2.6693,0.15,0.05,,1.0,0.1,,上证180指数收益率×100%,L,被动指数型,股票型,,20250124,20250124,E,L
588950.SH,景顺长城上证科创板50成份ETF,景顺长城基金管理有限公司,兴业银行股份有限公司,股票型,20250115,,20250124,20241210,nan,2.8773,0.15,0.05,,1.0,0.1,,上证科创板50成份指数收益率×100%,L,被动指数型,股票型,,20250124,20250124,E,L
588760.SH,广发上证科创板人工智能ETF,广发基金管理有限公司,招商银行股份有限公司,股票型,20250115,,20250123,20250102,nan,3.2627,0.5,0.1,,1.0,0.1,,上证科创板人工智能指数收益率×100%,L,被动指数型,股票型,,20250123,20250123,E,L
561880.SH,华富中证A100ETF,华富基金管理有限公司,交通银行股份有限公司,股票型,20250115,,20250124,20241230,nan,2.7639,0.15,0.05,,1.0,0.1,,中证A100指数收益率×100%,L,被动指数型,股票型,,20250124,20250124,E,L
512080.SH,中金中证A500ETF,中金基金管理有限公司,中国光大银行股份有限公司,股票型,20250114,,20250121,20241218,nan,19.9119,0.15,0.05,,1.0,0.1,,中证A500指数收益率×100%,L,被动指数型,股票型,,20250121,20250121,E,L
511070.SH,南方上证基准做市公司债ETF,南方基金管理股份有限公司,中信证券股份有限公司,债券型,20250113,,20250122,20250107,nan,30.0006,0.15,0.05,,1.0,0.1,,上证基准做市公司债指数收益率×100%,L,被动指数型,债券型,,20250122,20250122,E,L
508087.SH,国泰海通济南能源供热REIT,上海国泰海通证券资产管理有限公司,北京银行股份有限公司,REITs,20250113,,20250217,20250106,nan,2.0,nan,0.006,,1.0,0.748,,本基金暂不设立业绩比较基准,L,nan,其他型,,nan,nan,E,L
180605.SZ,易方达华威农贸市场REIT,易方达基金管理有限公司,中国工商银行股份有限公司,REITs,20250113,,20250124,20250106,nan,5.0,nan,0.01,,1.0,0.303,,本基金暂不设立业绩比较基准,L,nan,其他型,,nan,nan,E,L
159370.SZ,工银瑞信创业板50ETF,工银瑞信基金管理有限公司,兴业银行股份有限公司,股票型,20250110,,20250120,20241218,nan,2.4432,0.15,0.05,,1.0,0.1,,创业板50指数收益率×100%,L,被动指数型,股票型,,20250120,20250120,E,L
159379.SZ,融通中证A500ETF,融通基金管理有限公司,上海银行股份有限公司,股票型,20250109,,20250123,20241223,nan,10.6782,0.15,0.05,,1.0,0.1,,中证A500指数收益率×100%,L,被动指数型,股票型,,20250123,20250123,E,L
530080.SH,天弘上证180ETF,天弘基金管理有限公司,国信证券股份有限公司,股票型,20250108,,20250123,20241217,nan,5.4892,0.15,0.05,,1.0,0.1,,上证180指数收益率×100%,L,被动指数型,股票型,,20250123,20250123,E,L
588930.SH,银华上证科创板人工智能ETF,银华基金管理股份有限公司,中信证券股份有限公司,股票型,20250106,,20250114,20241223,nan,2.1733,0.5,0.1,,1.0,0.1,,上证科创板人工智能指数收益率×100%,L,被动指数型,股票型,,20250114,20250114,E,L
159378.SZ,永赢国证通用航空产业ETF,永赢基金管理有限公司,中信证券股份有限公司,股票型,20250102,,20250110,20241223,nan,2.7827,0.5,0.1,,1.0,0.1,,国证通用航空产业指数收益率×100%,L,被动指数型,股票型,,20250110,20250110,E,L
588790.SH,博时上证科创板人工智能ETF,博时基金管理有限公司,国投证券股份有限公司,股票型,20241231,,20250109,20241223,nan,2.3469,0.5,0.1,,1.0,0.1,,上证科创板人工智能指数收益率×100%,L,被动指数型,股票型,,20250109,20250109,E,L
159375.SZ,国泰创业板50ETF,国泰基金管理有限公司,兴业银行股份有限公司,股票型,20241230,,20250110,20241210,nan,3.1964,0.15,0.05,,1.0,0.1,,创业板50指数收益率×100%,L,被动指数型,股票型,,20250110,20250110,E,L
530300.SH,华泰柏瑞上证180ETF,华泰柏瑞基金管理有限公司,中国农业银行股份有限公司,股票型,20241230,,20250110,20241216,nan,3.0764,0.15,0.05,,1.0,0.1,,上证180指数收益率×100%,L,被动指数型,股票型,,20250110,20250110,E,L
159323.SZ,华夏中证港股通汽车产业主题ETF,华夏基金管理有限公司,国信证券股份有限公司,股票型,20241230,,20250108,20241209,nan,2.031,0.5,0.1,,1.0,0.1,,中证港股通汽车产业主题指数收益率×100%,L,被动指数型,股票型,,20250108,20250108,E,L
159376.SZ,浦银中证A500ETF,浦银基金管理有限公司,中国建设银行股份有限公司,股票型,20241230,,20250113,20241216,nan,15.0692,0.15,0.05,,1.0,0.1,,中证A500指数收益率×100%,L,被动指数型,股票型,,20250113,20250113,E,L
159380.SZ,东财中证A500ETF,东财基金管理有限公司,国信证券股份有限公司,股票型,20241230,,20250108,20241217,nan,7.218,0.15,0.05,,1.0,0.1,,中证A500指数收益率×100%,L,被动指数型,股票型,,20250108,20250108,E,L
588810.SH,富国上证科创板芯片ETF,富国基金管理有限公司,中泰证券股份有限公司,股票型,20241230,,20250109,20241213,nan,3.0032,0.5,0.1,,1.0,0.1,,上证科创板芯片指数收益率×100%,L,被动指数型,股票型,,20250109,20250109,E,L
530580.SH,南方上证180ETF,南方基金管理股份有限公司,国泰海通证券股份有限公司,股票型,20241230,,20250108,20241216,nan,12.6315,0.15,0.05,,1.0,0.1,,上证180指数收益率×100%,L,被动指数型,股票型,,20250108,20250108,E,L
510040.SH,鹏华上证180ETF,鹏华基金管理有限公司,东方证券股份有限公司,股票型,20241225,,20250106,20241212,nan,7.4848,0.15,0.05,,1.0,0.1,,上证180指数收益率×100%,L,被动指数型,股票型,,20250106,20250106,E,L
560190.SH,鹏华中证全指公用事业ETF,鹏华基金管理有限公司,国泰海通证券股份有限公司,股票型,20241225,,20250106,20241119,nan,2.2083,0.5,0.1,,1.0,0.1,,中证全指公用事业指数收益率×100%,L,被动指数型,股票型,,20250106,20250106,E,L
530680.SH,兴业上证180ETF,兴业基金管理有限公司,广发证券股份有限公司,股票型,20241225,,20250108,20241209,nan,12.6689,0.15,0.05,,1.0,0.1,,上证180指数收益率×100%,L,被动指数型,股票型,,20250108,20250108,E,L
508078.SH,中航易商仓储物流REIT,中航基金管理有限公司,江苏银行股份有限公司,REITs,20241224,,20250124,20241213,nan,8.0,nan,0.02,,1.0,0.263,,本基金暂不设立业绩比较基准,L,nan,其他型,,nan,nan,E,L
588820.SH,华夏上证科创板200ETF,华夏基金管理有限公司,中国工商银行股份有限公司,股票型,20241223,,20250106,20241206,nan,2.054,0.15,0.05,,1.0,0.1,,上证科创板200指数收益率×100%,L,被动指数型,股票型,,20250106,20250106,E,L
511160.SH,东财中证1-3年国债ETF,东财基金管理有限公司,招商证券股份有限公司,债券型,20241220,,20250106,20241118,nan,60.0002,0.15,0.05,,1.0,0.1,,中证1-3年国债指数收益率×100%,L,被动指数型,债券型,,20250106,20250106,E,L
560380.SH,南方中证A100ETF,南方基金管理股份有限公司,中国工商银行股份有限公司,股票型,20241219,,20241227,20241014,nan,2.1286,0.5,0.1,,1.0,0.1,,中证A100指数收益率×100%,L,被动指数型,股票型,,20241227,20241227,E,L
520600.SH,广发中证港股通汽车产业主题ETF,广发基金管理有限公司,招商银行股份有限公司,股票型,20241219,,20241230,20241021,nan,2.0637,0.5,0.1,,1.0,0.1,,中证港股通汽车产业主题指数收益率(使用估值汇率折算)×100%,L,被动指数型,股票型,,20241230,20241230,E,L
530180.SH,易方达上证180ETF,易方达基金管理有限公司,招商银行股份有限公司,股票型,20241218,,20241226,20241129,nan,4.7795,0.15,0.05,,1.0,0.1,,上证180指数收益率×100%,L,被动指数型,股票型,,20241226,20241226,E,L
588750.SH,汇添富上证科创板芯片ETF,汇添富基金管理股份有限公司,中国工商银行股份有限公司,股票型,20241218,,20241226,20241202,nan,2.5923,0.5,0.1,,1.0,0.1,,上证科创板芯片指数收益率×100%,L,被动指数型,股票型,,20241226,20241226,E,L
508012.SH,招商科创孵化器REIT,招商基金管理有限公司,上海浦东发展银行股份有限公司,REITs,20241217,,20241231,20241210,nan,3.0,nan,0.01,,1.0,0.32,,本基金暂不设立业绩比较基准,L,nan,其他型,,nan,nan,E,L
588230.SH,华泰柏瑞上证科创板200ETF,华泰柏瑞基金管理有限公司,中泰证券股份有限公司,股票型,20241216,,20241224,20241125,nan,3.4194,0.15,0.05,,1.0,0.1,,上证科创板200指数收益率×100%,L,被动指数型,股票型,,20241224,20241224,E,L
520500.SH,华泰柏瑞恒生创新药ETF(QDII),华泰柏瑞基金管理有限公司,中国农业银行股份有限公司,股票型,20241216,,20241227,20240912,nan,2.0231,0.5,0.1,,1.0,0.1,,恒生创新药指数收益率×100%,L,被动指数型,股票型,,20241227,20241227,E,L
159320.SZ,广发恒生A股电网设备ETF,广发基金管理有限公司,中信银行股份有限公司,股票型,20241212,,20241224,20240926,nan,2.3175,0.5,0.05,,1.0,0.1,,恒生A股电网设备指数收益率×100%,L,被动指数型,股票型,,20241224,20241224,E,L
508048.SH,华安外高桥仓储物流REIT,华安基金管理有限公司,中国建设银行股份有限公司,REITs,20241212,,20241225,20241206,nan,4.0,nan,0.01,,1.0,0.279,,本基金暂不设立业绩比较基准,L,nan,其他型,,nan,nan,E,L
561380.SH,国泰恒生A股电网设备ETF,国泰基金管理有限公司,华夏银行股份有限公司,股票型,20241211,,20241223,20240927,nan,2.6241,0.5,0.1,,1.0,0.1,,恒生A股电网设备指数收益率×100%,L,被动指数型,股票型,,20241223,20241223,E,L
588780.SH,国联安上证科创板芯片设计主题ETF,国联安基金管理有限公司,中国工商银行股份有限公司,股票型,20241211,,20241226,20241202,nan,2.4395,0.5,0.1,,1.0,0.1,,上证科创板芯片设计主题指数收益率×100%,L,被动指数型,股票型,,20241226,20241226,E,L
508036.SH,平安宁波交投杭州湾跨海大桥REIT,平安基金管理有限公司,宁波银行股份有限公司,REITs,20241210,,20241226,20241203,nan,10.0,nan,0.01,,1.0,0.809,,本基金暂不设立业绩比较基准,L,nan,其他型,,nan,nan,E,L
159363.SZ,华宝创业板人工智能ETF,华宝基金管理有限公司,广发证券股份有限公司,股票型,20241206,,20241216,20241127,nan,7.8909,0.5,0.1,,1.0,0.1,,创业板人工智能指数收益率×100%,L,被动指数型,股票型,,20241216,20241216,E,L
180106.SZ,广发成都高投产业园REIT,广发基金管理有限公司,招商银行股份有限公司,REITs,20241206,,20241219,20241202,nan,4.0,nan,0.01,,1.0,0.313,,本基金暂不设立业绩比较基准,L,nan,其他型,,nan,nan,E,L
508010.SH,中金重庆两江产业园REIT,中金基金管理有限公司,中国光大银行股份有限公司,REITs,20241203,,20241211,20241127,nan,4.0,nan,0.01,,1.0,0.255,,本基金暂不设立业绩比较基准,L,nan,其他型,,nan,nan,E,L
180402.SZ,工银瑞信蒙能清洁能源REIT,工银瑞信基金管理有限公司,中国光大银行股份有限公司,REITs,20241128,,20241210,20241122,nan,2.0,nan,0.01,,1.0,0.534,,本基金暂不设立业绩比较基准,L,nan,其他型,,nan,nan,E,L
560810.SH,融通中证诚通央企ESGETF,融通基金管理有限公司,中国建设银行股份有限公司,股票型,20241125,,20241209,20241107,nan,8.7612,0.3,0.05,,1.0,0.1,,中证诚通央企ESG指数收益率×100%,L,被动指数型,股票型,,20241209,20241209,E,L
159355.SZ,华宝中证800红利低波动ETF,华宝基金管理有限公司,招商银行股份有限公司,股票型,20241125,,20241203,20241028,nan,2.2023,0.5,0.1,,1.0,0.1,,中证800红利低波动指数收益率×100%,L,被动指数型,股票型,,20241203,20241203,E,L
159358.SZ,大成中证A500ETF,大成基金管理有限公司,招商银行股份有限公司,股票型,20241122,,20241129,20241105,nan,20.0011,0.15,0.05,,1.0,0.1,,中证A500指数收益率×100%,L,被动指数型,股票型,,20241129,20241129,E,L
159356.SZ,万家中证A500ETF,万家基金管理有限公司,中国农业银行股份有限公司,股票型,20241122,,20241206,20241105,nan,20.0012,0.15,0.05,,1.0,0.1,,中证A500指数收益率×100%,L,被动指数型,股票型,,20241206,20241206,E,L
563500.SH,华宝中证A500ETF,华宝基金管理有限公司,兴业银行股份有限公司,股票型,20241122,,20241202,20241105,nan,19.9998,0.15,0.05,,1.0,0.1,,中证A500指数收益率×100%,L,被动指数型,股票型,,20241202,20241202,E,L
159357.SZ,博时中证A500ETF,博时基金管理有限公司,招商银行股份有限公司,股票型,20241121,,20241128,20241105,nan,19.9983,0.15,0.05,,1.0,0.1,,中证A500指数收益率×100%,L,被动指数型,股票型,,20241128,20241128,E,L
512020.SH,鹏华中证A500ETF,鹏华基金管理有限公司,中国建设银行股份有限公司,股票型,20241121,,20241202,20241105,nan,20.0001,0.15,0.05,,1.0,0.1,,中证A500指数收益率×100%,L,被动指数型,股票型,,20241202,20241202,E,L
159360.SZ,天弘中证A500ETF,天弘基金管理有限公司,平安银行股份有限公司,股票型,20241120,,20241128,20241105,nan,20.0018,0.15,0.05,,1.0,0.1,,中证A500指数收益率×100%,L,被动指数型,股票型,,20241128,20241128,E,L
159359.SZ,华安中证A500ETF,华安基金管理有限公司,招商银行股份有限公司,股票型,20241119,,20241202,20241105,nan,20.0014,0.15,0.05,,1.0,0.1,,中证A500指数收益率×100%,L,被动指数型,股票型,,20241202,20241202,E,L
159362.SZ,工银瑞信中证A500ETF,工银瑞信基金管理有限公司,中国建设银行股份有限公司,股票型,20241119,,20241202,20241105,nan,20.0018,0.15,0.05,,1.0,0.1,,中证A500指数收益率×100%,L,被动指数型,股票型,,20241202,20241202,E,L
563880.SH,汇添富中证A500ETF,汇添富基金管理股份有限公司,中国工商银行股份有限公司,股票型,20241118,,20241125,20241107,nan,20.0,0.15,0.05,,1.0,0.1,,中证A500指数收益率×100%,L,被动指数型,股票型,,20241125,20241125,E,L
530050.SH,东财上证50ETF,东财基金管理有限公司,中国工商银行股份有限公司,股票型,20241118,,20241204,20241030,nan,2.3381,0.15,0.05,,1.0,0.1,,上证50指数收益率×100%,L,被动指数型,股票型,,20241204,20241204,E,L
159361.SZ,易方达中证A500ETF,易方达基金管理有限公司,交通银行股份有限公司,股票型,20241112,,20241119,20241105,nan,20.0009,0.15,0.05,,1.0,0.1,,中证A500指数收益率×100%,L,被动指数型,股票型,,20241119,20241119,E,L
508097.SH,华泰紫金南京建邺产业园REIT,华泰证券(上海)资产管理有限公司,招商银行股份有限公司,REITs,20241111,,20241203,20241104,nan,4.0,nan,0.01,,1.0,0.256,,该基金暂未披露业绩比较基准,L,nan,其他型,,nan,nan,E,L
563800.SH,广发中证A500ETF,广发基金管理有限公司,中国银行股份有限公司,股票型,20241111,,20241118,20241105,nan,19.9998,0.15,0.05,,1.0,0.1,,中证A500指数收益率×100%,L,被动指数型,股票型,,20241118,20241118,E,L
512050.SH,华夏中证A500ETF,华夏基金管理有限公司,招商银行股份有限公司,股票型,20241108,,20241115,20241105,nan,19.9999,0.15,0.05,,1.0,0.1,,中证A500指数收益率×100%,L,被动指数型,股票型,,20241115,20241115,E,L
563520.SH,永赢沪深300ETF,永赢基金管理有限公司,中国工商银行股份有限公司,股票型,20241108,,20241118,20241030,nan,6.2507,0.15,0.05,,1.0,0.1,,沪深300指数收益率×100%,L,被动指数型,股票型,,20241118,20241118,E,L
159328.SZ,易方达中证家电龙头ETF,易方达基金管理有限公司,中国农业银行股份有限公司,股票型,20241107,,20241115,20241014,nan,2.0156,0.5,0.1,,1.0,0.1,,中证家电龙头指数收益率×100%,L,被动指数型,股票型,,20241115,20241115,E,L
588070.SH,万家上证科创板成长ETF,万家基金管理有限公司,国泰海通证券股份有限公司,股票型,20241106,,20241114,20241021,nan,2.5044,0.5,0.1,,1.0,0.1,,上证科创板成长指数收益率×100%,L,被动指数型,股票型,,20241114,20241114,E,L
159325.SZ,南方中证半导体行业精选ETF,南方基金管理股份有限公司,招商银行股份有限公司,股票型,20241031,,20241108,20240902,nan,2.2046,0.15,0.05,,1.0,0.1,,中证半导体行业精选指数收益率×100%,L,被动指数型,股票型,,20241108,20241108,E,L
562970.SH,易方达中证光伏产业ETF,易方达基金管理有限公司,华泰证券股份有限公司,股票型,20241030,,20241107,20241014,nan,2.3745,0.5,0.1,,1.0,0.1,,中证光伏产业指数收益率×100%,L,被动指数型,股票型,,20241107,20241107,E,L
530880.SH,银河上证国有企业红利ETF,银河基金管理有限公司,广发证券股份有限公司,股票型,20241030,,20241112,20240902,nan,5.6184,0.45,0.1,,1.0,0.1,,上证国有企业红利指数收益率×100%,L,被动指数型,股票型,,20241112,20241112,E,L
180701.SZ,银华绍兴原水水利REIT,银华基金管理股份有限公司,中国工商银行股份有限公司,REITs,20241028,,20241108,20241021,nan,6.0,nan,0.01,,1.0,0.283,,该基金暂未披露业绩比较基准,L,nan,其他型,,nan,nan,E,L
159590.SZ,汇添富中证全指软件ETF,汇添富基金管理股份有限公司,平安银行股份有限公司,股票型,20241028,,20241106,20240723,nan,3.0836,0.5,0.1,,1.0,0.1,,中证全指软件指数收益率×100%,L,被动指数型,股票型,,20241106,20241106,E,L
159312.SZ,广发恒指港股通ETF,广发基金管理有限公司,招商银行股份有限公司,股票型,20241024,,20241108,20240924,nan,2.1522,0.5,0.1,,1.0,0.1,,恒指港股通指数收益率×100%,L,被动指数型,股票型,,20241108,20241108,E,L
520520.SH,华泰柏瑞恒生消费ETF(QDII),华泰柏瑞基金管理有限公司,招商银行股份有限公司,股票型,20241023,,20241101,20240719,nan,2.0761,0.5,0.1,,1.0,0.1,,恒生消费指数收益率(使用估值汇率折算)×100%,L,被动指数型,股票型,,20241101,20241101,E,L
180203.SZ,招商基金招商公路高速公路REIT,招商基金管理有限公司,中国银行股份有限公司,REITs,20241017,,20241121,20241008,nan,5.0,nan,0.015,,1.0,0.699,,本基金暂不设立业绩比较基准,L,nan,其他型,,nan,nan,E,L
508003.SH,中金联东科技创新产业园REIT,中金基金管理有限公司,交通银行股份有限公司,REITs,20241017,,20241105,20241008,nan,5.0,nan,0.01,,1.0,0.323,,该基金暂未披露业绩比较基准,L,nan,其他型,,nan,nan,E,L
508069.SH,华夏南京交通高速公路REIT,华夏基金管理有限公司,招商银行股份有限公司,REITs,20241017,,20241101,20241009,nan,5.0,nan,0.01,,1.0,0.545,,该基金暂未披露业绩比较基准,L,nan,其他型,,nan,nan,E,L
513780.SH,景顺长城中证港股通创新药ETF,景顺长城基金管理有限公司,国投证券股份有限公司,股票型,20241016,,20241025,20240712,nan,2.3266,0.5,0.1,,1.0,0.1,,中证港股通创新药指数收益率(使用估值汇率调整)×100%,L,被动指数型,股票型,,20241025,20241025,E,L
561570.SH,华泰柏瑞中证油气产业ETF,华泰柏瑞基金管理有限公司,中信证券股份有限公司,股票型,20241009,,20241017,20240628,nan,2.0915,0.5,0.1,,1.0,0.1,,中证油气产业指数收益率×100%,L,被动指数型,股票型,,20241017,20241017,E,L
560510.SH,泰康中证A500ETF,泰康基金管理有限公司,招商银行股份有限公司,股票型,20240927,,20241015,20240910,nan,20.0003,0.15,0.05,,1.0,0.1,,中证A500指数收益率×100%,L,被动指数型,股票型,,20241015,20241015,E,L
560610.SH,招商中证A500ETF,招商基金管理有限公司,中国工商银行股份有限公司,股票型,20240926,,20241015,20240910,nan,19.9999,0.15,0.05,,1.0,0.1,,中证A500指数收益率×100%,L,被动指数型,股票型,,20241015,20241015,E,L
159339.SZ,银华中证A500ETF,银华基金管理股份有限公司,中信建投证券股份有限公司,股票型,20240926,,20241015,20240910,nan,20.0009,0.15,0.05,,1.0,0.1,,中证A500指数收益率×100%,L,被动指数型,股票型,,20241015,20241015,E,L
180502.SZ,招商基金招商蛇口租赁住房REIT,招商基金管理有限公司,兴业银行股份有限公司,REITs,20240926,,20241023,20240919,nan,5.0,nan,0.01,,1.0,0.273,,本基金暂不设立业绩比较基准,L,nan,其他型,,nan,nan,E,L
159338.SZ,国泰中证A500ETF,国泰基金管理有限公司,华泰证券股份有限公司,股票型,20240926,,20241015,20240910,nan,20.0009,0.15,0.05,,1.0,0.1,,中证A500指数收益率×100%,L,被动指数型,股票型,,20241015,20241015,E,L
563360.SH,华泰柏瑞中证A500ETF,华泰柏瑞基金管理有限公司,国泰海通证券股份有限公司,股票型,20240925,,20241015,20240910,nan,19.9999,0.15,0.05,,1.0,0.1,,中证A500指数收益率×100%,L,被动指数型,股票型,,20241015,20241015,E,L
159352.SZ,南方中证A500ETF,南方基金管理股份有限公司,中国工商银行股份有限公司,股票型,20240925,,20241015,20240910,nan,20.001,0.15,0.05,,1.0,0.1,,中证A500指数收益率×100%,L,被动指数型,股票型,,20241015,20241015,E,L
563220.SH,富国中证A500ETF,富国基金管理有限公司,国投证券股份有限公司,股票型,20240925,,20241015,20240910,nan,20.0001,0.15,0.05,,1.0,0.1,,中证A500指数收益率×100%,L,被动指数型,股票型,,20241015,20241015,E,L
159353.SZ,景顺长城中证A500ETF,景顺长城基金管理有限公司,中国工商银行股份有限公司,股票型,20240924,,20241015,20240910,nan,20.0016,0.15,0.05,,1.0,0.1,,中证A500指数收益率×100%,L,被动指数型,股票型,,20241015,20241015,E,L
560530.SH,摩根中证A500ETF,摩根基金管理(中国)有限公司,平安银行股份有限公司,股票型,20240924,,20241015,20240910,nan,19.9962,0.15,0.05,,1.0,0.1,,中证A500指数收益率×100%,L,被动指数型,股票型,,20241015,20241015,E,L
159351.SZ,嘉实中证A500ETF,嘉实基金管理有限公司,兴业银行股份有限公司,股票型,20240920,,20241015,20240910,nan,20.0012,0.15,0.05,,1.0,0.1,,中证A500指数收益率×100%,L,被动指数型,股票型,,20241015,20241015,E,L
159305.SZ,广发国证储能电池ETF,广发基金管理有限公司,中国银行股份有限公司,股票型,20240918,,20240927,20240802,nan,2.2082,0.5,0.1,,1.0,0.1,,国证储能电池指数收益率×100%,L,被动指数型,股票型,,20240927,20240927,E,L
520700.SH,万家中证港股通创新药ETF,万家基金管理有限公司,中国工商银行股份有限公司,股票型,20240913,,20241014,20240902,nan,2.5208,0.5,0.1,,1.0,0.1,,中证港股通创新药指数收益率(经估值汇率调整)×100%,L,被动指数型,股票型,,20241014,20241014,E,L
180303.SZ,华泰紫金宝湾物流仓储REIT,华泰证券(上海)资产管理有限公司,招商银行股份有限公司,REITs,20240913,,20241029,20240909,nan,3.0,nan,0.01,,1.0,0.406,,该基金暂未披露业绩比较基准,L,nan,其他型,,nan,nan,E,L
560620.SH,万家中证全指公用事业ETF,万家基金管理有限公司,中国建设银行股份有限公司,股票型,20240911,,20241009,20240827,nan,2.3137,0.5,0.1,,1.0,0.1,,中证全指公用事业指数收益率×100%,L,被动指数型,股票型,,20241009,20241009,E,L
561930.SH,招商沪深300ETF,招商基金管理有限公司,广发证券股份有限公司,股票型,20240906,,20240920,20240816,nan,5.8626,0.15,0.05,,1.0,0.1,,沪深300指数收益率×100%,L,被动指数型,股票型,,20240920,20240920,E,L
530000.SH,天弘上证50ETF,天弘基金管理有限公司,广发证券股份有限公司,股票型,20240904,,20240913,20240812,nan,3.5503,0.5,0.1,,1.0,0.1,,上证50指数收益率×100%,L,被动指数型,股票型,,20240913,20240913,E,L
520890.SH,华泰柏瑞恒生港股通红利低波动ETF,华泰柏瑞基金管理有限公司,广发证券股份有限公司,股票型,20240904,,20240920,20240819,nan,3.0751,0.5,0.1,,1.0,0.1,,恒生港股通红利低波动指数收益率(使用估值汇率折算)×100%,L,被动指数型,股票型,,20240920,20240920,E,L
180603.SZ,华夏大悦城购物中心REIT,华夏基金管理有限公司,中国农业银行股份有限公司,REITs,20240903,,20240920,20240827,nan,10.0,nan,0.01,,1.0,0.332,,该基金暂未披露业绩比较基准,L,nan,其他型,,nan,nan,E,L
159337.SZ,东财中证500ETF,东财基金管理有限公司,中国国际金融股份有限公司,股票型,20240902,,20240920,20240814,nan,2.1171,0.5,0.05,,1.0,0.1,,中证500指数收益率×100%,L,被动指数型,股票型,,20240920,20240920,E,L
180105.SZ,易方达广州开发区高新产业园REIT,易方达基金管理有限公司,中信银行股份有限公司,REITs,20240829,,20240923,20240823,nan,8.0,nan,0.01,,1.0,0.257,,该基金暂未披露业绩比较基准,L,nan,其他型,,nan,nan,E,L
159326.SZ,华夏中证电网设备主题ETF,华夏基金管理有限公司,招商证券股份有限公司,股票型,20240829,,20240909,20240805,nan,2.2427,0.5,0.1,,1.0,0.1,,中证电网设备主题指数收益率×100%,L,被动指数型,股票型,,20240909,20240909,E,L
508022.SH,博时津开科工产业园REIT,博时基金管理有限公司,渤海银行股份有限公司,REITs,20240828,,20240919,20240821,nan,5.0,nan,0.02,,1.0,0.24,,该基金暂未披露业绩比较基准,L,nan,其他型,,nan,nan,E,L
159302.SZ,银华中证港股通高股息投资ETF,银华基金管理股份有限公司,兴业银行股份有限公司,股票型,20240823,,20240902,20240805,nan,2.403,0.15,0.05,,1.0,0.1,,中证港股通高股息投资指数收益率(经估值汇率调整)×100%,L,被动指数型,股票型,,20240902,20240902,E,L
159335.SZ,融通中证诚通央企科技创新ETF,融通基金管理有限公司,国泰海通证券股份有限公司,股票型,20240822,,20240905,20240805,nan,17.8488,0.3,0.05,,1.0,0.1,,中证诚通央企科技创新指数收益率×100%,L,被动指数型,股票型,,20240905,20240905,E,L
159333.SZ,万家中证港股通央企红利ETF,万家基金管理有限公司,浙商证券股份有限公司,股票型,20240821,,20240903,20240801,nan,3.9195,0.5,0.1,,1.0,0.1,,中证港股通央企红利指数收益率(经估值汇率调整)×100%,L,被动指数型,股票型,,20240903,20240903,E,L
508005.SH,华夏首创奥特莱斯REIT,华夏基金管理有限公司,中信银行股份有限公司,REITs,20240814,,20240828,20240806,nan,8.0,nan,0.01,,1.0,0.247,,该基金暂未披露业绩比较基准,L,nan,其他型,,nan,nan,E,L
159569.SZ,景顺长城国证港股通红利低波动率ETF,景顺长城基金管理有限公司,招商证券股份有限公司,股票型,20240814,,20240822,20240515,nan,2.0815,0.5,0.08,,1.0,0.1,,国证港股通红利低波动率指数收益率(使用估值汇率折算)×100%,L,被动指数型,股票型,,20240822,20240822,E,L
159587.SZ,广发国证粮食产业ETF,广发基金管理有限公司,中国银行股份有限公司,股票型,20240808,,20240821,20240710,nan,2.2745,0.5,0.1,,1.0,0.1,,国证粮食产业指数收益率×100%,L,被动指数型,股票型,,20240821,20240821,E,L
588990.SH,博时上证科创板芯片ETF,博时基金管理有限公司,平安银行股份有限公司,股票型,20240808,,20240816,20240506,nan,2.2175,0.5,0.1,,1.0,0.1,,上证科创板芯片指数收益率×100%,L,被动指数型,股票型,,20240816,20240816,E,L
588860.SH,工银瑞信上证科创板生物医药ETF,工银瑞信基金管理有限公司,华泰证券股份有限公司,股票型,20240808,,20240823,20240506,nan,2.5244,0.45,0.07,,1.0,0.1,,上证科创板生物医药指数收益率×100%,L,被动指数型,股票型,,20240823,20240823,E,L
159330.SZ,东财沪深300ETF,东财基金管理有限公司,国信证券股份有限公司,股票型,20240801,,20240819,20240715,nan,2.488,0.5,0.05,,1.0,0.1,,沪深300指数收益率×100%,L,被动指数型,股票型,,20240819,20240819,E,L
588830.SH,鹏华上证科创板新能源ETF,鹏华基金管理有限公司,国泰海通证券股份有限公司,股票型,20240731,,20240809,20240715,nan,2.1985,0.5,0.1,,1.0,0.1,,上证科创板新能源指数收益率×100%,L,被动指数型,股票型,,20240809,20240809,E,L
159327.SZ,万家中证半导体材料设备主题ETF,万家基金管理有限公司,中国建设银行股份有限公司,股票型,20240724,,20240805,20240627,nan,3.1252,0.5,0.1,,1.0,0.1,,中证半导体材料设备主题指数收益率×100%,L,被动指数型,股票型,,20240805,20240805,E,L
159331.SZ,国泰中证港股通高股息投资ETF,国泰基金管理有限公司,广发证券股份有限公司,股票型,20240723,,20240801,20240708,nan,3.3569,0.5,0.1,,1.0,0.1,,中证港股通高股息投资指数收益率(经估值汇率调整)×100%,L,被动指数型,股票型,,20240801,20240801,E,L
159332.SZ,富国中证中央企业红利ETF,富国基金管理有限公司,国信证券股份有限公司,股票型,20240716,,20240801,20240705,nan,4.8752,0.15,0.05,,1.0,0.1,,中证中央企业红利指数收益率×100%,L,被动指数型,股票型,,20240801,20240801,E,L
508002.SH,华安百联消费REIT,华安基金管理有限公司,中国工商银行股份有限公司,REITs,20240711,,20240816,20240702,nan,10.0,nan,0.01,,1.0,0.233,,本基金暂不设业绩比较基准,L,nan,其他型,,nan,nan,E,L
159301.SZ,华夏中证全指公用事业ETF,华夏基金管理有限公司,招商银行股份有限公司,股票型,20240710,,20240722,20240612,nan,2.3046,0.5,0.1,,1.0,0.1,,中证全指公用事业指数收益率×100%,L,被动指数型,股票型,,20240722,20240722,E,L
159329.SZ,南方基金南方东英沙特阿拉伯ETF(QDII),南方基金管理股份有限公司,中国农业银行股份有限公司,股票型,20240705,,20240716,20240624,nan,6.3369,0.5,0.1,,1.0,0.1,,富时沙特阿拉伯指数×100%,L,被动指数型,股票型,,20240716,20240716,E,L
508015.SH,中信建投明阳智能新能源REIT,中信建投基金管理有限公司,中信银行股份有限公司,REITs,20240705,,20240723,20240702,nan,2.0,nan,0.01,,1.0,0.641,,本基金暂不设立业绩比较基准,L,nan,其他型,,nan,nan,E,L
520830.SH,华泰柏瑞南方东英沙特阿拉伯ETF(QDII),华泰柏瑞基金管理有限公司,招商银行股份有限公司,股票型,20240705,,20240716,20240624,nan,5.8962,0.5,0.1,,1.0,0.1,,富时沙特阿拉伯指数收益率(使用估值汇率折算)×100%,L,被动指数型,股票型,,20240716,20240716,E,L
159583.SZ,富国中证通信设备主题ETF,富国基金管理有限公司,华泰证券股份有限公司,股票型,20240628,,20240708,20240617,nan,3.633,0.5,0.1,,1.0,0.1,,中证通信设备主题指数收益率×100%,L,被动指数型,股票型,,20240708,20240708,E,L
159800.SZ,鹏华中证800ETF,鹏华基金管理有限公司,华泰证券股份有限公司,股票型,20240627,,20240712,20240611,nan,5.9074,0.5,0.1,,1.0,0.1,,中证800指数收益率×100%,L,被动指数型,股票型,,20240712,20240712,E,L
588500.SH,易方达上证科创板100增强策略ETF,易方达基金管理有限公司,中国建设银行股份有限公司,股票型,20240627,,20240719,20240618,nan,2.0465,0.5,0.1,,1.0,0.1,,上证科创板100指数收益率×100%,L,增强指数型,股票型,,20240719,20240719,E,L
588680.SH,广发上证科创板100增强策略ETF,广发基金管理有限公司,中信建投证券股份有限公司,股票型,20240627,,20240705,20240618,nan,2.6336,0.5,0.1,,1.0,0.1,,上证科创板100指数收益率×100%,L,增强指数型,股票型,,20240705,20240705,E,L
520900.SH,广发中证国新港股通央企红利ETF,广发基金管理有限公司,招商银行股份有限公司,股票型,20240626,,20240710,20240611,nan,11.6468,0.15,0.05,,1.0,0.1,,中证国新港股通央企红利指数同期收益率(使用估值汇率折算)×100%,L,被动指数型,股票型,,20240710,20240710,E,L
520990.SH,景顺长城中证国新港股通央企红利ETF,景顺长城基金管理有限公司,招商银行股份有限公司,股票型,20240626,,20240710,20240611,nan,11.2547,0.5,0.1,,1.0,0.1,,中证国新港股通央企红利指数收益率(使用估值汇率折算)×100%,L,被动指数型,股票型,,20240710,20240710,E,L
520660.SH,南方中证国新港股通央企红利ETF,南方基金管理股份有限公司,中信建投证券股份有限公司,股票型,20240626,,20240710,20240611,nan,11.1049,0.5,0.1,,1.0,0.1,,中证国新港股通央企红利指数(人民币中间价)收益率×100%,L,被动指数型,股票型,,20240710,20240710,E,L
180302.SZ,华夏深国际仓储物流REIT,华夏基金管理有限公司,招商银行股份有限公司,REITs,20240625,,20240709,20240617,nan,6.0,nan,0.01,,1.0,0.249,,本基金不设置业绩比较基准,L,nan,其他型,,nan,nan,E,L
159552.SZ,招商中证2000增强策略ETF,招商基金管理有限公司,中国银行股份有限公司,股票型,20240619,,20240628,20240314,nan,2.1779,0.5,0.1,,1.0,0.1,,中证2000指数收益率×100%,L,增强指数型,股票型,,20240628,20240628,E,L
508089.SH,华夏特变电工新能源REIT,华夏基金管理有限公司,中国农业银行股份有限公司,REITs,20240619,,20240702,20240612,nan,3.0,nan,0.015,,1.0,0.388,,本基金暂不设业绩比较基准,L,nan,其他型,,nan,nan,E,L
159303.SZ,大成恒生医疗保健ETF(QDII),大成基金管理有限公司,兴业银行股份有限公司,股票型,20240618,,20240627,20240527,nan,2.2099,0.5,0.1,,1.0,0.1,,恒生医疗保健指数收益率×100%,L,被动指数型,股票型,,20240627,20240627,E,L
508086.SH,工银瑞信河北高速集团高速公路REIT,工银瑞信基金管理有限公司,中国农业银行股份有限公司,REITs,20240618,,20240628,20240611,nan,10.0,nan,0.01,,1.0,0.57,,本基金暂不设立业绩比较基准,L,nan,其他型,,nan,nan,E,L
560360.SH,万家中证软件服务ETF,万家基金管理有限公司,平安银行股份有限公司,股票型,20240613,,20240624,20240527,nan,2.6435,0.5,0.1,,1.0,0.1,,中证软件服务指数收益率×100%,L,被动指数型,股票型,,20240624,20240624,E,L
159318.SZ,银华恒指港股通ETF,银华基金管理股份有限公司,国泰海通证券股份有限公司,股票型,20240613,,20240621,20240527,nan,2.126,0.5,0.1,,1.0,0.1,,恒指港股通指数收益率(经估值汇率调整)×100%,L,被动指数型,股票型,,20240621,20240621,E,L
159558.SZ,易方达中证半导体材料设备主题ETF,易方达基金管理有限公司,中国银行股份有限公司,股票型,20240606,,20240618,20240304,nan,2.1585,0.5,0.1,,1.0,0.1,,中证半导体材料设备主题指数收益率×100%,L,被动指数型,股票型,,20240618,20240618,E,L
159322.SZ,平安中证沪深港黄金产业股票ETF,平安基金管理有限公司,中国邮政储蓄银行股份有限公司,股票型,20240605,,20240614,20240520,nan,2.1441,0.5,0.1,,1.0,0.1,,中证沪深港黄金产业股票指数收益率×100%,L,被动指数型,股票型,,20240614,20240614,E,L
159309.SZ,汇添富中证油气资源ETF,汇添富基金管理股份有限公司,交通银行股份有限公司,股票型,20240531,,20240618,20240517,nan,4.4137,0.5,0.1,,1.0,0.1,,中证油气资源指数收益率×100%,L,被动指数型,股票型,,20240618,20240618,E,L
159315.SZ,工银瑞信中证沪深港黄金产业股票ETF,工银瑞信基金管理有限公司,中国银河证券股份有限公司,股票型,20240530,,20240614,20240513,nan,4.1109,0.45,0.07,,1.0,0.1,,中证沪深港黄金产业股票指数收益率×100%,L,被动指数型,股票型,,20240614,20240614,E,L
159578.SZ,南方深证主板50ETF,南方基金管理股份有限公司,中国工商银行股份有限公司,股票型,20240530,,20240607,20240520,nan,2.78,0.15,0.05,,1.0,0.1,,深证主板50指数×100%,L,被动指数型,股票型,,20240607,20240607,E,L
159533.SZ,博时中证2000ETF,博时基金管理有限公司,中国工商银行股份有限公司,股票型,20240528,,20240607,20240223,nan,2.1446,0.5,0.1,,1.0,0.1,,中证2000指数收益率×100%,L,被动指数型,股票型,,20240607,20240607,E,L
159542.SZ,大成中证工程机械主题ETF,大成基金管理有限公司,中信银行股份有限公司,股票型,20240528,,20240607,20240226,nan,2.1309,0.5,0.1,,1.0,0.1,,中证工程机械主题指数收益率×100%,L,被动指数型,股票型,,20240607,20240607,E,L
563090.SH,易方达上证50增强策略ETF,易方达基金管理有限公司,交通银行股份有限公司,股票型,20240527,,20240606,20240509,nan,3.6585,0.8,0.1,,1.0,0.1,,上证50指数收益率×100%,L,增强指数型,股票型,,20240606,20240606,E,L
159588.SZ,景顺长城国证石油天然气ETF,景顺长城基金管理有限公司,中泰证券股份有限公司,股票型,20240523,,20240531,20240513,nan,3.6028,0.5,0.1,,1.0,0.1,,国证石油天然气指数收益率×100%,L,被动指数型,股票型,,20240531,20240531,E,L
159300.SZ,富国沪深300ETF,富国基金管理有限公司,招商银行股份有限公司,股票型,20240523,,20240605,20240513,nan,7.166,0.15,0.05,,1.0,0.1,,沪深300指数收益率×100%,L,被动指数型,股票型,,20240605,20240605,E,L
563150.SH,银华中证油气资源ETF,银华基金管理股份有限公司,广发证券股份有限公司,股票型,20240522,,20240530,20240506,nan,2.804,0.15,0.05,,1.0,0.1,,中证油气资源指数收益率×100%,L,被动指数型,股票型,,20240530,20240530,E,L
159321.SZ,华安中证沪深港黄金产业股票ETF,华安基金管理有限公司,华泰证券股份有限公司,股票型,20240509,,20240527,20240417,nan,2.949,0.5,0.1,,1.0,0.1,,中证沪深港黄金产业股票指数收益率×100%,L,被动指数型,股票型,,20240527,20240527,E,L
159597.SZ,易方达创业板成长ETF,易方达基金管理有限公司,中信证券股份有限公司,股票型,20240508,,20240527,20240417,nan,5.7165,0.5,0.1,,1.0,0.1,,创业板成长指数收益率×100%,L,被动指数型,股票型,,20240527,20240527,E,L
159525.SZ,富国中证红利低波动ETF,富国基金管理有限公司,中国光大银行股份有限公司,股票型,20240507,,20240520,20240207,nan,7.9524,0.15,0.05,,1.0,0.1,,中证红利低波动指数收益率×100%,L,被动指数型,股票型,,20240520,20240520,E,L
159557.SZ,嘉实恒生医疗保健ETF(QDII),嘉实基金管理有限公司,招商银行股份有限公司,股票型,20240507,,20240522,20240202,nan,2.369,0.5,0.1,,1.0,0.1,,恒生医疗保健指数收益率×100%,L,被动指数型,股票型,,20240522,20240522,E,L
159528.SZ,富国中证国有企业改革ETF,富国基金管理有限公司,中国农业银行股份有限公司,股票型,20240507,,20240520,20240207,nan,2.8132,0.5,0.1,,1.0,0.1,,中证国有企业改革指数收益率×100%,L,被动指数型,股票型,,20240520,20240520,E,L
588450.SH,招商上证科创板50成份增强策略ETF,招商基金管理有限公司,中信证券股份有限公司,股票型,20240506,,20240522,20240202,nan,2.5857,0.5,0.1,,1.0,0.1,,上证科创板50成份指数收益率×100%,L,增强指数型,股票型,,20240522,20240522,E,L
563180.SH,银华中证高股息策略ETF,银华基金管理股份有限公司,中国建设银行股份有限公司,股票型,20240506,,20240514,20240424,nan,2.4342,0.5,0.1,,1.0,0.1,,中证高股息策略指数收益率×100%,L,被动指数型,股票型,,20240514,20240514,E,L
562700.SH,华夏中证汽车零部件主题ETF,华夏基金管理有限公司,浙商银行股份有限公司,股票型,20240506,,20240514,20240315,nan,2.2675,0.5,0.1,,1.0,0.1,,中证汽车零部件主题指数收益率×100%,L,被动指数型,股票型,,20240514,20240514,E,L
510720.SH,国泰上证国有企业红利ETF,国泰基金管理有限公司,中信建投证券股份有限公司,股票型,20240430,,20240515,20240422,nan,3.0277,0.5,0.1,,1.0,0.1,,上证国有企业红利指数收益率×100%,L,被动指数型,股票型,,20240515,20240515,E,L
159306.SZ,平安中证汽车零部件主题ETF,平安基金管理有限公司,中国工商银行股份有限公司,股票型,20240429,,20240514,20240422,nan,2.5024,0.5,0.1,,1.0,0.1,,中证汽车零部件主题指数收益率×100%,L,被动指数型,股票型,,20240514,20240514,E,L
562340.SH,银华中证500质量成长ETF,银华基金管理股份有限公司,招商银行股份有限公司,股票型,20240425,,20240508,20240208,nan,4.0314,0.5,0.1,,1.0,0.1,,中证500质量成长指数收益率×100%,L,被动指数型,股票型,,20240508,20240508,E,L
510950.SH,广发上证50ETF,广发基金管理有限公司,招商银行股份有限公司,股票型,20240424,,20240510,20240415,nan,8.0565,0.15,0.05,,1.0,0.1,,上证50指数收益率×100%,L,被动指数型,股票型,,20240510,20240510,E,L
513820.SH,汇添富中证港股通高股息投资ETF,汇添富基金管理股份有限公司,中国工商银行股份有限公司,股票型,20240424,,20240516,20240207,nan,2.6667,0.5,0.1,,1.0,0.1,,中证港股通高股息投资指数收益率(经估值汇率调整后)×100%,L,被动指数型,股票型,,20240516,20240516,E,L
517400.SH,国泰中证沪深港黄金产业股票ETF,国泰基金管理有限公司,中信证券股份有限公司,股票型,20240424,,20240508,20240415,nan,2.1379,0.5,0.1,,1.0,0.1,,中证沪深港黄金产业股票指数收益率×100%,L,被动指数型,股票型,,20240508,20240508,E,L
561760.SH,博时中证油气资源ETF,博时基金管理有限公司,国信证券股份有限公司,股票型,20240419,,20240429,20240411,nan,2.612,0.5,0.1,,1.0,0.1,,中证油气资源指数收益率×100%,L,被动指数型,股票型,,20240429,20240429,E,L
562570.SH,华夏中证信息技术应用创新产业ETF,华夏基金管理有限公司,南京银行股份有限公司,股票型,20240419,,20240430,20240223,nan,2.2828,0.5,0.1,,1.0,0.1,,中证信息技术应用创新产业指数收益率×100%,L,被动指数型,股票型,,20240430,20240430,E,L
159599.SZ,东财中证芯片产业ETF,东财基金管理有限公司,兴业银行股份有限公司,股票型,20240419,,20240508,20240401,nan,2.4182,0.5,0.05,,1.0,0.1,,中证芯片产业指数收益率×100%,L,被动指数型,股票型,,20240508,20240508,E,L
159310.SZ,天弘中证芯片产业ETF,天弘基金管理有限公司,光大证券股份有限公司,股票型,20240418,,20240430,20240408,nan,2.3398,0.5,0.05,,1.0,0.1,,中证芯片产业指数收益率×100%,L,被动指数型,股票型,,20240430,20240430,E,L
159526.SZ,嘉实中证机器人ETF,嘉实基金管理有限公司,中信证券股份有限公司,股票型,20240416,,20240424,20240408,nan,2.0796,0.5,0.1,,1.0,0.1,,中证机器人指数收益率×100%,L,被动指数型,股票型,,20240424,20240424,E,L
180602.SZ,中金印力消费基础设施REIT,中金基金管理有限公司,招商银行股份有限公司,REITs,20240416,,20240430,20240408,nan,10.0,nan,0.01,,1.0,0.326,,本基金暂不设立业绩比较基准,L,nan,其他型,,nan,nan,E,L
159307.SZ,博时中证红利低波动100ETF,博时基金管理有限公司,中国银行股份有限公司,股票型,20240416,,20240425,20240325,nan,2.459,0.15,0.05,,1.0,0.1,,中证红利低波动100指数收益率×100%,L,被动指数型,股票型,,20240425,20240425,E,L
588890.SH,南方上证科创板芯片ETF,南方基金管理股份有限公司,交通银行股份有限公司,股票型,20240415,,20240423,20240328,nan,3.0881,0.5,0.1,,1.0,0.1,,上证科创板芯片指数×100%,L,被动指数型,股票型,,20240423,20240423,E,L
562820.SH,嘉实中证全指集成电路ETF,嘉实基金管理有限公司,国泰海通证券股份有限公司,股票型,20240412,,20240422,20240408,nan,3.5214,0.5,0.1,,1.0,0.1,,中证全指集成电路指数收益率×100%,L,被动指数型,股票型,,20240422,20240422,E,L
513210.SH,易方达恒生ETF(QDII),易方达基金管理有限公司,中国银行股份有限公司,股票型,20240410,,20240422,20240325,nan,3.1994,0.5,0.1,,1.0,0.1,,恒生指数收益率(使用估值汇率折算)×100%,L,被动指数型,股票型,,20240422,20240422,E,L
513170.SH,鹏华恒生中国央企ETF(QDII),鹏华基金管理有限公司,中国工商银行股份有限公司,股票型,20240410,,20240419,20240306,nan,2.1057,0.5,0.15,,1.0,0.1,,恒生中国央企指数收益率(经汇率调整后)×100%,L,被动指数型,股票型,,20240419,20240419,E,L
159582.SZ,博时中证半导体产业ETF,博时基金管理有限公司,中信证券股份有限公司,股票型,20240408,,20240416,20240318,nan,2.7612,0.5,0.1,,1.0,0.1,,中证半导体产业指数收益率×100%,L,被动指数型,股票型,,20240416,20240416,E,L
560520.SH,大成中证红利低波动100ETF,大成基金管理有限公司,中信建投证券股份有限公司,股票型,20240408,,20240418,20240328,nan,4.0175,0.15,0.05,,1.0,0.1,,中证红利低波动100指数收益率×100%,L,被动指数型,股票型,,20240418,20240418,E,L
159561.SZ,嘉实德国DAXETF(QDII),嘉实基金管理有限公司,中国银行股份有限公司,股票型,20240403,,20240430,20240219,nan,2.165,0.5,0.1,,1.0,0.1,,经估值汇率调整后的德国DAX指数收益率×100%,L,被动指数型,股票型,,20240430,20240430,E,L
560690.SH,鹏华中证电信主题ETF,鹏华基金管理有限公司,华泰证券股份有限公司,股票型,20240401,,20240422,20240308,nan,2.4014,0.5,0.1,,1.0,0.1,,中证电信主题指数收益率×100%,L,被动指数型,股票型,,20240422,20240422,E,L
560850.SH,汇添富中证信息技术应用创新产业ETF,汇添富基金管理股份有限公司,中国工商银行股份有限公司,股票型,20240401,,20240415,20240223,nan,3.0616,0.5,0.1,,1.0,0.1,,中证信息技术应用创新产业指数收益率×100%,L,被动指数型,股票型,,20240415,20240415,E,L
563280.SH,富国MSCI中国A50互联互通增强策略ETF,富国基金管理有限公司,中国民生银行股份有限公司,股票型,20240401,,20240412,20231226,nan,2.3021,0.7,0.1,,1.0,0.1,,MSCI中国A50互联互通人民币指数收益率×100%,L,增强指数型,股票型,,20240412,20240412,E,L
159545.SZ,易方达恒生港股通红利低波动ETF,易方达基金管理有限公司,招商银行股份有限公司,股票型,20240327,,20240415,20240220,nan,4.132,0.15,0.05,,1.0,0.1,,恒生港股通红利低波动指数收益率(使用估值汇率折算)×100%,L,被动指数型,股票型,,20240415,20240415,E,L
562560.SH,华夏中证全指信息技术ETF,华夏基金管理有限公司,中国银行股份有限公司,股票型,20240327,,20240412,20240102,nan,4.4877,0.5,0.1,,1.0,0.1,,中证全指信息技术指数收益率×100%,L,被动指数型,股票型,,20240412,20240412,E,L
159553.SZ,海富通中证2000增强策略ETF,海富通基金管理有限公司,招商银行股份有限公司,股票型,20240327,,20240415,20240311,nan,2.1233,0.5,0.1,,1.0,0.1,,中证2000指数收益率×100%,L,增强指数型,股票型,,20240415,20240415,E,L
511130.SH,博时上证30年期国债ETF,博时基金管理有限公司,中信证券股份有限公司,债券型,20240320,,20240328,20240306,nan,48.1197,0.15,0.05,,1.0,0.1,,上证30年期国债指数收益率×100%,L,被动指数型,债券型,,20240328,20240328,E,L
562580.SH,华夏中证全指可选消费ETF,华夏基金管理有限公司,南京银行股份有限公司,股票型,20240318,,20240326,20240103,nan,3.1672,0.5,0.1,,1.0,0.1,,中证全指可选消费指数收益率×100%,L,被动指数型,股票型,,20240326,20240326,E,L
508026.SH,嘉实中国电建清洁能源REIT,嘉实基金管理有限公司,中国工商银行股份有限公司,REITs,20240315,,20240328,20240311,nan,4.0,nan,0.01,,1.0,0.268,,本基金暂不设立业绩比较基准,L,nan,其他型,,nan,nan,E,L
560150.SH,泰康中证红利低波动ETF,泰康基金管理有限公司,招商银行股份有限公司,股票型,20240315,,20240408,20240226,nan,9.0128,0.4,0.1,,1.0,0.1,,中证红利低波动指数收益率×100%,L,被动指数型,股票型,,20240408,20240408,E,L
159589.SZ,广发中证红利ETF,广发基金管理有限公司,招商银行股份有限公司,股票型,20240314,,20240326,20240304,nan,5.1059,0.15,0.05,,1.0,0.1,,中证红利指数收益率×100%,L,被动指数型,股票型,,20240326,20240326,E,L
508033.SH,易方达深高速高速公路REIT,易方达基金管理有限公司,中国工商银行股份有限公司,REITs,20240312,,20240329,20240304,nan,3.0,nan,0.01,,1.0,0.683,,本基金暂不设业绩比较基准,L,nan,其他型,,nan,nan,E,L
159591.SZ,富国中证A50ETF,富国基金管理有限公司,招商银行股份有限公司,股票型,20240307,,20240318,20240219,nan,15.2941,0.15,0.05,,1.0,0.1,,中证A50指数收益率×100%,L,被动指数型,股票型,,20240318,20240318,E,L
562890.SH,嘉实中证A50ETF,嘉实基金管理有限公司,中国农业银行股份有限公司,股票型,20240307,,20240318,20240219,nan,14.3005,0.15,0.05,,1.0,0.1,,中证A50指数收益率×100%,L,被动指数型,股票型,,20240318,20240318,E,L
159586.SZ,南方中证全指计算机ETF,南方基金管理股份有限公司,招商银行股份有限公司,股票型,20240307,,20240315,20240226,nan,3.4803,0.5,0.1,,1.0,0.1,,中证全指计算机指数收益率×100%,L,被动指数型,股票型,,20240315,20240315,E,L
159596.SZ,华宝中证A50ETF,华宝基金管理有限公司,华泰证券股份有限公司,股票型,20240307,,20240318,20240219,nan,15.4784,0.15,0.05,,1.0,0.1,,中证A50指数收益率×100%,L,被动指数型,股票型,,20240318,20240318,E,L
159581.SZ,万家中证红利ETF,万家基金管理有限公司,中国建设银行股份有限公司,股票型,20240306,,20240315,20240226,nan,3.1723,0.5,0.1,,1.0,0.1,,中证红利指数收益率×100%,L,被动指数型,股票型,,20240315,20240315,E,L
159592.SZ,银华中证A50ETF,银华基金管理股份有限公司,交通银行股份有限公司,股票型,20240306,,20240318,20240219,nan,19.1031,0.15,0.05,,1.0,0.1,,中证A50指数收益率×100%,L,被动指数型,股票型,,20240318,20240318,E,L
159595.SZ,大成中证A50ETF,大成基金管理有限公司,中国农业银行股份有限公司,股票型,20240306,,20240318,20240219,nan,20.0011,0.15,0.05,,1.0,0.1,,中证A50指数收益率×100%,L,被动指数型,股票型,,20240318,20240318,E,L
561230.SH,工银瑞信中证A50ETF,工银瑞信基金管理有限公司,中国农业银行股份有限公司,股票型,20240306,,20240318,20240219,nan,12.2448,0.15,0.05,,1.0,0.1,,中证A50指数收益率×100%,L,被动指数型,股票型,,20240318,20240318,E,L
563080.SH,易方达中证A50ETF,易方达基金管理有限公司,招商银行股份有限公司,股票型,20240306,,20240318,20240219,nan,8.9259,0.15,0.05,,1.0,0.1,,中证A50指数收益率×100%,L,被动指数型,股票型,,20240318,20240318,E,L
563350.SH,华泰柏瑞中证A50ETF,华泰柏瑞基金管理有限公司,中国银行股份有限公司,股票型,20240306,,20240318,20240219,nan,20.0,0.15,0.05,,1.0,0.1,,中证A50指数收益率×100%,L,被动指数型,股票型,,20240318,20240318,E,L
560350.SH,摩根中证A50ETF,摩根基金管理(中国)有限公司,招商证券股份有限公司,股票型,20240305,,20240312,20240219,nan,19.9153,0.15,0.05,,1.0,0.1,,中证A50指数收益率×100%,L,被动指数型,股票型,,20240312,20240312,E,L
159593.SZ,平安中证A50ETF,平安基金管理有限公司,中国银行股份有限公司,股票型,20240304,,20240312,20240219,nan,20.002,0.15,0.05,,1.0,0.1,,中证A50指数收益率×100%,L,被动指数型,股票型,,20240312,20240312,E,L
159565.SZ,易方达中证汽车零部件主题ETF,易方达基金管理有限公司,招商银行股份有限公司,股票型,20240208,,20240226,20240124,nan,2.0263,0.5,0.1,,1.0,0.1,,中证汽车零部件主题指数收益率×100%,L,被动指数型,股票型,,20240226,20240226,E,L
159568.SZ,博时中证港股通互联网ETF,博时基金管理有限公司,国信证券股份有限公司,股票型,20240208,,20240227,20240108,nan,2.1986,0.5,0.1,,1.0,0.1,,中证港股通互联网指数收益率(经汇率调整后)×100%,L,被动指数型,股票型,,20240227,20240227,E,L
513910.SH,华夏中证港股通央企红利ETF,华夏基金管理有限公司,广发证券股份有限公司,股票型,20240207,,20240304,20240122,nan,2.7028,0.5,0.1,,1.0,0.1,,经估值汇率调整后的中证港股通央企红利指数收益率×100%,L,被动指数型,股票型,,20240304,20240304,E,L
180601.SZ,华夏华润消费REIT,华夏基金管理有限公司,招商银行股份有限公司,REITs,20240207,,20240314,20240130,nan,10.0,nan,0.01,,1.0,0.69,,本基金暂不设立业绩比较基准,L,nan,其他型,,nan,nan,E,L
159577.SZ,汇添富MSCI美国50ETF(QDII),汇添富基金管理股份有限公司,交通银行股份有限公司,股票型,20240205,,20240223,20240130,nan,2.1467,0.5,0.15,,1.0,0.1,,经人民币汇率调整的MSCI美国50指数收益率×100%,L,被动指数型,股票型,,20240223,20240223,E,L
159563.SZ,华夏创业板综合ETF,华夏基金管理有限公司,国泰海通证券股份有限公司,股票型,20240201,,20240223,20240115,nan,2.8336,0.5,0.1,,1.0,0.1,,创业板综合指数收益率×100%,L,被动指数型,股票型,,20240223,20240223,E,L
159566.SZ,易方达国证储能电池ETF,易方达基金管理有限公司,国投证券股份有限公司,股票型,20240131,,20240208,20240115,nan,2.2074,0.5,0.1,,1.0,0.1,,国证储能电池指数收益率×100%,L,被动指数型,股票型,,20240208,20240208,E,L
508011.SH,嘉实物美消费REIT,嘉实基金管理有限公司,北京银行股份有限公司,REITs,20240131,,20240312,20240124,nan,4.0,nan,0.01,,1.0,0.238,,本基金暂不设立业绩比较基准,L,nan,其他型,,nan,nan,E,L
508017.SH,华夏金茂消费REIT,华夏基金管理有限公司,中国银行股份有限公司,REITs,20240131,,20240312,20240122,nan,4.0,nan,0.01,,1.0,0.267,,本基金暂不设立业绩比较基准,L,nan,其他型,,nan,nan,E,L
159547.SZ,华夏中证红利低波动ETF,华夏基金管理有限公司,中信银行股份有限公司,股票型,20240125,,20240206,20240108,nan,3.0529,0.15,0.05,,1.0,0.1,,中证红利低波动指数收益率×100%,L,被动指数型,股票型,,20240206,20240206,E,L
159529.SZ,景顺长城标普消费精选ETF(QDII),景顺长城基金管理有限公司,中国工商银行股份有限公司,股票型,20240124,,20240202,20240108,nan,3.0354,0.5,0.2,,1.0,0.1,,标普500消费精选指数收益率×100%,L,被动指数型,股票型,,20240202,20240202,E,L
159527.SZ,广发中证云计算与大数据主题ETF,广发基金管理有限公司,中国建设银行股份有限公司,股票型,20240122,,20240201,20240108,nan,2.341,0.5,0.1,,1.0,0.1,,中证云计算与大数据主题指数收益率×100%,L,被动指数型,股票型,,20240201,20240201,E,L
513400.SH,鹏华道琼斯工业平均ETF(QDII),鹏华基金管理有限公司,中国银行股份有限公司,股票型,20240117,,20240202,20231225,nan,2.3706,0.5,0.15,,1.0,0.1,,道琼斯工业平均指数收益率(经汇率调整后)×100%,L,被动指数型,股票型,,20240202,20240202,E,L
159562.SZ,华夏中证沪深港黄金产业股票ETF,华夏基金管理有限公司,中国工商银行股份有限公司,股票型,20240111,,20240122,20231121,nan,2.2613,0.15,0.05,,1.0,0.1,,中证沪深港黄金产业股票指数收益率×100%,L,被动指数型,股票型,,20240122,20240122,E,L
159530.SZ,易方达国证机器人产业ETF,易方达基金管理有限公司,中国建设银行股份有限公司,股票型,20240110,,20240118,20231218,nan,2.6761,0.5,0.1,,1.0,0.1,,国证机器人产业指数收益率×100%,L,被动指数型,股票型,,20240118,20240118,E,L
159567.SZ,银华国证港股通创新药ETF,银华基金管理股份有限公司,招商银行股份有限公司,股票型,20240103,,20240111,20231218,nan,2.3636,0.5,0.1,,1.0,0.1,,国证港股通创新药指数收益率(经估值汇率调整)×100%,L,被动指数型,股票型,,20240111,20240111,E,L
159570.SZ,汇添富国证港股通创新药ETF,汇添富基金管理股份有限公司,国泰海通证券股份有限公司,股票型,20231228,,20240122,20231213,nan,2.496,0.5,0.1,,1.0,0.1,,国证港股通创新药指数收益率(经估值汇率调整后)×100%,L,被动指数型,股票型,,20240122,20240122,E,L
588700.SH,嘉实上证科创板生物医药ETF,嘉实基金管理有限公司,国泰海通证券股份有限公司,股票型,20231227,,20240105,20231218,nan,3.4784,0.5,0.1,,1.0,0.1,,上证科创板生物医药指数收益率×100%,L,被动指数型,股票型,,20240105,20240105,E,L
159556.SZ,平安中证2000增强策略ETF,平安基金管理有限公司,中国民生银行股份有限公司,股票型,20231227,,20240110,20231218,nan,4.7156,0.5,0.1,,1.0,0.1,,中证2000指数收益率×100%,L,增强指数型,股票型,,20240110,20240110,E,L
508031.SH,国泰海通城投宽庭保障性租赁住房REIT,上海国泰海通证券资产管理有限公司,中国银行股份有限公司,REITs,20231227,,20240112,20231222,nan,10.0,nan,0.01,,1.0,0.305,,本基金暂不设立业绩比较基准,L,nan,其他型,,nan,nan,E,L
159502.SZ,嘉实标普生物科技精选行业ETF(QDII),嘉实基金管理有限公司,中国建设银行股份有限公司,股票型,20231226,,20240110,20230928,nan,2.0732,0.5,0.1,,1.0,0.1,,标普生物科技精选行业指数收益率(经估值汇率调整)×100%,L,被动指数型,股票型,,20240110,20240110,E,L
561200.SH,工银瑞信中证A100ETF,工银瑞信基金管理有限公司,中国农业银行股份有限公司,股票型,20231222,,20240105,20230922,nan,2.6947,0.45,0.07,,1.0,0.1,,中证A100指数收益率×100%,L,被动指数型,股票型,,20240105,20240105,E,L
159576.SZ,广发深证100ETF,广发基金管理有限公司,中国建设银行股份有限公司,股票型,20231221,,20240103,20231211,nan,3.1801,0.5,0.1,,1.0,0.1,,深证100指数收益率×100%,L,被动指数型,股票型,,20240103,20240103,E,L
159571.SZ,富国创业板200ETF,富国基金管理有限公司,上海银行股份有限公司,股票型,20231220,,20240102,20231204,nan,3.2398,0.5,0.1,,1.0,0.1,,创业板200指数收益率×100%,L,被动指数型,股票型,,20240102,20240102,E,L
513920.SH,华安恒生港股通中国央企红利ETF,华安基金管理有限公司,中信证券股份有限公司,股票型,20231220,,20240105,20231204,nan,3.3923,0.5,0.1,,1.0,0.1,,恒生港股通中国央企红利指数收益率(经汇率调整)×100%,L,被动指数型,股票型,,20240105,20240105,E,L
159575.SZ,银华创业板200ETF,银华基金管理股份有限公司,华泰证券股份有限公司,股票型,20231220,,20240102,20231204,nan,3.6941,0.5,0.1,,1.0,0.1,,创业板200指数收益率×100%,L,被动指数型,股票型,,20240102,20240102,E,L
159572.SZ,易方达创业板200ETF,易方达基金管理有限公司,中国银行股份有限公司,股票型,20231215,,20231225,20231204,nan,3.2375,0.15,0.05,,1.0,0.1,,创业板200指数收益率×100%,L,被动指数型,股票型,,20231225,20231225,E,L
159573.SZ,华夏创业板200ETF,华夏基金管理有限公司,广发证券股份有限公司,股票型,20231215,,20231225,20231204,nan,11.1746,0.15,0.05,,1.0,0.1,,创业板200指数收益率×100%,L,被动指数型,股票型,,20231225,20231225,E,L
511100.SH,华夏上证基准做市国债ETF,华夏基金管理有限公司,招商银行股份有限公司,债券型,20231213,,20231225,20231204,nan,20.2305,0.15,0.05,,1.0,0.1,,上证基准做市国债指数收益率×100%,L,被动指数型,债券型,,20231225,20231225,E,L
588900.SH,南方上证科创板100ETF,南方基金管理股份有限公司,中国银行股份有限公司,股票型,20231208,,20231218,20231129,nan,8.8978,0.15,0.05,,1.0,0.1,,上证科创板100指数×100%,L,被动指数型,股票型,,20231218,20231218,E,L
562060.SH,华宝标普中国A股红利机会ETF,华宝基金管理有限公司,中国银行股份有限公司,股票型,20231208,,20231228,20231120,nan,7.859,0.5,0.1,,1.0,0.1,,标普中国A股红利机会指数收益率×100%,L,被动指数型,股票型,,20231228,20231228,E,L
563020.SH,易方达中证红利低波动ETF,易方达基金管理有限公司,招商银行股份有限公司,股票型,20231206,,20231214,20231016,nan,2.4691,0.15,0.05,,1.0,0.1,,中证红利低波动指数收益率×100%,L,被动指数型,股票型,,20231214,20231214,E,L
560300.SH,汇添富中证电信主题ETF,汇添富基金管理股份有限公司,交通银行股份有限公司,股票型,20231205,,20231218,20231120,nan,2.338,0.5,0.1,,1.0,0.1,,中证电信主题指数收益率×100%,L,被动指数型,股票型,,20231218,20231218,E,L
560780.SH,广发中证半导体材料设备主题ETF,广发基金管理有限公司,招商银行股份有限公司,股票型,20231201,,20231212,20231120,nan,2.665,0.5,0.1,,1.0,0.1,,中证半导体材料设备主题指数收益率×100%,L,被动指数型,股票型,,20231212,20231212,E,L
159555.SZ,银华中证2000增强策略ETF,银华基金管理股份有限公司,中信证券股份有限公司,股票型,20231201,,20231212,20231122,nan,2.2346,0.5,0.1,,1.0,0.1,,中证2000指数×100%,L,增强指数型,股票型,,20231212,20231212,E,L
159559.SZ,景顺长城国证机器人产业ETF,景顺长城基金管理有限公司,中信建投证券股份有限公司,股票型,20231130,,20231212,20231120,nan,3.1458,0.5,0.1,,1.0,0.1,,国证机器人产业指数收益率×100%,L,被动指数型,股票型,,20231212,20231212,E,L
159350.SZ,富国深证50ETF,富国基金管理有限公司,招商银行股份有限公司,股票型,20231130,,20231211,20231120,nan,24.0501,0.5,0.1,,1.0,0.1,,深证50指数收益率×100%,L,被动指数型,股票型,,20231211,20231211,E,L
159150.SZ,易方达深证50ETF,易方达基金管理有限公司,国泰海通证券股份有限公司,股票型,20231129,,20231211,20231120,nan,26.01,0.15,0.05,,1.0,0.1,,深证50指数收益率×100%,L,被动指数型,股票型,,20231211,20231211,E,L
513630.SH,摩根标普港股通低波红利ETF,摩根基金管理(中国)有限公司,广发证券股份有限公司,股票型,20231123,,20231208,20231106,nan,13.6336,0.5,0.1,,1.0,0.1,,标普港股通低波红利指数×100%,L,被动指数型,股票型,,20231208,20231208,E,L
159505.SZ,博时国证2000ETF,博时基金管理有限公司,招商银行股份有限公司,股票型,20231123,,20231204,20231109,nan,2.321,0.15,0.05,,1.0,0.1,,国证2000指数收益率×100%,L,被动指数型,股票型,,20231204,20231204,E,L
159661.SZ,嘉实中证A100ETF,嘉实基金管理有限公司,中国银行股份有限公司,股票型,20231123,,20231201,20231013,nan,2.1921,0.15,0.05,,1.0,0.1,,中证A100指数收益率×100%,L,被动指数型,股票型,,20231201,20231201,E,L
562600.SH,华夏中证全指医疗器械ETF,华夏基金管理有限公司,招商银行股份有限公司,股票型,20231123,,20231211,20231009,nan,2.0794,0.5,0.1,,1.0,0.1,,中证全指医疗器械指数收益率×100%,L,被动指数型,股票型,,20231211,20231211,E,L
159549.SZ,天弘中证红利低波动100ETF,天弘基金管理有限公司,国泰海通证券股份有限公司,股票型,20231123,,20231211,20231113,nan,2.7052,0.5,0.1,,1.0,0.1,,中证红利低波动100指数收益率×100%,L,被动指数型,股票型,,20231211,20231211,E,L
510980.SH,汇添富上证综合ETF,汇添富基金管理股份有限公司,中国工商银行股份有限公司,股票型,20231122,,20231201,20231108,nan,4.648,0.5,0.1,,1.0,0.1,,上证综合指数收益率×100%,L,被动指数型,股票型,,20231201,20231201,E,L
561010.SH,华安中证全指软件开发ETF,华安基金管理有限公司,中信证券股份有限公司,股票型,20231121,,20231211,20231009,nan,3.4336,0.5,0.1,,1.0,0.1,,中证全指软件开发指数收益率×100%,L,被动指数型,股票型,,20231211,20231211,E,L
513350.SH,富国标普石油天然气勘探及生产精选行业ETF(QDII),富国基金管理有限公司,招商银行股份有限公司,股票型,20231120,,20231128,20231101,nan,2.1475,0.5,0.1,,1.0,0.1,,标普石油天然气勘探及生产精选行业指数收益率(经汇率调整后)×100%,L,被动指数型,股票型,,20231128,20231128,E,L
513730.SH,华泰柏瑞南方东英新交所泛东南亚科技ETF(QDII),华泰柏瑞基金管理有限公司,中国银行股份有限公司,股票型,20231115,,20231201,20231106,nan,2.5836,0.4,0.1,,1.0,0.1,,新交所泛东南亚科技指数收益率(使用估值汇率折算)×100%,L,被动指数型,股票型,,20231201,20231201,E,L
513750.SH,广发中证港股通非银行金融主题ETF,广发基金管理有限公司,中国银行股份有限公司,股票型,20231110,,20231127,20231030,nan,2.3384,0.5,0.1,,1.0,0.1,,中证港股通非银行金融主题指数收益率×100%,L,被动指数型,股票型,,20231127,20231127,E,L
159560.SZ,景顺长城中证芯片产业ETF,景顺长城基金管理有限公司,国投证券股份有限公司,股票型,20231109,,20231120,20231023,nan,4.4142,0.5,0.1,,1.0,0.1,,中证芯片产业指数收益率×100%,L,被动指数型,股票型,,20231120,20231120,E,L
159543.SZ,工银瑞信国证2000ETF,工银瑞信基金管理有限公司,中国农业银行股份有限公司,股票型,20231109,,20231120,20231016,nan,2.182,0.45,0.07,,1.0,0.1,,国证2000指数收益率×100%,L,被动指数型,股票型,,20231120,20231120,E,L
588880.SH,华泰柏瑞上证科创板100ETF,华泰柏瑞基金管理有限公司,中国建设银行股份有限公司,股票型,20231108,,20231116,20231030,nan,10.5937,0.5,0.1,,1.0,0.1,,上证科创板100指数收益率×100%,L,被动指数型,股票型,,20231116,20231116,E,L
588800.SH,华夏上证科创板100ETF,华夏基金管理有限公司,交通银行股份有限公司,股票型,20231108,,20231116,20231030,nan,38.9488,0.15,0.05,,1.0,0.1,,上证科创板100指数收益率×100%,L,被动指数型,股票型,,20231116,20231116,E,L
159551.SZ,国泰中证机器人ETF,国泰基金管理有限公司,中国邮政储蓄银行股份有限公司,股票型,20231108,,20231116,20231030,nan,2.4492,0.5,0.1,,1.0,0.1,,中证机器人指数收益率×100%,L,被动指数型,股票型,,20231116,20231116,E,L
588210.SH,易方达上证科创板100ETF,易方达基金管理有限公司,招商银行股份有限公司,股票型,20231108,,20231116,20231030,nan,5.5325,0.15,0.05,,1.0,0.1,,上证科创板100指数收益率×100%,L,被动指数型,股票型,,20231116,20231116,E,L
513850.SH,易方达MSCI美国50ETF(QDII),易方达基金管理有限公司,中国银行股份有限公司,股票型,20231106,,20231117,20230802,nan,2.3289,0.5,0.1,,1.0,0.1,,MSCI美国50指数收益率(使用估值汇率折算)×100%,L,被动指数型,股票型,,20231117,20231117,E,L
561780.SH,博时中证1000增强策略ETF,博时基金管理有限公司,中信证券股份有限公司,股票型,20231102,,20231110,20230922,nan,2.7296,0.5,0.1,,1.0,0.1,,中证1000指数收益率×100%,L,增强指数型,股票型,,20231110,20231110,E,L
159518.SZ,嘉实标普石油天然气勘探及生产精选行业ETF(QDII),嘉实基金管理有限公司,招商银行股份有限公司,股票型,20231101,,20231115,20231016,nan,2.3433,0.5,0.1,,1.0,0.1,,经估值汇率调整后的标普石油天然气勘探及生产精选行业指数收益率×100%,L,被动指数型,股票型,,20231115,20231115,E,L
563330.SH,华泰柏瑞中证A股ETF,华泰柏瑞基金管理有限公司,招商银行股份有限公司,股票型,20231030,,20231107,20231018,nan,6.3542,0.5,0.1,,1.0,0.1,,中证A股指数收益率×100%,L,被动指数型,股票型,,20231107,20231107,E,L
513870.SH,富国纳斯达克100ETF(QDII),富国基金管理有限公司,招商银行股份有限公司,股票型,20231025,,20231102,20231016,nan,2.3767,0.5,0.1,,1.0,0.1,,纳斯达克100指数收益率(经汇率调整后)×100%,L,被动指数型,股票型,,20231102,20231102,E,L
517520.SH,永赢中证沪深港黄金产业股票ETF,永赢基金管理有限公司,中国农业银行股份有限公司,股票型,20231024,,20231101,20231016,nan,3.389,0.5,0.1,,1.0,0.1,,中证沪深港黄金产业股票指数收益率×100%,L,被动指数型,股票型,,20231101,20231101,E,L
561360.SH,国泰中证油气产业ETF,国泰基金管理有限公司,中国邮政储蓄银行股份有限公司,股票型,20231023,,20231031,20231012,nan,2.7615,0.5,0.1,,1.0,0.1,,中证油气产业指数收益率×100%,L,被动指数型,股票型,,20231031,20231031,E,L
159520.SZ,工银瑞信中证消费龙头ETF,工银瑞信基金管理有限公司,上海浦东发展银行股份有限公司,股票型,20231019,,20231031,20230911,nan,2.5318,0.5,0.07,,1.0,0.1,,中证消费龙头指数收益率×100%,L,被动指数型,股票型,,20231031,20231031,E,L
159541.SZ,万家创业板综合ETF,万家基金管理有限公司,中国工商银行股份有限公司,股票型,20231018,,20231031,20231009,nan,3.2109,0.5,0.1,,1.0,0.1,,创业板综合指数收益率×100%,L,被动指数型,股票型,,20231031,20231031,E,L
560280.SH,广发中证工程机械主题ETF,广发基金管理有限公司,招商银行股份有限公司,股票型,20231018,,20231030,20231009,nan,4.5275,0.5,0.1,,1.0,0.1,,中证工程机械主题指数收益率×100%,L,被动指数型,股票型,,20231030,20231030,E,L
508007.SH,中金山高集团高速公路REIT,中金基金管理有限公司,平安银行股份有限公司,REITs,20231016,,20231027,20231010,nan,4.0,nan,0.01,,1.0,0.746,,本基金暂不设立业绩比较基准,L,nan,其他型,,nan,nan,E,L
159546.SZ,国泰中证全指集成电路ETF,国泰基金管理有限公司,中信建投证券股份有限公司,股票型,20231011,,20231020,20230922,nan,4.0631,0.5,0.1,,1.0,0.1,,中证全指集成电路指数收益率×100%,L,被动指数型,股票型,,20231020,20231020,E,L
562590.SH,华夏中证半导体材料设备主题ETF,华夏基金管理有限公司,中信建投证券股份有限公司,股票型,20231009,,20231018,20230920,nan,2.2966,0.5,0.1,,1.0,0.1,,中证半导体材料设备主题指数收益率×100%,L,被动指数型,股票型,,20231018,20231018,E,L
563200.SH,富国中证2000ETF,富国基金管理有限公司,广发证券股份有限公司,股票型,20230928,,20231018,20230918,nan,8.2346,0.5,0.1,,1.0,0.1,,中证2000指数收益率×100%,L,被动指数型,股票型,,20231018,20231018,E,L
560020.SH,汇添富中证红利ETF,汇添富基金管理股份有限公司,招商银行股份有限公司,股票型,20230926,,20231016,20230801,nan,3.3756,0.5,0.1,,1.0,0.1,,中证红利指数收益率×100%,L,被动指数型,股票型,,20231016,20231016,E,L
562030.SH,华宝中证信息技术应用创新产业ETF,华宝基金管理有限公司,中国建设银行股份有限公司,股票型,20230926,,20231012,20230904,nan,2.8799,0.5,0.1,,1.0,0.1,,中证信息技术应用创新产业指数收益率×100%,L,被动指数型,股票型,,20231012,20231012,E,L
513190.SH,华夏中证港股通内地金融ETF,华夏基金管理有限公司,招商银行股份有限公司,股票型,20230925,,20231011,20230828,nan,2.0894,0.5,0.1,,1.0,0.1,,经估值汇率调整后的中证港股通内地金融指数收益率×100%,L,被动指数型,股票型,,20231011,20231011,E,L
159537.SZ,国泰国证信息技术创新主题ETF,国泰基金管理有限公司,中国邮政储蓄银行股份有限公司,股票型,20230920,,20231010,20230911,nan,3.5164,0.5,0.1,,1.0,0.1,,国证信息技术创新主题指数收益率×100%,L,被动指数型,股票型,,20231010,20231010,E,L
159540.SZ,易方达国证信息技术创新主题ETF,易方达基金管理有限公司,中国工商银行股份有限公司,股票型,20230920,,20230928,20230901,nan,2.1551,0.5,0.1,,1.0,0.1,,国证信息技术创新主题指数收益率×100%,L,被动指数型,股票型,,20230928,20230928,E,L
159539.SZ,广发国证信息技术创新主题ETF,广发基金管理有限公司,中信银行股份有限公司,股票型,20230920,,20230928,20230901,nan,2.8657,0.5,0.1,,1.0,0.1,,国证信息技术创新主题指数收益率×100%,L,被动指数型,股票型,,20230928,20230928,E,L
159538.SZ,富国国证信息技术创新主题ETF,富国基金管理有限公司,平安银行股份有限公司,股票型,20230914,,20230922,20230904,nan,3.393,0.5,0.1,,1.0,0.1,,国证信息技术创新主题指数收益率×100%,L,被动指数型,股票型,,20230922,20230922,E,L
159535.SZ,嘉实中证2000ETF,嘉实基金管理有限公司,中信证券股份有限公司,股票型,20230914,,20230922,20230901,nan,4.9098,0.15,0.05,,1.0,0.1,,中证2000指数收益率×100%,L,被动指数型,股票型,,20230922,20230922,E,L
159532.SZ,易方达中证2000ETF,易方达基金管理有限公司,国泰海通证券股份有限公司,股票型,20230913,,20230921,20230901,nan,8.1156,0.15,0.05,,1.0,0.1,,中证2000指数收益率×100%,L,被动指数型,股票型,,20230921,20230921,E,L
561370.SH,国泰中证2000ETF,国泰基金管理有限公司,中信建投证券股份有限公司,股票型,20230913,,20230921,20230904,nan,6.0036,0.5,0.1,,1.0,0.1,,中证2000指数收益率×100%,L,被动指数型,股票型,,20230921,20230921,E,L
159536.SZ,汇添富中证2000ETF,汇添富基金管理股份有限公司,招商银行股份有限公司,股票型,20230913,,20230921,20230901,nan,12.1326,0.5,0.1,,1.0,0.1,,中证2000指数收益率×100%,L,被动指数型,股票型,,20230921,20230921,E,L
560220.SH,广发中证2000ETF,广发基金管理有限公司,招商银行股份有限公司,股票型,20230908,,20230918,20230901,nan,3.1272,0.5,0.1,,1.0,0.1,,中证2000指数收益率×100%,L,被动指数型,股票型,,20230918,20230918,E,L
159531.SZ,南方中证2000ETF,南方基金管理股份有限公司,中国工商银行股份有限公司,股票型,20230907,,20230918,20230901,nan,2.6061,0.15,0.05,,1.0,0.1,,中证2000指数收益率×100%,L,被动指数型,股票型,,20230918,20230918,E,L
560260.SH,广发中证医疗ETF,广发基金管理有限公司,北京银行股份有限公司,股票型,20230906,,20230915,20230828,nan,2.1766,0.5,0.05,,1.0,0.1,,中证医疗指数收益率×100%,L,被动指数型,股票型,,20230915,20230915,E,L
562660.SH,华夏中证2000ETF,华夏基金管理有限公司,招商银行股份有限公司,股票型,20230906,,20230914,20230901,nan,3.1087,0.5,0.1,,1.0,0.1,,中证2000指数收益率×100%,L,被动指数型,股票型,,20230914,20230914,E,L
561060.SH,华安中证国有企业红利ETF,华安基金管理有限公司,广发证券股份有限公司,股票型,20230906,,20230921,20230817,nan,2.8157,0.5,0.1,,1.0,0.1,,中证国有企业红利指数收益率×100%,L,被动指数型,股票型,,20230921,20230921,E,L
588220.SH,鹏华上证科创板100ETF,鹏华基金管理有限公司,广发证券股份有限公司,股票型,20230906,,20230915,20230828,nan,14.402,0.15,0.05,,1.0,0.1,,上证科创板100指数收益率×100%,L,被动指数型,股票型,,20230915,20230915,E,L
588120.SH,国泰上证科创板100ETF,国泰基金管理有限公司,中信证券股份有限公司,股票型,20230906,,20230915,20230828,nan,14.9181,0.15,0.05,,1.0,0.1,,上证科创板100指数收益率×100%,L,被动指数型,股票型,,20230915,20230915,E,L
588190.SH,银华上证科创板100ETF,银华基金管理股份有限公司,中国工商银行股份有限公司,股票型,20230906,,20230915,20230828,nan,13.5762,0.15,0.05,,1.0,0.1,,上证科创板100指数收益率×100%,L,被动指数型,股票型,,20230915,20230915,E,L
588030.SH,博时上证科创板100ETF,博时基金管理有限公司,中国工商银行股份有限公司,股票型,20230906,,20230915,20230828,nan,26.6084,0.15,0.05,,1.0,0.1,,上证科创板100指数收益率×100%,L,被动指数型,股票型,,20230915,20230915,E,L
563300.SH,华泰柏瑞中证2000ETF,华泰柏瑞基金管理有限公司,招商银行股份有限公司,股票型,20230906,,20230914,20230901,nan,5.8867,0.5,0.1,,1.0,0.1,,中证2000指数收益率×100%,L,被动指数型,股票型,,20230914,20230914,E,L
159523.SZ,华夏中证智选300成长创新策略ETF,华夏基金管理有限公司,中国银行股份有限公司,股票型,20230905,,20230919,20230814,nan,2.0952,0.5,0.1,,1.0,0.1,,中证智选300成长创新策略指数收益率×100%,L,被动指数型,股票型,,20230919,20230919,E,L
560590.SH,鹏华中证1000增强策略ETF,鹏华基金管理有限公司,招商银行股份有限公司,股票型,20230901,,20230925,20230814,nan,2.0571,0.8,0.15,,1.0,0.1,,中证1000指数收益率×100%,L,增强指数型,股票型,,20230925,20230925,E,L
561280.SH,工银瑞信中证1000增强策略ETF,工银瑞信基金管理有限公司,招商银行股份有限公司,股票型,20230831,,20230922,20230814,nan,3.0385,0.5,0.1,,1.0,0.1,,中证1000指数收益率×100%,L,增强指数型,股票型,,20230922,20230922,E,L
159515.SZ,鹏扬中证国有企业红利ETF,鹏扬基金管理有限公司,交通银行股份有限公司,股票型,20230825,,20230906,20230814,nan,2.9139,0.5,0.1,,1.0,0.1,,中证国有企业红利指数收益率×100%,L,被动指数型,股票型,,20230906,20230906,E,L
159521.SZ,平安国证2000ETF,平安基金管理有限公司,招商银行股份有限公司,股票型,20230825,,20230907,20230816,nan,11.1327,0.5,0.1,,1.0,0.1,,国证2000指数收益率×100%,L,被动指数型,股票型,,20230907,20230907,E,L
159517.SZ,银华中证800增强策略ETF,银华基金管理股份有限公司,招商银行股份有限公司,股票型,20230823,,20230905,20230814,nan,2.4574,0.5,0.1,,1.0,0.1,,中证800指数收益率×100%,L,增强指数型,股票型,,20230905,20230905,E,L
159519.SZ,国泰中证香港内地国有企业ETF(QDII),国泰基金管理有限公司,招商银行股份有限公司,股票型,20230823,,20230831,20230814,nan,2.0116,0.5,0.15,,1.0,0.1,,中证香港内地国有企业指数收益率(经估值汇率调整)×100%,L,被动指数型,股票型,,20230831,20230831,E,L
588110.SH,广发上证科创板成长ETF,广发基金管理有限公司,招商银行股份有限公司,股票型,20230823,,20230831,20230814,nan,7.3976,0.5,0.1,,1.0,0.1,,上证科创板成长指数收益率×100%,L,被动指数型,股票型,,20230831,20230831,E,L
588020.SH,易方达上证科创板成长ETF,易方达基金管理有限公司,国信证券股份有限公司,股票型,20230823,,20230831,20230814,nan,14.9379,0.5,0.1,,1.0,0.1,,上证科创板成长指数收益率×100%,L,被动指数型,股票型,,20230831,20230831,E,L
561980.SH,招商中证半导体产业ETF,招商基金管理有限公司,中泰证券股份有限公司,股票型,20230821,,20230901,20230810,nan,3.1311,0.5,0.1,,1.0,0.1,,中证半导体产业指数收益率×100%,L,被动指数型,股票型,,20230901,20230901,E,L
513810.SH,华夏中证香港内地国有企业ETF(QDII),华夏基金管理有限公司,中国银行股份有限公司,股票型,20230821,,20230901,20230803,nan,2.1099,0.5,0.15,,1.0,0.1,,中证香港内地国有企业指数收益率(使用估值汇率折算)×100%,L,被动指数型,股票型,,20230901,20230901,E,L
159696.SZ,易方达纳斯达克100ETF(QDII),易方达基金管理有限公司,中国建设银行股份有限公司,股票型,20230817,,20230825,20230613,nan,2.1282,0.5,0.1,,1.0,0.1,,纳斯达克100指数收益率(使用估值汇率折算)×100%,L,被动指数型,股票型,,20230825,20230825,E,L
159699.SZ,广发恒生消费ETF(QDII),广发基金管理有限公司,中国银行股份有限公司,股票型,20230810,,20230823,20230731,nan,8.4616,0.5,0.1,,1.0,0.1,,恒生消费指数收益率(人民币计价)×100%,L,被动指数型,股票型,,20230823,20230823,E,L
159510.SZ,华夏中证智选300价值稳健策略ETF,华夏基金管理有限公司,中国建设银行股份有限公司,股票型,20230731,,20230816,20230717,nan,2.6013,0.5,0.1,,1.0,0.1,,中证智选300价值稳健策略指数收益率×100%,L,被动指数型,股票型,,20230816,20230816,E,L
159511.SZ,南方中证通信服务ETF,南方基金管理股份有限公司,中国银行股份有限公司,股票型,20230728,,20230807,20230717,nan,2.4644,0.5,0.1,,1.0,0.1,,中证通信服务指数×100%,L,被动指数型,股票型,,20230807,20230807,E,L
561260.SH,工银瑞信中证国新央企现代能源ETF,工银瑞信基金管理有限公司,招商银行股份有限公司,股票型,20230727,,20230809,20230717,nan,20.001,0.5,0.1,,1.0,0.1,,中证国新央企现代能源指数收益率×100%,L,被动指数型,股票型,,20230809,20230809,E,L
561790.SH,博时中证国新央企现代能源ETF,博时基金管理有限公司,中国建设银行股份有限公司,股票型,20230727,,20230809,20230717,nan,19.9993,0.5,0.1,,1.0,0.1,,中证国新央企现代能源指数收益率×100%,L,被动指数型,股票型,,20230809,20230809,E,L
562850.SH,嘉实中证国新央企现代能源ETF,嘉实基金管理有限公司,中国银行股份有限公司,股票型,20230727,,20230809,20230717,nan,19.9998,0.5,0.1,,1.0,0.1,,中证国新央企现代能源指数×100%,L,被动指数型,股票型,,20230809,20230809,E,L
159698.SZ,鹏华国证粮食产业ETF,鹏华基金管理有限公司,广发证券股份有限公司,股票型,20230726,,20230818,20230703,nan,5.4494,0.5,0.1,,1.0,0.1,,国证粮食产业指数收益率×100%,L,被动指数型,股票型,,20230818,20230818,E,L
159509.SZ,景顺长城纳斯达克科技市值加权ETF(QDII),景顺长城基金管理有限公司,招商银行股份有限公司,股票型,20230719,,20230808,20230710,nan,4.5356,0.8,0.2,,1.0,0.1,,纳斯达克科技市值加权指数收益率(使用估值汇率调整)×100%,L,被动指数型,股票型,,20230808,20230808,E,L
560950.SH,汇添富中证500增强策略ETF,汇添富基金管理股份有限公司,中国工商银行股份有限公司,股票型,20230719,,20230731,20230427,nan,9.6148,0.8,0.1,,1.0,0.1,,中证500指数收益率×100%,L,增强指数型,股票型,,20230731,20230731,E,L
159516.SZ,国泰中证半导体材料设备主题ETF,国泰基金管理有限公司,广发证券股份有限公司,股票型,20230719,,20230727,20230710,nan,13.4459,0.5,0.1,,1.0,0.1,,中证半导体材料设备主题指数收益率×100%,L,被动指数型,股票型,,20230727,20230727,E,L
159512.SZ,广发中证全指汽车ETF,广发基金管理有限公司,中国建设银行股份有限公司,股票型,20230713,,20230725,20230703,nan,6.1926,0.5,0.1,,1.0,0.1,,中证全指汽车指数×100%,L,被动指数型,股票型,,20230725,20230725,E,L
159513.SZ,大成纳斯达克100ETF(QDII),大成基金管理有限公司,中国农业银行股份有限公司,股票型,20230712,,20230728,20230703,nan,3.9755,0.8,0.2,,1.0,0.1,,纳斯达克100指数收益率(经汇率调整)×100%,L,被动指数型,股票型,,20230728,20230728,E,L
159686.SZ,易方达中证A100ETF,易方达基金管理有限公司,招商银行股份有限公司,股票型,20230711,,20230719,20230407,nan,2.9582,0.15,0.05,,1.0,0.1,,中证A100指数收益率×100%,L,被动指数型,股票型,,20230719,20230719,E,L
563010.SH,易方达中证电信主题ETF,易方达基金管理有限公司,中信证券股份有限公司,股票型,20230705,,20230713,20230619,nan,2.5419,0.5,0.1,,1.0,0.1,,中证电信主题指数收益率×100%,L,被动指数型,股票型,,20230715,20230715,E,L
159508.SZ,华安国证生物医药ETF,华安基金管理有限公司,招商银行股份有限公司,股票型,20230629,,20230714,20230612,nan,2.7943,0.5,0.1,,1.0,0.1,,国证生物医药指数收益率×100%,L,被动指数型,股票型,,20230714,20230714,E,L
562380.SH,银华中证国新央企科技引领ETF,银华基金管理股份有限公司,中国建设银行股份有限公司,股票型,20230626,,20230706,20230612,nan,15.8713,0.5,0.1,,1.0,0.1,,中证国新央企科技引领指数收益率×100%,L,被动指数型,股票型,,20230706,20230706,E,L
563050.SH,易方达中证国新央企科技引领ETF,易方达基金管理有限公司,招商银行股份有限公司,股票型,20230621,,20230706,20230612,nan,12.3221,0.5,0.1,,1.0,0.1,,中证国新央企科技引领指数收益率×100%,L,被动指数型,股票型,,20230706,20230706,E,L
159690.SZ,招商中证有色金属矿业主题ETF,招商基金管理有限公司,国泰海通证券股份有限公司,股票型,20230621,,20230706,20230606,nan,2.7516,0.5,0.1,,1.0,0.1,,中证有色金属矿业主题指数收益率×100%,L,被动指数型,股票型,,20230706,20230706,E,L
560170.SH,南方中证国新央企科技引领ETF,南方基金管理股份有限公司,中国工商银行股份有限公司,股票型,20230621,,20230706,20230612,nan,20.0,0.5,0.1,,1.0,0.1,,中证国新央企科技引领指数收益率×100%,L,被动指数型,股票型,,20230706,20230706,E,L
159673.SZ,鹏华沪深300ETF,鹏华基金管理有限公司,中国工商银行股份有限公司,股票型,20230621,,20230717,20230414,nan,2.9753,0.15,0.05,,1.0,0.1,,沪深300指数收益率×100%,L,被动指数型,股票型,,20230717,20230717,E,L
560030.SH,汇添富中证800价值ETF,汇添富基金管理股份有限公司,广发证券股份有限公司,股票型,20230620,,20230710,20230606,nan,4.7543,0.5,0.1,,1.0,0.1,,中证800价值指数收益率×100%,L,被动指数型,股票型,,20230710,20230710,E,L
159506.SZ,富国恒生港股通创新药及医疗保健ETF,富国基金管理有限公司,招商证券股份有限公司,股票型,20230614,,20230703,20230605,nan,3.0754,0.5,0.1,,1.0,0.1,,恒生港股通创新药及医疗保健指数收益率(使用估值汇率折算)×100%,L,被动指数型,股票型,,20230703,20230703,E,L
508019.SH,中金湖北科投光谷产业园REIT,中金基金管理有限公司,中信银行股份有限公司,REITs,20230609,,20230630,20230605,nan,6.0,nan,0.01,,1.0,0.263,,本基金暂不设立业绩比较基准,L,nan,其他型,,nan,nan,E,L
159507.SZ,广发国证通信ETF,广发基金管理有限公司,招商银行股份有限公司,股票型,20230608,,20230621,20230529,nan,5.6194,0.5,0.1,,1.0,0.1,,国证通信指数×100%,L,被动指数型,股票型,,20230621,20230621,E,L
164212.SZ,天弘全球新能源汽车股票(QDII-LOF)-A,天弘基金管理有限公司,中国光大银行股份有限公司,股票型,20230606,,nan,20230315,nan,0.0209,1.2,0.2,,1.0,0.1,,中证港美上市全球智能汽车主题指数(人民币)收益率×60%+中证新能源汽车指数收益率×30%+人民币活期存款基准利率×10%,L,nan,股票型,,20230609,20230609,E,L
159501.SZ,嘉实纳斯达克100ETF(QDII),嘉实基金管理有限公司,招商银行股份有限公司,股票型,20230531,,20230614,20230522,nan,2.6499,0.5,0.1,,1.0,0.1,,经估值汇率调整后的纳斯达克100指数收益率×100%,L,被动指数型,股票型,,20230614,20230614,E,L
513040.SH,易方达中证港股通互联网ETF,易方达基金管理有限公司,华泰证券股份有限公司,股票型,20230531,,20230612,20230515,nan,2.4984,0.15,0.05,,1.0,0.1,,中证港股通互联网指数收益率(使用估值汇率折算)×100%,L,被动指数型,股票型,,20230612,20230612,E,L
562920.SH,易方达中证信息安全主题ETF,易方达基金管理有限公司,国泰海通证券股份有限公司,股票型,20230531,,20230612,20230301,nan,2.4307,0.5,0.1,,1.0,0.1,,中证信息安全主题指数收益率×100%,L,被动指数型,股票型,,20230612,20230612,E,L
561960.SH,招商中证国新央企股东回报ETF,招商基金管理有限公司,中信建投证券股份有限公司,股票型,20230524,,20230606,20230515,nan,19.9999,0.5,0.1,,1.0,0.1,,中证国新央企股东回报指数收益率×100%,L,被动指数型,股票型,,20230606,20230606,E,L
560700.SH,广发中证国新央企股东回报ETF,广发基金管理有限公司,中国工商银行股份有限公司,股票型,20230524,,20230606,20230515,nan,20.0004,0.5,0.05,,1.0,0.1,,中证国新央企股东回报指数×100%,L,被动指数型,股票型,,20230606,20230606,E,L
560070.SH,汇添富中证国新央企股东回报ETF,汇添富基金管理股份有限公司,中国建设银行股份有限公司,股票型,20230524,,20230606,20230515,nan,20.0006,0.5,0.1,,1.0,0.1,,中证国新央企股东回报指数×100%,L,被动指数型,股票型,,20230606,20230606,E,L
562930.SH,易方达中证软件服务ETF,易方达基金管理有限公司,兴业银行股份有限公司,股票型,20230522,,20230605,20230504,nan,2.9644,0.5,0.1,,1.0,0.1,,中证软件服务指数收益率×100%,L,被动指数型,股票型,,20230605,20230605,E,L
511090.SH,鹏扬中债-30年期国债ETF,鹏扬基金管理有限公司,招商银行股份有限公司,债券型,20230519,,20230613,20230217,nan,2.9181,0.15,0.05,,1.0,0.1,,中债-30年期国债指数收益率×100%,L,被动指数型,债券型,,20230613,20230613,E,L
561580.SH,华泰柏瑞中证中央企业红利ETF,华泰柏瑞基金管理有限公司,中信证券股份有限公司,股票型,20230518,,20230530,20230504,nan,19.9987,0.5,0.1,,1.0,0.1,,中证中央企业红利指数收益率×100%,L,被动指数型,股票型,,20230530,20230530,E,L
560330.SH,申万菱信沪深300价值ETF,申万菱信基金管理有限公司,中国工商银行股份有限公司,股票型,20230511,,20230523,20230421,nan,2.7913,0.5,0.1,,1.0,0.1,,沪深300价值指数收益率×100%,L,被动指数型,股票型,,20230523,20230523,E,L
159692.SZ,东财中证证券公司30ETF,东财基金管理有限公司,国信证券股份有限公司,股票型,20230505,,20230523,20230417,nan,3.9746,0.5,0.05,,1.0,0.1,,中证证券公司30指数收益率×100%,L,被动指数型,股票型,,20230523,20230523,E,L
159695.SZ,嘉实国证通信ETF,嘉实基金管理有限公司,中信建投证券股份有限公司,股票型,20230427,,20230510,20230417,nan,4.2281,0.5,0.1,,1.0,0.1,,国证通信指数收益率×100%,L,被动指数型,股票型,,20230510,20230510,E,L
560580.SH,南方中证全指电力公用事业ETF,南方基金管理股份有限公司,中国邮政储蓄银行股份有限公司,股票型,20230427,,20230512,20230418,nan,2.78,0.5,0.1,,1.0,0.1,,中证全指电力公用事业指数×100%,L,被动指数型,股票型,,20230512,20230512,E,L
159622.SZ,东财中证沪港深创新药产业ETF,东财基金管理有限公司,广发证券股份有限公司,股票型,20230421,,20230509,20230327,nan,2.996,0.5,0.05,,1.0,0.1,,中证沪港深创新药产业指数收益率×100%,L,被动指数型,股票型,,20230509,20230509,E,L
501226.SH,长城全球新能源汽车股票(QDII-LOF)-A,长城基金管理有限公司,招商银行股份有限公司,股票型,20230421,,nan,20230413,nan,0.1067,1.2,0.2,,1.0,0.1,,彭博全球新能源汽车指数收益率(BloombergElectricVehiclesIndex)(使用估值汇率折算)×95%+人民币活期存款利率(税后)×5%,L,nan,股票型,,20230720,20230720,E,L
513950.SH,富国恒生港股通红利低波动ETF(QDII),富国基金管理有限公司,中国银行股份有限公司,股票型,20230419,,20230428,20230403,nan,2.6512,0.5,0.1,,1.0,0.1,,恒生港股通红利低波动指数收益率(使用估值汇率折算)×100%,L,被动指数型,股票型,,20230428,20230428,E,L
513390.SH,博时纳斯达克100ETF(QDII),博时基金管理有限公司,中信银行股份有限公司,股票型,20230419,,20230508,20230410,nan,2.7338,0.5,0.15,,1.0,0.1,,纳斯达克100指数收益率(经估值汇率调整)×100%,L,被动指数型,股票型,,20230508,20230508,E,L
159697.SZ,鹏华国证石油天然气ETF,鹏华基金管理有限公司,国泰海通证券股份有限公司,股票型,20230417,,20230504,20230403,nan,6.1802,0.5,0.1,,1.0,0.1,,国证石油天然气指数收益率×100%,L,被动指数型,股票型,,20230504,20230504,E,L
159670.SZ,国联安中证消费50ETF,国联安基金管理有限公司,兴业银行股份有限公司,股票型,20230414,,20230509,20230324,nan,2.1971,0.5,0.1,,1.0,0.1,,中证消费50指数收益率×100%,L,被动指数型,股票型,,20230509,20230509,E,L
560180.SH,南方沪深300ESG基准ETF,南方基金管理股份有限公司,中国邮政储蓄银行股份有限公司,股票型,20230413,,20230421,20230323,nan,5.181,0.5,0.1,,1.0,0.1,,沪深300ESG基准指数×100%,L,被动指数型,股票型,,20230421,20230421,E,L
159659.SZ,招商纳斯达克100ETF(QDII),招商基金管理有限公司,中国银行股份有限公司,股票型,20230412,,20230425,20230209,nan,2.3974,0.5,0.15,,1.0,0.1,,纳斯达克100指数收益率×100%,L,被动指数型,股票型,,20230425,20230425,E,L
513970.SH,景顺长城恒生消费ETF(QDII),景顺长城基金管理有限公司,兴业银行股份有限公司,股票型,20230412,,20230421,20230327,nan,6.4704,0.5,0.15,,1.0,0.1,,恒生消费指数收益率(使用估值汇率折算)×100%,L,被动指数型,股票型,,20230421,20230421,E,L
501312.SH,华宝海外科技股票(QDII-LOF)-A,华宝基金管理有限公司,中国建设银行股份有限公司,股票型,20230411,,20230425,20230316,nan,2.9063,1.0,0.2,,1.0,0.1,,经人民币汇率调整的纳斯达克100指数收益率×80%+恒生科技指数收益率×10%+中证综合债指数收益率×10%,L,股票型,股票型,,20230425,20230425,E,L
562330.SH,银华中证500价值ETF,银华基金管理股份有限公司,招商银行股份有限公司,股票型,20230407,,20230418,20230327,nan,5.8502,0.5,0.1,,1.0,0.1,,中证500价值指数收益率×100%,L,被动指数型,股票型,,20230418,20230418,E,L
562960.SH,易方达中证绿色电力ETF,易方达基金管理有限公司,中信建投证券股份有限公司,股票型,20230403,,20230412,20230320,nan,2.3689,0.5,0.1,,1.0,0.1,,中证绿色电力指数收益率×100%,L,被动指数型,股票型,,20230412,20230412,E,L
159660.SZ,汇添富纳斯达克100ETF(QDII),汇添富基金管理股份有限公司,中国建设银行股份有限公司,股票型,20230330,,20230417,20230131,nan,2.4415,0.5,0.15,,1.0,0.1,,经人民币汇率调整的纳斯达克100指数收益率×100%,L,被动指数型,股票型,,20230417,20230417,E,L
159691.SZ,工银瑞信中证港股通高股息精选ETF,工银瑞信基金管理有限公司,广发证券股份有限公司,股票型,20230330,,20230421,20230313,nan,5.663,0.45,0.07,,1.0,0.1,,经汇率调整后的中证港股通高股息精选指数收益率×100%,L,被动指数型,股票型,,20230421,20230421,E,L
501225.SH,景顺长城全球半导体芯片产业股票(QDII-LOF)-A-CNY,景顺长城基金管理有限公司,招商银行股份有限公司,股票型,20230330,,20230414,20230223,nan,3.5141,1.2,0.2,,1.0,0.1,,费城半导体指数收益率(PHLXSemiconductorSectorIndex)×70%+中证芯片产业指数收益率×20%+人民币活期存款基准利率×10%,L,股票型,股票型,,20230414,20230414,E,L
561950.SH,招商中证500增强策略ETF,招商基金管理有限公司,国投证券股份有限公司,股票型,20230329,,20230424,20230320,nan,3.7666,0.5,0.1,,1.0,0.1,,中证500指数收益率×100%,L,增强指数型,股票型,,20230424,20230424,E,L
159676.SZ,富国创业板增强策略ETF,富国基金管理有限公司,招商银行股份有限公司,股票型,20230323,,20230412,20230313,nan,13.7656,0.7,0.1,,1.0,0.1,,创业板指数收益率×100%,L,增强指数型,股票型,,20230412,20230412,E,L
513650.SH,南方标普500ETF(QDII),南方基金管理股份有限公司,招商银行股份有限公司,股票型,20230323,,20230404,20230130,nan,4.2073,0.6,0.15,,1.0,0.1,,标普500指数收益率×100%,L,被动指数型,股票型,,20230404,20230404,E,L
159672.SZ,博时中证主要消费ETF,博时基金管理有限公司,平安银行股份有限公司,股票型,20230323,,20230403,20230313,nan,3.7989,0.5,0.1,,1.0,0.1,,中证主要消费指数收益率×100%,L,被动指数型,股票型,,20230403,20230403,E,L
508028.SH,中信建投国家电投新能源REIT,中信建投基金管理有限公司,中国工商银行股份有限公司,REITs,20230320,,20230329,20230314,nan,8.0,nan,0.01,,1.0,0.98,,本基金暂不设置业绩比较基准,L,nan,其他型,,nan,nan,E,L
508096.SH,中航京能国际能源REIT,中航基金管理有限公司,华夏银行股份有限公司,REITs,20230320,,20230329,20230314,nan,3.0,nan,0.01,,1.0,0.978,,本基金暂不设立业绩比较基准,L,nan,其他型,,nan,nan,E,L
159685.SZ,天弘中证1000增强策略ETF,天弘基金管理有限公司,光大证券股份有限公司,股票型,20230315,,20230403,20230306,nan,2.8144,0.5,0.1,,1.0,0.1,,中证1000指数收益率×100%,L,增强指数型,股票型,,20230403,20230403,E,L
561920.SH,招商中证疫苗与生物技术ETF,招商基金管理有限公司,中国银河证券股份有限公司,股票型,20230315,,20230329,20230220,nan,3.0869,0.5,0.1,,1.0,0.1,,中证疫苗与生物技术指数收益率×100%,L,被动指数型,股票型,,20230329,20230329,E,L
562550.SH,华夏中证绿色电力ETF,华夏基金管理有限公司,中信银行股份有限公司,股票型,20230307,,20230327,20230220,nan,5.2642,0.5,0.1,,1.0,0.1,,中证绿色电力指数收益率×100%,L,被动指数型,股票型,,20230327,20230327,E,L
159653.SZ,国联安国证ESG300ETF,国联安基金管理有限公司,上海银行股份有限公司,股票型,20230306,,20230324,20230117,nan,2.3297,0.5,0.06,,1.0,0.1,,国证ESG300指数收益率×100%,L,被动指数型,股票型,,20230324,20230324,E,L
159689.SZ,南方中证主要消费ETF,南方基金管理股份有限公司,招商银行股份有限公司,股票型,20230303,,20230313,20230227,nan,3.8215,0.5,0.1,,1.0,0.1,,中证主要消费指数×100%,L,被动指数型,股票型,,20230313,20230313,E,L
561170.SH,富国中证绿色电力ETF,富国基金管理有限公司,中国民生银行股份有限公司,股票型,20230302,,20230316,20230213,nan,17.1553,0.5,0.1,,1.0,0.1,,中证绿色电力指数收益率×100%,L,被动指数型,股票型,,20230316,20230316,E,L
513110.SH,华泰柏瑞纳斯达克100ETF(QDII),华泰柏瑞基金管理有限公司,交通银行股份有限公司,股票型,20230301,,20230320,20230215,nan,5.7144,0.8,0.2,,1.0,0.1,,纳斯达克100指数收益率(使用估值汇率折算)×100%,L,被动指数型,股票型,,20230320,20230320,E,L
560090.SH,汇添富中证全指证券公司ETF,汇添富基金管理股份有限公司,中信建投证券股份有限公司,股票型,20230227,,20230315,20230213,nan,8.7487,0.5,0.1,,1.0,0.1,,中证全指证券公司指数收益率×100%,L,被动指数型,股票型,,20230315,20230315,E,L
159657.SZ,鹏华国证疫苗与生物科技ETF,鹏华基金管理有限公司,华泰证券股份有限公司,股票型,20230222,,20230313,20230116,nan,8.0251,0.5,0.1,,1.0,0.1,,国证疫苗与生物科技指数收益率×100%,L,被动指数型,股票型,,20230313,20230313,E,L
560860.SH,万家中证工业有色金属主题ETF,万家基金管理有限公司,中国建设银行股份有限公司,股票型,20230222,,20230313,20230213,nan,13.1523,0.5,0.1,,1.0,0.1,,中证工业有色金属主题指数收益率×100%,L,被动指数型,股票型,,20230313,20230313,E,L
159671.SZ,工银瑞信中证稀有金属主题ETF,工银瑞信基金管理有限公司,华泰证券股份有限公司,股票型,20230217,,20230310,20230206,nan,18.3505,0.45,0.07,,1.0,0.1,,中证稀有金属主题指数收益率×100%,L,被动指数型,股票型,,20230310,20230310,E,L
563030.SH,易方达中证500增强策略ETF,易方达基金管理有限公司,招商证券股份有限公司,股票型,20230217,,20230313,20230201,nan,11.4267,0.5,0.1,,1.0,0.1,,中证500指数收益率×100%,L,增强指数型,股票型,,20230313,20230313,E,L
562860.SH,嘉实中证疫苗与生物技术ETF,嘉实基金管理有限公司,中国工商银行股份有限公司,股票型,20230216,,20230224,20230206,nan,18.249,0.5,0.1,,1.0,0.1,,中证疫苗与生物技术指数收益率×100%,L,被动指数型,股票型,,20230224,20230224,E,L
159678.SZ,博时中证500增强策略ETF,博时基金管理有限公司,华泰证券股份有限公司,股票型,20230213,,20230227,20230206,nan,4.8764,0.5,0.1,,1.0,0.1,,中证500指数收益率×100%,L,增强指数型,股票型,,20230227,20230227,E,L
159679.SZ,国泰中证1000增强策略ETF,国泰基金管理有限公司,国泰海通证券股份有限公司,股票型,20230209,,20230222,20230206,nan,14.5809,1.0,0.1,,1.0,0.1,,中证1000指数收益率×100%,L,增强指数型,股票型,,20230222,20230222,E,L
513560.SH,兴银中证港股通科技ETF,兴银基金管理有限责任公司,兴业银行股份有限公司,股票型,20230131,,20230213,20221021,nan,4.4939,0.5,0.1,,1.0,0.1,,中证港股通科技指数收益率×100%,L,被动指数型,股票型,,20230213,20230213,E,L
159688.SZ,华安恒生互联网科技业ETF(QDII),华安基金管理有限公司,招商银行股份有限公司,股票型,20230117,,20230215,20230103,nan,6.8378,0.5,0.15,,1.0,0.1,,恒生互联网科技业指数收益率(经汇率调整)×100%,L,被动指数型,股票型,,20230215,20230215,E,L
159652.SZ,汇添富中证细分有色金属产业主题ETF,汇添富基金管理股份有限公司,中国工商银行股份有限公司,股票型,20230116,,20230208,20221222,nan,11.3832,0.5,0.1,,1.0,0.1,,中证细分有色金属产业主题指数收益率×100%,L,被动指数型,股票型,,20230208,20230208,E,L
159666.SZ,华夏中证全指运输ETF,华夏基金管理有限公司,恒丰银行股份有限公司,股票型,20230113,,20230213,20230103,nan,9.0983,0.5,0.1,,1.0,0.1,,中证全指运输指数收益率×100%,L,被动指数型,股票型,,20230213,20230213,E,L
508098.SH,嘉实京东仓储物流REIT,嘉实基金管理有限公司,中信银行股份有限公司,REITs,20230111,,20230208,20230105,nan,5.0,nan,0.01,,1.0,0.351,,本基金暂不设立业绩比较基准,L,nan,其他型,,nan,nan,E,L
159669.SZ,国泰国证绿色电力ETF,国泰基金管理有限公司,中国邮政储蓄银行股份有限公司,股票型,20221229,,20230111,20221219,nan,2.3875,0.5,0.1,,1.0,0.1,,国证绿色电力指数收益率×100%,L,被动指数型,股票型,,20230111,20230111,E,L
562320.SH,银华沪深300价值ETF,银华基金管理股份有限公司,中国建设银行股份有限公司,股票型,20221229,,20230112,20221219,nan,3.343,0.5,0.1,,1.0,0.1,,沪深300价值指数×100%,L,被动指数型,股票型,,20230112,20230112,E,L
159656.SZ,万家沪深300成长ETF,万家基金管理有限公司,中国建设银行股份有限公司,股票型,20221228,,20230116,20221219,nan,8.8624,0.5,0.1,,1.0,0.1,,沪深300成长指数收益率×100%,L,被动指数型,股票型,,20230116,20230116,E,L
588320.SH,广发中证科创创业50增强策略ETF,广发基金管理有限公司,中信银行股份有限公司,股票型,20221228,,20230106,20221219,nan,2.3682,0.5,0.05,,1.0,0.1,,中证科创创业50指数收益率×100%,L,增强指数型,股票型,,20230106,20230106,E,L
513140.SH,华泰柏瑞中证港股通金融服务ETF(QDII),华泰柏瑞基金管理有限公司,中国农业银行股份有限公司,股票型,20221226,,20230112,20221212,nan,2.3037,0.5,0.1,,1.0,0.1,,中证港股通金融服务指数收益率(使用估值汇率折算)×100%,L,被动指数型,股票型,,20230112,20230112,E,L
159682.SZ,景顺长城创业板50ETF,景顺长城基金管理有限公司,中国农业银行股份有限公司,股票型,20221223,,20230103,20221212,nan,71.2031,0.15,0.05,,1.0,0.1,,创业板50指数收益率×100%,L,被动指数型,股票型,,20230103,20230103,E,L
159665.SZ,工银瑞信国证半导体芯片ETF,工银瑞信基金管理有限公司,招商证券股份有限公司,股票型,20221222,,20230106,20221123,nan,10.7758,0.45,0.07,,1.0,0.1,,国证半导体芯片指数收益率×100%,L,被动指数型,股票型,,20230106,20230106,E,L
561000.SH,华安沪深300增强策略ETF,华安基金管理有限公司,招商银行股份有限公司,股票型,20221221,,20230111,20221201,nan,8.3242,0.5,0.1,,1.0,0.1,,沪深300指数收益率×100%,L,增强指数型,股票型,,20230111,20230111,E,L
159681.SZ,鹏华创业板50ETF,鹏华基金管理有限公司,交通银行股份有限公司,股票型,20221221,,20230103,20221212,nan,41.0977,0.15,0.05,,1.0,0.1,,创业板50指数收益率×100%,L,被动指数型,股票型,,20230103,20230103,E,L
562010.SH,华宝中证绿色能源ETF,华宝基金管理有限公司,兴业银行股份有限公司,股票型,20221216,,20230103,20221125,nan,4.323,0.5,0.1,,1.0,0.1,,中证绿色能源指数收益率×100%,L,被动指数型,股票型,,20230103,20230103,E,L
180103.SZ,华夏杭州和达高科产业园REIT,华夏基金管理有限公司,兴业银行股份有限公司,REITs,20221216,,20221227,20221212,nan,5.0,nan,nan,,1.0,0.281,,本基金不设置业绩比较基准,L,nan,其他型,,nan,nan,E,L
159687.SZ,南方基金南方东英富时亚太精选ETF(QDII),南方基金管理股份有限公司,招商银行股份有限公司,股票型,20221216,,20221230,20221209,nan,13.6203,0.2,0.05,,1.0,0.1,,经估值汇率调整的富时亚太精选指数(FTSEAsiaPacificSelectIndex)收益率×100%,L,被动指数型,股票型,,20221230,20221230,E,L
588460.SH,鹏华上证科创板50成份增强策略ETF,鹏华基金管理有限公司,中信建投证券股份有限公司,股票型,20221201,,20230105,20221114,nan,10.5151,1.0,0.1,,1.0,0.1,,上证科创板50成份指数收益率×100%,L,增强指数型,股票型,,20230105,20230105,E,L
588370.SH,南方上证科创板50成份增强策略ETF,南方基金管理股份有限公司,中国银行股份有限公司,股票型,20221201,,20221213,20221121,nan,9.8577,0.5,0.1,,1.0,0.1,,上证科创板50成份指数收益率×100%,L,增强指数型,股票型,,20221213,20221213,E,L
561320.SH,国泰中证内地运输主题ETF,国泰基金管理有限公司,国信证券股份有限公司,股票型,20221130,,20221208,20221114,nan,8.7937,0.5,0.1,,1.0,0.1,,中证内地运输主题指数收益率×100%,L,被动指数型,股票型,,20221208,20221208,E,L
159675.SZ,嘉实创业板增强策略ETF,嘉实基金管理有限公司,中国建设银行股份有限公司,股票型,20221124,,20221202,20221114,nan,13.2385,0.5,0.1,,1.0,0.1,,创业板指数收益率×100%,L,增强指数型,股票型,,20221202,20221202,E,L
159677.SZ,银华中证1000增强策略ETF,银华基金管理股份有限公司,中国建设银行股份有限公司,股票型,20221124,,20221205,20221114,nan,12.509,0.5,0.1,,1.0,0.1,,中证1000指数收益率×100%,L,增强指数型,股票型,,20221205,20221205,E,L
561590.SH,华泰柏瑞中证1000增强策略ETF,华泰柏瑞基金管理有限公司,交通银行股份有限公司,股票型,20221123,,20221212,20221114,nan,2.99,0.7,0.1,,1.0,0.1,,中证1000指数收益率×100%,L,增强指数型,股票型,,20221212,20221212,E,L
159662.SZ,南方国证交通运输行业ETF,南方基金管理股份有限公司,中国建设银行股份有限公司,股票型,20221123,,20221201,20221114,nan,7.1761,0.5,0.1,,1.0,0.1,,国证交通运输行业指数×100%,L,被动指数型,股票型,,20221201,20221201,E,L
159680.SZ,招商中证1000增强策略ETF,招商基金管理有限公司,广发证券股份有限公司,股票型,20221118,,20221130,20221109,nan,14.6444,0.5,0.1,,1.0,0.1,,中证1000指数收益率×100%,L,增强指数型,股票型,,20221130,20221130,E,L
508077.SH,华夏基金华润有巢租赁住房REIT,华夏基金管理有限公司,上海浦东发展银行股份有限公司,REITs,20221118,,20221209,20221114,nan,5.0,nan,nan,,1.0,0.242,,本基金暂不设立业绩比较基准,L,nan,其他型,,nan,nan,E,L
560980.SH,广发中证光伏龙头30ETF,广发基金管理有限公司,中国民生银行股份有限公司,股票型,20221116,,20221129,20221107,nan,3.7052,0.5,0.1,,1.0,0.1,,中证光伏龙头30指数收益率×100%,L,被动指数型,股票型,,20221129,20221129,E,L
508009.SH,中金安徽交控高速公路REIT,中金基金管理有限公司,招商银行股份有限公司,REITs,20221111,,20221122,20221107,nan,10.0,nan,0.01,,1.0,1.088,,本基金暂不设立业绩比较基准,L,nan,其他型,,nan,nan,E,L
159627.SZ,华夏中证A100ETF,华夏基金管理有限公司,江苏银行股份有限公司,股票型,20221108,,20221130,20220908,nan,5.0312,0.5,0.1,,1.0,0.1,,中证A100指数收益率×100%,L,被动指数型,股票型,,20221130,20221130,E,L
508066.SH,华泰紫金江苏交控高速公路REIT,华泰证券(上海)资产管理有限公司,中国建设银行股份有限公司,REITs,20221103,,20221115,20221028,nan,4.0,nan,0.01,,1.0,0.764,,本基金暂不设立业绩比较基准,L,nan,其他型,,nan,nan,E,L
561180.SH,富国中证A100ETF,富国基金管理有限公司,中国建设银行股份有限公司,股票型,20221103,,20221121,20220817,nan,24.9361,0.5,0.1,,1.0,0.1,,中证A100指数收益率×100%,L,被动指数型,股票型,,20221121,20221121,E,L
513310.SH,华泰柏瑞中证韩交所中韩半导体ETF(QDII),华泰柏瑞基金管理有限公司,中国建设银行股份有限公司,股票型,20221102,,20221222,20221024,nan,3.5443,0.8,0.15,,1.0,0.1,,中证韩交所中韩半导体指数收益率×100%,L,被动指数型,股票型,,20221222,20221222,E,L
501222.SH,易方达如意招享混合(FOF-LOF)-A,易方达基金管理有限公司,招商银行股份有限公司,混合型,20221101,,20230201,20220805,nan,7.4701,0.6,0.15,,1.0,0.1,,中证债券型基金指数收益率×85%+中证偏股型基金指数收益率×10%+活期存款基准利率×5%,L,混合型,混合型,,20231101,20231101,E,L
588350.SH,鹏扬中证科创创业50ETF,鹏扬基金管理有限公司,中国农业银行股份有限公司,股票型,20221026,,20221110,20221011,nan,4.9055,0.5,0.1,,1.0,0.1,,中证科创创业50指数收益率×100%,L,被动指数型,股票型,,20221110,20221110,E,L
159630.SZ,汇添富中证A100ETF,汇添富基金管理股份有限公司,中国工商银行股份有限公司,股票型,20221020,,20221101,20220910,nan,10.4511,0.15,0.05,,1.0,0.1,,中证A100指数收益率×100%,L,被动指数型,股票型,,20221101,20221101,E,L
561330.SH,国泰中证有色金属矿业主题ETF,国泰基金管理有限公司,国泰海通证券股份有限公司,股票型,20221019,,20221101,20220921,nan,5.087,0.5,0.1,,1.0,0.1,,中证有色金属矿业主题指数收益率×100%,L,被动指数型,股票型,,20221101,20221101,E,L
560680.SH,广发中证主要消费ETF,广发基金管理有限公司,华泰证券股份有限公司,股票型,20221019,,20221031,20220919,nan,2.9323,0.5,0.1,,1.0,0.1,,中证主要消费指数×100%,L,被动指数型,股票型,,20221031,20221031,E,L
159655.SZ,华夏标普500ETF(QDII),华夏基金管理有限公司,招商银行股份有限公司,股票型,20221012,,20221025,20220830,nan,2.0514,0.6,0.15,,1.0,0.1,,经估值汇率调整后的标普500指数收益率×100%,L,被动指数型,股票型,,20221025,20221025,E,L
159663.SZ,华夏中证机床ETF,华夏基金管理有限公司,中国光大银行股份有限公司,股票型,20221012,,20221026,20220923,nan,5.1852,0.5,0.1,,1.0,0.1,,中证机床指数收益率×100%,L,被动指数型,股票型,,20221026,20221026,E,L
159667.SZ,国泰中证机床ETF,国泰基金管理有限公司,中国邮政储蓄银行股份有限公司,股票型,20221012,,20221026,20220926,nan,12.1802,0.5,0.1,,1.0,0.1,,中证机床指数收益率×100%,L,被动指数型,股票型,,20221026,20221026,E,L
588290.SH,华安上证科创板芯片ETF,华安基金管理有限公司,华泰证券股份有限公司,股票型,20220930,,20221026,20220923,nan,3.614,0.15,0.05,,1.0,0.1,,上证科创板芯片指数收益率×100%,L,被动指数型,股票型,,20221026,20221026,E,L
588010.SH,博时上证科创板新材料ETF,博时基金管理有限公司,招商银行股份有限公司,股票型,20220930,,20221026,20220923,nan,4.3293,0.5,0.1,,1.0,0.1,,上证科创板新材料指数收益率×100%,L,被动指数型,股票型,,20221026,20221026,E,L
588160.SH,南方上证科创板新材料ETF,南方基金管理股份有限公司,中国邮政储蓄银行股份有限公司,股票型,20220930,,20221026,20220923,nan,6.91,0.5,0.1,,1.0,0.1,,上证科创板新材料指数×100%,L,被动指数型,股票型,,20221026,20221026,E,L
588200.SH,嘉实上证科创板芯片ETF,嘉实基金管理有限公司,中信证券股份有限公司,股票型,20220930,,20221026,20220923,nan,3.6689,0.5,0.1,,1.0,0.1,,上证科创板芯片指数收益率×100%,L,被动指数型,股票型,,20221026,20221026,E,L
159658.SZ,华安中证数字经济主题ETF,华安基金管理有限公司,华泰证券股份有限公司,股票型,20220927,,20221012,20220913,nan,15.3839,0.5,0.1,,1.0,0.1,,中证数字经济主题指数收益率×100%,L,被动指数型,股票型,,20221012,20221012,E,L
560080.SH,汇添富中证中药ETF,汇添富基金管理股份有限公司,中国建设银行股份有限公司,股票型,20220926,,20221017,20220719,nan,4.3027,0.5,0.1,,1.0,0.1,,中证中药指数收益率×100%,L,被动指数型,股票型,,20221017,20221017,E,L
508088.SH,国泰海通东久新经济产业园REIT,上海国泰海通证券资产管理有限公司,中国银行股份有限公司,REITs,20220923,,20221014,20220920,nan,5.0,nan,0.02,,1.0,0.304,,本基金暂不设业绩比较基准,L,nan,其他型,,nan,nan,E,L
508021.SH,国泰海通临港创新智造产业园REIT,上海国泰海通证券资产管理有限公司,中国银行股份有限公司,REITs,20220922,,20221013,20220919,nan,2.0,nan,0.02,,1.0,0.412,,本基金暂不设业绩比较基准,L,nan,其他型,,nan,nan,E,L
180102.SZ,华夏合肥高新创新产业园REIT,华夏基金管理有限公司,中国工商银行股份有限公司,REITs,20220920,,20221010,20220914,nan,7.0,nan,0.02,,1.0,0.219,,本基金不设置业绩比较基准,L,nan,其他型,,nan,nan,E,L
159645.SZ,富国国证疫苗与生物科技ETF,富国基金管理有限公司,平安银行股份有限公司,股票型,20220916,,20220926,20220901,nan,10.5954,0.5,0.1,,1.0,0.1,,国证疫苗与生物科技指数收益率×100%,L,被动指数型,股票型,,20220926,20220926,E,L
511580.SH,招商中证国债及政策性金融债0-3年ETF,招商基金管理有限公司,江苏银行股份有限公司,债券型,20220915,,20221214,20220829,nan,4.0288,0.15,0.05,,1.0,0.1,,中证国债及政策性金融债0-3年指数收益率×100%,L,被动指数型,债券型,,20221214,20221214,E,L
159651.SZ,平安中债-0-3年国开行债券ETF,平安基金管理有限公司,平安银行股份有限公司,债券型,20220901,,20221116,20220815,nan,6.8266,0.15,0.05,,1.0,0.1,,中债-0-3年国开行债券指数×100%,L,被动指数型,债券型,,20221116,20221116,E,L
562310.SH,银华沪深300成长ETF,银华基金管理股份有限公司,中国建设银行股份有限公司,股票型,20220901,,20220909,20220824,nan,59.9857,0.5,0.1,,1.0,0.1,,沪深300成长指数收益率×100%,L,被动指数型,股票型,,20220909,20220909,E,L
513260.SH,汇添富恒生科技ETF(QDII),汇添富基金管理股份有限公司,招商银行股份有限公司,股票型,20220831,,20220913,20220527,nan,2.4324,0.15,0.05,,1.0,0.1,,经人民币汇率调整的恒生科技指数收益率×100%,L,被动指数型,股票型,,20220913,20220913,E,L
159621.SZ,国泰MSCI中国A股ESG通用ETF,国泰基金管理有限公司,中信银行股份有限公司,股票型,20220830,,20220909,20220524,nan,9.8943,0.5,0.1,,1.0,0.1,,MSCI中国A股人民币ESG通用指数收益率×100%,L,被动指数型,股票型,,20220909,20220909,E,L
159650.SZ,博时中债0-3年国开行债券ETF,博时基金管理有限公司,杭州银行股份有限公司,债券型,20220826,,20221028,20220801,nan,73.6986,0.15,0.05,,1.0,0.1,,中债-0-3年国开行债券指数收益率×100%,L,被动指数型,债券型,,20221028,20221028,E,L
180501.SZ,红土创新深圳安居保障性租赁住房REIT,红土创新基金管理有限公司,招商银行股份有限公司,REITs,20220822,,20220831,20220816,nan,5.0,nan,0.01,,1.0,0.248,,本基金暂不设立业绩比较基准,L,nan,其他型,,nan,nan,E,L
508058.SH,中金厦门安居保障性租赁住房REIT,中金基金管理有限公司,兴业银行股份有限公司,REITs,20220822,,20220831,20220816,nan,5.0,nan,0.01,,1.0,0.26,,本基金暂不设立业绩比较基准,L,nan,其他型,,nan,nan,E,L
508068.SH,华夏北京保障房中心租赁住房REIT,华夏基金管理有限公司,中国建设银行股份有限公司,REITs,20220822,,20220831,20220816,nan,5.0,nan,0.01,,1.0,0.251,,本基金暂不设立业绩比较基准,L,nan,其他型,,nan,nan,E,L
159637.SZ,东财中证新能源汽车ETF,东财基金管理有限公司,广发证券股份有限公司,股票型,20220819,,20220901,20220801,nan,6.9677,0.5,0.05,,1.0,0.1,,中证新能源汽车指数收益率×100%,L,被动指数型,股票型,,20220901,20220901,E,L
511520.SH,富国中债7-10年政策性金融债ETF,富国基金管理有限公司,兴业银行股份有限公司,债券型,20220819,,20221025,20220803,nan,78.4865,0.15,0.05,,1.0,0.1,,中债7-10年政策性金融债指数×100%,L,被动指数型,债券型,,20221025,20221025,E,L
159631.SZ,招商中证A100ETF,招商基金管理有限公司,中信证券股份有限公司,股票型,20220818,,20220826,20220801,nan,10.2533,0.5,0.1,,1.0,0.1,,中证A100指数收益率×100%,L,被动指数型,股票型,,20220826,20220826,E,L
159623.SZ,博时中证成渝地区双城经济圈成份ETF,博时基金管理有限公司,招商银行股份有限公司,股票型,20220815,,20220909,20220510,nan,36.8927,0.15,0.05,,1.0,0.1,,中证成渝地区双城经济圈成份指数收益率×100%,L,被动指数型,股票型,,20220909,20220909,E,L
513290.SH,汇添富纳斯达克生物科技ETF(QDII),汇添富基金管理股份有限公司,中国银行股份有限公司,股票型,20220815,,20220829,20220527,nan,2.8207,0.5,0.15,,1.0,0.1,,经人民币汇率调整的纳斯达克生物科技指数收益率×100%,L,被动指数型,股票型,,20220829,20220829,E,L
159643.SZ,国泰国证疫苗与生物科技ETF,国泰基金管理有限公司,杭州银行股份有限公司,股票型,20220810,,20220822,20220725,nan,3.9539,0.5,0.1,,1.0,0.1,,国证疫苗与生物科技指数收益率×100%,L,被动指数型,股票型,,20220822,20220822,E,L
159649.SZ,华安中债1-5年国开行债券ETF,华安基金管理有限公司,上海浦东发展银行股份有限公司,债券型,20220808,,20221024,20220801,nan,80.0017,0.15,0.05,,1.0,0.1,,中债-1-5年国开行债券指数×100%,L,被动指数型,债券型,,20221024,20221024,E,L
159638.SZ,嘉实中证智选航空航天科技ETF,嘉实基金管理有限公司,兴业银行股份有限公司,股票型,20220805,,20220812,20220718,nan,33.0934,0.5,0.1,,1.0,0.1,,中证智选航空航天科技指数收益率×100%,L,被动指数型,股票型,,20220812,20220812,E,L
560110.SH,汇添富中证1000ETF,汇添富基金管理股份有限公司,中信银行股份有限公司,股票型,20220729,,20220808,20220722,nan,36.349,0.15,0.05,,1.0,0.1,,中证1000指数收益率×100%,L,被动指数型,股票型,,20220808,20220808,E,L
159633.SZ,易方达中证1000ETF,易方达基金管理有限公司,国泰海通证券股份有限公司,股票型,20220728,,20220804,20220722,nan,79.2439,0.15,0.05,,1.0,0.1,,中证1000指数收益率×100%,L,被动指数型,股票型,,20220804,20220804,E,L
562530.SH,华夏中证智选1000价值稳健策略ETF,华夏基金管理有限公司,中国农业银行股份有限公司,股票型,20220728,,20220812,20220718,nan,2.2914,0.5,0.1,,1.0,0.1,,中证智选1000价值稳健策略指数收益率×100%,L,被动指数型,股票型,,20220812,20220812,E,L
560010.SH,广发中证1000ETF,广发基金管理有限公司,中国工商银行股份有限公司,股票型,20220728,,20220804,20220722,nan,79.9674,0.15,0.05,,1.0,0.1,,中证1000指数收益率×100%,L,被动指数型,股票型,,20220804,20220804,E,L
159629.SZ,富国中证1000ETF,富国基金管理有限公司,中国银行股份有限公司,股票型,20220727,,20220803,20220722,nan,79.4957,0.15,0.05,,1.0,0.1,,中证1000指数收益率×100%,L,被动指数型,股票型,,20220803,20220803,E,L
561510.SH,华泰柏瑞中证中药ETF,华泰柏瑞基金管理有限公司,中国农业银行股份有限公司,股票型,20220726,,20220804,20220711,nan,7.7321,0.5,0.1,,1.0,0.1,,中证中药指数收益率×100%,L,被动指数型,股票型,,20220804,20220804,E,L
159632.SZ,华安纳斯达克100ETF(QDII),华安基金管理有限公司,中国建设银行股份有限公司,股票型,20220721,,20220803,20220613,nan,2.6972,0.6,0.2,,1.0,0.1,,纳斯达克100指数收益率(经估值汇率调整)×100%,L,被动指数型,股票型,,20220803,20220803,E,L
562000.SH,华宝中证A100ETF,华宝基金管理有限公司,中国建设银行股份有限公司,股票型,20220721,,20220801,20220701,nan,7.2037,0.5,0.1,,1.0,0.1,,中证A100指数收益率×100%,L,被动指数型,股票型,,20220801,20220801,E,L
159616.SZ,建信中证农牧主题ETF,建信基金管理有限责任公司,中国国际金融股份有限公司,股票型,20220721,,20220808,20220606,nan,2.6856,0.5,0.1,,1.0,0.1,,中证农牧主题指数收益率×100%,L,被动指数型,股票型,,20220808,20220808,E,L
159647.SZ,鹏华中证中药ETF,鹏华基金管理有限公司,中信证券股份有限公司,股票型,20220720,,20220728,20220711,nan,9.4696,0.5,0.1,,1.0,0.1,,中证中药指数收益率×100%,L,被动指数型,股票型,,20220728,20220728,E,L
562390.SH,银华中证中药ETF,银华基金管理股份有限公司,中国工商银行股份有限公司,股票型,20220720,,20220728,20220711,nan,4.1343,0.5,0.1,,1.0,0.1,,中证中药指数收益率×100%,L,被动指数型,股票型,,nan,nan,E,L
501220.SH,国泰行业轮动股票(FOF-LOF)-A,国泰基金管理有限公司,中信建投证券股份有限公司,股票型,20220719,,20220815,20220429,nan,2.2496,1.0,0.2,,1.0,0.1,,沪深300指数收益率×80%+中证综合债指数收益率×20%,L,股票型,股票型,,20230719,20230719,E,L
159620.SZ,华夏中证智选500成长创新策略ETF,华夏基金管理有限公司,中国建设银行股份有限公司,股票型,20220719,,20220805,20220623,nan,2.5414,0.5,0.1,,1.0,0.1,,中证智选500成长创新策略指数收益率×100%,L,被动指数型,股票型,,20220805,20220805,E,L
159641.SZ,招商中证上海环交所碳中和ETF,招商基金管理有限公司,中信证券股份有限公司,股票型,20220714,,20220722,20220704,nan,11.7972,0.5,0.1,,1.0,0.1,,中证上海环交所碳中和指数收益率×100%,L,被动指数型,股票型,,20220722,20220722,E,L
159642.SZ,大成中证上海环交所碳中和ETF,大成基金管理有限公司,招商银行股份有限公司,股票型,20220713,,20220721,20220704,nan,5.5144,0.5,0.1,,1.0,0.1,,中证上海环交所碳中和指数收益率×100%,L,被动指数型,股票型,,20220721,20220721,E,L
159640.SZ,工银瑞信中证上海环交所碳中和ETF,工银瑞信基金管理有限公司,国信证券股份有限公司,股票型,20220713,,20220721,20220704,nan,9.5385,0.45,0.1,,1.0,0.1,,中证上海环交所碳中和指数收益率×100%,L,被动指数型,股票型,,20220721,20220721,E,L
560060.SH,汇添富中证上海环交所碳中和ETF,汇添富基金管理股份有限公司,招商银行股份有限公司,股票型,20220713,,20220721,20220704,nan,10.9709,0.5,0.1,,1.0,0.1,,中证上海环交所碳中和指数收益率×100%,L,被动指数型,股票型,,20220721,20220721,E,L
180401.SZ,鹏华深圳能源清洁能源REIT,鹏华基金管理有限公司,招商银行股份有限公司,REITs,20220711,,20220726,20220705,nan,6.0,nan,0.01,,1.0,0.59,,本基金暂不设立业绩比较基准,L,nan,其他型,,nan,nan,E,L
562990.SH,易方达中证上海环交所碳中和ETF,易方达基金管理有限公司,中国工商银行股份有限公司,股票型,20220711,,20220719,20220704,nan,42.7376,0.5,0.1,,1.0,0.1,,中证上海环交所碳中和指数收益率×100%,L,被动指数型,股票型,,20220719,20220719,E,L
561190.SH,富国中证上海环交所碳中和ETF,富国基金管理有限公司,中国建设银行股份有限公司,股票型,20220711,,20220719,20220704,nan,29.3932,0.5,0.1,,1.0,0.1,,中证上海环交所碳中和指数收益率×100%,L,被动指数型,股票型,,20220719,20220719,E,L
159639.SZ,南方中证上海环交所碳中和ETF,南方基金管理股份有限公司,中国建设银行股份有限公司,股票型,20220711,,20220719,20220704,nan,32.6529,0.5,0.1,,1.0,0.1,,中证上海环交所碳中和指数收益率×100%,L,被动指数型,股票型,,20220719,20220719,E,L
560550.SH,广发中证上海环交所碳中和ETF,广发基金管理有限公司,招商银行股份有限公司,股票型,20220711,,20220719,20220704,nan,21.576,0.5,0.1,,1.0,0.1,,中证上海环交所碳中和指数收益率×100%,L,被动指数型,股票型,,20220719,20220719,E,L
513280.SH,汇添富恒生生物科技ETF(QDII),汇添富基金管理股份有限公司,中国农业银行股份有限公司,股票型,20220705,,20220718,20220527,nan,3.0311,0.15,0.05,,1.0,0.1,,经人民币汇率调整的恒生生物科技指数收益率×100%,L,被动指数型,股票型,,20220718,20220718,E,L
513220.SH,招商中证全球中国互联网ETF(QDII),招商基金管理有限公司,中国建设银行股份有限公司,股票型,20220704,,20220715,20220527,nan,2.5011,0.5,0.15,,1.0,0.1,,中证全球中国互联网指数(人民币)收益率×100%,L,被动指数型,股票型,,20220715,20220715,E,L
561700.SH,博时中证全指电力公用事业ETF,博时基金管理有限公司,华泰证券股份有限公司,股票型,20220701,,20220715,20220613,nan,6.2581,0.5,0.1,,1.0,0.1,,中证全指电力公用事业指数收益率×100%,L,被动指数型,股票型,,20220715,20220715,E,L
513120.SH,广发中证香港创新药ETF(QDII),广发基金管理有限公司,交通银行股份有限公司,股票型,20220701,,20220712,20220613,nan,3.0014,0.5,0.1,,1.0,0.1,,中证香港创新药指数收益率×100%,L,被动指数型,股票型,,20220712,20220712,E,L
562350.SH,银华中证全指电力公用事业ETF,银华基金管理股份有限公司,招商银行股份有限公司,股票型,20220630,,20220712,20220617,nan,3.3241,0.5,0.1,,1.0,0.1,,中证全指电力公用事业指数收益率×100%,L,被动指数型,股票型,,20220712,20220712,E,L
159636.SZ,工银瑞信国证港股通科技ETF,工银瑞信基金管理有限公司,中信建投证券股份有限公司,股票型,20220630,,20220720,20220617,nan,9.9725,0.45,0.07,,1.0,0.1,,经汇率调整后的国证港股通科技指数收益率×100%,L,被动指数型,股票型,,20220720,20220720,E,L
561160.SH,富国中证电池主题ETF,富国基金管理有限公司,中国农业银行股份有限公司,股票型,20220630,,20220708,20220614,nan,14.4684,0.15,0.05,,1.0,0.1,,中证电池主题指数收益率×100%,L,被动指数型,股票型,,20220708,20220708,E,L
159628.SZ,万家国证2000ETF,万家基金管理有限公司,中国工商银行股份有限公司,股票型,20220629,,20220718,20220614,nan,8.4528,0.5,0.1,,1.0,0.1,,国证2000指数收益率×100%,L,被动指数型,股票型,,20220718,20220718,E,L
159635.SZ,华夏中证基建ETF,华夏基金管理有限公司,中国工商银行股份有限公司,股票型,20220628,,20220712,20220606,nan,10.7085,0.5,0.1,,1.0,0.1,,中证基建指数收益率×100%,L,被动指数型,股票型,,20220712,20220712,E,L
508008.SH,国金铁建重庆渝遂高速公路REIT,国金基金管理有限公司,招商银行股份有限公司,REITs,20220627,,20220708,20220621,nan,5.0,nan,0.01,,1.0,0.959,,本基金暂不设业绩比较基准,L,nan,其他型,,nan,nan,E,L
159615.SZ,南方恒生生物科技ETF(QDII),南方基金管理股份有限公司,中国农业银行股份有限公司,股票型,20220617,,20220628,20220606,nan,11.0905,0.5,0.15,,1.0,0.1,,经估值汇率调整后的恒生生物科技指数收益率×100%,L,被动指数型,股票型,,20220628,20220628,E,L
159609.SZ,浦银中证光伏产业ETF,浦银基金管理有限公司,国泰海通证券股份有限公司,股票型,20220616,,20220708,20220329,nan,4.399,0.5,0.1,,1.0,0.1,,中证光伏产业指数收益率×100%,L,被动指数型,股票型,,20220708,20220708,E,L
560990.SH,中金中证科技先锋ETF,中金基金管理有限公司,上海浦东发展银行股份有限公司,股票型,20220610,,20220627,20220418,nan,3.8819,0.5,0.05,,1.0,0.1,,中证科技先锋指数收益率×100%,L,被动指数型,股票型,,20220627,20220627,E,L
159617.SZ,华夏中证智选500价值稳健策略ETF,华夏基金管理有限公司,中国农业银行股份有限公司,股票型,20220609,,20220630,20220523,nan,10.8142,0.5,0.1,,1.0,0.1,,中证智选500价值稳健策略指数收益率×100%,L,被动指数型,股票型,,20220630,20220630,E,L
162721.SZ,广发积极优势混合(FOF-LOF)-A,广发基金管理有限公司,上海浦东发展银行股份有限公司,混合型,20220609,,20220809,20220328,nan,3.9615,1.0,0.2,,1.0,0.1,,中证800指数收益率×70%+人民币计价的恒生指数收益率×5%+中债-综合全价(总值)指数收益率×25%,L,混合型,混合型,,20230609,20230609,E,L
161730.SZ,招商智星稳健配置混合(FOF-LOF)-A,招商基金管理有限公司,中国银行股份有限公司,混合型,20220608,,nan,20220329,nan,2.2523,0.2,0.05,,1.0,0.1,,中债综合(全价)指数收益率×85%+沪深300指数收益率×15%,L,nan,混合型,,20230608,20230608,E,L
159603.SZ,天弘中证科创创业50ETF,天弘基金管理有限公司,国泰海通证券股份有限公司,股票型,20220526,,20220608,20220329,nan,3.2407,0.5,0.1,,1.0,0.1,,中证科创创业50指数收益率×100%,L,被动指数型,股票型,,20220608,20220608,E,L
560900.SH,摩根中证创新药产业ETF,摩根基金管理(中国)有限公司,中信建投证券股份有限公司,股票型,20220519,,20220602,20220509,nan,2.0897,0.3,0.1,,1.0,0.1,,中证创新药产业指数收益率×100%,L,被动指数型,股票型,,20220602,20220602,E,L
588100.SH,嘉实上证科创板新一代信息技术ETF,嘉实基金管理有限公司,中信建投证券股份有限公司,股票型,20220518,,20220527,20220509,nan,13.9725,0.5,0.1,,1.0,0.1,,上证科创板新一代信息技术指数收益率×100%,L,被动指数型,股票型,,20220527,20220527,E,L
588260.SH,华安上证科创板新一代信息技术ETF,华安基金管理有限公司,光大证券股份有限公司,股票型,20220518,,20220527,20220509,nan,5.9875,0.15,0.05,,1.0,0.1,,上证科创板新一代信息技术指数收益率×100%,L,被动指数型,股票型,,20220527,20220527,E,L
159612.SZ,国泰标普500ETF(QDII),国泰基金管理有限公司,招商银行股份有限公司,股票型,20220509,,20220520,20220418,nan,2.479,0.6,0.15,,1.0,0.1,,标普500指数收益率×100%,L,被动指数型,股票型,,20220520,20220520,E,L
517990.SH,招商中证沪港深500医药卫生ETF,招商基金管理有限公司,华泰证券股份有限公司,股票型,20220509,,20220519,20220209,nan,2.2599,0.5,0.1,,1.0,0.1,,中证沪港深500医药卫生指数(人民币)收益率×100%,L,被动指数型,股票型,,20220519,20220519,E,L
159797.SZ,汇添富中证全指医疗器械ETF,汇添富基金管理股份有限公司,中国农业银行股份有限公司,股票型,20220428,,20220516,20220128,nan,2.8499,0.15,0.05,,1.0,0.1,,中证全指医疗器械指数收益率×100%,L,被动指数型,股票型,,20220516,20220516,E,L
159798.SZ,易方达中证消费50ETF,易方达基金管理有限公司,中国建设银行股份有限公司,股票型,20220428,,20220511,20220329,nan,3.2725,0.5,0.1,,1.0,0.1,,中证消费50指数收益率×100%,L,被动指数型,股票型,,20220511,20220511,E,L
517850.SH,汇添富中证沪港深张江自主创新50ETF,汇添富基金管理股份有限公司,上海浦东发展银行股份有限公司,股票型,20220428,,20220516,20220130,nan,11.8219,0.15,0.05,,1.0,0.1,,中证沪港深张江自主创新50指数收益率×100%,L,被动指数型,股票型,,20220516,20220516,E,L
513380.SH,广发恒生科技ETF(QDII),广发基金管理有限公司,中信银行股份有限公司,股票型,20220427,,20220512,20220418,nan,2.1889,0.5,0.1,,1.0,0.1,,同期恒生科技指数收益率(人民币计价)×100%,L,被动指数型,股票型,,20220512,20220512,E,L
561560.SH,华泰柏瑞中证全指电力公用事业ETF,华泰柏瑞基金管理有限公司,中国农业银行股份有限公司,股票型,20220426,,20220516,20220408,nan,4.0912,0.5,0.1,,1.0,0.1,,中证全指电力公用事业指数收益率×100%,L,被动指数型,股票型,,20220516,20220516,E,L
159625.SZ,嘉实国证绿色电力ETF,嘉实基金管理有限公司,华泰证券股份有限公司,股票型,20220421,,20220429,20220406,nan,10.5411,0.5,0.1,,1.0,0.1,,国证绿色电力指数收益率×100%,L,被动指数型,股票型,,20220429,20220429,E,L
508018.SH,华夏中国交建高速公路REIT,华夏基金管理有限公司,中国农业银行股份有限公司,REITs,20220413,,20220428,20220407,nan,10.0,nan,0.01,,1.0,0.94,,本基金暂不设业绩比较基准,L,nan,其他型,,nan,nan,E,L
159618.SZ,华安中证光伏产业ETF,华安基金管理有限公司,中国建设银行股份有限公司,股票型,20220408,,20220422,20220207,nan,4.0013,0.5,0.1,,1.0,0.1,,中证光伏产业指数收益率×100%,L,被动指数型,股票型,,20220422,20220422,E,L
513530.SH,华泰柏瑞中证港股通高股息投资ETF(QDII),华泰柏瑞基金管理有限公司,交通银行股份有限公司,股票型,20220408,,20220425,20220224,nan,3.0394,0.5,0.1,,1.0,0.1,,中证港股通高股息投资指数收益率×100%,L,被动指数型,股票型,,20220425,20220425,E,L
501217.SH,华夏行业配置股票(FOF-LOF)-A,华夏基金管理有限公司,中国建设银行股份有限公司,股票型,20220408,,20220425,20220307,nan,2.4225,0.8,0.2,,1.0,0.1,,沪深300指数收益率×90%+恒生指数收益率(使用估值汇率折算)×5%+中债综合(全价)指数收益率×5%,L,股票型,股票型,,20230410,20230410,E,L
560880.SH,广发中证全指家用电器ETF,广发基金管理有限公司,中国银行股份有限公司,股票型,20220330,,20220412,20220321,nan,6.8273,0.5,0.1,,1.0,0.1,,中证全指家用电器指数收益率×100%,L,被动指数型,股票型,,20220412,20220412,E,L
159831.SZ,嘉实上海金ETF,嘉实基金管理有限公司,交通银行股份有限公司,其他,20220323,,20220407,20211228,nan,3.7116,0.5,0.1,,1.0,0.1,,上海黄金交易所上海金集中定价合约的午盘基准价格收益率×100%,L,黄金现货合约,其他型,,20220407,20220407,E,L
161133.SZ,易方达优势回报混合(FOF-LOF)-A,易方达基金管理有限公司,平安银行股份有限公司,混合型,20220323,,20220622,20220307,nan,5.9123,1.0,0.15,,1.0,0.1,,中证800指数收益率×75%+中债新综合指数(财富)收益率×25%,L,混合型,混合型,,20230323,20230323,E,L
517900.SH,招商中证银行AH价格优选ETF,招商基金管理有限公司,交通银行股份有限公司,股票型,20220315,,20220325,20211210,nan,2.8299,0.5,0.1,,1.0,0.1,,中证银行AH价格优选指数(人民币)×100%,L,被动指数型,股票型,,20220325,20220325,E,L
513070.SH,易方达中证港股通消费主题ETF,易方达基金管理有限公司,招商银行股份有限公司,股票型,20220314,,20220324,20211210,nan,2.0076,0.15,0.05,,1.0,0.1,,中证港股通消费主题指数收益率(使用估值汇率折算)×100%,L,被动指数型,股票型,,20220324,20220324,E,L
562520.SH,华夏中证智选1000成长创新策略ETF,华夏基金管理有限公司,中国农业银行股份有限公司,股票型,20220308,,20220322,20220221,nan,3.1257,0.5,0.1,,1.0,0.1,,中证智选1000成长创新策略指数收益率×100%,L,被动指数型,股票型,,20220322,20220322,E,L
159776.SZ,银华中证港股通医药卫生综合ETF,银华基金管理股份有限公司,招商银行股份有限公司,股票型,20220307,,20220325,20211203,nan,2.3497,0.5,0.1,,1.0,0.1,,中证港股通医药卫生综合指数收益率(经估值汇率调整)×100%,L,被动指数型,股票型,,20220325,20220325,E,L
159787.SZ,易方达中证全指建筑材料ETF,易方达基金管理有限公司,中国建设银行股份有限公司,股票型,20220304,,20220315,20211202,nan,2.4052,0.15,0.05,,1.0,0.1,,中证全指建筑材料指数收益率×100%,L,被动指数型,股票型,,20220315,20220315,E,L
513320.SH,易方达恒生港股通新经济ETF,易方达基金管理有限公司,招商银行股份有限公司,股票型,20220303,,20220321,20220211,nan,2.2601,0.5,0.1,,1.0,0.1,,恒生港股通新经济指数收益率(使用估值汇率折算)×100%,L,被动指数型,股票型,,20220321,20220321,E,L
159796.SZ,汇添富中证电池主题ETF,汇添富基金管理股份有限公司,中国银行股份有限公司,股票型,20220303,,20220314,20220118,nan,3.7947,0.15,0.05,,1.0,0.1,,中证电池主题指数收益率×100%,L,被动指数型,股票型,,20220314,20220314,E,L
159834.SZ,南方上海金ETF,南方基金管理股份有限公司,中国工商银行股份有限公司,其他,20220303,,20220316,20211220,nan,4.6517,0.15,0.05,,1.0,0.1,,上海金集中定价合约的午盘基准价格收益率×100%,L,黄金现货合约,其他型,,20220316,20220316,E,L
159791.SZ,华夏沪深300ESG基准ETF,华夏基金管理有限公司,中国建设银行股份有限公司,股票型,20220224,,20220308,20220119,nan,2.9108,0.5,0.1,,1.0,0.1,,沪深300ESG基准指数收益率×100%,L,被动指数型,股票型,,20220308,20220308,E,L
159788.SZ,易方达中证港股通中国100ETF,易方达基金管理有限公司,招商银行股份有限公司,股票型,20220222,,20220302,20211202,nan,2.5443,0.15,0.05,,1.0,0.1,,中证港股通中国100指数(使用估值汇率折算)收益率×100%,L,被动指数型,股票型,,20220302,20220302,E,L
506009.SH,国泰科创板两年定开混合,国泰基金管理有限公司,中国建设银行股份有限公司,混合型,20220218,,nan,20211117,nan,2.1329,1.2,0.2,,1.0,0.1,,上证科创板50成份指数收益率×70%+中证港股通综合指数(人民币)收益率×5%+中债综合指数收益率×25%,L,nan,混合型,,20240219,20240219,E,L
513770.SH,华宝中证港股通互联网ETF,华宝基金管理有限公司,中国工商银行股份有限公司,股票型,20220209,,20220218,20220117,nan,6.0657,0.5,0.1,,1.0,0.1,,中证港股通互联网指数收益率×100%,L,被动指数型,股票型,,20220218,20220218,E,L
159619.SZ,国泰中证基建ETF,国泰基金管理有限公司,中信建投证券股份有限公司,股票型,20220209,,20220218,20220125,nan,3.5898,0.5,0.1,,1.0,0.1,,中证基建指数收益率×100%,L,被动指数型,股票型,,20220218,20220218,E,L
159795.SZ,汇添富中证智能汽车主题ETF,汇添富基金管理股份有限公司,平安银行股份有限公司,股票型,20220127,,20220214,20211227,nan,3.2617,0.15,0.05,,1.0,0.1,,中证智能汽车主题指数×100%,L,被动指数型,股票型,,20220214,20220214,E,L
159768.SZ,银华中证内地地产主题ETF,银华基金管理股份有限公司,中国建设银行股份有限公司,股票型,20220127,,20220216,20211116,nan,2.5995,0.5,0.1,,1.0,0.1,,中证内地地产主题指数收益率×100%,L,被动指数型,股票型,,20220216,20220216,E,L
560100.SH,南方中证500增强策略ETF,南方基金管理股份有限公司,中国工商银行股份有限公司,股票型,20220126,,20220216,20220107,nan,7.4658,0.5,0.05,,1.0,0.1,,中证500指数收益率×100%,L,增强指数型,股票型,,20220216,20220216,E,L
159750.SZ,招商中证香港科技ETF(QDII),招商基金管理有限公司,中国银行股份有限公司,股票型,20220126,,20220214,20211105,nan,2.2362,0.5,0.15,,1.0,0.1,,中证香港科技指数收益率(经汇率调整后)×100%,L,被动指数型,股票型,,20220214,20220214,E,L
561120.SH,富国中证全指家用电器ETF,富国基金管理有限公司,交通银行股份有限公司,股票型,20220125,,20220215,20211111,nan,3.2666,0.5,0.1,,1.0,0.1,,中证全指家用电器指数×100%,L,被动指数型,股票型,,20220215,20220215,E,L
159778.SZ,鹏华中证工业互联网主题ETF,鹏华基金管理有限公司,中信证券股份有限公司,股票型,20220125,,20220217,20211201,nan,2.9151,0.5,0.1,,1.0,0.1,,中证工业互联网主题指数收益率×100%,L,被动指数型,股票型,,20220217,20220217,E,L
513150.SH,华泰柏瑞中证港股通科技ETF,华泰柏瑞基金管理有限公司,中国银行股份有限公司,股票型,20220125,,20220211,20211105,nan,2.5456,0.5,0.1,,1.0,0.1,,中证港股通科技指数收益率(使用估值汇率折算)×100%,L,被动指数型,股票型,,20220211,20220211,E,L
561100.SH,富国中证消费电子主题ETF,富国基金管理有限公司,交通银行股份有限公司,股票型,20220120,,20220208,20211021,nan,3.0675,0.5,0.1,,1.0,0.1,,中证消费电子主题指数收益率×100%,L,被动指数型,股票型,,20220208,20220208,E,L
517550.SH,招商中证沪港深消费龙头ETF,招商基金管理有限公司,国信证券股份有限公司,股票型,20220120,,20220208,20220104,nan,2.2142,0.5,0.1,,1.0,0.1,,中证沪港深消费龙头指数(人民币)收益率×100%,L,被动指数型,股票型,,20220207,20220208,E,L
513020.SH,国泰中证港股通科技ETF,国泰基金管理有限公司,招商银行股份有限公司,股票型,20220119,,20220208,20211105,nan,2.0215,0.5,0.1,,1.0,0.1,,中证港股通科技指数(经估值汇率调整)收益率×100%,L,被动指数型,股票型,,20220208,20220208,E,L
513200.SH,易方达中证港股通医药卫生综合ETF,易方达基金管理有限公司,中国光大银行股份有限公司,股票型,20220119,,20220211,20211021,nan,2.3428,0.15,0.05,,1.0,0.1,,中证港股通医药卫生综合指数收益率(使用估值汇率折算)×100%,L,被动指数型,股票型,,20220211,20220211,E,L
159613.SZ,嘉实中证信息安全主题ETF,嘉实基金管理有限公司,中国建设银行股份有限公司,股票型,20220119,,20220127,20220110,nan,4.3959,0.5,0.1,,1.0,0.1,,中证信息安全主题指数收益率×100%,L,被动指数型,股票型,,20220127,20220127,E,L
159738.SZ,华泰柏瑞中证沪港深云计算产业ETF,华泰柏瑞基金管理有限公司,中国建设银行股份有限公司,股票型,20220118,,20220128,20211022,nan,3.1699,0.5,0.1,,1.0,0.1,,中证沪港深云计算产业指数收益率×100%,L,被动指数型,股票型,,20220207,20220207,E,L
513160.SH,银华恒生港股通中国科技ETF,银华基金管理股份有限公司,招商银行股份有限公司,股票型,20220117,,20220209,20211105,nan,2.5819,0.5,0.1,,1.0,0.1,,恒生港股通中国科技指数收益率(经估值汇率调整)×100%,L,被动指数型,股票型,,20220209,20220209,E,L
562950.SH,易方达中证消费电子主题ETF,易方达基金管理有限公司,上海浦东发展银行股份有限公司,股票型,20220112,,20220120,20211130,nan,2.5526,0.15,0.05,,1.0,0.1,,中证消费电子主题指数收益率×100%,L,被动指数型,股票型,,20220120,20220120,E,L
513230.SH,华夏中证港股通消费主题ETF,华夏基金管理有限公司,交通银行股份有限公司,股票型,20220112,,20220124,20211130,nan,2.6442,0.5,0.1,,1.0,0.1,,经估值汇率调整后的中证港股通消费主题指数收益率×100%,L,被动指数型,股票型,,20220124,20220124,E,L
159775.SZ,建信国证新能源车电池ETF,建信基金管理有限责任公司,中信证券股份有限公司,股票型,20220107,,20220124,20211201,nan,2.1265,0.5,0.1,,1.0,0.1,,国证新能源车电池指数收益率×100%,L,被动指数型,股票型,,20220124,20220124,E,L
516530.SH,银华中证现代物流ETF,银华基金管理股份有限公司,招商银行股份有限公司,股票型,20220104,,20220117,20210930,nan,2.693,0.5,0.1,,1.0,0.1,,中证现代物流指数×100%,L,被动指数型,股票型,,20220117,20220117,E,L
160326.SZ,华夏优选配置股票(FOF-LOF)-A,华夏基金管理有限公司,中国工商银行股份有限公司,股票型,20211230,,20220114,20211208,nan,5.1048,0.8,0.2,,1.0,0.1,,沪深300指数收益率×90%+恒生指数收益率(使用估值汇率折算)×5%+中债综合(全价)指数收益率×5%,L,股票型,股票型,,20221230,20221230,E,L
159743.SZ,博时中证湖北新旧动能转换ETF,博时基金管理有限公司,交通银行股份有限公司,股票型,20211229,,20220111,20210930,nan,2.2694,0.5,0.1,,1.0,0.1,,中证湖北新旧动能转换指数收益率×100%,L,被动指数型,股票型,,20220111,20220111,E,L
516810.SH,华夏中证农业主题ETF,华夏基金管理有限公司,中国农业银行股份有限公司,股票型,20211229,,20220111,20210924,nan,3.8048,0.5,0.1,,1.0,0.1,,中证农业主题指数收益率×100%,L,被动指数型,股票型,,20220111,20220111,E,L
562910.SH,易方达中证装备产业ETF,易方达基金管理有限公司,中信银行股份有限公司,股票型,20211229,,20220110,20211022,nan,2.5023,0.15,0.05,,1.0,0.1,,中证装备产业指数收益率×100%,L,被动指数型,股票型,,20220110,20220110,E,L
159728.SZ,南方国证在线消费ETF,南方基金管理股份有限公司,中国工商银行股份有限公司,股票型,20211229,,20220111,20211008,nan,2.2641,0.5,0.1,,1.0,0.1,,国证在线消费指数×100%,L,被动指数型,股票型,,20220111,20220111,E,L
159611.SZ,广发中证全指电力公用事业ETF,广发基金管理有限公司,中国建设银行股份有限公司,股票型,20211229,,20220107,20211220,nan,12.3276,0.5,0.1,,1.0,0.1,,中证全指电力公用事业指数×100%,L,被动指数型,股票型,,20220107,20220107,E,L
560800.SH,鹏扬中证数字经济主题ETF,鹏扬基金管理有限公司,招商银行股份有限公司,股票型,20211222,,20220107,20211206,nan,4.5795,0.5,0.1,,1.0,0.1,,中证数字经济主题指数收益率×100%,L,被动指数型,股票型,,20220107,20220107,E,L
562510.SH,华夏中证旅游主题ETF,华夏基金管理有限公司,中国银行股份有限公司,股票型,20211221,,20211230,20211116,nan,2.211,0.5,0.1,,1.0,0.1,,中证旅游主题指数收益率×100%,L,被动指数型,股票型,,20211230,20211230,E,L
562300.SH,银华中证内地低碳经济主题ETF,银华基金管理股份有限公司,招商银行股份有限公司,股票型,20211220,,20220105,20211110,nan,4.195,0.5,0.1,,1.0,0.1,,中证内地低碳经济主题指数×100%,L,被动指数型,股票型,,20220105,20220105,E,L
159758.SZ,华夏中证红利质量ETF,华夏基金管理有限公司,中信银行股份有限公司,股票型,20211220,,20211228,20211111,nan,2.5829,0.15,0.05,,1.0,0.1,,中证红利质量指数收益率×100%,L,被动指数型,股票型,,20211228,20211228,E,L
159719.SZ,平安富时中国国企开放共赢ETF,平安基金管理有限公司,平安银行股份有限公司,股票型,20211217,,20211228,20210914,nan,2.122,0.25,0.05,,1.0,0.1,,富时中国国企开放共赢指数收益率×100%,L,被动指数型,股票型,,20211228,20211228,E,L
562500.SH,华夏中证机器人ETF,华夏基金管理有限公司,兴业银行股份有限公司,股票型,20211217,,20211229,20211111,nan,3.3719,0.5,0.1,,1.0,0.1,,中证机器人指数收益率×100%,L,被动指数型,股票型,,20211229,20211229,E,L
517180.SH,南方富时中国国企开放共赢ETF,南方基金管理股份有限公司,中国工商银行股份有限公司,股票型,20211217,,20211228,20210914,nan,2.685,0.25,0.05,,1.0,0.1,,富时中国国企开放共赢指数收益率×100%,L,被动指数型,股票型,,20211228,20211228,E,L
517090.SH,国泰富时中国国企开放共赢ETF,国泰基金管理有限公司,中国农业银行股份有限公司,股票型,20211217,,20211228,20210914,nan,3.1608,0.25,0.05,,1.0,0.1,,富时中国国企开放共赢指数收益率×100%,L,被动指数型,股票型,,20211228,20211228,E,L
159606.SZ,易方达中证500质量成长ETF,易方达基金管理有限公司,国信证券股份有限公司,股票型,20211217,,20211229,20211202,nan,9.6522,0.5,0.1,,1.0,0.1,,中证500质量成长指数收益率×100%,L,被动指数型,股票型,,20211229,20211229,E,L
513890.SH,摩根恒生科技ETF(QDII),摩根基金管理(中国)有限公司,中国工商银行股份有限公司,股票型,20211217,,20220121,20211110,nan,2.5213,0.5,0.15,,1.0,0.1,,恒生科技指数(HSTECH)(经估值汇率调整)收益率×100%,L,被动指数型,股票型,,20220121,20220121,E,L
159711.SZ,华夏中证港股通50ETF,华夏基金管理有限公司,中国建设银行股份有限公司,股票型,20211216,,20211228,20210924,nan,3.1647,0.5,0.1,,1.0,0.1,,中证港股通50指数收益率×100%,L,被动指数型,股票型,,20211228,20211228,E,L
501216.SH,富国智鑫行业精选股票(FOF-LOF)-A,富国基金管理有限公司,中国农业银行股份有限公司,股票型,20211216,,20220118,20211103,nan,3.0337,0.5,0.1,,1.0,0.1,,中证800指数收益率×90%+活期存款基准利率×10%,L,股票型,股票型,,20221216,20221216,E,L
159718.SZ,平安中证港股通医药卫生综合ETF,平安基金管理有限公司,中信建投证券股份有限公司,股票型,20211216,,20211228,20210930,nan,2.6983,0.5,0.1,,1.0,0.1,,中证港股通医药卫生综合指数(经汇率调整)×100%,L,被动指数型,股票型,,20211228,20211228,E,L
159701.SZ,招商中证物联网主题ETF,招商基金管理有限公司,浙商银行股份有限公司,股票型,20211215,,20211223,20210910,nan,2.0671,0.5,0.1,,1.0,0.1,,中证物联网主题指数收益率×100%,L,被动指数型,股票型,,20211223,20211223,E,L
501219.SH,华夏智胜先锋股票(LOF)-A,华夏基金管理有限公司,华夏银行股份有限公司,股票型,20211215,,20220209,20211122,nan,2.6605,1.0,0.2,,1.0,0.1,,中证500指数收益率×95%+银行活期存款利率(税后)×5%,L,股票型,股票型,,20220209,20220209,E,L
516350.SH,易方达中证芯片产业ETF,易方达基金管理有限公司,中国银行股份有限公司,股票型,20211215,,20211223,20210930,nan,3.1142,0.15,0.05,,1.0,0.1,,中证芯片产业指数收益率×100%,L,被动指数型,股票型,,20211223,20211223,E,L
159608.SZ,广发中证稀有金属主题ETF,广发基金管理有限公司,光大证券股份有限公司,股票型,20211215,,20211223,20211206,nan,5.6081,0.5,0.1,,1.0,0.1,,中证稀有金属主题指数×100%,L,被动指数型,股票型,,20211223,20211223,E,L
159730.SZ,博时国证龙头家电ETF,博时基金管理有限公司,平安银行股份有限公司,股票型,20211213,,20211224,20211012,nan,2.2357,0.5,0.1,,1.0,0.1,,国证龙头家电指数收益率×95%+银行活期存款利率(税后)×5%,L,被动指数型,股票型,,20211224,20211224,E,L
159610.SZ,景顺长城中证500增强策略ETF,景顺长城基金管理有限公司,中国工商银行股份有限公司,股票型,20211213,,20220110,20211122,nan,14.9957,0.5,0.1,,1.0,0.1,,中证500指数收益率×100%,L,增强指数型,股票型,,20220110,20220110,E,L
517390.SH,天弘中证沪港深云计算产业ETF,天弘基金管理有限公司,国泰海通证券股份有限公司,股票型,20211210,,20211223,20211022,nan,2.5211,0.5,0.1,,1.0,0.1,,中证沪港深云计算产业指数×100%,L,被动指数型,股票型,,20211223,20211223,E,L
159751.SZ,鹏华中证港股通科技ETF,鹏华基金管理有限公司,中信证券股份有限公司,股票型,20211210,,20211228,20211105,nan,2.3563,0.45,0.1,,1.0,0.1,,中证港股通科技指数收益率×100%,L,被动指数型,股票型,,20211228,20211228,E,L
588150.SH,南方上证科创板50成份ETF,南方基金管理股份有限公司,中国工商银行股份有限公司,股票型,20211210,,20211220,20211021,nan,2.8543,0.15,0.05,,1.0,0.1,,上证科创板50成份指数×100%,L,被动指数型,股票型,,20211220,20211220,E,L
159706.SZ,华安深证100ETF,华安基金管理有限公司,中国银行股份有限公司,股票型,20211209,,20211220,20210906,nan,2.9539,0.15,0.05,,1.0,0.1,,深证100指数收益率×100%,L,被动指数型,股票型,,20211220,20211220,E,L
501211.SH,民生加银优享6个月定开混合(FOF-LOF),民生加银基金管理有限公司,北京银行股份有限公司,混合型,20211207,,20211222,20211115,nan,18.8687,1.0,0.15,,1.0,0.1,,中债-综合全价(总值)指数收益率×55%+沪深300指数收益率×30%+上海黄金交易所Au99.99现货实盘合约价格收益率×10%+活期存款基准利率×5%,L,混合型,混合型,,20220607,20220607,E,L
160646.SZ,鹏华中证沪港深科技龙头指数(LOF)-A,鹏华基金管理有限公司,招商银行股份有限公司,股票型,20211207,,nan,20211011,nan,0.072,0.6,0.15,,1.0,0.1,,中证沪港深科技龙头指数收益率×95%+银行活期存款利率(税后)×5%,L,nan,股票型,,20211214,20211214,E,L
159760.SZ,泰康国证公共卫生与医疗健康ETF,泰康基金管理有限公司,招商银行股份有限公司,股票型,20211206,,20211220,20211108,nan,3.3236,0.5,0.1,,1.0,0.1,,国证公共卫生与医疗健康指数收益率×100%,L,被动指数型,股票型,,20211220,20211220,E,L
180202.SZ,华夏越秀高速公路REIT,华夏基金管理有限公司,中信银行股份有限公司,REITs,20211203,,20211214,20211129,nan,3.0,nan,0.03,,1.0,0.71,,该基金暂未披露业绩比较基准,L,nan,其他型,,nan,nan,E,L
508099.SH,建信中关村产业园REIT,建信基金管理有限责任公司,交通银行股份有限公司,REITs,20211203,,20211217,20211129,nan,9.0,nan,0.02,,1.0,0.32,,该基金暂未披露业绩比较基准,L,nan,其他型,,nan,nan,E,L
159731.SZ,华夏中证石化产业ETF,华夏基金管理有限公司,招商银行股份有限公司,股票型,20211202,,20211210,20211011,nan,2.2938,0.15,0.05,,1.0,0.1,,中证石化产业指数收益率×100%,L,被动指数型,股票型,,20211210,20211210,E,L
561550.SH,华泰柏瑞中证500增强策略ETF,华泰柏瑞基金管理有限公司,中国银行股份有限公司,股票型,20211202,,20211210,20211122,nan,13.9499,0.7,0.1,,1.0,0.1,,中证500指数收益率×100%,L,增强指数型,股票型,,20211210,20211210,E,L
561990.SH,招商沪深300增强策略ETF,招商基金管理有限公司,中国民生银行股份有限公司,股票型,20211202,,20211210,20211122,nan,9.9315,0.5,0.1,,1.0,0.1,,沪深300指数收益率×100%,L,增强指数型,股票型,,20211210,20211210,E,L
562900.SH,易方达中证现代农业主题ETF,易方达基金管理有限公司,中国建设银行股份有限公司,股票型,20211202,,20211213,20211022,nan,2.5471,0.15,0.05,,1.0,0.1,,中证现代农业主题指数收益率×100%,L,被动指数型,股票型,,20211213,20211213,E,L
561300.SH,国泰沪深300增强策略ETF,国泰基金管理有限公司,中国建设银行股份有限公司,股票型,20211201,,20211210,20211122,nan,18.9347,0.5,0.1,,1.0,0.1,,沪深300指数×100%,L,增强指数型,股票型,,20211210,20211210,E,L
517330.SH,易方达中证长江保护主题ETF,易方达基金管理有限公司,中信证券股份有限公司,股票型,20211126,,20220105,20210922,nan,23.2217,0.15,0.05,,1.0,0.1,,中证长江保护主题指数×100%,L,被动指数型,股票型,,20220105,20220105,E,L
517160.SH,南方中证长江保护主题ETF,南方基金管理股份有限公司,中国农业银行股份有限公司,股票型,20211126,,20220105,20210922,nan,23.7078,0.15,0.05,,1.0,0.1,,中证长江保护主题指数×100%,L,被动指数型,股票型,,20220105,20220105,E,L
517770.SH,浦银中证沪港深游戏及文化传媒ETF,浦银基金管理有限公司,申万宏源证券有限公司,股票型,20211125,,20211203,20211026,nan,3.3795,0.5,0.1,,1.0,0.1,,中证沪港深游戏及文化传媒指数收益率×100%,L,被动指数型,股票型,,20211203,20211203,E,L
506007.SH,广发科创板两年定开混合,广发基金管理有限公司,中国工商银行股份有限公司,混合型,20211124,,nan,20211115,nan,6.2303,1.2,0.2,,1.0,0.1,,上证科创板50成份指数收益率×80%+中债综合财富(总值)指数收益率×20%,L,nan,混合型,,20231124,20231124,E,L
501218.SH,工银瑞信睿智进取股票(FOF-LOF)-A,工银瑞信基金管理有限公司,中国农业银行股份有限公司,股票型,20211124,,20211217,20211101,nan,3.0834,0.5,0.1,,1.0,0.1,,中证800指数收益率×90%+中债-新综合财富(总值)指数收益率×10%,L,股票型,股票型,,20221124,20221124,E,L
159607.SZ,嘉实中证海外中国互联网30ETF(QDII),嘉实基金管理有限公司,中国农业银行股份有限公司,股票型,20211124,,20211202,20211115,nan,4.9983,0.5,0.1,,1.0,0.1,,中证海外中国互联网30指数收益率(经估值汇率调整后)×100%,L,被动指数型,股票型,,20211202,20211202,E,L
159605.SZ,广发中证海外中国互联网30ETF(QDII),广发基金管理有限公司,中国建设银行股份有限公司,股票型,20211124,,20211202,20211115,nan,22.5949,0.5,0.1,,1.0,0.1,,中证海外中国互联网30指数(同期人民币计价)×100%,L,被动指数型,股票型,,20211202,20211202,E,L
159761.SZ,国泰中证新材料主题ETF,国泰基金管理有限公司,杭州银行股份有限公司,股票型,20211124,,20211213,20211115,nan,4.3473,0.5,0.1,,1.0,0.1,,中证新材料主题指数收益率×100%,L,被动指数型,股票型,,20211213,20211213,E,L
159748.SZ,富国中证沪港深创新药产业ETF,富国基金管理有限公司,招商银行股份有限公司,股票型,20211124,,20211203,20211105,nan,3.0169,0.5,0.1,,1.0,0.1,,中证沪港深创新药产业指数×100%,L,被动指数型,股票型,,20211203,20211203,E,L
588310.SH,方正富邦中证科创创业50ETF,方正富邦基金管理有限公司,交通银行股份有限公司,股票型,20211122,,20211202,20211108,nan,2.5064,0.5,0.1,,1.0,0.1,,中证科创创业50指数收益率×100%,L,被动指数型,股票型,,20211202,20211202,E,L
159779.SZ,招商中证消费电子主题ETF,招商基金管理有限公司,中信建投证券股份有限公司,股票型,20211118,,20211126,20211011,nan,3.5487,0.5,0.1,,1.0,0.1,,中证消费电子主题指数收益率×100%,L,被动指数型,股票型,,20211126,20211126,E,L
517880.SH,华泰柏瑞中证沪港深品牌消费50ETF,华泰柏瑞基金管理有限公司,中国民生银行股份有限公司,股票型,20211117,,20211201,20211021,nan,2.8934,0.3,0.1,,1.0,0.1,,中证沪港深品牌消费50指数收益率×100%,L,被动指数型,股票型,,20211201,20211201,E,L
159896.SZ,南方中证物联网主题ETF,南方基金管理股份有限公司,中国工商银行股份有限公司,股票型,20211115,,20211124,20210909,nan,3.3706,0.5,0.1,,1.0,0.1,,中证物联网主题指数收益率×100%,L,被动指数型,股票型,,20211124,20211124,E,L
501215.SH,兴全积极配置混合(FOF-LOF)-A,兴证全球基金管理有限公司,上海浦东发展银行股份有限公司,混合型,20211112,,20211119,20211108,nan,40.2249,1.1,0.15,,1.0,0.1,,中证偏股型基金指数收益率×70%+MSCI世界指数(MSCIWorldIndex)收益率(使用估值汇率折算)×15%+上海黄金交易所Au99.99现货实盘合约收盘价收益率×5%+中债综合(全价)指数收益率×10%,L,混合型,混合型,,20241112,20241112,E,L
159726.SZ,华夏恒生港股通中国内地企业红利ETF,华夏基金管理有限公司,中国银行股份有限公司,股票型,20211111,,20211123,20210906,nan,2.1341,0.5,0.1,,1.0,0.1,,经估值汇率调整后的恒生港股通中国内地企业红利指数收益率×100%,L,被动指数型,股票型,,20211123,20211123,E,L
501213.SH,中欧汇选混合(FOF-LOF)-A,中欧基金管理有限公司,招商银行股份有限公司,混合型,20211110,,20211119,20211101,nan,8.9788,1.0,0.2,,1.0,0.1,,中证偏股型基金指数收益率×80%+银行活期存款利率(税后)×20%,L,混合型,混合型,,20221110,20221110,E,L
501210.SH,交银智选星光混合(FOF-LOF)-A,交银施罗德基金管理有限公司,中国光大银行股份有限公司,混合型,20211110,,20211119,20211025,nan,29.0422,1.0,0.2,,1.0,0.1,,中证偏股型基金指数收益率×90%+中债综合全价指数收益率×10%,L,混合型,混合型,,nan,nan,E,L
561310.SH,国泰中证消费电子主题ETF,国泰基金管理有限公司,中国光大银行股份有限公司,股票型,20211110,,20211125,20211021,nan,3.5792,0.5,0.1,,1.0,0.1,,中证消费电子主题指数收益率×100%,L,被动指数型,股票型,,20211125,20211125,E,L
159793.SZ,平安中证沪港深线上消费主题ETF,平安基金管理有限公司,中国农业银行股份有限公司,股票型,20211109,,20211124,20211011,nan,2.5976,0.5,0.1,,1.0,0.1,,中证沪港深线上消费主题指数收益率×100%,L,被动指数型,股票型,,20211124,20211124,E,L
159707.SZ,华宝中证800地产ETF,华宝基金管理有限公司,中国银行股份有限公司,股票型,20211104,,20211112,20210922,nan,2.3955,0.5,0.1,,1.0,0.1,,中证800地产指数收益率×100%,L,被动指数型,股票型,,20211112,20211112,E,L
516730.SH,浦银中证证券公司30ETF,浦银基金管理有限公司,招商银行股份有限公司,股票型,20211104,,20211112,20210930,nan,3.4338,0.5,0.1,,1.0,0.1,,中证证券公司30指数收益率×100%,L,被动指数型,股票型,,20211112,20211112,E,L
159739.SZ,鹏华中证云计算与大数据主题ETF,鹏华基金管理有限公司,中信证券股份有限公司,股票型,20211103,,20211117,20211011,nan,2.7258,0.5,0.1,,1.0,0.1,,中证云计算与大数据主题指数收益率×100%,L,被动指数型,股票型,,20211117,20211117,E,L
501212.SH,广发优选配置混合(FOF-LOF)-A,广发基金管理有限公司,中国建设银行股份有限公司,混合型,20211102,,20211119,20211018,nan,9.8493,1.0,0.2,,1.0,0.1,,中证800指数收益率×45%+人民币计价的恒生指数收益率×5%+中债-综合全价指数收益率(总值)×50%,L,混合型,混合型,,20231102,20231102,E,L
159601.SZ,华夏MSCI中国A50互联互通ETF,华夏基金管理有限公司,招商银行股份有限公司,股票型,20211101,,20211108,20211022,nan,67.6759,0.5,0.1,,1.0,0.1,,MSCI中国A50互联互通人民币指数收益率×100%,L,被动指数型,股票型,,20211108,20211108,E,L
563000.SH,易方达MSCI中国A50互联互通ETF,易方达基金管理有限公司,中国工商银行股份有限公司,股票型,20211029,,20211108,20211022,nan,79.9995,0.15,0.05,,1.0,0.1,,MSCI中国A50互联互通人民币指数收益率×100%,L,被动指数型,股票型,,20211108,20211108,E,L
159602.SZ,南方MSCI中国A50互联互通ETF,南方基金管理股份有限公司,招商银行股份有限公司,股票型,20211029,,20211108,20211022,nan,38.9654,0.15,0.07,,1.0,0.1,,MSCI中国A50互联互通人民币指数收益率×100%,L,被动指数型,股票型,,20211108,20211108,E,L
560050.SH,汇添富MSCI中国A50互联互通ETF,汇添富基金管理股份有限公司,交通银行股份有限公司,股票型,20211029,,20211108,20211022,nan,79.9993,0.5,0.1,,1.0,0.1,,MSCI中国A50互联互通人民币指数收益率×100%,L,被动指数型,股票型,,20211108,20211108,E,L
516750.SH,富国中证全指建筑材料ETF,富国基金管理有限公司,上海浦东发展银行股份有限公司,股票型,20211028,,20211105,20211008,nan,2.6167,0.5,0.1,,1.0,0.1,,中证全指建筑材料指数收益率×100%,L,被动指数型,股票型,,20211105,20211105,E,L
159712.SZ,国泰中证港股通50ETF,国泰基金管理有限公司,中信建投证券股份有限公司,股票型,20211027,,20211111,20210924,nan,2.0378,0.5,0.1,,1.0,0.1,,中证港股通50指数收益率(经估值汇率调整)×100%,L,被动指数型,股票型,,20211111,20211111,E,L
159862.SZ,银华中证细分食品饮料产业主题ETF,银华基金管理股份有限公司,招商银行股份有限公司,股票型,20211026,,20211108,20210722,nan,3.24,0.5,0.1,,1.0,0.1,,中证细分食品饮料产业主题指数收益率×100%,L,被动指数型,股票型,,20211108,20211108,E,L
159770.SZ,天弘中证机器人ETF,天弘基金管理有限公司,国泰海通证券股份有限公司,股票型,20211026,,20211108,20211011,nan,3.2009,0.5,0.1,,1.0,0.1,,中证机器人指数×100%,L,被动指数型,股票型,,20211108,20211108,E,L
159877.SZ,南方中证全指医疗保健设备与服务ETF,南方基金管理股份有限公司,中国工商银行股份有限公司,股票型,20211022,,20211103,20210802,nan,4.5179,0.5,0.1,,1.0,0.1,,中证全指医疗保健设备与服务指数收益率×100%,L,被动指数型,股票型,,20211103,20211103,E,L
516620.SH,国泰中证影视主题ETF,国泰基金管理有限公司,中信建投证券股份有限公司,股票型,20211020,,20211105,20210924,nan,2.8227,0.5,0.1,,1.0,0.1,,中证影视主题指数收益率×100%,L,被动指数型,股票型,,20211105,20211105,E,L
159895.SZ,易方达中证物联网主题ETF,易方达基金管理有限公司,招商银行股份有限公司,股票型,20211013,,20211021,20210910,nan,2.8524,0.15,0.05,,1.0,0.1,,中证物联网主题指数收益率×100%,L,被动指数型,股票型,,20211021,20211021,E,L
588280.SH,华安上证科创板50成份ETF,华安基金管理有限公司,光大证券股份有限公司,股票型,20211012,,20211029,20210922,nan,8.6012,0.15,0.05,,1.0,0.1,,上证科创板50成份指数收益率×100%,L,被动指数型,股票型,,20211029,20211029,E,L
517660.SH,天弘中证沪港深物联网主题ETF,天弘基金管理有限公司,中信建投证券股份有限公司,股票型,20211012,,20211025,20210922,nan,2.2708,0.5,0.1,,1.0,0.1,,中证沪港深物联网主题指数×100%,L,被动指数型,股票型,,20211025,20211025,E,L
159892.SZ,华夏恒生生物科技ETF(QDII),华夏基金管理有限公司,中国农业银行股份有限公司,股票型,20210929,,20211019,20210819,nan,2.3927,0.5,0.15,,1.0,0.1,,恒生生物科技指数收益率(使用估值汇率折算)×100%,L,被动指数型,股票型,,20211019,20211019,E,L
516130.SH,华宝中证消费龙头ETF,华宝基金管理有限公司,中国银行股份有限公司,股票型,20210928,,20211013,20210913,nan,3.8989,0.5,0.05,,1.0,0.1,,中证消费龙头指数收益率×100%,L,被动指数型,股票型,,20211013,20211013,E,L
159777.SZ,国联安创业板科技ETF,国联安基金管理有限公司,中国银河证券股份有限公司,股票型,20210927,,20211018,20210913,nan,2.4928,0.5,0.1,,1.0,0.1,,创业板科技指数收益率×100%,L,被动指数型,股票型,,20211018,20211018,E,L
159723.SZ,汇添富中证沪港深科技龙头ETF,汇添富基金管理股份有限公司,中国工商银行股份有限公司,股票型,20210927,,20211015,20210906,nan,2.4103,0.15,0.05,,1.0,0.1,,中证沪港深科技龙头指数收益率×100%,L,被动指数型,股票型,,20211015,20211015,E,L
561130.SH,富国中证新华社民族品牌工程ETF,富国基金管理有限公司,中国银行股份有限公司,股票型,20210927,,20211018,20210913,nan,8.4394,0.5,0.1,,1.0,0.1,,中证新华社民族品牌工程指数收益率×100%,L,被动指数型,股票型,,20211018,20211018,E,L
516860.SH,博时中证金融科技主题ETF,博时基金管理有限公司,中国建设银行股份有限公司,股票型,20210924,,20211011,20210628,nan,2.0152,0.5,0.1,,1.0,0.1,,中证金融科技主题指数收益率×100%,L,被动指数型,股票型,,20211011,20211011,E,L
159773.SZ,华泰柏瑞创业板科技ETF,华泰柏瑞基金管理有限公司,招商银行股份有限公司,股票型,20210923,,20211008,20210906,nan,2.923,0.5,0.1,,1.0,0.1,,创业板科技指数收益率×100%,L,被动指数型,股票型,,20211008,20211008,E,L
562360.SH,银华中证机器人ETF,银华基金管理股份有限公司,招商银行股份有限公司,股票型,20210922,,20211015,20210906,nan,3.8947,0.5,0.1,,1.0,0.1,,中证机器人指数×100%,L,被动指数型,股票型,,20211015,20211015,E,L
510770.SH,申万菱信上证G60战略新兴产业成份ETF,申万菱信基金管理有限公司,兴业银行股份有限公司,股票型,20210916,,20210928,20210823,nan,3.1111,0.5,0.1,,1.0,0.1,,上证G60战略新兴产业成份指数收益率×100%,L,被动指数型,股票型,,20210928,20210928,E,L
159717.SZ,鹏华国证ESG300ETF,鹏华基金管理有限公司,华泰证券股份有限公司,股票型,20210915,,20210929,20210830,nan,3.6037,0.5,0.1,,1.0,0.1,,国证ESG300指数收益率×100%,L,被动指数型,股票型,,20210929,20210929,E,L
159792.SZ,富国中证港股通互联网ETF,富国基金管理有限公司,中国银行股份有限公司,股票型,20210915,,20210928,20210823,nan,2.4586,0.15,0.05,,1.0,0.1,,中证港股通互联网指数收益率×100%,L,被动指数型,股票型,,20210928,20210928,E,L
517030.SH,易方达中证沪港深300ETF,易方达基金管理有限公司,中国银行股份有限公司,股票型,20210915,,20210927,20210723,nan,2.0104,0.15,0.05,,1.0,0.1,,中证沪港深300指数收益率×100%,L,被动指数型,股票型,,20210927,20210927,E,L
562800.SH,嘉实中证稀有金属主题ETF,嘉实基金管理有限公司,中国银河证券股份有限公司,股票型,20210915,,20210927,20210906,nan,6.0615,0.5,0.1,,1.0,0.1,,中证稀有金属主题指数收益率×100%,L,被动指数型,股票型,,20210927,20210927,E,L
159736.SZ,天弘中证食品饮料ETF,天弘基金管理有限公司,中信证券股份有限公司,股票型,20210909,,20210927,20210830,nan,3.2689,0.5,0.1,,1.0,0.1,,中证食品饮料指数收益率×100%,L,被动指数型,股票型,,20210927,20210927,E,L
516190.SH,华夏中证文娱传媒ETF,华夏基金管理有限公司,中国银行股份有限公司,股票型,20210909,,20210917,20210823,nan,2.1372,0.5,0.1,,1.0,0.1,,中证文娱传媒指数收益率×100%,L,被动指数型,股票型,,20210917,20210917,E,L
517110.SH,国泰中证沪港深创新药产业ETF,国泰基金管理有限公司,招商银行股份有限公司,股票型,20210908,,20210930,20210830,nan,2.461,0.5,0.1,,1.0,0.1,,中证沪港深创新药产业指数收益率×100%,L,被动指数型,股票型,,20211008,20211008,E,L
516560.SH,华宝中证养老产业ETF,华宝基金管理有限公司,中国建设银行股份有限公司,股票型,20210908,,20210916,20210825,nan,3.1976,0.5,0.1,,1.0,0.1,,中证养老产业指数收益率×100%,L,被动指数型,股票型,,20210916,20210916,E,L
516210.SH,华安中证银行ETF,华安基金管理有限公司,中国银行股份有限公司,股票型,20210903,,20210924,20210802,nan,3.6163,0.5,0.1,,1.0,0.1,,中证银行指数收益率×100%,L,被动指数型,股票型,,20210924,20210924,E,L
501209.SH,银华富久食品饮料精选混合(LOF)-A,银华基金管理股份有限公司,中国工商银行股份有限公司,混合型,20210903,,20211202,20210818,nan,13.3274,1.2,0.2,,1.0,0.1,,中证食品饮料指数收益率×80%+中证港股通综合指数(人民币)收益率×10%+商业银行人民币活期存款利率(税后)×10%,L,混合型,混合型,,20211029,20211202,E,L
159889.SZ,国泰中证智能汽车主题ETF,国泰基金管理有限公司,中信建投证券股份有限公司,股票型,20210901,,20210909,20210823,nan,3.244,0.5,0.1,,1.0,0.1,,中证智能汽车主题指数收益率×100%,L,被动指数型,股票型,,20210909,20210909,E,L
159715.SZ,易方达中证稀土产业ETF,易方达基金管理有限公司,中国建设银行股份有限公司,股票型,20210901,,20210910,20210818,nan,4.3103,0.15,0.05,,1.0,0.1,,中证稀土产业指数收益率×100%,L,被动指数型,股票型,,20210910,20210910,E,L
506008.SH,长城科创板两年定开混合-A,长城基金管理有限公司,中国农业银行股份有限公司,混合型,20210901,,20220328,20210804,nan,4.1192,1.2,0.2,,1.0,0.1,,中国战略新兴产业成份指数收益率×65%+中债总指数收益率×25%+中证港股通综合指数收益率(使用估值汇率折算)×10%,L,混合型,混合型,,20230901,20230901,E,L
561600.SH,平安中证消费电子主题ETF,平安基金管理有限公司,中信建投证券股份有限公司,股票型,20210830,,20210909,20210816,nan,2.5627,0.5,0.1,,1.0,0.1,,中证消费电子主题指数收益率×100%,L,被动指数型,股票型,,20210909,20210909,E,L
560560.SH,泰康中证内地低碳经济主题ETF,泰康基金管理有限公司,广发证券股份有限公司,股票型,20210827,,20210913,20210809,nan,4.9319,0.5,0.1,,1.0,0.1,,中证内地低碳经济主题指数收益率×100%,L,被动指数型,股票型,,20210913,20210913,E,L
516630.SH,华夏中证云计算与大数据主题ETF,华夏基金管理有限公司,中国银行股份有限公司,股票型,20210824,,20210903,20210810,nan,2.6916,0.15,0.05,,1.0,0.1,,中证云计算与大数据主题指数收益率×100%,L,被动指数型,股票型,,20210903,20210903,E,L
159763.SZ,建信中证新材料主题ETF,建信基金管理有限责任公司,中信建投证券股份有限公司,股票型,20210819,,20210913,20210802,nan,4.0871,0.5,0.1,,1.0,0.1,,中证新材料主题指数×100%,L,被动指数型,股票型,,20210913,20210913,E,L
588390.SH,博时中证科创创业50ETF,博时基金管理有限公司,招商银行股份有限公司,股票型,20210819,,20210830,20210802,nan,8.4594,0.5,0.1,,1.0,0.1,,中证科创创业50指数收益率×100%,L,被动指数型,股票型,,20210830,20210830,E,L
516640.SH,富国中证芯片产业ETF,富国基金管理有限公司,兴业银行股份有限公司,股票型,20210819,,20210827,20210802,nan,6.1368,0.15,0.05,,1.0,0.1,,中证芯片产业指数×100%,L,被动指数型,股票型,,20210827,20210827,E,L
561350.SH,国泰中证500ETF,国泰基金管理有限公司,中国邮政储蓄银行股份有限公司,股票型,20210818,,20210901,20210810,nan,7.277,0.5,0.1,,1.0,0.1,,中证500指数收益率×100%,L,被动指数型,股票型,,nan,nan,E,L
516790.SH,华泰柏瑞中证全指医疗保健设备与服务ETF,华泰柏瑞基金管理有限公司,中国银行股份有限公司,股票型,20210812,,20210823,20210726,nan,3.2828,0.5,0.1,,1.0,0.1,,中证全指医疗保健设备与服务指数收益率×100%,L,被动指数型,股票型,,20210823,20210823,E,L
159732.SZ,华夏国证消费电子主题ETF,华夏基金管理有限公司,中国建设银行股份有限公司,股票型,20210812,,20210823,20210729,nan,4.9645,0.5,0.1,,1.0,0.1,,国证消费电子主题指数收益率×100%,L,被动指数型,股票型,,20210823,20210823,E,L
561800.SH,华富中证稀有金属主题ETF,华富基金管理有限公司,交通银行股份有限公司,股票型,20210811,,20210824,20210726,nan,3.0508,0.5,0.1,,1.0,0.1,,中证稀有金属主题指数收益率×100%,L,被动指数型,股票型,,20210824,20210824,E,L
159875.SZ,嘉实中证新能源ETF,嘉实基金管理有限公司,中国银行股份有限公司,股票型,20210809,,20210817,20210802,nan,4.6516,0.5,0.1,,1.0,0.1,,中证新能源指数收益率×100%,L,被动指数型,股票型,,20210817,20210817,E,L
516290.SH,汇添富中证光伏产业ETF,汇添富基金管理股份有限公司,中国建设银行股份有限公司,股票型,20210809,,20210823,20210722,nan,3.212,0.15,0.05,,1.0,0.1,,中证光伏产业指数收益率×100%,L,被动指数型,股票型,,20210823,20210823,E,L
159767.SZ,兴银国证新能源车电池ETF,兴银基金管理有限责任公司,上海浦东发展银行股份有限公司,股票型,20210806,,20210823,20210726,nan,3.5287,0.5,0.1,,1.0,0.1,,国证新能源车电池指数收益率×100%,L,被动指数型,股票型,,20210823,20210823,E,L
159840.SZ,工银瑞信国证新能源车电池ETF,工银瑞信基金管理有限公司,中信建投证券股份有限公司,股票型,20210805,,20210820,20210719,nan,3.8457,0.45,0.07,,1.0,0.1,,国证新能源车电池指数收益率×100%,L,被动指数型,股票型,,20210820,20210820,E,L
159713.SZ,富国中证稀土产业ETF,富国基金管理有限公司,招商银行股份有限公司,股票型,20210805,,20210816,20210719,nan,2.6226,0.5,0.1,,1.0,0.1,,中证稀土产业指数收益率×100%,L,被动指数型,股票型,,20210816,20210816,E,L
516930.SH,民生加银中证生物科技主题ETF,民生加银基金管理有限公司,中信建投证券股份有限公司,股票型,20210805,,20210818,20210621,nan,2.8464,0.5,0.1,,1.0,0.1,,中证生物科技主题指数×100%,L,被动指数型,股票型,,20210818,20210818,E,L
560660.SH,新华中证云计算50ETF,新华基金管理股份有限公司,招商证券股份有限公司,股票型,20210805,,20210825,20210715,nan,3.4097,0.5,0.1,,1.0,0.1,,中证云计算50指数收益率×100%,L,被动指数型,股票型,,20210825,20210825,E,L
516710.SH,华夏中证新材料主题ETF,华夏基金管理有限公司,中国建设银行股份有限公司,股票型,20210804,,20210817,20210719,nan,2.6427,0.5,0.1,,1.0,0.1,,中证新材料主题指数收益率×100%,L,被动指数型,股票型,,20210817,20210817,E,L
517800.SH,方正富邦中证沪港深人工智能50ETF,方正富邦基金管理有限公司,中国工商银行股份有限公司,股票型,20210804,,20210826,20210721,nan,2.6254,0.5,0.1,,1.0,0.1,,中证沪港深人工智能50指数收益率×100%,L,被动指数型,股票型,,20210826,20210826,E,L
560500.SH,鹏扬中证500质量成长ETF,鹏扬基金管理有限公司,兴业银行股份有限公司,股票型,20210804,,20210901,20210719,nan,4.2434,0.45,0.05,,1.0,0.1,,中证500质量成长指数收益率×100%,L,被动指数型,股票型,,20210901,20210901,E,L
561910.SH,招商中证电池主题ETF,招商基金管理有限公司,光大证券股份有限公司,股票型,20210804,,20210812,20210716,nan,2.9008,0.5,0.1,,1.0,0.1,,中证电池主题指数收益率×100%,L,被动指数型,股票型,,20210812,20210812,E,L
517010.SH,易方达中证沪港深500ETF,易方达基金管理有限公司,中国工商银行股份有限公司,股票型,20210803,,20210812,20210719,nan,2.3414,0.15,0.05,,1.0,0.1,,中证沪港深500指数收益率×100%,L,被动指数型,股票型,,20210812,20210812,E,L
513590.SH,鹏华中证港股通消费主题ETF,鹏华基金管理有限公司,华泰证券股份有限公司,股票型,20210803,,20210819,20210719,nan,2.5392,0.5,0.1,,1.0,0.1,,中证港股通消费主题指数收益率×100%,L,被动指数型,股票型,,20210819,20210819,E,L
159790.SZ,华夏中证内地低碳经济主题ETF,华夏基金管理有限公司,中国建设银行股份有限公司,股票型,20210730,,20210806,20210727,nan,29.1353,0.5,0.1,,1.0,0.1,,中证内地低碳经济主题指数收益率×100%,L,被动指数型,股票型,,20210806,20210806,E,L
159786.SZ,银华中证虚拟现实主题ETF,银华基金管理股份有限公司,招商银行股份有限公司,股票型,20210729,,20210806,20210719,nan,6.417,0.5,0.1,,1.0,0.1,,中证虚拟现实主题指数收益率×100%,L,被动指数型,股票型,,20210806,20210806,E,L
159864.SZ,国泰中证光伏产业ETF,国泰基金管理有限公司,华夏银行股份有限公司,股票型,20210728,,20210810,20210719,nan,6.3853,0.5,0.1,,1.0,0.1,,中证光伏产业指数收益率×100%,L,被动指数型,股票型,,20210810,20210810,E,L
517380.SH,天弘恒生沪深港创新药精选50ETF,天弘基金管理有限公司,国泰海通证券股份有限公司,股票型,20210727,,20210809,20210712,nan,3.5233,0.5,0.1,,1.0,0.1,,恒生沪深港创新药精选50指数收益率×100%,L,被动指数型,股票型,,20210809,20210809,E,L
516920.SH,汇添富中证芯片产业ETF,汇添富基金管理股份有限公司,招商银行股份有限公司,股票型,20210727,,20210816,20210708,nan,4.5846,0.15,0.05,,1.0,0.1,,中证芯片产业指数收益率×100%,L,被动指数型,股票型,,20210816,20210816,E,L
159838.SZ,博时中证医药50ETF,博时基金管理有限公司,国泰海通证券股份有限公司,股票型,20210722,,20210730,20210526,nan,2.4076,0.5,0.1,,1.0,0.1,,中证医药50指数收益率×100%,L,被动指数型,股票型,,20210730,20210730,E,L
516720.SH,浦银中证ESG120策略ETF,浦银基金管理有限公司,华夏银行股份有限公司,股票型,20210722,,20210813,20210618,nan,5.0434,0.5,0.1,,1.0,0.1,,中证ESG120策略指数收益率×100%,L,被动指数型,股票型,,20210813,20210813,E,L
516260.SH,华夏中证物联网主题ETF,华夏基金管理有限公司,中国建设银行股份有限公司,股票型,20210722,,20210802,20210708,nan,5.7188,0.5,0.1,,1.0,0.1,,中证物联网主题指数收益率×100%,L,被动指数型,股票型,,20210802,20210802,E,L
159757.SZ,景顺长城国证新能源车电池ETF,景顺长城基金管理有限公司,华夏银行股份有限公司,股票型,20210721,,20210809,20210705,nan,8.6593,0.5,0.1,,1.0,0.1,,国证新能源车电池指数收益率×100%,L,被动指数型,股票型,,20210809,20210809,E,L
159752.SZ,申万菱信中证内地新能源主题ETF,申万菱信基金管理有限公司,中信建投证券股份有限公司,股票型,20210720,,20210728,20210701,nan,4.1696,0.5,0.1,,1.0,0.1,,中证内地新能源主题指数收益率×100%,L,被动指数型,股票型,,20210728,20210728,E,L
516580.SH,博时中证新能源ETF,博时基金管理有限公司,中信建投证券股份有限公司,股票型,20210715,,20210726,20210615,nan,3.3912,0.5,0.1,,1.0,0.1,,中证新能源指数收益率×100%,L,被动指数型,股票型,,20210726,20210726,E,L
159766.SZ,富国中证旅游主题ETF,富国基金管理有限公司,中国银行股份有限公司,股票型,20210715,,20210723,20210701,nan,2.9164,0.5,0.1,,1.0,0.1,,中证旅游主题指数收益率×100%,L,被动指数型,股票型,,20210723,20210723,E,L
588060.SH,广发上证科创板50成份ETF,广发基金管理有限公司,中国银行股份有限公司,股票型,20210715,,20210729,20210705,nan,4.2514,0.5,0.1,,1.0,0.1,,上证科创板50成份指数收益率×100%,L,被动指数型,股票型,,20210729,20210729,E,L
513700.SH,鹏华中证港股通医药卫生综合ETF,鹏华基金管理有限公司,广发证券股份有限公司,股票型,20210713,,20210806,20210623,nan,4.5885,0.5,0.1,,1.0,0.1,,中证港股通医药卫生综合指数收益率×100%,L,被动指数型,股票型,,20210806,20210806,E,L
516100.SH,华夏中证金融科技主题ETF,华夏基金管理有限公司,兴业银行股份有限公司,股票型,20210713,,20210723,20210625,nan,2.4076,0.15,0.05,,1.0,0.1,,中证金融科技主题指数收益率×100%,L,被动指数型,股票型,,20210723,20210723,E,L
562880.SH,嘉实中证电池主题ETF,嘉实基金管理有限公司,中信建投证券股份有限公司,股票型,20210713,,20210720,20210705,nan,4.424,0.5,0.1,,1.0,0.1,,中证电池主题指数收益率×100%,L,被动指数型,股票型,,20210720,20210720,E,L
516270.SH,华安中证内地新能源主题ETF,华安基金管理有限公司,中国银行股份有限公司,股票型,20210709,,20210723,20210621,nan,4.4241,0.5,0.1,,1.0,0.1,,中证内地新能源主题指数收益率×100%,L,被动指数型,股票型,,20210723,20210723,E,L
516890.SH,平安中证新材料主题ETF,平安基金管理有限公司,国泰海通证券股份有限公司,股票型,20210709,,20210728,20210406,nan,4.5631,0.5,0.1,,1.0,0.1,,中证新材料主题指数收益率×100%,L,被动指数型,股票型,,20210728,20210728,E,L
159729.SZ,汇添富中证沪港深互联网ETF,汇添富基金管理股份有限公司,中国农业银行股份有限公司,股票型,20210708,,20210721,20210615,nan,3.3676,0.15,0.05,,1.0,0.1,,中证沪港深互联网指数收益率×100%,L,被动指数型,股票型,,20210721,20210721,E,L
517120.SH,华泰柏瑞中证沪港深创新药产业ETF,华泰柏瑞基金管理有限公司,上海浦东发展银行股份有限公司,股票型,20210708,,20210719,20210624,nan,5.4497,0.5,0.1,,1.0,0.1,,中证沪港深创新药产业指数×100%,L,被动指数型,股票型,,20210719,20210719,E,L
159847.SZ,易方达中证医疗ETF,易方达基金管理有限公司,招商银行股份有限公司,股票型,20210708,,20210719,20210621,nan,2.1883,0.15,0.05,,1.0,0.1,,中证医疗指数收益率×100%,L,被动指数型,股票型,,20210719,20210719,E,L
159720.SZ,泰康中证智能电动汽车ETF,泰康基金管理有限公司,招商银行股份有限公司,股票型,20210707,,20210720,20210615,nan,5.7081,0.5,0.1,,1.0,0.1,,中证智能电动汽车指数收益率×100%,L,被动指数型,股票型,,20210720,20210720,E,L
561900.SH,招商沪深300ESG基准ETF,招商基金管理有限公司,中国银河证券股份有限公司,股票型,20210706,,20210715,20210615,nan,2.4233,0.5,0.1,,1.0,0.1,,沪深300ESG基准指数收益率×100%,L,被动指数型,股票型,,20210715,20210715,E,L
159830.SZ,天弘上海金ETF,天弘基金管理有限公司,国泰海通证券股份有限公司,其他,20210706,,20210719,20210510,nan,2.3268,0.25,0.05,,1.0,0.1,,上海黄金交易所上海金集中定价合约午盘基准价×100%,L,黄金现货合约,其他型,,20210719,20210719,E,L
159747.SZ,南方中证香港科技ETF(QDII),南方基金管理股份有限公司,中国工商银行股份有限公司,股票型,20210702,,20210714,20210615,nan,5.8142,0.5,0.15,,1.0,0.1,,中证香港科技指数×100%,L,被动指数型,股票型,,20210714,20210714,E,L
588360.SH,国泰中证科创创业50ETF,国泰基金管理有限公司,中国邮政储蓄银行股份有限公司,股票型,20210629,,20210706,20210621,nan,7.3148,0.5,0.1,,1.0,0.1,,中证科创创业50指数收益率×100%,L,被动指数型,股票型,,20210706,20210706,E,L
588380.SH,富国中证科创创业50ETF,富国基金管理有限公司,中国建设银行股份有限公司,股票型,20210629,,20210706,20210621,nan,25.5177,0.5,0.1,,1.0,0.1,,中证科创创业50指数×100%,L,被动指数型,股票型,,20210706,20210706,E,L
588330.SH,华宝中证科创创业50ETF,华宝基金管理有限公司,中国工商银行股份有限公司,股票型,20210629,,20210706,20210621,nan,15.5774,0.5,0.1,,1.0,0.1,,中证科创创业50指数收益率×100%,L,被动指数型,股票型,,20210706,20210706,E,L
159782.SZ,银华中证科创创业50ETF,银华基金管理股份有限公司,招商银行股份有限公司,股票型,20210629,,20210707,20210621,nan,12.3619,0.5,0.1,,1.0,0.1,,中证科创创业50指数收益率×100%,L,被动指数型,股票型,,20210707,20210707,E,L
159781.SZ,易方达中证科创创业50ETF,易方达基金管理有限公司,中国工商银行股份有限公司,股票型,20210628,,20210705,20210621,nan,30.0486,0.15,0.05,,1.0,0.1,,中证科创创业50指数收益率×100%,L,被动指数型,股票型,,20210705,20210705,E,L
588400.SH,嘉实中证科创创业50ETF,嘉实基金管理有限公司,中国银河证券股份有限公司,股票型,20210625,,20210705,20210621,nan,15.816,0.5,0.1,,1.0,0.1,,中证科创创业50指数收益率×100%,L,被动指数型,股票型,,20210705,20210705,E,L
588300.SH,招商中证科创创业50ETF,招商基金管理有限公司,华泰证券股份有限公司,股票型,20210625,,20210705,20210621,nan,20.1121,0.5,0.1,,1.0,0.1,,中证科创创业50指数收益率×100%,L,被动指数型,股票型,,20210705,20210705,E,L
159780.SZ,南方中证科创创业50ETF,南方基金管理股份有限公司,招商银行股份有限公司,股票型,20210624,,20210705,20210621,nan,30.0005,0.15,0.1,,1.0,0.1,,中证科创创业50指数收益率×100%,L,被动指数型,股票型,,20210705,20210705,E,L
588180.SH,国联安上证科创板50成份ETF,国联安基金管理有限公司,交通银行股份有限公司,股票型,20210624,,20210701,20210611,nan,31.1485,0.3,0.05,,1.0,0.1,,上证科创板50成份指数收益率×100%,L,被动指数型,股票型,,20210701,20210701,E,L
516830.SH,富国沪深300ESG基准ETF,富国基金管理有限公司,中国农业银行股份有限公司,股票型,20210624,,20210705,20210601,nan,5.5218,0.15,0.05,,1.0,0.1,,沪深300ESG基准指数×100%,L,被动指数型,股票型,,20210705,20210705,E,L
159783.SZ,华夏中证科创创业50ETF,华夏基金管理有限公司,中国银行股份有限公司,股票型,20210624,,20210705,20210621,nan,30.0006,0.15,0.05,,1.0,0.1,,中证科创创业50指数收益率×100%,L,被动指数型,股票型,,20210705,20210705,E,L
159859.SZ,天弘国证生物医药ETF,天弘基金管理有限公司,中信建投证券股份有限公司,股票型,20210624,,20210707,20210601,nan,2.2904,0.5,0.1,,1.0,0.1,,国证生物医药指数×100%,L,被动指数型,股票型,,20210707,20210707,E,L
516970.SH,广发中证基建工程ETF,广发基金管理有限公司,交通银行股份有限公司,股票型,20210623,,20210705,20210615,nan,2.6904,0.5,0.1,,1.0,0.1,,中证基建工程指数收益率×100%,L,被动指数型,股票型,,20210705,20210705,E,L
513980.SH,景顺长城中证港股通科技ETF,景顺长城基金管理有限公司,招商银行股份有限公司,股票型,20210621,,20210702,20210531,nan,6.472,0.5,0.1,,1.0,0.1,,中证港股通科技指数收益率(使用估值汇率折算)×100%,L,被动指数型,股票型,,20210702,20210702,E,L
159899.SZ,招商中证全指软件ETF,招商基金管理有限公司,华泰证券股份有限公司,股票型,20210618,,20210628,20210603,nan,3.2598,0.5,0.1,,1.0,0.1,,中证全指软件指数收益率×100%,L,被动指数型,股票型,,20210628,20210628,E,L
159716.SZ,华宝深证100ETF,华宝基金管理有限公司,中国银行股份有限公司,股票型,20210618,,20210628,20210601,nan,8.2967,0.15,0.05,,1.0,0.1,,深证100指数收益率×100%,L,被动指数型,股票型,,20210628,20210628,E,L
159709.SZ,工银瑞信深证物联网50ETF,工银瑞信基金管理有限公司,国信证券股份有限公司,股票型,20210618,,20210702,20210531,nan,5.5348,0.45,0.07,,1.0,0.1,,深证物联网50指数收益率×100%,L,被动指数型,股票型,,20210702,20210702,E,L
159708.SZ,西部利得深证红利ETF,西部利得基金管理有限公司,光大证券股份有限公司,股票型,20210618,,20210702,20210524,nan,2.8803,0.4,0.08,,1.0,0.1,,深证红利指数收益率×100%,L,被动指数型,股票型,,20210702,20210702,E,L
517360.SH,华安中证沪港深科技100ETF,华安基金管理有限公司,中国农业银行股份有限公司,股票型,20210618,,20210705,20210517,nan,2.8758,0.5,0.1,,1.0,0.1,,中证沪港深科技100指数收益率×100%,L,被动指数型,股票型,,20210705,20210705,E,L
510990.SH,工银瑞信中证180ESGETF,工银瑞信基金管理有限公司,招商银行股份有限公司,股票型,20210618,,20210701,20210517,nan,2.9495,0.45,0.1,,1.0,0.1,,中证180ESG指数收益率×100%,L,被动指数型,股票型,,20210701,20210701,E,L
159721.SZ,永赢深证100ETF,永赢基金管理有限公司,中国银行股份有限公司,股票型,20210617,,20210625,20210601,nan,3.8743,0.15,0.05,,1.0,0.1,,深证100指数收益率×100%,L,被动指数型,股票型,,20210625,20210625,E,L
159881.SZ,国泰中证有色金属ETF,国泰基金管理有限公司,平安银行股份有限公司,股票型,20210617,,20210701,20210607,nan,2.2425,0.5,0.1,,1.0,0.1,,中证有色金属指数收益率×100%,L,被动指数型,股票型,,20210701,20210701,E,L
513860.SH,海富通中证港股通科技ETF,海富通基金管理有限公司,中国银行股份有限公司,股票型,20210617,,20210702,20210607,nan,7.0747,0.5,0.1,,1.0,0.1,,中证港股通科技指数收益率×100%,L,被动指数型,股票型,,20210702,20210702,E,L
561500.SH,华泰柏瑞中证企业核心竞争力50ETF,华泰柏瑞基金管理有限公司,中国银行股份有限公司,股票型,20210617,,20210628,20210607,nan,2.931,0.5,0.1,,1.0,0.1,,中证企业核心竞争力50指数收益率×100%,L,被动指数型,股票型,,20210628,20210628,E,L
159872.SZ,鹏华中证车联网主题ETF,鹏华基金管理有限公司,中信证券股份有限公司,股票型,20210616,,20210701,20210601,nan,2.908,0.5,0.1,,1.0,0.1,,中证车联网主题指数收益率×100%,L,被动指数型,股票型,,20210701,20210701,E,L
516980.SH,华富中证证券公司先锋策略ETF,华富基金管理有限公司,中国银行股份有限公司,股票型,20210615,,20210624,20210309,nan,4.3402,0.5,0.1,,1.0,0.1,,中证证券公司先锋策略指数收益率×100%,L,被动指数型,股票型,,20210624,20210624,E,L
159755.SZ,广发国证新能源车电池ETF,广发基金管理有限公司,中国工商银行股份有限公司,股票型,20210615,,20210624,20210601,nan,11.5265,0.5,0.1,,1.0,0.1,,国证新能源车电池指数收益率×100%,L,被动指数型,股票型,,20210624,20210624,E,L
159725.SZ,工银瑞信中证线上消费主题ETF,工银瑞信基金管理有限公司,中信建投证券股份有限公司,股票型,20210611,,20210702,20210520,nan,2.4542,0.45,0.07,,1.0,0.1,,中证线上消费主题指数收益率×100%,L,被动指数型,股票型,,20210702,20210702,E,L
159745.SZ,国泰中证全指建筑材料ETF,国泰基金管理有限公司,中国银河证券股份有限公司,股票型,20210609,,20210618,20210531,nan,3.3969,0.5,0.1,,1.0,0.1,,中证全指建筑材料指数收益率×100%,L,被动指数型,股票型,,20210618,20210618,E,L
516820.SH,平安中证医药及医疗器械创新ETF,平安基金管理有限公司,交通银行股份有限公司,股票型,20210609,,20210701,20210524,nan,11.3442,0.5,0.1,,1.0,0.1,,中证医药及医疗器械创新指数收益率×100%,L,被动指数型,股票型,,20210701,20210701,E,L
516650.SH,华夏中证细分有色金属产业主题ETF,华夏基金管理有限公司,中信银行股份有限公司,股票型,20210609,,20210621,20210524,nan,2.7146,0.5,0.1,,1.0,0.1,,中证细分有色金属产业主题指数收益率×100%,L,被动指数型,股票型,,20210621,20210621,E,L
516570.SH,易方达中证石化产业ETF,易方达基金管理有限公司,招商银行股份有限公司,股票型,20210609,,20210618,20210601,nan,3.3636,0.15,0.05,,1.0,0.1,,中证石化产业指数收益率×100%,L,被动指数型,股票型,,20210618,20210618,E,L
513360.SH,博时中证全球中国教育主题ETF(QDII),博时基金管理有限公司,中国银行股份有限公司,股票型,20210608,,20210617,20210510,nan,2.5621,0.5,0.15,,1.0,0.1,,中证全球中国教育主题指数×100%,L,被动指数型,股票型,,20210617,20210617,E,L
508000.SH,华安张江产业园REIT,华安基金管理有限公司,招商银行股份有限公司,REITs,20210607,,20210621,20210531,nan,5.0,nan,0.01,,1.0,0.299,,该基金暂未披露业绩比较基准,L,nan,其他型,,nan,nan,E,L
180301.SZ,红土创新盐田港仓储物流REIT,红土创新基金管理有限公司,招商银行股份有限公司,REITs,20210607,,20210621,20210531,nan,8.0,nan,0.01,,1.0,0.23,,该基金暂未披露业绩比较基准,L,nan,其他型,,nan,nan,E,L
180801.SZ,中航首钢生物质REIT,中航基金管理有限公司,招商银行股份有限公司,REITs,20210607,,20210621,20210531,nan,1.0,nan,0.05,,1.0,1.338,,该基金暂未披露业绩比较基准,L,nan,其他型,,nan,nan,E,L
180201.SZ,平安广州交投广河高速公路REIT,平安基金管理有限公司,中国工商银行股份有限公司,REITs,20210607,,20210621,20210531,nan,7.0,nan,0.03,,1.0,1.302,,该基金暂未披露业绩比较基准,L,nan,其他型,,nan,nan,E,L
508001.SH,浙商证券沪杭甬杭徽高速REIT,浙江浙商证券资产管理有限公司,招商银行股份有限公司,REITs,20210607,,20210621,20210531,nan,5.0,nan,nan,,1.0,0.872,,该基金暂未披露业绩比较基准,L,nan,其他型,,nan,nan,E,L
508056.SH,中金普洛斯仓储物流REIT,中金基金管理有限公司,兴业银行股份有限公司,REITs,20210607,,20210621,20210531,nan,15.0,nan,0.01,,1.0,0.389,,该基金暂未披露业绩比较基准,L,nan,其他型,,nan,nan,E,L
508027.SH,东吴苏州工业园区产业园REIT,东吴基金管理有限公司,招商银行股份有限公司,REITs,20210607,,20210621,20210531,nan,9.0,nan,0.01,,1.0,0.388,,该基金暂未披露业绩比较基准,L,nan,其他型,,nan,nan,E,L
508006.SH,富国首创水务REIT,富国基金管理有限公司,招商银行股份有限公司,REITs,20210607,,20210621,20210531,nan,5.0,nan,0.01,,1.0,0.37,,该基金暂未披露业绩比较基准,L,nan,其他型,,nan,nan,E,L
180101.SZ,博时招商蛇口产业园REIT,博时基金管理有限公司,招商银行股份有限公司,REITs,20210607,,20210621,20210531,nan,9.0,nan,0.015,,1.0,0.231,,该基金暂未披露业绩比较基准,L,nan,其他型,,nan,nan,E,L
516380.SH,华宝中证智能电动汽车ETF,华宝基金管理有限公司,中国建设银行股份有限公司,股票型,20210604,,20210618,20210521,nan,3.1345,0.5,0.1,,1.0,0.1,,中证智能电动汽车指数收益率×100%,L,被动指数型,股票型,,20210618,20210618,E,L
516390.SH,汇添富中证新能源汽车产业ETF,汇添富基金管理股份有限公司,中国工商银行股份有限公司,股票型,20210603,,20210618,20210517,nan,3.5926,0.15,0.05,,1.0,0.1,,中证新能源汽车产业指数收益率×100%,L,被动指数型,股票型,,20210618,20210618,E,L
516910.SH,富国中证现代物流ETF,富国基金管理有限公司,兴业银行股份有限公司,股票型,20210603,,20210611,20210506,nan,2.8114,0.5,0.1,,1.0,0.1,,中证现代物流指数×100%,L,被动指数型,股票型,,20210611,20210611,E,L
159898.SZ,招商中证全指医疗器械ETF,招商基金管理有限公司,国泰海通证券股份有限公司,股票型,20210527,,20210604,20210507,nan,3.331,0.5,0.1,,1.0,0.1,,中证全指医疗器械指数收益率×100%,L,被动指数型,股票型,,20210604,20210604,E,L
159891.SZ,建信中证全指医疗保健设备与服务ETF,建信基金管理有限责任公司,中信建投证券股份有限公司,股票型,20210527,,20210615,20210506,nan,2.5602,0.5,0.1,,1.0,0.1,,中证全指医疗保健设备与服务指数收益率×100%,L,被动指数型,股票型,,20210615,20210615,E,L
516320.SH,华夏中证装备产业ETF,华夏基金管理有限公司,中国银行股份有限公司,股票型,20210527,,20210608,20210510,nan,2.6159,0.5,0.1,,1.0,0.1,,中证装备产业指数收益率×100%,L,被动指数型,股票型,,20210608,20210608,E,L
159703.SZ,天弘中证新材料主题ETF,天弘基金管理有限公司,华泰证券股份有限公司,股票型,20210527,,20210608,20210510,nan,2.9418,0.5,0.1,,1.0,0.1,,中证新材料主题指数×100%,L,被动指数型,股票型,,20210608,20210608,E,L
159741.SZ,嘉实恒生科技ETF(QDII),嘉实基金管理有限公司,招商银行股份有限公司,股票型,20210526,,20210603,20210514,nan,4.218,0.15,0.05,,1.0,0.1,,恒生科技指数收益率(使用估值汇率折算)×100%,L,被动指数型,股票型,,20210603,20210603,E,L
159735.SZ,银华中证港股通消费主题ETF,银华基金管理股份有限公司,中国工商银行股份有限公司,股票型,20210525,,20210604,20210512,nan,2.3956,0.15,0.05,,1.0,0.1,,中证港股通消费主题指数收益率×100%,L,被动指数型,股票型,,20210604,20210604,E,L
513130.SH,华泰柏瑞南方东英恒生科技指数ETF(QDII),华泰柏瑞基金管理有限公司,中国建设银行股份有限公司,股票型,20210524,,20210601,20210512,nan,11.7225,0.2,0.05,,1.0,0.1,,恒生科技指数收益率(使用估值汇率折算)×100%,L,被动指数型,股票型,,20210601,20210601,E,L
517350.SH,广发中证沪港深科技龙头ETF,广发基金管理有限公司,中国建设银行股份有限公司,股票型,20210520,,20210603,20210427,nan,3.1454,0.5,0.1,,1.0,0.1,,中证沪港深科技龙头指数×100%,L,被动指数型,股票型,,20210603,20210603,E,L
516310.SH,易方达中证银行ETF,易方达基金管理有限公司,中国建设银行股份有限公司,股票型,20210520,,20210528,20210430,nan,3.0656,0.15,0.05,,1.0,0.1,,中证银行指数收益率×100%,L,被动指数型,股票型,,20210528,20210528,E,L
513580.SH,华安恒生科技ETF(QDII),华安基金管理有限公司,中国银行股份有限公司,股票型,20210520,,20210527,20210512,nan,4.5512,0.5,0.1,,1.0,0.1,,恒生科技指数收益率×100%,L,被动指数型,股票型,,20210527,20210527,E,L
513180.SH,华夏恒生科技ETF(QDII),华夏基金管理有限公司,中国建设银行股份有限公司,股票型,20210518,,20210525,20210512,nan,14.5576,0.5,0.15,,1.0,0.1,,恒生科技指数收益率(使用估值汇率折算)×100%,L,被动指数型,股票型,,20210525,20210525,E,L
513010.SH,易方达恒生科技ETF(QDII),易方达基金管理有限公司,招商银行股份有限公司,股票型,20210518,,20210525,20210512,nan,12.0131,0.2,0.05,,1.0,0.1,,恒生科技指数收益率×100%,L,被动指数型,股票型,,20210525,20210525,E,L
159740.SZ,大成恒生科技ETF(QDII),大成基金管理有限公司,中国银行股份有限公司,股票型,20210518,,20210527,20210511,nan,3.9312,0.5,0.1,,1.0,0.1,,恒生科技指数收益率×100%,L,被动指数型,股票型,,20210527,20210527,E,L
159742.SZ,博时恒生科技ETF(QDII),博时基金管理有限公司,中国民生银行股份有限公司,股票型,20210517,,20210525,20210512,nan,3.1193,0.5,0.15,,1.0,0.1,,恒生科技指数×100%,L,被动指数型,股票型,,20210525,20210525,E,L
159888.SZ,华夏中证智能汽车主题ETF,华夏基金管理有限公司,中信银行股份有限公司,股票型,20210513,,20210521,20210426,nan,7.8545,0.5,0.1,,1.0,0.1,,中证智能汽车主题指数收益率×100%,L,被动指数型,股票型,,20210521,20210521,E,L
159887.SZ,富国中证800银行ETF,富国基金管理有限公司,招商银行股份有限公司,股票型,20210512,,20210520,20210412,nan,5.2052,0.5,0.1,,1.0,0.1,,中证800银行指数收益率×100%,L,被动指数型,股票型,,20210520,20210520,E,L
513690.SH,博时恒生港股通红利ETF,博时基金管理有限公司,中国国际金融股份有限公司,股票型,20210511,,20210520,20210329,nan,3.2548,0.5,0.1,,1.0,0.1,,恒生港股通红利指数(港元)收益率(经估值汇率调整后)×100%,L,被动指数型,股票型,,20210520,20210520,E,L
516700.SH,华宝中证大数据产业ETF,华宝基金管理有限公司,中国建设银行股份有限公司,股票型,20210511,,20210519,20210415,nan,2.9112,0.5,0.1,,1.0,0.1,,中证大数据产业指数收益率×100%,L,被动指数型,股票型,,20210519,20210519,E,L
159836.SZ,天弘创业板300ETF,天弘基金管理有限公司,国泰海通证券股份有限公司,股票型,20210511,,20210525,20210408,nan,3.2175,0.5,0.1,,1.0,0.1,,创业板300指数收益率×100%,L,被动指数型,股票型,,20210525,20210525,E,L
516360.SH,华宝中证新材料主题ETF,华宝基金管理有限公司,中国工商银行股份有限公司,股票型,20210430,,20210513,20210416,nan,3.3855,0.5,0.1,,1.0,0.1,,中证新材料主题指数收益率×100%,L,被动指数型,股票型,,20210513,20210513,E,L
516590.SH,易方达中证智能电动汽车ETF,易方达基金管理有限公司,招商银行股份有限公司,股票型,20210429,,20210512,20210419,nan,4.6302,0.15,0.05,,1.0,0.1,,中证智能电动汽车指数收益率×100%,L,被动指数型,股票型,,20210512,20210512,E,L
516950.SH,银华中证基建ETF,银华基金管理股份有限公司,招商银行股份有限公司,股票型,20210429,,20210514,20210414,nan,4.1482,0.5,0.1,,1.0,0.1,,中证基建指数×100%,L,被动指数型,股票型,,20210514,20210514,E,L
516610.SH,大成中证全指医疗保健设备与服务ETF,大成基金管理有限公司,上海银行股份有限公司,股票型,20210429,,20210513,20210329,nan,3.7397,0.5,0.1,,1.0,0.1,,中证全指医疗保健设备与服务指数收益率×100%,L,被动指数型,股票型,,20210513,20210513,E,L
159883.SZ,永赢中证全指医疗器械ETF,永赢基金管理有限公司,招商银行股份有限公司,股票型,20210422,,20210430,20210406,nan,2.5104,0.5,0.1,,1.0,0.1,,中证全指医疗器械指数收益率×100%,L,被动指数型,股票型,,20210430,20210430,E,L
516900.SH,华安中证申万食品饮料ETF,华安基金管理有限公司,中国建设银行股份有限公司,股票型,20210416,,20210428,20210315,nan,2.7273,0.5,0.1,,1.0,0.1,,中证申万食品饮料指数收益率×100%,L,被动指数型,股票型,,20210428,20210428,E,L
516070.SH,易方达中证内地低碳经济主题ETF,易方达基金管理有限公司,申万宏源证券有限公司,股票型,20210415,,20210423,20210330,nan,3.9532,0.15,0.05,,1.0,0.1,,中证内地低碳经济主题指数收益率×100%,L,被动指数型,股票型,,20210423,20210423,E,L
159886.SZ,富国中证细分机械设备产业主题ETF,富国基金管理有限公司,中国工商银行股份有限公司,股票型,20210415,,20210428,20210322,nan,2.4304,0.5,0.1,,1.0,0.1,,中证细分机械设备产业主题指数收益率×100%,L,被动指数型,股票型,,20210428,20210428,E,L
516110.SH,国泰中证800汽车与零部件ETF,国泰基金管理有限公司,中信银行股份有限公司,股票型,20210407,,20210507,20210322,nan,2.0962,0.5,0.1,,1.0,0.1,,中证800汽车与零部件指数收益率×100%,L,被动指数型,股票型,,20210507,20210507,E,L
516960.SH,国泰中证细分机械设备产业主题ETF,国泰基金管理有限公司,中信建投证券股份有限公司,股票型,20210407,,20210507,20210322,nan,2.0505,0.5,0.1,,1.0,0.1,,中证细分机械设备产业主题指数收益率×100%,L,被动指数型,股票型,,20210507,20210507,E,L
517170.SH,华夏中证沪港深500ETF,华夏基金管理有限公司,中国银行股份有限公司,股票型,20210407,,20210420,20210329,nan,3.0113,0.5,0.1,,1.0,0.1,,中证沪港深500指数收益率×100%,L,被动指数型,股票型,,20210420,20210420,E,L
159885.SZ,鹏华中证内地低碳经济主题ETF,鹏华基金管理有限公司,华泰证券股份有限公司,股票型,20210406,,20210414,20210324,nan,3.3615,0.5,0.1,,1.0,0.1,,中证内地低碳经济主题指数收益率×100%,L,被动指数型,股票型,,20210414,20210414,E,L
164826.SZ,工银瑞信创业板两年定开混合-A,工银瑞信基金管理有限公司,中国农业银行股份有限公司,混合型,20210402,,nan,20210224,nan,1.9973,1.2,0.2,,1.0,0.1,,创业板指数收益率×75%+中债综合财富(总值)指数收益率×20%+恒生指数收益率×5%,L,nan,混合型,,20230403,20230403,E,L
516330.SH,华泰柏瑞中证物联网主题ETF,华泰柏瑞基金管理有限公司,上海浦东发展银行股份有限公司,股票型,20210331,,20210409,20210319,nan,2.4607,0.5,0.1,,1.0,0.1,,中证物联网主题指数收益率×100%,L,被动指数型,股票型,,20210409,20210409,E,L
516550.SH,嘉实中证大农业ETF,嘉实基金管理有限公司,中国银行股份有限公司,股票型,20210330,,20210408,20210310,nan,2.6241,0.5,0.1,,1.0,0.1,,中证大农业指数收益率×100%,L,被动指数型,股票型,,20210408,20210408,E,L
516510.SH,易方达中证云计算与大数据主题ETF,易方达基金管理有限公司,招商银行股份有限公司,股票型,20210329,,20210407,20210319,nan,3.8489,0.15,0.05,,1.0,0.1,,中证云计算与大数据主题指数收益率×100%,L,被动指数型,股票型,,20210407,20210407,E,L
159890.SZ,招商中证云计算与大数据主题ETF,招商基金管理有限公司,中信证券股份有限公司,股票型,20210325,,20210402,20210319,nan,2.3259,0.15,0.1,,1.0,0.1,,中证云计算与大数据主题指数收益率×100%,L,被动指数型,股票型,,20210402,20210402,E,L
159866.SZ,工银瑞信大和日经225ETF(QDII),工银瑞信基金管理有限公司,中国农业银行股份有限公司,股票型,20210324,,20210408,20210301,nan,2.4398,0.2,0.05,,1.0,0.1,,日经225指数收益率(经汇率调整后)×100%,L,被动指数型,股票型,,20210408,20210408,E,L
159861.SZ,国泰中证环保产业50ETF,国泰基金管理有限公司,中国民生银行股份有限公司,股票型,20210319,,20210402,20210315,nan,2.2612,0.5,0.1,,1.0,0.1,,中证环保产业50指数收益率×100%,L,被动指数型,股票型,,20210402,20210402,E,L
516670.SH,招商中证畜牧养殖ETF,招商基金管理有限公司,中信建投证券股份有限公司,股票型,20210318,,20210326,20210303,nan,2.9527,0.2,0.1,,1.0,0.1,,中证畜牧养殖指数收益率×100%,L,被动指数型,股票型,,20210326,20210326,E,L
513060.SH,博时恒生医疗保健ETF(QDII),博时基金管理有限公司,中国农业银行股份有限公司,股票型,20210318,,20210329,20210308,nan,3.0789,0.5,0.15,,1.0,0.1,,恒生医疗保健指数×100%,L,被动指数型,股票型,,20210329,20210329,E,L
159845.SZ,华夏中证1000ETF,华夏基金管理有限公司,招商银行股份有限公司,股票型,20210318,,20210331,20210304,nan,2.2887,0.15,0.05,,1.0,0.1,,中证1000指数收益率×100%,L,被动指数型,股票型,,20210331,20210331,E,L
159873.SZ,天弘中证全指医疗保健设备与服务ETF,天弘基金管理有限公司,华泰证券股份有限公司,股票型,20210316,,20210329,20210225,nan,2.3192,0.5,0.1,,1.0,0.1,,中证全指医疗保健设备与服务指数×100%,L,被动指数型,股票型,,20210329,20210329,E,L
516300.SH,华泰柏瑞中证1000ETF,华泰柏瑞基金管理有限公司,招商证券股份有限公司,股票型,20210315,,20210324,20210305,nan,2.226,0.15,0.05,,1.0,0.1,,中证1000指数收益率×100%,L,被动指数型,股票型,,20210324,20210324,E,L
159876.SZ,华宝中证有色金属ETF,华宝基金管理有限公司,招商银行股份有限公司,股票型,20210312,,20210324,20210301,nan,2.7089,0.5,0.1,,1.0,0.1,,中证有色金属指数收益率×100%,L,被动指数型,股票型,,20210324,20210324,E,L
159858.SZ,南方中证创新药产业ETF,南方基金管理股份有限公司,招商银行股份有限公司,股票型,20210312,,20210325,20210304,nan,3.621,0.15,0.05,,1.0,0.1,,中证创新药产业指数收益率×100%,L,被动指数型,股票型,,20210325,20210325,E,L
516090.SH,易方达中证新能源ETF,易方达基金管理有限公司,中国建设银行股份有限公司,股票型,20210311,,20210319,20210224,nan,2.6692,0.15,0.05,,1.0,0.1,,中证新能源指数收益率×100%,L,被动指数型,股票型,,20210319,20210319,E,L
159835.SZ,建信中证创新药产业ETF,建信基金管理有限责任公司,中信证券股份有限公司,股票型,20210311,,20210329,20210222,nan,3.045,0.5,0.1,,1.0,0.1,,中证创新药产业指数×100%,L,被动指数型,股票型,,20210329,20210329,E,L
159871.SZ,银华中证有色金属ETF,银华基金管理股份有限公司,中国建设银行股份有限公司,股票型,20210310,,20210331,20210301,nan,2.7737,0.15,0.05,,1.0,0.1,,中证有色金属指数收益率×100%,L,被动指数型,股票型,,20210331,20210331,E,L
516850.SH,华夏中证新能源ETF,华夏基金管理有限公司,中国银行股份有限公司,股票型,20210309,,20210319,20210301,nan,2.6624,0.5,0.1,,1.0,0.1,,中证新能源指数收益率×100%,L,被动指数型,股票型,,20210319,20210319,E,L
516200.SH,华安中证全指证券公司ETF,华安基金管理有限公司,中国建设银行股份有限公司,股票型,20210309,,20210322,20210222,nan,2.556,0.5,0.1,,1.0,0.1,,中证全指证券公司指数收益率×100%,L,被动指数型,股票型,,20210322,20210322,E,L
516150.SH,嘉实中证稀土产业ETF,嘉实基金管理有限公司,中国建设银行股份有限公司,股票型,20210309,,20210317,20210303,nan,6.4358,0.5,0.1,,1.0,0.1,,中证稀土产业指数收益率×100%,L,被动指数型,股票型,,20210317,20210317,E,L
159880.SZ,鹏华国证有色金属行业ETF,鹏华基金管理有限公司,中信证券股份有限公司,股票型,20210308,,20210325,20210301,nan,2.4705,0.5,0.1,,1.0,0.1,,国证有色金属行业指数收益率×100%,L,被动指数型,股票型,,20210325,20210325,E,L
516760.SH,平安中证畜牧养殖ETF,平安基金管理有限公司,招商银行股份有限公司,股票型,20210304,,20210312,20210224,nan,2.2522,0.5,0.1,,1.0,0.1,,中证畜牧养殖指数收益率×100%,L,被动指数型,股票型,,20210312,20210312,E,L
159851.SZ,华宝中证金融科技主题ETF,华宝基金管理有限公司,中国建设银行股份有限公司,股票型,20210304,,20210319,20210222,nan,2.5445,0.5,0.1,,1.0,0.1,,中证金融科技主题指数收益率×100%,L,被动指数型,股票型,,20210319,20210319,E,L
516500.SH,华夏中证生物科技主题ETF,华夏基金管理有限公司,中国建设银行股份有限公司,股票型,20210304,,20210317,20210222,nan,3.0694,0.5,0.1,,1.0,0.1,,中证生物科技主题指数收益率×100%,L,被动指数型,股票型,,20210317,20210317,E,L
159842.SZ,银华中证全指证券公司ETF,银华基金管理股份有限公司,招商银行股份有限公司,股票型,20210303,,20210319,20210222,nan,4.9225,0.15,0.05,,1.0,0.1,,中证全指证券公司指数收益率×100%,L,被动指数型,股票型,,20210319,20210319,E,L
516220.SH,国泰中证细分化工产业主题ETF,国泰基金管理有限公司,中信建投证券股份有限公司,股票型,20210302,,20210310,20210222,nan,11.4217,0.5,0.1,,1.0,0.1,,中证细分化工产业主题指数收益率×100%,L,被动指数型,股票型,,20210310,20210310,E,L
159865.SZ,国泰中证畜牧养殖ETF,国泰基金管理有限公司,浙商银行股份有限公司,股票型,20210301,,20210308,20210223,nan,5.1346,0.5,0.1,,1.0,0.1,,中证畜牧养殖指数收益率×100%,L,被动指数型,股票型,,20210308,20210308,E,L
516120.SH,富国中证细分化工产业主题ETF,富国基金管理有限公司,中国建设银行股份有限公司,股票型,20210301,,20210309,20210219,nan,22.5608,0.5,0.1,,1.0,0.1,,中证细分化工产业主题指数收益率×100%,L,被动指数型,股票型,,20210309,20210309,E,L
516780.SH,华泰柏瑞中证稀土产业ETF,华泰柏瑞基金管理有限公司,中国银河证券股份有限公司,股票型,20210226,,20210308,20210222,nan,19.9995,0.5,0.1,,1.0,0.1,,中证稀土产业指数×100%,L,被动指数型,股票型,,20210308,20210308,E,L
516020.SH,华宝中证细分化工产业主题ETF,华宝基金管理有限公司,中国银行股份有限公司,股票型,20210226,,20210308,20210222,nan,10.9683,0.5,0.1,,1.0,0.1,,中证细分化工产业主题指数收益率×100%,L,被动指数型,股票型,,20210308,20210308,E,L
516010.SH,国泰中证动漫游戏ETF,国泰基金管理有限公司,上海浦东发展银行股份有限公司,股票型,20210225,,20210305,20210219,nan,8.4769,0.5,0.1,,1.0,0.1,,中证动漫游戏指数收益率×100%,L,被动指数型,股票型,,20210305,20210305,E,L
516770.SH,华泰柏瑞中证动漫游戏ETF,华泰柏瑞基金管理有限公司,招商银行股份有限公司,股票型,20210225,,20210305,20210219,nan,6.3225,0.3,0.06,,1.0,0.1,,中证动漫游戏指数收益率×100%,L,被动指数型,股票型,,20210305,20210305,E,L
159867.SZ,鹏华中证畜牧养殖ETF,鹏华基金管理有限公司,华泰证券股份有限公司,股票型,20210225,,20210305,20210218,nan,3.7264,0.5,0.1,,1.0,0.1,,中证畜牧养殖指数收益率×100%,L,被动指数型,股票型,,20210305,20210305,E,L
159869.SZ,华夏中证动漫游戏ETF,华夏基金管理有限公司,中国民生银行股份有限公司,股票型,20210225,,20210305,20210219,nan,10.0008,0.5,0.1,,1.0,0.1,,中证动漫游戏指数收益率×100%,L,被动指数型,股票型,,20210305,20210305,E,L
159870.SZ,鹏华中证细分化工产业主题ETF,鹏华基金管理有限公司,华泰证券股份有限公司,股票型,20210223,,20210303,20210218,nan,20.0011,0.5,0.1,,1.0,0.1,,中证细分化工产业主题指数收益率×100%,L,被动指数型,股票型,,20210303,20210303,E,L
159863.SZ,鹏华中证光伏产业ETF,鹏华基金管理有限公司,申万宏源证券有限公司,股票型,20210222,,20210311,20210208,nan,4.6882,0.5,0.1,,1.0,0.1,,中证光伏产业指数收益率×100%,L,被动指数型,股票型,,20210311,20210311,E,L
160727.SZ,嘉实创业板两年定开混合,嘉实基金管理有限公司,招商银行股份有限公司,混合型,20210210,,nan,20210125,nan,10.5601,1.2,0.2,,1.0,0.1,,创业板综合指数收益率×70%+中债综合财富指数收益率×20%+恒生指数收益率(人民币计价)×10%,L,nan,混合型,,20230210,20230210,E,L
516520.SH,华泰柏瑞中证智能汽车主题ETF,华泰柏瑞基金管理有限公司,申万宏源证券有限公司,股票型,20210209,,20210301,20210201,nan,3.2377,0.5,0.1,,1.0,0.1,,中证智能汽车主题指数收益率×100%,L,被动指数型,股票型,,20210301,20210301,E,L
516600.SH,工银瑞信中证消费服务领先ETF,工银瑞信基金管理有限公司,中信建投证券股份有限公司,股票型,20210209,,20210226,20210121,nan,3.5333,0.45,0.07,,1.0,0.1,,中证消费服务领先指数收益率×100%,L,被动指数型,股票型,,20210226,20210226,E,L
159848.SZ,国联安中证全指证券公司ETF,国联安基金管理有限公司,国泰海通证券股份有限公司,股票型,20210209,,20210312,20210128,nan,2.5318,0.15,0.05,,1.0,0.1,,中证全指证券公司指数×100%,L,被动指数型,股票型,,20210312,20210312,E,L
516180.SH,平安中证光伏产业ETF,平安基金管理有限公司,中信证券股份有限公司,股票型,20210209,,20210303,20210201,nan,3.3099,0.5,0.1,,1.0,0.1,,中证光伏产业指数收益率×100%,L,被动指数型,股票型,,20210303,20210303,E,L
159855.SZ,银华中证影视主题ETF,银华基金管理股份有限公司,招商银行股份有限公司,股票型,20210209,,20210226,20210201,nan,3.2993,0.5,0.1,,1.0,0.1,,中证影视主题指数收益率×100%,L,被动指数型,股票型,,20210226,20210226,E,L
517100.SH,富国中证沪港深500ETF,富国基金管理有限公司,中国银行股份有限公司,股票型,20210209,,20210302,20210125,nan,7.871,0.5,0.1,,1.0,0.1,,中证沪港深500指数收益率×100%,L,被动指数型,股票型,,20210302,20210302,E,L
516000.SH,华夏中证大数据产业ETF,华夏基金管理有限公司,中国银行股份有限公司,股票型,20210209,,20210301,20210128,nan,3.0486,0.5,0.1,,1.0,0.1,,中证大数据产业指数收益率×100%,L,被动指数型,股票型,,20210301,20210301,E,L
516060.SH,工银瑞信中证创新药产业ETF,工银瑞信基金管理有限公司,申万宏源证券有限公司,股票型,20210209,,20210301,20210125,nan,2.9024,0.45,0.07,,1.0,0.1,,中证创新药产业指数收益率×100%,L,被动指数型,股票型,,20210301,20210301,E,L
159849.SZ,招商中证生物科技主题ETF,招商基金管理有限公司,中国银河证券股份有限公司,股票型,20210208,,20210302,20210120,nan,2.2737,0.5,0.1,,1.0,0.1,,中证生物科技主题指数收益率×100%,L,被动指数型,股票型,,20210302,20210302,E,L
159857.SZ,天弘中证光伏产业ETF,天弘基金管理有限公司,中信建投证券股份有限公司,股票型,20210204,,20210224,20210125,nan,4.1652,0.5,0.1,,1.0,0.1,,中证光伏产业指数×100%,L,被动指数型,股票型,,20210224,20210224,E,L
517300.SH,国寿安保中证沪港深300ETF,国寿安保基金管理有限公司,招商银行股份有限公司,股票型,20210204,,20210224,20210125,nan,39.3643,0.5,0.1,,1.0,0.1,,中证沪港深300指数×100%,L,被动指数型,股票型,,20210224,20210224,E,L
517000.SH,银华中证沪港深500ETF,银华基金管理股份有限公司,招商银行股份有限公司,股票型,20210204,,20210305,20210118,nan,14.8279,0.5,0.1,,1.0,0.1,,中证沪港深500指数收益率×100%,L,被动指数型,股票型,,20210305,20210305,E,L
516080.SH,易方达中证创新药产业ETF,易方达基金管理有限公司,中国银行股份有限公司,股票型,20210203,,20210223,20210120,nan,5.6155,0.15,0.05,,1.0,0.1,,中证创新药产业指数收益率×100%,L,被动指数型,股票型,,20210223,20210223,E,L
515230.SH,国泰中证全指软件ETF,国泰基金管理有限公司,平安银行股份有限公司,股票型,20210203,,20210302,20210125,nan,4.4969,0.5,0.1,,1.0,0.1,,中证全指软件指数收益率×100%,L,被动指数型,股票型,,20210302,20210302,E,L
516660.SH,华安中证新能源汽车ETF,华安基金管理有限公司,中国农业银行股份有限公司,股票型,20210203,,20210226,20210111,nan,5.7169,0.5,0.1,,1.0,0.1,,中证新能源汽车指数收益率×100%,L,被动指数型,股票型,,20210226,20210226,E,L
159839.SZ,汇添富国证生物医药ETF,汇添富基金管理股份有限公司,招商银行股份有限公司,股票型,20210201,,20210222,20210118,nan,4.7274,0.5,0.1,,1.0,0.1,,国证生物医药指数收益率×100%,L,被动指数型,股票型,,20210222,20210222,E,L
159850.SZ,华夏恒生中国企业ETF(QDII),华夏基金管理有限公司,招商银行股份有限公司,股票型,20210201,,20210219,20210125,nan,11.1471,0.5,0.15,,1.0,0.1,,恒生中国企业指数收益率(使用估值汇率折算)×100%,L,被动指数型,股票型,,20210219,20210219,E,L
517080.SH,汇添富中证沪港深500ETF,汇添富基金管理股份有限公司,中国工商银行股份有限公司,股票型,20210201,,20210222,20210120,nan,10.8917,0.15,0.05,,1.0,0.1,,中证沪港深500指数收益率×100%,L,被动指数型,股票型,,20210222,20210222,E,L
159852.SZ,嘉实中证软件服务ETF,嘉实基金管理有限公司,中国银行股份有限公司,股票型,20210129,,20210209,20210125,nan,5.6862,0.5,0.1,,1.0,0.1,,中证软件服务指数收益率×100%,L,被动指数型,股票型,,20210209,20210209,E,L
516800.SH,华宝中证智能制造主题ETF,华宝基金管理有限公司,中国工商银行股份有限公司,股票型,20210129,,20210219,20210111,nan,8.5515,0.5,0.1,,1.0,0.1,,中证智能制造主题指数收益率×100%,L,被动指数型,股票型,,20210219,20210219,E,L
159841.SZ,天弘中证全指证券公司ETF,天弘基金管理有限公司,国泰海通证券股份有限公司,股票型,20210128,,20210209,20210118,nan,3.7184,0.5,0.1,,1.0,0.1,,中证全指证券公司指数×100%,L,被动指数型,股票型,,20210209,20210209,E,L
513330.SH,华夏恒生互联网科技业ETF(QDII),华夏基金管理有限公司,中国建设银行股份有限公司,股票型,20210126,,20210208,20210118,nan,75.5548,0.5,0.15,,1.0,0.1,,恒生互联网科技业指数收益率(使用估值汇率折算)×100%,L,被动指数型,股票型,,20210208,20210208,E,L
159843.SZ,招商国证食品饮料行业ETF,招商基金管理有限公司,申万宏源证券有限公司,股票型,20210125,,20210205,20210106,nan,7.0196,0.5,0.1,,1.0,0.1,,国证食品饮料行业指数收益率×100%,L,被动指数型,股票型,,20210205,20210205,E,L
517200.SH,嘉实中证沪港深互联网ETF,嘉实基金管理有限公司,中国建设银行股份有限公司,股票型,20210125,,20210208,20210119,nan,3.0978,0.5,0.1,,1.0,0.1,,中证沪港深互联网指数收益率×100%,L,被动指数型,股票型,,20210208,20210208,E,L
517050.SH,华泰柏瑞中证沪港深互联网ETF,华泰柏瑞基金管理有限公司,中信建投证券股份有限公司,股票型,20210125,,20210208,20210119,nan,14.3161,0.5,0.1,,1.0,0.1,,中证沪港深互联网指数收益率×100%,L,被动指数型,股票型,,20210208,20210208,E,L
159856.SZ,工银瑞信中证沪港深互联网ETF,工银瑞信基金管理有限公司,国信证券股份有限公司,股票型,20210122,,20210201,20210119,nan,7.4137,0.45,0.07,,1.0,0.1,,中证沪港深互联网指数收益率×100%,L,被动指数型,股票型,,20210201,20210201,E,L
516160.SH,南方中证新能源ETF,南方基金管理股份有限公司,中国农业银行股份有限公司,股票型,20210122,,20210204,20210114,nan,20.388,0.15,0.05,,1.0,0.1,,中证新能源指数收益率×100%,L,被动指数型,股票型,,20210204,20210204,E,L
516050.SH,工银瑞信中证科技龙头ETF,工银瑞信基金管理有限公司,中信证券股份有限公司,股票型,20210121,,20210205,20210104,nan,12.2423,0.45,0.07,,1.0,0.1,,中证科技龙头指数收益率×100%,L,被动指数型,股票型,,20210205,20210205,E,L
515910.SH,中金MSCI中国A股国际质量ETF,中金基金管理有限公司,招商证券股份有限公司,股票型,20210121,,20210226,20201225,nan,5.2451,0.3,0.05,,1.0,0.1,,MSCI中国A股国际质量指数收益率×100%,L,被动指数型,股票型,,20210226,20210226,E,L
159837.SZ,易方达中证生物科技主题ETF,易方达基金管理有限公司,中国建设银行股份有限公司,股票型,20210114,,20210127,20201228,nan,28.1415,0.15,0.05,,1.0,0.1,,中证生物科技主题指数收益率×100%,L,被动指数型,股票型,,20210127,20210127,E,L
163418.SZ,兴全合兴混合(LOF)-A,兴证全球基金管理有限公司,兴业银行股份有限公司,混合型,20210112,,20210415,20210106,nan,79.2003,1.2,0.2,,1.0,0.1,,沪深300指数收益率×60%+恒生指数收益率(使用估值汇率折算)×20%+中债综合(全价)指数收益率×20%,L,混合型,混合型,,20230112,20230112,E,L
501203.SH,易方达创新未来混合(LOF),易方达基金管理有限公司,上海浦东发展银行股份有限公司,混合型,20210109,,20210121,nan,nan,nan,1.2,0.2,,1.0,nan,,中证800指数收益率×65%+中债总指数收益率×20%+中证港股通综合指数收益率×15%,L,混合型,混合型,,20220329,20220329,E,L
501206.SH,汇添富创新未来混合(LOF),汇添富基金管理股份有限公司,上海浦东发展银行股份有限公司,混合型,20210109,,20210121,nan,nan,nan,1.2,0.2,,1.0,nan,,中证800指数收益率×55%+恒生指数收益率(使用估值汇率折算)×25%+中债综合指数收益率×20%,L,混合型,混合型,,nan,nan,E,L
501208.SH,中欧创新未来混合(LOF),中欧基金管理有限公司,上海浦东发展银行股份有限公司,混合型,20210109,,20210121,nan,nan,nan,1.2,0.2,,1.0,nan,,中证800指数收益率×70%+银行活期存款利率(税后)×20%+恒生指数收益率×10%,L,混合型,混合型,,20220411,20220411,E,L
501207.SH,华夏创新未来混合(LOF),华夏基金管理有限公司,上海浦东发展银行股份有限公司,混合型,20210109,,20210121,nan,nan,nan,1.2,0.2,,1.0,nan,,中证科技100指数收益率×65%+恒生科技指数收益率×20%+上证国债指数收益率×15%,L,混合型,混合型,,20220413,20220413,E,L
501205.SH,鹏华创新未来混合(LOF)-C,鹏华基金管理有限公司,上海浦东发展银行股份有限公司,混合型,20210109,,20210121,nan,nan,nan,1.2,0.2,,1.0,nan,,中证800指数收益率×70%+恒生指数收益率(经汇率估值调整)×10%+中证综合债指数收益率×20%,L,混合型,混合型,,20220330,20220330,E,L
515400.SH,富国中证大数据产业ETF,富国基金管理有限公司,中信证券股份有限公司,股票型,20210107,,20210120,20201201,nan,5.3063,0.5,0.1,,1.0,0.1,,中证大数据产业指数收益率×100%,L,被动指数型,股票型,,20210120,20210120,E,L
516880.SH,银华中证光伏产业ETF,银华基金管理股份有限公司,招商银行股份有限公司,股票型,20210105,,20210118,20201229,nan,19.9994,0.5,0.1,,1.0,0.1,,中证光伏产业指数收益率×100%,L,被动指数型,股票型,,20210118,20210118,E,L
160218.SZ,国泰国证房地产行业指数-A,国泰基金管理有限公司,中国银行股份有限公司,股票型,20210101,,20210120,nan,nan,nan,1.0,0.2,,1.0,nan,,国证房地产行业指数收益率×95%+银行活期存款利率(税后)×5%,L,被动指数型,股票型,,20210105,20210105,E,L
502003.SH,易方达中证军工指数(LOF)-A,易方达基金管理有限公司,中国建设银行股份有限公司,股票型,20210101,,20210101,nan,nan,nan,1.0,0.2,,1.0,nan,,中证军工指数收益率×95%+同期银行活期存款利率(税后)×5%,L,被动指数型,股票型,,20210105,20210105,E,L
502006.SH,易方达中证国有企业改革指数(LOF)-A,易方达基金管理有限公司,中国建设银行股份有限公司,股票型,20210101,,20210101,nan,nan,nan,1.0,0.2,,1.0,nan,,中证国有企业改革指数收益率×95%+同期银行活期存款利率(税后)×5%,L,被动指数型,股票型,,20210105,20210105,E,L
502010.SH,易方达中证全指证券公司指数(LOF)-A,易方达基金管理有限公司,中国建设银行股份有限公司,股票型,20210101,,20210101,nan,nan,nan,1.0,0.2,,1.0,nan,,中证全指证券公司指数收益率×95%+同期银行活期存款利率(税后)×5%,L,被动指数型,股票型,,20210105,20210105,E,L
502013.SH,长盛中证申万一带一路主题指数(LOF),长盛基金管理有限公司,中国银行股份有限公司,股票型,20210101,,20210101,nan,nan,nan,1.0,0.2,,1.0,nan,,中证申万一带一路主题指数收益率×95%+银行活期存款利率(税后)×5%,L,被动指数型,股票型,,20210105,20210105,E,L
502023.SH,鹏华国证钢铁行业指数(LOF)-A,鹏华基金管理有限公司,招商银行股份有限公司,股票型,20210101,,20210101,nan,nan,nan,1.0,0.2,,1.0,nan,,国证钢铁行业指数收益率×95%+商业银行活期存款利率(税后)×5%,L,被动指数型,股票型,,20210105,20210105,E,L
502048.SH,易方达上证50指数(LOF)-A,易方达基金管理有限公司,交通银行股份有限公司,股票型,20210101,,20210101,nan,nan,nan,1.0,0.2,,1.0,nan,,上证50指数收益率×95%+活期存款利率(税后)×5%,L,被动指数型,股票型,,20210105,20210105,E,L
502053.SH,长盛中证全指证券公司指数(LOF)-A,长盛基金管理有限公司,中国农业银行股份有限公司,股票型,20210101,,20210101,nan,nan,nan,1.0,0.2,,1.0,nan,,中证全指证券公司指数收益率×95%+银行活期存款利率(税后)×5%,L,被动指数型,股票型,,20210105,20210105,E,L
168203.SZ,国联国证钢铁行业指数-A,国联基金管理有限公司,国泰海通证券股份有限公司,股票型,20210101,,20210611,nan,nan,nan,1.0,0.2,,1.0,nan,,国证钢铁行业指数收益率×95%+同期银行活期存款利率(税后)×5%,L,被动指数型,股票型,,20210105,20210105,E,L
167301.SZ,方正富邦中证保险主题指数-A,方正富邦基金管理有限公司,国信证券股份有限公司,股票型,20210101,,20210120,nan,nan,nan,1.0,0.2,,1.0,nan,,中证方正富邦保险主题指数收益率×95%+金融机构人民币活期存款基准利率(税后)×5%,L,被动指数型,股票型,,20210105,20210105,E,L
165524.SZ,中信保诚中证智能家居指数(LOF)-A,中信保诚基金管理有限公司,中国银行股份有限公司,股票型,20210101,,nan,nan,nan,nan,1.0,0.2,,1.0,nan,,中证智能家居指数收益率×95%+金融同业存款利率×5%,L,nan,股票型,,20210105,20210105,E,L
165523.SZ,中信保诚中证信息安全指数(LOF)-A,中信保诚基金管理有限公司,中国银行股份有限公司,股票型,20210101,,nan,nan,nan,nan,1.0,0.2,,1.0,nan,,中证信息安全主题指数收益率×95%+金融同业存款利率×5%,L,nan,股票型,,20210105,20210105,E,L
165522.SZ,中信保诚中证TMT产业主题指数(LOF)-A,中信保诚基金管理有限公司,中国建设银行股份有限公司,股票型,20210101,,20210203,nan,nan,nan,1.0,0.2,,1.0,nan,,中证TMT产业主题指数收益率×95%+金融同业存款利率×5%,L,被动指数型,股票型,,20210105,20210105,E,L
165521.SZ,中信保诚中证800金融指数(LOF)-A,中信保诚基金管理有限公司,中国建设银行股份有限公司,股票型,20210101,,20210203,nan,nan,nan,1.0,0.2,,1.0,nan,,中证800金融价格指数收益率×95%+金融同业存款利率×5%,L,被动指数型,股票型,,20210105,20210105,E,L
165520.SZ,中信保诚中证800有色指数(LOF)-A,中信保诚基金管理有限公司,中国银行股份有限公司,股票型,20210101,,20210203,nan,nan,nan,1.0,0.2,,1.0,nan,,中证800有色金属指数收益率×95%+金融同业存款利率×5%,L,被动指数型,股票型,,20210105,20210105,E,L
165519.SZ,中信保诚中证800医药指数(LOF)-A,中信保诚基金管理有限公司,中国银行股份有限公司,股票型,20210101,,20210203,nan,nan,nan,1.0,0.2,,1.0,nan,,中证800制药与生物科技指数收益率×95%+金融同业存款利率×5%,L,被动指数型,股票型,,20210105,20210105,E,L
165515.SZ,中信保诚沪深300指数(LOF)-A,中信保诚基金管理有限公司,中国建设银行股份有限公司,股票型,20210101,,20210203,nan,nan,nan,1.0,0.2,,1.0,nan,,沪深300指数收益率×95%+金融同业存款利率×5%,L,被动指数型,股票型,,20210105,20210105,E,L
165511.SZ,中信保诚中证500指数(LOF)-A,中信保诚基金管理有限公司,中国建设银行股份有限公司,股票型,20210101,,20210203,nan,nan,nan,1.0,0.2,,1.0,nan,,中证500指数收益率×95%+金融同业存款利率×5%,L,被动指数型,股票型,,20210105,20210105,E,L
165312.SZ,建信央视财经50指数(LOF),建信基金管理有限责任公司,交通银行股份有限公司,股票型,20210101,,nan,nan,nan,nan,1.0,0.2,,1.0,nan,,央视50价格指数收益率×95%+银行活期存款利率(税后)×5%,L,nan,股票型,,20210105,20210105,E,L
164402.SZ,前海开源中航军工指数-A,前海开源基金管理有限公司,招商证券股份有限公司,股票型,20210101,,nan,nan,nan,nan,1.0,0.2,,1.0,nan,,中证中航军工主题指数收益率×95%+银行人民币活期存款利率(税后)×5%,L,nan,股票型,,20210105,20210105,E,L
163118.SZ,申万菱信中证申万医药生物指数-A,申万菱信基金管理有限公司,中国农业银行股份有限公司,股票型,20210101,,20210125,nan,nan,nan,1.0,0.2,,1.0,nan,,中证申万医药生物指数收益率×95%+银行同业存款利率×5%,L,被动指数型,股票型,,20210105,20210105,E,L
163115.SZ,申万菱信中证军工指数(LOF)-A,申万菱信基金管理有限公司,中国农业银行股份有限公司,股票型,20210101,,20210125,nan,nan,nan,1.0,0.2,,1.0,nan,,中证军工指数收益率×95%+银行同业存款利率×5%,L,被动指数型,股票型,,20210105,20210105,E,L
163113.SZ,申万菱信中证申万证券行业指数-A,申万菱信基金管理有限公司,中国工商银行股份有限公司,股票型,20210101,,20210125,nan,nan,nan,1.0,0.2,,1.0,nan,,中证申万证券行业指数收益率×95%+银行同业存款利率×5%,L,被动指数型,股票型,,20210105,20210105,E,L
163109.SZ,申万菱信深证成份指数-A,申万菱信基金管理有限公司,中国工商银行股份有限公司,股票型,20210101,,20210125,nan,nan,nan,1.0,0.2,,1.0,nan,,深证成指收益率×95%+银行同业存款利率×5%,L,被动指数型,股票型,,20210105,20210105,E,L
162412.SZ,华宝中证医疗ETF联接-A,华宝基金管理有限公司,中国银行股份有限公司,股票型,20210101,,20210226,nan,nan,nan,0.5,0.1,,1.0,nan,,中证医疗指数收益率×95%+同期银行活期存款利率(税后)×5%,L,被动指数型,股票型,,20210105,20210105,E,L
161831.SZ,银华恒生中国企业指数(QDII-LOF)-A,银华基金管理股份有限公司,中国建设银行股份有限公司,股票型,20210101,,20210101,nan,nan,nan,1.0,0.2,,1.0,nan,,人民币/港币汇率恒生中国企业指数收益率×95%+人民币活期存款收益率(税后)×5%,L,被动指数型,股票型,,20210105,20210105,E,L
161812.SZ,银华深证100指数(LOF),银华基金管理股份有限公司,中国民生银行股份有限公司,股票型,20210101,,20210120,nan,nan,nan,1.0,0.2,,1.0,nan,,深证100价格指数收益率×95%+商业银行活期存款利率(税后)×5%,L,被动指数型,股票型,,20210105,20210105,E,L
161726.SZ,招商国证生物医药指数-A,招商基金管理有限公司,中国银行股份有限公司,股票型,20210101,,20210122,nan,nan,nan,1.0,0.2,,1.0,nan,,国证生物医药指数收益率×95%+金融机构人民币活期存款基准利率(税后)×5%,L,被动指数型,股票型,,20210105,20210105,E,L
161725.SZ,招商中证白酒指数-A,招商基金管理有限公司,中国银行股份有限公司,股票型,20210101,,20210115,nan,nan,nan,1.0,0.2,,1.0,nan,,中证白酒指数收益率×95%+金融机构人民币活期存款基准利率(税后)×5%,L,被动指数型,股票型,,20210105,20210105,E,L
161724.SZ,招商中证煤炭等权指数-A,招商基金管理有限公司,中国银行股份有限公司,股票型,20210101,,20210122,nan,nan,nan,1.0,0.2,,1.0,nan,,中证煤炭等权指数收益率×95%+金融机构人民币活期存款基准利率(税后)×5%,L,被动指数型,股票型,,20210105,20210105,E,L
161723.SZ,招商中证银行指数-A,招商基金管理有限公司,中信银行股份有限公司,股票型,20210101,,nan,nan,nan,nan,1.0,0.2,,1.0,nan,,中证银行指数收益率×95%+金融机构人民币活期存款基准利率(税后)×5%,L,nan,股票型,,20210105,20210105,E,L
161721.SZ,招商沪深300地产等权重指数-A,招商基金管理有限公司,中国银行股份有限公司,股票型,20210101,,nan,nan,nan,nan,1.0,0.2,,1.0,nan,,沪深300地产等权重指数收益率×95%+金融机构人民币活期存款基准利率(税后)×5%,L,nan,股票型,,20210105,20210105,E,L
161720.SZ,招商中证全指证券公司指数-A,招商基金管理有限公司,中国银行股份有限公司,股票型,20210101,,20210122,nan,nan,nan,1.0,0.2,,1.0,nan,,中证全指证券公司指数收益率×95%+金融机构人民币活期存款基准利率(税后)×5%,L,被动指数型,股票型,,20210105,20210105,E,L
161123.SZ,易方达中证万得并购重组指数(LOF),易方达基金管理有限公司,中国建设银行股份有限公司,股票型,20210101,,20210112,nan,nan,nan,1.0,0.2,,1.0,nan,,中证万得并购重组指数收益率×95%+活期存款利率(税后)×5%,L,被动指数型,股票型,,20210105,20210105,E,L
161032.SZ,富国中证煤炭指数(LOF)-A,富国基金管理有限公司,华泰证券股份有限公司,股票型,20210101,,20210118,nan,nan,nan,1.0,0.12,,1.0,nan,,中证煤炭指数收益率×95%+银行人民币活期存款利率(税后)×5%,L,被动指数型,股票型,,20210105,20210105,E,L
161031.SZ,富国中证工业4.0指数-A,富国基金管理有限公司,中国工商银行股份有限公司,股票型,20210101,,20210119,nan,nan,nan,1.0,0.2,,1.0,nan,,中证工业4.0指数收益率×95%+银行人民币活期存款利率(税后)×5%,L,被动指数型,股票型,,20210105,20210105,E,L
161030.SZ,富国中证体育产业指数-A,富国基金管理有限公司,中国建设银行股份有限公司,股票型,20210101,,20210119,nan,nan,nan,1.0,0.2,,1.0,nan,,中证体育产业指数收益率×95%+银行人民币活期存款利率(税后)×5%,L,被动指数型,股票型,,20210105,20210105,E,L
161028.SZ,富国中证新能源汽车指数-A,富国基金管理有限公司,中国建设银行股份有限公司,股票型,20210101,,20210118,nan,nan,nan,1.0,0.2,,1.0,nan,,中证新能源汽车指数收益率×95%+银行人民币活期存款利率(税后)×5%,L,被动指数型,股票型,,20210105,20210105,E,L
161025.SZ,富国中证移动互联网指数-A,富国基金管理有限公司,招商证券股份有限公司,股票型,20210101,,20210118,nan,nan,nan,1.0,0.12,,1.0,nan,,中证移动互联网指数收益率×95%+银行人民币活期存款利率(税后)×5%,L,被动指数型,股票型,,20210105,20210105,E,L
161024.SZ,富国中证军工指数-A,富国基金管理有限公司,中国建设银行股份有限公司,股票型,20210101,,20210118,nan,nan,nan,1.0,0.2,,1.0,nan,,中证军工价格指数收益率×95%+银行人民币活期存款利率(税后)×5%,L,被动指数型,股票型,,20210105,20210105,E,L
160639.SZ,鹏华中证高铁产业指数(LOF)-A,鹏华基金管理有限公司,招商银行股份有限公司,股票型,20210101,,20210118,nan,nan,nan,1.0,0.2,,1.0,nan,,中证高铁产业指数收益率×95%+商业银行活期存款利率(税后)×5%,L,被动指数型,股票型,,20210105,20210105,E,L
160638.SZ,鹏华中证一带一路主题指数(LOF)-A,鹏华基金管理有限公司,招商银行股份有限公司,股票型,20210101,,20210118,nan,nan,nan,1.0,0.2,,1.0,nan,,中证一带一路主题指数收益率×95%+商业银行活期存款利率(税后)×5%,L,被动指数型,股票型,,20210105,20210105,E,L
160637.SZ,鹏华创业板指数(LOF)-A,鹏华基金管理有限公司,中国建设银行股份有限公司,股票型,20210101,,20210118,nan,nan,nan,1.0,0.2,,1.0,nan,,创业板指数收益率×95%+商业银行活期存款利率(税后)×5%,L,被动指数型,股票型,,20210105,20210105,E,L
160636.SZ,鹏华中证移动互联网指数(LOF)-A,鹏华基金管理有限公司,中国建设银行股份有限公司,股票型,20210101,,nan,nan,nan,nan,1.0,0.2,,1.0,nan,,中证移动互联网指数收益率×95%+商业银行活期存款利率(税后)×5%,L,nan,股票型,,20210105,20210105,E,L
160634.SZ,鹏华中证环保产业指数(LOF)-A,鹏华基金管理有限公司,中国建设银行股份有限公司,股票型,20210101,,nan,nan,nan,nan,1.0,0.2,,1.0,nan,,中证环保产业指数收益率×95%+商业银行活期存款利率(税后)×5%,L,nan,股票型,,20210105,20210105,E,L
160633.SZ,鹏华中证全指证券公司指数(LOF)-A,鹏华基金管理有限公司,中国建设银行股份有限公司,股票型,20210101,,20210118,nan,nan,nan,1.0,0.2,,1.0,nan,,中证全指证券公司指数收益率×95%+商业银行活期存款利率(税后)×5%,L,被动指数型,股票型,,20210105,20210105,E,L
160632.SZ,鹏华中证酒指数(LOF)-A,鹏华基金管理有限公司,中国建设银行股份有限公司,股票型,20210101,,20210118,nan,nan,nan,1.0,0.2,,1.0,nan,,中证酒指数收益率×95%+商业银行活期存款利率(税后)×5%,L,被动指数型,股票型,,20210105,20210105,E,L
160631.SZ,鹏华中证银行指数(LOF)-A,鹏华基金管理有限公司,中国建设银行股份有限公司,股票型,20210101,,20210118,nan,nan,nan,1.0,0.2,,1.0,nan,,中证银行指数收益率×95%+商业银行活期存款利率(税后)×5%,L,被动指数型,股票型,,20210105,20210105,E,L
160630.SZ,鹏华中证国防指数(LOF)-A,鹏华基金管理有限公司,中国建设银行股份有限公司,股票型,20210101,,20210118,nan,nan,nan,1.0,0.2,,1.0,nan,,中证国防指数收益率×95%+商业银行活期存款利率(税后)×5%,L,被动指数型,股票型,,20210105,20210105,E,L
160629.SZ,鹏华中证传媒指数(LOF)-A,鹏华基金管理有限公司,中国建设银行股份有限公司,股票型,20210101,,20210118,nan,nan,nan,1.0,0.2,,1.0,nan,,中证传媒指数收益率×95%+商业银行活期存款利率(税后)×5%,L,被动指数型,股票型,,20210105,20210105,E,L
160628.SZ,鹏华中证800地产指数(LOF)-A,鹏华基金管理有限公司,中国建设银行股份有限公司,股票型,20210101,,20210118,nan,nan,nan,1.0,0.2,,1.0,nan,,中证800地产指数收益率×95%+商业银行活期存款利率(税后)×5%,L,被动指数型,股票型,,20210105,20210105,E,L
160626.SZ,鹏华中证信息技术指数(LOF)-A,鹏华基金管理有限公司,中国建设银行股份有限公司,股票型,20210101,,20210118,nan,nan,nan,1.0,0.2,,1.0,nan,,中证信息技术指数收益率×95%+商业银行活期存款利率(税后)×5%,L,被动指数型,股票型,,20210105,20210105,E,L
160625.SZ,鹏华中证800证券保险指数(LOF)-A,鹏华基金管理有限公司,中国建设银行股份有限公司,股票型,20210101,,20210118,nan,nan,nan,1.0,0.2,,1.0,nan,,中证800证券保险指数收益率×95%+商业银行活期存款利率(税后)×5%,L,被动指数型,股票型,,20210105,20210105,E,L
160620.SZ,鹏华中证A股资源产业指数(LOF)-A,鹏华基金管理有限公司,中国工商银行股份有限公司,股票型,20210101,,20210118,nan,nan,nan,1.0,0.2,,1.0,nan,,中证A股资源产业指数收益率×95%+银行活期存款利率(税后)×5%,L,被动指数型,股票型,,20210105,20210105,E,L
160420.SZ,华安创业板50指数-A,华安基金管理有限公司,中国农业银行股份有限公司,股票型,20210101,,nan,nan,nan,nan,1.0,0.2,,1.0,nan,,创业板50指数收益率×95%+同期银行活期存款利率(税后)×5%,L,nan,股票型,,20210105,20210105,E,L
160419.SZ,华安中证全指证券公司ETF联接-A,华安基金管理有限公司,中国建设银行股份有限公司,股票型,20210101,,nan,nan,nan,nan,0.5,0.1,,1.0,nan,,中证全指证券公司指数收益率×95%+同期银行活期存款利率(税后)×5%,L,nan,股票型,,20210105,20210105,E,L
160418.SZ,华安中证银行ETF联接-A,华安基金管理有限公司,中国银行股份有限公司,股票型,20210101,,nan,nan,nan,nan,0.5,0.1,,1.0,nan,,中证银行指数收益率×95%+同期银行活期存款利率(税后)×5%,L,nan,股票型,,20210105,20210105,E,L
160221.SZ,国泰国证有色金属行业指数-A,国泰基金管理有限公司,中国建设银行股份有限公司,股票型,20210101,,20210120,nan,nan,nan,1.0,0.2,,1.0,nan,,国证有色金属行业指数收益率×95%+银行活期存款利率(税后)×5%,L,被动指数型,股票型,,20210105,20210105,E,L
160219.SZ,国泰国证医药卫生行业指数-A,国泰基金管理有限公司,中国农业银行股份有限公司,股票型,20210101,,20210120,nan,nan,nan,1.0,0.2,,1.0,nan,,国证医药卫生行业指数收益率×95%+银行活期存款利率(税后)×5%,L,被动指数型,股票型,,20210105,20210105,E,L
168204.SZ,国联中证煤炭指数-A,国联基金管理有限公司,国泰海通证券股份有限公司,股票型,20210101,,20210611,nan,nan,nan,1.0,0.2,,1.0,nan,,中证煤炭指数收益率×95%+同期银行活期存款利率(税后)×5%,L,被动指数型,股票型,,20210105,20210105,E,L
167503.SZ,安信中证一带一路主题指数-A,安信基金管理有限责任公司,招商证券股份有限公司,股票型,20210101,,nan,nan,nan,nan,1.0,0.2,,1.0,nan,,中证一带一路指数收益率×95%+商业银行活期存款利率(税后)×5%,L,nan,股票型,,20210105,20210105,E,L
161026.SZ,富国中证国有企业改革指数-A,富国基金管理有限公司,中国农业银行股份有限公司,股票型,20210101,,20210119,nan,nan,nan,1.0,0.2,,1.0,nan,,中证国有企业改革指数收益率×95%+银行人民币活期存款利率(税后)×5%,L,被动指数型,股票型,,20210105,20210105,E,L
163406.SZ,兴全合润混合-A,兴证全球基金管理有限公司,招商银行股份有限公司,混合型,20210101,,20210128,nan,nan,nan,1.2,0.2,,1.0,nan,,沪深300指数×80%+中证国债指数×20%,L,混合型,混合型,,20210105,20210105,E,L
161027.SZ,富国中证全指证券公司指数-A,富国基金管理有限公司,中国建设银行股份有限公司,股票型,20210101,,20210118,nan,nan,nan,1.0,0.2,,1.0,nan,,中证全指证券公司指数收益率×95%+银行人民币活期存款利率(税后)×5%,L,被动指数型,股票型,,20210105,20210105,E,L
160222.SZ,国泰国证食品饮料行业指数-A,国泰基金管理有限公司,中国农业银行股份有限公司,股票型,20210101,,20210120,nan,nan,nan,1.0,0.2,,1.0,nan,,国证食品饮料行业指数收益率×95%+银行活期存款利率(税后)×5%,L,被动指数型,股票型,,20210105,20210105,E,L
513550.SH,华泰柏瑞中证港股通50ETF,华泰柏瑞基金管理有限公司,招商银行股份有限公司,股票型,20201230,,20210113,20201222,nan,6.3899,0.5,0.1,,1.0,0.1,,中证港股通50指数收益率(使用估值汇率折算)×100%,L,被动指数型,股票型,,20210113,20210113,E,L
515920.SH,博时中证智能消费主题ETF,博时基金管理有限公司,申万宏源证券有限公司,股票型,20201230,,20210120,20201214,nan,8.8641,0.5,0.1,,1.0,0.1,,中证智能消费主题指数×100%,L,被动指数型,股票型,,20210120,20210120,E,L
515170.SH,华夏中证细分食品饮料产业主题ETF,华夏基金管理有限公司,中国银行股份有限公司,股票型,20201230,,20210113,20201214,nan,21.0926,0.5,0.1,,1.0,0.1,,中证细分食品饮料产业主题指数收益率×100%,L,被动指数型,股票型,,20210113,20210113,E,L
515710.SH,华宝中证细分食品饮料产业主题ETF,华宝基金管理有限公司,中国工商银行股份有限公司,股票型,20201224,,20210107,20201214,nan,8.651,0.5,0.1,,1.0,0.1,,中证细分食品饮料产业主题指数收益率×100%,L,被动指数型,股票型,,20210107,20210107,E,L
159828.SZ,国泰中证医疗ETF,国泰基金管理有限公司,华夏银行股份有限公司,股票型,20201224,,20210112,20201207,nan,4.2144,0.5,0.1,,1.0,0.1,,中证医疗指数收益率×100%,L,被动指数型,股票型,,20210112,20210112,E,L
515250.SH,富国中证智能汽车主题ETF,富国基金管理有限公司,中信建投证券股份有限公司,股票型,20201224,,20210108,20201201,nan,3.6994,0.5,0.1,,1.0,0.1,,中证智能汽车主题指数×100%,L,被动指数型,股票型,,20210108,20210108,E,L
164401.SZ,前海开源中证健康产业指数,前海开源基金管理有限公司,国信证券股份有限公司,股票型,20201218,,nan,nan,nan,nan,1.0,0.2,,1.0,nan,,活期存款利率(税后)×5%+中证健康产业指数×95%,L,nan,股票型,,20201221,20201221,E,L
515290.SH,天弘中证银行ETF,天弘基金管理有限公司,招商证券股份有限公司,股票型,20201211,,20201228,20201207,nan,6.0809,0.5,0.1,,1.0,0.1,,中证银行指数收益率×100%,L,被动指数型,股票型,,20201228,20201228,E,L
159825.SZ,富国中证农业主题ETF,富国基金管理有限公司,中国农业银行股份有限公司,股票型,20201210,,20201229,20201123,nan,15.1108,0.5,0.1,,1.0,0.1,,中证农业主题指数收益率×100%,L,被动指数型,股票型,,20201229,20201229,E,L
159824.SZ,博时中证新能源汽车ETF,博时基金管理有限公司,华泰证券股份有限公司,股票型,20201210,,20210111,20201123,nan,6.2514,0.5,0.1,,1.0,0.1,,中证新能源汽车指数收益率×100%,L,被动指数型,股票型,,20210111,20210111,E,L
159827.SZ,银华中证农业主题ETF,银华基金管理股份有限公司,中国建设银行股份有限公司,股票型,20201210,,20201218,20201123,nan,6.7872,0.5,0.1,,1.0,0.1,,中证农业主题指数×100%,L,被动指数型,股票型,,20201218,20201218,E,L
515790.SH,华泰柏瑞中证光伏产业ETF,华泰柏瑞基金管理有限公司,中国银行股份有限公司,股票型,20201207,,20201218,20201201,nan,17.1849,0.5,0.1,,1.0,0.1,,中证光伏产业指数收益率×100%,L,被动指数型,股票型,,20201218,20201218,E,L
162509.SZ,国联安中证A100指数(LOF),国联安基金管理有限公司,中国建设银行股份有限公司,股票型,20201204,,20201221,nan,nan,nan,1.0,0.2,,1.0,nan,,中证A100指数收益率×95%+活期存款利率(税后)×5%,L,被动指数型,股票型,,20201204,20201204,E,L
161122.SZ,易方达中证万得生物科技指数(LOF)-A,易方达基金管理有限公司,中国建设银行股份有限公司,股票型,20201203,,20201215,nan,nan,nan,0.5,0.1,,1.0,nan,,中证万得生物科技指数收益率×95%+活期存款利率(税后)×5%,L,被动指数型,股票型,,20201203,20201203,E,L
515120.SH,广发中证创新药产业ETF,广发基金管理有限公司,中国银行股份有限公司,股票型,20201203,,20210104,20201116,nan,16.2199,0.5,0.1,,1.0,0.1,,中证创新药产业指数收益率×100%,L,被动指数型,股票型,,20210104,20210104,E,L
161628.SZ,融通中证云计算与大数据主题指数(LOF)-A,融通基金管理有限公司,中国建设银行股份有限公司,股票型,20201201,,nan,nan,nan,nan,1.0,0.2,,1.0,nan,,中证云计算与大数据主题指数收益率×95%+银行人民币活期存款利率(税后)×5%,L,nan,股票型,,20201202,20201202,E,L
164705.SZ,汇添富恒生指数(QDII-LOF)-A,汇添富基金管理股份有限公司,中国农业银行股份有限公司,股票型,20201201,,20201201,nan,nan,nan,0.8,0.2,,1.0,nan,,经人民币汇率调整的恒生指数收益率×95%+商业银行活期存款利率(税后)×5%,L,被动指数型,股票型,,20201202,20201202,E,L
160135.SZ,南方中证高铁产业指数(LOF),南方基金管理股份有限公司,中国银河证券股份有限公司,股票型,20201201,,20201215,nan,nan,nan,1.0,0.2,,1.0,nan,,中证高铁产业指数收益率×95%+银行人民币活期存款利率(税后)×5%,L,被动指数型,股票型,,20201207,20201207,E,L
160137.SZ,南方中证互联网指数(LOF)-A,南方基金管理股份有限公司,中国农业银行股份有限公司,股票型,20201201,,nan,nan,nan,nan,1.0,0.2,,1.0,nan,,中证互联网指数收益率×95%+银行人民币活期存款利率(税后)×5%,L,nan,股票型,,20201207,20201207,E,L
164905.SZ,交银国证新能源指数(LOF)-A,交银施罗德基金管理有限公司,中国建设银行股份有限公司,股票型,20201130,,nan,nan,nan,nan,1.0,0.2,,1.0,nan,,国证新能源指数收益率×95%+银行活期存款利率(税后)×5%,L,nan,股票型,,20201130,20201130,E,L
161811.SZ,银华沪深300指数(LOF)-A,银华基金管理股份有限公司,中国建设银行股份有限公司,股票型,20201130,,20201215,nan,nan,nan,1.0,0.2,,1.0,nan,,沪深300指数收益率×95%+同期银行活期存款利率(税后)×5%,L,被动指数型,股票型,,20201201,20201201,E,L
164818.SZ,工银瑞信中证传媒指数(LOF)-A,工银瑞信基金管理有限公司,国信证券股份有限公司,股票型,20201126,,nan,nan,nan,nan,0.5,0.1,,1.0,nan,,中证传媒指数收益率×95%+金融机构人民币活期存款基准利率(税后)×5%,L,nan,股票型,,20201127,20201127,E,L
161816.SZ,银华中证等权重90指数(LOF),银华基金管理股份有限公司,中国建设银行股份有限公司,股票型,20201126,,20201215,nan,nan,nan,1.0,0.2,,1.0,nan,,中证等权重90指数收益率×95%+同期银行活期存款利率(税后)×5%,L,被动指数型,股票型,,20201127,20201127,E,L
515320.SH,华安中证电子50ETF,华安基金管理有限公司,中国银行股份有限公司,股票型,20201125,,20210108,20201102,nan,11.3931,0.5,0.1,,1.0,0.1,,中证电子50指数收益率×100%,L,被动指数型,股票型,,20210108,20210108,E,L
160127.SZ,南方新兴消费增长股票(LOF)-A,南方基金管理股份有限公司,中国工商银行股份有限公司,股票型,20201117,,20201130,nan,nan,nan,1.2,0.2,,1.0,nan,,中证内地消费主题指数收益率×55%+中证港股通主要消费综合指数(人民币)收益率×30%+中证综合债指数收益率×15%,L,股票型,股票型,,20201130,20201130,E,L
163116.SZ,申万菱信中证申万电子行业投资指数(LOF)-A,申万菱信基金管理有限公司,广发银行股份有限公司,股票型,20201111,,20201123,nan,nan,nan,0.5,0.1,,1.0,nan,,中证申万电子行业投资指数收益率×95%+银行活期存款利率(税后)×5%,L,被动指数型,股票型,,20201111,20201111,E,L
163114.SZ,申万菱信中证环保产业指数(LOF)-A,申万菱信基金管理有限公司,中国农业银行股份有限公司,股票型,20201023,,20201109,nan,nan,nan,1.0,0.2,,1.0,nan,,中证环保产业指数收益率×95%+银行活期存款利率(税后)×5%,L,被动指数型,股票型,,20201023,20201023,E,L
513300.SH,华夏纳斯达克100ETF(QDII),华夏基金管理有限公司,中国工商银行股份有限公司,股票型,20201022,,20201105,20201014,nan,7.0717,0.6,0.2,,1.0,0.1,,经估值汇率调整后的纳斯达克100指数收益率×100%,L,被动指数型,股票型,,20201105,20201105,E,L
159822.SZ,银华工银南方东英标普中国新经济行业ETF(QDII),银华基金管理股份有限公司,中国工商银行股份有限公司,股票型,20200929,,20201023,20200911,nan,9.0223,0.25,0.1,,1.0,0.1,,经估值汇率调整的标普中国新经济行业(A股上限)指数×100%,L,被动指数型,股票型,,20201023,20201023,E,L
159821.SZ,中银证券创业板ETF,中银国际证券股份有限公司,中国工商银行股份有限公司,股票型,20200929,,20201029,20200914,nan,2.1792,0.15,0.05,,1.0,0.1,,创业板指数收益率×100%,L,被动指数型,股票型,,20201029,20201029,E,L
588000.SH,华夏上证科创板50成份ETF,华夏基金管理有限公司,招商银行股份有限公司,股票型,20200928,,20201116,20200922,nan,51.2339,0.15,0.05,,1.0,0.1,,上证科创板50成份指数收益率×100%,L,被动指数型,股票型,,20201116,20201116,E,L
588090.SH,华泰柏瑞上证科创板50成份ETF,华泰柏瑞基金管理有限公司,中国建设银行股份有限公司,股票型,20200928,,20201116,20200922,nan,54.9874,0.5,0.1,,1.0,0.1,,上证科创板50成份指数收益率×100%,L,被动指数型,股票型,,20201116,20201116,E,L
588050.SH,工银瑞信上证科创板50成份ETF,工银瑞信基金管理有限公司,中国农业银行股份有限公司,股票型,20200928,,20201116,20200922,nan,52.4263,0.3,0.05,,1.0,0.1,,上证科创板50成份指数收益率×100%,L,被动指数型,股票型,,20201116,20201116,E,L
588080.SH,易方达上证科创板50成份ETF,易方达基金管理有限公司,中国工商银行股份有限公司,股票型,20200928,,20201116,20200922,nan,51.0559,0.15,0.05,,1.0,0.1,,上证科创板50成份指数收益率×100%,L,被动指数型,股票型,,20201116,20201116,E,L
162720.SZ,广发创业板两年定开混合,广发基金管理有限公司,中国建设银行股份有限公司,混合型,20200924,,20210325,20200911,nan,8.8063,1.2,0.2,,1.0,0.1,,创业板指数收益率×80%+中债综合财富(总值)指数收益率×20%,L,混合型,混合型,,20220926,20220926,E,L
515530.SH,泰康中证500ETF,泰康基金管理有限公司,招商银行股份有限公司,股票型,20200918,,20201109,20200824,nan,2.44,0.15,0.05,,1.0,0.1,,中证500指数收益率×100%,L,被动指数型,股票型,,20201109,20201109,E,L
515760.SH,华夏中证浙江国资创新发展ETF,华夏基金管理有限公司,中国农业银行股份有限公司,股票型,20200917,,20201012,20200610,nan,10.4789,0.45,0.05,,1.0,0.1,,中证浙江国资创新发展指数收益率×100%,L,被动指数型,股票型,,20201012,20201012,E,L
510370.SH,兴业沪深300ETF,兴业基金管理有限公司,中信银行股份有限公司,股票型,20200911,,20201027,20200824,nan,2.1626,0.5,0.1,,1.0,0.1,,沪深300指数收益率×100%,L,被动指数型,股票型,,20201027,20201027,E,L
160425.SZ,华安创业板两年定开混合,华安基金管理有限公司,中国银行股份有限公司,混合型,20200903,,nan,20200817,nan,3.6023,1.2,0.2,,1.0,0.1,,创业板综合指数收益率×75%+恒生指数收益率(经汇率调整)×5%+中债综合全价指数收益率×20%,L,nan,混合型,,20220906,20220906,E,L
160529.SZ,博时创业板两年定开混合,博时基金管理有限公司,中国银行股份有限公司,混合型,20200903,,20210317,20200817,nan,5.9216,1.2,0.2,,1.0,0.1,,创业板综合指数收益率×60%+中债综合财富(总值)指数收益率×30%+中证港股通综合指数(人民币)收益率×10%,L,混合型,混合型,,20220905,20220905,E,L
160143.SZ,南方创业板2年定开混合,南方基金管理股份有限公司,中国农业银行股份有限公司,混合型,20200901,,20210317,20200814,nan,7.6276,1.2,0.2,,1.0,0.1,,创业板指数收益率×80%+中证港股通综合指数(人民币)收益率×10%+中债-综合财富(1-3年)指数收益率×10%,L,混合型,混合型,,20220901,20220901,E,L
518890.SH,中银上海金ETF,中银基金管理有限公司,招商银行股份有限公司,其他,20200828,,20200928,20200717,nan,2.9529,0.5,0.1,,1.0,0.1,,上海黄金交易所上海金集中定价合约(合约代码:SHAU)午盘基准价格收益率×100%,L,黄金现货合约,其他型,,20200928,20200928,E,L
502056.SH,广发中证医疗ETF联接(LOF)-A,广发基金管理有限公司,北京银行股份有限公司,股票型,20200826,,20200826,nan,nan,nan,0.5,0.15,,1.0,nan,,中证医疗指数收益率×95%+银行活期存款利率(税后)×5%,L,被动指数型,股票型,,20200831,20200831,E,L
510760.SH,国泰上证综合ETF,国泰基金管理有限公司,上海银行股份有限公司,股票型,20200821,,20200909,20200810,nan,13.135,0.15,0.05,,1.0,0.1,,上证综合指数收益率×100%,L,被动指数型,股票型,,20200909,20200909,E,L
168101.SZ,九泰锐智事件驱动灵活配置混合(LOF),九泰基金管理有限公司,中国银河证券股份有限公司,混合型,20200814,,20200814,nan,nan,nan,1.2,0.2,,1.0,nan,,沪深300指数收益率×60%+中国债券总指数收益率×40%,L,灵活配置型,混合型,,20200814,20200814,E,L
161914.SZ,万家创业板2年定开混合-A,万家基金管理有限公司,中国农业银行股份有限公司,混合型,20200814,,20210301,20200806,nan,15.2304,1.2,0.2,,1.0,0.1,,创业板综合指数收益率×80%+中债综合指数收益率×20%,L,混合型,混合型,,20220815,20220815,E,L
161838.SZ,银华创业板两年定开混合,银华基金管理股份有限公司,招商银行股份有限公司,混合型,20200807,,nan,20200721,nan,11.3611,1.2,0.2,,1.0,0.1,,创业板创新指数收益率×50%+中债综合财富指数收益率×40%+恒生指数收益率(使用估值汇率调整)×10%,L,nan,混合型,,20220808,20220808,E,L
159820.SZ,天弘中证500ETF,天弘基金管理有限公司,国泰海通证券股份有限公司,股票型,20200807,,20200824,20200720,nan,3.3391,0.5,0.1,,1.0,0.1,,中证500指数收益率×100%,L,被动指数型,股票型,,20200824,20200824,E,L
160516.SZ,博时中证全指证券公司ETF联接-A,博时基金管理有限公司,中国银行股份有限公司,股票型,20200807,,nan,nan,nan,nan,0.5,0.1,,1.0,nan,,中证全指证券公司指数收益率×95%+金融机构人民币活期存款基准利率(税后)×5%,L,nan,股票型,,20200807,20200807,E,L
161121.SZ,易方达中证银行ETF联接(LOF)-A,易方达基金管理有限公司,中国建设银行股份有限公司,股票型,20200807,,20200818,nan,nan,nan,0.15,0.05,,1.0,nan,,中证银行指数收益率×95%+活期存款利率(税后)×5%,L,被动指数型,股票型,,20200807,20200807,E,L
518860.SH,建信上海金ETF,建信基金管理有限责任公司,交通银行股份有限公司,其他,20200805,,20200907,20200713,nan,2.62,0.5,0.1,,1.0,0.1,,上海黄金交易所上海金集中定价合约(合约代码:SHAU)的午盘基准价的收益率×100%,L,黄金现货合约,其他型,,20200907,20200907,E,L
159808.SZ,融通创业板ETF,融通基金管理有限公司,中国建设银行股份有限公司,股票型,20200805,,20200904,20200430,nan,6.7348,0.3,0.1,,1.0,0.1,,创业板指数收益率×100%,L,被动指数型,股票型,,20200904,20200904,E,L
511360.SH,海富通中证短融ETF,海富通基金管理有限公司,兴业银行股份有限公司,债券型,20200803,,20200925,20200430,nan,5.1146,0.15,0.05,,1.0,0.1,,中证短融指数收益率×100%,L,被动指数型,债券型,,20200925,20200925,E,L
506001.SH,万家科创板2年定开混合,万家基金管理有限公司,中国工商银行股份有限公司,混合型,20200803,,20210203,20200724,nan,12.2179,1.2,0.2,,1.0,0.1,,中国战略新兴产业成份指数收益率×75%+中债综合指数收益率×25%,L,混合型,混合型,,20220803,20220803,E,L
513990.SH,招商上证港股通ETF,招商基金管理有限公司,兴业银行股份有限公司,股票型,20200803,,20200818,20200428,nan,2.32,0.2,0.05,,1.0,0.1,,上证港股通指数收益率×100%,L,被动指数型,股票型,,20200818,20200818,E,L
166023.SZ,中欧瑞丰灵活配置混合(LOF)-A,中欧基金管理有限公司,招商银行股份有限公司,混合型,20200801,,20200801,nan,nan,nan,1.2,0.2,,1.0,nan,,沪深300指数收益率×60%+中债综合指数收益率×40%,L,灵活配置型,混合型,,20200803,20200803,E,L
159816.SZ,鹏华中证0-4年期地方政府债ETF,鹏华基金管理有限公司,兴业银行股份有限公司,债券型,20200730,,20200904,20200430,nan,24.6075,0.15,0.05,,1.0,0.1,,中证0-4年期地方政府债指数收益率×100%,L,被动指数型,债券型,,20200904,20200904,E,L
506005.SH,博时科创板三年定开混合,博时基金管理有限公司,中国工商银行股份有限公司,混合型,20200729,,20210129,20200724,nan,25.0968,1.2,0.2,,1.0,0.1,,中国战略新兴产业成份指数收益率×60%+中债综合财富(总值)指数收益率×30%+中证港股通综合指数(人民币)收益率×10%,L,混合型,混合型,,20230731,20230731,E,L
506003.SH,富国科创板两年定开混合,富国基金管理有限公司,招商银行股份有限公司,混合型,20200729,,20210129,20200724,nan,29.6626,1.2,0.2,,1.0,0.1,,中国战略新兴产业成份指数收益率×70%+中债综合全价指数收益率×20%+恒生港股通指数收益率(使用估值汇率折算)×10%,L,混合型,混合型,,20220729,20220729,E,L
506000.SH,南方科创板3年定开混合,南方基金管理股份有限公司,招商银行股份有限公司,混合型,20200728,,20210128,20200724,nan,29.6703,1.2,0.2,,1.0,0.1,,上证科创板50成份指数收益率×85%+中证港股通综合指数(人民币)收益率×5%+中债-综合财富(1-3年)指数收益率×10%,L,混合型,混合型,,20230728,20230728,E,L
506002.SH,易方达科创板两年定开混合,易方达基金管理有限公司,中国建设银行股份有限公司,混合型,20200728,,20210128,20200724,nan,29.6622,1.2,0.2,,1.0,0.1,,上证科创板50成份指数收益率×80%+中证港股通综合指数收益率×5%+中债总指数收益率×15%,L,混合型,混合型,,20220728,20220728,E,L
506006.SH,汇添富科创板2年定开混合,汇添富基金管理股份有限公司,中国工商银行股份有限公司,混合型,20200728,,20210128,20200724,nan,29.7515,1.2,0.2,,1.0,0.1,,上证科创板50成份指数收益率×70%+中债综合财富指数收益率×20%+恒生指数收益率(使用估值汇率折算)×10%,L,混合型,混合型,,20220728,20220728,E,L
159819.SZ,易方达中证人工智能主题ETF,易方达基金管理有限公司,中国工商银行股份有限公司,股票型,20200727,,20200923,20200720,nan,61.5523,0.15,0.05,,1.0,0.1,,中证人工智能主题指数收益率×100%,L,被动指数型,股票型,,20200923,20200923,E,L
160325.SZ,华夏创业板两年定开混合,华夏基金管理有限公司,中国工商银行股份有限公司,混合型,20200724,,20210128,20200716,nan,26.916,1.2,0.2,,1.0,0.1,,创业板指数收益率×70%+经汇率调整的恒生指数收益率×10%+银行活期存款利率(税后)×20%,L,混合型,混合型,,20220725,20220725,E,L
501201.SH,红土创新科技创新股票(LOF)-A,红土创新基金管理有限公司,中国工商银行股份有限公司,股票型,20200723,,20210305,20200616,nan,2.3545,1.2,0.2,,1.0,0.1,,中国战略新兴产业成分指数收益率×50%+中证全债指数收益率×50%,L,股票型,股票型,,20230724,20230724,E,L
515260.SH,华宝中证电子50ETF,华宝基金管理有限公司,中国建设银行股份有限公司,股票型,20200717,,20200731,20200701,nan,29.1928,0.5,0.1,,1.0,0.1,,中证电子50指数收益率×100%,L,被动指数型,股票型,,20200731,20200731,E,L
501202.SH,华泰紫金创新先锋混合(LOF)-C,华泰证券(上海)资产管理有限公司,中国银行股份有限公司,混合型,20200717,,20201116,20200618,nan,9.2827,1.2,0.2,,1.0,0.1,,沪深300指数收益率×60%+中债综合指数收益率×40%,L,混合型,混合型,,20230717,20230717,E,L
160926.SZ,大成创业板两年定开混合-A,大成基金管理有限公司,中国农业银行股份有限公司,混合型,20200716,,20210118,20200707,nan,24.8045,1.2,0.2,,1.0,0.1,,创业板综合指数收益率×60%+中债综合全价指数收益率×30%+恒生综合指数收益率×10%,L,混合型,混合型,,20220718,20220718,E,L
166027.SZ,中欧创业板两年定开混合-A,中欧基金管理有限公司,中国建设银行股份有限公司,混合型,20200716,,20210129,20200707,nan,16.903,1.2,0.2,,1.0,0.1,,创业板指数收益率×70%+中证短债指数收益率×20%+中证港股通指数收益率×10%,L,混合型,混合型,,20220718,20220718,E,L
161040.SZ,富国创业板两年定开混合,富国基金管理有限公司,中国农业银行股份有限公司,混合型,20200714,,20210128,20200707,nan,28.9092,1.2,0.2,,1.0,0.1,,创业板指数收益率×55%+中债综合全价指数收益率×40%+恒生指数收益率(使用估值汇率折算)×5%,L,混合型,混合型,,20220714,20220714,E,L
511180.SH,海富通上证投资级可转债及可交换债券ETF,海富通基金管理有限公司,中信证券股份有限公司,债券型,20200713,,20200826,20200508,nan,6.026,0.25,0.05,,1.0,0.1,,上证投资级可转债及可交换债券指数收益率×100%,L,被动指数型,债券型,,20200826,20200826,E,L
518600.SH,广发上海金ETF,广发基金管理有限公司,招商银行股份有限公司,其他,20200708,,20200805,20200618,nan,6.0706,0.5,0.1,,1.0,0.1,,上海黄金交易所上海金集中定价合约(合约代码:SHAU)的午盘基准价格收益率×100%,L,黄金现货合约,其他型,,20200805,20200805,E,L
518680.SH,富国上海金ETF,富国基金管理有限公司,上海浦东发展银行股份有限公司,其他,20200706,,20200728,20200611,nan,3.5589,0.15,0.05,,1.0,0.1,,上海黄金交易所上海金集中定价合约(合约代码:SHAU)午盘基准价格收益率×100%,L,黄金现货合约,其他型,,20200728,20200728,E,L
510570.SH,兴业中证500ETF,兴业基金管理有限公司,中国银行股份有限公司,股票型,20200630,,20200812,20200506,nan,2.1806,0.5,0.1,,1.0,0.1,,中证500指数收益率×100%,L,被动指数型,股票型,,20200812,20200812,E,L
515560.SH,建信中证全指证券公司ETF,建信基金管理有限责任公司,中信证券股份有限公司,股票型,20200629,,20200720,20200428,nan,29.7788,0.2,0.05,,1.0,0.1,,中证全指证券公司指数收益率×100%,L,被动指数型,股票型,,20200720,20200720,E,L
159814.SZ,西部利得创业板大盘ETF,西部利得基金管理有限公司,中国农业银行股份有限公司,股票型,20200619,,20200717,20200525,nan,4.084,0.5,0.1,,1.0,0.1,,创业板大盘指数收益率×100%,L,被动指数型,股票型,,20200717,20200717,E,L
159810.SZ,浦银创业板ETF,浦银基金管理有限公司,中国工商银行股份有限公司,股票型,20200612,,20200710,20200319,nan,2.6648,0.15,0.05,,1.0,0.1,,创业板指数收益率×100%,L,被动指数型,股票型,,20200710,20200710,E,L
513080.SH,华安法国CAC40ETF(QDII),华安基金管理有限公司,中国银行股份有限公司,股票型,20200529,,20200612,20200330,nan,2.5692,0.5,0.15,,1.0,0.1,,法国CAC40指数收益率(经汇率调整后)×100%,L,被动指数型,股票型,,20200612,20200612,E,L
515100.SH,景顺长城中证红利低波动100ETF,景顺长城基金管理有限公司,交通银行股份有限公司,股票型,20200522,,20200703,20200427,nan,12.7694,0.5,0.1,,1.0,0.1,,中证红利低波动100指数收益率×100%,L,被动指数型,股票型,,20200703,20200703,E,L
501200.SH,民生加银科技创新混合(LOF),民生加银基金管理有限公司,招商银行股份有限公司,混合型,20200515,,20201221,20200317,nan,3.2491,1.2,0.2,,1.0,0.1,,中国战略新兴产业成份指数收益率×60%+中债综合指数收益率×30%+恒生互联网科技业指数收益率×10%,L,混合型,混合型,,20230515,20230515,E,L
515770.SH,摩根MSCI中国A股ETF,摩根基金管理(中国)有限公司,平安银行股份有限公司,股票型,20200513,,20200619,20200413,nan,7.4473,0.15,0.05,,1.0,0.1,,MSCI中国A股人民币指数收益率×100%,L,被动指数型,股票型,,20200619,20200619,E,L
165310.SZ,建信沪深300指数增强(LOF)-A,建信基金管理有限责任公司,招商银行股份有限公司,股票型,20200507,,nan,nan,nan,nan,1.0,0.2,,1.0,nan,,沪深300指数收益率×95%+银行活期存款税后利率×5%,L,nan,股票型,,20200508,20200508,E,L
515190.SH,中银证券中证500ETF,中银国际证券股份有限公司,招商银行股份有限公司,股票型,20200430,,20200527,20200330,nan,2.5147,0.15,0.05,,1.0,0.1,,中证500指数收益率×100%,L,被动指数型,股票型,,20200527,20200527,E,L
167508.SZ,安信价值发现两年定开混合(LOF),安信基金管理有限责任公司,中国工商银行股份有限公司,混合型,20200430,,20200608,20200401,nan,4.0178,1.2,0.2,,1.0,0.1,,沪深300指数收益率×70%+恒生指数收益率×5%+中债总指数(全价)收益率×25%,L,混合型,混合型,,20220505,20220505,E,L
159812.SZ,前海开源黄金ETF,前海开源基金管理有限公司,中国建设银行股份有限公司,其他,20200429,,20200529,20200407,nan,3.1717,0.5,0.1,,1.0,0.1,,上海黄金交易所Au99.99现货实盘合约收益率×100%,L,黄金现货合约,其他型,,20200529,20200529,E,L
518660.SH,工银瑞信黄金ETF,工银瑞信基金管理有限公司,中国农业银行股份有限公司,其他,20200424,,20200529,20200323,nan,5.6667,0.15,0.05,,1.0,0.1,,上海黄金交易所Au99.99现货实盘合约收盘价收益率×100%,L,黄金现货合约,其他型,,20200529,20200529,E,L
515960.SH,嘉实中证医药健康100策略ETF,嘉实基金管理有限公司,中国银行股份有限公司,股票型,20200424,,20200610,20200325,nan,3.4399,0.5,0.1,,1.0,0.1,,中证医药健康100策略指数收益率×100%,L,被动指数型,股票型,,20200610,20200610,E,L
159813.SZ,鹏华国证半导体芯片ETF,鹏华基金管理有限公司,申万宏源证券有限公司,股票型,20200417,,20200525,20200325,nan,5.5974,0.5,0.1,,1.0,0.1,,国证半导体芯片指数收益率×100%,L,被动指数型,股票型,,20200525,20200525,E,L
518850.SH,华夏黄金ETF,华夏基金管理有限公司,中国建设银行股份有限公司,其他,20200413,,20200605,20200327,nan,3.3362,0.15,0.05,,1.0,0.1,,上海黄金交易所黄金现货实盘合约Au99.99价格收益率×100%,L,黄金现货合约,其他型,,20200605,20200605,E,L
501099.SH,平安新兴产业混合(LOF),平安基金管理有限公司,平安银行股份有限公司,混合型,20200410,,20200701,20200305,nan,2.0456,0.6,0.1,,1.0,0.1,,中国战略新兴产业成份指数收益率×65%+中债总指数收益率×20%+恒生指数收益率(经汇率估值调整)×15%,L,混合型,混合型,,20230410,20230410,E,L
510200.SH,汇安上证证券ETF,汇安基金管理有限责任公司,兴业证券股份有限公司,股票型,20200409,,20200508,20200316,nan,2.0389,0.5,0.1,,1.0,0.1,,上证证券行业指数收益率×100%,L,被动指数型,股票型,,20200508,20200508,E,L
168701.SZ,合煦智远国证香蜜湖金融科技指数(LOF)-A,合煦智远基金管理有限公司,申万宏源证券有限公司,股票型,20200403,,20200506,20200302,nan,5.2143,0.5,0.1,,1.0,0.1,,国证香蜜湖金融科技指数收益率×95%+人民币银行活期存款利率(税后)×5%,L,被动指数型,股票型,,20200506,20200506,E,L
515130.SH,博时沪深300ETF,博时基金管理有限公司,中国建设银行股份有限公司,股票型,20200403,,20200511,20200309,nan,2.6546,0.15,0.05,,1.0,0.1,,沪深300指数收益率×100%,L,被动指数型,股票型,,20200511,20200511,E,L
159811.SZ,博时中证5G产业50ETF,博时基金管理有限公司,中信建投证券股份有限公司,股票型,20200327,,20200422,20200316,nan,13.4434,0.45,0.1,,1.0,0.1,,中证5G产业50指数收益率×100%,L,被动指数型,股票型,,20200422,20200422,E,L
164508.SZ,国富中证A100指数增强(LOF),国海富兰克林基金管理有限公司,中国银行股份有限公司,股票型,20200327,,20200422,nan,nan,nan,0.85,0.15,,1.0,nan,,中证A100指数收益率×95%+银行同业存款利率×5%,L,增强指数型,股票型,,20200330,20200330,E,L
501097.SH,国寿安保科技创新混合(LOF),国寿安保基金管理有限公司,中国民生银行股份有限公司,混合型,20200326,,20200828,20200312,nan,3.3005,1.2,0.2,,1.0,0.1,,中证500指数收益率×70%+中证全债指数收益率×30%,L,混合型,混合型,,20230327,20230327,E,L
501098.SH,建信优享科技创新混合(LOF),建信基金管理有限责任公司,中国农业银行股份有限公司,混合型,20200326,,20200427,20200305,nan,3.0917,1.2,0.2,,1.0,0.1,,中国战略新兴产业成份指数收益率×50%+中证综合债指数收益率×45%+恒生指数收益率(使用估值汇率折算)×5%,L,混合型,混合型,,20230327,20230327,E,L
160527.SZ,博时研究优选灵活配置混合(LOF)-A,博时基金管理有限公司,中国银行股份有限公司,混合型,20200320,,20200619,20200309,nan,20.5379,1.2,0.2,,1.0,0.1,,沪深300指数收益率×60%+恒生指数收益率×20%+中债综合财富(总值)指数收益率×20%,L,灵活配置型,混合型,,20230320,20230320,E,L
159992.SZ,银华中证创新药产业ETF,银华基金管理股份有限公司,上海银行股份有限公司,股票型,20200320,,20200410,20200302,nan,49.1638,0.5,0.05,,1.0,0.1,,中证创新药产业指数收益率×100%,L,被动指数型,股票型,,20200410,20200410,E,L
159998.SZ,天弘中证计算机主题ETF,天弘基金管理有限公司,中信证券股份有限公司,股票型,20200320,,20200413,20200302,nan,2.8786,0.5,0.1,,1.0,0.1,,中证计算机主题指数收益率×100%,L,被动指数型,股票型,,20200413,20200413,E,L
501096.SH,国联安科技创新混合(LOF),国联安基金管理有限公司,中国建设银行股份有限公司,混合型,20200320,,20200722,20200225,nan,5.5603,1.2,0.2,,1.0,0.1,,中国战略新兴产业成份指数收益率×80%+中证港股通科技指数(人民币)收益率×10%+中债-综合财富(总值)指数收益率×5%+活期存款基准利率×5%,L,灵活配置型,混合型,,20230320,20230320,E,L
515890.SH,博时中证红利ETF,博时基金管理有限公司,招商银行股份有限公司,股票型,20200320,,20200420,20200224,nan,3.1244,0.15,0.05,,1.0,0.1,,中证红利指数收益率×100%,L,被动指数型,股票型,,20200420,20200420,E,L
159991.SZ,招商创业板大盘ETF,招商基金管理有限公司,中信建投证券股份有限公司,股票型,20200320,,20200424,20200302,nan,3.3973,0.2,0.1,,1.0,0.1,,创业板大盘指数收益率×100%,L,被动指数型,股票型,,20200424,20200424,E,L
159807.SZ,易方达中证科技50ETF,易方达基金管理有限公司,中国银行股份有限公司,股票型,20200316,,20200330,20200309,nan,15.0003,0.15,0.05,,1.0,0.1,,中证科技50指数收益率×100%,L,被动指数型,股票型,,20200330,20200330,E,L
515950.SH,富国中证医药50ETF,富国基金管理有限公司,招商银行股份有限公司,股票型,20200316,,20200401,20200121,nan,2.772,0.5,0.1,,1.0,0.1,,中证医药50指数收益率×100%,L,被动指数型,股票型,,20200401,20200401,E,L
169108.SZ,东方红均衡优选两年定开混合,上海东方证券资产管理有限公司,中国光大银行股份有限公司,混合型,20200313,,nan,20200302,nan,19.7639,0.8,0.2,,1.0,0.1,,中债综合指数收益率×80%+沪深300指数收益率×15%+恒生指数收益率×5%,L,nan,混合型,,20220314,20220314,E,L
513090.SH,易方达中证香港证券投资主题ETF,易方达基金管理有限公司,招商银行股份有限公司,股票型,20200313,,20200326,20200224,nan,10.1999,0.15,0.05,,1.0,0.1,,中证香港证券投资主题指数收益率(使用估值汇率折算)×100%,L,被动指数型,股票型,,20200326,20200326,E,L
501095.SH,中银证券科技创新混合(LOF),中银国际证券股份有限公司,中国农业银行股份有限公司,混合型,20200312,,20200708,20200227,nan,8.8468,1.2,0.2,,1.0,0.1,,中国战略新兴产业成份指数收益率×80%+中债综合全价指数收益率×20%,L,混合型,混合型,,20230313,20230313,E,L
159806.SZ,国泰中证新能源汽车ETF,国泰基金管理有限公司,上海浦东发展银行股份有限公司,股票型,20200310,,20200320,20200302,nan,23.607,0.5,0.1,,1.0,0.1,,中证新能源汽车指数收益率×100%,L,被动指数型,股票型,,20200320,20200320,E,L
511380.SH,博时中证可转债及可交换债券ETF,博时基金管理有限公司,招商银行股份有限公司,债券型,20200306,,20200407,20200210,nan,6.0187,0.15,0.05,,1.0,0.1,,中证可转债及可交换债券指数收益率×100%,L,被动指数型,债券型,,20200407,20200407,E,L
159805.SZ,鹏华中证传媒ETF,鹏华基金管理有限公司,中国建设银行股份有限公司,股票型,20200306,,20200417,20200217,nan,24.6245,0.5,0.1,,1.0,0.1,,中证传媒指数收益率×100%,L,被动指数型,股票型,,20200417,20200417,E,L
501093.SH,华夏翔阳两年定开混合,华夏基金管理有限公司,中国银行股份有限公司,混合型,20200306,,20210108,20200217,nan,21.2042,1.2,0.2,,1.0,0.1,,中证800指数收益率×50%+中债综合指数收益率×30%+经汇率调整的恒生指数收益率×20%,L,混合型,混合型,,20220307,20220307,E,L
159804.SZ,国寿安保国证创业板中盘精选88ETF,国寿安保基金管理有限公司,中信证券股份有限公司,股票型,20200304,,20200331,20200219,nan,3.499,0.3,0.1,,1.0,0.1,,国证创业板中盘精选88指数×100%,L,被动指数型,股票型,,20200331,20200331,E,L
515630.SH,鹏华中证800证券保险ETF,鹏华基金管理有限公司,中国建设银行股份有限公司,股票型,20200228,,20200403,20200113,nan,6.8572,0.5,0.1,,1.0,0.1,,中证800证券保险指数收益率×100%,L,被动指数型,股票型,,20200403,20200403,E,L
159997.SZ,天弘中证电子ETF,天弘基金管理有限公司,国泰海通证券股份有限公司,股票型,20200227,,20200320,20200210,nan,11.5431,0.5,0.1,,1.0,0.1,,中证电子指数收益率×100%,L,被动指数型,股票型,,20200320,20200320,E,L
159996.SZ,国泰中证全指家用电器ETF,国泰基金管理有限公司,上海浦东发展银行股份有限公司,股票型,20200227,,20200316,20200210,nan,9.3255,0.5,0.1,,1.0,0.1,,中证全指家用电器指数收益率×100%,L,被动指数型,股票型,,20200316,20200316,E,L
501092.SH,交银瑞思混合(LOF),交银施罗德基金管理有限公司,中国农业银行股份有限公司,混合型,20200221,,20200805,20200217,nan,49.4585,1.2,0.2,,1.0,0.1,,沪深300指数收益率×70%+中证综合债券指数收益率×25%+恒生指数收益率×5%,L,混合型,混合型,,20230221,20230221,E,L
515030.SH,华夏中证新能源汽车ETF,华夏基金管理有限公司,中国银行股份有限公司,股票型,20200220,,20200304,20200203,nan,107.6288,0.5,0.1,,1.0,0.1,,中证新能源汽车指数收益率×100%,L,被动指数型,股票型,,20200304,20200304,E,L
502000.SH,西部利得中证500指数增强(LOF)-A,西部利得基金管理有限公司,兴业银行股份有限公司,股票型,20200219,,20200219,nan,nan,nan,1.0,0.2,,1.0,nan,,中证500指数收益率×95%+商业银行活期存款利率(税后)×5%,L,增强指数型,股票型,,20200224,20200224,E,L
166109.SZ,信澳量化先锋混合(LOF)-A,信达澳亚基金管理有限公司,中国建设银行股份有限公司,混合型,20200204,,nan,20191216,nan,11.1462,1.2,0.2,,1.0,0.1,,沪深300指数收益率×95%+银行活期存款利率(税后)×5%,L,nan,混合型,,20200302,20200302,E,L
515160.SH,招商MSCI中国A股国际通ETF,招商基金管理有限公司,中国银行股份有限公司,股票型,20200203,,20200302,20191209,nan,5.0796,0.5,0.1,,1.0,0.1,,MSCI中国A股国际通指数(MSCIChinaAInclusionRMBIndex)收益率×100%,L,被动指数型,股票型,,20200302,20200302,E,L
163417.SZ,兴全合宜灵活配置混合(LOF)-A,兴证全球基金管理有限公司,招商银行股份有限公司,混合型,20200203,,20200203,nan,nan,nan,1.2,0.2,,1.0,nan,,沪深300指数收益率×60%+恒生指数收益率×20%+中国债券总指数收益率×20%,L,灵活配置型,混合型,,20200214,20200203,E,L
159994.SZ,银华中证5G通信主题ETF,银华基金管理股份有限公司,中国农业银行股份有限公司,股票型,20200122,,20200228,20191227,nan,10.97,0.5,0.1,,1.0,0.1,,中证5G通信主题指数×100%,L,被动指数型,股票型,,20200228,20200228,E,L
515210.SH,国泰中证钢铁ETF,国泰基金管理有限公司,招商银行股份有限公司,股票型,20200122,,20200302,20200102,nan,4.3523,0.5,0.1,,1.0,0.1,,中证钢铁指数收益率×100%,L,被动指数型,股票型,,20200302,20200302,E,L
515850.SH,富国中证全指证券公司ETF,富国基金管理有限公司,中国建设银行股份有限公司,股票型,20200121,,20200221,20191016,nan,5.0829,0.15,0.05,,1.0,0.1,,中证全指证券公司指数收益率×100%,L,被动指数型,股票型,,20200221,20200221,E,L
515220.SH,国泰中证煤炭ETF,国泰基金管理有限公司,中国工商银行股份有限公司,股票型,20200120,,20200302,20200102,nan,3.9259,0.5,0.1,,1.0,0.1,,中证煤炭指数收益率×100%,L,被动指数型,股票型,,20200302,20200302,E,L
159801.SZ,广发国证半导体芯片ETF,广发基金管理有限公司,中国工商银行股份有限公司,股票型,20200120,,20200218,20200106,nan,25.2406,0.5,0.1,,1.0,0.1,,国证半导体芯片指数收益率×100%,L,被动指数型,股票型,,20200218,20200218,E,L
159995.SZ,华夏国证半导体芯片ETF,华夏基金管理有限公司,中国建设银行股份有限公司,股票型,20200120,,20200210,20191224,nan,53.8846,0.5,0.1,,1.0,0.1,,国证半导体芯片指数收益率×100%,L,被动指数型,股票型,,20200210,20200210,E,L
501091.SH,嘉实欣荣混合(LOF)-A,嘉实基金管理有限公司,招商银行股份有限公司,混合型,20200120,,20200722,20191219,nan,12.5672,1.2,0.2,,1.0,0.1,,沪深300指数收益率×60%+中债综合财富指数收益率×30%+恒生指数收益率×10%,L,混合型,混合型,,20230201,20230201,E,L
515090.SH,博时中证可持续发展100ETF,博时基金管理有限公司,招商银行股份有限公司,股票型,20200119,,20200220,20191216,nan,14.708,0.5,0.1,,1.0,0.1,,中证可持续发展100指数收益率×100%,L,被动指数型,股票型,,20200220,20200220,E,L
515450.SH,南方标普中国A股大盘红利低波50ETF,南方基金管理股份有限公司,中国农业银行股份有限公司,股票型,20200117,,20200226,20191223,nan,4.7346,0.5,0.1,,1.0,0.1,,标普中国A股大盘红利低波50指数×100%,L,被动指数型,股票型,,20200226,20200226,E,L
515700.SH,平安中证新能源汽车产业ETF,平安基金管理有限公司,招商证券股份有限公司,股票型,20191231,,20200210,20191209,nan,2.8851,0.15,0.05,,1.0,0.1,,中证新能源汽车产业指数收益率×100%,L,被动指数型,股票型,,20200210,20200210,E,L
501032.SH,财通福盛多策略混合(LOF)-A,财通基金管理有限公司,中国工商银行股份有限公司,混合型,20191228,,20191228,nan,nan,nan,1.2,0.2,,1.0,nan,,沪深300指数收益率×70%+中债综合全价指数收益率×30%,L,混合型,混合型,,20191230,20191230,E,L
515380.SH,泰康沪深300ETF,泰康基金管理有限公司,招商银行股份有限公司,股票型,20191227,,20200323,20191115,nan,71.606,0.4,0.05,,1.0,0.1,,沪深300指数收益率×100%,L,被动指数型,股票型,,20200323,20200323,E,L
159993.SZ,鹏华国证证券龙头ETF,鹏华基金管理有限公司,中信证券股份有限公司,股票型,20191226,,20200207,20191209,nan,9.747,0.5,0.1,,1.0,0.1,,国证证券龙头指数收益率×100%,L,被动指数型,股票型,,20200207,20200207,E,L
515350.SH,民生加银沪深300ETF,民生加银基金管理有限公司,中国农业银行股份有限公司,股票型,20191224,,20200207,20191021,nan,3.6206,0.15,0.05,,1.0,0.1,,沪深300指数收益率×100%,L,被动指数型,股票型,,20200207,20200207,E,L
515980.SH,华富中证人工智能产业ETF,华富基金管理有限公司,招商银行股份有限公司,股票型,20191224,,20200210,20191209,nan,2.9506,0.5,0.1,,1.0,0.1,,中证人工智能产业指数收益率×100%,L,被动指数型,股票型,,20200210,20200210,E,L
159970.SZ,工银瑞信深证100ETF,工银瑞信基金管理有限公司,上海浦东发展银行股份有限公司,股票型,20191219,,20200110,20191014,nan,5.0826,0.45,0.1,,1.0,0.1,,深证100指数收益率×100%,L,被动指数型,股票型,,20200110,20200110,E,L
501090.SH,华宝中证消费龙头ETF联接(LOF)-A,华宝基金管理有限公司,中国民生银行股份有限公司,股票型,20191219,,20200106,20191008,nan,2.8858,0.5,0.1,,1.0,0.1,,中证消费龙头指数收益率×95%+人民币银行活期存款利率(税后)×5%,L,被动指数型,股票型,,20200106,20200106,E,L
512730.SH,鹏华中证银行ETF,鹏华基金管理有限公司,中国建设银行股份有限公司,股票型,20191219,,20200207,20191008,nan,3.2558,0.3,0.1,,1.0,0.1,,中证银行指数收益率×100%,L,被动指数型,股票型,,20200207,20200207,E,L
161837.SZ,银华大盘精选两年定开混合,银华基金管理股份有限公司,中国工商银行股份有限公司,混合型,20191216,,20200521,20191204,nan,18.4602,1.2,0.2,,1.0,0.1,,沪深300指数收益率×60%+恒生指数收益率(使用估值汇率调整)×20%+中证综合债指数收益率×20%,L,混合型,混合型,,20211216,20211216,E,L
159981.SZ,建信易盛郑商所能源化工期货ETF,建信基金管理有限责任公司,中国农业银行股份有限公司,其他,20191213,,20200117,20191111,nan,4.8454,0.5,0.1,,1.0,0.1,,易盛郑商所能源化工指数A收益率×100%,L,能源化工期货型,其他型,,20200117,20200117,E,L
515390.SH,华安沪深300ETF,华安基金管理有限公司,招商银行股份有限公司,股票型,20191213,,20200110,20191028,nan,4.4268,0.15,0.05,,1.0,0.1,,沪深300指数收益率×100%,L,被动指数型,股票型,,20200110,20200110,E,L
515070.SH,华夏中证人工智能主题ETF,华夏基金管理有限公司,中国银行股份有限公司,股票型,20191209,,20191224,20191121,nan,9.9047,0.5,0.1,,1.0,0.1,,中证人工智能主题指数收益率×100%,L,被动指数型,股票型,,20191224,20191224,E,L
167506.SZ,安信中证深圳科技创新主题指数(LOF)-A,安信基金管理有限责任公司,中国农业银行股份有限公司,股票型,20191206,,20200106,20191111,nan,6.5629,0.5,0.1,,1.0,0.1,,中证深圳科技创新主题指数收益率×95%+银行活期存款利率(税后)×5%,L,被动指数型,股票型,,20200106,20200106,E,L
515330.SH,天弘沪深300ETF,天弘基金管理有限公司,招商证券股份有限公司,股票型,20191205,,20191226,20191104,nan,2.3671,0.5,0.1,,1.0,0.1,,沪深300指数收益率×100%,L,被动指数型,股票型,,20191226,20191226,E,L
515310.SH,汇添富沪深300ETF,汇添富基金管理股份有限公司,招商银行股份有限公司,股票型,20191204,,20191225,20190927,nan,2.7611,0.15,0.05,,1.0,0.1,,沪深300指数收益率×100%,L,被动指数型,股票型,,20191225,20191225,E,L
501089.SH,方正富邦中证主要消费红利指数增强(LOF),方正富邦基金管理有限公司,中国民生银行股份有限公司,股票型,20191129,,20191231,20191008,nan,2.0577,1.2,0.2,,1.0,0.1,,中证主要消费红利指数收益率×95%+人民币银行活期存款收益率(税后)×5%,L,增强指数型,股票型,,20191231,20191231,E,L
515080.SH,招商中证红利ETF,招商基金管理有限公司,上海浦东发展银行股份有限公司,股票型,20191128,,20191227,20191021,nan,3.4015,0.2,0.1,,1.0,0.1,,中证红利指数收益率×100%,L,被动指数型,股票型,,20191227,20191227,E,L
515060.SH,华夏中证全指房地产ETF,华夏基金管理有限公司,中国银行股份有限公司,股票型,20191128,,20200103,20191101,nan,2.3348,0.5,0.1,,1.0,0.1,,中证全指房地产指数收益率×100%,L,被动指数型,股票型,,20200103,20200103,E,L
515180.SH,易方达中证红利ETF,易方达基金管理有限公司,中国银行股份有限公司,股票型,20191126,,20191220,20191030,nan,9.9264,0.15,0.05,,1.0,0.1,,中证红利指数收益率×100%,L,被动指数型,股票型,,20191220,20191220,E,L
515660.SH,国联安沪深300ETF,国联安基金管理有限公司,中国工商银行股份有限公司,股票型,20191125,,20191224,20190828,nan,5.0099,0.3,0.05,,1.0,0.1,,沪深300指数收益率×100%,L,被动指数型,股票型,,20191224,20191224,E,L
159982.SZ,鹏华中证500ETF,鹏华基金管理有限公司,中国工商银行股份有限公司,股票型,20191121,,20200220,20190909,nan,4.9021,0.15,0.05,,1.0,0.1,,中证500指数收益率×100%,L,被动指数型,股票型,,20200220,20200220,E,L
515550.SH,国联中证500ETF,国联基金管理有限公司,中国光大银行股份有限公司,股票型,20191115,,20191225,20190903,nan,2.3535,0.3,0.1,,1.0,0.1,,中证500指数收益率×100%,L,被动指数型,股票型,,20191225,20191225,E,L
515750.SH,富国中证科技50策略ETF,富国基金管理有限公司,中信建投证券股份有限公司,股票型,20191115,,20191206,20191015,nan,21.4014,0.5,0.1,,1.0,0.1,,中证科技50策略指数收益率×100%,L,被动指数型,股票型,,20191206,20191206,E,L
515590.SH,前海开源中证500等权重ETF,前海开源基金管理有限公司,中国银河证券股份有限公司,股票型,20191114,,20200120,20191028,nan,7.6011,0.15,0.05,,1.0,0.1,,中证500等权重指数收益率×100%,L,被动指数型,股票型,,20200120,20200120,E,L
159975.SZ,招商深证100ETF,招商基金管理有限公司,交通银行股份有限公司,股票型,20191107,,20200102,20190826,nan,9.8117,0.2,0.1,,1.0,0.1,,深证100指数(价格)收益率×100%,L,被动指数型,股票型,,20200102,20200102,E,L
511060.SH,海富通上证5年期地方政府债ETF,海富通基金管理有限公司,招商银行股份有限公司,债券型,20191107,,20191212,20190801,nan,109.7863,0.15,0.05,,1.0,0.1,,上证5年期地方政府债指数收益率×100%,L,被动指数型,债券型,,20191212,20191212,E,L
162216.SZ,宏利中证500指数增强(LOF),宏利基金管理有限公司,中国银行股份有限公司,股票型,20191106,,20191205,nan,nan,nan,1.0,0.2,,1.0,nan,,中证500指数收益率×95%+1年期定期存款利率(税后)×5%,L,增强指数型,股票型,,20191106,20191106,E,L
515150.SH,富国中证国企一带一路ETF,富国基金管理有限公司,中国银行股份有限公司,股票型,20191106,,20200115,20190911,nan,82.667,0.15,0.05,,1.0,0.1,,中证国企一带一路指数收益率×100%,L,被动指数型,股票型,,20200115,20200115,E,L
515990.SH,汇添富中证国企一带一路ETF,汇添富基金管理股份有限公司,中国农业银行股份有限公司,股票型,20191106,,20200115,20190911,nan,36.2435,0.15,0.05,,1.0,0.1,,中证国企一带一路指数收益率×100%,L,被动指数型,股票型,,20200115,20200115,E,L
166107.SZ,信澳量化多因子混合(LOF)-A,信达澳亚基金管理有限公司,中国银行股份有限公司,混合型,20191106,,20191128,20190923,nan,2.2584,1.2,0.2,,1.0,0.1,,中证500指数收益率×95%+银行活期存款利率(税后)×5%,L,混合型,混合型,,20191125,20191125,E,L
515110.SH,易方达中证国企一带一路ETF,易方达基金管理有限公司,中国建设银行股份有限公司,股票型,20191106,,20200115,20190911,nan,83.583,0.15,0.05,,1.0,0.1,,中证国企一带一路指数收益率×100%,L,被动指数型,股票型,,20200115,20200115,E,L
159976.SZ,工银瑞信粤港澳大湾区创新100ETF,工银瑞信基金管理有限公司,招商银行股份有限公司,股票型,20191101,,20200117,20190819,nan,11.9089,0.25,0.05,,1.0,0.1,,粤港澳大湾区创新100指数收益率×100%,L,被动指数型,股票型,,20200117,20200117,E,L
515200.SH,申万菱信中证研发创新100ETF,申万菱信基金管理有限公司,中国农业银行股份有限公司,股票型,20191025,,20191115,20190902,nan,8.9694,0.5,0.1,,1.0,0.1,,中证研发创新100指数×100%,L,被动指数型,股票型,,20191115,20191115,E,L
159980.SZ,大成有色金属期货ETF,大成基金管理有限公司,中国农业银行股份有限公司,其他,20191024,,20191224,20190903,nan,3.1082,0.6,0.1,,1.0,0.1,,上海期货交易所有色金属期货价格指数收益率×100%,L,有色金属期货型,其他型,,20191224,20191224,E,L
515020.SH,华夏中证银行ETF,华夏基金管理有限公司,中国银行股份有限公司,股票型,20191024,,20191203,20190909,nan,3.4785,0.15,0.05,,1.0,0.1,,中证银行指数收益率×100%,L,被动指数型,股票型,,20191203,20191203,E,L
510530.SH,工银瑞信中证500ETF,工银瑞信基金管理有限公司,中国银行股份有限公司,股票型,20191017,,20200103,20190718,nan,10.8097,0.45,0.07,,1.0,0.1,,中证500指数收益率×100%,L,被动指数型,股票型,,20200103,20200103,E,L
515650.SH,富国中证消费50ETF,富国基金管理有限公司,中信证券股份有限公司,股票型,20191014,,20191111,20190812,nan,8.6718,0.5,0.1,,1.0,0.1,,中证消费50指数收益率×100%,L,被动指数型,股票型,,20191111,20191111,E,L
515810.SH,易方达中证800ETF,易方达基金管理有限公司,中国建设银行股份有限公司,股票型,20191008,,20191025,20190916,nan,8.8791,0.15,0.05,,1.0,0.1,,中证800指数收益率×100%,L,被动指数型,股票型,,20191025,20191025,E,L
515800.SH,汇添富中证800ETF,汇添富基金管理股份有限公司,平安银行股份有限公司,股票型,20191008,,20191216,20190715,nan,66.0144,0.15,0.05,,1.0,0.1,,中证800指数收益率×100%,L,被动指数型,股票型,,20191216,20191216,E,L
515580.SH,华泰柏瑞中证科技100ETF,华泰柏瑞基金管理有限公司,中信证券股份有限公司,股票型,20190927,,20191028,20190909,nan,21.2002,0.5,0.1,,1.0,0.1,,中证科技100指数收益率×100%,L,被动指数型,股票型,,20191028,20191028,E,L
515860.SH,嘉实中证新兴科技100策略ETF,嘉实基金管理有限公司,中国银行股份有限公司,股票型,20190926,,20191022,20190902,nan,12.6088,0.5,0.1,,1.0,0.1,,中证新兴科技100策略指数收益率×100%,L,被动指数型,股票型,,20191022,20191022,E,L
167302.SZ,方正富邦恒生沪深港通大湾区综合指数(LOF),方正富邦基金管理有限公司,中国建设银行股份有限公司,股票型,20190926,,20200106,20190826,nan,3.0374,0.75,0.15,,1.0,0.1,,恒生沪深港通大湾区综合指数收益率×95%+人民币银行活期存款利率(税后)×5%,L,被动指数型,股票型,,20191105,20191105,E,L
159985.SZ,华夏饲料豆粕期货ETF,华夏基金管理有限公司,中国建设银行股份有限公司,其他,20190924,,20191205,20190906,nan,2.6592,0.5,0.1,,1.0,0.1,,大连商品交易所豆粕期货价格指数收益率×100%,L,豆粕期货型,其他型,,20191205,20191205,E,L
515360.SH,方正富邦沪深300ETF,方正富邦基金管理有限公司,中国建设银行股份有限公司,股票型,20190924,,20191101,20190801,nan,2.1587,0.15,0.05,,1.0,0.1,,沪深300指数收益率×100%,L,被动指数型,股票型,,20191101,20191101,E,L
512970.SH,平安中证粤港澳大湾区发展主题ETF,平安基金管理有限公司,中国工商银行股份有限公司,股票型,20190923,,20191111,20190617,nan,60.0999,0.15,0.05,,1.0,0.1,,中证粤港澳大湾区发展主题指数收益率×100%,L,被动指数型,股票型,,20191111,20191111,E,L
515680.SH,嘉实中证央企创新驱动ETF,嘉实基金管理有限公司,中国银行股份有限公司,股票型,20190920,,20191218,20190812,nan,132.5026,0.15,0.05,,1.0,0.1,,中证央企创新驱动指数收益率×100%,L,被动指数型,股票型,,20191218,20191218,E,L
159974.SZ,富国中证央企创新驱动ETF,富国基金管理有限公司,中国建设银行股份有限公司,股票型,20190920,,20191218,20190812,nan,20.2643,0.15,0.05,,1.0,0.1,,中证央企创新驱动指数收益率×100%,L,被动指数型,股票型,,20191218,20191218,E,L
161118.SZ,易方达中小企业100指数(LOF)-A,易方达基金管理有限公司,中国建设银行股份有限公司,股票型,20190920,,20191009,nan,nan,nan,1.0,0.2,,1.0,nan,,中小企业100指数收益率×95%+活期存款利率(税后)×5%,L,被动指数型,股票型,,20190923,20190923,E,L
515600.SH,广发中证央企创新驱动ETF,广发基金管理有限公司,中国工商银行股份有限公司,股票型,20190920,,20191218,20190812,nan,86.758,0.15,0.05,,1.0,0.1,,中证央企创新驱动指数收益率×100%,L,被动指数型,股票型,,20191218,20191218,E,L
515900.SH,博时中证央企创新驱动ETF,博时基金管理有限公司,招商银行股份有限公司,股票型,20190920,,20191218,20190812,nan,167.3465,0.15,0.05,,1.0,0.1,,中证央企创新驱动指数收益率×100%,L,被动指数型,股票型,,20191218,20191218,E,L
515050.SH,华夏中证5G通信主题ETF,华夏基金管理有限公司,中国银行股份有限公司,股票型,20190917,,20191016,20190830,nan,41.5257,0.5,0.1,,1.0,0.1,,中证5G通信主题指数收益率×100%,L,被动指数型,股票型,,20191016,20191016,E,L
515010.SH,华夏中证全指证券公司ETF,华夏基金管理有限公司,中国银行股份有限公司,股票型,20190917,,20191107,20190819,nan,6.2477,0.15,0.05,,1.0,0.1,,中证全指证券公司指数收益率×100%,L,被动指数型,股票型,,20191107,20191107,E,L
159977.SZ,天弘创业板ETF,天弘基金管理有限公司,国泰海通证券股份有限公司,股票型,20190912,,20190927,20190826,nan,6.4086,0.15,0.05,,1.0,0.1,,创业板指数收益率×100%,L,被动指数型,股票型,,20190927,20190927,E,L
510100.SH,易方达上证50ETF,易方达基金管理有限公司,招商银行股份有限公司,股票型,20190906,,20191009,20190610,nan,7.0423,0.15,0.05,,1.0,0.1,,上证50指数收益率×100%,L,被动指数型,股票型,,20191009,20191009,E,L
501087.SH,交银瑞丰混合(LOF),交银施罗德基金管理有限公司,招商银行股份有限公司,混合型,20190904,,20200309,20190826,nan,29.6486,1.2,0.2,,1.0,0.1,,沪深300指数收益率×70%+恒生指数收益率×5%+中证综合债券指数收益率×25%,L,混合型,混合型,,20220905,20220905,E,L
501088.SH,嘉实瑞虹三年定开混合,嘉实基金管理有限公司,中国银行股份有限公司,混合型,20190904,,20200309,20190805,nan,24.6132,1.2,0.2,,1.0,0.1,,沪深300指数收益率×60%+恒生指数收益率×10%+中债综合财富指数收益率×30%,L,混合型,混合型,,20220905,20220905,E,L
512530.SH,建信沪深300红利ETF,建信基金管理有限责任公司,中信证券股份有限公司,股票型,20190823,,20190923,20190729,nan,12.635,0.5,0.1,,1.0,0.1,,沪深300红利指数×100%,L,被动指数型,股票型,,20190923,20190923,E,L
159972.SZ,鹏华中证5年期地方政府债ETF,鹏华基金管理有限公司,招商银行股份有限公司,债券型,20190823,,20191108,20190708,nan,44.7159,0.15,0.05,,1.0,0.1,,中证5年期地方政府债指数收益率×100%,L,被动指数型,债券型,,20191108,20191108,E,L
515880.SH,国泰中证全指通信设备ETF,国泰基金管理有限公司,中国工商银行股份有限公司,股票型,20190816,,20190906,20190722,nan,4.7646,0.5,0.1,,1.0,0.1,,中证全指通信设备指数收益率×100%,L,被动指数型,股票型,,20190906,20190906,E,L
515300.SH,嘉实沪深300红利低波动ETF,嘉实基金管理有限公司,中国工商银行股份有限公司,股票型,20190808,,20190919,20190701,nan,7.6668,0.5,0.1,,1.0,0.1,,沪深300红利低波动指数收益率×100%,L,被动指数型,股票型,,20190919,20190919,E,L
169105.SZ,东方红睿华沪港深灵活配置混合(LOF)-A,上海东方证券资产管理有限公司,中国银行股份有限公司,混合型,20190805,,20190805,nan,nan,nan,1.2,0.2,,1.0,nan,,中债-总指数×20%+沪深300指数×60%+香港恒生指数×20%,L,灵活配置型,混合型,,20190805,20190805,E,L
512190.SH,浙商汇金中证浙江凤凰行动50ETF,浙江浙商证券资产管理有限公司,中国银行股份有限公司,股票型,20190805,,20190909,20190626,nan,3.2432,0.5,0.1,,1.0,0.1,,中证浙江凤凰行动50指数收益率×100%,L,被动指数型,股票型,,20190909,20190909,E,L
159968.SZ,博时中证500ETF,博时基金管理有限公司,招商银行股份有限公司,股票型,20190801,,20191031,20190701,nan,27.6219,0.15,0.05,,1.0,0.1,,中证500指数收益率×100%,L,被动指数型,股票型,,20191031,20191031,E,L
161834.SZ,银华鑫锐灵活配置混合(LOF)-A,银华基金管理股份有限公司,中国建设银行股份有限公司,混合型,20190801,,20190801,nan,nan,nan,1.2,0.2,,1.0,nan,,沪深300指数收益率×50%+中国债券总指数收益率×50%,L,灵活配置型,混合型,,20190801,20190801,E,L
512650.SH,汇添富中证长三角一体化发展主题ETF,汇添富基金管理股份有限公司,上海浦东发展银行股份有限公司,股票型,20190726,,20191025,20190520,nan,64.2894,0.15,0.05,,1.0,0.1,,中证长三角一体化发展主题指数收益率×100%,L,被动指数型,股票型,,20191025,20191025,E,L
512710.SH,富国中证军工龙头ETF,富国基金管理有限公司,中国建设银行股份有限公司,股票型,20190723,,20190826,20190524,nan,72.0233,0.5,0.1,,1.0,0.1,,中证军工龙头指数收益率×100%,L,被动指数型,股票型,,20190826,20190826,E,L
515000.SH,华宝中证科技龙头ETF,华宝基金管理有限公司,中国工商银行股份有限公司,股票型,20190722,,20190816,20190704,nan,10.3729,0.5,0.1,,1.0,0.1,,中证科技龙头指数收益率×100%,L,被动指数型,股票型,,20190816,20190816,E,L
161729.SZ,招商瑞利灵活配置混合(LOF)-A,招商基金管理有限公司,中国建设银行股份有限公司,混合型,20190718,,20200115,20190603,nan,2.8437,1.2,0.2,,1.0,0.1,,沪深300指数收益率×60%+恒生指数收益率(使用估值汇率折算)×10%+中证全债指数收益率×30%,L,灵活配置型,混合型,,20220718,20220718,E,L
501079.SH,大成科创主题混合(LOF)-A,大成基金管理有限公司,中国建设银行股份有限公司,混合型,20190718,,20200120,20190624,nan,8.6322,1.2,0.2,,1.0,0.1,,中国战略新兴产业成份指数收益率×90%+中债-国债总全价(1-3年)指数收益率×10%,L,混合型,混合型,,20220718,20220718,E,L
159973.SZ,弘毅远方国证民企领先100ETF,弘毅远方基金管理有限公司,广发证券股份有限公司,股票型,20190716,,20190809,20190617,nan,3.8498,0.3,0.2,,1.0,0.1,,国证民企领先100指数收益率×100%,L,被动指数型,股票型,,20190809,20190809,E,L
512930.SH,平安中证人工智能主题ETF,平安基金管理有限公司,交通银行股份有限公司,股票型,20190712,,20190823,20190513,nan,2.0113,0.15,0.05,,1.0,0.1,,中证人工智能主题指数收益率×100%,L,被动指数型,股票型,,20190823,20190823,E,L
512720.SH,国泰中证计算机主题ETF,国泰基金管理有限公司,中国农业银行股份有限公司,股票型,20190711,,20190816,20190603,nan,6.1845,0.5,0.1,,1.0,0.1,,中证计算机主题指数收益率×100%,L,被动指数型,股票型,,20190816,20190816,E,L
501080.SH,中金科创主题灵活配置混合(LOF),中金基金管理有限公司,中国银行股份有限公司,混合型,20190711,,20191225,20190624,nan,9.913,1.2,0.2,,1.0,0.1,,中国战略新兴产业成份指数收益率×65%+中债-综合全价(总值)指数收益率×35%,L,灵活配置型,混合型,,20220711,20220711,E,L
501085.SH,财通科创主题灵活配置混合(LOF)-A,财通基金管理有限公司,中国工商银行股份有限公司,混合型,20190711,,20200207,20190624,nan,7.756,1.2,0.2,,1.0,0.1,,中国战略新兴产业成份指数收益率×75%+上证国债指数收益率×25%,L,灵活配置型,混合型,,20220711,20220711,E,L
512670.SH,鹏华中证国防ETF,鹏华基金管理有限公司,中国建设银行股份有限公司,股票型,20190705,,20190801,20190610,nan,9.3183,0.3,0.1,,1.0,0.1,,中证国防指数收益率×100%,L,被动指数型,股票型,,20190801,20190801,E,L
501083.SH,银华科创主题灵活配置混合(LOF)-A,银华基金管理股份有限公司,招商银行股份有限公司,混合型,20190705,,20200107,20190624,nan,9.8974,1.2,0.2,,1.0,0.1,,中国战略新兴产业成份指数收益率×40%+恒生指数收益率(使用估值汇率调整)×10%+中债综合财富指数收益率×50%,L,灵活配置型,混合型,,20220706,20220706,E,L
501081.SH,中欧科创主题混合(LOF)-A,中欧基金管理有限公司,招商银行股份有限公司,混合型,20190628,,20190906,20190624,nan,9.8879,1.2,0.2,,1.0,0.1,,中国战略新兴产业成份指数收益率×50%+恒生指数收益率×10%+中债综合指数收益率×40%,L,混合型,混合型,,20220628,20220628,E,L
169104.SZ,东方红睿满沪港深灵活配置混合(LOF)-A,上海东方证券资产管理有限公司,招商银行股份有限公司,混合型,20190628,,20190628,nan,nan,nan,1.2,0.2,,1.0,nan,,中债-总指数×20%+沪深300指数×60%+香港恒生指数×20%,L,灵活配置型,混合型,,20190628,20190628,E,L
501082.SH,博时科创主题灵活配置混合(LOF)-A,博时基金管理有限公司,中国工商银行股份有限公司,混合型,20190627,,20191226,20190624,nan,9.9679,1.2,0.2,,1.0,0.1,,中国战略新兴产业成份指数收益率×50%+中证港股通综合指数(人民币)×20%+中债综合财富(总值)指数收益率×30%,L,灵活配置型,混合型,,20220627,20220627,E,L
167505.SZ,安信中短利率债债券(LOF)-C,安信基金管理有限责任公司,杭州银行股份有限公司,债券型,20190626,,nan,20190610,nan,0.0011,0.2,0.05,,1.0,0.1,,中债-1-30年利率债财富(1-3年)指数收益率×100%,L,nan,债券型,,20190701,20190701,E,L
159967.SZ,华夏创业板动量成长ETF,华夏基金管理有限公司,中国农业银行股份有限公司,股票型,20190621,,20190715,20190506,nan,3.9134,0.5,0.1,,1.0,0.1,,创业板动量成长指数收益率×100%,L,被动指数型,股票型,,20190715,20190715,E,L
159966.SZ,华夏创业板低波价值ETF,华夏基金管理有限公司,中国农业银行股份有限公司,股票型,20190614,,20190715,20190506,nan,3.5455,0.5,0.1,,1.0,0.1,,创业板低波价值指数收益率×100%,L,被动指数型,股票型,,20190715,20190715,E,L
513800.SH,南方顶峰TOPIXETF(QDII),南方基金管理股份有限公司,中国工商银行股份有限公司,股票型,20190612,,20190625,20190528,nan,3.0843,0.2,0.05,,1.0,0.1,,经估值汇率调整的东证指数收益率×100%,L,被动指数型,股票型,,20190625,20190625,E,L
501075.SH,万家科创主题灵活配置混合(LOF)-A,万家基金管理有限公司,中国建设银行股份有限公司,混合型,20190612,,20190912,20190605,nan,9.664,1.2,0.2,,1.0,0.1,,中国战略新兴产业成份指数收益率×50%+中债综合指数收益率×50%,L,灵活配置型,混合型,,20220613,20220613,E,L
513000.SH,易方达奥明日经225ETF(QDII),易方达基金管理有限公司,中国工商银行股份有限公司,股票型,20190612,,20190625,20190528,nan,5.0841,0.2,0.05,,1.0,0.1,,日经225指数收益率×100%,L,被动指数型,股票型,,20190625,20190625,E,L
513880.SH,华安三菱日联日经225ETF(QDII),华安基金管理有限公司,中国银行股份有限公司,股票型,20190612,,20190625,20190528,nan,2.7497,0.2,0.05,,1.0,0.1,,日经225指数收益率(经汇率调整后)×100%,L,被动指数型,股票型,,20190625,20190625,E,L
513520.SH,华夏野村日经225ETF(QDII),华夏基金管理有限公司,中国建设银行股份有限公司,股票型,20190612,,20190625,20190528,nan,4.3049,0.2,0.05,,1.0,0.1,,日经225指数收益率×100%,L,被动指数型,股票型,,20190625,20190625,E,L
501077.SH,富国创新企业灵活配置混合(LOF)-A,富国基金管理有限公司,招商银行股份有限公司,混合型,20190611,,20191028,20190605,nan,9.8853,1.2,0.2,,1.0,0.1,,中证TMT产业主题指数收益率×60%+中证全债指数收益率×40%,L,灵活配置型,混合型,,20220613,20220613,E,L
159971.SZ,富国创业板ETF,富国基金管理有限公司,中国建设银行股份有限公司,股票型,20190611,,20190702,20190509,nan,5.3801,0.15,0.05,,1.0,0.1,,创业板指数收益率×100%,L,被动指数型,股票型,,20190702,20190702,E,L
501073.SH,华安智联混合(LOF)-A,华安基金管理有限公司,中国建设银行股份有限公司,混合型,20190611,,20191220,20190605,nan,9.8857,0.7,0.2,,1.0,0.1,,中证800指数收益率×20%+中债综合指数收益率×80%,L,混合型,混合型,,20220614,20220614,E,L
501078.SH,广发科创主题灵活配置混合(LOF),广发基金管理有限公司,中国农业银行股份有限公司,混合型,20190611,,20191118,20190605,nan,9.8898,1.2,0.2,,1.0,0.1,,中国战略新兴产业成份指数收益率×60%+中债综合财富(总值)指数收益率×40%,L,灵活配置型,混合型,,20220613,20220613,E,L
501076.SH,鹏华创新动力灵活配置混合(LOF),鹏华基金管理有限公司,中国工商银行股份有限公司,混合型,20190610,,20191209,20190605,nan,9.8894,1.2,0.2,,1.0,0.1,,中国战略新兴产业成份指数收益率×30%+沪深300指数收益率×30%+恒生指数收益率(使用估值汇率折算)×10%+中债综合指数收益率×30%,L,灵活配置型,混合型,,20220610,20220610,E,L
160526.SZ,博时优势企业灵活配置混合(LOF)-A,博时基金管理有限公司,招商银行股份有限公司,混合型,20190603,,20191202,20190507,nan,10.8525,1.2,0.2,,1.0,0.1,,沪深300指数收益率×60%+恒生指数收益率×20%+中债综合财富(总值)指数收益率×20%,L,灵活配置型,混合型,,20220606,20220606,E,L
163209.SZ,诺安创业板指数增强(LOF)-A,诺安基金管理有限公司,中国银行股份有限公司,股票型,20190531,,nan,nan,nan,nan,1.0,0.2,,1.0,nan,,创业板指数收益率×95%+一年期银行储蓄存款利率(税后)×5%,L,nan,股票型,,20190605,20190605,E,L
512910.SH,广发中证A100ETF,广发基金管理有限公司,中国工商银行股份有限公司,股票型,20190527,,20190701,20190408,nan,4.1463,0.5,0.1,,1.0,0.1,,中证A100指数收益率×100%,L,被动指数型,股票型,,20190701,20190701,E,L
512750.SH,嘉实中证锐联基本面50ETF,嘉实基金管理有限公司,中国工商银行股份有限公司,股票型,20190523,,20190705,20190408,nan,43.5935,0.5,0.1,,1.0,0.1,,中证锐联基本面50指数收益率×100%,L,被动指数型,股票型,,20190705,20190705,E,L
512170.SH,华宝中证医疗ETF,华宝基金管理有限公司,中国银行股份有限公司,股票型,20190520,,20190617,20190422,nan,2.4944,0.5,0.1,,1.0,0.1,,中证医疗指数收益率×100%,L,被动指数型,股票型,,20190617,20190617,E,L
510350.SH,工银瑞信沪深300ETF,工银瑞信基金管理有限公司,中国农业银行股份有限公司,股票型,20190520,,20190816,20190211,nan,68.6369,0.15,0.05,,1.0,0.1,,沪深300指数收益率×100%,L,被动指数型,股票型,,20190816,20190816,E,L
512760.SH,国泰CES半导体芯片行业ETF,国泰基金管理有限公司,中国银行股份有限公司,股票型,20190516,,20190612,20190422,nan,2.7766,0.5,0.1,,1.0,0.1,,中华交易服务半导体芯片行业指数收益率×100%,L,被动指数型,股票型,,20190612,20190612,E,L
161029.SZ,富国中证银行指数-A,富国基金管理有限公司,中国农业银行股份有限公司,股票型,20190510,,20190617,nan,nan,nan,1.0,0.2,,1.0,nan,,中证银行指数收益率×95%+银行人民币活期存款利率(税后)×5%,L,被动指数型,股票型,,20190513,20190513,E,L
512480.SH,国联安中证全指半导体产品与设备ETF,国联安基金管理有限公司,国泰海通证券股份有限公司,股票型,20190508,,20190612,20190422,nan,3.125,0.5,0.1,,1.0,0.1,,中证全指半导体产品与设备指数收益率×100%,L,被动指数型,股票型,,20190612,20190612,E,L
511220.SH,海富通上证城投债ETF,海富通基金管理有限公司,中国银行股份有限公司,债券型,20190424,,20190424,nan,nan,nan,0.15,0.05,,1.0,nan,,上证城投债指数收益率×100%,L,被动指数型,债券型,,20190424,20190424,E,L
166025.SZ,中欧远见两年定开混合-A,中欧基金管理有限公司,中国工商银行股份有限公司,混合型,20190424,,20190527,20190415,nan,31.6489,1.2,0.2,,1.0,0.1,,沪深300指数收益率×60%+中债-综合全价(总值)指数收益率×30%+中证港股通综合指数(人民币)收益率×10%,L,混合型,混合型,,20210426,20210426,E,L
512290.SH,国泰中证生物医药ETF,国泰基金管理有限公司,中国银行股份有限公司,股票型,20190418,,20190520,20190325,nan,4.6082,0.5,0.1,,1.0,0.1,,中证生物医药指数收益率×100%,L,被动指数型,股票型,,20190520,20190520,E,L
512690.SH,鹏华中证酒ETF,鹏华基金管理有限公司,中国建设银行股份有限公司,股票型,20190404,,20190506,20190311,nan,3.5613,0.5,0.1,,1.0,0.1,,中证酒指数收益率×100%,L,被动指数型,股票型,,20190506,20190506,E,L
501071.SH,泓德丰泽混合(LOF)-A,泓德基金管理有限公司,招商银行股份有限公司,混合型,20190328,,20190919,20190225,nan,13.2846,1.2,0.2,,1.0,0.1,,中证800指数收益率×70%+中国债券综合全价指数收益率×30%,L,灵活配置型,混合型,,20220329,20220329,E,L
161912.SZ,万家社会责任18个月定开混合(LOF)-A,万家基金管理有限公司,中国农业银行股份有限公司,混合型,20190321,,20190614,20190218,nan,5.3507,1.2,0.2,,1.0,0.1,,沪深300指数收益率×80%+上证国债指数收益率×20%,L,混合型,混合型,,20200922,20200922,E,L
160925.SZ,大成中华沪深港300指数(LOF)-A,大成基金管理有限公司,中国农业银行股份有限公司,股票型,20190320,,20190329,20190218,nan,19.6833,0.5,0.1,,1.0,0.1,,中华交易服务沪深港300指数(人民币)收益率×95%+人民币活期存款利率(税后)×5%,L,被动指数型,股票型,,20190329,20190329,E,L
512380.SH,银华MSCI中国A股ETF,银华基金管理股份有限公司,中国工商银行股份有限公司,股票型,20190319,,20190430,20190102,nan,20.5881,0.5,0.1,,1.0,0.1,,MSCI中国A股人民币指数×100%,L,被动指数型,股票型,,20190430,20190617,E,L
159965.SZ,国联央视财经50ETF,国联基金管理有限公司,中国银行股份有限公司,股票型,20190319,,20190424,20181212,nan,6.6743,0.5,0.1,,1.0,0.1,,央视财经50指数收益率×100%,L,被动指数型,股票型,,20190424,20190424,E,L
159964.SZ,平安创业板ETF,平安基金管理有限公司,中国银行股份有限公司,股票型,20190315,,20190419,20190218,nan,2.4548,0.15,0.05,,1.0,0.1,,创业板指数收益率×100%,L,被动指数型,股票型,,20190419,20190419,E,L
161019.SZ,富国新天锋债券(LOF)-A,富国基金管理有限公司,中国建设银行股份有限公司,债券型,20190220,,20190220,nan,nan,nan,0.6,0.2,,1.0,nan,,中债-高等级信用债财富(0-5年)指数收益率×60%+中债-国债及政策性银行债财富(总值)指数收益率×25%+中证可转换债券指数收益率×15%,L,债券型,债券型,,20190220,20190220,E,L
501070.SH,广发睿阳三年定开混合,广发基金管理有限公司,中国工商银行股份有限公司,混合型,20190131,,20190731,20181228,nan,6.7267,1.2,0.2,,1.0,0.1,,中证800指数收益率×65%+中证全债指数收益率×35%,L,混合型,混合型,,20220207,20220207,E,L
501311.SH,嘉实恒生港股通新经济指数(LOF)-A,嘉实基金管理有限公司,中国银行股份有限公司,股票型,20190114,,20190214,20181128,nan,2.8,0.75,0.15,,1.0,0.1,,恒生港股通新经济指数收益率(人民币计价)×95%+银行活期存款税后利率×5%,L,被动指数型,股票型,,20190214,20190214,E,L
501064.SH,国泰价值优选灵活配置混合(LOF)-A,国泰基金管理有限公司,招商银行股份有限公司,混合型,20190110,,20190516,20181210,nan,2.6875,1.2,0.2,,1.0,0.1,,沪深300指数收益率×60%+中债综合指数收益率×40%,L,灵活配置型,混合型,,20220110,20220110,E,L
168401.SZ,红土创新转型精选灵活配置混合(LOF)-A,红土创新基金管理有限公司,中国工商银行股份有限公司,混合型,20190103,,20190103,nan,nan,nan,1.2,0.2,,1.0,nan,,沪深300指数×60%+中证全债指数×40%,L,灵活配置型,混合型,,20190103,20190103,E,L
501028.SH,财通多策略福瑞混合(LOF)-A,财通基金管理有限公司,中国工商银行股份有限公司,混合型,20181229,,20181229,nan,nan,nan,0.6,0.15,,1.0,nan,,沪深300指数收益率×55%+上证国债指数收益率×45%,L,混合型,混合型,,20190102,20190102,E,L
511030.SH,平安中债-中高等级公司债利差因子ETF,平安基金管理有限公司,平安银行股份有限公司,债券型,20181227,,20190322,20181210,nan,51.0407,0.15,0.05,,1.0,0.1,,中债-中高等级公司债利差因子指数收益率×100%,L,被动指数型,债券型,,20190322,20190322,E,L
511020.SH,平安中证5-10年期国债活跃券ETF,平安基金管理有限公司,平安银行股份有限公司,债券型,20181221,,20190222,20181203,nan,11.3517,0.15,0.05,,1.0,0.1,,中证5-10年期国债活跃券指数收益率×100%,L,被动指数型,债券型,,20190222,20190222,E,L
512150.SH,汇安富时中国A50ETF,汇安基金管理有限责任公司,中国工商银行股份有限公司,股票型,20181221,,20190121,20181119,nan,2.1907,0.5,0.1,,1.0,0.1,,富时中国A50指数收益率×100%,L,被动指数型,股票型,,20190121,20190121,E,L
512890.SH,华泰柏瑞中证红利低波动ETF,华泰柏瑞基金管理有限公司,中国建设银行股份有限公司,股票型,20181219,,20190118,20181121,nan,6.8356,0.5,0.1,,1.0,0.1,,中证红利低波动指数收益率×100%,L,被动指数型,股票型,,20190118,20190118,E,L
512870.SH,南华中证杭州湾区ETF,南华基金管理有限公司,中国银行股份有限公司,股票型,20181214,,20190222,20181102,nan,5.0341,0.5,0.1,,1.0,0.1,,中证杭州湾区指数收益率×100%,L,被动指数型,股票型,,20190222,20190222,E,L
160324.SZ,华夏磐晟灵活配置混合(LOF),华夏基金管理有限公司,中国银行股份有限公司,混合型,20181214,,20181214,nan,nan,nan,1.2,0.2,,1.0,nan,,沪深300指数收益率×50%+上证国债指数收益率×50%,L,灵活配置型,混合型,,20181214,20181214,E,L
159908.SZ,博时创业板ETF,博时基金管理有限公司,交通银行股份有限公司,股票型,20181210,,20181210,nan,nan,nan,0.15,0.05,,1.0,nan,,创业板指数收益率×100%,L,被动指数型,股票型,,20181213,20181213,E,L
510850.SH,工银瑞信上证50ETF,工银瑞信基金管理有限公司,招商银行股份有限公司,股票型,20181207,,20190306,20181105,nan,113.5034,0.5,0.1,,1.0,0.1,,上证50指数收益率×100%,L,被动指数型,股票型,,20190306,20190306,E,L
501065.SH,汇添富经典成长定开混合,汇添富基金管理股份有限公司,中国工商银行股份有限公司,混合型,20181205,,20190508,20180906,nan,7.7043,1.2,0.2,,1.0,0.1,,中证800指数收益率×60%+恒生指数收益率×20%+中债-综合财富(总值)指数收益率×20%,L,混合型,混合型,,20211206,20211206,E,L
512260.SH,华安中证500行业中性低波动ETF,华安基金管理有限公司,中国建设银行股份有限公司,股票型,20181130,,20190111,20181018,nan,3.525,0.5,0.1,,1.0,0.1,,中证500行业中性低波动指数收益率×100%,L,被动指数型,股票型,,20190111,20190111,E,L
510550.SH,方正富邦中证500ETF,方正富邦基金管理有限公司,中国建设银行股份有限公司,股票型,20181130,,20190116,20181108,nan,2.1174,0.15,0.05,,1.0,0.1,,中证500指数收益率×100%,L,被动指数型,股票型,,20190116,20190116,E,L
512040.SH,富国中证价值ETF,富国基金管理有限公司,中国建设银行股份有限公司,股票型,20181107,,20181129,20181010,nan,9.5186,0.6,0.1,,1.0,0.1,,中证国信价值指数收益率×100%,L,被动指数型,股票型,,20181129,20181129,E,L
159961.SZ,方正富邦深证100ETF,方正富邦基金管理有限公司,中国建设银行股份有限公司,股票型,20181102,,20181219,20181015,nan,2.2125,0.5,0.1,,1.0,0.1,,深证100价格指数收益率×100%,L,被动指数型,股票型,,20181219,20181219,E,L
167003.SZ,平安鼎弘混合(LOF)-A,平安基金管理有限公司,中国工商银行股份有限公司,混合型,20181026,,20181026,nan,nan,nan,1.2,0.2,,1.0,nan,,中证综合债指数收益率×80%+沪深300指数收益率×20%,L,混合型,混合型,,20181026,20181026,E,L
161132.SZ,易方达科顺定开灵活配置混合,易方达基金管理有限公司,中国工商银行股份有限公司,混合型,20181026,,20190128,20180907,nan,2.9167,1.2,0.2,,1.0,0.1,,中证800指数收益率×65%+中证港股通综合指数(人民币)收益率×20%+中债-总全价(总值)指数收益率×15%,L,灵活配置型,混合型,,20241125,20211026,E,L
501310.SH,华宝标普沪港深中国增强价值指数(LOF)-A,华宝基金管理有限公司,中国建设银行股份有限公司,股票型,20181025,,20181122,20180827,nan,2.4676,0.75,0.15,,1.0,0.1,,标普沪港深中国增强价值指数收益率×95%+人民币银行活期存款利率(税后)×5%,L,被动指数型,股票型,,20181122,20181122,E,L
512820.SH,汇添富中证银行ETF,汇添富基金管理股份有限公司,招商银行股份有限公司,股票型,20181023,,20181123,20180717,nan,9.016,0.5,0.1,,1.0,0.1,,中证银行指数收益率×100%,L,被动指数型,股票型,,20181123,20181123,E,L
159959.SZ,银华中证央企结构调整ETF,银华基金管理股份有限公司,中国工商银行股份有限公司,股票型,20181022,,20190118,20180827,nan,72.2889,0.15,0.05,,1.0,0.1,,中证央企结构调整指数×100%,L,被动指数型,股票型,,20190118,20190118,E,L
512960.SH,博时中证央企结构调整ETF,博时基金管理有限公司,招商银行股份有限公司,股票型,20181019,,20190118,20180827,nan,252.2226,0.15,0.05,,1.0,0.1,,中证央企结构调整指数收益率×100%,L,被动指数型,股票型,,20190118,20190118,E,L
512950.SH,华夏中证央企结构调整ETF,华夏基金管理有限公司,中国农业银行股份有限公司,股票型,20181019,,20190118,20180827,nan,158.8755,0.15,0.05,,1.0,0.1,,中证央企结构调整指数收益率×100%,L,被动指数型,股票型,,20190118,20190118,E,L
501022.SH,银华鑫盛灵活配置混合(LOF)-A,银华基金管理股份有限公司,中国工商银行股份有限公司,混合型,20181015,,20181015,nan,nan,nan,1.2,0.2,,1.0,nan,,沪深300指数收益率×50%+中国债券总指数收益率×50%,L,灵活配置型,混合型,,20181015,20181015,E,L
165530.SZ,中信保诚惠泽18个月定开债券-A,中信保诚基金管理有限公司,中信银行股份有限公司,债券型,20181012,,nan,nan,nan,nan,0.3,0.1,,1.0,nan,,中证综合债指数收益率×80%+一年期银行定期存款收益率(税后)×20%,L,nan,债券型,,20200413,20200413,E,L
511270.SH,海富通上证10年期地方政府债ETF,海富通基金管理有限公司,中国银行股份有限公司,债券型,20181012,,20181122,20180628,nan,60.4575,0.15,0.05,,1.0,0.1,,上证10年期地方政府债指数收益率×100%,L,被动指数型,债券型,,20181122,20181122,E,L
166007.SZ,中欧互通精选混合-A,中欧基金管理有限公司,兴业银行股份有限公司,混合型,20181008,,nan,nan,nan,nan,1.2,0.2,,1.0,nan,,MSCI中国A股国际通指数收益率×80%+中债综合指数收益率×20%,L,nan,混合型,,20181008,20181008,E,L
168104.SZ,九泰锐丰灵活配置混合(LOF)-A,九泰基金管理有限公司,中国工商银行股份有限公司,混合型,20180928,,20180928,nan,nan,nan,1.2,0.2,,1.0,nan,,沪深300指数收益率×60%+中债总指数(总值)财富指数收益率×40%,L,灵活配置型,混合型,,20181008,20181008,E,L
168601.SZ,汇安裕阳三年持有期混合,汇安基金管理有限责任公司,中国光大银行股份有限公司,混合型,20180927,,nan,20180808,nan,2.1433,1.2,0.2,,1.0,0.1,,沪深300指数收益率×70%+中证港股通综合指数收益率×10%+中国债券总指数收益率×20%,L,nan,混合型,,20210927,20210927,E,L
159960.SZ,平安港股通恒生中国企业ETF,平安基金管理有限公司,中国银行股份有限公司,股票型,20180921,,20181022,20180907,nan,5.1057,0.5,0.1,,1.0,0.1,,恒生中国企业指数×100%,L,被动指数型,股票型,,20181022,20181022,E,L
160642.SZ,鹏华增瑞灵活配置混合(LOF)-A,鹏华基金管理有限公司,中国工商银行股份有限公司,混合型,20180921,,20180921,nan,nan,nan,1.2,0.2,,1.0,nan,,沪深300指数×60%+中证综合债券指数×40%,L,灵活配置型,混合型,,20181011,20181011,E,L
512990.SH,华夏MSCI中国A股国际通ETF,华夏基金管理有限公司,中国银行股份有限公司,股票型,20180917,,20180917,nan,nan,nan,0.5,0.1,,1.0,nan,,MSCI中国A股国际通指数收益率×100%,L,被动指数型,股票型,,20180917,20180917,E,L
501062.SH,南方瑞合三年定开混合(LOF),南方基金管理股份有限公司,中国建设银行股份有限公司,混合型,20180906,,20181205,20180806,nan,14.3326,1.2,0.2,,1.0,0.1,,沪深300指数收益率×40%+中证港股通综合指数(人民币)收益率×20%+上证国债指数收益率×40%,L,混合型,混合型,,20210906,20210906,E,L
510600.SH,申万菱信上证50ETF,申万菱信基金管理有限公司,中国工商银行股份有限公司,股票型,20180903,,20180920,20180625,nan,3.7578,0.5,0.1,,1.0,0.1,,上证50指数×100%,L,被动指数型,股票型,,20180920,20180920,E,L
501061.SH,中金中证优选300指数(LOF)-C,中金基金管理有限公司,中国建设银行股份有限公司,股票型,20180830,,20180925,20180723,nan,0.7771,0.5,0.15,,1.0,0.1,,中证中金优选300指数收益率×95%+银行活期存款利率(税后)×5%,L,被动指数型,股票型,,20180925,20180925,E,L
501060.SH,中金中证优选300指数(LOF)-A,中金基金管理有限公司,中国建设银行股份有限公司,股票型,20180830,,20180925,20180723,nan,1.9689,0.5,0.15,,1.0,0.1,,中证中金优选300指数收益率×95%+银行活期存款利率(税后)×5%,L,被动指数型,股票型,,20180925,20180925,E,L
166802.SZ,浙商沪深300指数增强(LOF)-A,浙商基金管理有限公司,华夏银行股份有限公司,股票型,20180820,,nan,nan,nan,nan,0.5,0.2,,1.0,nan,,沪深300指数收益率×95%+金融同业存款利率×5%,L,nan,股票型,,20180821,20180821,E,L
160921.SZ,大成多策略灵活配置混合(LOF)-A,大成基金管理有限公司,中国银行股份有限公司,混合型,20180818,,20180820,nan,nan,nan,1.2,0.2,,1.0,nan,,沪深300指数收益率×60%+中债综合指数收益率×40%,L,灵活配置型,混合型,,20180820,20180820,E,L
161910.SZ,万家新机遇价值驱动灵活配置混合-A,万家基金管理有限公司,中国工商银行股份有限公司,混合型,20180815,,nan,nan,nan,nan,1.2,0.2,,1.0,nan,,中证全债指数收益率×40%+沪深300指数收益率×35%+恒生指数收益率×25%,L,nan,混合型,,20180816,20180816,E,L
160726.SZ,嘉实瑞享定开灵活配置混合,嘉实基金管理有限公司,中国银行股份有限公司,混合型,20180803,,20190412,20180709,nan,13.0916,1.2,0.2,,1.0,0.1,,中证800指数收益率×60%+中证港股通综合指数(人民币)收益率×15%+中债-综合财富(总值)指数收益率×25%,L,灵活配置型,混合型,,20200803,20200803,E,L
161233.SZ,国投瑞银瑞泰多策略灵活配置混合(LOF)-A,国投瑞银基金管理有限公司,中国工商银行股份有限公司,混合型,20180721,,20180721,nan,nan,nan,0.9,0.15,,1.0,nan,,沪深300指数收益率×50%+中债综合指数收益率×50%,L,灵活配置型,混合型,,20180802,20180802,E,L
160323.SZ,华夏磐泰混合(LOF)-A,华夏基金管理有限公司,中国工商银行股份有限公司,混合型,20180717,,20180717,nan,nan,nan,1.0,0.2,,1.0,nan,,上证国债指数收益率×70%+沪深300指数收益率×30%,L,混合型,混合型,,20180717,20180717,E,L
512770.SH,华夏战略新兴成指ETF,华夏基金管理有限公司,中国建设银行股份有限公司,股票型,20180713,,20180816,20180504,nan,2.6277,0.5,0.1,,1.0,0.1,,中国战略新兴产业成份指数(简称:新兴成指)指数收益率×100%,L,被动指数型,股票型,,20180816,20180816,E,L
501059.SH,西部利得中证国有企业红利指数增强(LOF)-A,西部利得基金管理有限公司,中国光大银行股份有限公司,股票型,20180711,,20180726,20180521,nan,2.1155,1.0,0.2,,1.0,0.1,,中证国有企业红利指数收益率×90%+商业银行活期存款利率(税后)×10%,L,增强指数型,股票型,,20180726,20180726,E,L
160142.SZ,南方优势产业灵活配置混合(LOF),南方基金管理股份有限公司,中国工商银行股份有限公司,混合型,20180705,,20190329,20180611,nan,180.6422,1.2,0.2,,1.0,0.1,,沪深300指数收益率×70%+中证港股通综合指数(人民币)收益率×20%+中债-综合财富(1-3年)指数收益率×10%,L,灵活配置型,混合型,,20190107,20210705,E,L
161131.SZ,易方达科润混合(LOF),易方达基金管理有限公司,中国建设银行股份有限公司,混合型,20180705,,20190329,20180611,nan,244.3741,1.2,0.2,,1.0,0.1,,沪深300指数收益率×45%+中证港股通综合指数收益率×35%+中债总指数收益率×20%,L,混合型,混合型,,20190107,20210705,E,L
501186.SH,华夏兴融灵活配置混合(LOF)-A,华夏基金管理有限公司,中国工商银行股份有限公司,混合型,20180705,,20190329,20180611,nan,113.2233,1.2,0.2,,1.0,0.1,,沪深300指数收益率×70%+上证国债指数收益率×30%,L,灵活配置型,混合型,,20190107,20210705,E,L
501188.SH,汇添富核心精选灵活配置混合(LOF),汇添富基金管理股份有限公司,中国工商银行股份有限公司,混合型,20180705,,20190329,20180611,nan,144.3624,1.2,0.2,,1.0,0.1,,沪深300指数收益率×50%+恒生指数收益率(使用估值汇率折算)×20%+中债综合指数收益率×30%,L,灵活配置型,混合型,,20190107,20210705,E,L
161728.SZ,招商瑞智优选灵活配置混合(LOF),招商基金管理有限公司,中国银行股份有限公司,混合型,20180705,,20190329,20180611,nan,247.081,1.2,0.2,,1.0,0.1,,沪深300指数收益率×60%+恒生综合指数收益率(经汇率调整后)×20%+中债综合(全价)指数收益率×20%,L,灵活配置型,混合型,,20190107,20210705,E,L
501189.SH,嘉实产业优选灵活配置混合(LOF)-A,嘉实基金管理有限公司,中国银行股份有限公司,混合型,20180705,,20190329,20180611,nan,119.5091,1.2,0.2,,1.0,0.1,,沪深300指数收益率×45%+恒生指数收益率(人民币计价)×45%+中债综合财富指数收益率×10%,L,灵活配置型,混合型,,20190107,20210705,E,L
168301.SZ,东海祥龙灵活配置混合(LOF)-A,东海基金管理有限责任公司,中国工商银行股份有限公司,混合型,20180622,,20180622,nan,nan,nan,0.5,0.1,,1.0,nan,,沪深300指数×50%+中债-综合指数×50%,L,灵活配置型,混合型,,20180703,20180703,E,L
167002.SZ,平安鼎越灵活配置混合(LOF)-A,平安基金管理有限公司,中国银行股份有限公司,混合型,20180620,,20180620,nan,nan,nan,1.2,0.2,,1.0,nan,,沪深300指数×50%+中证综合债券指数×50%,L,灵活配置型,混合型,,20180718,20180718,E,L
164824.SZ,工银瑞信印度市场(QDII-LOF-FOF)-CNY,工银瑞信基金管理有限公司,招商银行股份有限公司,股票型,20180615,,20180801,20180507,nan,2.3398,1.2,0.2,,1.0,0.1,,中信证券印度ETP指数收益率×90%+人民币活期存款收益率(税后)×10%,L,股票型,股票型,,20180801,20180801,E,L
512360.SH,平安MSCI中国A股国际ETF,平安基金管理有限公司,中国工商银行股份有限公司,股票型,20180615,,20180720,20180502,nan,3.2334,0.5,0.1,,1.0,0.1,,MSCI中国A股国际指数(MSCIChinaAInternationalIndex)收益率×100%,L,被动指数型,股票型,,20180720,20180720,E,L
169201.SZ,浙商汇金鼎盈事件驱动灵活配置混合(LOF),浙江浙商证券资产管理有限公司,中国工商银行股份有限公司,混合型,20180607,,20180607,nan,nan,nan,1.2,0.2,,1.0,nan,,沪深300指数收益率×70%+中国债券总指数收益率×30%,L,灵活配置型,混合型,,20180607,20180607,E,L
161039.SZ,富国中证1000指数增强(LOF)-A,富国基金管理有限公司,中国农业银行股份有限公司,股票型,20180531,,20180620,20180503,nan,5.1211,1.0,0.15,,1.0,0.1,,中证1000指数收益率×95%+银行人民币活期存款利率(税后)×5%,L,增强指数型,股票型,,20180620,20180620,E,L
501057.SH,汇添富中证新能源汽车产业指数(LOF)-A,汇添富基金管理股份有限公司,中国工商银行股份有限公司,股票型,20180523,,20180620,20180507,nan,3.1074,1.0,0.1,,1.0,0.1,,中证新能源汽车产业指数收益率×95%+银行人民币活期存款利率(税后)×5%,L,被动指数型,股票型,,20180620,20180620,E,L
501058.SH,汇添富中证新能源汽车产业指数(LOF)-C,汇添富基金管理股份有限公司,中国工商银行股份有限公司,股票型,20180523,,20180620,20180507,nan,4.3146,1.0,0.1,,1.0,0.1,,中证新能源汽车产业指数收益率×95%+银行人民币活期存款利率(税后)×5%,L,被动指数型,股票型,,20180620,20180620,E,L
512090.SH,易方达MSCI中国A股国际通ETF,易方达基金管理有限公司,中国银行股份有限公司,股票型,20180517,,20180601,20180423,nan,17.4359,0.15,0.05,,1.0,0.1,,MSCI中国A股国际通指数(MSCIChinaAInclusionRMBIndex)收益率×100%,L,被动指数型,股票型,,20180601,20180601,E,L
513900.SH,华安CES港股通精选100ETF,华安基金管理有限公司,中国农业银行股份有限公司,股票型,20180427,,20180525,20180409,nan,2.8498,0.6,0.1,,1.0,0.1,,中华交易服务港股通精选100指数收益率(经汇率调整)×100%,L,被动指数型,股票型,,20180525,20180525,E,L
512520.SH,华泰柏瑞MSCI中国A股国际通ETF,华泰柏瑞基金管理有限公司,中国建设银行股份有限公司,股票型,20180426,,20180518,20180330,nan,15.4706,0.15,0.05,,1.0,0.1,,MSCI中国A股国际通指数收益率×100%,L,被动指数型,股票型,,20180518,20180518,E,L
512180.SH,建信MSCI中国A股国际通ETF,建信基金管理有限责任公司,中国国际金融股份有限公司,股票型,20180419,,20180521,20180330,nan,20.4605,0.5,0.1,,1.0,0.1,,MSCI中国A股国际通指数×100%,L,被动指数型,股票型,,20180521,20180521,E,L
501307.SH,银河中证沪港深高股息指数(LOF)-A,银河基金管理有限公司,北京银行股份有限公司,股票型,20180410,,20180425,20180226,nan,1.6495,0.5,0.18,,1.0,0.1,,中证沪港深高股息指数收益率×95%+银行活期存款利率(税后)×5%,L,被动指数型,股票型,,20180425,20180425,E,L
512160.SH,南方MSCI中国A股国际通ETF,南方基金管理股份有限公司,中国银行股份有限公司,股票型,20180403,,20180427,20180319,nan,13.0978,0.5,0.1,,1.0,0.1,,MSCIChinaAInclusionRMBIndex(MSCI中国A股国际通指数)×100%,L,被动指数型,股票型,,20180427,20180427,E,L
160722.SZ,嘉实惠泽灵活配置混合(LOF),嘉实基金管理有限公司,中国工商银行股份有限公司,混合型,20180330,,20180330,nan,nan,nan,1.2,0.2,,1.0,nan,,中证800指数收益率×90%+中债-综合财富(总值)指数收益率×10%,L,灵活配置型,混合型,,20180427,20180427,E,L
510590.SH,平安中证500ETF,平安基金管理有限公司,平安银行股份有限公司,股票型,20180323,,20180504,20180305,nan,26.4888,0.5,0.1,,1.0,0.1,,中证500指数收益率×100%,L,被动指数型,股票型,,20180504,20180504,E,L
169106.SZ,东方红创新优选三年定开混合,上海东方证券资产管理有限公司,中国建设银行股份有限公司,混合型,20180322,,20180620,20180315,nan,19.8788,0.7,0.2,,1.0,0.1,,中债-综合全价(总值)指数收益率×80%+沪深300指数收益率×15%+恒生指数收益率×5%,L,混合型,混合型,,20210322,20210322,E,L
501026.SH,财通多策略福享混合(LOF)-A,财通基金管理有限公司,中国农业银行股份有限公司,混合型,20180317,,20180317,nan,nan,nan,1.2,0.2,,1.0,nan,,上海证券交易所国债指数×45%+沪深300指数×55%,L,灵活配置型,混合型,,20180319,20180319,E,L
159954.SZ,南方恒生中国企业ETF(QDII),南方基金管理股份有限公司,中国工商银行股份有限公司,股票型,20180208,,20180315,20171130,nan,3.9411,0.5,0.1,,1.0,0.1,,恒生中国企业指数×100%,L,被动指数型,股票型,,20180315,20180315,E,L
159956.SZ,建信创业板ETF,建信基金管理有限责任公司,中国银河证券股份有限公司,股票型,20180206,,20180307,20180108,nan,3.5798,0.5,0.1,,1.0,0.1,,创业板指数收益率×100%,L,被动指数型,股票型,,20180307,20180307,E,L
167001.SZ,平安鼎泰灵活配置混合(LOF),平安基金管理有限公司,平安银行股份有限公司,混合型,20180120,,20180120,nan,nan,nan,1.2,0.2,,1.0,nan,,沪深300指数×50%+中证综合债券指数×50%,L,灵活配置型,混合型,,20180122,20180122,E,L
510380.SH,国寿安保沪深300ETF,国寿安保基金管理有限公司,中国农业银行股份有限公司,股票型,20180119,,20180207,20171013,nan,2.948,0.5,0.1,,1.0,0.1,,沪深300指数×100%,L,被动指数型,股票型,,20180207,20180207,E,L
512980.SH,广发中证传媒ETF,广发基金管理有限公司,中国工商银行股份有限公司,股票型,20171227,,20180119,20171127,nan,2.7472,0.5,0.1,,1.0,0.1,,中证传媒指数×100%,L,被动指数型,股票型,,20180119,20180119,E,L
159958.SZ,工银瑞信创业板ETF,工银瑞信基金管理有限公司,中国银行股份有限公司,股票型,20171225,,20180119,20171121,nan,2.5181,0.5,0.1,,1.0,0.1,,创业板指数P×100%,L,被动指数型,股票型,,20180119,20180119,E,L
510390.SH,平安沪深300ETF,平安基金管理有限公司,中国工商银行股份有限公司,股票型,20171225,,20180126,20171204,nan,57.2306,0.5,0.1,,1.0,0.1,,沪深300指数×100%,L,被动指数型,股票型,,20180126,20180126,E,L
510800.SH,建信上证50ETF,建信基金管理有限责任公司,中国银河证券股份有限公司,股票型,20171222,,20180115,20171127,nan,2.1058,0.5,0.1,,1.0,0.1,,上海证券交易所50成份指数×100%,L,被动指数型,股票型,,nan,nan,E,L
501053.SH,东方红目标优选三年定开混合,上海东方证券资产管理有限公司,招商银行股份有限公司,混合型,20171218,,20180824,20171212,nan,9.9042,0.7,0.2,,1.0,0.1,,沪深300指数×20%+中债-综合指数×80%,L,混合型,混合型,,20201218,20201218,E,L
161014.SZ,富国汇利回报两年定开债券,富国基金管理有限公司,中国农业银行股份有限公司,债券型,20171211,,20171218,nan,nan,nan,0.5,0.15,,1.0,nan,,中债-高等级信用债财富(0-5年)指数收益率×45%+中债-0-7年国债及政策性金融债财富(总值)指数收益率×40%+中证可转换债券指数收益率×15%,L,债券型,债券型,,20191211,20191211,E,L
159957.SZ,华夏创业板ETF,华夏基金管理有限公司,中国银行股份有限公司,股票型,20171208,,20180104,20171103,nan,2.4778,0.15,0.05,,1.0,0.1,,创业板指数P×100%,L,被动指数型,股票型,,20180104,20180104,E,L
501048.SH,汇添富中证全指证券公司ETF联接(LOF)-C,汇添富基金管理股份有限公司,中信建投证券股份有限公司,股票型,20171204,,20180118,20171108,nan,1.6284,0.5,0.1,,1.0,0.1,,活期存款利率(税后)×5%+中证全指证券公司指数×95%,L,被动指数型,股票型,,20180118,20180118,E,L
501047.SH,汇添富中证全指证券公司ETF联接(LOF)-A,汇添富基金管理股份有限公司,中信建投证券股份有限公司,股票型,20171204,,20180118,20171108,nan,0.925,0.5,0.1,,1.0,0.1,,活期存款利率(税后)×5%+中证全指证券公司指数×95%,L,被动指数型,股票型,,20180118,20180118,E,L
161727.SZ,招商增荣灵活配置混合(LOF),招商基金管理有限公司,浙商银行股份有限公司,混合型,20171202,,20171202,nan,nan,nan,1.2,0.15,,1.0,nan,,中证800指数收益率×50%+中债-综合全价(总值)指数收益率×50%,L,灵活配置型,混合型,,20171204,20171204,E,L
501051.SH,圆信永丰汇利混合(LOF),圆信永丰基金管理有限公司,兴业证券股份有限公司,混合型,20171130,,20180131,20171106,nan,17.7169,1.2,0.15,,1.0,0.1,,上海证券交易所国债指数×40%+沪深300指数×60%,L,混合型,混合型,,20180131,20180131,E,L
501017.SH,国泰融丰外延增长灵活配置混合(LOF)-A,国泰基金管理有限公司,中国银行股份有限公司,混合型,20171127,,20171127,nan,nan,nan,1.0,0.2,,1.0,nan,,沪深300指数×60%+中证综合债券指数×40%,L,灵活配置型,混合型,,20171205,20171205,E,L
161232.SZ,国投瑞银瑞盛灵活配置混合(LOF)-A,国投瑞银基金管理有限公司,中国银行股份有限公司,混合型,20171125,,20171125,nan,nan,nan,1.2,0.2,,1.0,nan,,沪深300指数收益率×50%+中债综合指数收益率×50%,L,灵活配置型,混合型,,20171201,20171201,E,L
165528.SZ,中信保诚鼎利灵活配置混合(LOF)-A,中信保诚基金管理有限公司,中国工商银行股份有限公司,混合型,20171125,,20171125,nan,nan,nan,1.2,0.2,,1.0,nan,,沪深300指数收益率×50%+中证综合债指数收益率×50%,L,灵活配置型,混合型,,20171127,20171127,E,L
501306.SH,汇添富中证港股通高股息投资ETF联接(LOF)-C,汇添富基金管理股份有限公司,中国工商银行股份有限公司,股票型,20171124,,20180118,20171106,nan,1.4317,0.5,0.1,,1.0,0.1,,中证港股通高股息投资指数收益率(经估值汇率调整后)×95%+银行活期存款利率(税后)×5%,L,被动指数型,股票型,,20180118,20180118,E,L
501305.SH,汇添富中证港股通高股息投资ETF联接(LOF)-A,汇添富基金管理股份有限公司,中国工商银行股份有限公司,股票型,20171124,,20180118,20171106,nan,2.1688,0.5,0.1,,1.0,0.1,,中证港股通高股息投资指数收益率(经估值汇率调整后)×95%+银行活期存款利率(税后)×5%,L,被动指数型,股票型,,20180118,20180118,E,L
160644.SZ,鹏华香港美国互联网股票(QDII-LOF)-CNY,鹏华基金管理有限公司,中国工商银行股份有限公司,股票型,20171116,,20171229,20171016,nan,2.5665,1.2,0.2,,1.0,0.1,,活期存款利率(税后)×5%+中证海外中国互联网指数(人民币)×95%,L,股票型,股票型,,20180102,20180102,E,L
165531.SZ,中信保诚多策略灵活配置混合(LOF)-A,中信保诚基金管理有限公司,中国工商银行股份有限公司,混合型,20171108,,nan,nan,nan,nan,1.2,0.2,,1.0,nan,,沪深300指数×50%+中证综合债券指数×50%,L,nan,混合型,,20171110,20171110,E,L
166024.SZ,中欧恒利三年定开混合,中欧基金管理有限公司,招商银行股份有限公司,混合型,20171101,,20171206,20171024,nan,74.4059,1.2,0.2,,1.0,0.1,,沪深300指数×60%+中债-综合指数×40%,L,混合型,混合型,,20201102,20201102,E,L
160140.SZ,南方道琼斯美国精选REIT指数(QDII-LOF)-A,南方基金管理股份有限公司,中国工商银行股份有限公司,REITs,20171026,,20171124,20170822,nan,0.86,0.8,0.2,,1.0,0.1,,活期存款利率(税后)×5%+道琼斯美国精选REIT指数×95%,L,被动指数型,股票型,,20171124,20171124,E,L
501046.SH,财通多策略福鑫定开灵活配置混合,财通基金管理有限公司,中国工商银行股份有限公司,混合型,20171023,,20171201,20170830,nan,4.34,1.2,0.2,,1.0,0.1,,上海证券交易所国债指数×45%+沪深300指数×55%,L,灵活配置型,混合型,,20190416,20190416,E,L
160518.SZ,博时睿远事件驱动灵活配置混合(LOF),博时基金管理有限公司,中信建投证券股份有限公司,混合型,20171017,,20171017,nan,nan,nan,1.2,0.2,,1.0,nan,,沪深300指数收益率×50%+中债综合指数收益率×50%,L,灵活配置型,混合型,,20171017,20171017,E,L
501303.SH,广发港股通恒生综合中型股指数(LOF)-A,广发基金管理有限公司,中国银行股份有限公司,股票型,20170921,,20171025,20170807,nan,2.2188,0.5,0.1,,1.0,0.1,,活期存款利率(税后)×5%+恒生综合中型股指数×95%,L,被动指数型,股票型,,20171025,20171025,E,L
169101.SZ,东方红睿丰灵活配置混合(LOF),上海东方证券资产管理有限公司,招商银行股份有限公司,混合型,20170919,,20170919,nan,nan,nan,1.2,0.2,,1.0,nan,,中债-总指数×30%+沪深300指数×70%,L,灵活配置型,混合型,,20170919,20170919,E,L
501015.SH,财通多策略升级混合(LOF)-A,财通基金管理有限公司,中国工商银行股份有限公司,混合型,20170909,,20170909,nan,nan,nan,1.2,0.2,,1.0,nan,,沪深300指数收益率×55%+上证国债指数收益率×45%,L,灵活配置型,混合型,,20170911,20170911,E,L
501043.SH,汇添富沪深300指数(LOF)-A,汇添富基金管理股份有限公司,中国国际金融股份有限公司,股票型,20170906,,20171009,20170828,nan,2.1586,0.5,0.1,,1.0,0.1,,活期存款利率(税后)×5%+沪深300指数×95%,L,被动指数型,股票型,,20171009,20171009,E,L
501045.SH,汇添富沪深300指数(LOF)-C,汇添富基金管理股份有限公司,中国国际金融股份有限公司,股票型,20170906,,20171009,20170828,nan,2.9697,0.5,0.1,,1.0,0.1,,活期存款利率(税后)×5%+沪深300指数×95%,L,被动指数型,股票型,,20171009,20171009,E,L
512200.SH,南方中证全指房地产ETF,南方基金管理股份有限公司,中国工商银行股份有限公司,股票型,20170825,,20170925,20170526,nan,2.7038,0.5,0.1,,1.0,0.1,,中证全指房地产指数×100%,L,被动指数型,股票型,,20170925,20170925,E,L
501038.SH,银华明择多策略定开混合,银华基金管理股份有限公司,中国建设银行股份有限公司,混合型,20170811,,20171124,20170710,nan,10.8926,1.2,0.2,,1.0,0.1,,中债-总指数×45%+沪深300指数×55%,L,混合型,混合型,,20190211,20190211,E,L
511670.SH,华泰紫金天天金货币ETF-A,华泰证券(上海)资产管理有限公司,中国建设银行股份有限公司,货币型,20170811,,20170828,20170803,nan,74.3103,0.2,0.09,,1.0,0.1,,七天通知存款利率(税后)×100%,L,货币型,货币型,,20170828,20170828,E,L
501037.SH,汇添富中证500ETF联接(LOF)-C,汇添富基金管理股份有限公司,招商证券股份有限公司,股票型,20170810,,20171009,20170726,nan,3.8889,0.15,0.05,,1.0,0.1,,活期存款利率(税后)×5%+中证小盘500指数×95%,L,被动指数型,股票型,,20171009,20171009,E,L
160924.SZ,大成恒生指数(QDII-LOF)-A,大成基金管理有限公司,中国工商银行股份有限公司,股票型,20170810,,20170828,20170707,nan,3.089,1.0,0.2,,1.0,0.1,,活期存款利率(税后)×5%+香港恒生指数×95%,L,被动指数型,股票型,,20170828,20170828,E,L
501036.SH,汇添富中证500ETF联接(LOF)-A,汇添富基金管理股份有限公司,招商证券股份有限公司,股票型,20170810,,20171009,20170726,nan,3.4691,0.15,0.05,,1.0,0.1,,活期存款利率(税后)×5%+中证小盘500指数×95%,L,被动指数型,股票型,,20171009,20171009,E,L
511620.SH,国泰瞬利货币ETF-A,国泰基金管理有限公司,中国建设银行股份有限公司,货币型,20170804,,20170907,20170717,nan,3.9207,0.22,0.05,,1.0,0.1,,七天通知存款利率(税后)×100%,L,货币型,货币型,,20170907,20170907,E,L
511260.SH,国泰上证10年期国债ETF,国泰基金管理有限公司,中国建设银行股份有限公司,债券型,20170804,,20170824,20170717,nan,2.1865,0.15,0.05,,100.0,0.1,,上证10年期国债指数×100%,L,被动指数型,债券型,,20170824,20170824,E,L
512400.SH,南方中证申万有色金属ETF,南方基金管理股份有限公司,中国工商银行股份有限公司,股票型,20170803,,20170901,20170601,nan,4.4754,0.5,0.1,,1.0,0.1,,中证申万有色金属指数×100%,L,被动指数型,股票型,,20170901,20170901,E,L
512570.SH,易方达中证全指证券公司ETF,易方达基金管理有限公司,招商银行股份有限公司,股票型,20170727,,20170811,20170615,nan,3.5281,0.5,0.1,,1.0,0.1,,中证全指证券公司指数×100%,L,被动指数型,股票型,,20170811,20170811,E,L
161038.SZ,富国新兴成长量化精选混合(LOF)-A,富国基金管理有限公司,中国建设银行股份有限公司,混合型,20170721,,20170818,20170526,nan,6.3237,0.9,0.2,,1.0,0.1,,中国战略新兴产业综合指数收益率×90%+中债-国债总全价(1-3年)指数收益率×5%+活期存款基准利率×5%,L,混合型,混合型,,20170818,20170818,E,L
501302.SH,南方恒生ETF联接(QDII-LOF)-A,南方基金管理股份有限公司,中国工商银行股份有限公司,股票型,20170721,,20170815,20170417,nan,2.4453,0.5,0.1,,1.0,0.1,,活期存款利率(税后)×5%+香港恒生指数×95%,L,被动指数型,股票型,,20170815,20170815,E,L
512800.SH,华宝中证银行ETF,华宝基金管理有限公司,中国银行股份有限公司,股票型,20170718,,20170803,20170525,nan,5.3114,0.5,0.1,,1.0,0.1,,中证银行指数×100%,L,被动指数型,股票型,,20170803,20170803,E,L
512560.SH,易方达中证军工ETF,易方达基金管理有限公司,招商银行股份有限公司,股票型,20170714,,20170728,20170609,nan,3.1556,0.5,0.1,,1.0,0.1,,中证军工指数×100%,L,被动指数型,股票型,,20170728,20170728,E,L
512550.SH,嘉实富时中国A50ETF,嘉实基金管理有限公司,中国银行股份有限公司,股票型,20170703,,20170807,20170329,nan,4.0191,0.5,0.1,,1.0,0.1,,富时中国A50指数×100%,L,被动指数型,股票型,,20170807,20170807,E,L
161715.SZ,招商中证大宗商品股票指数(LOF),招商基金管理有限公司,中国工商银行股份有限公司,股票型,20170629,,20170714,nan,nan,nan,1.0,0.22,,1.0,nan,,活期存款利率(税后)×5%+中证大宗商品股票指数×95%,L,被动指数型,股票型,,20170714,20170714,E,L
512700.SH,南方中证银行ETF,南方基金管理股份有限公司,中国工商银行股份有限公司,股票型,20170628,,20170726,20170524,nan,3.4378,0.5,0.1,,1.0,0.1,,中证银行指数×100%,L,被动指数型,股票型,,20170726,20170726,E,L
161130.SZ,易方达纳斯达克100ETF联接(QDII-LOF)-A-CNY,易方达基金管理有限公司,中国建设银行股份有限公司,股票型,20170623,,20170714,20170502,nan,3.2774,0.5,0.1,,1.0,0.1,,活期存款利率(税后)×5%+纳斯达克100指数×95%,L,被动指数型,股票型,,20170714,20170714,E,L
160643.SZ,鹏华中证空天一体军工指数(LOF)-A,鹏华基金管理有限公司,中国工商银行股份有限公司,股票型,20170613,,20170620,20170505,nan,2.7226,1.0,0.15,,1.0,0.1,,活期存款利率(税后)×5%+中证空天一体军工指数×95%,L,被动指数型,股票型,,20170620,20170620,E,L
163111.SZ,申万菱信中小企业100指数(LOF)-A,申万菱信基金管理有限公司,中国农业银行股份有限公司,股票型,20170509,,20170526,nan,nan,nan,0.65,0.12,,1.0,nan,,银行同业存款利率×5%+中小企业100指数收益率×95%,L,被动指数型,股票型,,20170510,20170510,E,L
501016.SH,国泰中证申万证券行业指数(LOF)-A,国泰基金管理有限公司,中国建设银行股份有限公司,股票型,20170427,,20170519,20170324,nan,2.324,0.5,0.15,,1.0,0.1,,活期存款利率(税后)×5%+中证申万证券行业指数×95%,L,被动指数型,股票型,,20170519,20170519,E,L
161037.SZ,富国中证高端制造指数增强(LOF)-A,富国基金管理有限公司,中国建设银行股份有限公司,股票型,20170427,,20170511,20170327,nan,2.815,1.2,0.2,,1.0,0.1,,活期存款利率(税后)×5%+中证高端制造主题指数×95%,L,增强指数型,股票型,,20170511,20170511,E,L
159952.SZ,广发创业板ETF,广发基金管理有限公司,中国工商银行股份有限公司,股票型,20170425,,20170519,20170322,nan,4.0448,0.15,0.05,,1.0,0.1,,创业板指数×100%,L,被动指数型,股票型,,20170519,20170519,E,L
501301.SH,华宝港股通恒生中国(香港上市)30ETF联接(LOF)-A,华宝基金管理有限公司,招商证券股份有限公司,股票型,20170420,,20170508,20170320,nan,3.1144,0.5,0.1,,1.0,0.1,,活期存款利率(税后)×5%+恒生中国(香港上市)30指数×95%,L,被动指数型,股票型,,20170508,20170508,E,L
160723.SZ,嘉实原油(QDII-LOF-FOF),嘉实基金管理有限公司,中国银行股份有限公司,其他,20170420,,20170505,20170315,nan,3.1042,1.0,0.28,,1.0,0.1,,WTI原油价格收益率×100%,L,股票型,其他型,,20170428,20170428,E,L
161631.SZ,融通中证人工智能主题指数(LOF)-A,融通基金管理有限公司,中国建设银行股份有限公司,股票型,20170410,,20170419,20170103,nan,2.0511,0.8,0.15,,1.0,0.1,,活期存款利率(税后)×5%+中证人工智能主题指数×95%,L,被动指数型,股票型,,20170419,20170419,E,L
501019.SH,国泰国证航天军工指数(LOF)-A,国泰基金管理有限公司,中国建设银行股份有限公司,股票型,20170329,,20170421,20170310,nan,2.681,0.5,0.15,,1.0,0.1,,活期存款利率(税后)×5%+国证航天军工指数×95%,L,被动指数型,股票型,,20170421,20170421,E,L
167702.SZ,德邦量化优选股票(LOF)-A,德邦基金管理有限公司,国泰海通证券股份有限公司,股票型,20170324,,nan,20170125,nan,0.8679,1.0,0.2,,1.0,0.1,,活期存款利率(税后)×5%+沪深300指数×95%,L,nan,股票型,,20170329,20170329,E,L
511770.SH,金鹰现金增益货币ETF-E,金鹰基金管理有限公司,招商证券股份有限公司,货币型,20170320,,20170410,20170306,nan,14.9345,0.28,0.08,,1.0,0.1,,七天通知存款利率(税后)×100%,L,货币型,货币型,,20170410,20170410,E,L
161036.SZ,富国中证娱乐主题指数增强(LOF)-A,富国基金管理有限公司,中国银行股份有限公司,股票型,20170313,,20170324,20170208,nan,5.6673,1.2,0.2,,1.0,0.1,,活期存款利率(税后)×5%+中证娱乐主题指数×95%,L,增强指数型,股票型,,20170324,20170324,E,L
164509.SZ,国富恒利债券(LOF)-A,国海富兰克林基金管理有限公司,中国银行股份有限公司,债券型,20170311,,20170407,nan,nan,nan,0.3,0.1,,1.0,nan,,中债综合指数-全价指数×100%,L,债券型,债券型,,20170315,20170315,E,L
512900.SH,南方中证全指证券公司ETF,南方基金管理股份有限公司,中国银行股份有限公司,股票型,20170310,,20170331,20170126,nan,11.9711,0.5,0.1,,1.0,0.1,,中证全指证券公司指数×100%,L,被动指数型,股票型,,20170331,20170331,E,L
162719.SZ,广发道琼斯美国石油开发与生产指数(QDII-LOF)-A-CNY,广发基金管理有限公司,中国银行股份有限公司,股票型,20170228,,20170317,20170116,nan,2.2691,1.0,0.2,,1.0,0.1,,活期存款利率(税后)×5%+道琼斯美国石油开发与生产指数×95%,L,被动指数型,股票型,,20170317,20170317,E,L
501100.SH,博时安康18个月定开债券(LOF),博时基金管理有限公司,中国建设银行股份有限公司,债券型,20170217,,nan,20161226,nan,6.6735,0.3,0.1,,1.0,0.1,,一年定期存款利率(税后)×10%+中债-综合指数-财富指数×90%,L,nan,债券型,,20180820,20180820,E,L
512580.SH,广发中证环保产业ETF,广发基金管理有限公司,中国银行股份有限公司,股票型,20170125,,20170228,20161219,nan,6.7887,0.5,0.1,,1.0,0.1,,中证环保产业指数×100%,L,被动指数型,股票型,,20170228,20170228,E,L
501029.SH,华宝标普中国A股红利机会ETF联接(LOF)-A,华宝基金管理有限公司,中国银行股份有限公司,股票型,20170118,,20170213,20161201,nan,4.0232,0.5,0.1,,1.0,0.1,,标普中国A股红利机会指数收益率×95%+同期银行活期存款利率(税后)×5%,L,被动指数型,股票型,,20170213,20170213,E,L
513050.SH,易方达中证海外中国互联网50ETF(QDII),易方达基金管理有限公司,招商银行股份有限公司,股票型,20170104,,20170118,20161212,nan,3.0143,0.6,0.2,,1.0,0.1,,中证海外中国互联网50指数(人民币)×100%,L,被动指数型,股票型,,20170118,20170118,E,L
501001.SH,财通多策略精选混合(LOF),财通基金管理有限公司,中国光大银行股份有限公司,混合型,20161231,,20161231,nan,nan,nan,1.2,0.2,,1.0,nan,,上海证券交易所国债指数×45%+沪深300指数×55%,L,灵活配置型,混合型,,20170103,20170103,E,L
501031.SH,汇添富中证环境治理指数(LOF)-C,汇添富基金管理股份有限公司,中国工商银行股份有限公司,股票型,20161229,,20170220,20161128,nan,0.7582,1.0,0.1,,1.0,0.1,,活期存款利率(税后)×5%+中证环境治理指数×95%,L,被动指数型,股票型,,20170220,20170220,E,L
501011.SH,汇添富中证中药ETF联接(LOF)-A,汇添富基金管理股份有限公司,中国建设银行股份有限公司,股票型,20161229,,20170220,20161128,nan,1.2071,0.75,0.1,,1.0,0.1,,活期存款利率(税后)×5%+中证中药指数×95%,L,被动指数型,股票型,,20170220,20170220,E,L
501012.SH,汇添富中证中药ETF联接(LOF)-C,汇添富基金管理股份有限公司,中国建设银行股份有限公司,股票型,20161229,,20170220,20161128,nan,1.552,0.75,0.1,,1.0,0.1,,活期存款利率(税后)×5%+中证中药指数×95%,L,被动指数型,股票型,,20170220,20170220,E,L
501030.SH,汇添富中证环境治理指数(LOF)-A,汇添富基金管理股份有限公司,中国工商银行股份有限公司,股票型,20161229,,20170220,20161128,nan,2.7212,1.0,0.1,,1.0,0.1,,活期存款利率(税后)×5%+中证环境治理指数×95%,L,被动指数型,股票型,,20170220,20170220,E,L
511650.SH,华夏快线货币ETF-E,华夏基金管理有限公司,招商证券股份有限公司,货币型,20161229,,20170116,20161212,nan,41.3103,0.2,0.05,,1.0,0.1,,七天通知存款利率(税后)×100%,L,货币型,货币型,,20170116,20170116,E,L
501010.SH,汇添富中证生物科技主题指数(LOF)-C,汇添富基金管理股份有限公司,中国建设银行股份有限公司,股票型,20161222,,20170220,20161128,nan,0.6987,0.75,0.1,,1.0,0.1,,活期存款利率(税后)×5%+中证生物科技主题指数×95%,L,被动指数型,股票型,,20170220,20170220,E,L
501007.SH,汇添富中证互联网医疗主题指数(LOF)-A,汇添富基金管理股份有限公司,中国工商银行股份有限公司,股票型,20161222,,20170220,20161128,nan,1.2946,0.75,0.1,,1.0,0.1,,活期存款利率(税后)×5%+中证互联网医疗主题指数×95%,L,被动指数型,股票型,,20170220,20170220,E,L
501008.SH,汇添富中证互联网医疗主题指数(LOF)-C,汇添富基金管理股份有限公司,中国工商银行股份有限公司,股票型,20161222,,20170220,20161128,nan,0.9665,0.75,0.1,,1.0,0.1,,活期存款利率(税后)×5%+中证互联网医疗主题指数×95%,L,被动指数型,股票型,,20170220,20170220,E,L
501009.SH,汇添富中证生物科技主题指数(LOF)-A,汇添富基金管理股份有限公司,中国建设银行股份有限公司,股票型,20161222,,20170220,20161128,nan,1.6499,0.75,0.1,,1.0,0.1,,活期存款利率(税后)×5%+中证生物科技主题指数×95%,L,被动指数型,股票型,,20170220,20170220,E,L
161129.SZ,易方达原油(QDII-LOF-FOF)-A-CNY,易方达基金管理有限公司,招商银行股份有限公司,其他,20161219,,20170215,20161205,nan,0.6784,1.0,0.2,,1.0,0.1,,标普高盛原油商品指数×100%,L,原油主题基金,其他型,,20170215,20170215,E,L
161626.SZ,融通通福债券(LOF)-A,融通基金管理有限公司,中国工商银行股份有限公司,债券型,20161213,,20170110,nan,nan,nan,0.4,0.1,,1.0,nan,,中债-综合指数-全价指数×100%,L,债券型,债券型,,20161228,20161228,E,L
161127.SZ,易方达标普生物科技指数(QDII-LOF)-A-CNY,易方达基金管理有限公司,中国建设银行股份有限公司,股票型,20161213,,20161227,20161128,nan,3.9018,0.8,0.2,,1.0,0.1,,活期存款利率(税后)×5%+标普生物科技精选行业指数收益率(使用估值汇率折算)×95%,L,被动指数型,股票型,,20161227,20161227,E,L
161128.SZ,易方达标普信息科技指数(QDII-LOF)-A-CNY,易方达基金管理有限公司,中国建设银行股份有限公司,股票型,20161213,,20161227,20161128,nan,3.5819,0.8,0.2,,1.0,0.1,,活期存款利率(税后)×5%+标普500信息科技指数收益率(使用估值汇率折算)×95%,L,被动指数型,股票型,,20161227,20161227,E,L
161125.SZ,易方达标普500指数(QDII-LOF)-A-CNY,易方达基金管理有限公司,中国建设银行股份有限公司,股票型,20161202,,20161214,20161114,nan,6.932,0.8,0.2,,1.0,0.1,,活期存款利率(税后)×5%+标准普尔500指数×95%,L,被动指数型,股票型,,20161214,20161214,E,L
501300.SH,海富通全球美元收益债券(QDII-LOF)-CNY,海富通基金管理有限公司,中国银行股份有限公司,债券型,20161128,,20170216,20161114,nan,1.3975,0.6,0.2,,1.0,0.1,,活期存款利率(税后)×10%+巴克莱资本美国综合债券指数收益率×90%,L,债券型,债券型,,20170216,20170216,E,L
161126.SZ,易方达标普医疗保健指数(QDII-LOF)-A-CNY,易方达基金管理有限公司,中国建设银行股份有限公司,股票型,20161128,,20161214,20161114,nan,2.1717,0.8,0.2,,1.0,0.1,,标普500医疗保健等权重指数收益率(使用估值汇率折算)×95%+活期存款利率(税后)×5%,L,被动指数型,股票型,,20161214,20161214,E,L
511950.SH,广发添利货币ETF-A,广发基金管理有限公司,中国工商银行股份有限公司,货币型,20161122,,20161219,20161109,nan,5.1963,0.15,0.06,,1.0,0.1,,活期存款利率(税后)×100%,L,货币型,货币型,,20161219,20161219,E,L
160322.SZ,华夏港股通精选股票(LOF)-A,华夏基金管理有限公司,中国建设银行股份有限公司,股票型,20161111,,20170724,20161010,nan,3.7896,1.2,0.2,,1.0,0.1,,恒生综合指数收益率×90%+同期人民币活期存款利率×10%,L,股票型,股票型,,20170105,20170105,E,L
161035.SZ,富国中证医药主题指数增强(LOF)-A,富国基金管理有限公司,交通银行股份有限公司,股票型,20161111,,20161125,20161010,nan,3.1957,1.2,0.2,,1.0,0.1,,活期存款利率(税后)×5%+中证医药主题指数×95%,L,增强指数型,股票型,,20161125,20161125,E,L
160223.SZ,国泰创业板指数(LOF)-A,国泰基金管理有限公司,中国建设银行股份有限公司,股票型,20161111,,20161128,20160928,nan,2.2575,0.5,0.15,,1.0,0.1,,活期存款利率(税后)×5%+创业板指数P×95%,L,被动指数型,股票型,,20161128,20161128,E,L
501025.SH,鹏华港股通中证香港银行投资指数(LOF)-A,鹏华基金管理有限公司,中国建设银行股份有限公司,股票型,20161110,,20161124,20161010,nan,2.5224,0.75,0.15,,1.0,0.1,,活期存款利率(税后)×5%+中证香港银行投资指数×95%,L,被动指数型,股票型,,20161124,20161124,E,L
164703.SZ,汇添富纯债债券(LOF)-A,汇添富基金管理股份有限公司,中国工商银行股份有限公司,债券型,20161105,,20161202,nan,nan,nan,0.3,0.1,,1.0,nan,,中债综合指数收益率×100%,L,债券型,债券型,,20161110,20161110,E,L
161124.SZ,易方达香港恒生综合小型股指数(QDII-LOF)-A,易方达基金管理有限公司,招商银行股份有限公司,股票型,20161102,,20161110,20161017,nan,3.9932,0.8,0.2,,1.0,0.1,,恒生综合小型股指数收益率(使用估值汇率折算)×95%+活期存款利率(税后)×5%,L,被动指数型,股票型,,20161110,20161110,E,L
501050.SH,华夏沪港通上证50AH优选指数(LOF)-A,华夏基金管理有限公司,中国建设银行股份有限公司,股票型,20161027,,20161128,20160919,nan,6.8225,0.5,0.1,,1.0,0.1,,活期存款利率(税后)×5%+上证50AH优选指数×95%,L,被动指数型,股票型,,20161128,20161128,E,L
512100.SH,南方中证1000ETF,南方基金管理股份有限公司,招商银行股份有限公司,股票型,20160929,,20161104,20160824,nan,5.8789,0.15,0.05,,1.0,0.1,,中证1000指数×100%,L,被动指数型,股票型,,20161104,20161104,E,L
511690.SH,大成添益货币ETF-E,大成基金管理有限公司,中国银行股份有限公司,货币型,20160929,,20161020,20160908,nan,25.5155,0.25,0.08,,1.0,0.1,,活期存款利率(税后)×100%,L,货币型,货币型,,20161020,20161020,E,L
168105.SZ,九泰泰富灵活配置混合(LOF)-A,九泰基金管理有限公司,招商证券股份有限公司,混合型,20160926,,20170110,20160822,nan,3.3563,1.2,0.2,,1.0,0.1,,沪深300指数收益率×60%+中债总指数(总值)财富指数收益率×40%,L,灵活配置型,混合型,,20170919,20170919,E,L
164814.SZ,工银瑞信双债增强债券(LOF),工银瑞信基金管理有限公司,中国银行股份有限公司,债券型,20160926,,20160926,nan,nan,nan,0.3,0.1,,1.0,nan,,中证智选可转换债券流动性策略指数收益率×80%+中债综合财富(1年以下)指数收益率×20%,L,债券型,债券型,,20161010,20161010,E,L
511700.SH,平安货币ETF-E,平安基金管理有限公司,国泰海通证券股份有限公司,货币型,20160923,,20161017,20160912,nan,13.8466,0.15,0.05,,1.0,0.1,,七天通知存款利率(税后)×100%,L,货币型,货币型,,20161017,20161017,E,L
164210.SZ,天弘同利债券(LOF)-C,天弘基金管理有限公司,中国工商银行股份有限公司,债券型,20160920,,20160930,nan,nan,nan,0.3,0.1,,1.0,nan,,中债综合全价(1-3年)指数收益率×80%+银行一年期定期存款利率(税后)×20%,L,债券型,债券型,,20160930,20160930,E,L
160421.SZ,华安智增精选灵活配置混合(LOF),华安基金管理有限公司,中国工商银行股份有限公司,混合型,20160913,,20161219,20160810,nan,13.0843,1.2,0.2,,1.0,0.1,,中债-总指数×50%+沪深300指数×50%,L,灵活配置型,混合型,,20180314,20180314,E,L
511660.SH,建信现金添益货币ETF-H,建信基金管理有限责任公司,国泰海通证券股份有限公司,货币型,20160902,,20160921,20160815,nan,37.8076,0.25,0.08,,1.0,0.1,,七天通知存款利率×100%,L,货币型,货币型,,20160921,20160921,E,L
512000.SH,华宝中证全指证券公司ETF,华宝基金管理有限公司,中国建设银行股份有限公司,股票型,20160830,,20160914,20160801,nan,6.4202,0.5,0.1,,1.0,0.1,,中证全指证券公司指数×100%,L,被动指数型,股票型,,20160914,20160914,E,L
511600.SH,华安日日鑫货币ETF-H,华安基金管理有限公司,中国建设银行股份有限公司,货币型,20160830,,20160927,nan,nan,nan,0.25,0.1,,100.0,nan,,7天通知存款利率(税后)×100%,L,货币型,货币型,,20160909,20160909,E,L
512680.SH,广发中证军工ETF,广发基金管理有限公司,中国工商银行股份有限公司,股票型,20160830,,20161014,20160725,nan,8.8893,0.5,0.1,,1.0,0.1,,中证军工指数×100%,L,被动指数型,股票型,,20161014,20161014,E,L
162107.SZ,金鹰先进制造股票(LOF)-A,金鹰基金管理有限公司,交通银行股份有限公司,股票型,20160825,,nan,nan,nan,nan,1.2,0.2,,1.0,nan,,中证高端装备制造指数收益率×60%+中证港股通综合指数收益率×20%+中债总财富(总值)指数收益率×20%,L,nan,股票型,,20160908,20160908,E,L
168103.SZ,九泰锐益灵活配置混合(LOF)-A,九泰基金管理有限公司,中信银行股份有限公司,混合型,20160811,,20161123,20160711,nan,22.4383,1.2,0.2,,1.0,0.1,,沪深300指数收益率×60%+中债总指数(总值)财富指数收益率×40%,L,灵活配置型,混合型,,20170206,20170206,E,L
512810.SH,华宝中证军工ETF,华宝基金管理有限公司,中国建设银行股份有限公司,股票型,20160805,,20160822,20160711,nan,5.4479,0.5,0.1,,1.0,0.1,,中证军工指数×100%,L,被动指数型,股票型,,20160822,20160822,E,L
510810.SH,汇添富中证上海国企ETF,汇添富基金管理股份有限公司,中国工商银行股份有限公司,股票型,20160728,,20160829,20160711,nan,152.2009,0.45,0.1,,1.0,0.1,,中证上海国企指数×100%,L,被动指数型,股票型,,20160829,20160829,E,L
165525.SZ,中信保诚中证基建工程指数(LOF)-A,中信保诚基金管理有限公司,中国银行股份有限公司,股票型,20160727,,20161209,nan,nan,nan,1.0,0.2,,1.0,nan,,同业存款利息率×5%+中证基建工程指数×95%,L,被动指数型,股票型,,20160728,20160728,E,L
512880.SH,国泰中证全指证券公司ETF,国泰基金管理有限公司,中国建设银行股份有限公司,股票型,20160726,,20160808,20160620,nan,4.2929,0.5,0.1,,1.0,0.1,,中证全指证券公司指数×100%,L,被动指数型,股票型,,20160808,20160808,E,L
512660.SH,国泰中证军工ETF,国泰基金管理有限公司,中国建设银行股份有限公司,股票型,20160726,,20160808,20160620,nan,5.8908,0.5,0.1,,1.0,0.1,,中证军工指数×100%,L,被动指数型,股票型,,20160808,20160808,E,L
164403.SZ,前海开源沪港深农业主题精选灵活配置混合(LOF)-A,前海开源基金管理有限公司,中国银河证券股份有限公司,混合型,20160720,,20160815,nan,nan,nan,1.2,0.2,,1.0,nan,,香港恒生指数×10%+中证全债指数×30%+中证大农业指数×60%,L,灵活配置型,混合型,,20160721,20160721,E,L
164908.SZ,交银中证环境治理指数(LOF)-A,交银施罗德基金管理有限公司,中信银行股份有限公司,股票型,20160719,,nan,nan,nan,nan,1.0,0.2,,1.0,nan,,活期存款利率(税后)×5%+中证环境治理指数×95%,L,nan,股票型,,20160720,20160720,E,L
160635.SZ,鹏华中证医药卫生指数(LOF)-A,鹏华基金管理有限公司,中国建设银行股份有限公司,股票型,20160715,,20160801,nan,nan,nan,0.75,0.15,,1.0,nan,,活期存款利率(税后)×5%+中证医药卫生指数×95%,L,被动指数型,股票型,,20160720,20160720,E,L
511970.SH,国寿安保货币ETF-E,国寿安保基金管理有限公司,中国工商银行股份有限公司,货币型,20160704,,20160718,nan,nan,nan,0.33,0.05,,100.0,nan,,7天通知存款利率(税后)×100%,L,货币型,货币型,,20160704,20160704,E,L
160225.SZ,国泰国证新能源汽车指数(LOF)-A,国泰基金管理有限公司,中国银行股份有限公司,股票型,20160701,,20160720,nan,nan,nan,0.5,0.2,,1.0,nan,,活期存款利率(税后)×5%+国证新能源汽车指数×95%,L,被动指数型,股票型,,20160705,20160705,E,L
159949.SZ,华安创业板50ETF,华安基金管理有限公司,中国建设银行股份有限公司,股票型,20160630,,20160722,20160606,nan,5.5029,0.5,0.1,,1.0,0.1,,创业板50指数×100%,L,被动指数型,股票型,,20160722,20160722,E,L
511850.SH,招商财富宝货币ETF-E,招商基金管理有限公司,中国建设银行股份有限公司,货币型,20160630,,20160718,20160613,nan,10.1731,0.3,0.09,,1.0,0.1,,活期存款利率(税后)×100%,L,货币型,货币型,,20160718,20160718,E,L
163003.SZ,长信利鑫债券(LOF)-C,长信基金管理有限责任公司,中国邮政储蓄银行股份有限公司,债券型,20160625,,20160722,nan,nan,nan,0.3,0.12,,1.0,nan,,中债综合指数×100%,L,债券型,债券型,,20160722,20160722,E,L
501021.SH,华宝港股通标普香港上市中国中小盘指数(LOF)-A,华宝基金管理有限公司,中国建设银行股份有限公司,股票型,20160624,,20160706,20160523,nan,4.315,1.0,0.2,,1.0,0.1,,活期存款利率(税后)×5%+标普香港上市中国中小盘指数×95%,L,被动指数型,股票型,,20160706,20160706,E,L
511910.SH,融通易支付货币ETF-E,融通基金管理有限公司,中国民生银行股份有限公司,货币型,20160615,,20160704,nan,nan,nan,0.33,0.05,,100.0,nan,,活期存款利率(税后)×100%,L,货币型,货币型,,20160620,20160620,E,L
501018.SH,南方原油(QDII-LOF-FOF)-A,南方基金管理股份有限公司,中国工商银行股份有限公司,其他,20160615,,20160628,20160517,nan,3.4843,1.0,0.2,,1.0,0.1,,WTI原油价格收益率×60%+BRENT原油价格收益率×40%,L,原油主题基金,其他型,,20160628,20160628,E,L
159948.SZ,南方创业板ETF,南方基金管理股份有限公司,中国银行股份有限公司,股票型,20160513,,20160531,20160418,nan,7.442,0.15,0.05,,1.0,0.1,,创业板指数×100%,L,被动指数型,股票型,,20160531,20160531,E,L
162215.SZ,宏利聚利债券(LOF),宏利基金管理有限公司,中国银行股份有限公司,债券型,20160513,,20160525,nan,nan,nan,0.3,0.1,,1.0,nan,,国债总指数-全价指数×10%+企业债总指数-全价指数×90%,L,债券型,债券型,,20160525,20160525,E,L
160622.SZ,鹏华丰利债券(LOF)-A,鹏华基金管理有限公司,招商银行股份有限公司,债券型,20160425,,20160524,nan,nan,nan,0.3,0.1,,1.0,nan,,中债-综合财富(1-3年)指数收益率×85%+中证可转债及可交换债券指数收益率×10%+活期存款基准利率×5%,L,债券型,债券型,,20160512,20160512,E,L
162415.SZ,华宝标普美国品质消费股票指数(QDII-LOF)-A-CNY,华宝基金管理有限公司,中国建设银行股份有限公司,股票型,20160318,,20160406,20160229,nan,2.5673,1.0,0.2,,1.0,0.1,,经人民币汇率调整的标普美国品质消费股票指数收益率×95%+人民币活期存款利率(税后)×5%,L,被动指数型,股票型,,20160406,20160406,E,L
511920.SH,广发货币ETF-E,广发基金管理有限公司,中国工商银行股份有限公司,货币型,20160314,,20160328,nan,nan,nan,0.15,0.05,,1.0,nan,,活期存款利率(税后)×100%,L,货币型,货币型,,20160314,20160314,E,L
161033.SZ,富国中证智能汽车指数(LOF)-A,富国基金管理有限公司,中国工商银行股份有限公司,股票型,20160216,,20160229,20160107,nan,2.1981,1.0,0.2,,1.0,0.1,,活期存款利率(税后)×5%+中证智能汽车主题指数×95%,L,被动指数型,股票型,,20160229,20160229,E,L
163005.SZ,长信利众债券(LOF)-C,长信基金管理有限责任公司,上海浦东发展银行股份有限公司,债券型,20160205,,20160316,nan,nan,nan,0.7,0.15,,1.0,nan,,中债-综合指数-全价指数×100%,L,债券型,债券型,,20160218,20160218,E,L
168102.SZ,九泰锐富事件驱动混合(LOF)-A,九泰基金管理有限公司,中国工商银行股份有限公司,混合型,20160204,,20160504,20160113,nan,6.2601,1.2,0.2,,1.0,0.1,,沪深300指数收益率×60%+中国债券总指数收益率×40%,L,混合型,混合型,,20170203,20170203,E,L
166016.SZ,中欧纯债债券(LOF)-C,中欧基金管理有限公司,中国邮政储蓄银行股份有限公司,债券型,20160202,,20160301,nan,nan,nan,0.3,0.1,,1.0,nan,,中债-优选投资级信用债全价(总值)指数收益率×100%,L,债券型,债券型,,20160205,20160205,E,L
511820.SH,鹏华添利货币ETF-B,鹏华基金管理有限公司,中国工商银行股份有限公司,货币型,20160129,,20160222,20160111,nan,10.053,0.3,0.05,,1.0,0.1,,活期存款利率(税后)×100%,L,货币型,货币型,,20160222,20160222,E,L
501005.SH,汇添富中证精准医疗主题指数(LOF)-A,汇添富基金管理股份有限公司,中国工商银行股份有限公司,股票型,20160121,,20160321,20151228,nan,16.5669,0.75,0.1,,1.0,0.1,,活期存款利率(税后)×5%+中证精准医疗主题指数×95%,L,被动指数型,股票型,,20160321,20160321,E,L
163907.SZ,中海惠裕纯债债券(LOF),中海基金管理有限公司,招商银行股份有限公司,债券型,20160108,,20160303,nan,nan,nan,0.3,0.1,,1.0,nan,,中证全债指数×100%,L,债券型,债券型,,20160115,20160115,E,L
511960.SH,嘉实快线货币ETF-H,嘉实基金管理有限公司,上海浦东发展银行股份有限公司,货币型,20151228,,20160111,nan,nan,nan,0.15,0.06,,1.0,nan,,活期存款利率(税后)×100%,L,货币型,货币型,,20151228,20151228,E,L
161229.SZ,国投瑞银中国价值发现股票(QDII-LOF),国投瑞银基金管理有限公司,中国银行股份有限公司,股票型,20151221,,20160104,20151123,nan,2.6777,1.2,0.2,,1.0,0.1,,一年定期存款利率(税后)×5%+MSCI中国指数(MSCI China Index)×95%,L,股票型,股票型,,20160104,20160104,E,L
510680.SH,万家上证50ETF,万家基金管理有限公司,华夏银行股份有限公司,股票型,20151215,,20151215,nan,nan,nan,0.5,0.1,,1.0,nan,,上海证券交易所50成份指数×100%,L,被动指数型,股票型,,20160314,20160314,E,L
164206.SZ,天弘添利债券(LOF)-C,天弘基金管理有限公司,中国工商银行股份有限公司,债券型,20151203,,20151215,nan,nan,nan,0.35,0.1,,1.0,nan,,中债-总指数×100%,L,债券型,债券型,,20151215,20151215,E,L
511930.SH,国联日日盈货币ETF-A,国联基金管理有限公司,国泰海通证券股份有限公司,货币型,20151130,,20151215,20151119,nan,9.7488,0.15,0.05,,1.0,0.1,,七天通知存款利率(税后)×100%,L,货币型,货币型,,20151215,20151215,E,L
511900.SH,富国收益宝货币ETF-H,富国基金管理有限公司,中国银行股份有限公司,货币型,20151124,,20151209,20151113,nan,68.6601,0.28,0.05,,1.0,0.1,,活期存款利率(税后)×100%,L,货币型,货币型,,20151209,20151209,E,L
160621.SZ,鹏华丰和债券(LOF)-A,鹏华基金管理有限公司,招商银行股份有限公司,债券型,20151105,,20151105,nan,nan,nan,0.8,0.2,,1.0,nan,,中债-综合指数×100%,L,债券型,债券型,,20151105,20151105,E,L
511980.SH,汇添富添富通货币ETF-E,汇添富基金管理股份有限公司,中国工商银行股份有限公司,货币型,20151016,,20151102,nan,nan,nan,0.27,0.05,,1.0,nan,,活期存款利率(税后)×100%,L,货币型,货币型,,20151021,20151021,E,L
510580.SH,易方达中证500ETF,易方达基金管理有限公司,中国工商银行股份有限公司,股票型,20150827,,20150914,20150803,nan,2.9526,0.15,0.05,,1.0,0.1,,中证小盘500指数×100%,L,被动指数型,股票型,,20150914,20150914,E,L
510360.SH,广发沪深300ETF,广发基金管理有限公司,中国工商银行股份有限公司,股票型,20150820,,20150909,20150710,nan,3.0838,0.5,0.1,,1.0,0.1,,沪深300指数×100%,L,被动指数型,股票型,,20150909,20150909,E,L
161227.SZ,国投瑞银瑞福深证100指数(LOF),国投瑞银基金管理有限公司,中国工商银行股份有限公司,股票型,20150814,,20150828,nan,nan,nan,0.75,0.15,,1.0,nan,,活期存款利率(税后)×5%+深证100指数(价格)×95%,L,被动指数型,股票型,,20150828,20150828,E,L
161226.SZ,国投瑞银白银期货(LOF)-A,国投瑞银基金管理有限公司,中国银行股份有限公司,其他,20150806,,20150817,20150720,nan,3.4661,1.0,0.2,,1.0,0.1,,上海期货交易所白银期货主力合约收益率×100%,L,白银期货型,其他型,,20150817,20150817,E,L
167501.SZ,安信宝利债券(LOF)-D,安信基金管理有限责任公司,中国工商银行股份有限公司,债券型,20150724,,20150807,nan,nan,nan,0.3,0.1,,1.0,nan,,中债-综合指数×100%,L,债券型,债券型,,20150728,20150728,E,L
163001.SZ,长信医疗保健行业灵活配置混合(LOF)-A,长信基金管理有限责任公司,中国建设银行股份有限公司,混合型,20150720,,20150722,nan,nan,nan,1.2,0.2,,1.0,nan,,中债-总指数×40%+中证医药卫生指数×60%,L,灵活配置型,混合型,,20150720,20150720,E,L
511830.SH,华泰柏瑞货币ETF-A,华泰柏瑞基金管理有限公司,中国建设银行股份有限公司,货币型,20150714,,20150803,20150702,nan,7.0162,0.15,0.05,,1.0,0.1,,活期存款利率(税后)×100%,L,货币型,货币型,,20150803,20150803,E,L
512330.SH,南方中证500信息技术指数ETF,南方基金管理股份有限公司,中国农业银行股份有限公司,股票型,20150629,,20150720,20150610,nan,2.7219,0.5,0.1,,1.0,0.1,,中证500信息技术指数×100%,L,被动指数型,股票型,,20150720,20150720,E,L
159944.SZ,广发中证全指原材料ETF,广发基金管理有限公司,中国银行股份有限公司,股票型,20150625,,20150706,20150608,nan,2.8161,0.5,0.1,,1.0,0.1,,中证全指原材料指数×100%,L,被动指数型,股票型,,20150706,20150706,E,L
159945.SZ,广发中证全指能源ETF,广发基金管理有限公司,中国银行股份有限公司,股票型,20150625,,20150706,20150608,nan,2.7257,0.5,0.1,,1.0,0.1,,中证全指能源指数×100%,L,被动指数型,股票型,,20150706,20150706,E,L
165526.SZ,中信保诚新旺回报灵活配置混合(LOF)-A,中信保诚基金管理有限公司,交通银行股份有限公司,混合型,20150619,,nan,20150615,nan,2.0482,0.6,0.2,,1.0,0.1,,一年定期存款利率(税后)×100%+3%,L,nan,混合型,,20150924,20150924,E,L
162414.SZ,华宝新机遇灵活配置混合(LOF)-A,华宝基金管理有限公司,中国建设银行股份有限公司,混合型,20150611,,20150701,20150601,nan,14.3806,0.6,0.2,,1.0,0.1,,一年定期存款利率(税后)×100%+3%,L,灵活配置型,混合型,,20150623,20150623,E,L
159941.SZ,广发纳斯达克100ETF(QDII),广发基金管理有限公司,中国银行股份有限公司,股票型,20150610,,20150713,20150520,nan,2.6305,0.8,0.2,,1.0,0.1,,纳斯达克100指数×100%,L,被动指数型,股票型,,20150713,20150713,E,L
159943.SZ,大成深证成份ETF,大成基金管理有限公司,中国农业银行股份有限公司,股票型,20150605,,20150708,20150511,nan,23.8459,0.5,0.1,,1.0,0.1,,深圳证券交易所成份指数×100%,L,被动指数型,股票型,,20150708,20150708,E,L
510560.SH,国寿安保中证500ETF,国寿安保基金管理有限公司,中国农业银行股份有限公司,股票型,20150529,,20150703,20150511,nan,6.6587,0.5,0.1,,1.0,0.1,,中证500指数×100%,L,被动指数型,股票型,,20150703,20150703,E,L
164906.SZ,交银中证海外中国互联网指数(QDII-LOF)-A,交银施罗德基金管理有限公司,中国农业银行股份有限公司,股票型,20150527,,20150710,20150430,nan,7.8892,1.2,0.2,,1.0,0.1,,活期存款利率(税后)×5%+中证海外中国互联网指数(人民币)×95%,L,被动指数型,股票型,,20150710,20150710,E,L
510710.SH,博时上证50ETF,博时基金管理有限公司,招商银行股份有限公司,股票型,20150527,,20150615,20150515,nan,2.5787,0.15,0.05,,1.0,0.1,,上海证券交易所50成份指数×100%,L,被动指数型,股票型,,20150615,20150615,E,L
161225.SZ,国投瑞银瑞盈灵活配置混合(LOF)-A,国投瑞银基金管理有限公司,中国银行股份有限公司,混合型,20150519,,20150814,20150422,nan,13.7774,1.2,0.2,,1.0,0.1,,沪深300指数×50%+中债-综合指数×50%,L,灵活配置型,混合型,,20161216,20161216,E,L
160125.SZ,南方香港优选股票(QDII-LOF),南方基金管理股份有限公司,中国农业银行股份有限公司,股票型,20150513,,20150513,nan,nan,nan,1.2,0.2,,1.0,nan,,活期存款利率(税后)×5%+香港恒生指数×95%,L,股票型,股票型,,20150513,20150513,E,L
512510.SH,华泰柏瑞中证500ETF,华泰柏瑞基金管理有限公司,中国银行股份有限公司,股票型,20150513,,20150612,20150415,nan,8.7382,0.15,0.05,,1.0,0.1,,中证小盘500指数×100%,L,被动指数型,股票型,,20150612,20150612,E,L
512500.SH,华夏中证500ETF,华夏基金管理有限公司,中国建设银行股份有限公司,股票型,20150505,,20150529,20150408,nan,21.3447,0.15,0.05,,1.0,0.1,,中证小盘500指数×100%,L,被动指数型,股票型,,20150529,20150529,E,L
161722.SZ,招商丰泰灵活配置混合(LOF),招商基金管理有限公司,中国银行股份有限公司,混合型,20150417,,20150722,20150413,nan,70.9414,0.6,0.15,,1.0,0.1,,一年定期存款利率(税后)×100%+3%,L,灵活配置型,混合型,,20150527,20150518,E,L
161224.SZ,国投瑞银新丝路灵活配置混合(LOF),国投瑞银基金管理有限公司,中国银河证券股份有限公司,混合型,20150410,,20150506,20150316,nan,9.5267,1.2,0.2,,1.0,0.1,,沪深300指数×60%+中债-综合指数×40%,L,灵活配置型,混合型,,20150506,20150506,E,L
159940.SZ,广发中证全指金融地产ETF,广发基金管理有限公司,中国银行股份有限公司,股票型,20150323,,20150417,20150225,nan,5.7906,0.5,0.1,,1.0,0.1,,中证全指金融地产指数×100%,L,被动指数型,股票型,,20150417,20150417,E,L
161222.SZ,国投瑞银瑞利灵活配置混合(LOF)-A,国投瑞银基金管理有限公司,中国银行股份有限公司,混合型,20150205,,20150504,20150119,nan,19.3336,1.2,0.2,,1.0,0.1,,沪深300指数×50%+中债-综合指数×50%,L,灵活配置型,混合型,,20160823,20160823,E,L
166006.SZ,中欧行业成长混合(LOF)-A,中欧基金管理有限公司,中国邮政储蓄银行股份有限公司,混合型,20150130,,20150202,nan,nan,nan,1.2,0.2,,1.0,nan,,中证800指数收益率×90%+中债-综合全价(总值)指数收益率×10%,L,混合型,混合型,,20150130,20150130,E,L
159939.SZ,广发中证全指信息技术ETF,广发基金管理有限公司,中国银行股份有限公司,股票型,20150108,,20150205,20141215,nan,3.5483,0.5,0.1,,1.0,0.1,,中证全指信息技术指数×100%,L,被动指数型,股票型,,20150205,20150205,E,L
160919.SZ,大成产业升级股票(LOF)-A,大成基金管理有限公司,中国农业银行股份有限公司,股票型,20141226,,20150109,nan,nan,nan,1.2,0.2,,1.0,nan,,沪深300指数收益率×85%+中债-国债总财富(1-3年)指数收益率×15%,L,股票型,股票型,,20150109,20150109,E,L
513660.SH,华夏沪港通恒生ETF,华夏基金管理有限公司,中国农业银行股份有限公司,股票型,20141223,,20150126,20141209,nan,8.7833,0.5,0.1,,1.0,0.1,,香港恒生指数×100%,L,被动指数型,股票型,,20150126,20150126,E,L
159005.SZ,汇添富收益快钱货币ETF-A,汇添富基金管理股份有限公司,中国工商银行股份有限公司,货币型,20141223,,20150113,20141215,nan,2.5294,0.15,0.05,,1.0,0.1,,活期存款利率(税后)×100%,L,货币型,货币型,,20150113,20150113,E,L
513600.SH,南方恒生ETF(QDII),南方基金管理股份有限公司,中国工商银行股份有限公司,股票型,20141223,,20150126,20141209,nan,2.8696,0.5,0.1,,1.0,0.1,,香港恒生指数×100%,L,被动指数型,股票型,,20150126,20150126,E,L
511810.SH,南方理财金货币ETF-H,南方基金管理股份有限公司,中国农业银行股份有限公司,货币型,20141205,,20150105,20141117,nan,nan,0.3,0.05,,1.0,0.1,,七天通知存款利率(税后)×100%,L,货币型,货币型,,20150105,20150105,E,L
159938.SZ,广发中证全指医药卫生ETF,广发基金管理有限公司,中国银行股份有限公司,股票型,20141201,,20150108,20141103,nan,4.7328,0.5,0.1,,1.0,0.1,,中证全指医药卫生指数×100%,L,被动指数型,股票型,,20150108,20150108,E,L
511860.SH,博时保证金实时货币ETF-A,博时基金管理有限公司,中国建设银行股份有限公司,货币型,20141125,,20141209,20141117,nan,15.0604,0.3,0.09,,1.0,0.1,,七天通知存款利率(税后)×100%,L,货币型,货币型,,20141209,20141209,E,L
511800.SH,易方达货币ETF-E,易方达基金管理有限公司,中国银行股份有限公司,货币型,20141121,,20141208,nan,nan,nan,0.15,0.05,,100.0,nan,,活期存款利率(税后)×100%,L,货币型,货币型,,20141124,20141124,E,L
160813.SZ,长盛同盛成长优选灵活配置混合(LOF),长盛基金管理有限公司,中国银行股份有限公司,混合型,20141105,,20141226,nan,nan,nan,1.2,0.2,,1.0,nan,,沪深300指数×50%+中证综合债券指数×50%,L,灵活配置型,混合型,,20141226,20141226,E,L
159937.SZ,博时黄金ETF,博时基金管理有限公司,中国银行股份有限公司,其他,20140813,,20140901,20140804,nan,2.9217,0.5,0.1,,1.0,0.1,,国内黄金现货价格收益率(Au99.99合约)×100%,L,黄金现货合约,其他型,,20140901,20140901,E,L
513030.SH,华安国际龙头(DAX)ETF(QDII),华安基金管理有限公司,招商银行股份有限公司,股票型,20140808,,20140905,20140714,nan,3.3778,0.8,0.2,,1.0,0.1,,德国法兰克福DAX指数×100%,L,被动指数型,股票型,,20140905,20140905,E,L
512220.SH,景顺长城中证科技传媒通信150ETF,景顺长城基金管理有限公司,中国银行股份有限公司,股票型,20140718,,20140819,20140623,nan,5.9397,0.5,0.1,,1.0,0.1,,中证科技传媒通信150指数×100%,L,被动指数型,股票型,,20140819,20140819,E,L
160133.SZ,南方天元新产业股票(LOF),南方基金管理股份有限公司,中国工商银行股份有限公司,股票型,20140703,,20140825,nan,nan,nan,1.2,0.2,,1.0,nan,,上海证券交易所国债指数×20%+沪深300指数×80%,L,股票型,股票型,,20140825,20140825,E,L
512070.SH,易方达沪深300非银行金融ETF,易方达基金管理有限公司,中国建设银行股份有限公司,股票型,20140626,,20140718,20140609,nan,5.5616,0.5,0.1,,1.0,0.1,,沪深300非银行金融指数×100%,L,被动指数型,股票型,,20140718,20140718,E,L
512640.SH,嘉实中证金融地产ETF,嘉实基金管理有限公司,中国银行股份有限公司,股票型,20140620,,20140725,20140519,nan,2.3924,0.5,0.1,,1.0,0.1,,中证金融地产指数×100%,L,被动指数型,股票型,,20140725,20140725,E,L
512600.SH,嘉实中证主要消费ETF,嘉实基金管理有限公司,中国银行股份有限公司,股票型,20140613,,20140725,20140519,nan,2.3695,0.5,0.1,,1.0,0.1,,中证主要消费指数×100%,L,被动指数型,股票型,,20140725,20140725,E,L
159936.SZ,广发中证全指可选消费ETF,广发基金管理有限公司,中国银行股份有限公司,股票型,20140603,,20140625,20140505,nan,8.3816,0.5,0.1,,1.0,0.1,,中证全指可选消费指数×100%,L,被动指数型,股票型,,20140625,20140625,E,L
160918.SZ,大成中小盘混合(LOF)-A,大成基金管理有限公司,中国银行股份有限公司,混合型,20140410,,20140430,nan,nan,nan,1.2,0.2,,1.0,nan,,中证700指数收益率×60%+恒生指数收益率×20%+中证综合债券指数收益率×20%,L,混合型,混合型,,20140430,20140430,E,L
160812.SZ,长盛同益成长回报灵活配置混合(LOF),长盛基金管理有限公司,中国工商银行股份有限公司,混合型,20140404,,20140604,nan,nan,nan,1.2,0.2,,1.0,nan,,沪深300指数×50%+中证综合债券指数×50%,L,灵活配置型,混合型,,20140604,20140604,E,L
160220.SZ,国泰民益灵活配置混合(LOF)-A,国泰基金管理有限公司,宁波银行股份有限公司,混合型,20131230,,20140116,20131218,nan,14.8855,0.7,0.2,,1.0,0.1,,沪深300指数收益率×50%+中债综合指数收益率×50%,L,灵活配置型,混合型,,20140103,20140103,E,L
159935.SZ,景顺长城中证500ETF,景顺长城基金管理有限公司,中国银行股份有限公司,股票型,20131226,,20140121,20131203,nan,5.1257,0.5,0.1,,1.0,0.1,,中证小盘500指数×100%,L,被动指数型,股票型,,20140121,20140121,E,L
513500.SH,博时标普500ETF(QDII),博时基金管理有限公司,中国工商银行股份有限公司,股票型,20131205,,20140115,20131104,nan,5.6504,0.6,0.2,,1.0,0.1,,标普500指数×100%,L,被动指数型,股票型,,20140115,20140115,E,L
512120.SH,华安中证细分医药ETF,华安基金管理有限公司,中国建设银行股份有限公司,股票型,20131204,,20140106,20131108,nan,2.7125,0.5,0.1,,1.0,0.1,,中证细分医药产业主题指数×100%,L,被动指数型,股票型,,20140106,20140106,E,L
159934.SZ,易方达黄金ETF,易方达基金管理有限公司,中国工商银行股份有限公司,其他,20131129,,20131216,20131028,nan,5.0042,0.5,0.1,,1.0,0.1,,国内黄金现货价格收益率(Au99.99合约)×100%,L,黄金现货合约,其他型,,20131216,20131216,E,L
512010.SH,易方达沪深300医药卫生ETF,易方达基金管理有限公司,中国建设银行股份有限公司,股票型,20130923,,20131028,20130826,nan,5.2117,0.5,0.1,,1.0,0.1,,沪深300医药卫生指数×100%,L,被动指数型,股票型,,20131028,20131028,E,L
159933.SZ,国投瑞银沪深300金融地产ETF,国投瑞银基金管理有限公司,中国工商银行股份有限公司,股票型,20130917,,20131016,20130828,nan,5.7498,0.6,0.13,,1.0,0.1,,沪深300金融地产指数×100%,L,被动指数型,股票型,,20131016,20131016,E,L
161903.SZ,万家行业优选混合(LOF),万家基金管理有限公司,交通银行股份有限公司,混合型,20130828,,20130829,nan,nan,nan,1.2,0.2,,1.0,nan,,上海证券交易所国债指数×20%+沪深300指数×80%,L,混合型,混合型,,20130828,20130828,E,L
159931.SZ,汇添富中证金融地产ETF,汇添富基金管理股份有限公司,中国工商银行股份有限公司,股票型,20130823,,20130916,20130715,nan,7.4783,0.5,0.1,,1.0,0.1,,中证金融地产指数×100%,L,被动指数型,股票型,,20130916,20130916,E,L
159930.SZ,汇添富中证能源ETF,汇添富基金管理股份有限公司,中国工商银行股份有限公司,股票型,20130823,,20130916,20130715,nan,3.844,0.5,0.1,,1.0,0.1,,中证能源指数×100%,L,被动指数型,股票型,,20130916,20130916,E,L
159928.SZ,汇添富中证主要消费ETF,汇添富基金管理股份有限公司,中国工商银行股份有限公司,股票型,20130823,,20130916,20130715,nan,7.9466,0.5,0.1,,1.0,0.1,,中证主要消费指数×100%,L,被动指数型,股票型,,20130916,20130916,E,L
159929.SZ,汇添富中证医药卫生ETF,汇添富基金管理股份有限公司,中国工商银行股份有限公司,股票型,20130823,,20130916,20130715,nan,11.972,0.5,0.1,,1.0,0.1,,中证医药卫生指数×100%,L,被动指数型,股票型,,20130916,20130916,E,L
160515.SZ,博时安丰18个月定开债券(LOF)-A,博时基金管理有限公司,上海浦东发展银行股份有限公司,债券型,20130822,,20131017,20130729,nan,2.476,0.6,0.18,,1.0,0.1,,一年定期存款利率(税后)×150%,L,债券型,债券型,,20150225,20150225,E,L
518880.SH,华安易富黄金ETF,华安基金管理有限公司,中国建设银行股份有限公司,其他,20130718,,20130729,20130624,nan,12.0849,0.5,0.1,,1.0,0.1,,国内黄金现货价格收益率(Au99.99合约)×100%,L,黄金现货合约,其他型,,20130729,20130729,E,L
518800.SH,国泰黄金ETF,国泰基金管理有限公司,中国工商银行股份有限公司,其他,20130718,,20130729,20130624,nan,4.1034,0.5,0.1,,1.0,0.1,,国内黄金现货价格收益率(Au99.99合约)×100%,L,黄金现货合约,其他型,,20130729,20130729,E,L
159003.SZ,招商保证金快线货币ETF-A,招商基金管理有限公司,平安银行股份有限公司,货币型,20130517,,20141020,20130513,nan,14.4557,0.2,0.08,,1.0,0.1,,活期存款利率(税后)×100%,L,货币型,货币型,,20130607,20130607,E,L
162715.SZ,广发聚源债券(LOF)-A,广发基金管理有限公司,中国农业银行股份有限公司,债券型,20130508,,20130710,20130415,nan,7.7678,0.3,0.1,,1.0,0.1,,中债-总指数-全价指数×100%,L,债券型,债券型,,20140508,20140508,E,L
162108.SZ,金鹰元盛债券(LOF)-C,金鹰基金管理有限公司,中国建设银行股份有限公司,债券型,20130502,,20150520,20130408,nan,31.7019,0.7,0.2,,1.0,0.1,,中债-综合指数-财富指数×100%,L,债券型,债券型,,20150520,20150520,E,L
513100.SH,国泰纳斯达克100ETF(QDII),国泰基金管理有限公司,中国建设银行股份有限公司,股票型,20130425,,20130515,20130415,nan,2.6762,0.6,0.2,,1.0,0.1,,纳斯达克100指数×100%,L,被动指数型,股票型,,20130515,20130515,E,L
510510.SH,广发中证500ETF,广发基金管理有限公司,中国工商银行股份有限公司,股票型,20130411,,20130524,20130318,nan,4.2504,0.5,0.1,,1.0,0.1,,中证小盘500指数×100%,L,被动指数型,股票型,,20130524,20130524,E,L
511880.SH,银华货币ETF-A,银华基金管理股份有限公司,中国建设银行股份有限公司,货币型,20130401,,20130418,20130318,nan,22.0104,0.3,0.09,,1.0,0.1,,活期存款利率(税后)×100%,L,货币型,货币型,,20130418,20130418,E,L
159001.SZ,易方达保证金收益货币ETF-A,易方达基金管理有限公司,交通银行股份有限公司,货币型,20130329,,20141020,20130325,nan,10.7887,0.15,0.05,,1.0,0.1,,活期存款利率(税后)×100%,L,货币型,货币型,,20130418,20130418,E,L
510660.SH,华夏上证医药卫生ETF,华夏基金管理有限公司,中国建设银行股份有限公司,股票型,20130328,,20130508,20130225,nan,11.7788,0.5,0.1,,1.0,0.1,,上证医药卫生行业指数×100%,L,被动指数型,股票型,,20130508,20130508,E,L
510650.SH,华夏上证金融地产ETF,华夏基金管理有限公司,中国建设银行股份有限公司,股票型,20130328,,20130508,20130225,nan,10.9645,0.5,0.1,,1.0,0.1,,上证金融地产行业指数×100%,L,被动指数型,股票型,,20130508,20130508,E,L
510630.SH,华夏上证主要消费ETF,华夏基金管理有限公司,中国建设银行股份有限公司,股票型,20130328,,20130508,20130225,nan,5.9309,0.5,0.1,,1.0,0.1,,上证主要消费行业指数×100%,L,被动指数型,股票型,,20130508,20130508,E,L
165313.SZ,建信优势动力混合(LOF),建信基金管理有限责任公司,交通银行股份有限公司,混合型,20130319,,20130403,nan,nan,nan,1.2,0.2,,1.0,nan,,中债-总指数×25%+沪深300指数×75%,L,混合型,混合型,,20130403,20130403,E,L
510310.SH,易方达沪深300ETF,易方达基金管理有限公司,中国建设银行股份有限公司,股票型,20130306,,20130325,20130218,nan,11.0431,0.15,0.05,,1.0,0.1,,沪深300指数×100%,L,被动指数型,股票型,,20130325,20130325,E,L
511010.SH,国泰上证5年期国债ETF,国泰基金管理有限公司,中国建设银行股份有限公司,债券型,20130305,,20130325,20130221,nan,54.2363,0.15,0.05,,100.0,0.1,,上证5年期国债指数×100%,L,被动指数型,债券型,,20130325,20130325,E,L
161716.SZ,招商双债增强债券(LOF)-C,招商基金管理有限公司,中国农业银行股份有限公司,债券型,20130301,,20150316,20130220,nan,15.0014,0.4,0.1,,1.0,0.1,,天相转债指数×40%+中债-综合指数×60%,L,债券型,债券型,,20150316,20150316,E,L
159925.SZ,南方沪深300ETF,南方基金管理股份有限公司,中国工商银行股份有限公司,股票型,20130218,,20130411,nan,nan,nan,0.15,0.05,,1.0,nan,,沪深300指数×100%,L,被动指数型,股票型,,20130411,20130411,E,L
159923.SZ,大成中证A100ETF,大成基金管理有限公司,中国银行股份有限公司,股票型,20130207,,20130305,20130121,nan,3.9929,0.5,0.1,,1.0,0.1,,中证A100指数×100%,L,被动指数型,股票型,,20130305,20130305,E,L
159922.SZ,嘉实中证500ETF,嘉实基金管理有限公司,中国建设银行股份有限公司,股票型,20130206,,20130315,20130107,nan,31.0873,0.15,0.05,,1.0,0.1,,中证小盘500指数×100%,L,被动指数型,股票型,,20130315,20130315,E,L
510500.SH,南方中证500ETF,南方基金管理股份有限公司,中国农业银行股份有限公司,股票型,20130206,,20130315,20130110,nan,11.4755,0.15,0.05,,1.0,0.1,,中证小盘500指数×100%,L,被动指数型,股票型,,20130315,20130315,E,L
511990.SH,华宝现金添益货币ETF-A,华宝基金管理有限公司,中国建设银行股份有限公司,货币型,20121227,,20130128,20121219,nan,18.0263,0.35,0.09,,1.0,0.1,,7天通知存款利率(税后)×100%,L,货币型,货币型,,20130128,20130128,E,L
510330.SH,华夏沪深300ETF,华夏基金管理有限公司,中国工商银行股份有限公司,股票型,20121225,,20130116,20121217,nan,6.0281,0.15,0.05,,1.0,0.1,,沪深300指数×100%,L,被动指数型,股票型,,20130116,20130116,E,L
163415.SZ,兴全商业模式优选混合(LOF)-A,兴证全球基金管理有限公司,中国光大银行股份有限公司,混合型,20121218,,20130201,20121112,nan,5.4611,1.2,0.2,,1.0,0.1,,沪深300指数×80%+中证国债指数×20%,L,混合型,混合型,,20130201,20130201,E,L
161119.SZ,易方达中债新综合债券指数(LOF)-A,易方达基金管理有限公司,中国农业银行股份有限公司,债券型,20121108,,20130109,20120928,nan,7.3451,0.15,0.05,,1.0,0.1,,中债-新综合指数×100%,L,被动指数型,债券型,,20121207,20130109,E,L
159920.SZ,华夏恒生ETF(QDII),华夏基金管理有限公司,中国银行股份有限公司,股票型,20120809,,20121022,20120709,nan,35.8556,0.6,0.15,,1.0,0.1,,香港恒生指数×100%,L,被动指数型,股票型,,20121022,20121022,E,L
161820.SZ,银华纯债信用主题债券(LOF)-A,银华基金管理股份有限公司,中国工商银行股份有限公司,债券型,20120809,,20120905,20120709,nan,19.4487,0.3,0.1,,1.0,0.1,,中债-综合指数-全价指数×100%,L,债券型,债券型,,20120910,20120910,E,L
510900.SH,易方达恒生中国企业ETF(QDII),易方达基金管理有限公司,交通银行股份有限公司,股票型,20120809,,20121022,20120709,nan,16.1654,0.6,0.15,,1.0,0.1,,恒生中国企业指数×100%,L,被动指数型,股票型,,20121022,20121022,E,L
160916.SZ,大成优选混合(LOF)-A,大成基金管理有限公司,中国银行股份有限公司,混合型,20120727,,20121228,nan,nan,nan,1.2,0.2,,1.0,nan,,沪深300指数×80%+中证综合债券指数×20%,L,混合型,混合型,,20120917,20120917,E,L
164810.SZ,工银瑞信纯债定开债券,工银瑞信基金管理有限公司,交通银行股份有限公司,债券型,20120621,,20120920,20120521,nan,48.0881,0.6,0.2,,1.0,0.1,,中债-信用债总全价(总值)指数收益率×90%+中债-金融债券总全价(总值)指数收益率×10%,L,债券型,债券型,,20150623,20150623,E,L
161117.SZ,易方达永旭添利定开债券,易方达基金管理有限公司,中国工商银行股份有限公司,债券型,20120619,,20120718,20120604,nan,16.8531,0.4,0.1,,1.0,0.1,,中债-新综合全价(1-3年)指数收益率×100%,L,债券型,债券型,,20140619,20140619,E,L
162511.SZ,国联安双佳信用债券(LOF),国联安基金管理有限公司,中国光大银行股份有限公司,债券型,20120604,,nan,20120507,nan,16.3994,0.3,0.1,,1.0,0.1,,中债-信用债总全价(总值)指数收益率×95%+活期存款基准利率×5%,L,nan,债券型,,20150916,20150612,E,L
160128.SZ,南方金利定开债券-A,南方基金管理股份有限公司,中国工商银行股份有限公司,债券型,20120517,,20120716,20120411,nan,9.5365,0.5,0.15,,1.0,0.1,,中债-信用债总全价(总值)指数收益率×100%,L,债券型,债券型,,20150518,20150518,E,L
163821.SZ,中银沪深300等权重指数(LOF),中银基金管理有限公司,招商银行股份有限公司,股票型,20120517,,20120713,20120409,nan,14.908,0.75,0.15,,1.0,0.1,,同业存款利息率×5%+沪深300等权重指数×95%,L,被动指数型,股票型,,20120713,20120713,E,L
160806.SZ,长盛同庆中证800指数(LOF)-A,长盛基金管理有限公司,中国建设银行股份有限公司,股票型,20120512,,20150806,nan,nan,nan,1.0,0.2,,1.0,nan,,中证800指数收益率×95%+一年期银行定期存款利率(税后)×5%,L,被动指数型,股票型,,20120515,20120515,E,L
165516.SZ,中信保诚周期轮动混合(LOF)-A,中信保诚基金管理有限公司,中国银行股份有限公司,混合型,20120507,,20121105,20120314,nan,3.0849,1.2,0.2,,1.0,0.1,,沪深300指数×80%+中证综合债券指数×20%,L,混合型,混合型,,20120621,20120621,E,L
159919.SZ,嘉实沪深300ETF,嘉实基金管理有限公司,中国银行股份有限公司,股票型,20120507,,20120528,20120405,nan,193.3331,0.15,0.05,,1.0,0.1,,沪深300指数×100%,L,被动指数型,股票型,,20120528,20120528,E,L
166105.SZ,信澳鑫安债券(LOF)-A,信达澳亚基金管理有限公司,中国建设银行股份有限公司,债券型,20120507,,20150604,20120416,nan,nan,0.6,0.2,,1.0,0.1,,中债总财富(总值)指数收益率×80%+沪深300指数收益率×15%+金融机构人民币活期存款基准利率(税后)×5%,L,债券型,债券型,,20150515,20150515,E,L
510300.SH,华泰柏瑞沪深300ETF,华泰柏瑞基金管理有限公司,中国工商银行股份有限公司,股票型,20120504,,20120528,20120405,nan,329.6863,0.15,0.05,,1.0,0.1,,沪深300指数×100%,L,被动指数型,股票型,,20120528,20120528,E,L
160216.SZ,国泰大宗商品配置(QDII-LOF-FOF)-A,国泰基金管理有限公司,中国建设银行股份有限公司,其他,20120503,,20150407,20120326,nan,3.0929,1.5,0.35,,1.0,0.1,,国泰大宗商品配置指数(全收益指数)×100%,L,股票型,其他型,,20120606,20120606,E,L
161505.SZ,银河通利债券(LOF)-A,银河基金管理有限公司,北京银行股份有限公司,债券型,20120425,,20140523,20120315,nan,nan,0.3,0.1,,1.0,0.1,,中债综合指数-全价指数×100%,L,债券型,债券型,,20140523,20140523,E,L
165517.SZ,中信保诚双盈债券(LOF)-A,中信保诚基金管理有限公司,中国银行股份有限公司,债券型,20120413,,20150423,20120326,nan,3.6448,0.5,0.15,,1.0,0.1,,中证综合债券指数×100%,L,债券型,债券型,,20150423,20150423,E,L
510410.SH,博时上证自然资源ETF,博时基金管理有限公司,中国建设银行股份有限公司,股票型,20120410,,20120511,20120305,nan,9.1026,0.5,0.1,,1.0,0.1,,上证自然资源指数×100%,L,被动指数型,股票型,,20120511,20120511,E,L
163412.SZ,兴全轻资产投资混合(LOF),兴证全球基金管理有限公司,招商银行股份有限公司,混合型,20120405,,20120531,20120227,nan,9.9393,1.2,0.2,,1.0,0.1,,沪深300指数×80%+中证国债指数×20%,L,混合型,混合型,,20120531,20120531,E,L
166011.SZ,中欧盛世成长混合(LOF)-A,中欧基金管理有限公司,广发银行股份有限公司,混合型,20120329,,20150421,20120215,nan,nan,1.2,0.2,,1.0,0.1,,沪深300指数×75%+中证全债指数×25%,L,混合型,混合型,,20120427,20120427,E,L
160416.SZ,华安标普全球石油指数(QDII-LOF)-A,华安基金管理有限公司,中国建设银行股份有限公司,股票型,20120329,,20120502,20120227,nan,5.2906,0.8,0.2,,1.0,0.1,,标普全球石油净总收益指数×100%,L,被动指数型,股票型,,20120502,20120502,E,L
159918.SZ,嘉实中创400ETF,嘉实基金管理有限公司,中国工商银行股份有限公司,股票型,20120322,,20120511,20120220,nan,2.8656,0.5,0.1,,1.0,0.1,,中小板创业板400指数×100%,L,被动指数型,股票型,,20120511,20120511,E,L
163819.SZ,中银信用增利债券(LOF)-A,中银基金管理有限公司,中信银行股份有限公司,债券型,20120312,,20120718,20120130,nan,22.0776,0.4,0.1,,1.0,0.1,,中债-国债总指数-全价指数×20%+中债-企业债总指数-全价指数×80%,L,债券型,债券型,,20150312,20150312,E,L
162105.SZ,金鹰持久增利债券(LOF)-C,金鹰基金管理有限公司,中国邮政储蓄银行股份有限公司,债券型,20120309,,20150320,20120220,nan,4.8846,0.7,0.2,,1.0,0.1,,中债-综合财富(总值)指数收益率×80%+沪深300指数收益率×20%,L,债券型,债券型,,20150320,20150320,E,L
161614.SZ,融通四季添利债券(LOF)-A,融通基金管理有限公司,中国工商银行股份有限公司,债券型,20120301,,20120406,20120116,nan,12.8176,0.6,0.2,,1.0,0.1,,中债-综合指数×100%,L,债券型,债券型,,20140303,20140303,E,L
165513.SZ,中信保诚全球商品主题(QDII-LOF-FOF)-A,中信保诚基金管理有限公司,中国银行股份有限公司,其他,20111220,,20120113,20111109,nan,2.9485,1.75,0.3,,1.0,0.1,,中证CME中国商品消费指数(人民币)收益率×100%,L,混合型,其他型,,20120109,20120109,E,L
161219.SZ,国投瑞银新兴产业混合(LOF)-A,国投瑞银基金管理有限公司,中国建设银行股份有限公司,混合型,20111213,,20120116,20111110,nan,6.5004,1.2,0.2,,1.0,0.1,,中债-总指数×45%+中证新兴产业指数×55%,L,灵活配置型,混合型,,20120116,20120116,E,L
166401.SZ,浦银稳健增利债券(LOF)-C,浦银基金管理有限公司,上海银行股份有限公司,债券型,20111213,,20150108,20111107,nan,nan,0.3,0.1,,1.0,0.1,,中债综合(全价)指数收益率×85%+中证可转换债券指数收益率×5%+银行活期存款利率(税后)×10%,L,债券型,债券型,,20150108,20150108,E,L
160618.SZ,鹏华丰泽债券(LOF)-C,鹏华基金管理有限公司,中国邮政储蓄银行股份有限公司,债券型,20111208,,20141225,20111102,nan,28.9841,0.5,0.1,,1.0,0.1,,中债-总指数×100%,L,债券型,债券型,,20150106,20150106,E,L
164208.SZ,天弘丰利债券(LOF)-E,天弘基金管理有限公司,中国邮政储蓄银行股份有限公司,债券型,20111123,,20141203,20111024,nan,16.6791,0.3,0.1,,1.0,0.1,,中债-综合指数×100%,L,债券型,债券型,,20141205,20141205,E,L
161017.SZ,富国中证500指数增强(LOF)-A,富国基金管理有限公司,中国农业银行股份有限公司,股票型,20111012,,20111021,20110909,nan,4.5549,1.0,0.15,,1.0,0.1,,中证小盘500指数×95%+1%,L,增强指数型,股票型,,20111021,20111021,E,L
162411.SZ,华宝标普石油天然气上游股票指数(QDII-LOF)-A-CNY,华宝基金管理有限公司,中国建设银行股份有限公司,股票型,20110929,,20120608,20110905,nan,3.7324,1.0,0.2,,1.0,0.1,,标普石油天然气上游股票指数(全收益指数)×100%,L,被动指数型,股票型,,20111025,20111025,E,L
163208.SZ,诺安油气能源股票(QDII-LOF-FOF),诺安基金管理有限公司,招商银行股份有限公司,股票型,20110927,,20150217,20110829,nan,9.5103,1.2,0.2,,1.0,0.1,,标普能源行业指数(净收益)×100%,L,股票型,股票型,,20111110,20111110,E,L
159913.SZ,交银深证300价值ETF,交银施罗德基金管理有限公司,中国农业银行股份有限公司,股票型,20110922,,20111025,20110829,nan,3.3233,0.5,0.1,,1.0,0.1,,深证300价值价格指数×100%,L,被动指数型,股票型,,20111025,20111025,E,L
164606.SZ,华泰柏瑞信用增利债券(LOF)-A,华泰柏瑞基金管理有限公司,中国银行股份有限公司,债券型,20110922,,20111212,20110725,nan,2.1195,0.3,0.1,,1.0,0.1,,中债综合指数×100%,L,债券型,债券型,,20140922,20140922,E,L
159915.SZ,易方达创业板ETF,易方达基金管理有限公司,中国工商银行股份有限公司,股票型,20110920,,20111209,20110815,nan,5.6168,0.15,0.05,,1.0,0.1,,创业板指数P×100%,L,被动指数型,股票型,,20111209,20111209,E,L
510290.SH,南方上证380ETF,南方基金管理股份有限公司,中国建设银行股份有限公司,股票型,20110916,,20111108,20110822,nan,3.3045,0.5,0.1,,1.0,0.1,,上证380指数×100%,L,被动指数型,股票型,,20111108,20111108,E,L
159912.SZ,汇添富深证300ETF,汇添富基金管理股份有限公司,中国工商银行股份有限公司,股票型,20110916,,20111124,20110815,nan,5.2155,0.5,0.1,,1.0,0.1,,深证300价格指数×100%,L,被动指数型,股票型,,20111124,20111124,E,L
159916.SZ,建信深证基本面60ETF,建信基金管理有限责任公司,中国民生银行股份有限公司,股票型,20110908,,20111024,20110808,nan,3.8923,0.5,0.1,,1.0,0.1,,深证基本面60指数×100%,L,被动指数型,股票型,,20111024,20111024,E,L
164701.SZ,汇添富黄金及贵金属(QDII-LOF-FOF)-A,汇添富基金管理股份有限公司,中国工商银行股份有限公司,其他,20110831,,20120301,20110725,nan,6.1481,1.0,0.2,,1.0,0.1,,伦敦金价格折成人民币后的收益率×100%,L,股票型,其他型,,20110922,20110922,E,L
162712.SZ,广发聚利债券(LOF)-A,广发基金管理有限公司,中国建设银行股份有限公司,债券型,20110805,,20111027,20110704,nan,3.3575,0.6,0.2,,1.0,0.1,,中证全债指数×100%,L,债券型,债券型,,20140805,20140805,E,L
160719.SZ,嘉实黄金(QDII-LOF-FOF),嘉实基金管理有限公司,中国工商银行股份有限公司,其他,20110804,,20120210,20110704,nan,5.6803,1.0,0.26,,1.0,0.1,,伦敦金价格折成人民币后的收益率×100%,L,股票型,其他型,,20110915,20110915,E,L
165512.SZ,中信保诚新机遇混合(LOF),中信保诚基金管理有限公司,中国建设银行股份有限公司,混合型,20110801,,20110916,20110629,nan,4.2422,1.2,0.2,,1.0,0.1,,沪深300指数×80%+中证综合债券指数×20%,L,混合型,混合型,,20110916,20110916,E,L
159910.SZ,嘉实深证基本面120ETF,嘉实基金管理有限公司,中国银行股份有限公司,股票型,20110801,,20110927,20110701,nan,4.8591,0.5,0.1,,1.0,0.1,,深证基本面120指数×100%,L,被动指数型,股票型,,20110927,20110927,E,L
161217.SZ,国投瑞银中证上游资源产业指数(LOF)-A,国投瑞银基金管理有限公司,中国工商银行股份有限公司,股票型,20110721,,20110829,20110620,nan,7.2639,0.6,0.13,,1.0,0.1,,活期存款利率(税后)×5%+中证上游资源产业指数×95%,L,被动指数型,股票型,,20110829,20110829,E,L
159909.SZ,招商深证电子信息传媒产业(TMT)50ETF,招商基金管理有限公司,中国银行股份有限公司,股票型,20110627,,20110901,20110516,nan,3.472,0.5,0.1,,1.0,0.1,,深证电子信息传媒产业50指数(深证TMT50P)×100%,L,被动指数型,股票型,,20110901,20110901,E,L
165311.SZ,建信信用增强债券(LOF)-A,建信基金管理有限责任公司,交通银行股份有限公司,债券型,20110616,,20110909,20110516,nan,7.6126,0.3,0.1,,1.0,0.1,,中债-高等级信用债财富(总值)指数收益率×97%+中证可转换债券指数收益率×3%,L,债券型,债券型,,20140616,20140616,E,L
163110.SZ,申万菱信量化小盘股票(LOF)-A,申万菱信基金管理有限公司,中国工商银行股份有限公司,股票型,20110616,,20110801,20110516,nan,5.1299,1.2,0.2,,1.0,0.1,,同业存款利息率×10%+中证小盘500指数×90%,L,股票型,股票型,,20110801,20110801,E,L
510270.SH,中银上证国有企业100ETF,中银基金管理有限公司,招商银行股份有限公司,股票型,20110616,,20110818,20110516,nan,4.8577,0.5,0.1,,1.0,0.1,,上证国有企业100指数×100%,L,被动指数型,股票型,,20110818,20110818,E,L
160513.SZ,博时稳健回报债券(LOF)-A,博时基金管理有限公司,招商银行股份有限公司,债券型,20110610,,20140701,20110525,nan,40.0183,0.6,0.15,,1.0,0.1,,中证全债指数×100%,L,债券型,债券型,,20140701,20140701,E,L
159907.SZ,广发国证2000ETF,广发基金管理有限公司,中国农业银行股份有限公司,股票型,20110603,,20110810,20110503,nan,7.1829,0.5,0.1,,1.0,0.1,,国证2000指数×100%,L,被动指数型,股票型,,20110810,20110810,E,L
161908.SZ,万家添利债券(LOF)-C,万家基金管理有限公司,中国邮政储蓄银行股份有限公司,债券型,20110602,,20140616,20110516,nan,26.3562,0.4,0.15,,1.0,0.1,,中债-总指数×100%,L,债券型,债券型,,20140606,20140606,E,L
161015.SZ,富国天盈债券(LOF)-C,富国基金管理有限公司,中国工商银行股份有限公司,债券型,20110523,,20140604,20110516,nan,35.0472,0.7,0.2,,1.0,0.1,,中债-综合指数×100%,L,债券型,债券型,,20140604,20140604,E,L
163409.SZ,兴全绿色投资混合(LOF),兴证全球基金管理有限公司,中国工商银行股份有限公司,混合型,20110506,,20110707,20110406,nan,20.224,1.2,0.2,,1.0,0.1,,中证兴业证券ESG盈利100指数收益率×80%+中证国债指数收益率×20%,L,混合型,混合型,,20110707,20110707,E,L
161116.SZ,易方达黄金主题(QDII-LOF-FOF)-A-CNY,易方达基金管理有限公司,中国农业银行股份有限公司,其他,20110506,,20111108,20110401,nan,26.5704,1.0,0.2,,1.0,0.1,,伦敦黄金市场下午定盘价计价的国际现货黄金×95%+活期存款基准利率×5%,L,股票型,其他型,,20110721,20110721,E,L
160512.SZ,博时卓越品牌混合(LOF)-A,博时基金管理有限公司,中国工商银行股份有限公司,混合型,20110422,,20110630,nan,nan,nan,1.2,0.2,,1.0,nan,,沪深300指数×80%+中证全债指数×20%,L,混合型,混合型,,20110630,20110630,E,L
510230.SH,国泰上证180金融ETF,国泰基金管理有限公司,中国银行股份有限公司,股票型,20110331,,20110523,20110301,nan,5.6604,0.5,0.1,,1.0,0.1,,上证180金融股指数×100%,L,被动指数型,股票型,,20110523,20110523,E,L
161216.SZ,国投瑞银双债增利债券(LOF)-A,国投瑞银基金管理有限公司,中国建设银行股份有限公司,债券型,20110329,,20110520,20110224,nan,12.3762,0.7,0.2,,1.0,0.1,,标普中国可转债指数×45%+中债-国债总指数×10%+中债-企业债总指数-全价指数×45%,L,债券型,债券型,,20140331,20140331,E,L
166009.SZ,中欧新动力混合(LOF)-A,中欧基金管理有限公司,中国光大银行股份有限公司,混合型,20110210,,20110429,20110106,nan,4.0186,1.2,0.2,,1.0,0.1,,沪深300指数×75%+中证全债指数×25%,L,混合型,混合型,,20110429,20110429,E,L
164808.SZ,工银瑞信四季收益债券(LOF)-A,工银瑞信基金管理有限公司,中国农业银行股份有限公司,债券型,20110210,,20110328,20110111,nan,24.0346,0.3,0.1,,1.0,0.1,,中债信用债(财富)总指数收益率×80%+中债国开行债券(1~3年)总财富指数收益率×20%,L,债券型,债券型,,20140210,20140210,E,L
510210.SH,富国上证综指ETF,富国基金管理有限公司,中国工商银行股份有限公司,股票型,20110130,,20110325,20110105,nan,3.2036,0.5,0.1,,1.0,0.1,,上海证券交易所综合指数×100%,L,被动指数型,股票型,,20110325,20110325,E,L
164902.SZ,交银信用添利债券(LOF)-A,交银施罗德基金管理有限公司,中国农业银行股份有限公司,债券型,20110127,,20110420,20110106,nan,18.9509,0.6,0.2,,1.0,0.1,,中债-国债总指数-全价指数×20%+中债-企业债总指数-全价指数×80%,L,债券型,债券型,,20140128,20140128,E,L
159906.SZ,大成深证成长40ETF,大成基金管理有限公司,中国农业银行股份有限公司,股票型,20101221,,20110223,20101123,nan,4.9864,0.5,0.1,,1.0,0.1,,深证成长40价格指数×100%,L,被动指数型,股票型,,20110223,20110223,E,L
510150.SH,招商上证消费80ETF,招商基金管理有限公司,中国工商银行股份有限公司,股票型,20101208,,20110225,20101104,nan,6.8553,0.5,0.1,,1.0,0.1,,上证消费80指数×100%,L,被动指数型,股票型,,20110225,20110225,E,L
161815.SZ,银华抗通胀主题(QDII-LOF-FOF)-A,银华基金管理股份有限公司,中国建设银行股份有限公司,其他,20101206,,20101220,20101101,nan,6.9093,1.8,0.35,,1.0,0.1,,标普高盛商品总指数收益率×100%,L,主题型,其他型,,20110119,20110119,E,L
166008.SZ,中欧增强回报债券(LOF)-A,中欧基金管理有限公司,广发银行股份有限公司,债券型,20101202,,20110218,20101101,nan,23.7429,0.3,0.08,,1.0,0.1,,中债-1-5年债券综合全价(总值)指数收益率×90%+中证可转换债券指数收益率×10%,L,债券型,债券型,,20111202,20111202,E,L
160617.SZ,鹏华丰润债券(LOF),鹏华基金管理有限公司,中国建设银行股份有限公司,债券型,20101202,,20101216,20101103,nan,13.3559,0.2,0.1,,1.0,0.1,,中债-综合指数×100%,L,债券型,债券型,,20131202,20131202,E,L
510170.SH,国联安上证大宗商品股票ETF,国联安基金管理有限公司,中国银行股份有限公司,股票型,20101126,,20110125,20101101,nan,9.4211,0.6,0.1,,1.0,0.1,,上证大宗商品股票指数×100%,L,被动指数型,股票型,,20110125,20110125,E,L
510190.SH,华安上证50ETF,华安基金管理有限公司,中国工商银行股份有限公司,股票型,20101118,,20110110,20101025,nan,11.3035,0.15,0.05,,1.0,0.1,,上证50指数收益率×100%,L,被动指数型,股票型,,20110110,20110110,E,L
161115.SZ,易方达岁丰添利债券(LOF)-A,易方达基金管理有限公司,中国银行股份有限公司,债券型,20101109,,20101203,20101101,nan,26.7911,0.3,0.1,,1.0,0.1,,中债新综合财富指数×100%,L,债券型,债券型,,20131111,20131111,E,L
159905.SZ,工银瑞信深证红利ETF,工银瑞信基金管理有限公司,中国农业银行股份有限公司,股票型,20101105,,20110111,20101018,nan,6.0744,0.5,0.1,,1.0,0.1,,深证红利价格指数×100%,L,被动指数型,股票型,,20110111,20110111,E,L
163407.SZ,兴全沪深300指数增强(LOF)-A,兴证全球基金管理有限公司,中国农业银行股份有限公司,股票型,20101102,,20110119,20101012,nan,29.5548,0.8,0.15,,1.0,0.1,,同业存款利息率×5%+沪深300指数×95%,L,增强指数型,股票型,,20110107,20110107,E,L
160717.SZ,嘉实恒生中国企业指数(QDII-LOF),嘉实基金管理有限公司,中国建设银行股份有限公司,股票型,20100930,,20101028,20100830,nan,10.1685,0.75,0.2,,1.0,0.1,,恒生中国企业指数×100%,L,被动指数型,股票型,,20101028,20101028,E,L
165509.SZ,中信保诚增强收益债券(LOF)-A,中信保诚基金管理有限公司,中国建设银行股份有限公司,债券型,20100929,,20101108,20100913,nan,22.6607,0.7,0.2,,1.0,0.1,,中证综合债券指数×100%,L,债券型,债券型,,20130930,20130930,E,L
164105.SZ,华富强化回报债券(LOF),华富基金管理有限公司,中国建设银行股份有限公司,债券型,20100908,,20101011,20100901,nan,19.9921,0.6,0.2,,1.0,0.1,,中债-新综合财富(1-3年)指数收益率×85%+中证可转换债券指数收益率×10%+活期存款基准利率×5%,L,债券型,债券型,,20130909,20130909,E,L
510160.SH,南方中证南方小康产业ETF,南方基金管理股份有限公司,中国工商银行股份有限公司,股票型,20100827,,20101101,20100726,nan,6.568,0.5,0.1,,1.0,0.1,,中证南方小康产业指数×100%,L,被动指数型,股票型,,20101101,20101101,E,L
160215.SZ,国泰价值经典灵活配置混合(LOF),国泰基金管理有限公司,中国建设银行股份有限公司,混合型,20100813,,20100913,20100705,nan,12.7686,1.2,0.2,,1.0,0.1,,沪深300指数×60%+中证全债指数×40%,L,灵活配置型,混合型,,20100913,20100913,E,L
160807.SZ,长盛沪深300指数(LOF)-A,长盛基金管理有限公司,招商银行股份有限公司,股票型,20100804,,20100906,20100628,nan,8.9892,0.75,0.15,,1.0,0.1,,一年定期存款利率(税后)×5%+沪深300指数×95%,L,被动指数型,股票型,,20100906,20100906,E,L
165508.SZ,中信保诚深度价值混合(LOF),中信保诚基金管理有限公司,中国建设银行股份有限公司,混合型,20100730,,20100920,20100621,nan,5.2414,1.2,0.2,,1.0,0.1,,上海证券交易所180成份指数×80%+中证综合债券指数×20%,L,混合型,混合型,,20100927,20100927,E,L
161713.SZ,招商信用添利债券(LOF)-A,招商基金管理有限公司,中国农业银行股份有限公司,债券型,20100625,,20100730,20100601,nan,21.1664,0.4,0.1,,1.0,0.1,,中债-高等级信用债财富(总值)指数收益率×85%+中证可转换债券指数收益率×10%+活期存款基准利率×5%,L,债券型,债券型,,20150730,20150730,E,L
510090.SH,建信上证社会责任ETF,建信基金管理有限责任公司,中国工商银行股份有限公司,股票型,20100528,,20100809,20100421,nan,4.1961,0.5,0.1,,1.0,0.1,,上证社会责任指数×100%,L,被动指数型,股票型,,20100809,20100809,E,L
510030.SH,华宝上证180价值ETF,华宝基金管理有限公司,中国工商银行股份有限公司,股票型,20100423,,20100528,20100322,nan,21.0918,0.5,0.1,,1.0,0.1,,上证180价值指数×100%,L,被动指数型,股票型,,20100528,20100528,E,L
161211.SZ,国投瑞银沪深300金融地产ETF联接,国投瑞银基金管理有限公司,中国工商银行股份有限公司,股票型,20100409,,20100608,20100308,20131104,17.2317,0.6,0.13,,1.0,0.1,,活期存款利率(税后)×5%+沪深300金融地产指数×95%,L,nan,股票型,,20100510,20100510,E,L
510130.SH,易方达上证中盘ETF,易方达基金管理有限公司,中国工商银行股份有限公司,股票型,20100329,,20100623,20100225,nan,27.5248,0.15,0.05,,1.0,0.1,,上证中盘指数×100%,L,被动指数型,股票型,,20100623,20100623,E,L
160212.SZ,国泰估值优势混合(LOF)-A,国泰基金管理有限公司,中国工商银行股份有限公司,混合型,20100210,,20130227,20100118,nan,8.431,1.2,0.2,,1.0,0.1,,沪深300指数×80%+中证全债指数×20%,L,混合型,混合型,,20130227,20130227,E,L
160616.SZ,鹏华中证500指数(LOF)-A,鹏华基金管理有限公司,中国工商银行股份有限公司,股票型,20100205,,20100428,20100104,nan,26.3072,0.75,0.15,,1.0,0.1,,中证500指数收益率×95%+银行活期存款利率(税后)×5%,L,被动指数型,股票型,,20100428,20100428,E,L
160716.SZ,嘉实中证锐联基本面50指数(LOF)-A,嘉实基金管理有限公司,中国工商银行股份有限公司,股票型,20091230,,20100210,20091210,nan,34.3703,1.0,0.18,,1.0,0.1,,同业存款利息率×5%+中证锐联基本面50指数×95%,L,被动指数型,股票型,,20100210,20100210,E,L
510020.SH,博时上证超级大盘ETF,博时基金管理有限公司,中国建设银行股份有限公司,股票型,20091229,,20100319,20091207,nan,14.0675,0.5,0.1,,1.0,0.1,,上证超级大盘指数×100%,L,被动指数型,股票型,,20100319,20100319,E,L
159903.SZ,南方深证成份ETF,南方基金管理股份有限公司,中国工商银行股份有限公司,股票型,20091204,,20100202,20091109,nan,41.2754,0.5,0.1,,1.0,0.1,,深圳证券交易所成份指数×100%,L,被动指数型,股票型,,20100202,20100202,E,L
162711.SZ,广发中证500ETF联接(LOF)-A,广发基金管理有限公司,中国工商银行股份有限公司,股票型,20091126,,20100108,20091022,nan,86.358,0.5,0.1,,1.0,0.1,,活期存款利率(税后)×5%+中证小盘500指数×95%,L,被动指数型,股票型,,20100108,20100108,E,L
165309.SZ,建信沪深300指数(LOF),建信基金管理有限责任公司,中国工商银行股份有限公司,股票型,20091105,,20091130,20090921,nan,53.2641,0.75,0.15,,1.0,0.1,,活期存款利率(税后)×5%+沪深300指数×95%,L,被动指数型,股票型,,20091130,20091130,E,L
162307.SZ,海富通中证A100指数(LOF)-A,海富通基金管理有限公司,中国银行股份有限公司,股票型,20091030,,20100108,20090908,nan,20.8715,0.7,0.12,,1.0,0.1,,活期存款利率(税后)×5%+中证A100指数×95%,L,被动指数型,股票型,,20100108,20100108,E,L
160211.SZ,国泰中小盘成长混合(LOF),国泰基金管理有限公司,中国建设银行股份有限公司,混合型,20091019,,20100107,nan,nan,nan,1.2,0.2,,1.0,nan,,中证500指数收益率×80%+中证全债指数收益率×15%+活期存款基准利率×5%,L,混合型,混合型,,20100107,20100107,E,L
160119.SZ,南方中证500ETF联接(LOF)-A,南方基金管理股份有限公司,中国农业银行股份有限公司,股票型,20090925,,20091111,20090820,nan,32.2322,0.15,0.05,,1.0,0.1,,活期存款利率(税后)×5%+中证小盘500指数×95%,L,被动指数型,股票型,,20091111,20091111,E,L
510010.SH,交银上证180公司治理ETF,交银施罗德基金管理有限公司,中国农业银行股份有限公司,股票型,20090925,,20091215,20090831,nan,10.0928,0.5,0.1,,1.0,0.1,,上证180公司治理指数×100%,L,被动指数型,股票型,,20091215,20091215,E,L
510060.SH,工银瑞信上证中央企业50ETF,工银瑞信基金管理有限公司,招商银行股份有限公司,股票型,20090826,,20091027,20090720,nan,45.3377,0.5,0.1,,1.0,0.1,,上证中央企业50指数×100%,L,被动指数型,股票型,,20091027,20091027,E,L
161810.SZ,银华内需精选混合(LOF)-A,银华基金管理股份有限公司,中国农业银行股份有限公司,混合型,20090701,,20091016,nan,nan,nan,1.2,0.2,,1.0,nan,,沪深300指数收益率×80%+上证国债指数收益率×20%,L,混合型,混合型,,20090930,20090930,E,L
160615.SZ,鹏华沪深300ETF联接(LOF)-A,鹏华基金管理有限公司,中国工商银行股份有限公司,股票型,20090403,,20090508,20090302,nan,19.9443,0.15,0.05,,1.0,0.1,,沪深300指数收益率×95%+银行活期存款利率(税后)×5%,L,被动指数型,股票型,,20090508,20090508,E,L
161010.SZ,富国天丰强化收益债券(LOF)-A,富国基金管理有限公司,中国建设银行股份有限公司,债券型,20081024,,20081208,20081015,nan,19.9814,0.6,0.2,,1.0,0.1,,中债-0-10年国债及政策性金融债财富(总值)指数收益率×70%+中证可转换债券指数收益率×30%,L,强化收益型,债券型,,20111024,20111024,E,L
160613.SZ,鹏华盛世创新混合(LOF)-A,鹏华基金管理有限公司,中国建设银行股份有限公司,混合型,20081010,,20081110,20080901,nan,11.4534,1.2,0.2,,1.0,0.1,,沪深300指数×75%+中证综合债券指数×25%,L,混合型,混合型,,20081110,20081110,E,L
160314.SZ,华夏行业精选混合(LOF),华夏基金管理有限公司,中国银行股份有限公司,混合型,20071122,,20080114,nan,nan,nan,1.2,0.2,,1.0,nan,,中证800成长指数收益率×85%+上证国债指数收益率×15%,L,混合型,混合型,,20090114,20080114,E,L
160910.SZ,大成创新成长混合(LOF)-A,大成基金管理有限公司,中国农业银行股份有限公司,混合型,20070612,,20071025,nan,nan,nan,1.2,0.2,,1.0,nan,,中债-总指数×30%+沪深300指数×70%,L,混合型,混合型,,20070718,20070718,E,L
161610.SZ,融通领先成长混合(LOF)-A,融通基金管理有限公司,中国建设银行股份有限公司,混合型,20070430,,20070718,nan,nan,nan,1.2,0.2,,1.0,nan,,沪深300指数×80%+中债-综合指数-全价指数×20%,L,混合型,混合型,,20070625,20070625,E,L
160611.SZ,鹏华优质治理混合(LOF)-A,鹏华基金管理有限公司,中国工商银行股份有限公司,混合型,20070425,,20070718,nan,nan,nan,1.2,0.2,,1.0,nan,,沪深300指数×75%+中证综合债券指数×25%,L,混合型,混合型,,20070620,20070718,E,L
160311.SZ,华夏蓝筹核心混合(LOF)-A,华夏基金管理有限公司,交通银行股份有限公司,混合型,20070424,,20070528,nan,nan,nan,1.2,0.2,,1.0,nan,,上海证券交易所国债指数×40%+沪深300指数×60%,L,混合型,混合型,,20070530,20070528,E,L
162006.SZ,长城久富核心成长混合(LOF)-A,长城基金管理有限公司,交通银行股份有限公司,混合型,20070212,,20070518,nan,nan,nan,1.2,0.2,,1.0,nan,,沪深300指数收益率×75%+中证综合债指数收益率×25%,L,混合型,混合型,,20070319,20070518,E,L
166001.SZ,中欧新趋势混合(LOF)-A,中欧基金管理有限公司,兴业银行股份有限公司,混合型,20070129,,20070423,20070104,nan,68.747,1.2,0.2,,1.0,0.1,,富时中国A600指数×80%+富时中国国债指数(FTSE Chinese Government Bond Index)×20%,L,混合型,混合型,,20070423,20070423,E,L
160610.SZ,鹏华动力增长混合(LOF),鹏华基金管理有限公司,中国农业银行股份有限公司,混合型,20070109,,20070309,20061208,nan,110.2273,1.2,0.2,,1.0,0.1,,中证A500指数收益率×75%+中债-综合财富(总值)指数收益率×20%+活期存款基准利率×5%,L,混合型,混合型,,20070309,20070309,E,L
160805.SZ,长盛同智优势成长混合(LOF),长盛基金管理有限公司,中国银行股份有限公司,混合型,20070105,,20070216,nan,nan,nan,1.2,0.2,,1.0,nan,,上海证券交易所国债指数×30%+一年定期存款利率×5%+沪深300指数×65%,L,成长型,混合型,,20070216,20070216,E,L
510880.SH,华泰柏瑞上证红利ETF,华泰柏瑞基金管理有限公司,招商银行股份有限公司,股票型,20061117,,20070118,20061030,nan,22.2299,0.5,0.1,,1.0,0.1,,上海证券交易所上证红利指数×100%,L,被动指数型,股票型,,20070118,20070118,E,L
160607.SZ,鹏华价值优势混合(LOF),鹏华基金管理有限公司,中国建设银行股份有限公司,混合型,20060718,,20060918,20060612,nan,18.7675,1.2,0.2,,1.0,0.1,,沪深300指数×70%+中证综合债券指数×30%,L,混合型,混合型,,20060816,20060918,E,L
159902.SZ,华夏中小企业100ETF,华夏基金管理有限公司,中国建设银行股份有限公司,股票型,20060608,,20060905,20060522,nan,39.6597,0.5,0.1,,1.0,0.1,,中小企业100指数×100%,L,被动指数型,股票型,,20060911,20060911,E,L
162207.SZ,宏利效率优选混合(LOF),宏利基金管理有限公司,中国建设银行股份有限公司,混合型,20060512,,20060721,20060330,nan,43.3467,1.2,0.2,,1.0,0.1,,沪深300指数收益率×65%+中债-综合财富(1-3年)指数收益率×30%+活期存款基准利率×5%,L,混合型,混合型,,20060522,20060721,E,L
510180.SH,华安上证180ETF,华安基金管理有限公司,中国建设银行股份有限公司,股票型,20060413,,20060518,20060309,nan,10.7282,0.15,0.05,,1.0,0.1,,上海证券交易所180成份指数×100%,L,被动指数型,股票型,,20060518,20060518,E,L
159901.SZ,易方达深证100ETF,易方达基金管理有限公司,中国银行股份有限公司,股票型,20060324,,20060424,20060221,nan,51.5774,0.15,0.05,,1.0,0.1,,深证100指数(价格)×100%,L,被动指数型,股票型,,20060424,20060424,E,L
162607.SZ,景顺长城资源垄断混合(LOF)-A,景顺长城基金管理有限公司,中国农业银行股份有限公司,混合型,20060126,,20060407,20051219,nan,11.5523,1.2,0.2,,1.0,0.1,,中债-总指数×20%+沪深300指数×80%,L,混合型,混合型,,20060215,20060407,E,L
163503.SZ,天治核心成长混合(LOF),天治基金管理有限公司,交通银行股份有限公司,混合型,20060120,,20070730,20051121,nan,3.1349,1.2,0.2,,1.0,0.1,,富时中国A股自由流通全盘指数×75%+富时中国国债指数×25%,L,混合型,混合型,,20060215,20060331,E,L
161706.SZ,招商优质成长混合(LOF),招商基金管理有限公司,中信银行股份有限公司,混合型,20051117,,20051209,20051010,nan,6.5341,1.2,0.2,,1.0,0.1,,同业存款利息率×5%+沪深300指数×95%,L,混合型,混合型,,20051209,20051209,E,L
161005.SZ,富国天惠精选成长混合(LOF)-A,富国基金管理有限公司,中国工商银行股份有限公司,混合型,20051116,,20060216,20050919,nan,5.8431,1.2,0.2,,1.0,0.1,,同业存款利息率×5%+沪深300指数×70%+中债-综合指数-全价指数×25%,L,混合型,混合型,,20051202,20060216,E,L
163402.SZ,兴全趋势投资混合(LOF),兴证全球基金管理有限公司,兴业银行股份有限公司,混合型,20051103,,20060119,20050919,nan,9.2765,1.2,0.2,,1.0,0.1,,沪深300指数收益率×90%+中证国债指数收益率×5%+活期存款基准利率×5%,L,灵活配置型,混合型,,20051207,20060119,E,L
163302.SZ,大摩资源优选混合(LOF),摩根士丹利基金管理(中国)有限公司,中国光大银行股份有限公司,混合型,20050927,,20070705,20050808,nan,3.0957,1.2,0.2,,1.0,0.1,,沪深300指数×70%+标普中国债券指数×30%,L,混合型,混合型,,20051026,20051026,E,L
160706.SZ,嘉实沪深300ETF联接(LOF)-A,嘉实基金管理有限公司,中国银行股份有限公司,股票型,20050829,,20051017,20050705,nan,8.6713,0.15,0.05,,1.0,0.1,,活期存款利率(税后)×5%+沪深300指数×95%,L,被动指数型,股票型,,20051017,20051017,E,L
160106.SZ,南方高增长混合(LOF),南方基金管理股份有限公司,中国银行股份有限公司,混合型,20050713,,20050921,20050520,nan,12.7687,1.2,0.2,,1.0,0.1,,上海证券交易所综合指数×90%+上海证券交易所国债指数×10%,L,混合型,混合型,,20050921,20050921,E,L
161607.SZ,融通巨潮100指数(LOF)-A/B,融通基金管理有限公司,中国工商银行股份有限公司,股票型,20050512,,20050616,20050310,nan,5.1353,1.2,0.2,,1.0,0.1,,同业存款利息率×5%+巨潮100指数×95%,L,增强指数型,股票型,,20050616,20050616,E,L
162605.SZ,景顺长城鼎益混合(LOF)-A,景顺长城基金管理有限公司,中国银行股份有限公司,混合型,20050316,,20050525,20050120,nan,4.4563,1.2,0.2,,1.0,0.1,,沪深300指数×80%+同业存款利息率×20%,L,混合型,混合型,,20050323,20050525,E,L
162703.SZ,广发小盘成长混合(LOF)-A,广发基金管理有限公司,上海浦东发展银行股份有限公司,混合型,20050202,,20050429,20041220,nan,11.7544,1.2,0.2,,1.0,0.1,,天相小市值指数×100%,L,混合型,混合型,,20050314,20050429,E,L
160505.SZ,博时主题行业混合(LOF),博时基金管理有限公司,中国建设银行股份有限公司,混合型,20050106,,20050222,20041122,nan,12.0964,1.2,0.2,,1.0,0.1,,沪深300指数收益率×80%+上证国债指数收益率×20%,L,混合型,混合型,,20050117,20050222,E,L
163801.SZ,中银中国精选混合(LOF)-A,中银基金管理有限公司,中国工商银行股份有限公司,混合型,20050104,,20050223,20041118,nan,10.6341,1.2,0.2,,1.0,0.1,,一年定期存款利率×10%+沪深300指数×70%+中证国债指数×20%,L,稳定型,混合型,,20050223,20050223,E,L
510050.SH,华夏上证50ETF,华夏基金管理有限公司,中国工商银行股份有限公司,股票型,20041230,,20050223,20041129,nan,54.3533,0.15,0.05,,1.0,0.1,,上海证券交易所50成份指数×100%,L,被动指数型,股票型,,20050223,20050223,E,L
160105.SZ,南方积极配置混合(LOF),南方基金管理股份有限公司,中国工商银行股份有限公司,混合型,20041014,,20041220,20040824,nan,35.3558,1.2,0.2,,1.0,0.1,,上海证券交易所综合指数×85%+上海证券交易所国债指数×15%,L,混合型,混合型,,20041220,20041220,E,L
560890.SH,新华中证红利低波动ETF,新华基金管理股份有限公司,华福证券股份有限公司,股票型,20240902,20260212,20240920,20240815,20260401,4.2598,nan,nan,2.0,1.0,0.1,,中证红利低波动指数收益率×100%,D,被动指数型,股票型,,20240920,20240920,E,D
159579.SZ,华安深证主板50ETF,华安基金管理有限公司,华泰证券股份有限公司,股票型,20240705,20250312,20240719,20240513,20250320,2.3087,nan,nan,1.0,1.0,0.1,,深证主板50指数收益率×100%,D,被动指数型,股票型,,20240719,20240719,E,D
562260.SH,海富通中证汽车零部件主题ETF,海富通基金管理有限公司,光大证券股份有限公司,股票型,20240419,20250622,20240510,20240408,20250728,2.6233,nan,nan,1.0,1.0,0.1,,中证汽车零部件主题指数收益率×100%,D,被动指数型,股票型,,20240510,20240510,E,D
159693.SZ,华泰柏瑞中证有色金属矿业主题ETF,华泰柏瑞基金管理有限公司,中国建设银行股份有限公司,股票型,20231130,20240606,20231214,20230825,20240607,2.479,nan,nan,1.0,1.0,0.1,,中证有色金属矿业主题指数收益率×100%,D,被动指数型,股票型,,20231214,20231214,E,D
159522.SZ,景顺长城国证2000ETF,景顺长城基金管理有限公司,广发证券股份有限公司,股票型,20230913,20240821,20231016,20230904,20240828,3.739,nan,nan,1.0,1.0,0.1,,国证2000指数收益率×100%,D,被动指数型,股票型,,20231016,20231016,E,D
159503.SZ,鹏扬国证财富管理ETF,鹏扬基金管理有限公司,华泰证券股份有限公司,股票型,20230629,20240718,20230720,20230608,20240719,3.1078,nan,nan,1.0,1.0,0.1,,国证财富管理指数收益率×100%,D,被动指数型,股票型,,20230720,20230720,E,D
560960.SH,摩根中证碳中和60ETF,摩根基金管理(中国)有限公司,交通银行股份有限公司,股票型,20221229,20250421,20230113,20221212,20250626,3.466,nan,nan,3.0,1.0,0.1,,中证碳中和60指数收益率×100%,D,被动指数型,股票型,,20230113,20230113,E,D
159683.SZ,嘉实中证内地运输主题ETF,嘉实基金管理有限公司,中国银行股份有限公司,股票型,20221229,20250107,20230109,20221219,20250115,4.2912,nan,nan,3.0,1.0,0.1,,中证内地运输主题指数收益率×100%,D,被动指数型,股票型,,20230109,20230109,E,D
561710.SH,博时中证疫苗与生物技术ETF,博时基金管理有限公司,中信建投证券股份有限公司,股票型,20221108,20240725,20221125,20221017,20240920,4.016,nan,nan,2.0,1.0,0.1,,中证疫苗与生物技术指数×100%,D,被动指数型,股票型,,20221125,20221125,E,D
159646.SZ,华泰柏瑞国证疫苗与生物科技ETF,华泰柏瑞基金管理有限公司,中国建设银行股份有限公司,股票型,20220811,20240604,20220822,20220721,20240605,4.9071,nan,nan,2.0,1.0,0.1,,国证疫苗与生物科技指数收益率×100%,D,被动指数型,股票型,,20220822,20220822,E,D
561150.SH,富国中证500ESG基准ETF,富国基金管理有限公司,中国建设银行股份有限公司,股票型,20220728,20221115,20220808,20220426,20221227,2.2949,nan,nan,0.0,1.0,0.1,,中证500ESG基准指数收益率×100%,D,被动指数型,股票型,,20220808,20220808,E,D
560650.SH,民生加银中证企业核心竞争力50ETF,民生加银基金管理有限公司,交通银行股份有限公司,股票型,20220613,20260702,20220627,20220316,20260824,5.0742,nan,nan,4.0,1.0,0.1,,中证企业核心竞争力50指数收益率×100%,D,被动指数型,股票型,,20220627,20220627,E,D
517760.SH,浦银安盛中证沪港深消费龙头ETF,浦银基金管理有限公司,兴业银行股份有限公司,股票型,20220401,20240326,20220419,20211227,20240529,2.5105,nan,nan,2.0,1.0,0.1,,中证沪港深消费龙头指数收益率×100%,D,被动指数型,股票型,,20220419,20220419,E,D
159833.SZ,大成上海金ETF,大成基金管理有限公司,上海浦东发展银行股份有限公司,其他,20220318,20230529,20220329,20211229,20230606,2.1242,nan,nan,1.0,1.0,0.1,,上海黄金交易所上海金集中定价合约午盘基准价格收益率×100%,D,黄金现货合约,其他型,,20220329,20220329,E,D
517780.SH,浦银安盛中华交易服务沪深港300ETF,浦银基金管理有限公司,海通证券股份有限公司,股票型,20220308,20230131,20220318,20211221,20231114,2.4345,nan,nan,1.0,1.0,0.1,,中华交易服务沪深港300指数收益率×100%,D,被动指数型,股票型,,20220318,20220318,E,D
513960.SH,博时中证港股通消费主题ETF,博时基金管理有限公司,平安银行股份有限公司,股票型,20220303,20240909,20220318,20211201,20241108,2.1493,nan,nan,2.0,1.0,0.1,,中证港股通消费主题指数(人民币)收益率×100%,D,被动指数型,股票型,,20220318,20220318,E,D
560600.SH,方正富邦中证医药及医疗器械创新ETF,方正富邦基金管理有限公司,平安银行股份有限公司,股票型,20220303,20231110,20220315,20220110,20231229,2.3271,nan,nan,1.0,1.0,0.1,,中证医药及医疗器械创新指数收益率×100%,D,被动指数型,股票型,,20220315,20220315,E,D
517500.SH,国泰中证沪港深动漫游戏ETF,国泰基金管理有限公司,中信建投证券股份有限公司,股票型,20220303,20231113,20220315,20211203,20231221,3.2811,nan,nan,1.0,1.0,0.1,,中证沪港深动漫游戏指数收益率×100%,D,被动指数型,股票型,,20220315,20220315,E,D
159832.SZ,平安上海金ETF,平安基金管理有限公司,平安银行股份有限公司,其他,20220302,20230322,20220318,20211125,20230330,2.3613,nan,nan,1.0,1.0,0.1,,上海金集中定价合约的午盘基准价格收益率×100%,D,黄金现货合约,其他型,,20220318,20220318,E,D
159769.SZ,银华中证消费电子主题ETF,银华基金管理股份有限公司,招商银行股份有限公司,股票型,20220218,20240709,20220303,20211116,20240710,2.7445,nan,nan,2.0,1.0,0.1,,中证消费电子主题指数收益率×100%,D,被动指数型,股票型,,20220303,20220303,E,D
517270.SH,浦银安盛中证沪港深科技龙头ETF,浦银基金管理有限公司,光大证券股份有限公司,股票型,20211230,20240305,20220112,20210930,20240520,2.4059,nan,nan,3.0,1.0,0.1,,中证沪港深科技龙头指数收益率×100%,D,被动指数型,股票型,,20220112,20220112,E,D
516690.SH,银华中证细分化工产业主题ETF,银华基金管理股份有限公司,中国工商银行股份有限公司,股票型,20211207,20240606,20211221,20210903,20240827,2.6924,nan,nan,3.0,1.0,0.1,,中证细分化工产业主题指数收益率×100%,D,被动指数型,股票型,,20211221,20211221,E,D
169109.SZ,东方红睿和三年定开混合-A,上海东方证券资产管理有限公司,招商银行股份有限公司,混合型,20211202,20241229,nan,20211012,nan,27.4997,nan,nan,3.0,1.0,0.1,,沪深300指数收益率×60%+恒生指数收益率(经汇率估值调整)×20%+中国债券总指数收益率×20%,D,nan,混合型,,nan,nan,E,D
159789.SZ,建信中证饮料主题ETF,建信基金管理有限责任公司,中国国际金融股份有限公司,股票型,20211125,20231017,20211220,20211108,20231025,2.5888,nan,nan,2.0,1.0,0.1,,中证饮料主题指数×100%,D,被动指数型,股票型,,20211220,20211220,E,D
517960.SH,摩根中证沪港深科技100ETF,摩根基金管理(中国)有限公司,中国银行股份有限公司,股票型,20211122,20240705,20211223,20211012,20240904,2.0218,nan,nan,3.0,1.0,0.1,,中证沪港深科技100指数收益率×100%,D,被动指数型,股票型,,20211223,20211223,E,D
517280.SH,天弘中证沪港深线上消费主题ETF,天弘基金管理有限公司,中信证券股份有限公司,股票型,20211116,20240705,20211203,20211011,20240826,2.3055,nan,nan,3.0,1.0,0.1,,中证沪港深线上消费主题指数×100%,D,被动指数型,股票型,,20211203,20211203,E,D
159853.SZ,南方中证科技100ETF,南方基金管理股份有限公司,中国农业银行股份有限公司,股票型,20210929,20231124,20211015,20210628,20231127,3.0225,nan,nan,2.0,1.0,0.1,,中证科技100指数×100%,D,被动指数型,股票型,,20211015,20211015,E,D
560000.SH,浦银安盛中证智能电动汽车ETF,浦银基金管理有限公司,招商银行股份有限公司,股票型,20210917,20260507,20210930,20210903,20260715,2.1202,nan,nan,5.0,1.0,0.1,,中证智能电动汽车指数收益率×100%,D,被动指数型,股票型,,20210930,20210930,E,D
159733.SZ,景顺长城中证消费电子主题ETF,景顺长城基金管理有限公司,招商银行股份有限公司,股票型,20210915,20240227,20210929,20210906,20240306,4.4716,nan,nan,3.0,1.0,0.1,,中证消费电子主题指数收益率×100%,D,被动指数型,股票型,,20210929,20210929,E,D
159846.SZ,建信中证1000ETF,建信基金管理有限责任公司,中国国际金融股份有限公司,股票型,20210729,20211227,20210816,20210615,20220105,2.3079,nan,nan,0.0,1.0,0.1,,中证1000指数×100%,D,被动指数型,股票型,,20210816,20210816,E,D
159710.SZ,建信中证智能电动汽车ETF,建信基金管理有限责任公司,中国国际金融股份有限公司,股票型,20210715,20240124,20210809,20210701,20240125,2.3734,nan,nan,3.0,1.0,0.1,,中证智能电动汽车指数×100%,D,被动指数型,股票型,,20210809,20210809,E,D
516870.SH,银华中证800汽车与零部件ETF,银华基金管理股份有限公司,招商银行股份有限公司,股票型,20210624,20211104,20210709,20210325,20220126,2.4099,nan,nan,0.0,1.0,0.1,,中证800汽车与零部件指数收益率×100%,D,被动指数型,股票型,,20210709,20210709,E,D
516400.SH,富国中证ESG120策略ETF,富国基金管理有限公司,华夏银行股份有限公司,股票型,20210616,20211214,20210701,20210531,20220126,2.4146,nan,nan,0.0,1.0,0.1,,中证ESG120策略指数×100%,D,被动指数型,股票型,,20210701,20210701,E,D
159897.SZ,建信中证物联网主题ETF,建信基金管理有限责任公司,中信建投证券股份有限公司,股票型,20210603,20220511,20210621,20210517,20220519,3.4825,nan,nan,1.0,1.0,0.1,,中证物联网主题指数收益率×100%,D,被动指数型,股票型,,20210621,20210621,E,D
516480.SH,国联安中证新材料主题ETF,国联安基金管理有限公司,国泰海通证券股份有限公司,股票型,20210527,20250805,20210611,20210510,20251014,2.9915,nan,nan,4.0,1.0,0.1,,中证新材料主题指数×100%,D,被动指数型,股票型,,20210611,20210611,E,D
159702.SZ,汇添富中证人工智能主题ETF,汇添富基金管理股份有限公司,招商银行股份有限公司,股票型,20210429,20221121,20210518,20210406,20221129,2.4493,nan,nan,1.0,1.0,0.1,,中证人工智能主题指数收益率×100%,D,被动指数型,股票型,,20210518,20210518,E,D
517060.SH,华宝中证沪港深500ETF,华宝基金管理有限公司,中国银行股份有限公司,股票型,20210305,20220218,20210326,20210218,20221111,2.2277,nan,nan,1.0,1.0,0.1,,中证沪港深500指数收益率×100%,D,被动指数型,股票型,,20210326,20210326,E,D
516680.SH,建信中证细分有色金属产业主题ETF,建信基金管理有限责任公司,中国国际金融股份有限公司,股票型,20210218,20220929,20210308,20210125,20221130,2.6012,nan,nan,1.0,1.0,0.1,,中证细分有色金属产业主题指数收益率×100%,D,被动指数型,股票型,,20210308,20210308,E,D
161022.SZ,富国创业板指数-A,富国基金管理有限公司,中国建设银行股份有限公司,股票型,20210101,20240130,20210119,nan,20240131,nan,nan,nan,3.0,1.0,nan,,创业板指数收益率×95%+银行人民币活期存款利率(税后)×5%,D,nan,股票型,,20210105,20210105,E,D
1610221.SZ,富国创业板指数-A,富国基金管理有限公司,中国建设银行股份有限公司,股票型,20210101,20240130,20210119,nan,20240131,nan,nan,nan,3.0,1.0,nan,,创业板指数收益率×95%+银行人民币活期存款利率(税后)×5%,D,nan,股票型,,20210105,20210105,E,D
502040.SH,长盛上证50指数(LOF),长盛基金管理有限公司,中国银行股份有限公司,股票型,20201204,20240605,20201204,nan,20240712,nan,nan,nan,4.0,1.0,nan,,上证50指数收益率×95%+银行活期存款利率(税后)×5%,D,被动指数型,股票型,,20201204,20201204,E,D
160814.SZ,长盛中证金融地产指数(LOF),长盛基金管理有限公司,中国银行股份有限公司,股票型,20201201,20230925,nan,nan,nan,nan,nan,nan,3.0,1.0,nan,,中证金融地产指数收益率×95%+银行活期存款利率(税后)×5%,D,nan,股票型,,20201201,20201201,E,D
160136.SZ,南方中证国有企业改革指数(LOF)-A,南方基金管理股份有限公司,海通证券股份有限公司,股票型,20201201,20210419,20201211,nan,20210426,nan,nan,nan,1.0,1.0,nan,,中证国有企业改革指数收益率×95%+银行人民币活期存款利率(税后)×5%,D,被动指数型,股票型,,20201207,20201207,E,D
162907.SZ,泰信中证锐联基本面400指数(LOF),泰信基金管理有限公司,中国工商银行股份有限公司,股票型,20201124,20221012,nan,nan,nan,nan,nan,nan,2.0,1.0,nan,,中证锐联基本面400指数收益率×95%+商业银行人民币活期存款利率(税后)×5%,D,nan,股票型,,20201124,20201124,E,D
161629.SZ,融通中证精准医疗主题指数(LOF),融通基金管理有限公司,中国建设银行股份有限公司,股票型,20201120,20210519,nan,nan,nan,nan,nan,nan,1.0,1.0,nan,,中证精准医疗主题指数收益率×95%+银行人民币活期存款利率(税后)×5%,D,nan,股票型,,20201123,20201123,E,D
510860.SH,兴业上证50ETF,兴业基金管理有限公司,中国农业银行股份有限公司,股票型,20201113,20211229,20210112,20201019,20220317,2.5297,nan,nan,1.0,1.0,0.1,,上证50指数收益率×100%,D,被动指数型,股票型,,20210112,20210112,E,D
168205.SZ,中融中证银行指数(LOF),国联基金管理有限公司,海通证券股份有限公司,股票型,20201014,20220726,nan,nan,nan,nan,nan,nan,2.0,1.0,nan,,中证银行指数收益率×95%+同期银行活期存款利率(税后)×5%,D,nan,股票型,,20201015,20201015,E,D
511000.SH,招商中债-0-3年长三角地方政府债ETF,招商基金管理有限公司,浙商银行股份有限公司,债券型,20200928,20210315,20201029,20200622,20210419,6.093,nan,nan,1.0,1.0,0.1,,中债-0-3年长三角地方政府债指数×100%,D,被动指数型,债券型,,20201029,20201029,E,D
159823.SZ,嘉实恒生中国企业ETF(QDII),嘉实基金管理有限公司,招商银行股份有限公司,股票型,20200924,20240816,20201023,20200914,20240819,2.9636,nan,nan,4.0,1.0,0.1,,恒生中国企业指数收益率(使用估值汇率折算)×100%,D,被动指数型,股票型,,20201023,20201023,E,D
168207.SZ,国联创业板两年定开混合,国联基金管理有限公司,交通银行股份有限公司,混合型,20200821,20240925,20210226,20200723,20241010,3.6222,nan,nan,4.0,1.0,0.1,,创业板指数收益率×70%+中债综合指数收益率×25%+恒生指数收益率×5%,D,混合型,混合型,,20220822,20220822,E,D
515500.SH,海富通中证长三角领先ETF,海富通基金管理有限公司,中国银行股份有限公司,股票型,20200813,20230201,20200918,20200506,20230410,4.344,nan,nan,3.0,1.0,0.1,,中证长三角领先指数收益率×100%,D,被动指数型,股票型,,20200918,20200918,E,D
160517.SZ,博时中证银行指数(LOF)-A,博时基金管理有限公司,中国建设银行股份有限公司,股票型,20200806,20260429,nan,nan,nan,nan,nan,nan,6.0,1.0,nan,,中证银行指数收益率×95%+金融机构人民币活期存款基准利率(税后)×5%,D,nan,股票型,,20200806,20200806,E,D
159815.SZ,招商中证浙江100ETF,招商基金管理有限公司,浙商银行股份有限公司,股票型,20200803,20230423,20200818,20200428,20230428,2.4604,nan,nan,3.0,1.0,0.1,,中证浙江100指数收益率×100%,D,被动指数型,股票型,,20200818,20200818,E,D
512350.SH,兴业中证福建50ETF,兴业基金管理有限公司,招商银行股份有限公司,股票型,20200727,20211224,20200910,20200420,20220317,2.1883,nan,nan,1.0,1.0,0.1,,中证福建50指数收益率×100%,D,被动指数型,股票型,,20200910,20200910,E,D
5012011.SH,科创红土LOF(退市),红土创新基金,中国工商银行,混合型,20200723,20230723,20210305,20200616,20230723,2.3545,1.5,0.25,nan,1.0,0.001,,中国战略新兴产业成分指数收益率*50%+中证全债指数收益率*50%,D,混合型,契约型开放式,,nan,nan,E,D
515610.SH,中银中证800ETF,中银基金管理有限公司,中信银行股份有限公司,股票型,20200716,20220804,20200818,20200430,20220930,3.7786,nan,nan,2.0,1.0,0.1,,中证800指数收益率×100%,D,被动指数型,股票型,,20200818,20200818,E,D
159999.SZ,永赢中证500ETF,永赢基金管理有限公司,中国银行股份有限公司,股票型,20200714,20230313,20200812,20200608,20230320,3.4234,nan,nan,3.0,1.0,0.1,,中证500指数收益率×100%,D,被动指数型,股票型,,20200812,20200812,E,D
512320.SH,工银瑞信MSCI中国A股ETF,工银瑞信基金管理有限公司,中信建投证券股份有限公司,股票型,20200629,20240223,20200807,20200601,20240416,6.5904,nan,nan,4.0,1.0,0.1,,MSCI中国A股人民币指数收益率×100%,D,被动指数型,股票型,,20200807,20200807,E,D
511050.SH,兴业上证1-5年期地方政府债ETF,兴业基金管理有限公司,中国银行股份有限公司,债券型,20200618,20210610,20200730,20200316,20210831,4.0155,nan,nan,1.0,1.0,0.1,,上证1-5年期地方政府债指数收益率×100%,D,被动指数型,债券型,,20200730,20200730,E,D
515830.SH,工银瑞信中证800ETF,工银瑞信基金管理有限公司,兴业银行股份有限公司,股票型,20200601,20220331,20200717,20200327,20220615,3.9108,nan,nan,2.0,1.0,0.1,,中证800指数收益率×100%,D,被动指数型,股票型,,20200717,20200717,E,D
162714.SZ,广发深证100指数(LOF)-A,广发基金管理有限公司,中国建设银行股份有限公司,股票型,20200526,20240703,nan,nan,nan,nan,nan,nan,4.0,1.0,nan,,深证100价格指数收益率×95%+银行活期存款利率(税后)×5%,D,nan,股票型,,20200526,20200526,E,D
515820.SH,富国中证800ETF,富国基金管理有限公司,中国工商银行股份有限公司,股票型,20200513,20220929,20200529,20200327,20230322,2.4853,nan,nan,2.0,1.0,0.1,,中证800指数收益率×100%,D,被动指数型,股票型,,20200529,20200529,E,D
510690.SH,兴业上证180金融ETF,兴业基金管理有限公司,招商银行股份有限公司,股票型,20200508,20211217,20200622,20200302,20220303,2.9584,nan,nan,1.0,1.0,0.1,,上证180金融股指数收益率×100%,D,被动指数型,股票型,,20200622,20200622,E,D
159809.SZ,博时恒生沪深港通大湾区综合ETF,博时基金管理有限公司,招商银行股份有限公司,股票型,20200430,20211014,20200521,20200330,20211021,3.9117,nan,nan,1.0,1.0,0.1,,恒生沪深港通大湾区综合指数收益率×100%,D,被动指数型,股票型,,20200521,20200521,E,D
515780.SH,浦银安盛MSCI中国A股ETF,浦银基金管理有限公司,中国银行股份有限公司,股票型,20200430,20250225,20200529,20200320,20250530,5.5479,nan,nan,5.0,1.0,0.1,,MSCI中国A股人民币指数收益率×100%,D,被动指数型,股票型,,20200529,20200529,E,D
159988.SZ,平安中债-0-5年广东省地方政府债ETF,平安基金管理有限公司,中国银行股份有限公司,债券型,20200429,20220623,20200529,20200224,20220630,6.6149,nan,nan,2.0,1.0,0.1,,中债-0-5年广东省地方政府债指数收益率×100%,D,被动指数型,债券型,,20200529,20200529,E,D
159803.SZ,易方达中证浙江新动能ETF(QDII),易方达基金管理有限公司,中国工商银行股份有限公司,股票型,20200427,20210916,20200526,20200122,20210928,2.6685,nan,nan,1.0,1.0,0.1,,中证浙江新动能指数收益率×100%,D,被动指数型,股票型,,20200526,20200526,E,D
515620.SH,建信中证800ETF,建信基金管理有限责任公司,中国国际金融股份有限公司,股票型,20200417,20210406,20200525,20200316,20210608,3.2116,nan,nan,1.0,1.0,0.1,,中证800指数收益率×100%,D,被动指数型,股票型,,20200525,20200525,E,D
515670.SH,中银中证100ETF,中银基金管理有限公司,中信证券股份有限公司,股票型,20200417,20240408,20200520,20200320,20240628,3.1982,nan,nan,4.0,1.0,0.1,,中证100指数收益率×100%,D,被动指数型,股票型,,20200520,20200520,E,D
515930.SH,永赢沪深300ETF,永赢基金管理有限公司,中国工商银行股份有限公司,股票型,20200413,20230612,20200508,20200323,20230731,2.8191,nan,nan,3.0,1.0,0.1,,沪深300指数收益率×100%,D,被动指数型,股票型,,20200508,20200508,E,D
159802.SZ,广发中证800ETF,广发基金管理有限公司,中国工商银行股份有限公司,股票型,20200413,20200915,20200515,20200323,20200923,2.2252,nan,nan,0.0,1.0,0.1,,中证800指数收益率×100%,D,被动指数型,股票型,,20200515,20200515,E,D
515280.SH,富国中证银行ETF,富国基金管理有限公司,中信证券股份有限公司,股票型,20200401,20240812,20200417,20200311,20240925,3.1262,nan,nan,4.0,1.0,0.1,,中证银行指数收益率×100%,D,被动指数型,股票型,,20200417,20200417,E,D
515690.SH,鹏华中证高股息龙头ETF,鹏华基金管理有限公司,中信证券股份有限公司,股票型,20200320,20220310,20200513,20200224,20220426,2.2309,nan,nan,2.0,1.0,0.1,,中证高股息龙头指数收益率×100%,D,被动指数型,股票型,,20200513,20200513,E,D
515510.SH,嘉实中证500成长估值ETF,嘉实基金管理有限公司,中国银行股份有限公司,股票型,20200316,20230131,20200506,20200203,20230508,2.3553,nan,nan,3.0,1.0,0.1,,中证500成长估值指数收益率×100%,D,被动指数型,股票型,,20200506,20200506,E,D
159978.SZ,建信中证沪港深粤港澳大湾区发展主题ETF,建信基金管理有限责任公司,招商银行股份有限公司,股票型,20200306,20230105,20200414,20200120,20230112,8.6692,nan,nan,3.0,1.0,0.1,,中证沪港深粤港澳大湾区发展主题指数收益率×100%,D,被动指数型,股票型,,20200414,20200414,E,D
159983.SZ,华夏粤港澳大湾区创新100ETF,华夏基金管理有限公司,招商银行股份有限公司,股票型,20200225,20231227,20200423,20200204,20240105,4.3675,nan,nan,3.0,1.0,0.1,,粤港澳大湾区创新100指数收益率×100%,D,被动指数型,股票型,,20200423,20200423,E,D
169107.SZ,东方红恒阳五年定开混合,上海东方证券资产管理有限公司,招商银行股份有限公司,混合型,20200213,20250406,20200723,20200207,20250407,19.7196,nan,nan,5.0,1.0,0.1,,沪深300指数收益率×70%+恒生指数收益率×20%+中国债券总指数收益率×10%,D,混合型,混合型,,nan,20250213,E,D
515570.SH,山西证券中证红利潜力ETF,山西证券股份有限公司,中国银行股份有限公司,股票型,20200117,20231113,20200409,20191223,20231218,2.6444,nan,nan,3.0,1.0,0.1,,中证红利潜力指数收益率×100%,D,被动指数型,股票型,,20200409,20200409,E,D
159986.SZ,弘毅远方国证消费100ETF,弘毅远方基金管理有限公司,广发证券股份有限公司,股票型,20191219,20221019,20200120,20190923,20221027,2.1115,nan,nan,3.0,1.0,0.1,,国证消费100指数收益率×100%,D,被动指数型,股票型,,20200120,20200120,E,D
159979.SZ,广发粤港澳大湾区创新100ETF,广发基金管理有限公司,招商银行股份有限公司,股票型,20191216,20221214,20200214,20190909,20221221,2.4493,nan,nan,3.0,1.0,0.1,,粤港澳大湾区创新100指数收益率×100%,D,被动指数型,股票型,,20200214,20200214,E,D
159990.SZ,银华巨潮小盘价值ETF,银华基金管理股份有限公司,华泰证券股份有限公司,股票型,20191206,20240716,20200120,20191118,20240717,5.0842,nan,nan,5.0,1.0,0.1,,巨潮小盘价值指数×100%,D,被动指数型,股票型,,20200120,20200120,E,D
515870.SH,嘉实中证先进制造100策略ETF,嘉实基金管理有限公司,中国银行股份有限公司,股票型,20191205,20230116,20200117,20191104,20230316,2.715,nan,nan,4.0,1.0,0.1,,中证先进制造100策略指数收益率×100%,D,被动指数型,股票型,,20200117,20200117,E,D
159984.SZ,南方粤港澳大湾区创新100ETF,南方基金管理股份有限公司,招商银行股份有限公司,股票型,20191129,20230704,20200117,20190909,20230710,6.5359,nan,nan,4.0,1.0,0.1,,粤港澳大湾区创新100指数收益率×100%,D,被动指数型,股票型,,20200117,20200117,E,D
159987.SZ,银华中证研发创新100ETF,银华基金管理股份有限公司,招商证券股份有限公司,股票型,20191101,20240902,20191118,20191021,20240903,4.4346,nan,nan,5.0,1.0,0.1,,中证研发创新100指数×100%,D,被动指数型,股票型,,20191118,20191118,E,D
502020.SH,国金上证50指数增强(LOF),国金基金管理有限公司,中国民生银行股份有限公司,股票型,20191014,20230110,20191028,nan,20230427,nan,nan,nan,4.0,1.0,nan,,上证50指数收益率×95%+同期银行活期存款利率(税后)×5%,D,增强指数型,股票型,,20191028,20191015,E,D
515520.SH,大成MSCI中国A股质优价值100ETF,大成基金管理有限公司,中国农业银行股份有限公司,股票型,20190926,20230508,20191118,20190819,20230613,7.8187,nan,nan,4.0,1.0,0.1,,MSCI中国A股质优价值100指数收益率×100%,D,被动指数型,股票型,,20191118,20191118,E,D
501086.SH,华宝MSCI中国A股国际通ESG通用指数(LOF)-A,华宝基金管理有限公司,中国工商银行股份有限公司,股票型,20190821,20231011,20190912,20190719,20231218,3.1686,nan,nan,4.0,1.0,0.1,,MSCI中国A股国际通ESG通用指数收益率×95%+人民币银行活期存款利率(税后)×5%,D,被动指数型,股票型,,20190912,20190912,E,D
512790.SH,华安中证民企成长ETF,华安基金管理有限公司,海通证券股份有限公司,股票型,20190726,20200615,20190906,20190506,20200731,2.6548,nan,nan,1.0,1.0,0.1,,中证民企成长指数收益率×100%,D,被动指数型,股票型,,20190906,20190906,E,D
159969.SZ,银华深证100ETF,银华基金管理股份有限公司,国泰海通证券股份有限公司,股票型,20190628,20260304,20190828,20190506,20260312,6.939,nan,nan,7.0,1.0,0.1,,深证100指数收益率(价格)×100%,D,被动指数型,股票型,,20190828,20190828,E,D
169301.SZ,财通资管中证500指数增强(LOF)-A,财通证券资产管理有限公司,中国银行股份有限公司,股票型,20190627,20200515,20190731,20190528,20200518,0.4889,nan,nan,1.0,1.0,0.1,,中证500指数收益率×95%+银行人民币活期存款利率(税后)×5%,D,增强指数型,股票型,,20190805,20190805,E,D
160645.SZ,鹏华精选回报三年定开混合,鹏华基金管理有限公司,中国建设银行股份有限公司,混合型,20190625,20250819,20191128,20190430,20250827,2.3745,nan,nan,6.0,1.0,0.1,,沪深300指数收益率×60%+恒生指数收益率(经汇率调整后)×20%+中证综合债指数收益率×20%,D,混合型,混合型,,20220627,20220627,E,D
501072.SH,国金标普中国A股低波红利指数增强(LOF),国金基金管理有限公司,招商证券股份有限公司,股票型,20190605,20211207,20190702,20190408,20220225,2.0436,nan,nan,2.0,1.0,0.1,,标普中国A股低波红利指数收益率×95%+人民币银行活期存款收益率(税后)×5%,D,增强指数型,股票型,,20190624,20190624,E,D
169103.SZ,东方红睿轩三年定开灵活配置混合,上海东方证券资产管理有限公司,平安银行股份有限公司,混合型,20190424,20250717,20190424,nan,20250718,nan,nan,nan,6.0,1.0,nan,,沪深300指数收益率×60%+恒生指数收益率×20%+中国债券总指数收益率×20%,D,灵活配置型,混合型,,20220425,20220425,E,D
510890.SH,兴业上证红利低波动ETF,兴业基金管理有限公司,中国工商银行股份有限公司,股票型,20190422,20210630,20190624,20190115,20210907,15.9756,nan,nan,2.0,1.0,0.1,,上证红利低波动指数收益率×100%,D,被动指数型,股票型,,20190624,20190624,E,D
501039.SH,汇添富睿丰混合(LOF)-A,汇添富基金管理股份有限公司,中国银行股份有限公司,混合型,20190329,20240116,20190329,nan,20240319,nan,nan,nan,5.0,1.0,nan,,沪深300指数收益率×20%+中债综合指数收益率×80%,D,混合型,混合型,,20190329,20190329,E,D
501040.SH,汇添富睿丰混合(LOF)-C,汇添富基金管理股份有限公司,中国银行股份有限公司,混合型,20190329,20240116,20190329,nan,20240319,nan,nan,nan,5.0,1.0,nan,,沪深300指数收益率×20%+中债综合指数收益率×80%,D,混合型,混合型,,20190329,20190329,E,D
501041.SH,汇添富弘安混合(LOF)-A,汇添富基金管理股份有限公司,招商银行股份有限公司,混合型,20190329,20240122,nan,nan,nan,nan,nan,nan,5.0,1.0,nan,,中债综合指数收益率×70%+沪深300指数收益率×30%,D,nan,混合型,,20190329,20190329,E,D
501042.SH,汇添富弘安混合(LOF)-C,汇添富基金管理股份有限公司,招商银行股份有限公司,混合型,20190329,20240122,nan,nan,nan,nan,nan,nan,5.0,1.0,nan,,中债综合指数收益率×70%+沪深300指数收益率×30%,D,nan,混合型,,20190329,20190329,E,D
168108.SZ,九泰锐诚灵活配置混合(LOF)-A,九泰基金管理有限公司,中国光大银行股份有限公司,混合型,20190325,20210713,20190325,nan,20210714,nan,nan,nan,2.0,1.0,nan,,沪深300指数收益率×60%+中债总指数(总值)财富指数收益率×40%,D,灵活配置型,混合型,,20190325,20190325,E,D
512270.SH,华安沪深300行业中性低波动ETF,华安基金管理有限公司,中国建设银行股份有限公司,股票型,20190307,20210809,20190329,20181206,20210923,3.7558,nan,nan,2.0,1.0,0.1,,沪深300行业中性低波动指数收益率×100%,D,被动指数型,股票型,,20190329,20190329,E,D
159963.SZ,富国恒生中国企业ETF,富国基金管理有限公司,中国工商银行股份有限公司,股票型,20190307,20210517,20190326,20181130,20210525,5.2895,nan,nan,2.0,1.0,0.1,,恒生中国企业指数收益率(经估值汇率调整)×100%,D,被动指数型,股票型,,20190326,20190326,E,D
159962.SZ,华夏中证四川国企改革ETF,华夏基金管理有限公司,中国建设银行股份有限公司,股票型,20190306,20221102,20190418,20181126,20221109,37.4339,nan,nan,3.0,1.0,0.1,,中证四川国企改革指数收益率×100%,D,被动指数型,股票型,,20190418,20190418,E,D
501063.SH,汇添富悦享定开混合,汇添富基金管理股份有限公司,中国建设银行股份有限公司,混合型,20190131,20231120,20190701,20181219,20231127,9.615,nan,nan,4.0,1.0,0.1,,沪深300指数收益率×60%+恒生指数收益率(使用估值汇率折算)×20%+中债综合财富指数收益率×20%,D,nan,混合型,,20210201,20210201,E,D
5010631.SH,汇添富悦享定开混合,汇添富基金管理股份有限公司,中国建设银行股份有限公司,混合型,20190131,20231120,20190701,20181219,20231127,9.615,nan,nan,4.0,1.0,0.1,,沪深300指数收益率×60%+恒生指数收益率(使用估值汇率折算)×20%+中债综合财富指数收益率×20%,D,nan,混合型,,20210201,20210201,E,D
512590.SH,浦银安盛中证高股息精选ETF,浦银基金管理有限公司,交通银行股份有限公司,股票型,20190129,20230131,20190308,20190110,20230428,3.495,nan,nan,4.0,1.0,0.1,,中证高股息精选指数收益率×100%,D,被动指数型,股票型,,20190308,20190308,E,D
501069.SH,华宝标普中国A股质量价值指数(LOF),华宝基金管理有限公司,中国银行股份有限公司,股票型,20190124,20230328,20190305,20181126,20230616,2.7964,nan,nan,4.0,1.0,0.1,,标普中国A股质量价值指数收益率×95%+人民币银行活期存款利率(税后)×5%,D,被动指数型,股票型,,20190305,20190305,E,D
169102.SZ,东方红睿阳三年定开灵活配置混合,上海东方证券资产管理有限公司,中国光大银行股份有限公司,混合型,20190116,20250320,20190116,nan,20250321,nan,nan,nan,6.0,1.0,nan,,沪深300指数收益率×60%+恒生指数收益率×20%+中国债券总指数收益率×20%,D,灵活配置型,混合型,,20220117,20220117,E,D
160415.SZ,华安量化多因子混合(LOF),华安基金管理有限公司,中国银行股份有限公司,混合型,20190111,20220830,20190111,nan,20220907,nan,nan,nan,3.0,1.0,nan,,沪深300指数收益率×80%+中债综合指数收益率×20%,D,混合型,混合型,,20190125,20190125,E,D
168106.SZ,九泰盈华量化灵活配置混合(LOF)-A,九泰基金管理有限公司,渤海银行股份有限公司,混合型,20181219,20211020,20181219,nan,20211021,nan,nan,nan,3.0,1.0,nan,,沪深300指数收益率×60%+中债总指数(总值)财富指数收益率×40%,D,灵活配置型,混合型,,20181219,20181219,E,D
513680.SH,建信港股通恒生中国企业ETF,建信基金管理有限责任公司,兴业银行股份有限公司,股票型,20181213,20230201,20190121,20181119,20230327,2.3575,nan,nan,5.0,1.0,0.1,,恒生中国企业指数收益率×100%,D,被动指数型,股票型,,20190121,20190121,E,D
501068.SH,招商富时中国A-H50指数(LOF)-C,招商基金管理有限公司,中国银行股份有限公司,股票型,20181203,20230215,20190104,20181101,20230324,2.9448,nan,nan,5.0,1.0,0.1,,富时中国A-H50指数收益率×95%+同期银行活期存款利率(税后)×5%,D,被动指数型,股票型,,20190104,20190104,E,D
501067.SH,招商富时中国A-H50指数(LOF)-A,招商基金管理有限公司,中国银行股份有限公司,股票型,20181203,20230215,20190104,20181101,20230324,0.6877,nan,nan,5.0,1.0,0.1,,富时中国A-H50指数收益率×95%+同期银行活期存款利率(税后)×5%,D,被动指数型,股票型,,20190104,20190104,E,D
512920.SH,新华MSCI中国A股国际ETF,新华基金管理股份有限公司,中国农业银行股份有限公司,股票型,20181107,20221206,20181207,20180926,20230208,2.8009,nan,nan,4.0,1.0,0.1,,MSCI中国A股国际指数×100%,D,被动指数型,股票型,,20181207,20181207,E,D
501309.SH,国泰恒生港股通指数(LOF),国泰基金管理有限公司,招商银行股份有限公司,股票型,20181106,20230524,20181210,20180822,20230822,2.2606,nan,nan,5.0,1.0,0.1,,经人民币汇率调整的恒生港股通指数收益率×95%+银行活期存款利率(税后)×5%,D,被动指数型,股票型,,20181210,20181210,E,D
501066.SH,东方红恒元五年定开灵活配置混合,上海东方证券资产管理有限公司,中国建设银行股份有限公司,混合型,20181102,20250205,20190426,20181023,20250210,13.378,nan,nan,7.0,1.0,0.1,,沪深300指数收益率×60%+恒生指数收益率×20%+中国债券总指数收益率×20%,D,混合型,混合型,,20231102,20231102,E,D
165317.SZ,建信丰裕多策略灵活配置混合(LOF),建信基金管理有限责任公司,中国银行股份有限公司,混合型,20181009,20230829,20181009,nan,20230905,nan,nan,nan,5.0,1.0,nan,,沪深300指数收益率×50%+中债综合指数收益率(全价)×50%,D,灵活配置型,混合型,,20181009,20181009,E,D
168002.SZ,国寿安保策略精选灵活配置混合(LOF)-A,国寿安保基金管理有限公司,广发银行股份有限公司,混合型,20180928,20251124,20180928,nan,20251125,nan,nan,nan,7.0,1.0,nan,,沪深300指数×50%+中债综合指数-全价指数×50%,D,混合型,混合型,,20181008,20181008,E,D
512860.SH,华安MSCI中国A股国际ETF,华安基金管理有限公司,中国农业银行股份有限公司,股票型,20180927,20210309,20181026,20180801,20210430,3.2163,nan,nan,3.0,1.0,0.1,,MSCI中国A股国际指数收益率×100%,D,被动指数型,股票型,,20181026,20181026,E,D
512850.SH,中信建投中证北京50ETF,中信建投基金管理有限公司,招商银行股份有限公司,股票型,20180927,20201210,20181109,20180702,20210219,2.7953,nan,nan,2.0,1.0,0.1,,中证北京50指数收益率×100%,D,被动指数型,股票型,,20181109,20181109,E,D
162718.SZ,广发鑫瑞混合(LOF),广发基金管理有限公司,招商银行股份有限公司,混合型,20180904,20200427,20180904,nan,20200428,nan,nan,nan,2.0,1.0,nan,,沪深300指数×30%+中证全债指数×70%,D,混合型,混合型,,20180904,20180904,E,D
501027.SH,国泰融信灵活配置混合(LOF),国泰基金管理有限公司,中国银行股份有限公司,混合型,20180903,20230725,20180903,nan,20230831,nan,nan,nan,5.0,1.0,nan,,沪深300指数收益率×60%+中证综合债指数收益率×40%,D,灵活配置型,混合型,,20180905,20180905,E,D
512390.SH,平安MSCI中国A股低波动ETF,平安基金管理有限公司,平安银行股份有限公司,股票型,20180607,20260908,20180713,20180521,nan,2.0168,nan,nan,8.0,1.0,0.1,,MSCI中国A股低波动指数(MSCI China A International Minimum Volatility Index)收益率×100%,D,被动指数型,股票型,,20180713,20180713,E,D
511280.SH,华夏上证3-5年期中高评级可质押信用债ETF,华夏基金管理有限公司,中国建设银行股份有限公司,债券型,20180503,20210803,20180531,20180124,20211022,3.1673,nan,nan,3.0,1.0,0.1,,上证3-5年期中高评级可质押信用债指数收益率×100%,D,被动指数型,债券型,,20180531,20180531,E,D
512280.SH,景顺长城MSCI中国A股国际通ETF,景顺长城基金管理有限公司,中国农业银行股份有限公司,股票型,20180427,20250619,20180525,20180410,20250821,15.3401,nan,nan,7.0,1.0,0.1,,MSCI中国A股国际通指数×100%,D,被动指数型,股票型,,20180525,20180525,E,D
512780.SH,广发中证京津冀协同发展主题ETF,广发基金管理有限公司,中国工商银行股份有限公司,股票型,20180419,20221019,20180524,20180409,20230112,2.8759,nan,nan,4.0,1.0,0.1,,中证京津冀协同发展主题指数×100%,D,被动指数型,股票型,,20180524,20180524,E,D
164811.SZ,工银瑞信中证京津冀协同发展主题指数(LOF)-A,工银瑞信基金管理有限公司,中国民生银行股份有限公司,股票型,20180417,20240109,nan,nan,nan,nan,nan,nan,6.0,1.0,nan,,中证京津冀协同发展主题指数收益率×95%+金融机构人民币活期存款基准利率(税后)×5%,D,nan,股票型,,20180425,20180425,E,D
501055.SH,财通多策略福佑定开灵活配置混合,财通基金管理有限公司,中国农业银行股份有限公司,混合型,20180408,20210409,nan,20180226,nan,0.7224,nan,nan,3.0,1.0,0.1,,沪深300指数收益率×55%+上证国债指数收益率×45%,D,nan,混合型,,20190916,20190916,E,D
167705.SZ,德邦量化新锐股票(LOF)-A,德邦基金管理有限公司,国泰海通证券股份有限公司,股票型,20180404,20210816,nan,20180226,nan,1.3705,nan,nan,3.0,1.0,0.1,,中证500指数收益率×95%+银行活期存款利率(税后)×5%,D,nan,股票型,,20180508,20180508,E,D
162416.SZ,华宝港股通恒生香港35指数(LOF),华宝基金管理有限公司,中国银行股份有限公司,股票型,20180330,20230324,20180418,20180205,20230331,2.4697,nan,nan,5.0,1.0,0.1,,经人民币汇率调整的恒生香港35指数收益率×95%+人民币银行活期存款利率(税后)×5%,D,被动指数型,股票型,,20180418,20180418,E,D
162717.SZ,广发再融资主题灵活配置混合(LOF)-A,广发基金管理有限公司,中国工商银行股份有限公司,混合型,20180329,20221124,20180329,nan,20221125,nan,nan,nan,4.0,1.0,nan,,中证800指数×55%+中证全债指数×45%,D,nan,混合型,,20180329,20180329,E,D
1627171.SZ,广发再融资主题灵活配置混合(LOF)-A,广发基金管理有限公司,中国工商银行股份有限公司,混合型,20180329,20221124,20180329,nan,20221125,nan,nan,nan,4.0,1.0,nan,,中证800指数×55%+中证全债指数×45%,D,nan,混合型,,20180329,20180329,E,D
511290.SH,广发上证10年期国债ETF,广发基金管理有限公司,中国工商银行股份有限公司,债券型,20180326,20200715,20180427,20171220,20201030,2.0158,nan,nan,2.0,100.0,0.1,,上证10年期国债指数×100%,D,被动指数型,债券型,,20180427,20180427,E,D
511310.SH,富国中证10年期国债ETF,富国基金管理有限公司,中国工商银行股份有限公司,债券型,20180319,20230102,20180426,20180108,20230308,2.403,nan,nan,5.0,100.0,0.1,,中证10年期国债指数×100%,D,被动指数型,债券型,,20180426,20180426,E,D
160522.SZ,博时睿益事件驱动灵活配置混合(LOF),博时基金管理有限公司,中国光大银行股份有限公司,混合型,20180223,20210914,20180223,nan,20210923,nan,nan,nan,3.0,1.0,nan,,沪深300指数×50%+中债-综合指数×50%,D,灵活配置型,混合型,,20180223,20180223,E,D
160423.SZ,华安慧增优选定开灵活配置混合,华安基金管理有限公司,北京银行股份有限公司,混合型,20180206,20180525,nan,20171103,nan,2.1718,nan,nan,0.0,1.0,0.1,,中债-总指数×50%+沪深300指数×50%,D,nan,混合型,,nan,20180521,E,D
501054.SH,东方红睿泽三年定开灵活配置混合-A,上海东方证券资产管理有限公司,招商银行股份有限公司,混合型,20180131,20240709,20181017,20180123,20240712,71.0579,nan,nan,6.0,1.0,0.1,,沪深300指数收益率×60%+恒生指数收益率×20%+中国债券总指数收益率×20%,D,混合型,混合型,,20210201,20210201,E,D
165532.SZ,信诚鼎泰多策略灵活配置混合(LOF),中信保诚基金管理有限公司,中国银行股份有限公司,混合型,20180115,20180502,nan,nan,nan,nan,nan,nan,0.0,1.0,nan,,沪深300指数×50%+中证综合债券指数×50%,D,nan,混合型,,20180119,20180119,E,D
160519.SZ,博时睿利事件驱动灵活配置混合(LOF),博时基金管理有限公司,中国工商银行股份有限公司,混合型,20171204,20230731,20171204,nan,20230807,nan,nan,nan,6.0,1.0,nan,,沪深300指数收益率×50%+中债综合指数收益率×50%,D,灵活配置型,混合型,,20171204,20171204,E,D
510820.SH,汇添富上证上海改革发展主题ETF,汇添富基金管理股份有限公司,中国工商银行股份有限公司,股票型,20171201,20190828,20190709,20171122,20190820,47.5835,nan,nan,2.0,1.0,0.1,,上证上海改革发展主题指数×100%,D,被动指数型,股票型,,20180301,20180301,E,D
5010491.SH,东方红睿玺三年定开灵活配置混合-A,上海东方证券资产管理有限公司,中国工商银行股份有限公司,混合型,20171115,20240612,20180601,20171108,20240618,19.7863,nan,nan,7.0,1.0,0.1,,中债-总指数×20%+沪深300指数×60%+香港恒生指数×20%,D,nan,混合型,,20201116,20201116,E,D
501049.SH,东方红睿玺三年定开灵活配置混合-A,上海东方证券资产管理有限公司,中国工商银行股份有限公司,混合型,20171115,20240612,20180601,20171108,20240618,19.7863,nan,nan,7.0,1.0,0.1,,中债-总指数×20%+沪深300指数×60%+香港恒生指数×20%,D,nan,混合型,,20201116,20201116,E,D
501106.SH,广发中证10年期国开债指数(LOF)-A,广发基金管理有限公司,宁波银行股份有限公司,债券型,20171115,20200507,20171213,20171103,20200825,0.0055,nan,nan,3.0,1.0,0.1,,中证10年期国开债指数×100%,D,被动指数型,债券型,,20171120,20171120,E,D
501003.SH,长信量化优选混合(LOF),长信基金管理有限责任公司,国泰海通证券股份有限公司,混合型,20170928,20180806,20170928,nan,20181026,nan,nan,nan,1.0,1.0,nan,,中证500指数收益率×70%+中债综合指数收益率×30%,D,混合型,混合型,,20170928,20170928,E,D
164823.SZ,工银瑞信深证成份指数(LOF),工银瑞信基金管理有限公司,中信建投证券股份有限公司,股票型,20170915,20180504,20171013,20170814,20180511,2.9764,nan,nan,1.0,1.0,0.1,,深圳证券交易所成份指数×95%+活期存款利率(税后)×5%,D,被动指数型,股票型,,20171013,20171013,E,D
160809.SZ,长盛同辉深证100等权重指数(LOF),长盛基金管理有限公司,中国建设银行股份有限公司,股票型,20170913,20180123,20171205,nan,20180124,nan,nan,nan,1.0,1.0,nan,,一年期银行定期存款利率(税后)×5%+深证100等权重指数收益率×95%,D,被动指数型,股票型,,20170914,20170914,E,D
501103.SH,建信中证政策性金融债5-8年指数(LOF),建信基金管理有限责任公司,中国民生银行股份有限公司,债券型,20170816,20180411,nan,20170512,nan,2.311,nan,nan,1.0,1.0,0.1,,中证政策性金融债5-8年指数×100%,D,nan,债券型,,20170821,20170821,E,D
501105.SH,建信中证政策性金融债8-10年指数(LOF),建信基金管理有限责任公司,中国民生银行股份有限公司,债券型,20170809,20210511,nan,20170505,nan,3.0995,nan,nan,4.0,1.0,0.1,,中证政策性金融债8-10年指数×100%,D,nan,债券型,,20170821,20170821,E,D
501102.SH,建信中证政策性金融债3-5年指数(LOF),建信基金管理有限责任公司,中国民生银行股份有限公司,债券型,20170809,20180411,nan,20170505,nan,3.02,nan,nan,1.0,1.0,0.1,,中证政策性金融债3-5年指数×100%,D,nan,债券型,,20170814,20170814,E,D
501101.SH,建信中证政策性金融债1-3年指数(LOF),建信基金管理有限责任公司,中国民生银行股份有限公司,债券型,20170809,20200223,nan,20170505,nan,2.4454,nan,nan,3.0,1.0,0.1,,中证政策性金融债1-3年指数×100%,D,nan,债券型,,20170814,20170814,E,D
159955.SZ,嘉实创业板ETF,嘉实基金管理有限公司,中国银行股份有限公司,股票型,20170714,20221122,20170823,20170503,20221130,2.5663,nan,nan,5.0,1.0,0.1,,创业板指数P×100%,D,被动指数型,股票型,,20170823,20170823,E,D
501035.SH,创金合信鼎鑫睿选定开混合(LOF),创金合信基金管理有限公司,中国工商银行股份有限公司,混合型,20170707,20190225,20170918,20170417,20190610,2.1583,nan,nan,2.0,1.0,0.1,,中债-总指数-全价指数×25%+中证定向增发事件指数×75%,D,灵活配置型,混合型,,20190108,20190108,E,D
168501.SZ,北信瑞丰产业升级多策略混合,华银基金管理有限公司,中国工商银行股份有限公司,混合型,20170623,20180109,nan,20170425,nan,2.1939,nan,nan,1.0,1.0,0.1,,沪深300指数×50%+中证综合债券指数×50%,D,nan,混合型,,nan,20171212,E,D
167004.SZ,平安大华鼎沣定开灵活配置混合,平安基金管理有限公司,中国建设银行股份有限公司,混合型,20170620,20180323,nan,20170313,nan,2.1786,nan,nan,1.0,1.0,0.1,,沪深300指数×50%+中证综合债券指数×50%,D,nan,混合型,,nan,nan,E,D
159953.SZ,广发中证全指工业ETF,广发基金管理有限公司,中国银行股份有限公司,股票型,20170613,20201210,20170714,20170503,20201217,2.9117,nan,nan,3.0,1.0,0.1,,中证全指工业指数×100%,D,被动指数型,股票型,,20170714,20170714,E,D
159951.SZ,嘉实中关村A股ETF,嘉实基金管理有限公司,中国工商银行股份有限公司,股票型,20170607,20220816,20170710,20170515,20220824,3.4682,nan,nan,5.0,1.0,0.1,,中关村A股综合指数×100%,D,被动指数型,股票型,,20170710,20170710,E,D
161835.SZ,银华惠丰定开混合,银华基金管理股份有限公司,中国工商银行股份有限公司,混合型,20170512,20190902,20170619,20170322,20190903,2.0444,nan,nan,2.0,1.0,0.1,,中债-总指数×65%+沪深300指数×35%,D,混合型,混合型,,20181112,20181112,E,D
166402.SZ,浦银安盛中证锐联沪港深基本面100指数(LOF),浦银基金管理有限公司,招商证券股份有限公司,股票型,20170427,20221227,20170609,20170322,20230111,3.4463,nan,nan,5.0,1.0,0.1,,活期存款利率(税后)×5%+中证锐联沪港深基本面100指数×95%,D,被动指数型,股票型,,20170609,20170609,E,D
159950.SZ,易方达深证成指ETF,易方达基金管理有限公司,中国银行股份有限公司,股票型,20170427,20190630,20170510,20170327,20190712,3.81,nan,nan,2.0,1.0,0.1,,深圳证券交易所成份指数×100%,D,被动指数型,股票型,,20170510,20170510,E,D
160138.SZ,南方恒生中国企业精明指数(QDII-LOF)-A,南方基金管理股份有限公司,中国工商银行股份有限公司,股票型,20170426,20190422,20170517,20170320,20190423,0.8101,nan,nan,2.0,1.0,0.1,,恒生中国企业精明指数×95%+活期存款利率(税后)×5%,D,被动指数型,股票型,,20170517,20170517,E,D
167701.SZ,德邦德信中证中高收益企债指数(LOF)-A,德邦基金管理有限公司,交通银行股份有限公司,债券型,20170421,20180124,nan,nan,nan,nan,nan,nan,1.0,1.0,nan,,中证1-7年中高收益企债指数×90%+银行活期存款利率(税后)×10%,D,nan,债券型,,20170424,20170424,E,D
1604221.SZ,华安中证定向增发事件指数(LOF),华安基金管理有限公司,中国建设银行股份有限公司,股票型,20170411,20181107,20170526,20170220,20181108,3.0948,nan,nan,1.0,1.0,0.1,,活期存款利率(税后)×5%+中证定向增发事件指数×95%,D,nan,股票型,,20170526,20170526,E,D
160422.SZ,华安中证定向增发事件指数(LOF),华安基金管理有限公司,中国建设银行股份有限公司,股票型,20170411,20181107,20170526,20170220,20181108,3.0948,nan,nan,1.0,1.0,0.1,,活期存款利率(税后)×5%+中证定向增发事件指数×95%,D,nan,股票型,,20170526,20170526,E,D
501020.SH,国泰中证国有企业改革指数(LOF),国泰基金管理有限公司,中国建设银行股份有限公司,股票型,20170329,20180425,20170421,20170310,20181114,2.3536,nan,nan,1.0,1.0,0.1,,活期存款利率(税后)×5%+中证国有企业改革指数×95%,D,被动指数型,股票型,,20170421,20170421,E,D
160525.SZ,博时睿丰灵活配置定开混合,博时基金管理有限公司,中国建设银行股份有限公司,混合型,20170322,20181030,nan,20170302,nan,3.1595,nan,nan,1.0,1.0,0.1,,沪深300指数×50%+中债-综合指数-财富指数×50%,D,nan,混合型,,20180925,20180925,E,D
501033.SH,银华惠安定开混合,银华基金管理股份有限公司,中国银行股份有限公司,混合型,20170317,20190403,nan,20170208,nan,3.1193,nan,nan,2.0,1.0,0.1,,中债-总指数×75%+沪深300指数×25%,D,nan,混合型,,20180917,20180917,E,D
164302.SZ,新华惠鑫债券(LOF)-C,新华基金管理股份有限公司,中国工商银行股份有限公司,债券型,20170125,20190109,20170224,nan,20190116,nan,nan,nan,2.0,1.0,nan,,中债企业债总全价指数收益率×60%+中债国债总全价指数收益率×30%+沪深300指数收益率×10%,D,债券型,债券型,,20170208,20170208,E,D
511230.SH,海富通上证周期产业债ETF,海富通基金管理有限公司,交通银行股份有限公司,债券型,20170123,20190220,20170421,20161115,20210329,2.0926,nan,nan,2.0,1.0,0.1,,上证周期产业债指数×100%,D,被动指数型,债券型,,20170413,20170421,E,D
160923.SZ,大成海外中国机会混合(QDII-LOF),大成基金管理有限公司,中国工商银行股份有限公司,混合型,20161229,20210209,nan,20161219,nan,6.1981,nan,nan,5.0,1.0,0.1,,活期存款利率(税后)×5%+MSCI中国指数(MSCI China Index)×95%,D,nan,混合型,,20170110,20170110,E,D
160524.SZ,博时弘泰定开混合,博时基金管理有限公司,招商银行股份有限公司,混合型,20161209,20230309,nan,20161114,nan,10.9161,nan,nan,7.0,1.0,0.1,,沪深300指数收益率×25%+中债综合财富(总值)指数收益率×75%,D,nan,混合型,,20180611,20180611,E,D
164815.SZ,工银瑞信国际原油(QDII-LOF-FOF)-CNY,工银瑞信基金管理有限公司,中国银行股份有限公司,其他,20161206,20170620,20161206,nan,20170620,nan,nan,nan,1.0,1.0,nan,,Brent原油期货主力合约收益率(汇率调整后)×45%+WTI原油期货主力合约收益率(汇率调整后)×45%+人民币活期存款收益率(税后)×10%,D,股票型,其他型,,20161206,20161206,E,D
160922.SZ,大成恒生综合中小型股指数(QDII-LOF)-A,大成基金管理有限公司,中国农业银行股份有限公司,股票型,20161202,20230209,20161212,20161107,20230217,7.8837,nan,nan,7.0,1.0,0.1,,活期存款利率(税后)×5%+恒生综合中小型股指数收益率×95%,D,被动指数型,股票型,,20161208,20161208,E,D
511760.SH,德邦现金宝货币ETF-E,德邦基金管理有限公司,国泰海通证券股份有限公司,货币型,20161128,20180125,20161215,20161116,20180612,2.77,nan,nan,2.0,1.0,0.1,,七天通知存款利率(税后)×100%,D,货币型,货币型,,20161215,20161215,E,D
163119.SZ,申万菱信中证申万新兴健康产业主题投资指数(LOF)-A,申万菱信基金管理有限公司,中国农业银行股份有限公司,股票型,20161010,20200409,20161101,20160905,20200416,4.1876,nan,nan,4.0,1.0,0.1,,同业存款利息率×5%+中证申万新兴健康产业主题投资指数×95%,D,被动指数型,股票型,,20161101,20161101,E,D
501023.SH,鹏华港股通中证香港中小企业投资主题指数(LOF),鹏华基金管理有限公司,中国银行股份有限公司,股票型,20160929,20211019,20161024,20160829,nan,5.8129,nan,nan,5.0,1.0,0.1,,活期存款利率(税后)×5%+中证香港中小企业投资主题指数×95%,D,被动指数型,股票型,,20161024,20161024,E,D
511680.SH,安信保证金货币ETF,安信基金管理有限责任公司,招商证券股份有限公司,货币型,20160909,20180802,20160927,20160901,20181030,17.9868,nan,nan,2.0,1.0,0.1,,七天通知存款利率(税后)×100%,D,货币型,货币型,,20160927,20160927,E,D
160520.SZ,博时弘盈定开混合-A,博时基金管理有限公司,招商银行股份有限公司,混合型,20160801,20210428,20161026,20160704,20210429,20.4854,nan,nan,5.0,1.0,0.1,,沪深300指数×25%+中债-综合指数-财富指数×75%,D,混合型,混合型,,20180201,20180201,E,D
161630.SZ,融通中证大农业指数(LOF),融通基金管理有限公司,中国农业银行股份有限公司,股票型,20160729,20180108,20170215,nan,20180108,nan,nan,nan,2.0,1.0,nan,,活期存款利率(税后)×5%+中证大农业指数×95%,D,被动指数型,股票型,,20160801,20160801,E,D
165807.SZ,东吴鼎利债券(LOF),东吴基金管理有限公司,交通银行股份有限公司,债券型,20160426,20200707,20160520,nan,20200714,nan,nan,nan,4.0,1.0,nan,,中债-综合指数-全价指数×100%,D,债券型,债券型,,20160506,20160506,E,D
164812.SZ,工银瑞信政府债纯债债券(LOF)-A,工银瑞信基金管理有限公司,招商银行股份有限公司,债券型,20160308,20180627,20160329,nan,20180628,nan,nan,nan,2.0,1.0,nan,,中国国债总财富指数收益率×100%,D,债券型,债券型,,20160310,20160310,E,D
161230.SZ,国投瑞银双债丰利两年定开债券-A,国投瑞银基金管理有限公司,中国建设银行股份有限公司,债券型,20160203,20180920,20160225,20160118,20180918,8.024,nan,nan,2.0,1.0,0.1,,中证可转换债券指数×40%+中证信用债指数×60%,D,nan,债券型,,20180205,20180205,E,D
1612301.SZ,国投瑞银双债丰利两年定开债券-A,国投瑞银基金管理有限公司,中国建设银行股份有限公司,债券型,20160203,20180920,20160225,20160118,20180918,8.024,nan,nan,2.0,1.0,0.1,,中证可转换债券指数×40%+中证信用债指数×60%,D,nan,债券型,,20180205,20180205,E,D
501002.SH,长信中证能源互联网主题指数(LOF),长信基金管理有限责任公司,国泰海通证券股份有限公司,股票型,20160121,20190225,20160201,20151208,20190301,2.4253,nan,nan,3.0,1.0,0.1,,活期存款利率(税后)×5%+中证能源互联网主题指数×95%,D,nan,股票型,,20160201,20160201,E,D
5010021.SH,长信中证能源互联网主题指数(LOF),长信基金管理有限责任公司,国泰海通证券股份有限公司,股票型,20160121,20190225,20160201,20151208,20190301,2.4253,nan,nan,3.0,1.0,0.1,,活期存款利率(税后)×5%+中证能源互联网主题指数×95%,D,nan,股票型,,20160201,20160201,E,D
161823.SZ,银华永兴纯债债券(LOF)-A,银华基金管理股份有限公司,中国建设银行股份有限公司,债券型,20160118,20220120,20160217,nan,20220121,nan,nan,nan,6.0,1.0,nan,,中证全债指数×100%,D,债券型,债券型,,20160201,20160201,E,D
150286.SZ,中融中证白酒指数分级-B,国联基金管理有限公司,海通证券股份有限公司,股票型,20150930,20160506,nan,20150625,nan,nan,nan,nan,1.0,1.0,0.1,,中证白酒指数收益率×95%+同期银行活期存款利率(税后)×5%,D,nan,股票型,,nan,nan,E,D
150285.SZ,中融中证白酒指数分级-A,国联基金管理有限公司,海通证券股份有限公司,股票型,20150930,20160506,nan,20150625,nan,nan,nan,nan,1.0,1.0,0.1,,中证白酒指数收益率×95%+同期银行活期存款利率(税后)×5%,D,nan,股票型,,nan,nan,E,D
150357.SZ,国泰国证新能源汽车指数分级-A,国泰基金管理有限公司,中国银行股份有限公司,股票型,20150827,20160630,nan,20150827,nan,nan,nan,nan,1.0,1.0,0.1,,活期存款利率(税后)×5%+国证新能源汽车指数×95%,D,nan,股票型,,nan,nan,E,D
150358.SZ,国泰国证新能源汽车指数分级-B,国泰基金管理有限公司,中国银行股份有限公司,股票型,20150827,20160630,nan,20150827,nan,nan,nan,nan,1.0,1.0,0.1,,活期存款利率(税后)×5%+国证新能源汽车指数×95%,D,nan,股票型,,nan,nan,E,D
150349.SZ,融通中证大农业指数分级-A,融通基金管理有限公司,中国农业银行股份有限公司,股票型,20150825,20160728,nan,20150810,nan,nan,nan,nan,1.0,1.0,0.1,,活期存款利率(税后)×5%+中证大农业指数×95%,D,nan,股票型,,nan,nan,E,D
150350.SZ,融通中证大农业指数分级-B,融通基金管理有限公司,中国农业银行股份有限公司,股票型,20150825,20160728,nan,20150810,nan,nan,nan,nan,1.0,1.0,0.1,,活期存款利率(税后)×5%+中证大农业指数×95%,D,nan,股票型,,nan,nan,E,D
502016.SH,长信中证一带一路主题指数分级,长信基金管理有限责任公司,广发证券股份有限公司,股票型,20150817,20180423,20160201,20150706,20181026,2.1567,nan,nan,3.0,1.0,0.1,,活期存款利率(税后)×5%+中证一带一路主题指数×95%,D,被动指数型,股票型,,20150824,20150824,E,D
502018.SH,长信中证一带一路主题指数分级-B,长信基金管理有限责任公司,广发证券股份有限公司,股票型,20150817,20180423,20150824,20150706,20181026,nan,nan,nan,3.0,1.0,0.1,,活期存款利率(税后)×5%+中证一带一路主题指数×95%,D,被动指数型,股票型,,nan,nan,E,D
150239.SZ,鹏华中证医药卫生指数分级-A,鹏华基金管理有限公司,中国建设银行股份有限公司,股票型,20150817,20160714,nan,20150706,nan,nan,nan,nan,1.0,1.0,0.1,,活期存款利率(税后)×5%+中证医药卫生指数×95%,D,nan,股票型,,nan,nan,E,D
150240.SZ,鹏华中证医药卫生指数分级-B,鹏华基金管理有限公司,中国建设银行股份有限公司,股票型,20150817,20160714,nan,20150706,nan,nan,nan,nan,1.0,1.0,0.1,,活期存款利率(税后)×5%+中证医药卫生指数×95%,D,nan,股票型,,nan,nan,E,D
502017.SH,长信中证一带一路主题指数分级-A,长信基金管理有限责任公司,广发证券股份有限公司,股票型,20150817,20180423,20150824,20150706,20181026,nan,nan,nan,3.0,1.0,0.1,,活期存款利率(税后)×5%+中证一带一路主题指数×95%,D,被动指数型,股票型,,nan,nan,E,D
150354.SZ,银华中证一带一路主题指数分级-B,银华基金管理股份有限公司,中国银河证券股份有限公司,股票型,20150813,20160614,nan,20150727,nan,nan,nan,nan,1.0,1.0,0.1,,中证一带一路主题指数收益率×95%+银行活期存款利率(税后)×5%,D,nan,股票型,,nan,nan,E,D
150353.SZ,银华中证一带一路主题指数分级-A,银华基金管理股份有限公司,中国银河证券股份有限公司,股票型,20150813,20160614,nan,20150727,nan,nan,nan,nan,1.0,1.0,0.1,,中证一带一路主题指数收益率×95%+银行活期存款利率(税后)×5%,D,nan,股票型,,nan,nan,E,D
502024.SH,鹏华国证钢铁行业指数分级-A,鹏华基金管理有限公司,招商银行股份有限公司,股票型,20150813,20201231,20150824,20150623,20210105,nan,nan,nan,5.0,1.0,0.1,,活期存款利率(税后)×5%+巨潮-国证黑色金属行业指数×95%,D,被动指数型,股票型,,nan,nan,E,D
150319.SZ,交银中证环境治理指数分级-A,交银施罗德基金管理有限公司,中信银行股份有限公司,股票型,20150813,20160718,nan,20150707,nan,3.01,nan,nan,1.0,1.0,0.1,,活期存款利率(税后)×5%+中证环境治理指数×95%,D,nan,股票型,,nan,nan,E,D
150320.SZ,交银中证环境治理指数分级-B,交银施罗德基金管理有限公司,中信银行股份有限公司,股票型,20150813,20160718,nan,20150707,nan,nan,nan,nan,1.0,1.0,0.1,,活期存款利率(税后)×5%+中证环境治理指数×95%,D,nan,股票型,,nan,nan,E,D
502041.SH,长盛上证50指数分级-A,长盛基金管理有限公司,中国银行股份有限公司,股票型,20150813,20201203,20150824,20150629,20201203,3.1664,nan,nan,5.0,1.0,0.1,,上海证券交易所50成份指数×95%+活期存款利率(税后)×5%,D,被动指数型,股票型,,nan,nan,E,D
502028.SH,鹏华新丝路指数分级-B,鹏华基金管理有限公司,招商银行股份有限公司,股票型,20150813,20180524,20150824,20150623,20180515,nan,nan,nan,3.0,1.0,0.1,,活期存款利率(税后)×5%+新丝路指数×95%,D,被动指数型,股票型,,nan,nan,E,D
502027.SH,鹏华新丝路指数分级-A,鹏华基金管理有限公司,招商银行股份有限公司,股票型,20150813,20180524,20150824,20150623,20180515,nan,nan,nan,3.0,1.0,0.1,,活期存款利率(税后)×5%+新丝路指数×95%,D,被动指数型,股票型,,nan,nan,E,D
502026.SH,鹏华新丝路指数分级,鹏华基金管理有限公司,招商银行股份有限公司,股票型,20150813,20180524,20150824,20150623,20180515,3.3855,nan,nan,3.0,1.0,0.1,,活期存款利率(税后)×5%+新丝路指数×95%,D,被动指数型,股票型,,20150824,20150824,E,D
502025.SH,鹏华国证钢铁行业指数分级-B,鹏华基金管理有限公司,招商银行股份有限公司,股票型,20150813,20201231,20150824,20150623,20210105,nan,nan,nan,5.0,1.0,0.1,,活期存款利率(税后)×5%+巨潮-国证黑色金属行业指数×95%,D,被动指数型,股票型,,nan,nan,E,D
502055.SH,长盛中证全指证券公司指数分级-B,长盛基金管理有限公司,中国农业银行股份有限公司,股票型,20150813,20201231,20150824,20150713,20210105,0.0,nan,nan,5.0,1.0,0.1,,活期存款利率(税后)×5%+中证全指证券公司指数×95%,D,被动指数型,股票型,,nan,nan,E,D
502054.SH,长盛中证全指证券公司指数分级-A,长盛基金管理有限公司,中国农业银行股份有限公司,股票型,20150813,20201231,20150824,20150713,20210105,2.6285,nan,nan,5.0,1.0,0.1,,活期存款利率(税后)×5%+中证全指证券公司指数×95%,D,被动指数型,股票型,,nan,nan,E,D
502042.SH,长盛上证50指数分级-B,长盛基金管理有限公司,中国银行股份有限公司,股票型,20150813,20201203,20150824,20150629,20201203,0.0,nan,nan,5.0,1.0,0.1,,上海证券交易所50成份指数×95%+活期存款利率(税后)×5%,D,被动指数型,股票型,,nan,nan,E,D
150352.SZ,银华中证国防安全指数分级-B,银华基金管理股份有限公司,海通证券股份有限公司,股票型,20150806,20160614,nan,20150727,nan,nan,nan,nan,1.0,1.0,0.1,,中证国防安全指数收益率×95%+银行活期存款利率(税后)×5%,D,nan,股票型,,nan,nan,E,D
150313.SZ,信诚中证基建工程指数分级-A,中信保诚基金管理有限公司,中国银行股份有限公司,股票型,20150806,20160726,nan,20150706,nan,nan,nan,nan,1.0,1.0,0.1,,同业存款利息率×5%+中证基建工程指数×95%,D,nan,股票型,,nan,nan,E,D
150314.SZ,信诚中证基建工程指数分级-B,中信保诚基金管理有限公司,中国银行股份有限公司,股票型,20150806,20160726,nan,20150706,nan,nan,nan,nan,1.0,1.0,0.1,,同业存款利息率×5%+中证基建工程指数×95%,D,nan,股票型,,nan,nan,E,D
150333.SZ,建信中证申万有色金属指数分级-A,建信基金管理有限责任公司,国信证券股份有限公司,股票型,20150806,20161017,nan,20150713,nan,nan,nan,nan,1.0,1.0,0.1,,活期存款利率(税后)×5%+中证申万有色金属指数×95%,D,nan,股票型,,nan,nan,E,D
150334.SZ,建信中证申万有色金属指数分级-B,建信基金管理有限责任公司,国信证券股份有限公司,股票型,20150806,20161017,nan,20150713,nan,nan,nan,nan,1.0,1.0,0.1,,活期存款利率(税后)×5%+中证申万有色金属指数×95%,D,nan,股票型,,nan,nan,E,D
150351.SZ,银华中证国防安全指数分级-A,银华基金管理股份有限公司,海通证券股份有限公司,股票型,20150806,20160614,nan,20150727,nan,nan,nan,nan,1.0,1.0,0.1,,中证国防安全指数收益率×95%+银行活期存款利率(税后)×5%,D,nan,股票型,,nan,nan,E,D
502032.SH,中海中证高铁产业指数分级-B,中海基金管理有限公司,招商证券股份有限公司,股票型,20150731,20181114,20150807,20150615,20190222,nan,nan,nan,3.0,1.0,0.1,,活期存款利率(税后)×5%+中证高铁产业指数×95%,D,被动指数型,股票型,,nan,nan,E,D
150329.SZ,方正富邦中证保险主题指数分级-A,方正富邦基金管理有限公司,国信证券股份有限公司,股票型,20150731,20201231,20150811,20150625,20210104,nan,nan,nan,5.0,1.0,0.1,,活期存款利率(税后)×5%+中证方正富邦保险主题指数×95%,D,被动指数型,股票型,,nan,nan,E,D
150330.SZ,方正富邦中证保险主题指数分级-B,方正富邦基金管理有限公司,国信证券股份有限公司,股票型,20150731,20201231,20150811,20150625,20210104,nan,nan,nan,5.0,1.0,0.1,,活期存款利率(税后)×5%+中证方正富邦保险主题指数×95%,D,被动指数型,股票型,,nan,nan,E,D
150331.SZ,建信中证互联网金融指数分级-A,建信基金管理有限责任公司,中国银河证券股份有限公司,股票型,20150731,20180731,20150810,20150713,20180807,nan,nan,nan,3.0,1.0,0.1,,活期存款利率(税后)×5%+中证互联网金融指数×95%,D,被动指数型,股票型,,nan,nan,E,D
150332.SZ,建信中证互联网金融指数分级-B,建信基金管理有限责任公司,中国银河证券股份有限公司,股票型,20150731,20180731,20150810,20150713,20180807,nan,nan,nan,3.0,1.0,0.1,,活期存款利率(税后)×5%+中证互联网金融指数×95%,D,被动指数型,股票型,,nan,nan,E,D
502031.SH,中海中证高铁产业指数分级-A,中海基金管理有限公司,招商证券股份有限公司,股票型,20150731,20181114,20150807,20150615,20190222,nan,nan,nan,3.0,1.0,0.1,,活期存款利率(税后)×5%+中证高铁产业指数×95%,D,被动指数型,股票型,,nan,nan,E,D
502057.SH,广发中证医疗指数分级-A,广发基金管理有限公司,北京银行股份有限公司,股票型,20150723,20200825,20150731,20150701,20200825,nan,nan,nan,5.0,1.0,0.1,,活期存款利率(税后)×5%+中证医疗指数×95%,D,被动指数型,股票型,,nan,nan,E,D
150325.SZ,工银瑞信中证高铁产业指数分级-A,工银瑞信基金管理有限公司,中国银行股份有限公司,股票型,20150723,20201103,20150805,20150615,20201104,nan,nan,nan,5.0,1.0,0.1,,活期存款利率(税后)×5%+中证高铁产业指数×95%,D,被动指数型,股票型,,nan,nan,E,D
150326.SZ,工银瑞信中证高铁产业指数分级-B,工银瑞信基金管理有限公司,中国银行股份有限公司,股票型,20150723,20201103,20150805,20150615,20201104,nan,nan,nan,5.0,1.0,0.1,,活期存款利率(税后)×5%+中证高铁产业指数×95%,D,被动指数型,股票型,,nan,nan,E,D
5020561.SH,广发中证医疗指数分级,广发基金管理有限公司,北京银行股份有限公司,股票型,20150723,20200825,20150731,20150701,20200825,2.8351,nan,nan,5.0,1.0,0.1,,活期存款利率(税后)×5%+中证医疗指数×95%,D,nan,股票型,,20150731,20150731,E,D
502058.SH,广发中证医疗指数分级-B,广发基金管理有限公司,北京银行股份有限公司,股票型,20150723,20200825,20150731,20150701,20200825,nan,nan,nan,5.0,1.0,0.1,,活期存款利率(税后)×5%+中证医疗指数×95%,D,被动指数型,股票型,,nan,nan,E,D
150344.SZ,融通中证全指证券公司指数分级-B,融通基金管理有限公司,中国建设银行股份有限公司,股票型,20150717,20201119,20150803,20150708,20201119,nan,nan,nan,5.0,1.0,0.1,,活期存款利率(税后)×5%+中证全指证券公司指数×95%,D,被动指数型,股票型,,nan,nan,E,D
150343.SZ,融通中证全指证券公司指数分级-A,融通基金管理有限公司,中国建设银行股份有限公司,股票型,20150717,20201119,20150803,20150708,20201119,nan,nan,nan,5.0,1.0,0.1,,活期存款利率(税后)×5%+中证全指证券公司指数×95%,D,被动指数型,股票型,,nan,nan,E,D
511890.SH,景顺长城货币ETF,景顺长城基金管理有限公司,中国银河证券股份有限公司,货币型,20150716,20171226,20150803,20150706,20180412,3.4495,nan,nan,2.0,1.0,0.1,,七天通知存款税后利率(税后)×100%,D,货币型,货币型,,20150803,20150803,E,D
150327.SZ,工银瑞信中证新能源指数分级-A,工银瑞信基金管理有限公司,中国银河证券股份有限公司,股票型,20150709,20201018,20150803,20150615,20201019,nan,nan,nan,5.0,1.0,0.1,,活期存款利率(税后)×5%+中证新能源指数×95%,D,被动指数型,股票型,,nan,nan,E,D
150323.SZ,工银瑞信中证环保产业指数分级-A,工银瑞信基金管理有限公司,招商证券股份有限公司,股票型,20150709,20200727,20150727,20150615,20200728,nan,nan,nan,5.0,1.0,0.1,,活期存款利率(税后)×5%+中证环保产业指数×95%,D,被动指数型,股票型,,nan,nan,E,D
150324.SZ,工银瑞信中证环保产业指数分级-B,工银瑞信基金管理有限公司,招商证券股份有限公司,股票型,20150709,20200727,20150727,20150615,20200728,nan,nan,nan,5.0,1.0,0.1,,活期存款利率(税后)×5%+中证环保产业指数×95%,D,被动指数型,股票型,,nan,nan,E,D
150328.SZ,工银瑞信中证新能源指数分级-B,工银瑞信基金管理有限公司,中国银河证券股份有限公司,股票型,20150709,20201018,20150803,20150615,20201019,nan,nan,nan,5.0,1.0,0.1,,活期存款利率(税后)×5%+中证新能源指数×95%,D,被动指数型,股票型,,nan,nan,E,D
502011.SH,易方达证券公司指数分级-A,易方达基金管理有限公司,中国建设银行股份有限公司,股票型,20150708,20201231,20150715,20150623,20210105,2.1179,nan,nan,5.0,1.0,0.1,,活期存款利率(税后)×5%+中证全指证券公司指数×95%,D,被动指数型,股票型,,nan,nan,E,D
502004.SH,易方达军工指数分级-A,易方达基金管理有限公司,中国建设银行股份有限公司,股票型,20150708,20201231,20150715,20150623,20210105,2.1334,nan,nan,5.0,1.0,0.1,,活期存款利率(税后)×5%+中证军工指数×95%,D,被动指数型,股票型,,nan,nan,E,D
502005.SH,易方达军工指数分级-B,易方达基金管理有限公司,中国建设银行股份有限公司,股票型,20150708,20201231,20150715,20150623,20210105,nan,nan,nan,5.0,1.0,0.1,,活期存款利率(税后)×5%+中证军工指数×95%,D,被动指数型,股票型,,nan,nan,E,D
502012.SH,易方达证券公司指数分级-B,易方达基金管理有限公司,中国建设银行股份有限公司,股票型,20150708,20201231,20150715,20150623,20210105,nan,nan,nan,5.0,1.0,0.1,,活期存款利率(税后)×5%+中证全指证券公司指数×95%,D,被动指数型,股票型,,nan,nan,E,D
184801.SZ,鹏华前海万科REITs封闭式混合,鹏华基金管理有限公司,上海浦东发展银行股份有限公司,REITs,20150706,20250707,20150930,20150626,20250708,29.9959,nan,nan,10.0,1.0,0.1,,十年期国债收益率×100%+1.5%,D,混合型,混合型,,nan,nan,E,D
150303.SZ,华安创业板50指数分级-A,华安基金管理有限公司,中国农业银行股份有限公司,股票型,20150706,20201231,20150715,20150624,20210104,nan,nan,nan,5.0,1.0,0.1,,活期存款利率(税后)×5%+创业板50指数×95%,D,被动指数型,股票型,,nan,nan,E,D
150304.SZ,华安创业板50指数分级-B,华安基金管理有限公司,中国农业银行股份有限公司,股票型,20150706,20201231,20150715,20150624,20210104,nan,nan,nan,5.0,1.0,0.1,,活期存款利率(税后)×5%+创业板50指数×95%,D,被动指数型,股票型,,nan,nan,E,D
501000.SH,国金鑫新灵活配置混合(LOF),国金基金管理有限公司,平安银行股份有限公司,混合型,20150703,20240312,20150714,20150608,20240628,2.0414,nan,nan,9.0,1.0,0.1,,一年定期存款利率(税后)×100%+3%,D,灵活配置型,混合型,,20150714,20150714,E,D
150335.SZ,融通中证军工指数分级-A,融通基金管理有限公司,中国建设银行股份有限公司,股票型,20150701,20201130,20150713,20150618,20201130,nan,nan,nan,5.0,1.0,0.1,,活期存款利率(税后)×5%+中证军工指数×95%,D,被动指数型,股票型,,nan,nan,E,D
159946.SZ,广发中证全指主要消费ETF,广发基金管理有限公司,中国银行股份有限公司,股票型,20150701,20181224,20150713,20150615,20181228,2.5532,nan,nan,3.0,1.0,0.1,,中证全指主要消费指数×100%,D,被动指数型,股票型,,20150713,20150713,E,D
150336.SZ,融通中证军工指数分级-B,融通基金管理有限公司,中国建设银行股份有限公司,股票型,20150701,20201130,20150713,20150618,20201130,nan,nan,nan,5.0,1.0,0.1,,活期存款利率(税后)×5%+中证军工指数×95%,D,被动指数型,股票型,,nan,nan,E,D
150298.SZ,南方中证互联网指数分级-B,南方基金管理股份有限公司,中国农业银行股份有限公司,股票型,20150701,20201130,20150713,20150615,20201130,nan,nan,nan,5.0,1.0,0.1,,活期存款利率(税后)×5%+中证互联网指数×95%,D,被动指数型,股票型,,nan,nan,E,D
150297.SZ,南方中证互联网指数分级-A,南方基金管理股份有限公司,中国农业银行股份有限公司,股票型,20150701,20201130,20150713,20150615,20201130,nan,nan,nan,5.0,1.0,0.1,,活期存款利率(税后)×5%+中证互联网指数×95%,D,被动指数型,股票型,,nan,nan,E,D
502037.SH,大成中证互联网金融指数分级-A,大成基金管理有限公司,中国工商银行股份有限公司,股票型,20150629,20201029,20150707,20150615,20201130,nan,nan,nan,5.0,1.0,0.1,,活期存款利率(税后)×5%+中证互联网金融指数×95%,D,被动指数型,股票型,,nan,nan,E,D
502038.SH,大成中证互联网金融指数分级-B,大成基金管理有限公司,中国工商银行股份有限公司,股票型,20150629,20201029,20150707,20150615,20201130,nan,nan,nan,5.0,1.0,0.1,,活期存款利率(税后)×5%+中证互联网金融指数×95%,D,被动指数型,股票型,,nan,nan,E,D
502036.SH,大成中证互联网金融指数分级,大成基金管理有限公司,中国工商银行股份有限公司,股票型,20150629,20201029,20150707,20150615,20201130,2.8872,nan,nan,5.0,1.0,0.1,,活期存款利率(税后)×5%+中证互联网金融指数×95%,D,被动指数型,股票型,,20150707,20150707,E,D
150309.SZ,信诚中证信息安全指数分级-A,中信保诚基金管理有限公司,中国银行股份有限公司,股票型,20150626,20201231,20150715,20150608,20210104,nan,nan,nan,5.0,1.0,0.1,,同业存款利息率×5%+中证信息安全主题指数×95%,D,被动指数型,股票型,,nan,nan,E,D
150310.SZ,信诚中证信息安全指数分级-B,中信保诚基金管理有限公司,中国银行股份有限公司,股票型,20150626,20201231,20150715,20150608,20210104,nan,nan,nan,5.0,1.0,0.1,,同业存款利息率×5%+中证信息安全主题指数×95%,D,被动指数型,股票型,,nan,nan,E,D
150311.SZ,信诚中证智能家居指数分级-A,中信保诚基金管理有限公司,中国银行股份有限公司,股票型,20150626,20201231,20150715,20150608,20210104,nan,nan,nan,5.0,1.0,0.1,,同业存款利息率×5%+中证智能家居指数×95%,D,被动指数型,股票型,,nan,nan,E,D
150312.SZ,信诚中证智能家居指数分级-B,中信保诚基金管理有限公司,中国银行股份有限公司,股票型,20150626,20201231,20150715,20150608,20210104,nan,nan,nan,5.0,1.0,0.1,,同业存款利息率×5%+中证智能家居指数×95%,D,被动指数型,股票型,,nan,nan,E,D
150318.SZ,交银中证互联网金融指数分级-B,交银施罗德基金管理有限公司,中国建设银行股份有限公司,股票型,20150626,20201105,20150708,20150616,20201106,nan,nan,nan,5.0,1.0,0.1,,活期存款利率(税后)×5%+中证互联网金融指数×95%,D,被动指数型,股票型,,nan,nan,E,D
150317.SZ,交银中证互联网金融指数分级-A,交银施罗德基金管理有限公司,中国建设银行股份有限公司,股票型,20150626,20201105,20150708,20150616,20201106,4.4157,nan,nan,5.0,1.0,0.1,,活期存款利率(税后)×5%+中证互联网金融指数×95%,D,被动指数型,股票型,,nan,nan,E,D
150305.SZ,国寿安保中证养老产业指数分级-A,国寿安保基金管理有限公司,招商证券股份有限公司,股票型,20150626,20190331,20150710,20150608,20190329,nan,nan,nan,4.0,1.0,0.1,,活期存款利率(税后)×5%+中证养老产业指数×95%,D,被动指数型,股票型,,nan,nan,E,D
150306.SZ,国寿安保中证养老产业指数分级-B,国寿安保基金管理有限公司,招商证券股份有限公司,股票型,20150626,20190331,20150710,20150608,20190329,nan,nan,nan,4.0,1.0,0.1,,活期存款利率(税后)×5%+中证养老产业指数×95%,D,被动指数型,股票型,,nan,nan,E,D
150289.SZ,中融中证煤炭指数分级-A,国联基金管理有限公司,国泰海通证券股份有限公司,股票型,20150625,20201231,20150703,20150527,20210104,nan,nan,nan,5.0,1.0,0.1,,活期存款利率(税后)×5%+中证煤炭指数×95%,D,被动指数型,股票型,,nan,nan,E,D
150308.SZ,富国中证体育产业指数分级-B,富国基金管理有限公司,中国建设银行股份有限公司,股票型,20150625,20201231,20150706,20150605,20210104,nan,nan,nan,5.0,1.0,0.1,,活期存款利率(税后)×5%+中证体育产业指数×95%,D,被动指数型,股票型,,nan,nan,E,D
150307.SZ,富国中证体育产业指数分级-A,富国基金管理有限公司,中国建设银行股份有限公司,股票型,20150625,20201231,20150706,20150605,20210104,nan,nan,nan,5.0,1.0,0.1,,活期存款利率(税后)×5%+中证体育产业指数×95%,D,被动指数型,股票型,,nan,nan,E,D
150290.SZ,中融中证煤炭指数分级-B,国联基金管理有限公司,国泰海通证券股份有限公司,股票型,20150625,20201231,20150703,20150527,20210104,nan,nan,nan,5.0,1.0,0.1,,活期存款利率(税后)×5%+中证煤炭指数×95%,D,被动指数型,股票型,,nan,nan,E,D
150284.SZ,申万菱信中证申万医药生物指数分级-B,申万菱信基金管理有限公司,中国农业银行股份有限公司,股票型,20150619,20201231,20150706,20150601,20210104,nan,nan,nan,5.0,1.0,0.1,,同业存款利息率×5%+中证申万医药生物指数×95%,D,被动指数型,股票型,,nan,nan,E,D
150283.SZ,申万菱信中证申万医药生物指数分级-A,申万菱信基金管理有限公司,中国农业银行股份有限公司,股票型,20150619,20201231,20150706,20150601,20210104,nan,nan,nan,5.0,1.0,0.1,,同业存款利息率×5%+中证申万医药生物指数×95%,D,被动指数型,股票型,,nan,nan,E,D
150322.SZ,富国中证煤炭指数分级-B,富国基金管理有限公司,国泰海通证券股份有限公司,股票型,20150619,20201231,20150630,20150608,20210104,nan,nan,nan,5.0,1.0,0.1,,活期存款利率(税后)×5%+中证煤炭指数×95%,D,被动指数型,股票型,,nan,nan,E,D
150321.SZ,富国中证煤炭指数分级-A,富国基金管理有限公司,国泰海通证券股份有限公司,股票型,20150619,20201231,20150630,20150608,20210104,nan,nan,nan,5.0,1.0,0.1,,活期存款利率(税后)×5%+中证煤炭指数×95%,D,被动指数型,股票型,,nan,nan,E,D
150288.SZ,中融国证钢铁行业指数分级-B,国联基金管理有限公司,国泰海通证券股份有限公司,股票型,20150619,20201231,20150629,20150527,20210104,nan,nan,nan,5.0,1.0,0.1,,活期存款利率(税后)×5%+巨潮-国证黑色金属行业指数×95%,D,被动指数型,股票型,,nan,nan,E,D
150287.SZ,中融国证钢铁行业指数分级-A,国联基金管理有限公司,国泰海通证券股份有限公司,股票型,20150619,20201231,20150629,20150527,20210104,nan,nan,nan,5.0,1.0,0.1,,活期存款利率(税后)×5%+巨潮-国证黑色金属行业指数×95%,D,被动指数型,股票型,,nan,nan,E,D
150245.SZ,鹏华中证移动互联网指数分级-A,鹏华基金管理有限公司,中国建设银行股份有限公司,股票型,20150616,20201231,20150626,20150601,20210104,nan,nan,nan,5.0,1.0,0.1,,活期存款利率(税后)×5%+中证移动互联网指数×95%,D,被动指数型,股票型,,nan,nan,E,D
150237.SZ,鹏华中证环保产业指数分级-A,鹏华基金管理有限公司,中国建设银行股份有限公司,股票型,20150616,20201231,20150626,20150601,20210104,nan,nan,nan,5.0,1.0,0.1,,活期存款利率(税后)×5%+中证环保产业指数×95%,D,被动指数型,股票型,,nan,nan,E,D
150282.SZ,长盛中证金融地产指数分级-B,长盛基金管理有限公司,中国银行股份有限公司,股票型,20150616,20201130,20150626,20150527,20201127,0.0,nan,nan,5.0,1.0,0.1,,活期存款利率(税后)×5%+中证金融地产指数×95%,D,被动指数型,股票型,,nan,nan,E,D
150281.SZ,长盛中证金融地产指数分级-A,长盛基金管理有限公司,中国银行股份有限公司,股票型,20150616,20201130,20150626,20150527,20201127,7.2615,nan,nan,5.0,1.0,0.1,,活期存款利率(税后)×5%+中证金融地产指数×95%,D,被动指数型,股票型,,nan,nan,E,D
150246.SZ,鹏华中证移动互联网指数分级-B,鹏华基金管理有限公司,中国建设银行股份有限公司,股票型,20150616,20201231,20150626,20150601,20210104,nan,nan,nan,5.0,1.0,0.1,,活期存款利率(税后)×5%+中证移动互联网指数×95%,D,被动指数型,股票型,,nan,nan,E,D
150238.SZ,鹏华中证环保产业指数分级-B,鹏华基金管理有限公司,中国建设银行股份有限公司,股票型,20150616,20201231,20150626,20150601,20210104,nan,nan,nan,5.0,1.0,0.1,,活期存款利率(税后)×5%+中证环保产业指数×95%,D,被动指数型,股票型,,nan,nan,E,D
502008.SH,易方达国企改革指数分级-B,易方达基金管理有限公司,中国建设银行股份有限公司,股票型,20150615,20201231,20150625,20150608,20210105,nan,nan,nan,5.0,1.0,0.1,,活期存款利率(税后)×5%+中证国有企业改革指数×95%,D,被动指数型,股票型,,nan,nan,E,D
150315.SZ,富国中证工业4.0指数分级-A,富国基金管理有限公司,中国工商银行股份有限公司,股票型,20150615,20201231,20150625,20150601,20210104,nan,nan,nan,5.0,1.0,0.1,,活期存款利率(税后)×5%+中证工业4.0指数×95%,D,被动指数型,股票型,,nan,nan,E,D
150316.SZ,富国中证工业4.0指数分级-B,富国基金管理有限公司,中国工商银行股份有限公司,股票型,20150615,20201231,20150625,20150601,20210104,nan,nan,nan,5.0,1.0,0.1,,活期存款利率(税后)×5%+中证工业4.0指数×95%,D,被动指数型,股票型,,nan,nan,E,D
502007.SH,易方达国企改革指数分级-A,易方达基金管理有限公司,中国建设银行股份有限公司,股票型,20150615,20201231,20150625,20150608,20210105,9.4269,nan,nan,5.0,1.0,0.1,,活期存款利率(税后)×5%+中证国有企业改革指数×95%,D,被动指数型,股票型,,nan,nan,E,D
150294.SZ,南方中证高铁产业指数分级-B,南方基金管理股份有限公司,中国银河证券股份有限公司,股票型,20150610,20201130,20150623,20150525,20201130,nan,nan,nan,5.0,1.0,0.1,,活期存款利率(税后)×5%+中证高铁产业指数×95%,D,被动指数型,股票型,,nan,nan,E,D
150293.SZ,南方中证高铁产业指数分级-A,南方基金管理股份有限公司,中国银河证券股份有限公司,股票型,20150610,20201130,20150623,20150525,20201130,nan,nan,nan,5.0,1.0,0.1,,活期存款利率(税后)×5%+中证高铁产业指数×95%,D,被动指数型,股票型,,nan,nan,E,D
150300.SZ,华安中证银行指数分级-B,华安基金管理有限公司,中国银行股份有限公司,股票型,20150609,20201231,20150618,20150528,20210104,nan,nan,nan,5.0,1.0,0.1,,活期存款利率(税后)×5%+中证银行指数×95%,D,被动指数型,股票型,,nan,nan,E,D
150301.SZ,华安中证全指证券公司指数分级-A,华安基金管理有限公司,中国建设银行股份有限公司,股票型,20150609,20201231,20150618,20150528,20210104,nan,nan,nan,5.0,1.0,0.1,,活期存款利率(税后)×5%+中证全指证券公司指数×95%,D,被动指数型,股票型,,nan,nan,E,D
150302.SZ,华安中证全指证券公司指数分级-B,华安基金管理有限公司,中国建设银行股份有限公司,股票型,20150609,20201231,20150618,20150528,20210104,nan,nan,nan,5.0,1.0,0.1,,活期存款利率(税后)×5%+中证全指证券公司指数×95%,D,被动指数型,股票型,,nan,nan,E,D
150243.SZ,鹏华创业板指数分级-A,鹏华基金管理有限公司,中国建设银行股份有限公司,股票型,20150609,20201231,20150706,20150525,20210104,nan,nan,nan,5.0,1.0,0.1,,活期存款利率(税后)×5%+创业板指数P×95%,D,被动指数型,股票型,,nan,nan,E,D
150244.SZ,鹏华创业板指数分级-B,鹏华基金管理有限公司,中国建设银行股份有限公司,股票型,20150609,20201231,20150706,20150525,20210104,nan,nan,nan,5.0,1.0,0.1,,活期存款利率(税后)×5%+创业板指数P×95%,D,被动指数型,股票型,,nan,nan,E,D
150267.SZ,博时中证银行指数分级-A,博时基金管理有限公司,中国建设银行股份有限公司,股票型,20150609,20200805,20150618,20150525,20200804,0.7029,nan,nan,5.0,1.0,0.1,,活期存款利率(税后)×5%+中证银行指数×95%,D,被动指数型,股票型,,nan,nan,E,D
150268.SZ,博时中证银行指数分级-B,博时基金管理有限公司,中国建设银行股份有限公司,股票型,20150609,20200805,20150618,20150525,20200804,0.7029,nan,nan,5.0,1.0,0.1,,活期存款利率(税后)×5%+中证银行指数×95%,D,被动指数型,股票型,,nan,nan,E,D
150299.SZ,华安中证银行指数分级-A,华安基金管理有限公司,中国银行股份有限公司,股票型,20150609,20201231,20150618,20150528,20210104,nan,nan,nan,5.0,1.0,0.1,,活期存款利率(税后)×5%+中证银行指数×95%,D,被动指数型,股票型,,nan,nan,E,D
150292.SZ,中融中证银行指数分级-B,国联基金管理有限公司,海通证券股份有限公司,股票型,20150605,20201013,20150615,20150601,20201013,nan,nan,nan,5.0,1.0,0.1,,活期存款利率(税后)×5%+中证银行指数×95%,D,被动指数型,股票型,,nan,nan,E,D
150291.SZ,中融中证银行指数分级-A,国联基金管理有限公司,海通证券股份有限公司,股票型,20150605,20201013,20150615,20150601,20201013,nan,nan,nan,5.0,1.0,0.1,,活期存款利率(税后)×5%+中证银行指数×95%,D,被动指数型,股票型,,nan,nan,E,D
150253.SZ,前海开源中证大农业指数分级-A,前海开源基金管理有限公司,中国银河证券股份有限公司,股票型,20150604,20160719,nan,20150521,nan,nan,nan,nan,1.0,1.0,0.1,,活期存款利率(税后)×5%+中证大农业指数×95%,D,nan,股票型,,nan,nan,E,D
150263.SZ,华宝中证1000指数分级-A,华宝基金管理有限公司,中国建设银行股份有限公司,股票型,20150604,20201118,20150616,20150525,20201118,0.2944,nan,nan,5.0,1.0,0.1,,活期存款利率(税后)×5%+中证1000指数×95%,D,被动指数型,股票型,,nan,nan,E,D
150254.SZ,前海开源中证大农业指数分级-B,前海开源基金管理有限公司,中国银河证券股份有限公司,股票型,20150604,20160719,nan,20150521,nan,nan,nan,nan,1.0,1.0,0.1,,活期存款利率(税后)×5%+中证大农业指数×95%,D,nan,股票型,,nan,nan,E,D
150264.SZ,华宝中证1000指数分级-B,华宝基金管理有限公司,中国建设银行股份有限公司,股票型,20150604,20201118,20150616,20150525,20201118,0.2944,nan,nan,5.0,1.0,0.1,,活期存款利率(税后)×5%+中证1000指数×95%,D,被动指数型,股票型,,nan,nan,E,D
150257.SZ,易方达生物科技指数分级-A,易方达基金管理有限公司,中国建设银行股份有限公司,股票型,20150603,20201202,20150611,20150518,20201201,6.8225,nan,nan,5.0,1.0,0.1,,活期存款利率(税后)×5%+中证万得生物科技指数×95%,D,被动指数型,股票型,,nan,nan,E,D
150256.SZ,易方达银行指数分级-B,易方达基金管理有限公司,中国建设银行股份有限公司,股票型,20150603,20200806,20150611,20150518,20200805,nan,nan,nan,5.0,1.0,0.1,,活期存款利率(税后)×5%+中证银行指数×95%,D,被动指数型,股票型,,nan,nan,E,D
150255.SZ,易方达银行指数分级-A,易方达基金管理有限公司,中国建设银行股份有限公司,股票型,20150603,20200806,20150611,20150518,20200805,3.7786,nan,nan,5.0,1.0,0.1,,活期存款利率(税后)×5%+中证银行指数×95%,D,被动指数型,股票型,,nan,nan,E,D
150295.SZ,南方中证国有企业改革指数分级-A,南方基金管理股份有限公司,海通证券股份有限公司,股票型,20150603,20201130,20150615,20150525,20201130,nan,nan,nan,5.0,1.0,0.1,,活期存款利率(税后)×5%+中证国有企业改革指数×95%,D,被动指数型,股票型,,nan,nan,E,D
150260.SZ,易方达并购重组指数分级-B,易方达基金管理有限公司,中国建设银行股份有限公司,股票型,20150603,20201231,20150611,20150518,20210104,nan,nan,nan,5.0,1.0,0.1,,活期存款利率(税后)×5%+中证万得并购重组指数×95%,D,被动指数型,股票型,,nan,nan,E,D
150296.SZ,南方中证国有企业改革指数分级-B,南方基金管理股份有限公司,海通证券股份有限公司,股票型,20150603,20201130,20150615,20150525,20201130,nan,nan,nan,5.0,1.0,0.1,,活期存款利率(税后)×5%+中证国有企业改革指数×95%,D,被动指数型,股票型,,nan,nan,E,D
150259.SZ,易方达并购重组指数分级-A,易方达基金管理有限公司,中国建设银行股份有限公司,股票型,20150603,20201231,20150611,20150518,20210104,100.3397,nan,nan,5.0,1.0,0.1,,活期存款利率(税后)×5%+中证万得并购重组指数×95%,D,被动指数型,股票型,,nan,nan,E,D
150258.SZ,易方达生物科技指数分级-B,易方达基金管理有限公司,中国建设银行股份有限公司,股票型,20150603,20201202,20150611,20150518,20201201,nan,nan,nan,5.0,1.0,0.1,,活期存款利率(税后)×5%+中证万得生物科技指数×95%,D,被动指数型,股票型,,nan,nan,E,D
502014.SH,长盛中证申万一带一路主题指数分级-A,长盛基金管理有限公司,中国银行股份有限公司,股票型,20150529,20201231,20150609,20150512,20210105,41.5578,nan,nan,5.0,1.0,0.1,,活期存款利率(税后)×5%+中证申万一带一路主题投资指数×95%,D,被动指数型,股票型,,nan,nan,E,D
502015.SH,长盛中证申万一带一路主题指数分级-B,长盛基金管理有限公司,中国银行股份有限公司,股票型,20150529,20201231,20150609,20150512,20210105,0.0,nan,nan,5.0,1.0,0.1,,活期存款利率(税后)×5%+中证申万一带一路主题投资指数×95%,D,被动指数型,股票型,,nan,nan,E,D
150233.SZ,申万菱信中证申万传媒行业投资指数分级-A,申万菱信基金管理有限公司,上海银行股份有限公司,股票型,20150529,20180815,20150610,20150518,20180822,nan,nan,nan,3.0,1.0,0.1,,中证申万传媒行业投资指数收益率×95%+银行同业存款利率×5%,D,被动指数型,股票型,,nan,nan,E,D
150234.SZ,申万菱信中证申万传媒行业投资指数分级-B,申万菱信基金管理有限公司,上海银行股份有限公司,股票型,20150529,20180815,20150610,20150518,20180822,nan,nan,nan,3.0,1.0,0.1,,中证申万传媒行业投资指数收益率×95%+银行同业存款利率×5%,D,被动指数型,股票型,,nan,nan,E,D
150279.SZ,鹏华中证新能源指数分级-A,鹏华基金管理有限公司,招商银行股份有限公司,股票型,20150529,20200707,20150605,20150518,20200714,nan,nan,nan,5.0,1.0,0.1,,活期存款利率(税后)×5%+中证新能源指数×95%,D,被动指数型,股票型,,nan,nan,E,D
150280.SZ,鹏华中证新能源指数分级-B,鹏华基金管理有限公司,招商银行股份有限公司,股票型,20150529,20200707,20150605,20150518,20200714,nan,nan,nan,5.0,1.0,0.1,,活期存款利率(税后)×5%+中证新能源指数×95%,D,被动指数型,股票型,,nan,nan,E,D
150277.SZ,鹏华中证高铁产业指数分级-A,鹏华基金管理有限公司,招商银行股份有限公司,股票型,20150527,20201231,20150605,20150518,20210104,nan,nan,nan,5.0,1.0,0.1,,活期存款利率(税后)×5%+中证高铁产业指数×95%,D,被动指数型,股票型,,nan,nan,E,D
150270.SZ,招商中证白酒指数分级-B,招商基金管理有限公司,中国银行股份有限公司,股票型,20150527,20201231,20150605,20150512,20210104,nan,nan,nan,5.0,1.0,0.1,,活期存款利率(税后)×5%+中证白酒指数×95%,D,被动指数型,股票型,,nan,nan,E,D
150271.SZ,招商国证生物医药指数分级-A,招商基金管理有限公司,中国银行股份有限公司,股票型,20150527,20201231,20150605,20150519,20210104,nan,nan,nan,5.0,1.0,0.1,,活期存款利率(税后)×5%+国证生物医药指数×95%,D,被动指数型,股票型,,nan,nan,E,D
150272.SZ,招商国证生物医药指数分级-B,招商基金管理有限公司,中国银行股份有限公司,股票型,20150527,20201231,20150605,20150519,20210104,nan,nan,nan,5.0,1.0,0.1,,活期存款利率(税后)×5%+国证生物医药指数×95%,D,被动指数型,股票型,,nan,nan,E,D
150269.SZ,招商中证白酒指数分级-A,招商基金管理有限公司,中国银行股份有限公司,股票型,20150527,20201231,20150605,20150512,20210104,nan,nan,nan,5.0,1.0,0.1,,活期存款利率(税后)×5%+中证白酒指数×95%,D,被动指数型,股票型,,nan,nan,E,D
502022.SH,国金上证50指数分级-B,国金基金管理有限公司,中国民生银行股份有限公司,股票型,20150527,20191013,20150605,20150511,20191013,nan,nan,nan,4.0,1.0,0.1,,上海证券交易所50成份指数×95%+活期存款利率(税后)×5%,D,被动指数型,股票型,,nan,nan,E,D
502021.SH,国金上证50指数分级-A,国金基金管理有限公司,中国民生银行股份有限公司,股票型,20150527,20191013,20150605,20150511,20191013,nan,nan,nan,4.0,1.0,0.1,,上海证券交易所50成份指数×95%+活期存款利率(税后)×5%,D,被动指数型,股票型,,nan,nan,E,D
5020201.SH,国金上证50指数分级,国金基金管理有限公司,中国民生银行股份有限公司,股票型,20150527,20191013,20150605,20150511,20191013,2.0696,nan,nan,4.0,1.0,0.1,,上海证券交易所50成份指数×95%+活期存款利率(税后)×5%,D,nan,股票型,,20150605,20150605,E,D
150278.SZ,鹏华中证高铁产业指数分级-B,鹏华基金管理有限公司,招商银行股份有限公司,股票型,20150527,20201231,20150605,20150518,20210104,nan,nan,nan,5.0,1.0,0.1,,活期存款利率(税后)×5%+中证高铁产业指数×95%,D,被动指数型,股票型,,nan,nan,E,D
159942.SZ,华润元大中创100ETF,华润元大基金管理有限公司,招商证券股份有限公司,股票型,20150525,20181105,20150625,20150415,20181106,3.8138,nan,nan,3.0,1.0,0.1,,中小企业板创业板100指数(价格)×100%,D,被动指数型,股票型,,20150625,20150625,E,D
150261.SZ,华宝中证医疗指数分级-A,华宝基金管理有限公司,中国银行股份有限公司,股票型,20150521,20201231,20150608,20150511,20210104,4.6832,nan,nan,5.0,1.0,0.1,,活期存款利率(税后)×5%+中证医疗指数×95%,D,被动指数型,股票型,,nan,nan,E,D
150262.SZ,华宝中证医疗指数分级-B,华宝基金管理有限公司,中国银行股份有限公司,股票型,20150521,20201231,20150608,20150511,20210104,4.6832,nan,nan,5.0,1.0,0.1,,活期存款利率(税后)×5%+中证医疗指数×95%,D,被动指数型,股票型,,nan,nan,E,D
150248.SZ,工银瑞信中证传媒指数分级-B,工银瑞信基金管理有限公司,国信证券股份有限公司,股票型,20150521,20201125,20150529,20150504,20201125,nan,nan,nan,5.0,1.0,0.1,,活期存款利率(税后)×5%+中证传媒指数×95%,D,被动指数型,股票型,,nan,nan,E,D
150247.SZ,工银瑞信中证传媒指数分级-A,工银瑞信基金管理有限公司,国信证券股份有限公司,股票型,20150521,20201125,20150529,20150504,20201125,nan,nan,nan,5.0,1.0,0.1,,活期存款利率(税后)×5%+中证传媒指数×95%,D,被动指数型,股票型,,nan,nan,E,D
150249.SZ,招商中证银行指数分级-A,招商基金管理有限公司,中信银行股份有限公司,股票型,20150520,20201231,20150528,20150504,20210104,nan,nan,nan,5.0,1.0,0.1,,活期存款利率(税后)×5%+中证银行指数×95%,D,被动指数型,股票型,,nan,nan,E,D
150252.SZ,招商中证煤炭等权指数分级-B,招商基金管理有限公司,中国银行股份有限公司,股票型,20150520,20201231,20150528,20150504,20210104,nan,nan,nan,5.0,1.0,0.1,,活期存款利率(税后)×5%+中证煤炭等权指数×95%,D,被动指数型,股票型,,nan,nan,E,D
150251.SZ,招商中证煤炭等权指数分级-A,招商基金管理有限公司,中国银行股份有限公司,股票型,20150520,20201231,20150528,20150504,20210104,nan,nan,nan,5.0,1.0,0.1,,活期存款利率(税后)×5%+中证煤炭等权指数×95%,D,被动指数型,股票型,,nan,nan,E,D
150250.SZ,招商中证银行指数分级-B,招商基金管理有限公司,中信银行股份有限公司,股票型,20150520,20201231,20150528,20150504,20210104,nan,nan,nan,5.0,1.0,0.1,,活期存款利率(税后)×5%+中证银行指数×95%,D,被动指数型,股票型,,nan,nan,E,D
150225.SZ,博时中证800证券保险指数分级-A,博时基金管理有限公司,中国银行股份有限公司,股票型,20150519,20200806,20150528,20150427,20200805,nan,nan,nan,5.0,1.0,0.1,,活期存款利率(税后)×5%+中证800证券保险指数×95%,D,被动指数型,股票型,,nan,nan,E,D
150226.SZ,博时中证800证券保险指数分级-B,博时基金管理有限公司,中国银行股份有限公司,股票型,20150519,20200806,20150528,20150427,20200805,nan,nan,nan,5.0,1.0,0.1,,活期存款利率(税后)×5%+中证800证券保险指数×95%,D,被动指数型,股票型,,nan,nan,E,D
150273.SZ,鹏华中证一带一路主题指数分级-A,鹏华基金管理有限公司,招商银行股份有限公司,股票型,20150518,20201231,20150525,20150508,20210104,nan,nan,nan,5.0,1.0,0.1,,活期存款利率(税后)×5%+中证一带一路主题指数×95%,D,被动指数型,股票型,,nan,nan,E,D
150274.SZ,鹏华中证一带一路主题指数分级-B,鹏华基金管理有限公司,招商银行股份有限公司,股票型,20150518,20201231,20150525,20150508,20210104,nan,nan,nan,5.0,1.0,0.1,,活期存款利率(税后)×5%+中证一带一路主题指数×95%,D,被动指数型,股票型,,nan,nan,E,D
150232.SZ,申万菱信中证申万电子行业投资指数分级-B,申万菱信基金管理有限公司,广发银行股份有限公司,股票型,20150514,20201110,20150528,20150421,20201109,nan,nan,nan,5.0,1.0,0.1,,同业存款利息率×5%+中证申万电子行业投资指数×95%,D,被动指数型,股票型,,nan,nan,E,D
150231.SZ,申万菱信中证申万电子行业投资指数分级-A,申万菱信基金管理有限公司,广发银行股份有限公司,股票型,20150514,20201110,20150528,20150421,20201109,nan,nan,nan,5.0,1.0,0.1,,同业存款利息率×5%+中证申万电子行业投资指数×95%,D,被动指数型,股票型,,nan,nan,E,D
150265.SZ,中融中证一带一路主题指数分级-A,国联基金管理有限公司,中国农业银行股份有限公司,股票型,20150514,20201104,20150522,20150508,20201105,nan,nan,nan,5.0,1.0,0.1,,活期存款利率(税后)×5%+中证一带一路主题指数×95%,D,被动指数型,股票型,,nan,nan,E,D
150266.SZ,中融中证一带一路主题指数分级-B,国联基金管理有限公司,中国农业银行股份有限公司,股票型,20150514,20201104,20150522,20150508,20201105,nan,nan,nan,5.0,1.0,0.1,,活期存款利率(税后)×5%+中证一带一路主题指数×95%,D,被动指数型,股票型,,nan,nan,E,D
150275.SZ,安信中证一带一路主题指数分级-A,安信基金管理有限责任公司,招商证券股份有限公司,股票型,20150514,20201231,20150522,20150511,20210104,nan,nan,nan,5.0,1.0,0.1,,活期存款利率(税后)×5%+中证一带一路主题指数×95%,D,被动指数型,股票型,,nan,nan,E,D
150276.SZ,安信中证一带一路主题指数分级-B,安信基金管理有限责任公司,招商证券股份有限公司,股票型,20150514,20201231,20150522,20150511,20210104,nan,nan,nan,5.0,1.0,0.1,,活期存款利率(税后)×5%+中证一带一路主题指数×95%,D,被动指数型,股票型,,nan,nan,E,D
150235.SZ,鹏华中证全指证券公司指数分级-A,鹏华基金管理有限公司,中国建设银行股份有限公司,股票型,20150506,20201231,20150515,20150427,20210104,nan,nan,nan,5.0,1.0,0.1,,活期存款利率(税后)×5%+中证全指证券公司指数×95%,D,被动指数型,股票型,,nan,nan,E,D
150236.SZ,鹏华中证全指证券公司指数分级-B,鹏华基金管理有限公司,中国建设银行股份有限公司,股票型,20150506,20201231,20150515,20150427,20210104,nan,nan,nan,5.0,1.0,0.1,,活期存款利率(税后)×5%+中证全指证券公司指数×95%,D,被动指数型,股票型,,nan,nan,E,D
150241.SZ,富国中证银行指数分级-A,富国基金管理有限公司,中国农业银行股份有限公司,股票型,20150430,20190509,20150513,20150416,20190510,nan,nan,nan,4.0,1.0,0.1,,活期存款利率(税后)×5%+中证银行指数×95%,D,被动指数型,股票型,,nan,nan,E,D
150242.SZ,富国中证银行指数分级-B,富国基金管理有限公司,中国农业银行股份有限公司,股票型,20150430,20190509,20150513,20150416,20190510,nan,nan,nan,4.0,1.0,0.1,,活期存款利率(税后)×5%+中证银行指数×95%,D,被动指数型,股票型,,nan,nan,E,D
150230.SZ,鹏华中证酒指数分级-B,鹏华基金管理有限公司,中国建设银行股份有限公司,股票型,20150429,20201231,20150511,20150420,20210104,nan,nan,nan,5.0,1.0,0.1,,活期存款利率(税后)×5%+中证酒指数×95%,D,被动指数型,股票型,,nan,nan,E,D
150229.SZ,鹏华中证酒指数分级-A,鹏华基金管理有限公司,中国建设银行股份有限公司,股票型,20150429,20201231,20150511,20150420,20210104,nan,nan,nan,5.0,1.0,0.1,,活期存款利率(税后)×5%+中证酒指数×95%,D,被动指数型,股票型,,nan,nan,E,D
150227.SZ,鹏华中证银行指数分级-A,鹏华基金管理有限公司,中国建设银行股份有限公司,股票型,20150417,20201231,20150428,20150407,20210104,nan,nan,nan,5.0,1.0,0.1,,活期存款利率(税后)×5%+中证银行指数×95%,D,被动指数型,股票型,,nan,nan,E,D
150228.SZ,鹏华中证银行指数分级-B,鹏华基金管理有限公司,中国建设银行股份有限公司,股票型,20150417,20201231,20150428,20150407,20210104,nan,nan,nan,5.0,1.0,0.1,,活期存款利率(税后)×5%+中证银行指数×95%,D,被动指数型,股票型,,nan,nan,E,D
150220.SZ,前海开源中证健康产业指数分级-B,前海开源基金管理有限公司,国信证券股份有限公司,股票型,20150416,20201217,20150508,20150330,20201217,nan,nan,nan,5.0,1.0,0.1,,活期存款利率(税后)×5%+中证健康产业指数×95%,D,被动指数型,股票型,,nan,nan,E,D
150219.SZ,前海开源中证健康产业指数分级-A,前海开源基金管理有限公司,国信证券股份有限公司,股票型,20150416,20201217,20150508,20150330,20201217,nan,nan,nan,5.0,1.0,0.1,,活期存款利率(税后)×5%+中证健康产业指数×95%,D,被动指数型,股票型,,nan,nan,E,D
512340.SH,南方中证500原材料指数ETF,南方基金管理股份有限公司,中国农业银行股份有限公司,股票型,20150416,20210114,20150515,20150330,20210416,9.9173,nan,nan,6.0,1.0,0.1,,中证500原材料指数×100%,D,被动指数型,股票型,,20150515,20150515,E,D
502050.SH,易方达上证50指数分级-B,易方达基金管理有限公司,交通银行股份有限公司,股票型,20150415,20201231,20150427,20150330,20210105,nan,nan,nan,5.0,1.0,0.1,,上海证券交易所50成份指数×95%+活期存款利率(税后)×5%,D,被动指数型,股票型,,nan,nan,E,D
5020001.SH,西部利得中证500等权重指数分级,西部利得基金管理有限公司,兴业银行股份有限公司,股票型,20150415,20200218,20150427,20150330,20200218,2.0299,nan,nan,5.0,1.0,0.1,,活期存款利率(税后)×5%+中证500等权重指数×95%,D,nan,股票型,,20150427,20150427,E,D
502001.SH,西部利得中证500等权重指数分级-A,西部利得基金管理有限公司,兴业银行股份有限公司,股票型,20150415,20200218,20150427,20150330,20200218,1.0034,nan,nan,5.0,1.0,0.1,,活期存款利率(税后)×5%+中证500等权重指数×95%,D,被动指数型,股票型,,nan,nan,E,D
502002.SH,西部利得中证500等权重指数分级-B,西部利得基金管理有限公司,兴业银行股份有限公司,股票型,20150415,20200218,20150427,20150330,20200218,1.0034,nan,nan,5.0,1.0,0.1,,活期存款利率(税后)×5%+中证500等权重指数×95%,D,被动指数型,股票型,,nan,nan,E,D
502049.SH,易方达上证50指数分级-A,易方达基金管理有限公司,交通银行股份有限公司,股票型,20150415,20201231,20150427,20150330,20210105,24.743,nan,nan,5.0,1.0,0.1,,上海证券交易所50成份指数×95%+活期存款利率(税后)×5%,D,被动指数型,股票型,,nan,nan,E,D
512310.SH,南方中证500工业指数ETF,南方基金管理股份有限公司,中国农业银行股份有限公司,股票型,20150408,20210107,20150508,20150319,20210416,9.4089,nan,nan,6.0,1.0,0.1,,中证500工业指数×100%,D,被动指数型,股票型,,20150508,20150508,E,D
150212.SZ,富国中证新能源汽车指数分级-B,富国基金管理有限公司,中国建设银行股份有限公司,股票型,20150330,20201231,20150413,20150312,20210104,nan,nan,nan,5.0,1.0,0.1,,活期存款利率(税后)×5%+中证新能源汽车指数×95%,D,被动指数型,股票型,,nan,nan,E,D
150222.SZ,前海开源中航军工指数分级-B,前海开源基金管理有限公司,招商证券股份有限公司,股票型,20150330,20201231,20150420,20150316,20210104,nan,nan,nan,5.0,1.0,0.1,,活期存款利率(税后)×5%+中证中航军工主题指数×95%,D,被动指数型,股票型,,nan,nan,E,D
150221.SZ,前海开源中航军工指数分级-A,前海开源基金管理有限公司,招商证券股份有限公司,股票型,20150330,20201231,20150420,20150316,20210104,nan,nan,nan,5.0,1.0,0.1,,活期存款利率(税后)×5%+中证中航军工主题指数×95%,D,被动指数型,股票型,,nan,nan,E,D
150211.SZ,富国中证新能源汽车指数分级-A,富国基金管理有限公司,中国建设银行股份有限公司,股票型,20150330,20201231,20150413,20150312,20210104,nan,nan,nan,5.0,1.0,0.1,,活期存款利率(税后)×5%+中证新能源汽车指数×95%,D,被动指数型,股票型,,nan,nan,E,D
150197.SZ,国泰国证有色金属行业指数分级-B,国泰基金管理有限公司,中国建设银行股份有限公司,股票型,20150330,20201231,20150415,20150316,20210104,nan,nan,nan,5.0,1.0,0.1,,国证有色金属行业指数收益率×95%+银行活期存款利率(税后)×5%,D,被动指数型,股票型,,nan,nan,E,D
150196.SZ,国泰国证有色金属行业指数分级-A,国泰基金管理有限公司,中国建设银行股份有限公司,股票型,20150330,20201231,20150415,20150316,20210104,nan,nan,nan,5.0,1.0,0.1,,国证有色金属行业指数收益率×95%+银行活期存款利率(税后)×5%,D,被动指数型,股票型,,nan,nan,E,D
150224.SZ,富国中证全指证券公司指数分级-B,富国基金管理有限公司,中国建设银行股份有限公司,股票型,20150327,20201231,20150410,20150316,20210104,nan,nan,nan,5.0,1.0,0.1,,活期存款利率(税后)×5%+中证全指证券公司指数×95%,D,被动指数型,股票型,,nan,nan,E,D
150223.SZ,富国中证全指证券公司指数分级-A,富国基金管理有限公司,中国建设银行股份有限公司,股票型,20150327,20201231,20150410,20150316,20210104,nan,nan,nan,5.0,1.0,0.1,,活期存款利率(税后)×5%+中证全指证券公司指数×95%,D,被动指数型,股票型,,nan,nan,E,D
150136.SZ,国富中证100指数增强分级-B,国海富兰克林基金管理有限公司,中国银行股份有限公司,股票型,20150326,20200326,20150410,20150302,20200327,nan,nan,nan,5.0,1.0,0.1,,同业存款利息率×5%+中证100指数×95%,D,增强指数型,股票型,,nan,nan,E,D
150215.SZ,国泰深证TMT50指数分级-A,国泰基金管理有限公司,中国农业银行股份有限公司,股票型,20150326,20201202,20150410,20150305,20201202,nan,nan,nan,5.0,1.0,0.1,,活期存款利率(税后)×5%+深证电子信息传媒产业50指数(深证TMT50P)×95%,D,被动指数型,股票型,,nan,nan,E,D
150216.SZ,国泰深证TMT50指数分级-B,国泰基金管理有限公司,中国农业银行股份有限公司,股票型,20150326,20201202,20150410,20150305,20201202,nan,nan,nan,5.0,1.0,0.1,,活期存款利率(税后)×5%+深证电子信息传媒产业50指数(深证TMT50P)×95%,D,被动指数型,股票型,,nan,nan,E,D
150218.SZ,交银国证新能源指数分级-B,交银施罗德基金管理有限公司,中国建设银行股份有限公司,股票型,20150326,20201129,20150409,20150309,20201126,nan,nan,nan,5.0,1.0,0.1,,活期存款利率(税后)×5%+国证新能源指数×95%,D,被动指数型,股票型,,nan,nan,E,D
150217.SZ,交银国证新能源指数分级-A,交银施罗德基金管理有限公司,中国建设银行股份有限公司,股票型,20150326,20201129,20150409,20150309,20201126,33.9528,nan,nan,5.0,1.0,0.1,,活期存款利率(税后)×5%+国证新能源指数×95%,D,被动指数型,股票型,,nan,nan,E,D
150135.SZ,国富中证100指数增强分级-A,国海富兰克林基金管理有限公司,中国银行股份有限公司,股票型,20150326,20200326,20150410,20150302,20200327,nan,nan,nan,5.0,1.0,0.1,,同业存款利息率×5%+中证100指数×95%,D,增强指数型,股票型,,nan,nan,E,D
150213.SZ,国投瑞银瑞泽中证创业成长指数分级-A,国投瑞银基金管理有限公司,中国工商银行股份有限公司,股票型,20150317,20200624,20150327,20150309,20200703,2.1945,nan,nan,5.0,1.0,0.1,,活期存款利率(税后)×5%+中证创业成长指数×95%,D,被动指数型,股票型,,nan,nan,E,D
150214.SZ,国投瑞银瑞泽中证创业成长指数分级-B,国投瑞银基金管理有限公司,中国工商银行股份有限公司,股票型,20150317,20200624,20150327,20150309,20200703,nan,nan,nan,5.0,1.0,0.1,,活期存款利率(税后)×5%+中证创业成长指数×95%,D,被动指数型,股票型,,nan,nan,E,D
150209.SZ,富国中证国有企业改革指数分级-A,富国基金管理有限公司,中国农业银行股份有限公司,股票型,20141217,20201231,20141230,20141128,20210104,nan,nan,nan,6.0,1.0,0.1,,活期存款利率(税后)×5%+中证国有企业改革指数×95%,D,被动指数型,股票型,,nan,nan,E,D
150210.SZ,富国中证国有企业改革指数分级-B,富国基金管理有限公司,中国农业银行股份有限公司,股票型,20141217,20201231,20141230,20141128,20210104,nan,nan,nan,6.0,1.0,0.1,,活期存款利率(税后)×5%+中证国有企业改革指数×95%,D,被动指数型,股票型,,nan,nan,E,D
150203.SZ,鹏华中证传媒指数分级-A,鹏华基金管理有限公司,中国建设银行股份有限公司,股票型,20141211,20201231,20141222,20141124,20210104,nan,nan,nan,6.0,1.0,0.1,,活期存款利率(税后)×5%+中证传媒指数×95%,D,被动指数型,股票型,,nan,nan,E,D
150204.SZ,鹏华中证传媒指数分级-B,鹏华基金管理有限公司,中国建设银行股份有限公司,股票型,20141211,20201231,20141222,20141124,20210104,nan,nan,nan,6.0,1.0,0.1,,活期存款利率(税后)×5%+中证传媒指数×95%,D,被动指数型,股票型,,nan,nan,E,D
150174.SZ,信诚中证TMT产业主题指数分级-B,中信保诚基金管理有限公司,中国建设银行股份有限公司,股票型,20141128,20201231,20141222,20141110,20210104,nan,nan,nan,6.0,1.0,0.1,,同业存款利息率×5%+中证TMT产业主题指数×95%,D,被动指数型,股票型,,nan,nan,E,D
150173.SZ,信诚中证TMT产业主题指数分级-A,中信保诚基金管理有限公司,中国建设银行股份有限公司,股票型,20141128,20201231,20141222,20141110,20210104,nan,nan,nan,6.0,1.0,0.1,,同业存款利息率×5%+中证TMT产业主题指数×95%,D,被动指数型,股票型,,nan,nan,E,D
150208.SZ,招商沪深300地产等权重指数分级-B,招商基金管理有限公司,中国银行股份有限公司,股票型,20141127,20201231,20141212,20141103,20210104,nan,nan,nan,6.0,1.0,0.1,,活期存款利率(税后)×5%+沪深300地产等权重指数×95%,D,被动指数型,股票型,,nan,nan,E,D
150207.SZ,招商沪深300地产等权重指数分级-A,招商基金管理有限公司,中国银行股份有限公司,股票型,20141127,20201231,20141212,20141103,20210104,nan,nan,nan,6.0,1.0,0.1,,活期存款利率(税后)×5%+沪深300地产等权重指数×95%,D,被动指数型,股票型,,nan,nan,E,D
150201.SZ,招商中证全指证券公司指数分级-B,招商基金管理有限公司,中国银行股份有限公司,股票型,20141113,20201231,20141128,20141020,20210104,nan,nan,nan,6.0,1.0,0.1,,活期存款利率(税后)×5%+中证全指证券公司指数×95%,D,被动指数型,股票型,,nan,nan,E,D
150200.SZ,招商中证全指证券公司指数分级-A,招商基金管理有限公司,中国银行股份有限公司,股票型,20141113,20201231,20141128,20141020,20210104,nan,nan,nan,6.0,1.0,0.1,,活期存款利率(税后)×5%+中证全指证券公司指数×95%,D,被动指数型,股票型,,nan,nan,E,D
150205.SZ,鹏华中证国防指数分级-A,鹏华基金管理有限公司,中国建设银行股份有限公司,股票型,20141113,20201231,20141205,20141027,20210104,nan,nan,nan,6.0,1.0,0.1,,活期存款利率(税后)×5%+中证国防指数×95%,D,被动指数型,股票型,,nan,nan,E,D
150206.SZ,鹏华中证国防指数分级-B,鹏华基金管理有限公司,中国建设银行股份有限公司,股票型,20141113,20201231,20141205,20141027,20210104,nan,nan,nan,6.0,1.0,0.1,,活期存款利率(税后)×5%+中证国防指数×95%,D,被动指数型,股票型,,nan,nan,E,D
512300.SH,南方中证500医药卫生指数ETF,南方基金管理股份有限公司,中国农业银行股份有限公司,股票型,20141030,20201223,20141218,20141009,20210312,11.8312,nan,nan,6.0,1.0,0.1,,中证500医药卫生指数×100%,D,被动指数型,股票型,,20141218,20141218,E,D
150199.SZ,国泰国证食品饮料行业指数分级-B,国泰基金管理有限公司,中国农业银行股份有限公司,股票型,20141023,20201231,20141105,20140915,20210104,nan,nan,nan,6.0,1.0,0.1,,活期存款利率(税后)×5%+国证食品饮料行业指数×95%,D,被动指数型,股票型,,nan,nan,E,D
150198.SZ,国泰国证食品饮料行业指数分级-A,国泰基金管理有限公司,中国农业银行股份有限公司,股票型,20141023,20201231,20141105,20140915,20210104,nan,nan,nan,6.0,1.0,0.1,,活期存款利率(税后)×5%+国证食品饮料行业指数×95%,D,被动指数型,股票型,,nan,nan,E,D
505888.SH,嘉实元和直投封闭混合,嘉实基金管理有限公司,中国工商银行股份有限公司,混合型,20140929,20190812,20150316,20140923,20190909,100.0,nan,nan,5.0,1.0,0.1,,五年期银行定期存款利率(税后)×100%+2%,D,混合型,混合型,,nan,nan,E,D
150193.SZ,鹏华中证800地产指数分级-B,鹏华基金管理有限公司,中国建设银行股份有限公司,股票型,20140912,20201231,20140923,20140821,20210104,nan,nan,nan,6.0,1.0,0.1,,活期存款利率(税后)×5%+中证800地产指数×95%,D,被动指数型,股票型,,nan,nan,E,D
150192.SZ,鹏华中证800地产指数分级-A,鹏华基金管理有限公司,中国建设银行股份有限公司,股票型,20140912,20201231,20140923,20140821,20210104,nan,nan,nan,6.0,1.0,0.1,,活期存款利率(税后)×5%+中证800地产指数×95%,D,被动指数型,股票型,,nan,nan,E,D
150191.SZ,新华中证环保产业指数分级-B,新华基金管理股份有限公司,中国建设银行股份有限公司,股票型,20140911,20201202,20141016,20140811,20201201,nan,nan,nan,6.0,1.0,0.1,,活期存款利率(税后)×5%+中证环保产业指数×95%,D,被动指数型,股票型,,nan,nan,E,D
150190.SZ,新华中证环保产业指数分级-A,新华基金管理股份有限公司,中国建设银行股份有限公司,股票型,20140911,20201202,20141016,20140811,20201201,nan,nan,nan,6.0,1.0,0.1,,活期存款利率(税后)×5%+中证环保产业指数×95%,D,被动指数型,股票型,,nan,nan,E,D
163827.SZ,中银产业债一年定开债券(LOF),中银基金管理有限公司,中国工商银行股份有限公司,债券型,20140904,20200305,20141218,20140811,20200303,21.6007,nan,nan,6.0,1.0,0.1,,一年定期存款利率(税后)×100%+1%,D,nan,债券型,,20150907,20150907,E,D
1638271.SZ,中银产业债一年定开债券(LOF),中银基金管理有限公司,中国工商银行股份有限公司,债券型,20140904,20200305,20141218,20140811,20200303,21.6007,nan,nan,6.0,1.0,0.1,,一年定期存款利率(税后)×100%+1%,D,nan,债券型,,20150907,20150907,E,D
162308.SZ,海富通稳进增利债券(LOF),海富通基金管理有限公司,中国建设银行股份有限公司,债券型,20140902,20170427,20140916,nan,20170428,nan,nan,nan,3.0,1.0,nan,,中证全债指数×90%+沪深300指数×10%,D,债券型,债券型,,20140916,20140916,E,D
150194.SZ,富国中证移动互联网指数分级-A,富国基金管理有限公司,招商证券股份有限公司,股票型,20140902,20201231,20140922,20140813,20210104,0.3925,nan,nan,6.0,1.0,0.1,,活期存款利率(税后)×5%+中证移动互联网指数×95%,D,被动指数型,股票型,,nan,nan,E,D
150195.SZ,富国中证移动互联网指数分级-B,富国基金管理有限公司,招商证券股份有限公司,股票型,20140902,20201231,20140922,20140813,20210104,0.3925,nan,nan,6.0,1.0,0.1,,活期存款利率(税后)×5%+中证移动互联网指数×95%,D,被动指数型,股票型,,nan,nan,E,D
150189.SZ,招商可转债分级债券-B,招商基金管理有限公司,中国农业银行股份有限公司,债券型,20140731,20201108,20140825,20140707,20201105,nan,nan,nan,6.0,1.0,0.1,,标普中国可转债指数×60%+中债-综合指数×40%,D,债券型,债券型,,nan,nan,E,D
150188.SZ,招商可转债分级债券-A,招商基金管理有限公司,中国农业银行股份有限公司,债券型,20140731,20201108,20140825,20140707,20201105,nan,nan,nan,6.0,1.0,0.1,,标普中国可转债指数×60%+中债-综合指数×40%,D,债券型,债券型,,nan,nan,E,D
150186.SZ,申万菱信中证军工指数分级-A,申万菱信基金管理有限公司,中国农业银行股份有限公司,股票型,20140724,20201231,20140811,20140630,20210104,nan,nan,nan,6.0,1.0,0.1,,同业存款利息率×5%+中证军工指数×95%,D,被动指数型,股票型,,nan,nan,E,D
150187.SZ,申万菱信中证军工指数分级-B,申万菱信基金管理有限公司,中国农业银行股份有限公司,股票型,20140724,20201231,20140811,20140630,20210104,nan,nan,nan,6.0,1.0,0.1,,同业存款利息率×5%+中证军工指数×95%,D,被动指数型,股票型,,nan,nan,E,D
512230.SH,景顺长城中证医药卫生ETF,景顺长城基金管理有限公司,中国银行股份有限公司,股票型,20140718,20180306,20140819,20140623,20190123,6.2787,nan,nan,4.0,1.0,0.1,,中证医药卫生指数×100%,D,被动指数型,股票型,,20140819,20140819,E,D
512210.SH,景顺长城中证800食品饮料ETF,景顺长城基金管理有限公司,中国银行股份有限公司,股票型,20140718,20180306,20140819,20140623,20180831,2.6881,nan,nan,4.0,1.0,0.1,,中证800食品饮料指数×100%,D,被动指数型,股票型,,20140819,20140819,E,D
512610.SH,嘉实中证医药卫生ETF,嘉实基金管理有限公司,中国银行股份有限公司,股票型,20140613,20221031,20140725,20140519,20221222,4.5964,nan,nan,8.0,1.0,0.1,,中证医药卫生指数×100%,D,被动指数型,股票型,,20140725,20140725,E,D
150184.SZ,申万菱信中证环保产业指数分级-A,申万菱信基金管理有限公司,中国农业银行股份有限公司,股票型,20140530,20201022,20140616,20140505,20201021,nan,nan,nan,6.0,1.0,0.1,,同业存款利息率×5%+中证环保产业指数×95%,D,被动指数型,股票型,,nan,nan,E,D
150185.SZ,申万菱信中证环保产业指数分级-B,申万菱信基金管理有限公司,中国农业银行股份有限公司,股票型,20140530,20201022,20140616,20140505,20201021,nan,nan,nan,6.0,1.0,0.1,,同业存款利息率×5%+中证环保产业指数×95%,D,被动指数型,股票型,,nan,nan,E,D
150162.SZ,银华永益分级债券-B,银华基金管理股份有限公司,招商银行股份有限公司,债券型,20140522,20170601,nan,20140514,nan,0.8099,nan,nan,3.0,1.0,0.1,,中债综合指数收益率×100%,D,nan,债券型,,nan,20170526,E,D
150164.SZ,东吴中证可转债指数分级-优先,东吴基金管理有限公司,平安银行股份有限公司,债券型,20140509,20200811,20140606,20140408,20200811,nan,nan,nan,6.0,1.0,0.1,,活期存款利率(税后)×5%+中证可转换债券指数×95%,D,被动指数型,债券型,,nan,nan,E,D
150165.SZ,东吴中证可转债指数分级-进取,东吴基金管理有限公司,平安银行股份有限公司,债券型,20140509,20200811,20140606,20140408,20200811,nan,nan,nan,6.0,1.0,0.1,,活期存款利率(税后)×5%+中证可转换债券指数×95%,D,被动指数型,债券型,,nan,nan,E,D
150179.SZ,鹏华中证信息技术指数分级-A,鹏华基金管理有限公司,中国建设银行股份有限公司,股票型,20140505,20201231,20140519,20140403,20210104,0.6338,nan,nan,6.0,1.0,0.1,,活期存款利率(税后)×5%+中证信息技术指数×95%,D,被动指数型,股票型,,nan,nan,E,D
150177.SZ,鹏华中证800证券保险指数分级-A,鹏华基金管理有限公司,中国建设银行股份有限公司,股票型,20140505,20201231,20140519,20140403,20210104,1.102,nan,nan,6.0,1.0,0.1,,活期存款利率(税后)×5%+中证800证券保险指数×95%,D,被动指数型,股票型,,nan,nan,E,D
150178.SZ,鹏华中证800证券保险指数分级-B,鹏华基金管理有限公司,中国建设银行股份有限公司,股票型,20140505,20201231,20140519,20140403,20210104,1.102,nan,nan,6.0,1.0,0.1,,活期存款利率(税后)×5%+中证800证券保险指数×95%,D,被动指数型,股票型,,nan,nan,E,D
150180.SZ,鹏华中证信息技术指数分级-B,鹏华基金管理有限公司,中国建设银行股份有限公司,股票型,20140505,20201231,20140519,20140403,20210104,0.6338,nan,nan,6.0,1.0,0.1,,活期存款利率(税后)×5%+中证信息技术指数×95%,D,被动指数型,股票型,,nan,nan,E,D
150175.SZ,银华恒生中国企业指数分级(QDII)-A,银华基金管理股份有限公司,中国建设银行股份有限公司,股票型,20140409,20201231,20140512,20140310,20210104,0.7726,nan,nan,6.0,1.0,0.1,,活期存款利率(税后)×5%+恒生中国企业指数×95%,D,被动指数型,股票型,,nan,nan,E,D
150176.SZ,银华恒生中国企业指数分级(QDII)-B,银华基金管理股份有限公司,中国建设银行股份有限公司,股票型,20140409,20201231,20140512,20140310,20210104,0.7726,nan,nan,6.0,1.0,0.1,,活期存款利率(税后)×5%+恒生中国企业指数×95%,D,被动指数型,股票型,,nan,nan,E,D
150182.SZ,富国中证军工指数分级-B,富国基金管理有限公司,中国建设银行股份有限公司,股票型,20140404,20201231,20140423,20140317,20210104,nan,nan,nan,6.0,1.0,0.1,,活期存款利率(税后)×5%+中证军工指数×95%,D,被动指数型,股票型,,nan,nan,E,D
150181.SZ,富国中证军工指数分级-A,富国基金管理有限公司,中国建设银行股份有限公司,股票型,20140404,20201231,20140423,20140317,20210104,nan,nan,nan,6.0,1.0,0.1,,活期存款利率(税后)×5%+中证军工指数×95%,D,被动指数型,股票型,,nan,nan,E,D
150171.SZ,申万菱信中证申万证券行业指数分级-A,申万菱信基金管理有限公司,中国工商银行股份有限公司,股票型,20140313,20201231,20140331,20140224,20210104,nan,nan,nan,6.0,1.0,0.1,,同业存款利息率×5%+中证申万证券行业指数×95%,D,被动指数型,股票型,,nan,nan,E,D
150172.SZ,申万菱信中证申万证券行业指数分级-B,申万菱信基金管理有限公司,中国工商银行股份有限公司,股票型,20140313,20201231,20140331,20140224,20210104,nan,nan,nan,6.0,1.0,0.1,,同业存款利息率×5%+中证申万证券行业指数×95%,D,被动指数型,股票型,,nan,nan,E,D
150166.SZ,国富恒利分级债券-B,国海富兰克林基金管理有限公司,中国银行股份有限公司,债券型,20140310,20170310,nan,20140212,nan,1.1381,nan,nan,3.0,1.0,0.1,,中债综合指数(全价)×100%,D,nan,债券型,,nan,nan,E,D
150169.SZ,汇添富恒生指数分级(QDII)-A,汇添富基金管理股份有限公司,中国农业银行股份有限公司,股票型,20140306,20201130,20140411,20140124,20201130,nan,nan,nan,6.0,1.0,0.1,,活期存款利率(税后)×5%+香港恒生指数×95%,D,被动指数型,股票型,,nan,nan,E,D
150170.SZ,汇添富恒生指数分级(QDII)-B,汇添富基金管理股份有限公司,中国农业银行股份有限公司,股票型,20140306,20201130,20140411,20140124,20201130,nan,nan,nan,6.0,1.0,0.1,,活期存款利率(税后)×5%+香港恒生指数×95%,D,被动指数型,股票型,,nan,nan,E,D
510520.SH,诺安中证500ETF,诺安基金管理有限公司,中国银行股份有限公司,股票型,20140207,20190705,20140310,20140106,20191031,8.7909,nan,nan,5.0,1.0,0.1,,中证小盘500指数×100%,D,被动指数型,股票型,,20140310,20140310,E,D
150161.SZ,新华惠鑫分级债券-B,新华基金管理股份有限公司,中国工商银行股份有限公司,债券型,20140124,20170124,20140328,20131226,20170124,2.9606,nan,nan,3.0,1.0,0.1,,中债新综合指数-全价指数×100%,D,债券型,债券型,,nan,nan,E,D
150167.SZ,银华沪深300指数分级-A,银华基金管理股份有限公司,中国建设银行股份有限公司,股票型,20140107,20201129,20140121,nan,20201127,nan,nan,nan,6.0,1.0,nan,,活期存款利率(税后)×5%+沪深300指数×95%,D,被动指数型,股票型,,20140121,20140121,E,D
150168.SZ,银华沪深300指数分级-B,银华基金管理股份有限公司,中国建设银行股份有限公司,股票型,20140107,20201129,20140121,nan,20201127,nan,nan,nan,6.0,1.0,nan,,活期存款利率(税后)×5%+沪深300指数×95%,D,被动指数型,股票型,,20140121,20140121,E,D
150158.SZ,信诚中证800金融指数分级-B,中信保诚基金管理有限公司,中国建设银行股份有限公司,股票型,20131220,20201231,20140122,20131125,20210104,nan,nan,nan,7.0,1.0,0.1,,同业存款利息率×5%+中证800金融指数×95%,D,被动指数型,股票型,,nan,nan,E,D
150157.SZ,信诚中证800金融指数分级-A,中信保诚基金管理有限公司,中国建设银行股份有限公司,股票型,20131220,20201231,20140122,20131125,20210104,nan,nan,nan,7.0,1.0,0.1,,同业存款利息率×5%+中证800金融指数×95%,D,被动指数型,股票型,,nan,nan,E,D
150160.SZ,融通通福分级债券-B,融通基金管理有限公司,中国工商银行股份有限公司,债券型,20131210,20161212,20140127,20131111,20161212,1.5842,nan,nan,3.0,1.0,0.1,,中债综合指数-全价指数×100%,D,债券型,债券型,,nan,nan,E,D
512110.SH,华安中证细分地产ETF,华安基金管理有限公司,中国建设银行股份有限公司,股票型,20131204,20160920,20140106,20131108,20170113,2.8714,nan,nan,3.0,1.0,0.1,,中证细分房地产产业主题指数×100%,D,被动指数型,股票型,,20140106,20140106,E,D
150159.SZ,中欧纯债添利分级债券-B,中欧基金管理有限公司,中国邮政储蓄银行股份有限公司,债券型,20131128,20191205,nan,20131028,nan,4.0541,nan,nan,6.0,1.0,0.1,,中债-综合指数-全价指数×100%,D,nan,债券型,,20161125,20161125,E,D
160131.SZ,南方聚利1年定开债券(LOF)-A,南方基金管理股份有限公司,中国银行股份有限公司,债券型,20131128,20210611,20140121,20131028,20210618,2.9451,nan,nan,8.0,1.0,0.1,,一年定期存款收益率(税后)×100%+1.2%,D,债券型,债券型,,20141201,20141201,E,D
150142.SZ,汇添富互利分级债券-B,汇添富基金管理股份有限公司,中国工商银行股份有限公司,债券型,20131106,20161104,20140430,20131021,20161107,2.1081,nan,nan,3.0,1.0,0.1,,中债综合指数×100%,D,债券型,债券型,,nan,nan,E,D
150138.SZ,银华中证800等权重指数增强分级-A,银华基金管理股份有限公司,中国银行股份有限公司,股票型,20131105,20190415,20131211,20131009,20190416,nan,nan,nan,6.0,1.0,0.1,,活期存款利率(税后)×5%+中证800等权重指数×95%,D,增强指数型,股票型,,nan,nan,E,D
150139.SZ,银华中证800等权重指数增强分级-B,银华基金管理股份有限公司,中国银行股份有限公司,股票型,20131105,20190415,20131211,20131009,20190416,nan,nan,nan,6.0,1.0,0.1,,活期存款利率(税后)×5%+中证800等权重指数×95%,D,增强指数型,股票型,,nan,nan,E,D
1648141.SZ,工银瑞信双债增强债券,工银瑞信基金管理有限公司,中国银行股份有限公司,债券型,20130925,20160925,20131223,20130819,20160925,4.1212,nan,nan,3.0,1.0,0.1,,天相转债指数×40%+企业债总指数-全价指数×60%,D,nan,债券型,,nan,nan,E,D
150156.SZ,中银互利分级债券-B,中银基金管理有限公司,中国民生银行股份有限公司,债券型,20130924,20171108,20131219,20130910,20171103,9.0005,nan,nan,4.0,1.0,0.1,,中债综合指数(全价)×100%,D,债券型,债券型,,20150925,20150925,E,D
150147.SZ,天弘同利分级债券-B,天弘基金管理有限公司,中国工商银行股份有限公司,债券型,20130917,20160919,20131030,20130902,20160919,2.5444,nan,nan,3.0,1.0,0.1,,中债综合指数×100%,D,债券型,债券型,,nan,nan,E,D
150153.SZ,富国创业板指数分级-B,富国基金管理有限公司,中国建设银行股份有限公司,股票型,20130912,20201231,20130930,20130812,20210104,0.3064,nan,nan,7.0,1.0,0.1,,活期存款利率(税后)×5%+创业板指数P×95%,D,被动指数型,股票型,,nan,nan,E,D
150154.SZ,中海惠丰纯债分级债券-B,中海基金管理有限公司,广发银行股份有限公司,债券型,20130912,20171109,20131206,20130816,20171117,3.6012,nan,nan,4.0,1.0,0.1,,中证全债指数×100%,D,债券型,债券型,,20150915,20150915,E,D
159932.SZ,大成中证500深市ETF,大成基金管理有限公司,中国银行股份有限公司,股票型,20130912,20221114,20131021,20130819,20221122,3.3351,nan,nan,9.0,1.0,0.1,,中证500深市指数×100%,D,被动指数型,股票型,,20131021,20131021,E,D
150152.SZ,富国创业板指数分级-A,富国基金管理有限公司,中国建设银行股份有限公司,股票型,20130912,20201231,20130930,20130812,20210104,0.3064,nan,nan,7.0,1.0,0.1,,活期存款利率(税后)×5%+创业板指数P×95%,D,被动指数型,股票型,,nan,nan,E,D
150150.SZ,信诚中证800有色指数分级-A,中信保诚基金管理有限公司,中国银行股份有限公司,股票型,20130830,20201231,20130918,20130805,20210104,nan,nan,nan,7.0,1.0,0.1,,同业存款利息率×5%+中证800有色金属指数×95%,D,被动指数型,股票型,,nan,nan,E,D
150151.SZ,信诚中证800有色指数分级-B,中信保诚基金管理有限公司,中国银行股份有限公司,股票型,20130830,20201231,20130918,20130805,20210104,nan,nan,nan,7.0,1.0,0.1,,同业存款利息率×5%+中证800有色金属指数×95%,D,被动指数型,股票型,,nan,nan,E,D
150131.SZ,国泰国证医药卫生行业指数分级-B,国泰基金管理有限公司,中国农业银行股份有限公司,股票型,20130829,20201231,20130911,20130805,20210104,nan,nan,nan,7.0,1.0,0.1,,活期存款利率(税后)×5%+国证医药卫生行业指数×95%,D,被动指数型,股票型,,nan,nan,E,D
150130.SZ,国泰国证医药卫生行业指数分级-A,国泰基金管理有限公司,中国农业银行股份有限公司,股票型,20130829,20201231,20130911,20130805,20210104,nan,nan,nan,7.0,1.0,0.1,,活期存款利率(税后)×5%+国证医药卫生行业指数×95%,D,被动指数型,股票型,,nan,nan,E,D
150148.SZ,信诚中证800医药指数分级-A,中信保诚基金管理有限公司,中国银行股份有限公司,股票型,20130816,20201231,20130906,20130722,20210104,nan,nan,nan,7.0,1.0,0.1,,同业存款利息率×5%+中证800制药与生物科技指数×95%,D,被动指数型,股票型,,nan,nan,E,D
150149.SZ,信诚中证800医药指数分级-B,中信保诚基金管理有限公司,中国银行股份有限公司,股票型,20130816,20201231,20130906,20130722,20210104,nan,nan,nan,7.0,1.0,0.1,,同业存款利息率×5%+中证800制药与生物科技指数×95%,D,被动指数型,股票型,,nan,nan,E,D
150144.SZ,银华中证转债指数增强分级-B,银华基金管理股份有限公司,中国银行股份有限公司,债券型,20130815,20200728,20130828,20130715,20200729,0.3434,nan,nan,7.0,1.0,0.1,,活期存款利率(税后)×5%+中证可转换债券指数×95%,D,增强指数型,债券型,,nan,nan,E,D
150143.SZ,银华中证转债指数增强分级-A,银华基金管理股份有限公司,中国银行股份有限公司,债券型,20130815,20200728,20130828,20130715,20200729,0.8012,nan,nan,7.0,1.0,0.1,,活期存款利率(税后)×5%+中证可转换债券指数×95%,D,增强指数型,债券型,,nan,nan,E,D
166904.SZ,民生加银平稳添利定开债券-A,民生加银基金管理有限公司,中国建设银行股份有限公司,债券型,20130812,20211227,20131029,20130708,20211231,16.4174,nan,nan,8.0,1.0,0.1,,中债-综合指数×100%,D,债券型,债券型,,20160812,20160812,E,D
163824.SZ,中银盛利纯债一年定开债券(LOF),中银基金管理有限公司,中国工商银行股份有限公司,债券型,20130808,20201116,20131104,20130704,20201123,32.0659,nan,nan,7.0,1.0,0.1,,一年金融机构人民币存款利率(税后)×100%+0.6%,D,债券型,债券型,,20140808,20140808,E,D
150145.SZ,招商沪深300高贝塔指数分级-A,招商基金管理有限公司,中国银行股份有限公司,股票型,20130801,20201116,20130902,20130708,20201113,nan,nan,nan,7.0,1.0,0.1,,活期存款利率(税后)×5%+沪深300高贝塔指数×95%,D,被动指数型,股票型,,nan,nan,E,D
150146.SZ,招商沪深300高贝塔指数分级-B,招商基金管理有限公司,中国银行股份有限公司,股票型,20130801,20201116,20130902,20130708,20201113,nan,nan,nan,7.0,1.0,0.1,,活期存款利率(税后)×5%+沪深300高贝塔指数×95%,D,被动指数型,股票型,,nan,nan,E,D
150141.SZ,国金沪深300指数分级-B,国金基金管理有限公司,中国光大银行股份有限公司,股票型,20130726,20170831,20130823,20130701,20170831,nan,nan,nan,4.0,1.0,0.1,,沪深300指数收益率×95%+同期银行活期存款利率(税后)×5%,D,被动指数型,股票型,,nan,nan,E,D
150140.SZ,国金沪深300指数分级-A,国金基金管理有限公司,中国光大银行股份有限公司,股票型,20130726,20170831,20130823,20130701,20170831,nan,nan,nan,4.0,1.0,0.1,,沪深300指数收益率×95%+同期银行活期存款利率(税后)×5%,D,被动指数型,股票型,,nan,nan,E,D
150137.SZ,安信宝利分级债券-B,安信基金管理有限责任公司,中国工商银行股份有限公司,债券型,20130724,20150723,20131021,20130624,20150724,10.0015,nan,nan,2.0,1.0,0.1,,中债综合指数×100%,D,债券型,债券型,,nan,nan,E,D
159927.SZ,鹏华沪深300ETF,鹏华基金管理有限公司,中国建设银行股份有限公司,股票型,20130719,20180222,20130816,20130617,20180214,13.0658,nan,nan,5.0,1.0,0.1,,沪深300指数×100%,D,被动指数型,股票型,,20130816,20130816,E,D
511210.SH,博时上证企债30ETF,博时基金管理有限公司,中国工商银行股份有限公司,债券型,20130711,20171108,20130816,20130624,20180126,34.249,nan,nan,4.0,1.0,0.1,,上证企债30指数×100%,D,被动指数型,债券型,,20130816,20130816,E,D
510450.SH,上投摩根上证180高贝塔ETF,摩根基金管理(中国)有限公司,中国银行股份有限公司,股票型,20130708,20160622,20130801,20130603,20160824,3.2492,nan,nan,3.0,1.0,0.1,,上证180高贝塔指数×100%,D,被动指数型,股票型,,20130801,20130801,E,D
159926.SZ,嘉实中证金边中期国债ETF,嘉实基金管理有限公司,中国银行股份有限公司,债券型,20130510,20220614,20130805,20130417,20220622,6.4189,nan,nan,9.0,1.0,0.1,,中证金边中期国债指数×100%,D,被动指数型,债券型,,20130619,20130805,E,D
159924.SZ,景顺长城沪深300等权重ETF,景顺长城基金管理有限公司,中国农业银行股份有限公司,股票型,20130507,20180306,20130605,20130325,20180320,8.7052,nan,nan,5.0,1.0,0.1,,沪深300等权重指数×100%,D,被动指数型,股票型,,20130605,20130605,E,D
161911.SZ,万家强化收益定开债券,万家基金管理有限公司,华夏银行股份有限公司,债券型,20130507,20250604,20130801,20130408,20250613,2.5064,nan,nan,12.0,1.0,0.1,,三年定期存款利率(税后)×100%,D,债券型,债券型,,20160509,20160509,E,D
150132.SZ,金鹰元盛债券(LOF)-B,金鹰基金管理有限公司,中国建设银行股份有限公司,债券型,20130502,20150504,20130605,20130408,20150504,9.5107,nan,nan,2.0,1.0,0.1,,中债-综合指数-财富指数×100%,D,债券型,债券型,,nan,nan,E,D
167901.SZ,华宸未来沪深300指数增强(LOF),华宸未来基金管理有限公司,中信银行股份有限公司,股票型,20130426,20160426,20130603,20130325,20160506,2.7295,nan,nan,3.0,1.0,0.1,,活期存款利率(税后)×5%+沪深300指数×95%,D,增强指数型,股票型,,20130603,20130603,E,D
150134.SZ,德邦德信中证中高收益企债指数分级-B,德邦基金管理有限公司,交通银行股份有限公司,债券型,20130425,20170420,20130603,20130325,20170420,nan,nan,nan,4.0,1.0,0.1,,中证1-7年中高收益企债指数×90%+银行活期存款利率(税后)×10%,D,被动指数型,债券型,,nan,nan,E,D
150120.SZ,东吴鼎利分级债券-B,东吴基金管理有限公司,交通银行股份有限公司,债券型,20130425,20160425,20130625,20130325,20160425,4.2442,nan,nan,3.0,1.0,0.1,,中债综合指数-全价指数×100%,D,债券型,债券型,,nan,nan,E,D
150133.SZ,德邦德信中证中高收益企债指数分级-A,德邦基金管理有限公司,交通银行股份有限公司,债券型,20130425,20170420,20130603,20130325,20170420,nan,nan,nan,4.0,1.0,0.1,,中证1-7年中高收益企债指数×90%+银行活期存款利率(税后)×10%,D,被动指数型,债券型,,nan,nan,E,D
160130.SZ,南方永利1年定开债券(LOF)-A,南方基金管理股份有限公司,中国工商银行股份有限公司,债券型,20130425,20200923,20130606,20130325,20200924,65.3598,nan,nan,7.0,1.0,0.1,,一年期定期存款税后收益率×100%+1.2%,D,债券型,债券型,,20140428,20140428,E,D
510700.SH,长盛上证市值百强ETF,长盛基金管理有限公司,中国银行股份有限公司,股票型,20130424,20151014,20130531,20130401,20151014,6.2268,nan,nan,2.0,1.0,0.1,,上证市值100指数×100%,D,被动指数型,股票型,,20130531,20130531,E,D
150129.SZ,鹏华丰利分级债券-B,鹏华基金管理有限公司,招商银行股份有限公司,债券型,20130423,20160424,20130719,20130325,20160425,8.9985,nan,nan,3.0,1.0,0.1,,中国债券总指数×100%,D,债券型,债券型,,nan,nan,E,D
163112.SZ,申万菱信定开债券(LOF),申万菱信基金管理有限公司,中国工商银行股份有限公司,债券型,20130329,20150508,20130506,20130304,20150513,16.1138,nan,nan,2.0,1.0,0.1,,一年期金融机构人民币存款基准利率(税后)×100%+0.6%,D,债券型,债券型,,20140331,20140331,E,D
150121.SZ,银河沪深300成长增强指数分级-优先,银河基金管理有限公司,兴业银行股份有限公司,股票型,20130329,20180830,20130606,20130225,20180831,0.9715,nan,nan,5.0,1.0,0.1,,活期存款利率(税后)×5%+沪深300成长指数×95%,D,增强指数型,股票型,,nan,nan,E,D
150122.SZ,银河沪深300成长增强指数分级-进取,银河基金管理有限公司,兴业银行股份有限公司,股票型,20130329,20180830,20130606,20130225,20180831,0.9715,nan,nan,5.0,1.0,0.1,,活期存款利率(税后)×5%+沪深300成长指数×95%,D,增强指数型,股票型,,nan,nan,E,D
150123.SZ,建信央视财经50指数分级-A,建信基金管理有限责任公司,交通银行股份有限公司,股票型,20130328,20201231,20130520,20130225,20210104,16.1747,nan,nan,7.0,1.0,0.1,,央视财经50指数收益率×95%+银行活期存款利率(税后)×5%,D,被动指数型,股票型,,nan,nan,E,D
510620.SH,华夏上证原材料ETF,华夏基金管理有限公司,中国建设银行股份有限公司,股票型,20130328,20160328,20130508,20130225,20160815,6.7297,nan,nan,3.0,1.0,0.1,,上证原材料行业指数×100%,D,被动指数型,股票型,,20130508,20130508,E,D
510610.SH,华夏上证能源ETF,华夏基金管理有限公司,中国建设银行股份有限公司,股票型,20130328,20160328,20130508,20130225,20160706,5.4859,nan,nan,3.0,1.0,0.1,,上证能源行业指数×100%,D,被动指数型,股票型,,20130508,20130508,E,D
150124.SZ,建信央视财经50指数分级-B,建信基金管理有限责任公司,交通银行股份有限公司,股票型,20130328,20201231,20130520,20130225,20210104,nan,nan,nan,7.0,1.0,0.1,,央视财经50指数收益率×95%+银行活期存款利率(税后)×5%,D,被动指数型,股票型,,nan,nan,E,D
163210.SZ,诺安纯债定开债券-A,诺安基金管理有限公司,中国工商银行股份有限公司,债券型,20130327,20220606,20130624,20130228,20220615,8.8277,nan,nan,9.0,1.0,0.1,,三年定期存款利率(税后)×100%,D,债券型,债券型,,20160328,20160328,E,D
150128.SZ,工银瑞信增利分级债券-B,工银瑞信基金管理有限公司,招商银行股份有限公司,债券型,20130306,20160307,20130409,20130227,20160307,6.2138,nan,nan,3.0,1.0,0.1,,三年期定期存款利率×100%+1.5%,D,债券型,债券型,,nan,nan,E,D
150127.SZ,招商双债增强债券(LOF)-B,招商基金管理有限公司,中国农业银行股份有限公司,债券型,20130301,20150302,20131113,20130220,20150302,4.5009,nan,nan,2.0,1.0,0.1,,天相转债指数×40%+中债-综合指数×60%,D,债券型,债券型,,nan,nan,E,D
150118.SZ,国泰国证房地产行业指数分级-B,国泰基金管理有限公司,中国银行股份有限公司,股票型,20130206,20201231,20130307,20130114,20210104,nan,nan,nan,7.0,1.0,0.1,,活期存款利率(税后)×5%+国证房地产行业指数×95%,D,被动指数型,股票型,,nan,nan,E,D
150117.SZ,国泰国证房地产行业指数分级-A,国泰基金管理有限公司,中国银行股份有限公司,股票型,20130206,20201231,20130307,20130114,20210104,nan,nan,nan,7.0,1.0,0.1,,活期存款利率(税后)×5%+国证房地产行业指数×95%,D,被动指数型,股票型,,nan,nan,E,D
160720.SZ,嘉实中证中期企业债指数(LOF)-A,嘉实基金管理有限公司,中国银行股份有限公司,债券型,20130205,20200820,20130401,20130107,20200821,31.8611,nan,nan,7.0,1.0,0.1,,活期存款利率(税后)×5%+中证中期企业债指数×95%,D,被动指数型,债券型,,20130322,20130322,E,D
150102.SZ,长信利众分级债券-B,长信基金管理有限责任公司,上海浦东发展银行股份有限公司,债券型,20130204,20160204,20130426,20130121,20160204,2.087,nan,nan,3.0,1.0,0.1,,中债综合指数-全价指数×100%,D,债券型,债券型,,nan,nan,E,D
150119.SZ,中欧纯债分级债券-B,中欧基金管理有限公司,中国邮政储蓄银行股份有限公司,债券型,20130131,20160201,nan,20130122,nan,3.0061,nan,nan,3.0,1.0,0.1,,中债综合指数-全价指数×100%,D,nan,债券型,,nan,nan,E,D
150116.SZ,银华永兴纯债分级债券-B,银华基金管理股份有限公司,中国建设银行股份有限公司,债券型,20130118,20160117,nan,20130107,nan,5.7374,nan,nan,3.0,1.0,0.1,,三年期银行定期存款利率(税后)×100%+1%,D,nan,债券型,,nan,nan,E,D
150114.SZ,中海惠裕纯债分级债券-B,中海基金管理有限公司,招商银行股份有限公司,债券型,20130107,20160107,20130328,20121128,20160107,5.1921,nan,nan,3.0,1.0,0.1,,中证全债指数×100%,D,债券型,债券型,,nan,nan,E,D
160810.SZ,长盛同丰债券(LOF),长盛基金管理有限公司,中国银行股份有限公司,债券型,20121227,20180122,20140711,20121203,20180123,19.9737,nan,nan,6.0,1.0,0.1,,中债综合指数×100%,D,债券型,债券型,,20140711,20140711,E,D
150115.SZ,长盛同丰分级债券(LOF)-B,长盛基金管理有限公司,中国银行股份有限公司,债券型,20121227,20140627,20130226,20121203,20140627,6.4694,nan,nan,2.0,1.0,0.1,,中债综合指数×100%,D,债券型,债券型,,nan,nan,E,D
161821.SZ,银华中证中票50指数债券(LOF)-A,银华基金管理股份有限公司,中国银行股份有限公司,债券型,20121213,20170718,20130118,20121105,20170718,26.6423,nan,nan,5.0,1.0,0.1,,中证中票50指数×95%+银行活期存款利率(税后)×5%,D,被动指数型,债券型,,20130114,20130114,E,D
159921.SZ,诺安中小板等权重ETF,诺安基金管理有限公司,交通银行股份有限公司,股票型,20121210,20171101,20130131,20121105,20171108,2.5331,nan,nan,5.0,1.0,0.1,,中小板等权重指数收益率×100%,D,被动指数型,股票型,,20130131,20130131,E,D
166902.SZ,民生加银平稳增利定开债券-A,民生加银基金管理有限公司,中国建设银行股份有限公司,债券型,20121115,20220628,20130130,20121009,20220705,10.1295,nan,nan,10.0,1.0,0.1,,中债-综合指数×100%,D,债券型,债券型,,20151116,20151116,E,D
150112.SZ,工银瑞信睿智深证100指数分级-A,工银瑞信基金管理有限公司,中国民生银行股份有限公司,股票型,20121025,20180416,20121105,20120903,20180416,1.0507,nan,nan,6.0,1.0,0.1,,深证100指数收益率×95%+活期存款利率(税后)×5%,D,被动指数型,股票型,,nan,nan,E,D
150113.SZ,工银瑞信睿智深证100指数分级-B,工银瑞信基金管理有限公司,中国民生银行股份有限公司,股票型,20121025,20180416,20121105,20120903,20180416,1.0507,nan,nan,6.0,1.0,0.1,,深证100指数收益率×95%+活期存款利率(税后)×5%,D,被动指数型,股票型,,nan,nan,E,D
150100.SZ,鹏华中证A股资源产业指数分级-A,鹏华基金管理有限公司,中国工商银行股份有限公司,股票型,20120927,20201231,20121018,20120827,20210104,nan,nan,nan,8.0,1.0,0.1,,活期存款利率(税后)×5%+中证A股资源产业指数×95%,D,被动指数型,股票型,,nan,nan,E,D
150101.SZ,鹏华中证A股资源产业指数分级-B,鹏华基金管理有限公司,中国工商银行股份有限公司,股票型,20120927,20201231,20121018,20120827,20210104,nan,nan,nan,8.0,1.0,0.1,,活期存款利率(税后)×5%+中证A股资源产业指数×95%,D,被动指数型,股票型,,nan,nan,E,D
150106.SZ,易方达中小板指数分级-A,易方达基金管理有限公司,中国建设银行股份有限公司,股票型,20120920,20190919,20121025,20120820,20190920,nan,nan,nan,7.0,1.0,0.1,,活期存款利率(税后)×5%+中小板指数(价格)×95%,D,被动指数型,股票型,,nan,nan,E,D
150107.SZ,易方达中小板指数分级-B,易方达基金管理有限公司,中国建设银行股份有限公司,股票型,20120920,20190919,20121025,20120820,20190920,nan,nan,nan,7.0,1.0,0.1,,活期存款利率(税后)×5%+中小板指数(价格)×95%,D,被动指数型,股票型,,nan,nan,E,D
150109.SZ,长盛同辉深证100等权重指数分级-B,长盛基金管理有限公司,中国建设银行股份有限公司,股票型,20120913,20170912,20120926,20120820,20170913,nan,nan,nan,5.0,1.0,0.1,,深证100等权重指数收益率×95%+一年期银行定期存款利率(税后)×5%,D,被动指数型,股票型,,nan,nan,E,D
150108.SZ,长盛同辉深证100等权重指数分级-A,长盛基金管理有限公司,中国建设银行股份有限公司,股票型,20120913,20170912,20120926,20120820,20170913,nan,nan,nan,5.0,1.0,0.1,,深证100等权重指数收益率×95%+一年期银行定期存款利率(税后)×5%,D,被动指数型,股票型,,nan,nan,E,D
150092.SZ,诺德深证300指数分级-A,诺德基金管理有限公司,中国银行股份有限公司,股票型,20120910,20200701,20120924,20120801,20200702,nan,nan,nan,8.0,1.0,0.1,,同业存款利息率×5%+深证300价格指数×95%,D,被动指数型,股票型,,nan,nan,E,D
150093.SZ,诺德深证300指数分级-B,诺德基金管理有限公司,中国银行股份有限公司,股票型,20120910,20200701,20120924,20120801,20200702,nan,nan,nan,8.0,1.0,0.1,,同业存款利息率×5%+深证300价格指数×95%,D,被动指数型,股票型,,nan,nan,E,D
150094.SZ,泰信中证锐联基本面400指数分级-A,泰信基金管理有限公司,中国工商银行股份有限公司,股票型,20120907,20201123,20120921,20120806,20201120,nan,nan,nan,8.0,1.0,0.1,,活期存款利率(税后)×5%+中证锐联基本面400指数×95%,D,被动指数型,股票型,,nan,nan,E,D
150095.SZ,泰信中证锐联基本面400指数分级-B,泰信基金管理有限公司,中国工商银行股份有限公司,股票型,20120907,20201123,20120921,20120806,20201120,nan,nan,nan,8.0,1.0,0.1,,活期存款利率(税后)×5%+中证锐联基本面400指数×95%,D,被动指数型,股票型,,nan,nan,E,D
150111.SZ,华商中证500指数分级-B,华商基金管理有限公司,中国工商银行股份有限公司,股票型,20120906,20150513,20120926,20120801,20150512,nan,nan,nan,3.0,1.0,0.1,,中证500指数收益率×95%+商业银行人民币活期存款利率(税后)×5%,D,被动指数型,股票型,,nan,nan,E,D
150110.SZ,华商中证500指数分级-A,华商基金管理有限公司,中国工商银行股份有限公司,股票型,20120906,20150513,20120926,20120801,20150512,nan,nan,nan,3.0,1.0,0.1,,中证500指数收益率×95%+商业银行人民币活期存款利率(税后)×5%,D,被动指数型,股票型,,nan,nan,E,D
510440.SH,大成中证500沪市ETF,大成基金管理有限公司,中国银行股份有限公司,股票型,20120824,20221124,20121008,20120730,20221222,5.4106,nan,nan,10.0,1.0,0.1,,中证500沪市指数×100%,D,被动指数型,股票型,,20121008,20121008,E,D
510430.SH,银华上证50等权重ETF,银华基金管理股份有限公司,中国建设银行股份有限公司,股票型,20120823,20200923,20120924,20120723,20201218,11.7992,nan,nan,8.0,1.0,0.1,,上证50等权重指数×100%,D,被动指数型,股票型,,20120924,20120924,E,D
150090.SZ,万家中证创业成长指数分级-A,万家基金管理有限公司,中国工商银行股份有限公司,股票型,20120802,20180814,20121012,20120702,20180814,nan,nan,nan,6.0,1.0,0.1,,同业存款利息率×5%+中证创业成长指数×95%,D,被动指数型,股票型,,nan,nan,E,D
150091.SZ,万家中证创业成长指数分级-B,万家基金管理有限公司,中国工商银行股份有限公司,股票型,20120802,20180814,20121012,20120702,20180814,nan,nan,nan,6.0,1.0,0.1,,同业存款利息率×5%+中证创业成长指数×95%,D,被动指数型,股票型,,nan,nan,E,D
164702.SZ,汇添富季季红定开债券,汇添富基金管理股份有限公司,中国建设银行股份有限公司,债券型,20120726,20241101,20121025,20120614,20241104,6.2197,nan,nan,12.0,1.0,0.1,,三年定期存款利率(税后)×100%+1%,D,债券型,债券型,,20150727,20150727,E,D
150001.SZ,国投瑞银瑞福深证100指数分级-进取,国投瑞银基金管理有限公司,中国工商银行股份有限公司,股票型,20120717,20150813,20120817,nan,20150814,nan,nan,nan,3.0,1.0,nan,,深证100价格指数收益率×95%+银行活期存款利率(税后)×5%,D,被动指数型,股票型,,20120725,20120717,E,D
150097.SZ,招商中证大宗商品股票指数分级-B,招商基金管理有限公司,中国工商银行股份有限公司,股票型,20120628,20170628,20120725,20120521,20170629,nan,nan,nan,5.0,1.0,0.1,,中证大宗商品股票指数收益率×95%+商业银行活期存款利率(税后)×5%,D,被动指数型,股票型,,nan,nan,E,D
150096.SZ,招商中证大宗商品股票指数分级-A,招商基金管理有限公司,中国工商银行股份有限公司,股票型,20120628,20170628,20120725,20120521,20170629,nan,nan,nan,5.0,1.0,0.1,,中证大宗商品股票指数收益率×95%+商业银行活期存款利率(税后)×5%,D,被动指数型,股票型,,nan,nan,E,D
150104.SZ,华安沪深300指数分级-A,华安基金管理有限公司,中国建设银行股份有限公司,股票型,20120625,20200616,20120723,20120601,20200617,nan,nan,nan,8.0,1.0,0.1,,活期存款利率(税后)×5%+沪深300指数×95%,D,被动指数型,股票型,,nan,nan,E,D
150105.SZ,华安沪深300指数分级-B,华安基金管理有限公司,中国建设银行股份有限公司,股票型,20120625,20200616,20120723,20120601,20200617,nan,nan,nan,8.0,1.0,0.1,,活期存款利率(税后)×5%+沪深300指数×95%,D,被动指数型,股票型,,nan,nan,E,D
510420.SH,景顺长城上证180等权重ETF,景顺长城基金管理有限公司,中国银行股份有限公司,股票型,20120612,20181026,20120709,20120502,20191108,12.7046,nan,nan,6.0,1.0,0.1,,上证180等权重指数×100%,D,被动指数型,股票型,,20120709,20120709,E,D
150089.SZ,金鹰中证500指数分级-B,金鹰基金管理有限公司,交通银行股份有限公司,股票型,20120605,20160824,20120703,20120423,20160824,nan,nan,nan,4.0,1.0,0.1,,中证500指数收益率×95%+活期存款利率(税后)×5%,D,被动指数型,股票型,,nan,nan,E,D
150088.SZ,金鹰中证500指数分级-A,金鹰基金管理有限公司,交通银行股份有限公司,股票型,20120605,20160824,20120703,20120423,20160824,nan,nan,nan,4.0,1.0,0.1,,中证500指数收益率×95%+活期存款利率(税后)×5%,D,被动指数型,股票型,,nan,nan,E,D
150080.SZ,国联安双佳信用债券(LOF)-B,国联安基金管理有限公司,中国光大银行股份有限公司,债券型,20120604,20150604,20120822,20120507,20150604,4.9198,nan,nan,3.0,1.0,0.1,,中债-信用债总全价(总值)指数收益率×95%+活期存款基准利率×5%,D,债券型,债券型,,nan,nan,E,D
150099.SZ,长盛同庆中证800指数(LOF)-B,长盛基金管理有限公司,中国建设银行股份有限公司,股票型,20120512,20150521,20120531,nan,20150521,nan,nan,nan,3.0,1.0,nan,,中证800指数收益率×95%+一年期银行定期存款利率(税后)×5%,D,被动指数型,股票型,,20120531,20120531,E,D
150098.SZ,长盛同庆中证800指数(LOF)-A,长盛基金管理有限公司,中国建设银行股份有限公司,股票型,20120512,20150521,20120531,nan,20150521,nan,nan,nan,3.0,1.0,nan,,中证800指数收益率×95%+一年期银行定期存款利率(税后)×5%,D,被动指数型,股票型,,20120531,20120531,E,D
150085.SZ,申万菱信中小板指数分级-A,申万菱信基金管理有限公司,中国农业银行股份有限公司,股票型,20120508,20170508,20120528,20120405,20170508,nan,nan,nan,5.0,1.0,0.1,,中小板指数收益率×95%+银行同业存款利率×5%,D,被动指数型,股票型,,nan,nan,E,D
150086.SZ,申万菱信中小板指数分级-B,申万菱信基金管理有限公司,中国农业银行股份有限公司,股票型,20120508,20170508,20120528,20120405,20170508,nan,nan,nan,5.0,1.0,0.1,,中小板指数收益率×95%+银行同业存款利率×5%,D,被动指数型,股票型,,nan,nan,E,D
150076.SZ,浙商沪深300指数分级-稳健,浙商基金管理有限公司,华夏银行股份有限公司,股票型,20120507,20180819,20120713,20120328,20180813,nan,nan,nan,6.0,1.0,0.1,,同业存款利息率×5%+沪深300指数×95%,D,被动指数型,股票型,,nan,nan,E,D
150077.SZ,浙商沪深300指数分级-进取,浙商基金管理有限公司,华夏银行股份有限公司,股票型,20120507,20180819,20120713,20120328,20180813,nan,nan,nan,6.0,1.0,0.1,,同业存款利息率×5%+沪深300指数×95%,D,被动指数型,股票型,,nan,nan,E,D
150082.SZ,信达澳银鑫安债券(LOF)-B,信达澳亚基金管理有限公司,中国建设银行股份有限公司,债券型,20120507,20150506,20120716,20120416,20150507,0.9124,nan,nan,3.0,1.0,0.1,,中债总财富(总值)指数收益率×80%+沪深300指数收益率×15%+金融机构人民币活期存款基准利率(税后)×5%,D,债券型,债券型,,nan,nan,E,D
150083.SZ,广发深证100指数分级-A,广发基金管理有限公司,中国建设银行股份有限公司,股票型,20120507,20200525,20120612,20120327,20200522,nan,nan,nan,8.0,1.0,0.1,,活期存款利率(税后)×5%+深证100指数(价格)×95%,D,被动指数型,股票型,,nan,nan,E,D
150084.SZ,广发深证100指数分级-B,广发基金管理有限公司,中国建设银行股份有限公司,股票型,20120507,20200525,20120612,20120327,20200522,nan,nan,nan,8.0,1.0,0.1,,活期存款利率(税后)×5%+深证100指数(价格)×95%,D,被动指数型,股票型,,nan,nan,E,D
150079.SZ,银河通利债券(LOF)-B,银河基金管理有限公司,北京银行股份有限公司,债券型,20120425,20140424,20120608,20120315,20140425,7.611,nan,nan,2.0,1.0,0.1,,中债综合指数-全价指数×100%,D,债券型,债券型,,nan,nan,E,D
166012.SZ,中欧信用增利债券(LOF)-C,中欧基金管理有限公司,中国邮政储蓄银行股份有限公司,债券型,20120416,20220224,20160108,20120326,20220303,7.3572,nan,nan,10.0,1.0,0.1,,中债-综合指数-全价指数×100%,D,债券型,债券型,,20150423,20150423,E,D
150087.SZ,中欧信用增利债券(LOF)-B,中欧基金管理有限公司,中国邮政储蓄银行股份有限公司,债券型,20120416,20150415,20130227,20120326,20150416,2.2071,nan,nan,3.0,1.0,0.1,,中债-综合指数-全价指数×100%,D,债券型,债券型,,nan,nan,E,D
150081.SZ,信诚双盈债券(LOF)-B,中信保诚基金管理有限公司,中国银行股份有限公司,债券型,20120413,20150413,20120712,20120326,20150413,1.0932,nan,nan,3.0,1.0,0.1,,中证综合债券指数×100%,D,债券型,债券型,,nan,nan,E,D
150072.SZ,中欧盛世成长混合(LOF)-B,中欧基金管理有限公司,广发银行股份有限公司,混合型,20120329,20150330,20120427,20120215,20150330,nan,nan,nan,3.0,1.0,0.1,,沪深300指数×75%+中证全债指数×25%,D,股票型,混合型,,nan,nan,E,D
150075.SZ,诺安中证创业成长指数分级-进取,诺安基金管理有限公司,中国银行股份有限公司,股票型,20120329,20190530,20120427,20120227,20190529,0.5459,nan,nan,7.0,1.0,0.1,,同业存款利息率×5%+中证创业成长指数×95%,D,被动指数型,股票型,,nan,nan,E,D
150073.SZ,诺安中证创业成长指数分级-稳健,诺安基金管理有限公司,中国银行股份有限公司,股票型,20120329,20190530,20120427,20120227,20190529,0.3639,nan,nan,7.0,1.0,0.1,,同业存款利息率×5%+中证创业成长指数×95%,D,被动指数型,股票型,,nan,nan,E,D
150071.SZ,中欧盛世成长混合(LOF)-A,中欧基金管理有限公司,广发银行股份有限公司,混合型,20120329,20150330,20120427,20120215,20150330,nan,nan,nan,3.0,1.0,0.1,,沪深300指数×75%+中证全债指数×25%,D,股票型,混合型,,nan,nan,E,D
150069.SZ,国联安双力中小板综指(LOF)-A,国联安基金管理有限公司,中国建设银行股份有限公司,股票型,20120323,20150323,20120416,20120220,20150323,nan,nan,nan,3.0,1.0,0.1,,活期存款利率(税后)×5%+中小企业综合指数收益率×95%,D,被动指数型,股票型,,nan,nan,E,D
162510.SZ,国联安中小企业综合指数(LOF),国联安基金管理有限公司,中国建设银行股份有限公司,股票型,20120323,20221213,20150520,20120220,20221222,8.0911,nan,nan,10.0,1.0,0.1,,活期存款利率(税后)×5%+中小企业综合指数收益率×95%,D,被动指数型,股票型,,20120416,20120416,E,D
150070.SZ,国联安双力中小板综指(LOF)-B,国联安基金管理有限公司,中国建设银行股份有限公司,股票型,20120323,20150323,20120416,20120220,20150323,nan,nan,nan,3.0,1.0,0.1,,活期存款利率(税后)×5%+中小企业综合指数收益率×95%,D,被动指数型,股票型,,nan,nan,E,D
159917.SZ,国泰中小板300成长ETF,国泰基金管理有限公司,中国银行股份有限公司,股票型,20120315,20150826,20120406,20120130,20150827,3.4513,nan,nan,3.0,1.0,0.1,,中小300成长P×100%,D,被动指数型,股票型,,20120406,20120406,E,D
150050.SZ,南方新兴消费增长分级股票-进取,南方基金管理股份有限公司,中国工商银行股份有限公司,股票型,20120313,20201116,20120425,20120207,20201116,3.7613,nan,nan,8.0,1.0,0.1,,上海证券交易所国债指数×20%+中证内地消费主题指数×80%,D,股票型,股票型,,nan,nan,E,D
150049.SZ,南方新兴消费增长分级股票-收益,南方基金管理股份有限公司,中国工商银行股份有限公司,股票型,20120313,20201116,20120425,20120207,20201116,3.7613,nan,nan,8.0,1.0,0.1,,上海证券交易所国债指数×20%+中证内地消费主题指数×80%,D,股票型,股票型,,nan,nan,E,D
150078.SZ,金鹰持久增利债券(LOF)-B,金鹰基金管理有限公司,中国邮政储蓄银行股份有限公司,债券型,20120309,20150309,20120328,20120220,20150309,1.4654,nan,nan,3.0,1.0,0.1,,中债-综合财富(总值)指数收益率×80%+沪深300指数收益率×20%,D,债券型,债券型,,nan,nan,E,D
165806.SZ,东吴深证100指数增强(LOF),东吴基金管理有限公司,中国建设银行股份有限公司,股票型,20120309,20180710,20120427,20120206,20180711,3.852,nan,nan,6.0,1.0,0.1,,活期存款利率(税后)×5%+深证100指数(价格)×95%,D,nan,股票型,,20120427,20120427,E,D
150068.SZ,诺德双翼债券(LOF)-B,诺德基金管理有限公司,华夏银行股份有限公司,债券型,20120216,20150216,20120423,20120109,20150216,1.3458,nan,nan,3.0,1.0,0.1,,中债-总指数×100%,D,债券型,债券型,,nan,nan,E,D
165705.SZ,诺德双翼债券(LOF),诺德基金管理有限公司,华夏银行股份有限公司,债券型,20120216,20180725,20150320,20120109,20180726,4.0371,nan,nan,6.0,1.0,0.1,,中债-总指数×100%,D,债券型,债券型,,20150309,20150309,E,D
150051.SZ,信诚沪深300指数分级-A,中信保诚基金管理有限公司,中国建设银行股份有限公司,股票型,20120201,20201231,20120217,20111221,20210104,nan,nan,nan,8.0,1.0,0.1,,同业存款利息率×5%+沪深300指数×95%,D,被动指数型,股票型,,nan,nan,E,D
150052.SZ,信诚沪深300指数分级-B,中信保诚基金管理有限公司,中国建设银行股份有限公司,股票型,20120201,20201231,20120217,20111221,20210104,nan,nan,nan,8.0,1.0,0.1,,同业存款利息率×5%+沪深300指数×95%,D,被动指数型,股票型,,nan,nan,E,D
150056.SZ,工银瑞信睿智中证500指数分级-B,工银瑞信基金管理有限公司,中国银行股份有限公司,股票型,20120131,20200217,20120330,20111226,20200217,0.1151,nan,nan,8.0,1.0,0.1,,活期存款利率(税后)×5%+中证小盘500指数×95%,D,被动指数型,股票型,,nan,nan,E,D
150055.SZ,工银瑞信睿智中证500指数分级-A,工银瑞信基金管理有限公司,中国银行股份有限公司,股票型,20120131,20200217,20120330,20111226,20200217,0.0767,nan,nan,8.0,1.0,0.1,,活期存款利率(税后)×5%+中证小盘500指数×95%,D,被动指数型,股票型,,nan,nan,E,D
150058.SZ,长城久兆中小板300指数分级-久兆积极,长城基金管理有限公司,中国建设银行股份有限公司,股票型,20120130,20180812,20120221,20111219,20180806,0.2769,nan,nan,6.0,1.0,0.1,,活期存款利率(税后)×5%+中小板300×95%,D,被动指数型,股票型,,nan,nan,E,D
150057.SZ,长城久兆中小板300指数分级-久兆稳健,长城基金管理有限公司,中国建设银行股份有限公司,股票型,20120130,20180812,20120221,20111219,20180806,0.1846,nan,nan,6.0,1.0,0.1,,活期存款利率(税后)×5%+中小板300×95%,D,被动指数型,股票型,,nan,nan,E,D
150067.SZ,国泰信用互利分级债券-B,国泰基金管理有限公司,中国建设银行股份有限公司,债券型,20111229,20200318,20120117,20111205,20200318,nan,nan,nan,9.0,1.0,0.1,,中证全债指数×100%,D,债券型,债券型,,nan,nan,E,D
150066.SZ,国泰信用互利分级债券-A,国泰基金管理有限公司,中国建设银行股份有限公司,债券型,20111229,20200318,20120117,20111205,20200318,nan,nan,nan,9.0,1.0,0.1,,中证全债指数×100%,D,债券型,债券型,,nan,nan,E,D
150062.SZ,浦银稳健增利债券(LOF)-A,浦银基金管理有限公司,上海银行股份有限公司,债券型,20111213,20141215,20120309,20111107,20141215,nan,nan,nan,3.0,1.0,0.1,,中债综合(全价)指数收益率×85%+中证可转换债券指数收益率×5%+银行活期存款利率(税后)×10%,D,债券型,债券型,,nan,nan,E,D
150063.SZ,浦银稳健增利债券(LOF)-B,浦银基金管理有限公司,上海银行股份有限公司,债券型,20111213,20141215,20120309,20111107,20141215,nan,nan,nan,3.0,1.0,0.1,,中债综合(全价)指数收益率×85%+中证可转换债券指数收益率×5%+银行活期存款利率(税后)×10%,D,债券型,债券型,,nan,nan,E,D
150059.SZ,银华中证内地资源主题指数分级-A,银华基金管理股份有限公司,中国银行股份有限公司,股票型,20111208,20200929,20111221,20111107,20200930,nan,nan,nan,9.0,1.0,0.1,,活期存款利率(税后)×5%+中证内地资源主题指数×95%,D,被动指数型,股票型,,nan,nan,E,D
150060.SZ,银华中证内地资源主题指数分级-B,银华基金管理股份有限公司,中国银行股份有限公司,股票型,20111208,20200929,20111221,20111107,20200930,nan,nan,nan,9.0,1.0,0.1,,活期存款利率(税后)×5%+中证内地资源主题指数×95%,D,被动指数型,股票型,,nan,nan,E,D
150061.SZ,鹏华丰泽债券(LOF)-B,鹏华基金管理有限公司,中国邮政储蓄银行股份有限公司,债券型,20111208,20141208,20111226,20111102,20141208,9.0009,nan,nan,3.0,1.0,0.1,,中债-总指数×100%,D,债券型,债券型,,nan,nan,E,D
150064.SZ,长盛同瑞中证200指数分级-A,长盛基金管理有限公司,中国农业银行股份有限公司,股票型,20111206,20200818,20120112,20111107,20200826,0.4136,nan,nan,9.0,1.0,0.1,,一年定期存款利率(税后)×5%+中证中盘200指数×95%,D,被动指数型,股票型,,nan,nan,E,D
150065.SZ,长盛同瑞中证200指数分级-B,长盛基金管理有限公司,中国农业银行股份有限公司,股票型,20111206,20200818,20120112,20111107,20200826,0.6205,nan,nan,9.0,1.0,0.1,,一年定期存款利率(税后)×5%+中证中盘200指数×95%,D,被动指数型,股票型,,nan,nan,E,D
150054.SZ,泰达宏利中证500指数分级-进取,宏利基金管理有限公司,中国银行股份有限公司,股票型,20111201,20191105,20111222,20111024,20191104,1.1119,nan,nan,8.0,1.0,0.1,,一年定期存款利率(税后)×5%+中证小盘500指数×95%,D,被动指数型,股票型,,nan,nan,E,D
150053.SZ,泰达宏利中证500指数分级-稳健,宏利基金管理有限公司,中国银行股份有限公司,股票型,20111201,20191105,20111222,20111024,20191104,0.7413,nan,nan,8.0,1.0,0.1,,一年定期存款利率(税后)×5%+中证小盘500指数×95%,D,被动指数型,股票型,,nan,nan,E,D
150046.SZ,天弘丰利债券(LOF)-B,天弘基金管理有限公司,中国邮政储蓄银行股份有限公司,债券型,20111123,20141124,20120220,20111024,20141124,4.8364,nan,nan,3.0,1.0,0.1,,中债-综合指数×100%,D,债券型,债券型,,nan,nan,E,D
150048.SZ,银华消费主题分级混合-B,银华基金管理股份有限公司,中国建设银行股份有限公司,混合型,20110928,20191226,20111021,20110905,20191226,0.761,nan,nan,8.0,1.0,0.1,,中债-总指数×20%+中证内地消费主题指数×80%,D,混合型,混合型,,nan,nan,E,D
150047.SZ,银华消费主题分级混合-A,银华基金管理股份有限公司,中国建设银行股份有限公司,混合型,20110928,20191226,20111021,20110905,20191226,0.1903,nan,nan,8.0,1.0,0.1,,中债-总指数×20%+中证内地消费主题指数×80%,D,混合型,混合型,,nan,nan,E,D
159911.SZ,鹏华深证民营ETF,鹏华基金管理有限公司,中国建设银行股份有限公司,股票型,20110902,20200611,20111014,20110727,20200619,5.6855,nan,nan,9.0,1.0,0.1,,深证民营P×100%,D,被动指数型,股票型,,20111014,20111014,E,D
150045.SZ,海富通稳进增利债券(LOF)-B,海富通基金管理有限公司,中国建设银行股份有限公司,债券型,20110901,20140901,20111128,20110725,20140901,0.441,nan,nan,3.0,1.0,0.1,,中证全债指数×90%+沪深300指数×10%,D,债券型,债券型,,nan,nan,E,D
150044.SZ,海富通稳进增利债券(LOF)-A,海富通基金管理有限公司,中国建设银行股份有限公司,债券型,20110901,20140901,20111128,20110725,20140901,1.7641,nan,nan,3.0,1.0,0.1,,中证全债指数×90%+沪深300指数×10%,D,债券型,债券型,,nan,nan,E,D
510280.SH,华宝上证180成长ETF,华宝基金管理有限公司,中国银行股份有限公司,股票型,20110804,20181127,20111018,20110704,20190930,8.2175,nan,nan,7.0,1.0,0.1,,上证180成长指数×100%,D,被动指数型,股票型,,20111018,20111018,E,D
150042.SZ,长信利鑫分级债券-B,长信基金管理有限责任公司,中国邮政储蓄银行股份有限公司,债券型,20110624,20160624,20110923,20110608,20160624,2.121,nan,nan,5.0,1.0,0.1,,中债综合指数×100%,D,债券型,债券型,,nan,nan,E,D
150040.SZ,中欧鼎利分级债券-B,中欧基金管理有限公司,中信银行股份有限公司,债券型,20110616,20170917,20110915,20110509,20170915,nan,nan,nan,6.0,1.0,0.1,,中国债券总指数×90%+沪深300指数×10%,D,债券型,债券型,,nan,nan,E,D
150039.SZ,中欧鼎利分级债券-A,中欧基金管理有限公司,中信银行股份有限公司,债券型,20110616,20170917,20110915,20110509,20170915,nan,nan,nan,6.0,1.0,0.1,,中国债券总指数×90%+沪深300指数×10%,D,债券型,债券型,,nan,nan,E,D
150043.SZ,博时稳健回报债券(LOF)-B,博时基金管理有限公司,招商银行股份有限公司,债券型,20110610,20140609,20110902,20110602,20140610,7.9962,nan,nan,3.0,1.0,0.1,,中证全债指数×100%,D,债券型,债券型,,nan,nan,E,D
150038.SZ,万家添利债券(LOF)-B,万家基金管理有限公司,中国邮政储蓄银行股份有限公司,债券型,20110602,20140603,20110829,20110516,20140603,7.7327,nan,nan,3.0,1.0,0.1,,中债-总指数×100%,D,债券型,债券型,,nan,nan,E,D
150041.SZ,富国天盈债券(LOF)-B,富国基金管理有限公司,中国工商银行股份有限公司,债券型,20110523,20140522,20110708,20110516,20140523,10.5148,nan,nan,3.0,1.0,0.1,,中债-综合指数×100%,D,债券型,债券型,,nan,nan,E,D
1601231.SZ,南方中证50债券指数(LOF)-A,南方基金管理股份有限公司,中国工商银行股份有限公司,债券型,20110517,20160816,20110725,20110413,20160817,9.2677,nan,nan,5.0,1.0,0.1,,活期存款利率(税后)×5%+中证50债券指数×95%,D,nan,债券型,,20110725,20110725,E,D
160123.SZ,南方中证50债券指数(LOF)-A,南方基金管理股份有限公司,中国工商银行股份有限公司,债券型,20110517,20160816,20110725,20110413,20160817,9.2677,nan,nan,5.0,1.0,0.1,,活期存款利率(税后)×5%+中证50债券指数×95%,D,nan,债券型,,20110725,20110725,E,D
150035.SZ,泰达宏利聚利分级债券-B,宏利基金管理有限公司,中国银行股份有限公司,债券型,20110513,20160512,20110708,20110406,20160513,4.7463,nan,nan,5.0,1.0,0.1,,国债总指数-全价指数×10%+企业债总指数-全价指数×90%,D,债券型,债券型,,nan,nan,E,D
150034.SZ,泰达宏利聚利分级债券-A,宏利基金管理有限公司,中国银行股份有限公司,债券型,20110513,20160512,20110708,20110406,20160513,11.0747,nan,nan,5.0,1.0,0.1,,国债总指数-全价指数×10%+企业债总指数-全价指数×90%,D,债券型,债券型,,nan,nan,E,D
150037.SZ,建信双利策略主题分级股票-进取,建信基金管理有限责任公司,招商银行股份有限公司,股票型,20110506,20200506,20110608,20110401,20200506,0.5602,nan,nan,9.0,1.0,0.1,,活期存款利率×5%+沪深300指数×95%,D,股票型,股票型,,nan,nan,E,D
150036.SZ,建信双利策略主题分级股票-稳健,建信基金管理有限责任公司,招商银行股份有限公司,股票型,20110506,20200506,20110608,20110401,20200506,0.3734,nan,nan,9.0,1.0,0.1,,活期存款利率×5%+沪深300指数×95%,D,股票型,股票型,,nan,nan,E,D
510120.SH,海富通上证非周期行业100ETF,海富通基金管理有限公司,中国工商银行股份有限公司,股票型,20110422,20230629,20110608,20110321,20230811,6.5231,nan,nan,12.0,1.0,0.1,,上证非周期行业100指数×100%,D,被动指数型,股票型,,20110608,20110608,E,D
510260.SH,诺安上证新兴产业ETF,诺安基金管理有限公司,中国工商银行股份有限公司,股票型,20110407,20190628,20110608,20110307,20200115,9.1241,nan,nan,8.0,1.0,0.1,,上证新兴产业指数×100%,D,被动指数型,股票型,,20110608,20110608,E,D
150032.SZ,嘉实多利分级债券-优先,嘉实基金管理有限公司,招商银行股份有限公司,债券型,20110323,20201126,20110506,20110224,20201126,0.2777,nan,nan,9.0,1.0,0.1,,中债-总指数×90%+沪深300指数×10%,D,债券型,债券型,,nan,nan,E,D
150033.SZ,嘉实多利分级债券-进取,嘉实基金管理有限公司,招商银行股份有限公司,债券型,20110323,20201126,20110506,20110224,20201126,0.0694,nan,nan,9.0,1.0,0.1,,中债-总指数×90%+沪深300指数×10%,D,债券型,债券型,,nan,nan,E,D
150031.SZ,银华中证等权重90指数分级-鑫利,银华基金管理股份有限公司,中国建设银行股份有限公司,股票型,20110317,20201125,20110408,20110223,20201125,7.7782,nan,nan,9.0,1.0,0.1,,活期存款利率(税后)×5%+中证等权重90指数×95%,D,被动指数型,股票型,,nan,nan,E,D
150030.SZ,银华中证等权重90指数分级-金利,银华基金管理股份有限公司,中国建设银行股份有限公司,股票型,20110317,20201125,20110408,20110223,20201125,7.7782,nan,nan,9.0,1.0,0.1,,活期存款利率(税后)×5%+中证等权重90指数×95%,D,被动指数型,股票型,,nan,nan,E,D
161907.SZ,万家中证红利指数(LOF)-A,万家基金管理有限公司,中国建设银行股份有限公司,股票型,20110317,20240709,20110615,20110214,20240710,10.8864,nan,nan,13.0,1.0,0.1,,同业存款利息率×5%+中证红利指数×95%,D,被动指数型,股票型,,20110615,20110615,E,D
161714.SZ,招商标普金砖四国指数(QDII-LOF),招商基金管理有限公司,中国银行股份有限公司,股票型,20110211,20210114,20110511,20110104,20210115,4.3657,nan,nan,10.0,1.0,0.1,,标准普尔金砖四国40总收益指数×100%,D,被动指数型,股票型,,20110318,20110318,E,D
150029.SZ,信诚中证500指数分级-B,中信保诚基金管理有限公司,中国建设银行股份有限公司,股票型,20110211,20201231,20110314,20110106,20210104,nan,nan,nan,9.0,1.0,0.1,,同业存款利息率×5%+中证小盘500指数×95%,D,被动指数型,股票型,,nan,nan,E,D
150028.SZ,信诚中证500指数分级-A,中信保诚基金管理有限公司,中国建设银行股份有限公司,股票型,20110211,20201231,20110314,20110106,20210104,nan,nan,nan,9.0,1.0,0.1,,同业存款利息率×5%+中证小盘500指数×95%,D,被动指数型,股票型,,nan,nan,E,D
510220.SH,华泰柏瑞上证中小盘ETF,华泰柏瑞基金管理有限公司,中国银行股份有限公司,股票型,20110126,20221120,20110328,20101220,20221227,3.4843,nan,nan,11.0,1.0,0.1,,上证中小盘指数×100%,D,被动指数型,股票型,,20110328,20110328,E,D
165510.SZ,信诚金砖四国积极配置(QDII-LOF-FOF),中信保诚基金管理有限公司,中国银行股份有限公司,股票型,20101217,20230607,20110120,20101108,20230608,3.992,nan,nan,13.0,1.0,0.1,,标准普尔金砖四国(含香港)市场指数×100%,D,积极配置型,股票型,,20110114,20110114,E,D
161213.SZ,国投瑞银中证下游消费与服务产业指数(LOF),国投瑞银基金管理有限公司,中国工商银行股份有限公司,股票型,20101216,20220112,20110120,20101115,20220119,12.4702,nan,nan,12.0,1.0,0.1,,活期存款利率(税后)×5%+中证下游消费与服务产业指数×95%,D,被动指数型,股票型,,20110120,20110120,E,D
150027.SZ,天弘添利分级债券-B,天弘基金管理有限公司,中国工商银行股份有限公司,债券型,20101203,20151202,20101220,20101125,20151203,9.9998,nan,nan,5.0,1.0,0.1,,中国债券总指数×100%,D,债券型,债券型,,nan,nan,E,D
150022.SZ,申万菱信深证成指分级-收益,申万菱信基金管理有限公司,中国工商银行股份有限公司,股票型,20101022,20201231,20101108,20100913,20210104,nan,nan,nan,10.0,1.0,0.1,,深圳证券交易所成份指数×95%+同业存款利息率×5%,D,被动指数型,股票型,,nan,nan,E,D
150023.SZ,申万菱信深证成指分级-进取,申万菱信基金管理有限公司,中国工商银行股份有限公司,股票型,20101022,20201231,20101108,20100913,20210104,nan,nan,nan,10.0,1.0,0.1,,深圳证券交易所成份指数×95%+同业存款利息率×5%,D,被动指数型,股票型,,nan,nan,E,D
160915.SZ,大成景丰债券(LOF),大成基金管理有限公司,中国农业银行股份有限公司,债券型,20101015,20200429,20131202,20100920,20200512,32.4495,nan,nan,10.0,1.0,0.1,,中债综合指数×100%,D,债券型,债券型,,20131202,20131029,E,D
150025.SZ,大成景丰债券(LOF)-A,大成基金管理有限公司,中国农业银行股份有限公司,债券型,20101015,20131015,20101101,20100920,20131016,22.7147,nan,nan,3.0,1.0,0.1,,中债综合指数×100%,D,债券型,债券型,,nan,nan,E,D
150026.SZ,大成景丰债券(LOF)-B,大成基金管理有限公司,中国农业银行股份有限公司,债券型,20101015,20131015,20101101,20100920,20131016,9.7349,nan,nan,3.0,1.0,0.1,,中债综合指数×100%,D,债券型,债券型,,nan,nan,E,D
510110.SH,海富通上证周期行业50ETF,海富通基金管理有限公司,中国工商银行股份有限公司,股票型,20100919,20230705,20101115,20100819,20230811,9.6738,nan,nan,13.0,1.0,0.1,,上证周期行业50指数×100%,D,被动指数型,股票型,,20101115,20101115,E,D
1500201.SZ,汇利A(退市),富国基金,中国农业银行,债券型,20100909,20130908,20101008,20100901,20130906,20.9948,0.6,0.2,nan,1.0,0.1,,中债综合指数,D,债券型,契约型封闭式,,20101008,nan,E,D
150020.SZ,富国汇利回报分级债券-A,富国基金管理有限公司,中国农业银行股份有限公司,债券型,20100909,20171210,20101008,20100901,20171211,20.9948,nan,nan,7.0,1.0,0.1,,中央国债登记结算有限责任公司编制并发布的中债综合指数×100%,D,债券型,债券型,,nan,nan,E,D
150021.SZ,富国汇利回报分级债券-B,富国基金管理有限公司,中国农业银行股份有限公司,债券型,20100909,20171210,20101008,20100901,20171211,8.9978,nan,nan,7.0,1.0,0.1,,中央国债登记结算有限责任公司编制并发布的中债综合指数×100%,D,债券型,债券型,,nan,nan,E,D
1500211.SZ,汇利B(退市),富国基金,中国农业银行,债券型,20100909,20130908,20101008,20100901,20130906,8.9978,0.6,0.2,nan,1.0,0.1,,中债综合指数,D,债券型,契约型封闭式,,20101008,nan,E,D
164205.SZ,天弘深证成份指数(LOF),天弘基金管理有限公司,中国工商银行股份有限公司,股票型,20100812,20150506,20100917,20100708,20150507,4.4063,nan,nan,5.0,1.0,0.1,,深圳证券交易所成份指数×95%+同业存款利息率×5%,D,nan,股票型,,20100917,20100917,E,D
1642051.SZ,天弘深证成份指数(LOF),天弘基金管理有限公司,中国工商银行股份有限公司,股票型,20100812,20150506,20100917,20100708,20150507,4.4063,nan,nan,5.0,1.0,0.1,,深圳证券交易所成份指数×95%+同业存款利息率×5%,D,nan,股票型,,20100917,20100917,E,D
510070.SH,鹏华上证民营企业50ETF,鹏华基金管理有限公司,中国工商银行股份有限公司,股票型,20100805,20200629,20101029,20100701,20200813,10.07,nan,nan,10.0,1.0,0.1,,上证民营企业50指数×100%,D,被动指数型,股票型,,20101029,20101029,E,D
161813.SZ,银华信用债券(LOF),银华基金管理股份有限公司,中国建设银行股份有限公司,债券型,20100629,20190102,20100709,20100524,20190103,22.9649,nan,nan,9.0,1.0,0.1,,中债-国债总指数-全价指数×20%+中债-企业债总指数-全价指数×80%,D,债券型,债券型,,20130628,20130628,E,D
1660071.SZ,中欧沪深300指数增强(LOF)-A,中欧基金管理有限公司,兴业银行股份有限公司,股票型,20100624,20181007,20100816,20100518,20181008,12.022,nan,nan,8.0,1.0,0.1,,活期存款利率(税后)×5%+沪深300指数×95%,D,nan,股票型,,20100816,20100816,E,D
161210.SZ,国投瑞银全球新兴市场精选股票(QDII-LOF),国投瑞银基金管理有限公司,中国工商银行股份有限公司,股票型,20100610,20181011,20100701,20100506,20181018,4.4317,nan,nan,8.0,1.0,0.1,,MSCI新兴市场指数(MSCI Emerging Markets Index)×100%,D,股票型,股票型,,20100701,20100701,E,D
150019.SZ,银华深证100指数分级-积极,银华基金管理股份有限公司,中国民生银行股份有限公司,股票型,20100507,20201231,20100607,20100401,20210104,2.2745,nan,nan,10.0,1.0,0.1,,活期存款利率(税后)×5%+深证100指数(价格)×95%,D,被动指数型,股票型,,nan,nan,E,D
150018.SZ,银华深证100指数分级-稳健,银华基金管理股份有限公司,中国民生银行股份有限公司,股票型,20100507,20201231,20100607,20100401,20210104,2.2745,nan,nan,10.0,1.0,0.1,,活期存款利率(税后)×5%+深证100指数(价格)×95%,D,被动指数型,股票型,,nan,nan,E,D
150017.SZ,兴全合润分级混合-B,兴证全球基金管理有限公司,招商银行股份有限公司,混合型,20100422,20201231,20100531,20100322,20210104,2.0197,nan,nan,10.0,1.0,0.1,,沪深300指数×80%+中证国债指数×20%,D,混合型,混合型,,nan,nan,E,D
150016.SZ,兴全合润分级混合-A,兴证全球基金管理有限公司,招商银行股份有限公司,混合型,20100422,20201231,20100531,20100322,20210104,1.3465,nan,nan,10.0,1.0,0.1,,沪深300指数×80%+中证国债指数×20%,D,混合型,混合型,,nan,nan,E,D
150013.SZ,国联安双禧中证100指数分级-B,国联安基金管理有限公司,中国建设银行股份有限公司,股票型,20100416,20201203,20100618,20100318,20201202,3.9462,nan,nan,10.0,1.0,0.1,,活期存款利率(税后)×5%+中证100指数×95%,D,被动指数型,股票型,,nan,nan,E,D
150012.SZ,国联安双禧中证100指数分级-A,国联安基金管理有限公司,中国建设银行股份有限公司,股票型,20100416,20201203,20100618,20100318,20201202,2.6308,nan,nan,10.0,1.0,0.1,,活期存款利率(税后)×5%+中证100指数×95%,D,被动指数型,股票型,,nan,nan,E,D
1612111.SZ,国投金融(退市),国投瑞银基金,中国工商银行,股票型,20100409,20131104,20100608,20100308,20131105,17.2317,0.6,0.13,nan,1.0,0.1,,沪深300金融地产指数收益率*95%+银行活期存款利率(税后)*5%,D,被动指数型,契约型开放式,,20100510,20100510,E,D
150011.SZ,国泰估值优势混合(LOF)-进取,国泰基金管理有限公司,中国工商银行股份有限公司,混合型,20100210,20130218,20100311,20100118,20130219,4.2155,nan,nan,3.0,1.0,0.1,,沪深300指数×80%+中证全债指数×20%,D,积极成长型,混合型,,nan,nan,E,D
150010.SZ,国泰估值优势混合(LOF)-优先,国泰基金管理有限公司,中国工商银行股份有限公司,混合型,20100210,20130218,20100311,20100118,20130219,4.2155,nan,nan,3.0,1.0,0.1,,沪深300指数×80%+中证全债指数×20%,D,稳健增长型,混合型,,nan,nan,E,D
150009.SZ,国投瑞银瑞和沪深300指数分级-远见,国投瑞银基金管理有限公司,中国工商银行股份有限公司,股票型,20091014,20200827,20091119,20090917,20200903,14.7937,nan,nan,11.0,1.0,0.1,,同业存款利息率×5%+沪深300指数×95%,D,被动指数型,股票型,,nan,nan,E,D
150008.SZ,国投瑞银瑞和沪深300指数分级-小康,国投瑞银基金管理有限公司,中国工商银行股份有限公司,股票型,20091014,20200827,20091119,20090917,20200903,14.7937,nan,nan,11.0,1.0,0.1,,同业存款利息率×5%+沪深300指数×95%,D,被动指数型,股票型,,nan,nan,E,D
1618111.SZ,银华沪深300指数(LOF),银华基金管理股份有限公司,中国建设银行股份有限公司,股票型,20091014,20140106,20091030,20090904,20140107,6.7019,nan,nan,5.0,1.0,0.1,,活期存款利率(税后)×5%+沪深300指数×95%,D,nan,股票型,,20091030,20091030,E,D
150006.SZ,长盛同庆可分离交易股票-A,长盛基金管理有限公司,中国建设银行股份有限公司,股票型,20090512,20120511,20090526,20090506,20120514,58.7469,nan,nan,3.0,1.0,0.1,,沪深300指数收益率×70%+中证全债指数收益率×30%,D,稳健增长型,股票型,,nan,nan,E,D
150007.SZ,长盛同庆可分离交易股票-B,长盛基金管理有限公司,中国建设银行股份有限公司,股票型,20090512,20120511,20090526,20090506,20120514,88.1204,nan,nan,3.0,1.0,0.1,,沪深300指数收益率×70%+中证全债指数收益率×30%,D,积极成长型,股票型,,nan,nan,E,D
150003.SZ,建信优势动力股票,建信基金管理有限责任公司,交通银行股份有限公司,股票型,20080319,20130318,20080919,20080218,20130318,46.427,nan,nan,5.0,1.0,0.1,,中国债券总指数×10%+沪深300指数×90%,D,股票型,股票型,,nan,nan,E,D
150002.SZ,大成优选封闭,大成基金管理有限公司,中国银行股份有限公司,股票型,20070801,20120727,20070907,20070723,20120727,46.7431,nan,nan,5.0,1.0,0.1,,沪深300指数×80%+中信标普全债指数×20%,D,股票型,股票型,,nan,nan,E,D
1500011.SZ,国投瑞银瑞福分级封闭-瑞福进取,国投瑞银基金管理有限公司,中国工商银行股份有限公司,股票型,20070717,20120716,20070921,20070710,20120717,30.005,nan,nan,5.0,1.0,0.1,,沪深300指数×80%+中信标普全债指数×20%,D,nan,股票型,,nan,nan,E,D
500058.SH,银河银丰封闭,银河基金管理有限公司,中国建设银行股份有限公司,混合型,20020815,20170727,20020910,20020808,20170727,30.0,nan,nan,15.0,1.0,0.101,,上证A股指数涨跌幅×75%+同期国债收益率×25%,D,平衡型,混合型,,nan,nan,E,D
184722.SZ,长城久嘉,长城基金管理有限公司,中国农业银行股份有限公司,股票型,20020705,20170705,20020827,20020701,20170705,20.0,nan,nan,15.0,1.0,0.101,,上证A股指数×100%,D,平衡型,股票型,,nan,nan,E,D
184719.SZ,国投瑞银融鑫封闭,国投瑞银基金管理有限公司,中国工商银行股份有限公司,股票型,20020613,20080110,20020902,nan,20080110,4.3611,nan,nan,6.0,1.0,nan,,上海综合指数×80%+中信标普国债指数×20%,D,成长型,股票型,,nan,nan,E,D
184721.SZ,嘉实丰和价值,嘉实基金管理有限公司,中国农业银行股份有限公司,股票型,20020322,20170319,20020404,20020315,20170320,30.0,nan,nan,15.0,1.0,0.101,,该基金暂未披露业绩比较基准,D,价值型,股票型,,nan,nan,E,D
500056.SH,易方达科瑞封闭,易方达基金管理有限公司,交通银行股份有限公司,股票型,20020312,20170102,20020320,20020228,20170103,30.0,nan,nan,15.0,1.0,0.101,,该基金暂未披露业绩比较基准,D,价值型,股票型,,nan,nan,E,D
184720.SZ,长城久富,长城基金管理有限公司,交通银行股份有限公司,股票型,20011218,20070211,20020418,nan,20070212,2.537,nan,nan,6.0,1.0,nan,,该基金暂未披露业绩比较基准,D,成长型,股票型,,nan,nan,E,D
184728.SZ,宝盈鸿阳封闭,宝盈基金管理有限公司,中国农业银行股份有限公司,股票型,20011210,20170103,20011218,20011128,20170104,20.0,nan,nan,16.0,1.0,0.101,,该基金暂未披露业绩比较基准,D,平衡型,股票型,,nan,nan,E,D
500038.SH,融通通乾封闭,融通基金管理有限公司,中国建设银行股份有限公司,股票型,20010829,20160812,20010921,20010823,20160812,20.0,nan,nan,15.0,1.0,0.101,,该基金暂未披露业绩比较基准,D,成长型,股票型,,nan,nan,E,D
184700.SZ,宝盈鸿飞封闭,宝盈基金管理有限公司,中国建设银行股份有限公司,股票型,20010518,20080415,20011128,nan,20080415,2.0,nan,nan,7.0,1.0,nan,,该基金暂未披露业绩比较基准,D,成长型,股票型,,nan,nan,E,D
184738.SZ,融通通宝封闭,融通基金管理有限公司,中国建设银行股份有限公司,股票型,20010516,20070430,20010906,nan,20070430,2.0975,nan,nan,6.0,1.0,nan,,该基金暂未披露业绩比较基准,D,成长型,股票型,,nan,nan,E,D
184712.SZ,易方达科汇封闭,易方达基金管理有限公司,交通银行股份有限公司,股票型,20010420,20081009,20010620,nan,20081009,2.4834,nan,nan,7.0,1.0,nan,,该基金暂未披露业绩比较基准,D,成长型,股票型,,nan,nan,E,D
184713.SZ,易方达科翔封闭,易方达基金管理有限公司,中国工商银行股份有限公司,股票型,20010420,20081113,20010620,nan,20081113,2.8121,nan,nan,7.0,1.0,nan,,该基金暂未披露业绩比较基准,D,成长型,股票型,,nan,nan,E,D
500029.SH,易方达科讯封闭,易方达基金管理有限公司,交通银行股份有限公司,股票型,20010420,20071218,20010620,nan,20071218,2.0725,nan,nan,6.0,1.0,nan,,该基金暂未披露业绩比较基准,D,成长型,股票型,,nan,nan,E,D
184711.SZ,鹏华普华封闭,鹏华基金管理有限公司,中国工商银行股份有限公司,股票型,20001106,20070424,20010828,nan,20070425,2.2686,nan,nan,7.0,1.0,nan,,该基金暂未披露业绩比较基准,D,成长型,股票型,,nan,nan,E,D
500039.SH,长盛同德,长盛基金管理有限公司,中国农业银行股份有限公司,股票型,20001020,20071025,20010801,nan,20071025,2.0,nan,nan,7.0,1.0,nan,,该基金暂未披露业绩比较基准,D,成长型,股票型,,nan,nan,E,D
500028.SH,华夏兴业封闭,华夏基金管理有限公司,中国农业银行股份有限公司,股票型,20000818,20060809,20010727,nan,20060809,2.0076,nan,nan,6.0,1.0,nan,,该基金暂未披露业绩比较基准,D,平衡型,股票型,,nan,nan,E,D
500019.SH,鹏华普润封闭,鹏华基金管理有限公司,中国工商银行股份有限公司,股票型,20000808,20070424,20010904,nan,20070425,2.0322,nan,nan,7.0,1.0,nan,,该基金暂未披露业绩比较基准,D,成长型,股票型,,nan,nan,E,D
184710.SZ,南方隆元封闭,南方基金管理股份有限公司,中国工商银行股份有限公司,股票型,20000724,20071109,20001018,nan,20071109,2.18,nan,nan,7.0,1.0,nan,,该基金暂未披露业绩比较基准,D,创新型,股票型,,nan,nan,E,D
184706.SZ,银华天华,银华基金管理股份有限公司,中国农业银行股份有限公司,股票型,20000721,20090630,20010808,nan,20090701,8.4209,nan,nan,9.0,1.0,nan,,该基金暂未披露业绩比较基准,D,成长型,股票型,,nan,nan,E,D
184718.SZ,华夏兴安封闭,华夏基金管理有限公司,中国银行股份有限公司,股票型,20000720,20071122,20000920,nan,20071122,2.3671,nan,nan,7.0,1.0,nan,,该基金暂未披露业绩比较基准,D,成长型,股票型,,nan,nan,E,D
500013.SH,华安安瑞封闭,华安基金管理有限公司,中国工商银行股份有限公司,股票型,20000718,20070409,20010830,nan,20070410,2.077,nan,nan,7.0,1.0,nan,,该基金暂未披露业绩比较基准,D,成长型,股票型,,nan,nan,E,D
500035.SH,富国汉博封闭,富国基金管理有限公司,中国建设银行股份有限公司,股票型,20000712,20070426,20001017,nan,20070427,2.2169,nan,nan,7.0,1.0,nan,,该基金暂未披露业绩比较基准,D,成长型,股票型,,nan,nan,E,D
184709.SZ,华安安久封闭,华安基金管理有限公司,交通银行股份有限公司,股票型,20000704,20070802,20010831,nan,20070802,2.0,nan,nan,7.0,1.0,nan,,该基金暂未披露业绩比较基准,D,成长型,股票型,,nan,nan,E,D
500025.SH,富国汉鼎封闭,富国基金管理有限公司,中国工商银行股份有限公司,股票型,20000630,20081120,20000817,nan,20081120,2.0,nan,nan,8.0,1.0,nan,,中标300信息技术指数×56%+沪深300指数×24%+中国债券总指数×20%,D,成长型,股票型,,nan,nan,E,D
500017.SH,大成景业封闭,大成基金管理有限公司,中国农业银行股份有限公司,股票型,20000622,20070115,20011219,nan,20070116,3.7287,nan,nan,7.0,1.0,nan,,该基金暂未披露业绩比较基准,D,成长型,股票型,,nan,nan,E,D
500021.SH,国泰金鼎封闭,国泰基金管理有限公司,中国建设银行股份有限公司,股票型,20000516,20070410,20000804,nan,20070411,2.3275,nan,nan,7.0,1.0,nan,,该基金暂未披露业绩比较基准,D,成长型,股票型,,nan,nan,E,D
184703.SZ,国泰金盛封闭,国泰基金管理有限公司,中国建设银行股份有限公司,股票型,20000426,20091019,20000630,nan,20091019,2.3364,nan,nan,9.0,1.0,nan,,该基金暂未披露业绩比较基准,D,成长型,股票型,,nan,nan,E,D
184708.SZ,华夏兴科封闭,华夏基金管理有限公司,交通银行股份有限公司,股票型,20000408,20070423,20000718,nan,20070424,2.2666,nan,nan,7.0,1.0,nan,,该基金暂未披露业绩比较基准,D,成长型,股票型,,nan,nan,E,D
500010.SH,南方金元封闭,南方基金管理股份有限公司,中国工商银行股份有限公司,股票型,20000328,20070514,20000711,nan,20070514,2.0151,nan,nan,7.0,1.0,nan,,该基金暂未披露业绩比较基准,D,成长型,股票型,,nan,nan,E,D
184705.SZ,博时裕泽封闭,博时基金管理有限公司,中国工商银行股份有限公司,股票型,20000327,20110422,20000517,nan,20110422,2.0,nan,nan,11.0,1.0,nan,,该基金暂未披露业绩比较基准,D,科技型,股票型,,nan,nan,E,D
184702.SZ,长盛同智,长盛基金管理有限公司,中国银行股份有限公司,股票型,20000308,20070105,20000515,nan,20070105,2.6803,nan,nan,7.0,1.0,nan,,该基金暂未披露业绩比较基准,D,成长型,股票型,,nan,nan,E,D
500015.SH,富国汉兴封闭,富国基金管理有限公司,交通银行股份有限公司,股票型,19991230,20141211,20000110,19991224,20141212,30.0,nan,nan,15.0,1.0,0.101,,沪深300指数×80%+中国债券总指数×20%,D,平衡型,股票型,,nan,nan,E,D
184701.SZ,大成景福封闭,大成基金管理有限公司,中国农业银行股份有限公司,股票型,19991230,20141225,20000110,19991224,20141226,30.0,nan,nan,15.0,1.0,0.101,,上证A股指数×80%+中信国债指数×20%,D,增强指数型,股票型,,nan,nan,E,D
184696.SZ,博时裕华封闭,博时基金管理有限公司,交通银行股份有限公司,股票型,19991110,20070706,20000424,nan,20070706,2.1096,nan,nan,8.0,1.0,nan,,该基金暂未披露业绩比较基准,D,成长型,股票型,,nan,nan,E,D
184699.SZ,长盛同盛,长盛基金管理有限公司,中国银行股份有限公司,股票型,19991105,20141105,19991126,19991101,20141105,30.0,nan,nan,15.0,1.0,0.101,,该基金暂未披露业绩比较基准,D,成长型,股票型,,nan,nan,E,D
500011.SH,国泰金鑫封闭,国泰基金管理有限公司,中国建设银行股份有限公司,股票型,19991021,20140915,19991126,19991015,20140915,30.0,nan,nan,15.0,1.0,0.101,,该基金暂未披露业绩比较基准,D,成长型,股票型,,nan,nan,E,D
184695.SZ,大成景博封闭,大成基金管理有限公司,中国农业银行股份有限公司,股票型,19990922,20070611,19991022,nan,20070612,2.5002,nan,nan,8.0,1.0,nan,,该基金暂未披露业绩比较基准,D,成长型,股票型,,nan,nan,E,D
500007.SH,大成景阳封闭,大成基金管理有限公司,中国农业银行股份有限公司,股票型,19990917,20071211,19991022,nan,20071211,2.0,nan,nan,8.0,1.0,nan,,该基金暂未披露业绩比较基准,D,成长型,股票型,,nan,nan,E,D
500016.SH,博时裕元封闭,博时基金管理有限公司,中国工商银行股份有限公司,股票型,19990917,20070411,19991028,nan,20070412,2.0,nan,nan,8.0,1.0,nan,,该基金暂未披露业绩比较基准,D,股票型,股票型,,nan,nan,E,D
184698.SZ,南方天元封闭,南方基金管理股份有限公司,中国工商银行股份有限公司,股票型,19990825,20140703,19990920,19990818,20140703,30.0,nan,nan,15.0,1.0,0.101,,上证综合指数×80%+上证国债指数×20%,D,成长型,股票型,,nan,nan,E,D
184693.SZ,鹏华普丰封闭,鹏华基金管理有限公司,中国工商银行股份有限公司,股票型,19990714,20140609,19990730,19990708,20140610,30.0,nan,nan,15.0,1.0,0.101,,沪深300指数涨跌幅×80%+中信标普国债指数收益率×20%,D,增强指数型,股票型,,nan,nan,E,D
500018.SH,华夏兴和封闭,华夏基金管理有限公司,中国建设银行股份有限公司,股票型,19990714,20140530,19990730,19990708,20140530,30.0,nan,nan,15.0,1.0,0.101,,该基金暂未披露业绩比较基准,D,增强指数型,股票型,,nan,nan,E,D
184692.SZ,博时裕隆封闭,博时基金管理有限公司,中国农业银行股份有限公司,股票型,19990615,20140603,19990624,19990609,20140603,30.0,nan,nan,15.0,1.0,0.101,,该基金暂未披露业绩比较基准,D,成长型,股票型,,nan,nan,E,D
500009.SH,华安安顺封闭,华安基金管理有限公司,交通银行股份有限公司,股票型,19990615,20140512,19990622,19990609,20140512,30.0,nan,nan,15.0,1.0,0.101,,中信标普300指数×75%+中信标普国债指数×20%+金融同业存款利率×5%,D,成长型,股票型,,nan,nan,E,D
500005.SH,富国汉盛封闭,富国基金管理有限公司,中国农业银行股份有限公司,股票型,19990510,20140430,19990518,19990430,20140430,20.0,nan,nan,15.0,1.0,0.101,,沪深300指数×80%+中国债券总指数×20%,D,成长型,股票型,,nan,nan,E,D
184691.SZ,大成景宏封闭,大成基金管理有限公司,中国银行股份有限公司,股票型,19990504,20140410,19990518,19990427,20140410,20.0,nan,nan,15.0,1.0,0.101,,上证A股指数×80%+中信国债指数×20%,D,成长型,股票型,,nan,nan,E,D
184690.SZ,长盛同益,长盛基金管理有限公司,中国工商银行股份有限公司,股票型,19990408,20140404,19990421,19990402,20140404,20.0,nan,nan,15.0,1.0,0.101,,该基金暂未披露业绩比较基准,D,成长型,股票型,,nan,nan,E,D
500002.SH,嘉实泰和,嘉实基金管理有限公司,中国建设银行股份有限公司,股票型,19990408,20140404,19990420,19990402,20140404,20.0,nan,nan,15.0,1.0,0.101,,该基金暂未披露业绩比较基准,D,平衡型,股票型,,nan,nan,E,D
184689.SZ,鹏华普惠封闭,鹏华基金管理有限公司,交通银行股份有限公司,股票型,19990106,20131223,19990127,19981230,20131223,20.0,nan,nan,14.0,1.0,0.101,,中信标普A股综合指数涨跌幅×70%+中信标普国债指数涨跌幅×25%+金融同业存款利率×5%,D,成长型,股票型,,nan,nan,E,D
500006.SH,博时裕阳封闭,博时基金管理有限公司,中国农业银行股份有限公司,股票型,19980725,20130715,19980730,19980717,20130715,20.0,nan,nan,15.0,1.0,0.101,,该基金暂未披露业绩比较基准,D,成长型,股票型,,nan,nan,E,D
500003.SH,华安安信封闭,华安基金管理有限公司,中国工商银行股份有限公司,股票型,19980622,20130523,19980626,19980616,20130523,20.0,nan,nan,15.0,1.0,0.101,,中标300指数×75%+中信国债指数×20%+金融同业存款利率×5%,D,成长型,股票型,,nan,nan,E,D
500008.SH,华夏兴华封闭,华夏基金管理有限公司,中国建设银行股份有限公司,股票型,19980428,20130411,19980508,19980422,20130412,20.0,nan,nan,15.0,1.0,0.101,,该基金暂未披露业绩比较基准,D,成长型,股票型,,nan,nan,E,D
500001.SH,国泰金泰封闭,国泰基金管理有限公司,中国工商银行股份有限公司,股票型,19980327,20121224,19980407,19980323,20121224,20.0,nan,nan,14.0,1.0,0.101,,该基金暂未披露业绩比较基准,D,平衡型,股票型,,nan,nan,E,D
184688.SZ,南方开元封闭,南方基金管理股份有限公司,中国工商银行股份有限公司,股票型,19980327,20130218,19980407,19980323,20130208,20.0,nan,nan,15.0,1.0,0.101,,上证综合指数×80%+上证国债指数×20%,D,成长型,股票型,,nan,nan,E,D
