symbol,year,bars,avg_daily_amount_yi,total_amount_yi
158057.SZ,2026,1,1.5946,1.59
158053.SZ,2026,1,1.9017,1.9
158049.SZ,2026,2,5.5631,11.13
158031.SZ,2026,2,0.7462,1.49
158050.SZ,2026,4,4.5035,18.01
158026.SZ,2026,1,1.1273,1.13
158041.SZ,2026,5,2.7885,13.94
158022.SZ,2026,4,0.392,1.57
589510.SH,2026,5,0.495,2.48
515940.SH,2026,5,0.3905,1.95
158061.SZ,2026,6,2.0558,12.34
158038.SZ,2026,6,0.2601,1.56
516040.SH,2026,4,0.2277,0.91
562170.SH,2026,8,0.1248,1.0
512740.SH,2026,8,0.2722,2.18
158032.SZ,2026,8,0.096,0.77
158028.SZ,2026,9,0.0702,0.63
562110.SH,2026,6,0.3772,2.26
159025.SZ,2026,8,0.1945,1.56
515440.SH,2026,10,0.2427,2.43
561610.SH,2026,6,0.1817,1.09
562150.SH,2026,8,0.088,0.7
589430.SH,2026,14,0.3198,4.48
158011.SZ,2026,14,0.1453,2.03
158013.SZ,2026,13,0.1595,2.07
561530.SH,2026,15,0.1851,2.78
526060.SH,2026,14,0.3203,4.48
158027.SZ,2026,16,0.0912,1.46
561690.SH,2026,13,0.1487,1.93
158023.SZ,2026,13,0.2133,2.77
562180.SH,2026,17,0.1325,2.25
561730.SH,2026,19,0.228,4.33
158001.SZ,2026,20,0.1032,2.06
158017.SZ,2026,20,0.2139,4.28
158010.SZ,2026,20,0.1423,2.85
158019.SZ,2026,20,0.0939,1.88
561830.SH,2026,16,0.0781,1.25
159096.SZ,2026,19,0.1383,2.63
158008.SZ,2026,19,0.0872,1.66
158005.SZ,2026,23,0.0836,1.92
158000.SZ,2026,21,0.1729,3.63
589460.SH,2026,24,0.1846,4.43
517230.SH,2026,25,0.07,1.75
159043.SZ,2026,23,0.0827,1.9
159082.SZ,2026,24,0.0886,2.13
159073.SZ,2026,25,0.2877,7.19
158012.SZ,2026,25,0.0895,2.24
561410.SH,2026,23,0.0714,1.64
158003.SZ,2026,26,0.25,6.5
159095.SZ,2026,27,0.1016,2.74
159083.SZ,2026,30,0.1074,3.22
159058.SZ,2026,30,0.1132,3.4
159098.SZ,2026,29,0.1013,2.94
520740.SH,2026,33,0.0631,2.08
561890.SH,2026,34,0.113,3.84
561810.SH,2026,34,0.093,3.16
561390.SH,2026,28,0.1082,3.03
158006.SZ,2026,34,0.067,2.28
158009.SZ,2026,35,0.1266,4.43
159077.SZ,2026,31,0.078,2.42
512420.SH,2026,34,0.0824,2.8
561620.SH,2026,36,0.1324,4.77
561020.SH,2026,37,0.0786,2.91
561450.SH,2026,38,0.0774,2.94
159099.SZ,2026,40,0.161,6.44
159093.SZ,2026,40,0.1155,4.62
561400.SH,2026,38,0.0828,3.15
159086.SZ,2026,40,0.1111,4.45
159087.SZ,2026,38,0.0792,3.01
159079.SZ,2026,38,0.0928,3.53
561490.SH,2026,39,0.1656,6.46
515840.SH,2026,45,0.0994,4.47
588530.SH,2026,41,0.0887,3.64
561630.SH,2026,46,0.0957,4.4
159085.SZ,2026,48,0.0766,3.68
159059.SZ,2026,48,0.1211,5.81
159069.SZ,2026,47,0.1516,7.13
589410.SH,2026,50,0.1059,5.29
159091.SZ,2026,50,0.1103,5.51
515040.SH,2026,49,0.0898,4.4
561250.SH,2026,46,0.0856,3.94
159072.SZ,2026,49,0.1685,8.26
159075.SZ,2026,49,0.0482,2.36
516440.SH,2026,55,0.0805,4.43
520750.SH,2026,54,0.3063,16.54
561420.SH,2026,56,0.1035,5.8
512410.SH,2026,56,0.2079,11.64
589390.SH,2026,54,0.3604,19.46
159078.SZ,2026,56,0.0976,5.47
589420.SH,2026,55,0.1673,9.2
159067.SZ,2026,53,0.0643,3.41
159076.SZ,2026,56,0.1557,8.72
560730.SH,2026,50,0.1453,7.27
589400.SH,2026,55,0.1606,8.83
159161.SZ,2026,57,0.0387,2.21
159068.SZ,2026,56,0.1002,5.61
561470.SH,2026,55,0.0741,4.08
515480.SH,2026,58,0.0852,4.94
159066.SZ,2026,58,0.0872,5.06
510140.SH,2026,59,0.1031,6.08
560920.SH,2026,59,0.0688,4.06
561460.SH,2026,59,0.2674,15.78
159049.SZ,2026,56,0.1176,6.58
589350.SH,2026,62,0.21,13.02
159040.SZ,2026,64,0.1652,10.57
526030.SH,2026,64,0.4453,28.5
561430.SH,2026,62,0.055,3.41
589290.SH,2026,64,0.1414,9.05
589310.SH,2026,59,0.087,5.13
589360.SH,2026,64,0.6737,43.12
159070.SZ,2026,64,0.068,4.35
159045.SZ,2026,66,0.091,6.01
159061.SZ,2026,66,0.074,4.88
159065.SZ,2026,64,0.0434,2.77
159071.SZ,2026,69,0.1284,8.86
159062.SZ,2026,69,0.1637,11.3
159063.SZ,2026,72,0.1487,10.71
159011.SZ,2026,71,0.0961,6.83
159036.SZ,2026,74,0.1917,14.19
159039.SZ,2026,69,0.5568,38.42
159023.SZ,2026,72,0.1007,7.25
159046.SZ,2026,74,0.1578,11.68
159052.SZ,2026,74,0.0993,7.34
159048.SZ,2026,75,0.2162,16.21
159051.SZ,2026,76,0.0505,3.84
159056.SZ,2026,76,0.0976,7.42
159057.SZ,2026,72,0.0391,2.81
159053.SZ,2026,76,0.2304,17.51
159050.SZ,2026,76,0.4504,34.23
159055.SZ,2026,76,0.1622,12.33
159037.SZ,2026,74,0.0493,3.65
159042.SZ,2026,76,0.0503,3.82
159060.SZ,2026,75,0.0612,4.59
159041.SZ,2026,75,0.0596,4.47
159033.SZ,2026,78,0.2959,23.08
560970.SH,2026,77,0.0643,4.95
560670.SH,2026,77,0.1646,12.68
517130.SH,2026,82,0.1265,10.37
510910.SH,2026,80,0.3372,26.97
520710.SH,2026,82,0.5621,46.09
589330.SH,2026,83,0.0853,7.08
560720.SH,2026,78,0.0757,5.9
561030.SH,2026,83,0.0734,6.09
159031.SZ,2026,82,0.0811,6.65
589320.SH,2026,84,0.1071,8.99
526070.SH,2026,83,0.0872,7.24
560490.SH,2026,86,0.1555,13.37
588470.SH,2026,84,0.3202,26.9
588510.SH,2026,83,0.224,18.6
560830.SH,2026,86,0.3811,32.77
560790.SH,2026,87,0.0606,5.27
560480.SH,2026,86,0.1252,10.77
560250.SH,2026,88,0.0623,5.48
561050.SH,2026,88,0.187,16.46
560910.SH,2026,89,0.1375,12.24
560870.SH,2026,87,0.1107,9.63
159038.SZ,2026,89,0.1735,15.44
159029.SZ,2026,89,0.2099,18.68
159012.SZ,2026,90,0.1366,12.29
589280.SH,2026,90,0.1202,10.82
159035.SZ,2026,93,0.1241,11.54
159027.SZ,2026,93,0.0796,7.4
560930.SH,2026,94,0.1577,14.82
159032.SZ,2026,95,0.1821,17.3
159016.SZ,2026,94,0.3325,31.25
520730.SH,2026,93,0.0412,3.83
516840.SH,2026,95,0.0633,6.01
159021.SZ,2026,93,0.0566,5.26
159010.SZ,2026,95,0.1432,13.6
513620.SH,2026,92,0.3118,28.69
159028.SZ,2026,94,0.0536,5.04
588480.SH,2026,96,0.1856,17.82
560460.SH,2026,93,0.142,13.21
560420.SH,2026,91,0.0316,2.88
560320.SH,2026,95,0.0647,6.15
513240.SH,2026,98,1.3882,136.05
512140.SH,2026,97,0.2074,20.12
159030.SZ,2026,96,0.262,25.16
159182.SZ,2026,98,0.0325,3.19
159193.SZ,2026,100,0.1878,18.78
526050.SH,2026,101,1.0002,101.02
512430.SH,2026,101,0.0431,4.36
159017.SZ,2026,98,0.065,6.37
159192.SZ,2026,100,0.0479,4.79
560450.SH,2026,101,0.246,24.84
560470.SH,2026,101,0.1371,13.85
159015.SZ,2026,98,0.1541,15.1
159178.SZ,2026,103,0.2129,21.93
159020.SZ,2026,104,0.0852,8.86
159013.SZ,2026,103,0.0852,8.77
159018.SZ,2026,104,0.0742,7.71
159026.SZ,2026,105,0.0828,8.69
515640.SH,2026,105,0.0369,3.88
159019.SZ,2026,106,0.1757,18.63
159022.SZ,2026,105,0.2936,30.83
159185.SZ,2026,105,2.3497,246.72
159008.SZ,2026,103,0.1321,13.6
589270.SH,2026,103,0.0614,6.33
526010.SH,2026,110,0.1302,14.32
159007.SZ,2026,110,0.1755,19.31
159186.SZ,2026,109,0.0528,5.75
159009.SZ,2026,113,0.0612,6.92
560410.SH,2026,110,0.0636,6.99
526000.SH,2026,115,3.8304,440.5
159188.SZ,2026,115,0.0378,4.34
159199.SZ,2026,116,0.0302,3.51
159176.SZ,2026,119,0.1226,14.59
159173.SZ,2026,120,0.0943,11.32
159180.SZ,2026,119,0.0839,9.99
159196.SZ,2026,120,3.6551,438.61
159197.SZ,2026,120,0.1189,14.27
589260.SH,2026,120,0.1625,19.5
159198.SZ,2026,119,1.6059,191.1
516370.SH,2026,119,0.2262,26.92
159187.SZ,2026,121,0.0797,9.65
159195.SZ,2026,120,0.1641,19.69
159160.SZ,2026,124,0.208,25.79
520790.SH,2026,123,0.1588,19.53
159191.SZ,2026,125,0.0861,10.77
520680.SH,2026,125,0.0818,10.23
512450.SH,2026,121,0.0733,8.87
159179.SZ,2026,119,0.235,27.97
159190.SZ,2026,123,0.1728,21.25
589250.SH,2026,121,0.1532,18.54
159177.SZ,2026,120,0.1188,14.26
159183.SZ,2026,127,0.1084,13.76
159170.SZ,2026,130,0.3472,45.14
159172.SZ,2026,129,0.147,18.97
512460.SH,2026,129,0.2288,29.52
159181.SZ,2026,130,0.1304,16.96
159189.SZ,2026,130,0.1382,17.96
159166.SZ,2026,131,0.0312,4.08
560210.SH,2026,129,0.1127,14.54
513930.SH,2026,131,0.7965,104.35
560400.SH,2026,130,0.2776,36.09
515460.SH,2026,133,0.17,22.61
159175.SZ,2026,140,0.3756,52.58
159171.SZ,2026,140,0.0742,10.39
560390.SH,2026,141,1.4265,201.14
159169.SZ,2026,141,0.2274,32.06
520760.SH,2026,143,0.2071,29.62
560310.SH,2026,143,0.045,6.44
560270.SH,2026,139,0.1623,22.56
560370.SH,2026,145,0.0411,5.96
159159.SZ,2026,149,0.1102,16.42
159165.SZ,2026,149,0.1179,17.56
159167.SZ,2026,149,0.309,46.05
159168.SZ,2026,149,0.2956,44.04
159156.SZ,2026,149,0.0851,12.68
512940.SH,2026,145,0.5965,86.49
563560.SH,2026,144,0.1132,16.3
515970.SH,2026,149,0.8546,127.34
159148.SZ,2026,150,0.4578,68.67
530060.SH,2026,151,0.5424,81.9
159153.SZ,2026,152,0.1811,27.53
520610.SH,2026,152,0.1047,15.92
560710.SH,2026,153,1.1208,171.48
159135.SZ,2026,150,0.1498,22.46
159157.SZ,2026,153,1.6392,250.79
560230.SH,2026,153,0.1025,15.69
589170.SH,2026,153,0.1461,22.35
159163.SZ,2026,152,0.1016,15.45
560290.SH,2026,153,0.1247,19.08
516230.SH,2026,156,0.0983,15.34
159247.SZ,2026,157,0.4378,68.74
159152.SZ,2026,156,0.447,69.73
589160.SH,2026,158,0.3613,57.08
520910.SH,2026,157,0.3146,49.39
159162.SZ,2026,159,0.2099,33.37
520930.SH,2026,147,0.2544,37.39
560160.SH,2026,161,0.0441,7.1
589190.SH,2026,161,0.7848,126.35
159158.SZ,2026,161,0.5206,83.82
589220.SH,2026,162,0.3527,57.13
589230.SH,2026,157,0.3085,48.43
589070.SH,2026,163,1.4661,238.97
159147.SZ,2026,163,0.3537,57.66
159155.SZ,2026,165,0.2453,40.47
159146.SZ,2026,166,0.4249,70.53
159145.SZ,2026,167,0.0613,10.24
159149.SZ,2026,166,0.1194,19.82
563870.SH,2026,169,0.045,7.61
159137.SZ,2026,172,0.5503,94.66
159151.SZ,2026,170,0.1178,20.03
159138.SZ,2026,171,0.1381,23.61
589030.SH,2026,167,0.9565,159.73
520850.SH,2026,167,0.1851,30.91
159293.SZ,2026,171,0.0675,11.54
560130.SH,2026,171,0.0201,3.44
513720.SH,2026,173,0.2057,35.58
159143.SZ,2026,172,0.0828,14.24
589130.SH,2026,174,1.5171,263.97
563930.SH,2026,176,0.0496,8.73
520770.SH,2026,162,0.0946,15.33
159132.SZ,2026,174,0.2931,51.0
159243.SZ,2026,177,0.5023,88.9
520810.SH,2026,172,0.0643,11.06
563790.SH,2026,177,0.9464,167.51
588410.SH,2026,177,0.1547,27.39
588430.SH,2025,3,1.383,4.15
588430.SH,2026,177,0.1888,33.42
588420.SH,2026,177,0.3261,57.72
589150.SH,2026,176,0.1845,32.46
562070.SH,2025,5,0.4954,2.48
562070.SH,2026,177,0.1224,21.66
159136.SZ,2025,5,0.4393,2.2
159136.SZ,2026,177,0.0242,4.29
589210.SH,2025,7,0.3896,2.73
589210.SH,2026,177,0.2691,47.64
563850.SH,2025,9,0.3286,2.96
563850.SH,2026,177,0.0427,7.56
159140.SZ,2025,10,1.0724,10.72
159140.SZ,2026,177,0.789,139.66
159139.SZ,2025,9,0.3973,3.58
159139.SZ,2026,177,0.4326,76.57
517950.SH,2025,10,0.4607,4.61
517950.SH,2026,177,0.0974,17.25
516250.SH,2025,8,0.2997,2.4
516250.SH,2026,177,0.134,23.71
520780.SH,2025,3,1.0995,3.3
520780.SH,2026,177,0.2587,45.8
159142.SZ,2025,14,0.4532,6.34
159142.SZ,2026,177,0.9053,160.23
563960.SH,2026,174,0.1169,20.35
159141.SZ,2025,15,0.8342,12.51
159141.SZ,2026,177,0.9903,175.28
159253.SZ,2025,18,0.0575,1.04
159253.SZ,2026,177,0.0869,15.38
520630.SH,2025,8,0.1821,1.46
520630.SH,2026,177,0.1994,35.3
520820.SH,2025,13,0.1438,1.87
520820.SH,2026,177,0.0381,6.74
159130.SZ,2025,25,0.2807,7.02
159130.SZ,2026,177,0.1536,27.19
159123.SZ,2025,25,0.26,6.5
159123.SZ,2026,177,0.127,22.48
520530.SH,2025,18,0.1522,2.74
520530.SH,2026,177,0.3221,57.01
563510.SH,2025,23,0.1898,4.37
563510.SH,2026,177,0.086,15.23
159133.SZ,2025,27,0.359,9.69
159133.SZ,2026,177,0.5031,89.05
159118.SZ,2025,25,0.1739,4.35
159118.SZ,2026,177,0.0555,9.83
520590.SH,2025,23,0.4518,10.39
520590.SH,2026,177,0.3233,57.22
159121.SZ,2025,28,0.0776,2.17
159121.SZ,2026,177,0.2018,35.73
515730.SH,2025,27,0.2706,7.31
515730.SH,2026,177,0.0238,4.21
159127.SZ,2025,30,0.1408,4.22
159127.SZ,2026,177,0.1366,24.17
159108.SZ,2025,28,0.1377,3.86
159108.SZ,2026,177,0.1178,20.85
512620.SH,2025,29,0.14,4.06
512620.SH,2026,177,0.1334,23.61
515370.SH,2025,32,0.1354,4.33
515370.SH,2026,177,0.341,60.36
159129.SZ,2025,34,0.3313,11.27
159129.SZ,2026,177,0.498,88.15
563530.SH,2025,34,0.6282,21.36
563530.SH,2026,177,1.8557,328.46
159120.SZ,2025,35,0.1573,5.5
159120.SZ,2026,177,0.2242,39.69
159131.SZ,2025,35,0.6039,21.14
159131.SZ,2026,177,11.1753,1978.03
159100.SZ,2025,35,1.2386,43.35
159100.SZ,2026,177,2.458,435.07
520870.SH,2025,35,0.882,30.87
520870.SH,2026,177,1.8267,323.33
159119.SZ,2025,35,0.0971,3.4
159119.SZ,2026,177,0.0917,16.23
159128.SZ,2025,35,0.6059,21.21
159128.SZ,2026,177,0.8342,147.65
520950.SH,2025,27,0.2979,8.04
520950.SH,2026,177,0.2737,48.44
520650.SH,2025,38,0.1191,4.53
520650.SH,2026,177,0.9278,164.23
520570.SH,2025,33,0.8966,29.59
520570.SH,2026,177,1.2202,215.98
563570.SH,2025,37,0.1353,5.01
563570.SH,2026,177,0.1485,26.28
563380.SH,2025,39,0.2456,9.58
563380.SH,2026,177,0.8373,148.19
561660.SH,2025,38,0.1757,6.68
561660.SH,2026,177,0.0962,17.03
563590.SH,2025,41,0.065,2.67
563590.SH,2026,177,0.0086,1.51
159260.SZ,2025,42,0.2268,9.53
159260.SZ,2026,177,0.1177,20.84
159125.SZ,2025,40,0.4001,16.0
159125.SZ,2026,177,0.4055,71.77
563980.SH,2025,39,0.1276,4.98
563980.SH,2026,177,0.0493,8.72
159295.SZ,2025,42,0.1969,8.27
159295.SZ,2026,177,0.067,11.85
563750.SH,2025,45,0.1696,7.63
563750.SH,2026,177,0.1968,34.83
159122.SZ,2025,43,0.1232,5.3
159122.SZ,2026,177,0.045,7.97
520960.SH,2025,44,0.1055,4.64
520960.SH,2026,177,0.0262,4.63
159126.SZ,2025,43,0.1094,4.71
159126.SZ,2026,177,0.1335,23.62
159105.SZ,2025,43,0.2026,8.71
159105.SZ,2026,177,1.1153,197.41
510670.SH,2025,46,0.1286,5.91
510670.SH,2026,177,0.0556,9.84
512630.SH,2025,51,0.8351,42.59
512630.SH,2026,177,2.3511,416.15
530100.SH,2025,51,0.056,2.86
530100.SH,2026,177,0.0335,5.93
159285.SZ,2025,53,0.1194,6.33
159285.SZ,2026,177,0.1147,20.31
159117.SZ,2025,54,0.1238,6.68
159117.SZ,2026,177,0.0446,7.89
589950.SH,2025,54,0.1132,6.11
589950.SH,2026,177,0.0791,14.0
159106.SZ,2025,51,0.1262,6.44
159106.SZ,2026,177,0.0297,5.26
563670.SH,2025,57,0.061,3.48
563670.SH,2026,177,0.0437,7.74
588140.SH,2025,56,0.1382,7.74
588140.SH,2026,177,0.1044,18.47
589110.SH,2025,56,0.1738,9.73
589110.SH,2026,177,0.1332,23.57
159109.SZ,2025,59,0.161,9.5
159109.SZ,2026,177,0.1642,29.06
520560.SH,2025,58,0.3692,21.41
520560.SH,2026,177,0.1239,21.93
563890.SH,2025,54,0.1088,5.88
563890.SH,2026,177,0.0071,1.25
563690.SH,2025,59,0.0902,5.32
563690.SH,2026,177,0.0304,5.38
530380.SH,2025,61,0.0928,5.66
530380.SH,2026,177,0.0422,7.47
520920.SH,2025,61,2.3052,140.62
520920.SH,2026,177,2.3693,419.37
515720.SH,2025,60,0.2032,12.19
515720.SH,2026,177,0.1695,30.01
159275.SZ,2025,62,0.1314,8.15
159275.SZ,2026,177,0.126,22.31
511150.SH,2025,65,32.997,2144.8
511150.SH,2026,177,24.9601,4417.94
551580.SH,2025,65,15.8023,1027.15
551580.SH,2026,177,13.6932,2423.69
551560.SH,2025,65,29.5357,1919.82
551560.SH,2026,177,31.3287,5545.18
551510.SH,2025,65,34.0977,2216.35
551510.SH,2026,177,37.4796,6633.88
520720.SH,2025,64,0.2458,15.73
520720.SH,2026,177,0.3779,66.88
551300.SH,2025,65,40.9488,2661.67
551300.SH,2026,177,22.7331,4023.76
159288.SZ,2025,63,0.2916,18.37
159288.SZ,2026,177,0.0455,8.05
159115.SZ,2025,65,46.8615,3046.0
159115.SZ,2026,177,24.6425,4361.73
551060.SH,2025,65,53.0686,3449.46
551060.SH,2026,177,40.981,7253.64
159279.SZ,2025,62,0.464,28.77
159279.SZ,2026,177,0.623,110.28
159112.SZ,2025,65,33.9894,2209.31
159112.SZ,2026,177,45.7067,8090.08
159111.SZ,2025,65,42.2795,2748.17
159111.SZ,2026,177,40.9074,7240.6
551800.SH,2025,65,94.8844,6167.49
551800.SH,2026,177,79.278,14032.2
159113.SZ,2025,65,34.2988,2229.42
159113.SZ,2026,177,25.633,4537.05
551520.SH,2025,65,78.3455,5092.46
551520.SH,2026,177,54.754,9691.46
159116.SZ,2025,65,51.7247,3362.11
159116.SZ,2026,177,42.0337,7439.97
159110.SZ,2025,65,9.5741,622.31
159110.SZ,2026,177,10.8976,1928.87
589780.SH,2025,63,0.129,8.13
589780.SH,2026,177,0.0479,8.48
159297.SZ,2025,67,0.8853,59.32
159297.SZ,2026,177,1.9837,351.12
159107.SZ,2025,67,0.2085,13.97
159107.SZ,2026,177,0.7674,135.83
560570.SH,2025,69,0.4482,30.92
560570.SH,2026,177,0.303,53.64
563600.SH,2025,63,0.0504,3.18
563600.SH,2026,177,0.0265,4.7
589960.SH,2025,67,0.397,26.6
589960.SH,2026,177,0.3847,68.09
589120.SH,2025,68,0.3634,24.71
589120.SH,2026,177,1.0174,180.08
159290.SZ,2025,70,0.1085,7.6
159290.SZ,2026,177,0.0434,7.68
159272.SZ,2025,68,0.8707,59.21
159272.SZ,2026,177,1.4303,253.17
159102.SZ,2025,71,0.4434,31.48
159102.SZ,2026,177,0.4751,84.09
563230.SH,2025,70,0.5903,41.32
563230.SH,2026,177,4.9714,879.94
159289.SZ,2025,72,0.1002,7.21
159289.SZ,2026,177,0.0232,4.11
159299.SZ,2025,74,0.1785,13.21
159299.SZ,2026,177,0.2043,36.17
159298.SZ,2025,77,0.1243,9.57
159298.SZ,2026,177,0.074,13.1
159103.SZ,2025,75,0.173,12.98
159103.SZ,2026,177,0.0901,15.94
588550.SH,2025,73,0.1338,9.76
588550.SH,2026,177,0.0526,9.31
159296.SZ,2025,79,0.1192,9.41
159296.SZ,2026,177,0.0495,8.76
589020.SH,2025,79,0.5325,42.07
589020.SH,2026,177,4.8008,849.75
589820.SH,2025,72,0.1088,7.83
589820.SH,2026,177,0.1179,20.88
561680.SH,2025,78,0.1672,13.04
561680.SH,2026,177,0.0199,3.53
159101.SZ,2025,80,3.1771,254.17
159101.SZ,2026,177,3.1704,561.16
589560.SH,2025,78,0.3942,30.75
589560.SH,2026,177,0.146,25.84
563320.SH,2025,80,0.2666,21.33
563320.SH,2026,177,0.2312,40.92
560770.SH,2025,82,0.5868,48.12
560770.SH,2026,177,0.3492,61.8
159281.SZ,2025,81,0.4386,35.53
159281.SZ,2026,177,0.5185,91.78
159259.SZ,2025,84,1.0409,87.44
159259.SZ,2026,177,3.6517,646.35
530530.SH,2025,83,0.0725,6.02
530530.SH,2026,177,0.0367,6.5
159292.SZ,2025,81,0.1248,10.11
159292.SZ,2026,177,0.0358,6.34
588690.SH,2025,83,0.2251,18.69
588690.SH,2026,177,0.0312,5.52
159500.SZ,2025,83,0.1605,13.32
159500.SZ,2026,177,0.2085,36.91
159286.SZ,2025,81,0.8657,70.12
159286.SZ,2026,177,0.8476,150.03
159291.SZ,2025,82,0.0589,4.83
159291.SZ,2026,177,0.013,2.3
159287.SZ,2025,85,0.1523,12.95
159287.SZ,2026,177,0.0846,14.98
520840.SH,2025,87,1.1261,97.97
520840.SH,2026,177,0.7335,129.83
589090.SH,2025,85,0.3034,25.79
589090.SH,2026,177,0.1072,18.97
159283.SZ,2025,89,0.166,14.77
159283.SZ,2026,177,0.196,34.7
159369.SZ,2025,89,0.1318,11.73
159369.SZ,2026,177,0.2082,36.85
520620.SH,2025,91,0.2679,24.38
520620.SH,2026,177,0.1004,17.77
563620.SH,2025,90,0.1131,10.18
563620.SH,2026,177,0.0416,7.36
512370.SH,2025,92,0.0683,6.29
512370.SH,2026,177,0.0586,10.37
159280.SZ,2025,92,0.177,16.28
159280.SZ,2026,177,0.0935,16.55
159277.SZ,2025,94,0.1719,16.16
159277.SZ,2026,177,0.0802,14.19
520670.SH,2025,91,0.3269,29.75
520670.SH,2026,177,0.1741,30.82
589850.SH,2025,97,0.646,62.67
589850.SH,2026,177,1.0803,191.21
589050.SH,2025,92,0.0996,9.16
589050.SH,2026,177,0.0447,7.92
520970.SH,2025,99,0.9393,92.99
520970.SH,2026,177,0.899,159.12
159278.SZ,2025,96,0.7761,74.51
159278.SZ,2026,177,1.3467,238.37
159271.SZ,2025,97,0.1532,14.86
159271.SZ,2026,177,0.0618,10.94
512030.SH,2025,95,0.04,3.8
512030.SH,2026,177,0.0242,4.28
159273.SZ,2025,100,0.554,55.4
159273.SZ,2026,177,0.3717,65.79
520510.SH,2025,99,0.6543,64.78
520510.SH,2026,177,1.59,281.44
159255.SZ,2025,102,0.1243,12.67
159255.SZ,2026,177,0.0462,8.18
159258.SZ,2025,103,0.3726,38.38
159258.SZ,2026,177,0.3945,69.82
159256.SZ,2025,102,0.1208,12.33
159256.SZ,2026,177,1.0492,185.71
589720.SH,2025,103,0.9858,101.54
589720.SH,2026,177,4.5761,809.96
560120.SH,2025,101,0.0706,7.13
560120.SH,2026,177,0.2777,49.15
159266.SZ,2025,103,0.2748,28.31
159266.SZ,2026,177,0.1493,26.43
588980.SH,2025,103,0.0801,8.25
588980.SH,2026,177,0.0293,5.19
520690.SH,2025,103,0.9631,99.2
520690.SH,2026,177,0.9742,172.43
589200.SH,2025,98,0.1633,16.0
589200.SH,2026,177,0.0581,10.28
159267.SZ,2025,103,0.466,48.0
159267.SZ,2026,177,1.3834,244.86
159276.SZ,2025,107,0.0792,8.47
159276.SZ,2026,177,0.0741,13.11
562870.SH,2025,108,0.1382,14.92
562870.SH,2026,177,0.1118,19.78
520860.SH,2025,108,0.5289,57.12
520860.SH,2026,177,0.2575,45.58
159270.SZ,2025,109,0.2136,23.28
159270.SZ,2026,177,0.1447,25.62
589550.SH,2025,107,0.0356,3.81
589550.SH,2026,177,0.026,4.6
159257.SZ,2025,107,0.0984,10.52
159257.SZ,2026,177,0.1083,19.18
588920.SH,2025,107,0.6965,74.53
588920.SH,2026,177,0.3725,65.94
563580.SH,2025,108,0.1702,18.38
563580.SH,2026,177,0.1026,18.16
159242.SZ,2025,109,0.7459,81.3
159242.SZ,2026,177,0.9845,174.25
159251.SZ,2025,109,0.2894,31.54
159251.SZ,2026,177,0.1969,34.85
551500.SH,2025,114,57.9279,6603.78
551500.SH,2026,177,55.2699,9782.77
551000.SH,2025,114,22.002,2508.23
551000.SH,2026,177,10.6121,1878.35
159200.SZ,2025,114,58.5831,6678.47
159200.SZ,2026,177,49.2952,8725.26
159268.SZ,2025,112,0.5162,57.82
159268.SZ,2026,177,0.387,68.5
159700.SZ,2025,114,72.372,8250.4
159700.SZ,2026,177,62.6308,11085.65
511120.SH,2025,114,37.5142,4276.62
511120.SH,2026,177,33.9981,6017.67
159400.SZ,2025,114,9.0285,1029.25
159400.SZ,2026,177,11.3607,2010.84
551900.SH,2025,114,63.8408,7277.86
551900.SH,2026,177,33.8927,5999.01
159248.SZ,2025,109,0.3441,37.51
159248.SZ,2026,177,0.2445,43.28
551030.SH,2025,114,62.4694,7121.52
551030.SH,2026,177,71.5726,12668.34
159600.SZ,2025,114,69.1905,7887.72
159600.SZ,2026,177,56.3963,9982.14
551550.SH,2025,114,68.1135,7764.94
551550.SH,2026,177,81.3925,14406.47
512060.SH,2025,113,0.0931,10.52
512060.SH,2026,177,0.0273,4.83
159311.SZ,2025,116,0.0784,9.09
159311.SZ,2026,177,0.021,3.71
159246.SZ,2025,119,0.9296,110.62
159246.SZ,2026,177,1.659,293.64
159263.SZ,2025,121,0.3939,47.66
159263.SZ,2026,177,2.1612,382.53
159269.SZ,2025,119,1.0258,122.08
159269.SZ,2026,177,1.0796,191.09
588520.SH,2025,121,0.1117,13.52
588520.SH,2026,177,0.0421,7.45
520880.SH,2025,122,4.0895,498.92
520880.SH,2026,177,4.2916,759.61
159262.SZ,2025,122,4.0149,489.81
159262.SZ,2026,177,5.3127,940.35
159223.SZ,2025,124,0.157,19.46
159223.SZ,2026,177,0.1041,18.43
159237.SZ,2025,122,0.2181,26.6
159237.SZ,2026,177,0.1707,30.22
159261.SZ,2025,122,0.2172,26.5
159261.SZ,2026,177,0.1176,20.81
159249.SZ,2025,125,0.1311,16.39
159249.SZ,2026,177,0.188,33.27
589380.SH,2025,126,0.2099,26.44
589380.SH,2026,177,0.0993,17.57
563630.SH,2025,126,0.0349,4.4
563630.SH,2026,177,0.0186,3.29
159203.SZ,2025,127,0.0507,6.44
159203.SZ,2026,176,0.0076,1.33
561090.SH,2025,125,0.1372,17.15
561090.SH,2026,177,0.0996,17.63
159365.SZ,2025,127,0.075,9.53
159365.SZ,2026,177,0.0474,8.4
159550.SZ,2025,128,0.064,8.19
159550.SZ,2026,177,0.0583,10.32
159265.SZ,2025,125,0.5139,64.24
159265.SZ,2026,177,0.2971,52.58
520980.SH,2025,125,4.9039,612.98
520980.SH,2026,177,4.0268,712.74
561770.SH,2025,131,0.0569,7.46
561770.SH,2026,177,0.0163,2.88
159245.SZ,2025,134,0.1213,16.25
159245.SZ,2026,177,0.0519,9.18
562050.SH,2025,134,0.1576,21.11
562050.SH,2026,177,0.1048,18.54
512130.SH,2025,126,0.0347,4.37
512130.SH,2026,177,0.0112,1.98
159240.SZ,2025,136,0.033,4.49
159240.SZ,2026,176,0.0168,2.96
159228.SZ,2025,135,0.0341,4.6
159228.SZ,2026,177,0.0053,0.94
588270.SH,2025,137,0.0834,11.42
588270.SH,2026,177,0.2527,44.73
588670.SH,2025,138,0.1097,15.14
588670.SH,2026,177,0.0301,5.33
589180.SH,2025,137,0.0602,8.25
589180.SH,2026,177,0.2314,40.96
159205.SZ,2025,139,0.65,90.35
159205.SZ,2026,177,0.9455,167.35
159238.SZ,2025,142,0.0897,12.74
159238.SZ,2026,177,0.0509,9.01
159387.SZ,2025,141,0.234,33.0
159387.SZ,2026,177,2.785,492.94
589580.SH,2025,140,0.0616,8.62
589580.SH,2026,177,0.019,3.37
588710.SH,2025,145,0.9508,137.86
588710.SH,2026,177,7.8317,1386.22
520940.SH,2025,142,0.1363,19.36
520940.SH,2026,177,0.0711,12.59
159372.SZ,2025,142,0.0615,8.73
159372.SZ,2026,177,0.0407,7.2
561750.SH,2025,147,0.0466,6.85
561750.SH,2026,177,0.0259,4.58
159389.SZ,2025,147,0.1364,20.05
159389.SZ,2026,177,0.0973,17.22
159210.SZ,2025,145,0.3865,56.05
159210.SZ,2026,177,0.3595,63.63
563760.SH,2025,143,0.2785,39.82
563760.SH,2026,177,0.977,172.93
159385.SZ,2025,147,0.1223,17.97
159385.SZ,2026,177,0.1071,18.95
588940.SH,2025,146,0.3359,49.04
588940.SH,2026,177,0.9229,163.36
561220.SH,2025,147,0.2058,30.25
561220.SH,2026,177,0.073,12.91
159230.SZ,2025,147,0.0606,8.91
159230.SZ,2026,177,0.2539,44.94
159241.SZ,2025,148,0.7632,112.96
159241.SZ,2026,177,1.1521,203.91
589700.SH,2025,144,0.0845,12.17
589700.SH,2026,177,0.0707,12.51
159233.SZ,2025,145,0.2316,33.59
159233.SZ,2026,177,0.4045,71.59
159226.SZ,2025,148,0.1327,19.63
159226.SZ,2026,177,0.1372,24.28
159239.SZ,2025,149,0.2685,40.0
159239.SZ,2026,177,0.1503,26.6
588130.SH,2025,149,0.0793,11.82
588130.SH,2026,177,0.3496,61.88
563830.SH,2025,153,0.0615,9.41
563830.SH,2026,177,0.0421,7.44
159218.SZ,2025,153,0.6977,106.75
159218.SZ,2026,177,3.4991,619.34
563550.SH,2025,157,0.1979,31.06
563550.SH,2026,177,0.1032,18.27
563770.SH,2025,157,0.0908,14.26
563770.SH,2026,177,0.0909,16.09
563060.SH,2025,156,0.0201,3.14
563060.SH,2026,177,0.0171,3.02
159229.SZ,2025,158,0.1051,16.6
159229.SZ,2026,176,0.1388,24.43
563680.SH,2025,158,0.09,14.22
563680.SH,2026,177,0.0497,8.79
159227.SZ,2025,157,1.6089,252.6
159227.SZ,2026,177,3.5954,636.38
563780.SH,2025,160,0.1111,17.77
563780.SH,2026,177,0.1153,20.41
159221.SZ,2025,160,0.3303,52.85
159221.SZ,2026,177,0.4026,71.26
159392.SZ,2025,159,0.0737,11.72
159392.SZ,2026,177,0.0971,17.18
159236.SZ,2025,157,0.1597,25.07
159236.SZ,2026,177,0.0815,14.42
561870.SH,2025,162,0.0833,13.5
561870.SH,2026,177,0.0517,9.15
159220.SZ,2025,161,0.2378,38.28
159220.SZ,2026,177,0.2935,51.95
159208.SZ,2025,161,0.2166,34.88
159208.SZ,2026,177,0.2957,52.34
589980.SH,2025,161,0.1507,24.26
589980.SH,2026,177,0.0544,9.63
159219.SZ,2025,160,0.0534,8.55
159219.SZ,2026,177,0.0279,4.95
563900.SH,2025,164,0.1974,32.37
563900.SH,2026,177,0.266,47.09
159232.SZ,2025,166,0.9202,152.75
159232.SZ,2026,177,1.982,350.81
159382.SZ,2025,162,1.0249,166.04
159382.SZ,2026,177,1.9099,338.04
561080.SH,2025,166,0.1047,17.37
561080.SH,2026,177,0.0544,9.62
563390.SH,2025,166,0.61,101.26
563390.SH,2026,177,0.6374,112.82
159235.SZ,2025,166,0.8608,142.89
159235.SZ,2026,177,0.9844,174.25
159213.SZ,2025,166,0.2127,35.32
159213.SZ,2026,177,0.4121,72.94
159231.SZ,2025,167,0.0748,12.5
159231.SZ,2026,177,0.097,17.17
516460.SH,2025,168,0.0607,10.2
516460.SH,2026,177,0.1012,17.92
588850.SH,2025,170,0.0621,10.56
588850.SH,2026,177,0.2097,37.12
510320.SH,2025,169,0.1892,31.97
510320.SH,2026,177,0.2165,38.33
563700.SH,2025,168,0.1089,18.29
563700.SH,2026,177,0.0852,15.07
563990.SH,2025,170,0.2109,35.84
563990.SH,2026,177,0.1522,26.94
159222.SZ,2025,175,1.1082,193.93
159222.SZ,2026,177,0.9879,174.86
589300.SH,2025,175,0.0674,11.79
589300.SH,2026,177,0.0278,4.92
159225.SZ,2025,175,0.0821,14.37
159225.SZ,2026,177,0.0764,13.52
562080.SH,2025,177,0.5049,89.36
562080.SH,2026,177,0.3786,67.01
159391.SZ,2025,172,0.0325,5.59
159391.SZ,2026,177,0.0191,3.38
512250.SH,2025,178,0.0323,5.76
512250.SH,2026,177,0.0169,3.0
588040.SH,2025,178,0.1248,22.21
588040.SH,2026,177,0.1762,31.19
159211.SZ,2025,178,0.0321,5.72
159211.SZ,2026,176,0.0211,3.71
159216.SZ,2025,179,0.0536,9.6
159216.SZ,2026,176,0.0469,8.25
159366.SZ,2025,178,1.3461,239.61
159366.SZ,2026,177,1.5338,271.49
159377.SZ,2025,177,0.1025,18.15
159377.SZ,2026,176,0.1784,31.4
159202.SZ,2025,176,1.3159,231.61
159202.SZ,2026,177,1.3382,236.86
560820.SH,2025,173,0.034,5.88
560820.SH,2026,174,0.0021,0.37
159207.SZ,2025,181,0.1678,30.38
159207.SZ,2026,177,0.835,147.8
159212.SZ,2025,181,0.3072,55.6
159212.SZ,2026,177,0.2222,39.32
588720.SH,2025,177,0.0786,13.91
588720.SH,2026,177,0.102,18.05
512240.SH,2025,183,0.0525,9.61
512240.SH,2026,177,0.0243,4.31
159217.SZ,2025,184,6.4232,1181.88
159217.SZ,2026,177,6.805,1204.48
159388.SZ,2025,183,0.6357,116.33
159388.SZ,2026,177,1.4267,252.52
589100.SH,2025,183,0.3033,55.51
589100.SH,2026,177,0.5325,94.25
589010.SH,2025,181,0.627,113.48
589010.SH,2026,177,1.204,213.11
159215.SZ,2025,183,0.4627,84.67
159215.SZ,2026,177,0.2017,35.69
159390.SZ,2025,181,0.2747,49.71
159390.SZ,2026,177,0.1139,20.17
563650.SH,2025,184,0.1419,26.11
563650.SH,2026,177,0.0972,17.2
588170.SH,2025,182,2.3095,420.33
588170.SH,2026,177,33.3656,5905.72
588910.SH,2025,183,0.2347,42.95
588910.SH,2026,177,0.1637,28.98
563660.SH,2025,185,0.1153,21.33
563660.SH,2026,177,0.0635,11.24
560630.SH,2025,186,0.1567,29.14
560630.SH,2026,177,0.1277,22.61
589060.SH,2025,189,0.096,18.14
589060.SH,2026,177,0.0722,12.79
159316.SZ,2025,190,4.2604,809.48
159316.SZ,2026,177,7.7579,1373.14
159381.SZ,2025,192,1.469,282.05
159381.SZ,2026,177,4.6721,826.97
588770.SH,2025,192,0.1076,20.66
588770.SH,2026,177,0.2588,45.81
159368.SZ,2025,192,0.3543,68.02
159368.SZ,2026,177,1.8996,336.23
159209.SZ,2025,191,0.2052,39.2
159209.SZ,2026,177,1.0313,182.54
588250.SH,2025,193,0.1962,37.86
588250.SH,2026,177,0.1068,18.91
159206.SZ,2025,198,1.3204,261.44
159206.SZ,2026,177,13.9532,2469.71
589520.SH,2025,199,0.274,54.52
589520.SH,2026,177,0.4633,82.0
562810.SH,2025,199,0.0655,13.04
562810.SH,2026,177,0.0477,8.44
589630.SH,2025,200,0.6533,130.66
589630.SH,2026,177,0.3523,62.35
588660.SH,2025,197,0.1175,23.15
588660.SH,2026,177,0.0624,11.04
589600.SH,2025,203,0.3169,64.33
589600.SH,2026,177,0.1238,21.91
589000.SH,2025,205,1.3258,271.79
589000.SH,2026,177,1.3054,231.05
589990.SH,2025,205,0.1659,34.0
589990.SH,2026,177,0.0837,14.82
513830.SH,2025,203,0.1558,31.63
513830.SH,2026,177,0.0397,7.04
589770.SH,2025,205,0.4923,100.92
589770.SH,2026,177,0.2076,36.74
589660.SH,2025,205,0.5481,112.35
589660.SH,2026,177,0.5403,95.64
588840.SH,2025,202,0.0957,19.32
588840.SH,2026,177,0.0772,13.66
589680.SH,2025,205,1.3629,279.4
589680.SH,2026,177,1.482,262.32
589890.SH,2025,205,0.3169,64.97
589890.SH,2026,177,0.1496,26.48
589900.SH,2025,205,0.674,138.17
589900.SH,2026,177,0.2316,41.0
589860.SH,2025,205,0.7952,163.01
589860.SH,2026,177,0.3013,53.34
589080.SH,2025,205,0.4087,83.78
589080.SH,2026,177,0.3027,53.58
159393.SZ,2025,202,0.3288,66.42
159393.SZ,2026,177,0.2752,48.71
589800.SH,2025,206,1.3777,283.8
589800.SH,2026,177,1.1688,206.87
589500.SH,2025,207,0.3108,64.33
589500.SH,2026,177,0.1023,18.11
589880.SH,2025,208,0.384,79.88
589880.SH,2026,177,0.3449,61.04
159201.SZ,2025,209,3.3308,696.13
159201.SZ,2026,177,5.0958,901.96
159399.SZ,2025,209,2.7959,584.35
159399.SZ,2026,177,1.9939,352.91
588240.SH,2025,211,0.3382,71.37
588240.SH,2026,177,0.5508,97.5
588960.SH,2025,215,0.109,23.44
588960.SH,2026,177,0.2093,37.05
159383.SZ,2025,218,0.0398,8.69
159383.SZ,2026,177,0.06,10.61
159386.SZ,2025,221,0.3238,71.56
159386.SZ,2026,177,0.235,41.6
159367.SZ,2025,217,0.0677,14.69
159367.SZ,2026,177,0.1357,24.01
159371.SZ,2025,220,0.0568,12.49
159371.SZ,2026,177,0.0752,13.31
159373.SZ,2025,222,0.4117,91.39
159373.SZ,2026,177,0.4629,81.93
563860.SH,2025,220,0.5631,123.88
563860.SH,2026,177,0.2646,46.84
159336.SZ,2025,220,0.0481,10.57
159336.SZ,2026,177,0.1132,20.04
159397.SZ,2025,223,22.9596,5120.0
159397.SZ,2026,177,20.9539,3708.85
560750.SH,2025,223,0.1937,43.2
560750.SH,2026,177,0.0832,14.73
159398.SZ,2025,224,26.1189,5850.64
159398.SZ,2026,177,25.6932,4547.7
588870.SH,2025,226,0.5445,123.06
588870.SH,2026,177,0.9238,163.51
530800.SH,2025,226,0.0563,12.71
530800.SH,2026,177,0.0216,3.82
511200.SH,2025,223,49.4371,11024.48
511200.SH,2026,177,60.6325,10731.95
159396.SZ,2025,224,23.2629,5210.9
159396.SZ,2026,177,4.6686,826.34
511110.SH,2025,227,35.1235,7973.03
511110.SH,2026,177,64.4499,11407.63
511190.SH,2025,225,30.0092,6752.06
511190.SH,2026,177,10.1826,1802.31
563210.SH,2025,227,0.0622,14.12
563210.SH,2026,177,0.2061,36.48
588730.SH,2025,227,1.1678,265.09
588730.SH,2026,177,1.3992,247.65
159395.SZ,2025,226,21.0385,4754.71
159395.SZ,2026,177,11.0018,1947.32
520580.SH,2025,214,2.2742,486.69
520580.SH,2026,177,0.1958,34.65
520550.SH,2025,227,0.5094,115.62
520550.SH,2026,177,0.5456,96.57
530280.SH,2025,227,0.0267,6.05
530280.SH,2026,177,0.0036,0.65
588950.SH,2025,227,0.1042,23.66
588950.SH,2026,177,0.4634,82.02
588760.SH,2025,228,2.2662,516.7
588760.SH,2026,177,2.4729,437.71
561880.SH,2025,227,0.076,17.25
561880.SH,2026,177,0.0406,7.18
512080.SH,2025,230,0.8195,188.48
512080.SH,2026,177,0.3308,58.56
511070.SH,2025,229,62.4543,14302.04
511070.SH,2026,177,70.2475,12433.81
159370.SZ,2025,231,0.0593,13.7
159370.SZ,2026,177,0.0447,7.91
159379.SZ,2025,228,0.0844,19.24
159379.SZ,2026,177,0.0452,8.0
530080.SH,2025,228,0.1449,33.03
530080.SH,2026,177,0.0689,12.2
588930.SH,2025,235,1.1008,258.69
588930.SH,2026,177,0.8205,145.23
159378.SZ,2025,237,0.5055,119.81
159378.SZ,2026,177,0.4065,71.96
588790.SH,2025,238,3.7326,888.36
588790.SH,2026,177,3.6133,639.56
159375.SZ,2025,237,0.1624,38.48
159375.SZ,2026,177,0.1504,26.63
530300.SH,2025,237,0.0793,18.81
530300.SH,2026,177,0.054,9.56
159323.SZ,2025,239,0.9881,236.15
159323.SZ,2026,177,1.6063,284.32
159376.SZ,2025,236,0.2315,54.63
159376.SZ,2026,177,0.0777,13.75
159380.SZ,2025,239,0.1239,29.61
159380.SZ,2026,177,0.0926,16.39
588810.SH,2025,238,0.3786,90.11
588810.SH,2026,177,1.0022,177.38
530580.SH,2025,239,0.206,49.24
530580.SH,2026,177,0.1155,20.45
510040.SH,2025,241,0.0707,17.04
510040.SH,2026,177,0.0357,6.32
560190.SH,2025,241,0.019,4.58
560190.SH,2026,177,0.0143,2.52
530680.SH,2025,239,0.2164,51.71
530680.SH,2026,177,0.064,11.34
588820.SH,2025,241,0.1014,24.44
588820.SH,2026,177,0.3226,57.1
511160.SH,2025,241,4.34,1045.94
511160.SH,2026,177,2.1044,372.47
560380.SH,2024,3,0.606,1.82
560380.SH,2025,243,0.1081,26.28
560380.SH,2026,177,0.1131,20.02
520600.SH,2024,2,0.3951,0.79
520600.SH,2025,243,3.5316,858.17
520600.SH,2026,177,1.9612,347.13
530180.SH,2024,4,0.8819,3.53
530180.SH,2025,243,0.0442,10.75
530180.SH,2026,177,0.08,14.16
588750.SH,2024,4,0.5936,2.37
588750.SH,2025,243,1.2784,310.65
588750.SH,2026,177,2.9864,528.6
588230.SH,2024,6,0.4918,2.95
588230.SH,2025,243,0.5151,125.18
588230.SH,2026,177,1.6011,283.4
520500.SH,2024,3,0.6186,1.86
520500.SH,2025,243,6.2306,1514.05
520500.SH,2026,177,11.8579,2098.85
159320.SZ,2024,6,0.2743,1.65
159320.SZ,2025,242,0.0574,13.9
159320.SZ,2026,177,0.8681,153.65
561380.SH,2024,7,0.2534,1.77
561380.SH,2025,243,0.0983,23.88
561380.SH,2026,177,1.9563,346.26
588780.SH,2024,4,0.8251,3.3
588780.SH,2025,243,0.8006,194.54
588780.SH,2026,177,2.1809,386.02
159363.SZ,2024,12,1.383,16.6
159363.SZ,2025,243,4.3944,1067.85
159363.SZ,2026,177,11.2541,1991.97
560810.SH,2024,17,0.1707,2.9
560810.SH,2025,243,0.0162,3.93
560810.SH,2026,177,0.0351,6.22
159355.SZ,2024,21,0.1396,2.93
159355.SZ,2025,243,0.0435,10.57
159355.SZ,2026,177,0.0357,6.32
159358.SZ,2024,23,5.4279,124.84
159358.SZ,2025,243,1.5934,387.19
159358.SZ,2026,177,0.8439,149.37
159356.SZ,2024,18,9.2913,167.24
159356.SZ,2025,243,1.4356,348.84
159356.SZ,2026,177,0.6224,110.17
563500.SH,2024,22,4.6912,103.21
563500.SH,2025,243,1.1431,277.77
563500.SH,2026,177,0.1922,34.01
159357.SZ,2024,24,8.7644,210.35
159357.SZ,2025,243,1.4631,355.53
159357.SZ,2026,177,0.2809,49.72
512020.SH,2024,22,6.6234,145.72
512020.SH,2025,243,1.4021,340.7
512020.SH,2026,177,0.7626,134.99
159360.SZ,2024,24,6.3135,151.52
159360.SZ,2025,243,0.9191,223.33
159360.SZ,2026,177,0.4995,88.42
159359.SZ,2024,22,5.8873,129.52
159359.SZ,2025,243,1.4886,361.73
159359.SZ,2026,177,0.3659,64.76
159362.SZ,2024,22,3.8811,85.38
159362.SZ,2025,243,0.7526,182.89
159362.SZ,2026,177,0.4676,82.76
563880.SH,2024,27,11.0389,298.05
563880.SH,2025,243,4.1265,1002.74
563880.SH,2026,177,1.3523,239.36
530050.SH,2024,20,0.2669,5.34
530050.SH,2025,243,0.0442,10.74
530050.SH,2026,177,0.0527,9.33
159361.SZ,2024,31,26.9873,836.61
159361.SZ,2025,243,25.3674,6164.28
159361.SZ,2026,177,24.5392,4343.43
563800.SH,2024,32,23.5799,754.56
563800.SH,2025,243,15.6265,3797.24
563800.SH,2026,177,5.5895,989.33
512050.SH,2024,33,33.6707,1111.13
512050.SH,2025,243,47.1801,11464.77
512050.SH,2026,177,50.6319,8961.85
563520.SH,2024,32,0.2811,9.0
563520.SH,2025,243,0.2624,63.77
563520.SH,2026,177,0.2095,37.08
159328.SZ,2024,33,0.0563,1.86
159328.SZ,2025,243,0.0195,4.73
159328.SZ,2026,177,0.0459,8.13
588070.SH,2024,34,0.0944,3.21
588070.SH,2025,243,0.0697,16.94
588070.SH,2026,177,0.0701,12.4
159325.SZ,2024,38,0.2426,9.22
159325.SZ,2025,243,0.2379,57.81
159325.SZ,2026,177,1.2463,220.59
562970.SH,2024,39,0.0725,2.83
562970.SH,2025,243,0.0846,20.56
562970.SH,2026,177,0.2655,47.0
530880.SH,2024,36,0.1795,6.46
530880.SH,2025,243,0.0366,8.9
530880.SH,2026,177,0.031,5.49
159590.SZ,2024,40,0.2091,8.37
159590.SZ,2025,243,0.2822,68.57
159590.SZ,2026,177,0.5278,93.42
159312.SZ,2024,38,0.1361,5.17
159312.SZ,2025,243,0.1613,39.21
159312.SZ,2026,177,0.1105,19.56
520520.SH,2024,43,0.2617,11.25
520520.SH,2025,243,0.2888,70.18
520520.SH,2026,177,0.0637,11.28
513780.SH,2024,48,0.1307,6.28
513780.SH,2025,243,3.789,920.74
513780.SH,2026,177,4.2466,751.66
561570.SH,2024,54,0.0366,1.98
561570.SH,2025,242,0.0165,3.98
561570.SH,2026,177,0.3099,54.84
560510.SH,2024,56,4.2727,239.27
560510.SH,2025,243,1.294,314.44
560510.SH,2026,177,0.6362,112.62
560610.SH,2024,56,13.92,779.52
560610.SH,2025,243,6.0684,1474.62
560610.SH,2026,177,1.2641,223.75
159339.SZ,2024,56,8.835,494.76
159339.SZ,2025,243,3.1451,764.27
159339.SZ,2026,177,0.9241,163.57
159338.SZ,2024,56,27.7116,1551.85
159338.SZ,2025,243,35.6742,8668.84
159338.SZ,2026,177,51.0875,9042.48
563360.SH,2024,56,17.6156,986.47
563360.SH,2025,243,33.8693,8230.25
563360.SH,2026,177,63.4755,11235.17
159352.SZ,2024,56,18.7209,1048.37
159352.SZ,2025,243,36.3024,8821.47
159352.SZ,2026,177,51.5914,9131.68
563220.SH,2024,56,11.8208,661.97
563220.SH,2025,243,10.4555,2540.7
563220.SH,2026,177,4.9188,870.64
159353.SZ,2024,56,9.0283,505.58
159353.SZ,2025,243,4.5548,1106.81
159353.SZ,2026,177,2.1592,382.18
560530.SH,2024,56,8.7924,492.37
560530.SH,2025,243,3.7366,907.98
560530.SH,2026,177,1.0788,190.94
159351.SZ,2024,56,12.1493,680.36
159351.SZ,2025,243,23.3182,5666.32
159351.SZ,2026,177,8.2705,1463.88
159305.SZ,2024,63,0.1275,8.03
159305.SZ,2025,242,0.1326,32.08
159305.SZ,2026,177,0.5843,103.42
520700.SH,2024,57,0.1453,8.28
520700.SH,2025,243,2.8716,697.8
520700.SH,2026,177,3.0825,545.6
560620.SH,2024,60,0.0376,2.26
560620.SH,2025,243,0.0114,2.77
560620.SH,2026,177,0.0075,1.32
561930.SH,2024,68,0.4935,33.56
561930.SH,2025,243,0.2315,56.25
561930.SH,2026,177,0.1675,29.65
530000.SH,2024,71,0.086,6.11
530000.SH,2025,243,0.0208,5.05
530000.SH,2026,177,0.105,18.59
520890.SH,2024,68,0.2458,16.71
520890.SH,2025,243,0.2132,51.8
520890.SH,2026,177,0.3594,63.61
159337.SZ,2024,68,0.2377,16.16
159337.SZ,2025,243,0.192,46.66
159337.SZ,2026,177,0.1933,34.22
159326.SZ,2024,75,0.1273,9.55
159326.SZ,2025,243,0.7125,173.14
159326.SZ,2026,177,13.1372,2325.28
159302.SZ,2024,80,0.197,15.76
159302.SZ,2025,243,0.1324,32.16
159302.SZ,2026,177,0.099,17.53
159335.SZ,2024,77,0.3392,26.12
159335.SZ,2025,243,0.0618,15.02
159335.SZ,2026,177,0.0525,9.29
159333.SZ,2024,79,0.6463,51.06
159333.SZ,2025,243,0.3527,85.71
159333.SZ,2026,177,0.1402,24.81
159569.SZ,2024,87,0.1664,14.47
159569.SZ,2025,243,0.3901,94.79
159569.SZ,2026,177,0.7222,127.83
159587.SZ,2024,88,0.0707,6.22
159587.SZ,2025,242,0.0643,15.55
159587.SZ,2026,176,0.3651,64.26
588990.SH,2024,91,0.5885,53.56
588990.SH,2025,243,0.5417,131.64
588990.SH,2026,177,0.6315,111.77
588860.SH,2024,86,0.5563,47.84
588860.SH,2025,243,0.275,66.82
588860.SH,2026,177,0.147,26.02
159330.SZ,2024,90,0.492,44.28
159330.SZ,2025,243,0.4364,106.05
159330.SZ,2026,177,0.2637,46.68
588830.SH,2024,96,0.4924,47.27
588830.SH,2025,243,0.9244,224.62
588830.SH,2026,177,1.4082,249.25
159327.SZ,2024,100,0.1506,15.06
159327.SZ,2025,243,0.2309,56.1
159327.SZ,2026,177,1.8303,323.96
159331.SZ,2024,102,0.2885,29.42
159331.SZ,2025,243,0.1778,43.2
159331.SZ,2026,177,0.0977,17.3
159332.SZ,2024,102,0.1123,11.45
159332.SZ,2025,243,0.0299,7.25
159332.SZ,2026,177,0.0274,4.85
159301.SZ,2024,110,0.0884,9.72
159301.SZ,2025,243,0.0614,14.93
159301.SZ,2026,177,0.2103,37.22
159329.SZ,2024,114,4.154,473.56
159329.SZ,2025,239,8.9329,2134.97
159329.SZ,2026,177,0.6684,118.31
520830.SH,2024,114,2.3314,265.77
520830.SH,2025,242,4.2347,1024.79
520830.SH,2026,177,0.863,152.75
159583.SZ,2024,120,0.0935,11.23
159583.SZ,2025,242,0.8579,207.6
159583.SZ,2026,177,4.3611,771.92
159800.SZ,2024,116,0.1373,15.93
159800.SZ,2025,243,0.0147,3.56
159800.SZ,2026,177,0.01,1.77
588500.SH,2024,111,0.3586,39.81
588500.SH,2025,243,0.0565,13.73
588500.SH,2026,177,0.0761,13.48
588680.SH,2024,121,0.0965,11.68
588680.SH,2025,243,0.0416,10.11
588680.SH,2026,177,0.0557,9.85
520900.SH,2024,118,0.5907,69.7
520900.SH,2025,243,0.868,210.94
520900.SH,2026,177,0.9678,171.3
520990.SH,2024,118,0.7958,93.91
520990.SH,2025,243,1.3596,330.38
520990.SH,2026,177,1.9062,337.4
520660.SH,2024,118,0.3529,41.64
520660.SH,2025,243,0.4732,114.98
520660.SH,2026,177,1.0521,186.23
159552.SZ,2024,126,0.0367,4.62
159552.SZ,2025,242,0.4032,97.57
159552.SZ,2026,177,0.8696,153.91
159303.SZ,2024,127,0.0855,10.86
159303.SZ,2025,242,0.647,156.58
159303.SZ,2026,177,0.6972,123.41
560360.SH,2024,130,0.0757,9.84
560360.SH,2025,243,0.0986,23.96
560360.SH,2026,177,0.1066,18.88
159318.SZ,2024,131,0.0898,11.76
159318.SZ,2025,243,0.187,45.44
159318.SZ,2026,176,0.0402,7.08
159558.SZ,2024,134,0.0734,9.84
159558.SZ,2025,243,0.3156,76.69
159558.SZ,2026,177,10.652,1885.4
159322.SZ,2024,136,0.0398,5.41
159322.SZ,2025,242,0.0917,22.18
159322.SZ,2026,177,0.1902,33.67
159309.SZ,2024,134,0.097,12.99
159309.SZ,2025,243,0.0788,19.14
159309.SZ,2026,177,1.1218,198.57
159315.SZ,2024,136,0.0761,10.35
159315.SZ,2025,243,0.1008,24.49
159315.SZ,2026,177,0.2888,51.12
159578.SZ,2024,140,0.0279,3.91
159578.SZ,2025,242,0.0032,0.77
159578.SZ,2026,176,0.0046,0.81
159533.SZ,2024,139,0.0281,3.91
159533.SZ,2025,242,0.0148,3.58
159533.SZ,2026,177,0.0405,7.17
159542.SZ,2024,140,0.0212,2.96
159542.SZ,2025,242,0.0243,5.88
159542.SZ,2026,177,0.0482,8.52
563090.SH,2024,141,0.0554,7.81
563090.SH,2025,243,0.0309,7.5
563090.SH,2026,177,0.054,9.55
159588.SZ,2024,145,0.0824,11.94
159588.SZ,2025,243,0.0809,19.65
159588.SZ,2026,177,0.7925,140.27
159300.SZ,2024,142,1.0199,144.83
159300.SZ,2025,243,0.9748,236.88
159300.SZ,2026,177,0.8493,150.33
563150.SH,2024,146,0.0276,4.03
563150.SH,2025,243,0.0116,2.81
563150.SH,2026,177,0.1334,23.62
159321.SZ,2024,149,0.0727,10.83
159321.SZ,2025,237,0.1586,37.59
159321.SZ,2026,177,0.6021,106.56
159597.SZ,2024,149,0.1079,16.08
159597.SZ,2025,243,0.0476,11.55
159597.SZ,2026,177,0.2744,48.57
159525.SZ,2024,154,0.1052,16.2
159525.SZ,2025,243,0.1176,28.57
159525.SZ,2026,177,0.1905,33.73
159557.SZ,2024,152,0.0986,14.99
159557.SZ,2025,243,0.3875,94.16
159557.SZ,2026,177,0.6863,121.47
159528.SZ,2024,154,0.0602,9.27
159528.SZ,2025,242,0.0101,2.46
159528.SZ,2026,177,0.0051,0.9
588450.SH,2024,152,0.1204,18.3
588450.SH,2025,243,0.1187,28.84
588450.SH,2026,177,0.1332,23.58
563180.SH,2024,158,0.0987,15.59
563180.SH,2025,243,0.1171,28.45
563180.SH,2026,177,0.0735,13.01
562700.SH,2024,158,0.0216,3.42
562700.SH,2025,243,0.1105,26.86
562700.SH,2026,177,0.2022,35.8
510720.SH,2024,157,0.4508,70.78
510720.SH,2025,243,1.0613,257.9
510720.SH,2026,177,1.5513,274.58
159306.SZ,2024,158,0.0418,6.61
159306.SZ,2025,242,0.0203,4.92
159306.SZ,2026,177,0.019,3.36
562340.SH,2024,162,0.0388,6.29
562340.SH,2025,242,0.0038,0.91
562340.SH,2026,177,0.0073,1.29
510950.SH,2024,160,0.1874,29.98
510950.SH,2025,243,0.0702,17.06
510950.SH,2026,177,0.1381,24.44
513820.SH,2024,156,0.2936,45.8
513820.SH,2025,243,0.8861,215.31
513820.SH,2026,177,1.1457,202.79
517400.SH,2024,162,0.078,12.64
517400.SH,2025,243,0.2025,49.2
517400.SH,2026,177,0.9108,161.21
561760.SH,2024,166,0.0355,5.9
561760.SH,2025,243,0.0343,8.33
561760.SH,2026,177,0.2448,43.33
562570.SH,2024,165,0.0669,11.04
562570.SH,2025,243,0.635,154.31
562570.SH,2026,177,0.305,53.98
159599.SZ,2024,162,0.208,33.69
159599.SZ,2025,243,0.4852,117.9
159599.SZ,2026,177,1.7096,302.6
159310.SZ,2024,165,0.1024,16.9
159310.SZ,2025,243,0.1176,28.57
159310.SZ,2026,177,0.2407,42.6
159526.SZ,2024,169,0.095,16.06
159526.SZ,2025,243,0.4343,105.54
159526.SZ,2026,177,0.3593,63.59
159307.SZ,2024,168,0.0562,9.44
159307.SZ,2025,243,0.2017,49.02
159307.SZ,2026,177,0.9918,175.55
588890.SH,2024,170,0.1971,33.5
588890.SH,2025,243,0.7453,181.11
588890.SH,2026,177,1.6317,288.81
562820.SH,2024,171,0.1312,22.43
562820.SH,2025,243,0.1394,33.87
562820.SH,2026,177,0.3461,61.26
513210.SH,2024,171,0.1032,17.64
513210.SH,2025,243,0.1067,25.93
513210.SH,2026,177,0.0681,12.05
513170.SH,2024,172,0.3323,57.15
513170.SH,2025,243,0.2082,50.59
513170.SH,2026,177,0.1134,20.07
159582.SZ,2024,175,0.1531,26.79
159582.SZ,2025,243,0.3142,76.34
159582.SZ,2026,177,0.8546,151.27
560520.SH,2024,172,0.0345,5.94
560520.SH,2025,243,0.0031,0.76
560520.SH,2026,177,0.0057,1.0
159561.SZ,2024,165,0.1289,21.27
159561.SZ,2025,238,4.0468,963.14
159561.SZ,2026,177,1.2371,218.96
560690.SH,2024,171,0.0315,5.39
560690.SH,2025,243,0.0177,4.31
560690.SH,2026,177,0.0299,5.29
560850.SH,2024,176,0.1282,22.57
560850.SH,2025,243,0.2096,50.93
560850.SH,2026,177,0.0717,12.69
563280.SH,2024,177,0.0266,4.7
563280.SH,2025,240,0.0105,2.53
563280.SH,2026,177,0.0064,1.13
159545.SZ,2024,176,0.1893,33.32
159545.SZ,2025,243,1.1641,282.88
159545.SZ,2026,177,1.4238,252.02
562560.SH,2024,177,0.0392,6.94
562560.SH,2025,243,0.0099,2.4
562560.SH,2026,177,0.0196,3.48
159553.SZ,2024,175,0.024,4.2
159553.SZ,2025,242,0.0219,5.3
159553.SZ,2026,177,0.0269,4.75
511130.SH,2024,186,15.1439,2816.77
511130.SH,2025,243,29.9843,7286.19
511130.SH,2026,177,25.2042,4461.15
562580.SH,2024,188,0.0279,5.24
562580.SH,2025,243,0.013,3.17
562580.SH,2026,177,0.0284,5.02
560150.SH,2024,181,0.1447,26.19
560150.SH,2025,243,0.1492,36.25
560150.SH,2026,177,0.09,15.93
159589.SZ,2024,187,0.0826,15.46
159589.SZ,2025,243,0.0327,7.95
159589.SZ,2026,177,0.0734,12.99
159591.SZ,2024,194,1.1451,222.15
159591.SZ,2025,243,0.4288,104.19
159591.SZ,2026,177,0.261,46.19
562890.SH,2024,194,0.4267,82.78
562890.SH,2025,243,0.2703,65.69
562890.SH,2026,177,0.1927,34.11
159586.SZ,2024,194,0.0685,13.28
159586.SZ,2025,242,0.1398,33.84
159586.SZ,2026,177,0.1833,32.45
159596.SZ,2024,194,1.7103,331.8
159596.SZ,2025,243,0.8182,198.82
159596.SZ,2026,177,0.2407,42.61
159581.SZ,2024,195,0.2774,54.08
159581.SZ,2025,243,0.411,99.88
159581.SZ,2026,177,0.3102,54.91
159592.SZ,2024,194,2.458,476.84
159592.SZ,2025,243,0.7321,177.89
159592.SZ,2026,177,0.37,65.5
159595.SZ,2024,194,3.0428,590.3
159595.SZ,2025,243,2.1503,522.52
159595.SZ,2026,177,1.3309,235.58
561230.SH,2024,194,0.7942,154.08
561230.SH,2025,243,0.357,86.74
561230.SH,2026,177,0.2159,38.22
563080.SH,2024,194,1.5677,304.13
563080.SH,2025,243,0.827,200.95
563080.SH,2026,177,0.4363,77.22
563350.SH,2024,194,0.9717,188.52
563350.SH,2025,243,0.2742,66.64
563350.SH,2026,177,0.1761,31.17
560350.SH,2024,198,2.2846,452.35
560350.SH,2025,243,0.9088,220.83
560350.SH,2026,177,0.383,67.79
159593.SZ,2024,198,3.1393,621.58
159593.SZ,2025,243,2.1565,524.02
159593.SZ,2026,177,0.795,140.71
159565.SZ,2024,209,0.0279,5.83
159565.SZ,2025,243,0.1131,27.47
159565.SZ,2026,177,0.2806,49.66
159568.SZ,2024,208,0.1966,40.88
159568.SZ,2025,243,2.2809,554.26
159568.SZ,2026,177,1.0544,186.64
513910.SH,2024,204,0.3975,81.09
513910.SH,2025,243,1.5992,388.61
513910.SH,2026,177,2.3427,414.65
159577.SZ,2024,210,0.7126,149.66
159577.SZ,2025,243,0.734,178.37
159577.SZ,2026,177,0.6919,122.46
159563.SZ,2024,209,0.086,17.98
159563.SZ,2025,243,0.042,10.2
159563.SZ,2026,176,0.0398,7.0
159566.SZ,2024,215,0.0539,11.6
159566.SZ,2025,243,0.8257,200.65
159566.SZ,2026,177,4.4535,788.28
159547.SZ,2024,216,0.039,8.42
159547.SZ,2025,241,0.2243,54.06
159547.SZ,2026,177,1.2122,214.57
159529.SZ,2024,219,1.3864,303.62
159529.SZ,2025,239,8.8275,2109.77
159529.SZ,2026,177,1.1575,204.87
159527.SZ,2024,219,0.0439,9.61
159527.SZ,2025,242,0.0675,16.33
159527.SZ,2026,177,0.1711,30.28
513400.SH,2024,219,1.6705,365.83
513400.SH,2025,243,1.3719,333.38
513400.SH,2026,177,2.2259,393.99
159562.SZ,2024,228,0.3103,70.76
159562.SZ,2025,243,0.7042,171.11
159562.SZ,2026,177,2.6955,477.1
159530.SZ,2024,230,0.0565,13.0
159530.SZ,2025,243,3.1972,776.91
159530.SZ,2026,177,8.5746,1517.7
159567.SZ,2024,235,0.857,201.39
159567.SZ,2025,243,11.5904,2816.48
159567.SZ,2026,177,11.8761,2102.07
159570.SZ,2024,228,0.4936,112.55
159570.SZ,2025,243,17.8182,4329.81
159570.SZ,2026,177,23.6641,4188.55
588700.SH,2024,239,0.1628,38.9
588700.SH,2025,243,0.3772,91.65
588700.SH,2026,177,0.4398,77.84
159556.SZ,2024,236,0.078,18.42
159556.SZ,2025,243,0.0275,6.68
159556.SZ,2026,176,0.021,3.7
159502.SZ,2024,236,0.8031,189.54
159502.SZ,2025,243,1.8207,442.44
159502.SZ,2026,177,2.6329,466.02
561200.SH,2024,229,0.0326,7.47
561200.SH,2025,240,0.0161,3.87
561200.SH,2026,177,0.0246,4.36
159576.SZ,2024,241,0.128,30.86
159576.SZ,2025,243,0.0845,20.54
159576.SZ,2026,177,0.0721,12.76
159571.SZ,2024,242,0.0537,13.0
159571.SZ,2025,243,0.0193,4.68
159571.SZ,2026,176,0.0058,1.01
513920.SH,2024,239,0.5124,122.45
513920.SH,2025,243,1.9554,475.17
513920.SH,2026,177,2.0882,369.62
159575.SZ,2024,242,0.0598,14.47
159575.SZ,2025,241,0.0189,4.55
159575.SZ,2026,177,0.0191,3.38
159572.SZ,2023,5,0.5157,2.58
159572.SZ,2024,242,0.1119,27.08
159572.SZ,2025,243,0.1814,44.07
159572.SZ,2026,177,0.1962,34.73
159573.SZ,2023,5,1.2199,6.1
159573.SZ,2024,242,0.2402,58.13
159573.SZ,2025,243,0.1433,34.82
159573.SZ,2026,177,0.1852,32.79
511100.SH,2023,5,4.5323,22.66
511100.SH,2024,242,16.2005,3920.52
511100.SH,2025,243,36.9784,8985.76
511100.SH,2026,177,98.8689,17499.8
588900.SH,2023,10,1.0693,10.69
588900.SH,2024,242,0.4158,100.63
588900.SH,2025,243,0.2609,63.39
588900.SH,2026,177,0.1445,25.57
562060.SH,2023,2,2.204,4.41
562060.SH,2024,242,0.5364,129.81
562060.SH,2025,243,0.318,77.28
562060.SH,2026,177,0.6262,110.83
563020.SH,2023,12,0.2206,2.65
563020.SH,2024,242,0.1166,28.21
563020.SH,2025,243,0.5338,129.7
563020.SH,2026,177,2.5439,450.27
560300.SH,2023,10,0.232,2.32
560300.SH,2024,242,0.0439,10.63
560300.SH,2025,243,0.0403,9.8
560300.SH,2026,177,0.0228,4.04
560780.SH,2023,14,0.1649,2.31
560780.SH,2024,242,0.0712,17.24
560780.SH,2025,243,0.3716,90.31
560780.SH,2026,177,5.4883,971.42
159555.SZ,2023,14,0.2817,3.94
159555.SZ,2024,242,0.1029,24.9
159555.SZ,2025,242,0.0642,15.53
159555.SZ,2026,177,0.085,15.05
159559.SZ,2023,14,0.2265,3.17
159559.SZ,2024,242,0.0439,10.63
159559.SZ,2025,243,0.981,238.38
159559.SZ,2026,177,1.5388,272.36
159350.SZ,2023,15,1.8013,27.02
159350.SZ,2024,242,0.6721,162.65
159350.SZ,2025,243,0.4336,105.37
159350.SZ,2026,177,0.5703,100.94
159150.SZ,2023,15,2.0534,30.8
159150.SZ,2024,242,0.3254,78.75
159150.SZ,2025,243,0.1279,31.07
159150.SZ,2026,177,0.1037,18.36
513630.SH,2023,16,1.2288,19.66
513630.SH,2024,242,1.0975,265.59
513630.SH,2025,243,3.3082,803.88
513630.SH,2026,177,3.8263,677.25
159505.SZ,2023,20,0.1188,2.38
159505.SZ,2024,241,0.0214,5.16
159505.SZ,2025,242,0.0122,2.96
159505.SZ,2026,177,0.0444,7.86
159661.SZ,2023,21,0.1076,2.26
159661.SZ,2024,242,0.0482,11.67
159661.SZ,2025,242,0.0429,10.38
159661.SZ,2026,177,0.0528,9.34
562600.SH,2023,15,0.0892,1.34
562600.SH,2024,242,0.0126,3.06
562600.SH,2025,243,0.0846,20.56
562600.SH,2026,177,0.2957,52.34
159549.SZ,2023,15,0.141,2.11
159549.SZ,2024,242,0.1033,25.0
159549.SZ,2025,243,0.0565,13.72
159549.SZ,2026,177,0.1269,22.46
510980.SH,2023,21,0.3075,6.46
510980.SH,2024,242,0.4205,101.75
510980.SH,2025,243,0.4041,98.19
510980.SH,2026,177,0.9492,168.01
561010.SH,2023,15,0.2575,3.86
561010.SH,2024,242,0.0467,11.31
561010.SH,2025,243,0.0769,18.7
561010.SH,2026,177,0.1731,30.64
513350.SH,2023,24,0.1026,2.46
513350.SH,2024,242,0.1763,42.65
513350.SH,2025,242,2.8943,700.41
513350.SH,2026,177,13.5406,2396.69
513730.SH,2023,21,0.8951,18.8
513730.SH,2024,242,1.3361,323.35
513730.SH,2025,243,1.1453,278.3
513730.SH,2026,177,0.4645,82.21
513750.SH,2023,25,0.1184,2.96
513750.SH,2024,242,0.6022,145.74
513750.SH,2025,243,8.7828,2134.21
513750.SH,2026,177,11.0355,1953.28
159560.SZ,2023,30,0.1342,4.03
159560.SZ,2024,242,0.1199,29.01
159560.SZ,2025,243,0.1418,34.46
159560.SZ,2026,177,0.2384,42.19
159543.SZ,2023,30,0.1278,3.83
159543.SZ,2024,242,0.0244,5.91
159543.SZ,2025,243,0.0115,2.79
159543.SZ,2026,177,0.0393,6.96
588880.SH,2023,32,0.6776,21.68
588880.SH,2024,242,0.3895,94.25
588880.SH,2025,243,0.2967,72.1
588880.SH,2026,177,0.1304,23.09
588800.SH,2023,32,9.8913,316.52
588800.SH,2024,242,5.0056,1211.35
588800.SH,2025,243,1.9159,465.56
588800.SH,2026,177,3.0317,536.62
159551.SZ,2023,32,0.1955,6.26
159551.SZ,2024,242,0.1064,25.76
159551.SZ,2025,243,0.2463,59.86
159551.SZ,2026,177,0.2645,46.81
588210.SH,2023,32,0.2083,6.67
588210.SH,2024,242,0.1172,28.37
588210.SH,2025,243,0.0904,21.97
588210.SH,2026,177,0.1424,25.21
513850.SH,2023,31,0.1114,3.45
513850.SH,2024,242,2.0345,492.35
513850.SH,2025,243,1.3906,337.91
513850.SH,2026,177,0.9367,165.8
561780.SH,2023,36,0.1698,6.11
561780.SH,2024,242,0.0293,7.1
561780.SH,2025,243,0.03,7.28
561780.SH,2026,177,0.0425,7.52
159518.SZ,2023,33,0.1289,4.26
159518.SZ,2024,242,0.3622,87.64
159518.SZ,2025,241,3.8785,934.72
159518.SZ,2026,177,14.9361,2643.69
563330.SH,2023,39,0.4815,18.78
563330.SH,2024,242,0.2372,57.4
563330.SH,2025,243,0.2,48.59
563330.SH,2026,177,0.37,65.49
513870.SH,2023,42,0.1281,5.38
513870.SH,2024,242,0.786,190.22
513870.SH,2025,243,1.2404,301.41
513870.SH,2026,177,1.0623,188.03
517520.SH,2023,43,0.1843,7.93
517520.SH,2024,242,0.7448,180.23
517520.SH,2025,243,3.0008,729.2
517520.SH,2026,177,7.0961,1256.02
561360.SH,2023,44,0.1514,6.66
561360.SH,2024,242,0.1442,34.89
561360.SH,2025,243,0.1658,40.28
561360.SH,2026,177,3.1452,556.7
159520.SZ,2023,44,0.0978,4.3
159520.SZ,2024,242,0.0603,14.59
159520.SZ,2025,243,0.0951,23.12
159520.SZ,2026,177,0.0735,13.01
159541.SZ,2023,44,0.2202,9.69
159541.SZ,2024,242,0.2384,57.7
159541.SZ,2025,243,0.1621,39.39
159541.SZ,2026,177,0.0905,16.01
560280.SH,2023,45,0.1292,5.82
560280.SH,2024,242,0.1074,25.99
560280.SH,2025,243,0.2994,72.75
560280.SH,2026,177,1.8107,320.5
159546.SZ,2023,51,0.223,11.38
159546.SZ,2024,242,0.1324,32.05
159546.SZ,2025,243,0.1513,36.76
159546.SZ,2026,177,0.526,93.11
562590.SH,2023,53,0.0606,3.21
562590.SH,2024,242,0.1156,27.97
562590.SH,2025,243,0.3684,89.53
562590.SH,2026,177,4.2872,758.84
563200.SH,2023,53,0.3819,20.24
563200.SH,2024,242,0.0999,24.19
563200.SH,2025,243,0.0319,7.76
563200.SH,2026,177,0.0883,15.64
560020.SH,2023,55,0.0823,4.52
560020.SH,2024,242,0.0303,7.34
560020.SH,2025,243,0.0171,4.17
560020.SH,2026,177,0.0344,6.08
562030.SH,2023,57,0.1474,8.4
562030.SH,2024,242,0.11,26.62
562030.SH,2025,243,0.153,37.17
562030.SH,2026,177,0.0654,11.57
513190.SH,2023,58,0.0608,3.52
513190.SH,2024,242,0.209,50.59
513190.SH,2025,243,2.5358,616.19
513190.SH,2026,177,4.2455,751.45
159537.SZ,2023,59,0.1228,7.25
159537.SZ,2024,241,0.06,14.45
159537.SZ,2025,243,0.3194,77.62
159537.SZ,2026,177,0.0879,15.56
159540.SZ,2023,61,0.0621,3.79
159540.SZ,2024,242,0.0313,7.58
159540.SZ,2025,243,0.1505,36.57
159540.SZ,2026,177,0.2795,49.47
159539.SZ,2023,61,0.0832,5.08
159539.SZ,2024,241,0.0557,13.42
159539.SZ,2025,242,0.1101,26.64
159539.SZ,2026,177,0.0654,11.57
159538.SZ,2023,65,0.1257,8.17
159538.SZ,2024,241,0.067,16.14
159538.SZ,2025,243,0.1987,48.29
159538.SZ,2026,177,0.1291,22.84
159535.SZ,2023,65,0.2909,18.91
159535.SZ,2024,242,0.0768,18.59
159535.SZ,2025,243,0.0261,6.35
159535.SZ,2026,177,0.0633,11.21
159532.SZ,2023,66,0.3621,23.9
159532.SZ,2024,242,0.091,22.02
159532.SZ,2025,243,0.1318,32.03
159532.SZ,2026,177,0.3672,65.0
561370.SH,2023,66,0.2639,17.42
561370.SH,2024,242,0.0453,10.96
561370.SH,2025,243,0.0097,2.36
561370.SH,2026,177,0.0158,2.8
159536.SZ,2023,66,0.6354,41.94
159536.SZ,2024,242,0.1952,47.24
159536.SZ,2025,243,0.0994,24.16
159536.SZ,2026,177,0.1591,28.15
560220.SH,2023,69,0.1202,8.3
560220.SH,2024,242,0.0388,9.38
560220.SH,2025,243,0.024,5.84
560220.SH,2026,177,0.05,8.85
159531.SZ,2023,69,0.3347,23.1
159531.SZ,2024,242,1.0062,243.49
159531.SZ,2025,243,1.1934,289.99
159531.SZ,2026,177,1.66,293.81
560260.SH,2023,70,0.2182,15.28
560260.SH,2024,242,0.1227,29.7
560260.SH,2025,243,0.1462,35.53
560260.SH,2026,177,0.0987,17.47
562660.SH,2023,71,0.277,19.67
562660.SH,2024,242,0.112,27.11
562660.SH,2025,243,0.1412,34.31
562660.SH,2026,177,0.4145,73.37
561060.SH,2023,66,0.081,5.35
561060.SH,2024,242,0.0632,15.29
561060.SH,2025,243,0.0263,6.39
561060.SH,2026,177,0.043,7.61
588220.SH,2023,70,6.6417,464.92
588220.SH,2024,242,5.8052,1404.86
588220.SH,2025,243,3.2856,798.4
588220.SH,2026,177,5.893,1043.07
588120.SH,2023,70,3.1734,222.14
588120.SH,2024,242,2.0275,490.65
588120.SH,2025,243,0.7705,187.22
588120.SH,2026,177,0.864,152.94
588190.SH,2023,70,2.812,196.84
588190.SH,2024,242,2.8265,684.02
588190.SH,2025,243,2.2632,549.96
588190.SH,2026,177,1.7422,308.37
588030.SH,2023,70,6.8607,480.25
588030.SH,2024,242,5.8892,1425.18
588030.SH,2025,243,3.3071,803.62
588030.SH,2026,177,2.7306,483.31
563300.SH,2023,71,0.8026,56.99
563300.SH,2024,242,3.5649,862.69
563300.SH,2025,243,3.8022,923.95
563300.SH,2026,177,6.0523,1071.26
159523.SZ,2023,68,0.0424,2.88
159523.SZ,2024,242,0.0315,7.61
159523.SZ,2025,243,0.0353,8.57
159523.SZ,2026,177,0.0969,17.14
560590.SH,2023,64,0.0494,3.16
560590.SH,2024,241,0.015,3.63
560590.SH,2025,243,0.0149,3.63
560590.SH,2026,177,0.0346,6.12
561280.SH,2023,65,0.1249,8.12
561280.SH,2024,242,0.0466,11.28
561280.SH,2025,243,0.046,11.17
561280.SH,2026,177,0.1055,18.68
159515.SZ,2023,77,0.0503,3.87
159515.SZ,2024,242,0.0377,9.13
159515.SZ,2025,243,0.0216,5.25
159515.SZ,2026,176,0.0253,4.45
159521.SZ,2023,76,0.5218,39.66
159521.SZ,2024,242,0.1106,26.76
159521.SZ,2025,242,0.029,7.03
159521.SZ,2026,177,0.0264,4.68
159517.SZ,2023,78,0.0872,6.8
159517.SZ,2024,241,0.0523,12.6
159517.SZ,2025,242,0.045,10.88
159517.SZ,2026,177,0.0461,8.16
159519.SZ,2023,81,0.2123,17.19
159519.SZ,2024,242,0.2959,71.6
159519.SZ,2025,243,0.2675,65.01
159519.SZ,2026,177,0.3816,67.54
588110.SH,2023,81,0.5771,46.75
588110.SH,2024,242,0.253,61.23
588110.SH,2025,243,0.3025,73.51
588110.SH,2026,177,0.3931,69.58
588020.SH,2023,81,0.311,25.19
588020.SH,2024,242,0.1787,43.25
588020.SH,2025,243,0.5028,122.19
588020.SH,2026,177,1.8118,320.69
561980.SH,2023,80,0.1293,10.34
561980.SH,2024,242,0.3804,92.06
561980.SH,2025,243,1.1715,284.67
561980.SH,2026,177,3.7224,658.87
513810.SH,2023,80,0.0748,5.98
513810.SH,2024,242,0.0325,7.87
513810.SH,2025,243,0.0931,22.63
513810.SH,2026,177,0.1204,21.31
159696.SZ,2023,85,0.0615,5.23
159696.SZ,2024,242,0.1814,43.89
159696.SZ,2025,243,1.1829,287.44
159696.SZ,2026,177,0.7558,133.78
159699.SZ,2023,87,0.3016,26.24
159699.SZ,2024,242,0.4126,99.84
159699.SZ,2025,243,1.1511,279.72
159699.SZ,2026,177,0.4252,75.26
159510.SZ,2023,92,0.0401,3.69
159510.SZ,2024,242,0.0613,14.85
159510.SZ,2025,243,0.0261,6.35
159510.SZ,2026,177,0.0319,5.64
159511.SZ,2023,99,0.0571,5.65
159511.SZ,2024,242,0.0385,9.32
159511.SZ,2025,243,0.0826,20.07
159511.SZ,2026,177,0.259,45.84
561260.SH,2023,97,0.3085,29.92
561260.SH,2024,242,0.1685,40.77
561260.SH,2025,243,0.0557,13.54
561260.SH,2026,177,0.0556,9.84
561790.SH,2023,97,0.3363,32.62
561790.SH,2024,242,0.1841,44.55
561790.SH,2025,243,0.0527,12.8
561790.SH,2026,177,0.0306,5.42
562850.SH,2023,97,0.2419,23.47
562850.SH,2024,242,0.1345,32.56
562850.SH,2025,243,0.0679,16.5
562850.SH,2026,177,0.1438,25.45
159698.SZ,2023,90,0.0849,7.64
159698.SZ,2024,242,0.045,10.89
159698.SZ,2025,243,0.1774,43.11
159698.SZ,2026,177,0.8092,143.22
159509.SZ,2023,98,0.5844,57.27
159509.SZ,2024,242,12.231,2959.89
159509.SZ,2025,243,10.7983,2623.98
159509.SZ,2026,177,7.5739,1340.58
560950.SH,2023,104,0.1483,15.42
560950.SH,2024,242,0.0268,6.49
560950.SH,2025,243,0.0233,5.66
560950.SH,2026,177,0.0105,1.85
159516.SZ,2023,106,0.7424,78.69
159516.SZ,2024,242,0.9993,241.84
159516.SZ,2025,243,3.3715,819.27
159516.SZ,2026,177,31.8839,5643.46
159512.SZ,2023,108,0.2319,25.05
159512.SZ,2024,242,0.1815,43.93
159512.SZ,2025,243,0.1109,26.95
159512.SZ,2026,177,0.106,18.77
159513.SZ,2023,105,0.1623,17.04
159513.SZ,2024,242,1.3146,318.14
159513.SZ,2025,243,1.1387,276.71
159513.SZ,2026,177,1.5621,276.5
159686.SZ,2023,112,0.0369,4.14
159686.SZ,2024,241,0.0087,2.09
159686.SZ,2025,243,0.0236,5.73
159686.SZ,2026,177,0.0991,17.55
563010.SH,2023,116,0.0558,6.47
563010.SH,2024,242,0.0193,4.66
563010.SH,2025,243,0.0467,11.35
563010.SH,2026,177,0.125,22.13
159508.SZ,2023,115,0.0637,7.33
159508.SZ,2024,242,0.0309,7.48
159508.SZ,2025,243,0.0279,6.79
159508.SZ,2026,176,0.0688,12.11
562380.SH,2023,121,0.3098,37.48
562380.SH,2024,242,0.0985,23.83
562380.SH,2025,243,0.0516,12.54
562380.SH,2026,177,0.071,12.56
563050.SH,2023,121,0.1528,18.49
563050.SH,2024,242,0.0935,22.63
563050.SH,2025,243,0.0709,17.23
563050.SH,2026,177,0.1014,17.94
159690.SZ,2023,121,0.0311,3.76
159690.SZ,2024,241,0.0083,2.01
159690.SZ,2025,243,0.0566,13.74
159690.SZ,2026,177,0.451,79.83
560170.SH,2023,121,0.7269,87.96
560170.SH,2024,242,0.6073,146.95
560170.SH,2025,243,0.3205,77.88
560170.SH,2026,177,0.4814,85.21
159673.SZ,2023,114,0.0533,6.08
159673.SZ,2024,242,0.361,87.36
159673.SZ,2025,243,0.5703,138.57
159673.SZ,2026,177,0.6801,120.38
560030.SH,2023,119,0.0702,8.36
560030.SH,2024,242,0.0317,7.68
560030.SH,2025,243,0.0089,2.17
560030.SH,2026,176,0.0035,0.62
159506.SZ,2023,124,0.6583,81.63
159506.SZ,2024,242,1.1943,289.03
159506.SZ,2025,243,5.3495,1299.93
159506.SZ,2026,177,4.8546,859.27
159507.SZ,2023,130,0.1781,23.16
159507.SZ,2024,242,0.0486,11.76
159507.SZ,2025,241,0.0563,13.56
159507.SZ,2026,177,0.5154,91.23
159501.SZ,2023,135,0.2428,32.78
159501.SZ,2024,242,1.3985,338.43
159501.SZ,2025,243,2.7066,657.71
159501.SZ,2026,177,1.279,226.39
513040.SH,2023,137,0.0844,11.56
513040.SH,2024,242,0.2233,54.05
513040.SH,2025,243,2.2826,554.66
513040.SH,2026,177,6.4468,1141.09
562920.SH,2023,137,0.0427,5.85
562920.SH,2024,242,0.0265,6.42
562920.SH,2025,243,0.0254,6.16
562920.SH,2026,177,0.0875,15.48
561960.SH,2023,141,0.1876,26.46
561960.SH,2024,242,0.0543,13.14
561960.SH,2025,243,0.0214,5.19
561960.SH,2026,177,0.0161,2.84
560700.SH,2023,141,0.6676,94.13
560700.SH,2024,242,0.3316,80.24
560700.SH,2025,243,0.193,46.91
560700.SH,2026,177,0.1096,19.41
560070.SH,2023,141,0.3025,42.66
560070.SH,2024,242,0.1488,36.02
560070.SH,2025,243,0.0612,14.88
560070.SH,2026,177,0.0357,6.33
562930.SH,2023,142,0.0456,6.48
562930.SH,2024,242,0.0339,8.21
562930.SH,2025,243,0.0638,15.51
562930.SH,2026,177,0.5861,103.74
511090.SH,2023,136,0.9683,131.69
511090.SH,2024,242,16.0365,3880.83
511090.SH,2025,243,83.9953,20410.87
511090.SH,2026,177,42.6573,7550.34
561580.SH,2023,146,0.595,86.87
561580.SH,2024,242,0.4663,112.85
561580.SH,2025,243,0.3095,75.2
561580.SH,2026,177,0.8075,142.93
560330.SH,2023,151,0.1237,18.68
560330.SH,2024,242,0.0753,18.21
560330.SH,2025,243,0.0349,8.48
560330.SH,2026,177,0.0164,2.9
159692.SZ,2023,151,0.2337,35.29
159692.SZ,2024,242,0.2306,55.81
159692.SZ,2025,243,0.4369,106.16
159692.SZ,2026,177,0.8407,148.8
159695.SZ,2023,160,0.0803,12.85
159695.SZ,2024,242,0.0899,21.76
159695.SZ,2025,243,0.2007,48.76
159695.SZ,2026,177,0.5648,99.97
560580.SH,2023,158,0.0786,12.42
560580.SH,2024,242,0.0528,12.78
560580.SH,2025,243,0.0367,8.92
560580.SH,2026,177,0.1449,25.65
159622.SZ,2023,161,0.1193,19.21
159622.SZ,2024,242,0.0588,14.22
159622.SZ,2025,243,0.3516,85.44
159622.SZ,2026,177,0.9259,163.88
513950.SH,2023,165,0.1551,25.58
513950.SH,2024,242,0.2457,59.47
513950.SH,2025,243,0.4721,114.71
513950.SH,2026,177,0.6137,108.62
513390.SH,2023,162,0.1288,20.86
513390.SH,2024,242,0.5027,121.65
513390.SH,2025,243,1.2848,312.2
513390.SH,2026,177,1.1578,204.94
159697.SZ,2023,164,0.1692,27.74
159697.SZ,2024,242,0.108,26.13
159697.SZ,2025,243,0.0809,19.65
159697.SZ,2026,177,1.6196,286.68
159670.SZ,2023,161,0.0501,8.07
159670.SZ,2024,242,0.0546,13.22
159670.SZ,2025,243,0.0336,8.16
159670.SZ,2026,177,0.0346,6.12
560180.SH,2023,170,0.134,22.77
560180.SH,2024,242,0.0925,22.38
560180.SH,2025,243,0.0722,17.54
560180.SH,2026,177,0.0388,6.88
159659.SZ,2023,168,0.0843,14.17
159659.SZ,2024,242,1.2619,305.39
159659.SZ,2025,243,3.0331,737.03
159659.SZ,2026,177,2.7211,481.63
513970.SH,2023,170,0.1975,33.58
513970.SH,2024,242,0.3744,90.61
513970.SH,2025,243,1.467,356.47
513970.SH,2026,177,0.9078,160.69
562330.SH,2023,173,0.1608,27.82
562330.SH,2024,242,0.0772,18.67
562330.SH,2025,243,0.0119,2.9
562330.SH,2026,177,0.0119,2.1
562960.SH,2023,177,0.0383,6.79
562960.SH,2024,242,0.0323,7.82
562960.SH,2025,243,0.0175,4.24
562960.SH,2026,177,0.4258,75.37
159660.SZ,2023,174,0.1405,24.44
159660.SZ,2024,242,0.6721,162.64
159660.SZ,2025,243,1.3435,326.48
159660.SZ,2026,177,1.2482,220.94
159691.SZ,2023,170,0.2584,43.93
159691.SZ,2024,242,1.4158,342.63
159691.SZ,2025,243,2.0865,507.01
159691.SZ,2026,177,2.6156,462.96
561950.SH,2023,169,0.0554,9.36
561950.SH,2024,242,0.0656,15.88
561950.SH,2025,243,0.0615,14.95
561950.SH,2026,177,0.0699,12.37
159676.SZ,2023,177,0.2192,38.8
159676.SZ,2024,242,0.083,20.08
159676.SZ,2025,243,0.0842,20.45
159676.SZ,2026,177,0.1278,22.62
513650.SH,2023,182,0.0886,16.12
513650.SH,2024,242,0.8764,212.09
513650.SH,2025,243,1.2606,306.32
513650.SH,2026,177,2.3703,419.55
159672.SZ,2023,183,0.0666,12.19
159672.SZ,2024,242,0.0648,15.68
159672.SZ,2025,243,0.0428,10.41
159672.SZ,2026,177,0.0412,7.29
159685.SZ,2023,183,0.1863,34.09
159685.SZ,2024,241,0.0689,16.6
159685.SZ,2025,242,0.0284,6.87
159685.SZ,2026,177,0.0368,6.52
561920.SH,2023,186,0.0251,4.66
561920.SH,2024,242,0.0086,2.08
561920.SH,2025,243,0.0099,2.4
561920.SH,2026,177,0.0232,4.11
562550.SH,2023,188,0.0624,11.73
562550.SH,2024,242,0.0343,8.31
562550.SH,2025,243,0.0943,22.91
562550.SH,2026,177,1.2283,217.4
159653.SZ,2023,189,0.0276,5.23
159653.SZ,2024,228,0.0039,0.89
159653.SZ,2025,224,0.0011,0.25
159653.SZ,2026,176,0.0013,0.23
159689.SZ,2023,198,0.0869,17.21
159689.SZ,2024,241,0.0482,11.62
159689.SZ,2025,243,0.0327,7.94
159689.SZ,2026,177,0.0269,4.76
561170.SH,2023,195,0.2679,52.23
561170.SH,2024,242,0.0959,23.21
561170.SH,2025,243,0.1488,36.17
561170.SH,2026,177,0.3978,70.42
513110.SH,2023,193,0.5331,102.88
513110.SH,2024,242,0.8572,207.45
513110.SH,2025,243,1.7928,435.64
513110.SH,2026,177,2.1209,375.4
560090.SH,2023,196,0.2003,39.25
560090.SH,2024,242,0.3148,76.18
560090.SH,2025,243,1.0362,251.8
560090.SH,2026,177,1.2868,227.76
159657.SZ,2023,198,0.0601,11.9
159657.SZ,2024,242,0.0184,4.46
159657.SZ,2025,243,0.0218,5.3
159657.SZ,2026,177,0.0275,4.87
560860.SH,2023,198,0.1294,25.61
560860.SH,2024,242,0.2501,60.52
560860.SH,2025,243,1.1761,285.78
560860.SH,2026,177,5.2135,922.79
159671.SZ,2023,199,0.4132,82.23
159671.SZ,2024,242,0.2432,58.86
159671.SZ,2025,243,0.2226,54.09
159671.SZ,2026,177,0.6824,120.78
563030.SH,2023,198,0.098,19.4
563030.SH,2024,242,0.0814,19.69
563030.SH,2025,243,0.0503,12.23
563030.SH,2026,177,0.0393,6.96
562860.SH,2023,209,0.1777,37.15
562860.SH,2024,242,0.09,21.79
562860.SH,2025,243,0.1023,24.86
562860.SH,2026,177,0.1156,20.46
159678.SZ,2023,208,0.0862,17.93
159678.SZ,2024,242,0.0425,10.3
159678.SZ,2025,243,0.0342,8.31
159678.SZ,2026,177,0.0635,11.24
159679.SZ,2023,211,0.2508,52.91
159679.SZ,2024,242,0.0823,19.91
159679.SZ,2025,243,0.0395,9.6
159679.SZ,2026,177,0.0568,10.06
513560.SH,2023,218,0.0721,15.72
513560.SH,2024,242,0.0648,15.68
513560.SH,2025,243,2.6726,649.43
513560.SH,2026,177,0.7426,131.43
159688.SZ,2023,216,0.9741,210.4
159688.SZ,2024,242,1.2426,300.72
159688.SZ,2025,243,2.471,600.45
159688.SZ,2026,177,1.3077,231.47
159652.SZ,2023,221,0.126,27.86
159652.SZ,2024,242,0.2242,54.25
159652.SZ,2025,243,0.7754,188.42
159652.SZ,2026,177,2.6827,474.83
159666.SZ,2023,218,0.0733,15.98
159666.SZ,2024,242,0.0416,10.06
159666.SZ,2025,243,0.0663,16.11
159666.SZ,2026,177,0.1746,30.9
159669.SZ,2023,236,0.1312,30.97
159669.SZ,2024,242,0.0991,23.99
159669.SZ,2025,243,0.0393,9.56
159669.SZ,2026,177,0.0747,13.21
562320.SH,2023,235,0.1423,33.43
562320.SH,2024,242,0.0579,14.01
562320.SH,2025,243,0.0805,19.56
562320.SH,2026,177,0.0793,14.03
159656.SZ,2023,233,0.1057,24.63
159656.SZ,2024,242,0.1277,30.91
159656.SZ,2025,243,0.121,29.41
159656.SZ,2026,177,0.157,27.8
588320.SH,2023,239,0.0178,4.24
588320.SH,2024,241,0.0185,4.45
588320.SH,2025,243,0.0356,8.65
588320.SH,2026,177,0.1014,17.95
513140.SH,2023,235,0.0782,18.38
513140.SH,2024,242,0.1028,24.88
513140.SH,2025,243,0.4112,99.91
513140.SH,2026,177,0.6088,107.76
159682.SZ,2023,242,2.2568,546.14
159682.SZ,2024,242,2.5038,605.91
159682.SZ,2025,243,2.4803,602.71
159682.SZ,2026,177,3.3515,593.21
159665.SZ,2023,239,0.3483,83.24
159665.SZ,2024,242,0.2351,56.9
159665.SZ,2025,243,0.2938,71.38
159665.SZ,2026,177,0.5552,98.27
561000.SH,2023,236,0.11,25.96
561000.SH,2024,242,0.0856,20.72
561000.SH,2025,243,0.0677,16.45
561000.SH,2026,177,0.0531,9.4
159681.SZ,2023,242,0.6432,155.64
159681.SZ,2024,242,0.3584,86.73
159681.SZ,2025,243,1.1105,269.85
159681.SZ,2026,177,1.3787,244.02
562010.SH,2023,242,0.0459,11.12
562010.SH,2024,242,0.0088,2.13
562010.SH,2025,243,0.0106,2.56
562010.SH,2026,177,0.0156,2.76
159687.SZ,2022,1,3.633,3.63
159687.SZ,2023,242,0.081,19.61
159687.SZ,2024,242,0.6873,166.33
159687.SZ,2025,240,3.2789,786.93
159687.SZ,2026,177,3.3516,593.23
588460.SH,2023,240,0.5994,143.86
588460.SH,2024,242,0.3588,86.83
588460.SH,2025,243,0.5014,121.83
588460.SH,2026,177,0.71,125.67
588370.SH,2022,14,0.5872,8.22
588370.SH,2023,242,0.3206,77.58
588370.SH,2024,242,0.1759,42.57
588370.SH,2025,243,0.0756,18.37
588370.SH,2026,177,0.0789,13.97
561320.SH,2022,17,0.6111,10.39
561320.SH,2023,242,0.1632,39.49
561320.SH,2024,242,0.0688,16.65
561320.SH,2025,243,0.0252,6.13
561320.SH,2026,177,0.0203,3.6
159675.SZ,2022,21,1.1728,24.63
159675.SZ,2023,242,0.1499,36.28
159675.SZ,2024,242,0.1074,26.0
159675.SZ,2025,243,0.0749,18.21
159675.SZ,2026,177,0.0763,13.51
159677.SZ,2022,20,0.8703,17.41
159677.SZ,2023,242,0.354,85.66
159677.SZ,2024,242,0.2289,55.4
159677.SZ,2025,242,0.1073,25.98
159677.SZ,2026,176,0.1042,18.34
561590.SH,2022,15,0.2086,3.13
561590.SH,2023,242,0.1445,34.96
561590.SH,2024,242,0.0741,17.93
561590.SH,2025,243,0.044,10.69
561590.SH,2026,177,0.0652,11.54
159662.SZ,2022,22,0.4798,10.56
159662.SZ,2023,242,0.2911,70.44
159662.SZ,2024,241,0.133,32.06
159662.SZ,2025,243,0.0798,19.38
159662.SZ,2026,177,0.0739,13.08
159680.SZ,2022,23,0.8934,20.55
159680.SZ,2023,242,0.392,94.86
159680.SZ,2024,242,0.2378,57.54
159680.SZ,2025,243,0.3094,75.19
159680.SZ,2026,177,0.7666,135.69
560980.SH,2022,24,0.1382,3.32
560980.SH,2023,242,0.2094,50.69
560980.SH,2024,242,0.1783,43.15
560980.SH,2025,243,0.2794,67.88
560980.SH,2026,177,0.3727,65.97
159627.SZ,2022,23,0.2425,5.58
159627.SZ,2023,242,0.0195,4.72
159627.SZ,2024,241,0.0337,8.13
159627.SZ,2025,242,0.0304,7.36
159627.SZ,2026,177,0.0596,10.55
561180.SH,2022,30,1.3646,40.94
561180.SH,2023,242,0.195,47.18
561180.SH,2024,242,0.0758,18.34
561180.SH,2025,242,0.0366,8.86
561180.SH,2026,177,0.0243,4.3
513310.SH,2022,7,0.3564,2.49
513310.SH,2023,242,0.3178,76.91
513310.SH,2024,242,5.0798,1229.32
513310.SH,2025,243,15.8158,3843.23
513310.SH,2026,177,92.4281,16359.78
588350.SH,2022,37,0.3612,13.36
588350.SH,2023,242,0.0752,18.2
588350.SH,2024,242,0.0457,11.05
588350.SH,2025,243,0.053,12.88
588350.SH,2026,177,0.0567,10.04
159630.SZ,2022,44,0.3902,17.17
159630.SZ,2023,242,0.0523,12.67
159630.SZ,2024,241,0.0475,11.45
159630.SZ,2025,243,0.0157,3.82
159630.SZ,2026,177,0.0052,0.93
561330.SH,2022,44,0.4002,17.61
561330.SH,2023,242,0.1584,38.33
561330.SH,2024,242,0.0868,21.0
561330.SH,2025,243,0.1408,34.22
561330.SH,2026,177,1.0397,184.03
560680.SH,2022,45,0.0966,4.35
560680.SH,2023,242,0.1481,35.84
560680.SH,2024,242,0.1761,42.62
560680.SH,2025,243,0.2059,50.02
560680.SH,2026,177,0.1452,25.7
159655.SZ,2022,49,0.0641,3.14
159655.SZ,2023,242,0.0233,5.64
159655.SZ,2024,242,0.4624,111.89
159655.SZ,2025,243,2.5951,630.61
159655.SZ,2026,177,1.069,189.22
159663.SZ,2022,48,0.3032,14.55
159663.SZ,2023,242,0.1922,46.51
159663.SZ,2024,242,0.1352,32.71
159663.SZ,2025,243,0.1282,31.16
159663.SZ,2026,177,0.7349,130.07
159667.SZ,2022,48,0.6445,30.94
159667.SZ,2023,242,0.4795,116.05
159667.SZ,2024,242,0.4378,105.94
159667.SZ,2025,243,0.6092,148.03
159667.SZ,2026,177,2.0487,362.62
588290.SH,2022,48,0.2794,13.41
588290.SH,2023,242,1.089,263.53
588290.SH,2024,242,1.431,346.31
588290.SH,2025,243,2.2421,544.84
588290.SH,2026,177,3.6764,650.73
588010.SH,2022,48,0.3756,18.03
588010.SH,2023,242,0.1494,36.16
588010.SH,2024,242,0.2506,60.65
588010.SH,2025,243,0.1985,48.23
588010.SH,2026,177,1.0297,182.26
588160.SH,2022,48,0.3539,16.99
588160.SH,2023,242,0.1335,32.31
588160.SH,2024,242,0.1066,25.81
588160.SH,2025,243,0.0791,19.22
588160.SH,2026,177,0.821,145.31
588200.SH,2022,48,0.4939,23.71
588200.SH,2023,242,3.952,956.39
588200.SH,2024,242,15.3611,3717.38
588200.SH,2025,243,26.056,6331.61
588200.SH,2026,177,41.8941,7415.26
159658.SZ,2022,58,0.4447,25.79
159658.SZ,2023,242,0.294,71.16
159658.SZ,2024,242,0.1643,39.77
159658.SZ,2025,243,0.1049,25.5
159658.SZ,2026,177,0.0919,16.26
560080.SH,2022,55,0.4057,22.31
560080.SH,2023,242,0.6381,154.43
560080.SH,2024,242,0.5689,137.67
560080.SH,2025,243,0.7018,170.55
560080.SH,2026,177,0.6539,115.74
159645.SZ,2022,65,0.3114,20.24
159645.SZ,2023,241,0.072,17.34
159645.SZ,2024,241,0.0225,5.42
159645.SZ,2025,243,0.0075,1.83
159645.SZ,2026,177,0.0213,3.77
511580.SH,2022,13,1.9775,25.71
511580.SH,2023,242,2.0868,505.02
511580.SH,2024,236,1.3777,325.13
511580.SH,2025,243,2.9907,726.75
511580.SH,2026,177,28.5574,5054.67
159651.SZ,2022,33,4.2844,141.38
159651.SZ,2023,242,2.8043,678.63
159651.SZ,2024,242,6.9897,1691.51
159651.SZ,2025,243,2.9339,712.95
159651.SZ,2026,177,2.4982,442.18
562310.SH,2022,75,1.1426,85.69
562310.SH,2023,242,0.4193,101.47
562310.SH,2024,242,0.2134,51.63
562310.SH,2025,243,0.2046,49.71
562310.SH,2026,177,0.2807,49.68
513260.SH,2022,74,0.2124,15.72
513260.SH,2023,242,0.3252,78.69
513260.SH,2024,242,0.7868,190.42
513260.SH,2025,243,6.384,1551.32
513260.SH,2026,177,3.4722,614.57
159621.SZ,2022,75,0.1512,11.34
159621.SZ,2023,242,0.0326,7.88
159621.SZ,2024,241,0.0354,8.53
159621.SZ,2025,241,0.0303,7.31
159621.SZ,2026,177,0.0307,5.43
159650.SZ,2022,46,19.2256,884.38
159650.SZ,2023,242,16.4239,3974.58
159650.SZ,2024,242,7.7513,1875.82
159650.SZ,2025,243,8.2811,2012.3
159650.SZ,2026,177,2.5369,449.04
159637.SZ,2022,81,0.687,55.65
159637.SZ,2023,242,0.503,121.74
159637.SZ,2024,242,0.1358,32.87
159637.SZ,2025,243,0.2168,52.68
159637.SZ,2026,177,0.1784,31.58
511520.SH,2022,49,13.9808,685.06
511520.SH,2023,242,33.4681,8099.27
511520.SH,2024,242,67.5209,16340.06
511520.SH,2025,243,66.0799,16057.42
511520.SH,2026,177,19.6038,3469.88
159631.SZ,2022,85,0.1764,14.99
159631.SZ,2023,242,0.1659,40.14
159631.SZ,2024,242,0.091,22.02
159631.SZ,2025,243,0.0727,17.66
159631.SZ,2026,177,0.0498,8.81
159623.SZ,2022,75,0.0601,4.51
159623.SZ,2023,242,0.0899,21.75
159623.SZ,2024,242,0.0742,17.96
159623.SZ,2025,243,0.1715,41.68
159623.SZ,2026,177,0.2546,45.06
513290.SH,2022,84,0.1068,8.97
513290.SH,2023,242,0.1118,27.06
513290.SH,2024,242,0.9143,221.27
513290.SH,2025,243,1.0666,259.19
513290.SH,2026,177,1.721,304.61
159643.SZ,2022,89,0.2937,26.14
159643.SZ,2023,242,0.2302,55.71
159643.SZ,2024,242,0.1319,31.91
159643.SZ,2025,243,0.0552,13.42
159643.SZ,2026,177,0.0971,17.19
159649.SZ,2022,50,22.8057,1140.29
159649.SZ,2023,242,19.7559,4780.94
159649.SZ,2024,242,6.4338,1556.99
159649.SZ,2025,243,4.1175,1000.56
159649.SZ,2026,177,4.9261,871.92
159638.SZ,2022,95,1.3753,130.65
159638.SZ,2023,242,0.553,133.83
159638.SZ,2024,242,0.4182,101.21
159638.SZ,2025,243,0.5865,142.51
159638.SZ,2026,177,0.744,131.68
560110.SH,2022,99,2.3028,227.98
560110.SH,2023,242,0.6809,164.77
560110.SH,2024,242,0.3382,81.85
560110.SH,2025,243,0.2281,55.43
560110.SH,2026,177,0.2757,48.8
159633.SZ,2022,101,15.8935,1605.24
159633.SZ,2023,242,7.6484,1850.91
159633.SZ,2024,242,1.5934,385.59
159633.SZ,2025,243,0.8426,204.76
159633.SZ,2026,177,6.1299,1084.99
562530.SH,2022,95,0.0266,2.52
562530.SH,2023,242,0.0179,4.32
562530.SH,2024,242,0.0197,4.77
562530.SH,2025,243,0.0126,3.05
562530.SH,2026,177,0.0463,8.19
560010.SH,2022,100,14.8153,1481.53
560010.SH,2023,242,8.2958,2007.59
560010.SH,2024,242,4.6621,1128.24
560010.SH,2025,243,2.3194,563.61
560010.SH,2026,177,9.4717,1676.49
159629.SZ,2022,102,18.5714,1894.28
159629.SZ,2023,242,8.9164,2157.77
159629.SZ,2024,242,2.7001,653.42
159629.SZ,2025,243,2.1116,513.11
159629.SZ,2026,177,4.3225,765.09
561510.SH,2022,101,0.4195,42.37
561510.SH,2023,242,0.2095,50.7
561510.SH,2024,242,0.1012,24.49
561510.SH,2025,243,0.0371,9.02
561510.SH,2026,177,0.019,3.36
159632.SZ,2022,102,0.6851,69.88
159632.SZ,2023,242,1.7306,418.81
159632.SZ,2024,242,2.1279,514.96
159632.SZ,2025,243,2.3746,577.04
159632.SZ,2026,177,3.0434,538.68
562000.SH,2022,104,0.5427,56.44
562000.SH,2023,242,0.4854,117.47
562000.SH,2024,242,0.4282,103.63
562000.SH,2025,243,0.2259,54.88
562000.SH,2026,177,0.0884,15.64
159616.SZ,2022,99,0.0541,5.36
159616.SZ,2023,242,0.0402,9.73
159616.SZ,2024,242,0.0477,11.54
159616.SZ,2025,243,0.0692,16.83
159616.SZ,2026,177,0.1282,22.68
159647.SZ,2022,106,0.8174,86.64
159647.SZ,2023,242,0.7565,183.08
159647.SZ,2024,242,0.4214,101.98
159647.SZ,2025,243,0.3309,80.41
159647.SZ,2026,177,0.274,48.5
562390.SH,2022,106,0.1905,20.19
562390.SH,2023,242,0.109,26.37
562390.SH,2024,242,0.0333,8.05
562390.SH,2025,243,0.0305,7.41
562390.SH,2026,177,0.026,4.61
159620.SZ,2022,100,0.0354,3.54
159620.SZ,2023,242,0.0137,3.33
159620.SZ,2024,241,0.0171,4.12
159620.SZ,2025,243,0.0224,5.45
159620.SZ,2026,176,0.0348,6.13
159641.SZ,2022,110,0.2761,30.37
159641.SZ,2023,242,0.1436,34.75
159641.SZ,2024,242,0.1051,25.43
159641.SZ,2025,243,0.1425,34.62
159641.SZ,2026,177,0.0532,9.41
159642.SZ,2022,111,0.1295,14.37
159642.SZ,2023,242,0.0835,20.21
159642.SZ,2024,242,0.0231,5.59
159642.SZ,2025,243,0.0088,2.13
159642.SZ,2026,177,0.0044,0.77
159640.SZ,2022,111,0.2694,29.9
159640.SZ,2023,242,0.1111,26.87
159640.SZ,2024,242,0.0881,21.32
159640.SZ,2025,243,0.0335,8.13
159640.SZ,2026,177,0.0266,4.71
560060.SH,2022,111,0.1506,16.72
560060.SH,2023,242,0.0529,12.81
560060.SH,2024,242,0.037,8.96
560060.SH,2025,243,0.0251,6.09
560060.SH,2026,177,0.0164,2.89
562990.SH,2022,113,1.2969,146.55
562990.SH,2023,242,0.3161,76.51
562990.SH,2024,242,0.1799,43.53
562990.SH,2025,243,0.1691,41.1
562990.SH,2026,177,0.1036,18.33
561190.SH,2022,113,1.56,176.28
561190.SH,2023,242,0.3807,92.13
561190.SH,2024,242,0.1325,32.08
561190.SH,2025,243,0.1014,24.65
561190.SH,2026,177,0.0609,10.78
159639.SZ,2022,113,0.6398,72.3
159639.SZ,2023,242,0.1531,37.06
159639.SZ,2024,242,0.1131,27.37
159639.SZ,2025,243,0.1093,26.56
159639.SZ,2026,177,0.0776,13.74
560550.SH,2022,113,0.4791,54.14
560550.SH,2023,242,0.1494,36.17
560550.SH,2024,242,0.0286,6.93
560550.SH,2025,243,0.0354,8.6
560550.SH,2026,177,0.0178,3.14
513280.SH,2022,114,0.166,18.92
513280.SH,2023,242,0.1487,35.98
513280.SH,2024,242,0.2939,71.13
513280.SH,2025,243,0.9868,239.8
513280.SH,2026,177,0.9845,174.26
513220.SH,2022,115,0.2568,29.53
513220.SH,2023,242,0.2441,59.08
513220.SH,2024,242,0.6944,168.05
513220.SH,2025,243,1.015,246.64
513220.SH,2026,177,0.5464,96.72
561700.SH,2022,115,0.1973,22.7
561700.SH,2023,242,0.1383,33.46
561700.SH,2024,242,0.0626,15.15
561700.SH,2025,243,0.0635,15.44
561700.SH,2026,177,0.1223,21.65
513120.SH,2022,118,0.6232,73.54
513120.SH,2023,242,6.953,1682.63
513120.SH,2024,242,12.0635,2919.38
513120.SH,2025,243,52.1575,12674.27
513120.SH,2026,177,56.8179,10056.77
562350.SH,2022,118,0.1016,11.99
562350.SH,2023,242,0.0695,16.83
562350.SH,2024,242,0.0522,12.63
562350.SH,2025,243,0.0337,8.2
562350.SH,2026,177,0.1499,26.54
159636.SZ,2022,112,0.5317,59.55
159636.SZ,2023,242,0.582,140.84
159636.SZ,2024,242,1.3687,331.24
159636.SZ,2025,243,7.6608,1861.58
159636.SZ,2026,177,6.1378,1086.39
561160.SH,2022,120,0.5172,62.07
561160.SH,2023,242,0.431,104.29
561160.SH,2024,242,0.264,63.89
561160.SH,2025,243,0.6684,162.43
561160.SH,2026,177,0.8053,142.53
159628.SZ,2022,114,0.3878,44.21
159628.SZ,2023,242,0.8978,217.27
159628.SZ,2024,242,1.2693,307.16
159628.SZ,2025,243,0.7885,191.61
159628.SZ,2026,177,0.7763,137.4
159635.SZ,2022,118,0.2145,25.31
159635.SZ,2023,242,0.2668,64.56
159635.SZ,2024,242,0.1296,31.36
159635.SZ,2025,243,0.1691,41.1
159635.SZ,2026,177,0.2707,47.92
159615.SZ,2022,128,0.8304,106.29
159615.SZ,2023,242,0.5651,136.75
159615.SZ,2024,242,0.5589,135.24
159615.SZ,2025,243,1.5476,376.07
159615.SZ,2026,177,1.2699,224.78
159609.SZ,2022,120,0.3422,41.06
159609.SZ,2023,242,0.1703,41.2
159609.SZ,2024,242,0.1622,39.24
159609.SZ,2025,243,0.2186,53.12
159609.SZ,2026,177,0.1461,25.87
560990.SH,2022,129,0.2181,28.13
560990.SH,2023,242,0.1509,36.53
560990.SH,2024,242,0.0519,12.57
560990.SH,2025,243,0.0116,2.82
560990.SH,2026,177,0.0172,3.04
159617.SZ,2022,126,0.0931,11.73
159617.SZ,2023,242,0.0266,6.43
159617.SZ,2024,242,0.0277,6.71
159617.SZ,2025,242,0.0085,2.05
159617.SZ,2026,177,0.0184,3.26
159603.SZ,2022,142,0.1664,23.62
159603.SZ,2023,242,0.0561,13.58
159603.SZ,2024,242,0.1268,30.69
159603.SZ,2025,243,0.1315,31.95
159603.SZ,2026,177,0.1751,30.99
560900.SH,2022,145,0.0288,4.18
560900.SH,2023,242,0.0371,8.97
560900.SH,2024,242,0.0383,9.27
560900.SH,2025,243,0.0854,20.76
560900.SH,2026,177,0.1508,26.7
588100.SH,2022,149,0.81,120.69
588100.SH,2023,242,0.655,158.52
588100.SH,2024,242,0.3495,84.58
588100.SH,2025,243,0.3457,84.0
588100.SH,2026,177,0.2387,42.25
588260.SH,2022,149,0.4776,71.16
588260.SH,2023,242,0.2858,69.16
588260.SH,2024,242,0.134,32.43
588260.SH,2025,243,0.0775,18.83
588260.SH,2026,177,0.0524,9.27
159612.SZ,2022,154,0.2408,37.08
159612.SZ,2023,242,0.2326,56.3
159612.SZ,2024,242,0.3826,92.59
159612.SZ,2025,241,5.1316,1236.72
159612.SZ,2026,177,0.302,53.45
517990.SH,2022,155,0.0406,6.3
517990.SH,2023,242,0.018,4.36
517990.SH,2024,242,0.0141,3.42
517990.SH,2025,243,0.0186,4.52
517990.SH,2026,177,0.0209,3.69
159797.SZ,2022,158,0.096,15.16
159797.SZ,2023,242,0.0384,9.3
159797.SZ,2024,242,0.0116,2.8
159797.SZ,2025,243,0.0687,16.69
159797.SZ,2026,177,0.0611,10.81
159798.SZ,2022,161,0.1661,26.74
159798.SZ,2023,242,0.0803,19.42
159798.SZ,2024,242,0.0896,21.69
159798.SZ,2025,243,0.0884,21.48
159798.SZ,2026,177,0.1136,20.1
517850.SH,2022,158,0.1298,20.51
517850.SH,2023,242,0.0267,6.45
517850.SH,2024,242,0.0151,3.66
517850.SH,2025,243,0.0177,4.3
517850.SH,2026,177,0.0127,2.25
513380.SH,2022,160,0.4328,69.25
513380.SH,2023,242,1.0642,257.54
513380.SH,2024,242,2.2158,536.21
513380.SH,2025,243,4.9121,1193.65
513380.SH,2026,177,3.0634,542.22
561560.SH,2022,158,0.3414,53.94
561560.SH,2023,242,0.2764,66.89
561560.SH,2024,242,0.2137,51.71
561560.SH,2025,243,0.4814,116.97
561560.SH,2026,177,1.145,202.67
159625.SZ,2022,166,0.5479,90.95
159625.SZ,2023,242,0.3278,79.32
159625.SZ,2024,242,0.1828,44.24
159625.SZ,2025,243,0.2079,50.52
159625.SZ,2026,177,0.9714,171.94
159618.SZ,2022,171,0.2262,38.68
159618.SZ,2023,242,0.0831,20.1
159618.SZ,2024,242,0.0475,11.49
159618.SZ,2025,243,0.0418,10.15
159618.SZ,2026,177,0.0467,8.27
513530.SH,2022,170,0.3751,63.76
513530.SH,2023,242,0.222,53.72
513530.SH,2024,242,0.6779,164.04
513530.SH,2025,243,0.8425,204.72
513530.SH,2026,177,2.0293,359.19
560880.SH,2022,179,0.1926,34.47
560880.SH,2023,242,0.1872,45.31
560880.SH,2024,242,0.2005,48.53
560880.SH,2025,243,0.2042,49.63
560880.SH,2026,177,0.1832,32.43
159831.SZ,2022,182,0.1592,28.98
159831.SZ,2023,242,0.0608,14.71
159831.SZ,2024,242,0.092,22.26
159831.SZ,2025,243,0.3607,87.64
159831.SZ,2026,177,0.8498,150.41
517900.SH,2022,189,0.0238,4.49
517900.SH,2023,242,0.0048,1.16
517900.SH,2024,242,0.0218,5.27
517900.SH,2025,243,0.3519,85.51
517900.SH,2026,177,0.3439,60.87
513070.SH,2022,190,0.1528,29.04
513070.SH,2023,242,0.1772,42.87
513070.SH,2024,242,0.1507,36.47
513070.SH,2025,243,0.3764,91.48
513070.SH,2026,177,1.2076,213.75
562520.SH,2022,192,0.0409,7.85
562520.SH,2023,242,0.0259,6.26
562520.SH,2024,242,0.0348,8.42
562520.SH,2025,243,0.0251,6.11
562520.SH,2026,177,0.055,9.74
159776.SZ,2022,189,0.617,116.61
159776.SZ,2023,242,0.699,169.16
159776.SZ,2024,242,0.2574,62.29
159776.SZ,2025,243,0.5432,132.0
159776.SZ,2026,177,0.2707,47.92
159787.SZ,2022,197,0.0534,10.51
159787.SZ,2023,242,0.0392,9.48
159787.SZ,2024,242,0.024,5.81
159787.SZ,2025,243,0.0692,16.82
159787.SZ,2026,177,0.0283,5.02
513320.SH,2022,193,0.5518,106.49
513320.SH,2023,242,0.2933,70.97
513320.SH,2024,242,0.0643,15.57
513320.SH,2025,243,0.7832,190.32
513320.SH,2026,177,0.1285,22.75
159796.SZ,2022,198,0.1123,22.23
159796.SZ,2023,242,0.2008,48.6
159796.SZ,2024,242,0.2102,50.88
159796.SZ,2025,243,2.0325,493.9
159796.SZ,2026,177,3.2517,575.55
159834.SZ,2022,196,0.0808,15.84
159834.SZ,2023,242,0.0184,4.45
159834.SZ,2024,242,0.0582,14.09
159834.SZ,2025,243,0.7325,177.99
159834.SZ,2026,177,1.2077,213.76
159791.SZ,2022,201,0.0295,5.93
159791.SZ,2023,242,0.0152,3.68
159791.SZ,2024,239,0.0179,4.28
159791.SZ,2025,243,0.0162,3.94
159791.SZ,2026,177,0.0189,3.35
159788.SZ,2022,206,0.0773,15.92
159788.SZ,2023,242,0.0324,7.84
159788.SZ,2024,242,0.0404,9.78
159788.SZ,2025,243,0.2425,58.93
159788.SZ,2026,177,0.1288,22.79
513770.SH,2022,214,1.9637,420.24
513770.SH,2023,242,2.1745,526.24
513770.SH,2024,242,2.6507,641.48
513770.SH,2025,243,5.9858,1454.55
513770.SH,2026,177,6.0448,1069.92
159619.SZ,2022,214,0.3149,67.4
159619.SZ,2023,242,0.3717,89.95
159619.SZ,2024,242,0.2334,56.47
159619.SZ,2025,243,0.1418,34.47
159619.SZ,2026,177,0.0549,9.73
159795.SZ,2022,218,0.0744,16.22
159795.SZ,2023,242,0.0436,10.55
159795.SZ,2024,242,0.0355,8.6
159795.SZ,2025,243,0.0348,8.45
159795.SZ,2026,177,0.0424,7.51
159768.SZ,2022,216,0.4449,96.11
159768.SZ,2023,242,0.3691,89.33
159768.SZ,2024,242,0.3887,94.07
159768.SZ,2025,243,0.3671,89.21
159768.SZ,2026,177,0.371,65.66
560100.SH,2022,216,0.2929,63.27
560100.SH,2023,242,0.1177,28.49
560100.SH,2024,242,0.1147,27.75
560100.SH,2025,243,0.0999,24.28
560100.SH,2026,177,0.1295,22.92
159750.SZ,2022,218,0.4791,104.44
159750.SZ,2023,241,0.2728,65.74
159750.SZ,2024,242,0.2558,61.9
159750.SZ,2025,243,1.2315,299.26
159750.SZ,2026,177,0.8207,145.26
561120.SH,2022,217,0.3317,71.97
561120.SH,2023,242,0.3058,74.01
561120.SH,2024,242,0.1793,43.38
561120.SH,2025,243,0.1301,31.6
561120.SH,2026,177,0.1027,18.18
159778.SZ,2022,215,0.0307,6.61
159778.SZ,2023,242,0.014,3.38
159778.SZ,2024,242,0.0235,5.7
159778.SZ,2025,243,0.0128,3.11
159778.SZ,2026,177,0.0258,4.57
513150.SH,2022,219,0.2325,50.91
513150.SH,2023,242,0.1327,32.1
513150.SH,2024,242,0.1559,37.73
513150.SH,2025,243,0.7137,173.43
513150.SH,2026,177,0.786,139.12
561100.SH,2022,222,0.1093,24.26
561100.SH,2023,242,0.1823,44.11
561100.SH,2024,242,0.1978,47.86
561100.SH,2025,243,0.3031,73.65
561100.SH,2026,177,0.5609,99.28
517550.SH,2022,222,0.0321,7.13
517550.SH,2023,242,0.0349,8.45
517550.SH,2024,242,0.0197,4.76
517550.SH,2025,243,0.0417,10.13
517550.SH,2026,177,0.0521,9.23
513020.SH,2022,222,0.6313,140.15
513020.SH,2023,242,0.6006,145.34
513020.SH,2024,242,0.5618,135.97
513020.SH,2025,243,2.253,547.47
513020.SH,2026,177,2.082,368.51
513200.SH,2022,219,0.3778,82.73
513200.SH,2023,242,1.0738,259.86
513200.SH,2024,242,1.024,247.81
513200.SH,2025,243,2.8428,690.8
513200.SH,2026,177,1.7884,316.55
159613.SZ,2022,225,0.0937,21.08
159613.SZ,2023,242,0.1004,24.31
159613.SZ,2024,242,0.0588,14.23
159613.SZ,2025,243,0.0435,10.57
159613.SZ,2026,177,0.087,15.41
159738.SZ,2022,224,0.1296,29.03
159738.SZ,2023,242,0.0549,13.28
159738.SZ,2024,242,0.0355,8.59
159738.SZ,2025,243,0.2786,67.7
159738.SZ,2026,177,0.2523,44.66
513160.SH,2022,221,0.4461,98.59
513160.SH,2023,242,0.3593,86.96
513160.SH,2024,242,0.3856,93.31
513160.SH,2025,243,6.0452,1468.97
513160.SH,2026,177,4.0493,716.72
562950.SH,2022,230,0.0626,14.39
562950.SH,2023,242,0.0586,14.17
562950.SH,2024,242,0.0628,15.19
562950.SH,2025,243,0.2287,55.58
562950.SH,2026,177,1.074,190.1
513230.SH,2022,228,0.0548,12.49
513230.SH,2023,242,0.0586,14.18
513230.SH,2024,242,0.1492,36.11
513230.SH,2025,243,0.456,110.8
513230.SH,2026,177,0.3537,62.61
159775.SZ,2022,228,0.0316,7.21
159775.SZ,2023,242,0.0281,6.79
159775.SZ,2024,242,0.0328,7.95
159775.SZ,2025,243,0.2077,50.47
159775.SZ,2026,177,0.2426,42.94
516530.SH,2022,233,0.0426,9.92
516530.SH,2023,242,0.0331,8.02
516530.SH,2024,242,0.0168,4.06
516530.SH,2025,243,0.0156,3.78
516530.SH,2026,177,0.0169,2.99
159743.SZ,2022,237,0.0266,6.31
159743.SZ,2023,242,0.0262,6.33
159743.SZ,2024,242,0.0155,3.75
159743.SZ,2025,243,0.0105,2.56
159743.SZ,2026,177,0.0143,2.53
516810.SH,2022,237,0.0641,15.2
516810.SH,2023,242,0.102,24.69
516810.SH,2024,242,0.0742,17.95
516810.SH,2025,243,0.1807,43.9
516810.SH,2026,177,0.7249,128.31
562910.SH,2022,238,0.0639,15.21
562910.SH,2023,242,0.0608,14.72
562910.SH,2024,242,0.0441,10.68
562910.SH,2025,243,0.0543,13.2
562910.SH,2026,177,0.1166,20.64
159728.SZ,2022,237,0.0291,6.9
159728.SZ,2023,242,0.035,8.48
159728.SZ,2024,240,0.0352,8.46
159728.SZ,2025,242,0.0661,15.99
159728.SZ,2026,177,0.0813,14.39
159611.SZ,2022,239,0.799,190.97
159611.SZ,2023,242,1.2624,305.49
159611.SZ,2024,242,1.1942,288.99
159611.SZ,2025,243,1.8835,457.69
159611.SZ,2026,177,5.3621,949.09
560800.SH,2022,239,0.2357,56.34
560800.SH,2023,242,0.4415,106.85
560800.SH,2024,242,0.2275,55.06
560800.SH,2025,243,0.2092,50.83
560800.SH,2026,177,0.13,23.01
562510.SH,2021,2,0.6448,1.29
562510.SH,2022,242,0.3656,88.47
562510.SH,2023,242,0.5011,121.27
562510.SH,2024,242,0.4273,103.4
562510.SH,2025,243,0.5471,132.95
562510.SH,2026,177,0.5258,93.06
562300.SH,2022,241,0.0647,15.58
562300.SH,2023,242,0.0304,7.37
562300.SH,2024,242,0.0223,5.39
562300.SH,2025,243,0.0063,1.52
562300.SH,2026,177,0.0088,1.56
159758.SZ,2021,4,0.1928,0.77
159758.SZ,2022,242,0.0203,4.91
159758.SZ,2023,242,0.0395,9.56
159758.SZ,2024,242,0.13,31.46
159758.SZ,2025,243,0.2692,65.42
159758.SZ,2026,177,0.9278,164.22
159719.SZ,2021,4,0.4302,1.72
159719.SZ,2022,239,0.0029,0.7
159719.SZ,2023,241,0.1212,29.22
159719.SZ,2024,242,0.2132,51.6
159719.SZ,2025,243,0.0934,22.7
159719.SZ,2026,177,0.0567,10.03
562500.SH,2021,3,0.38,1.14
562500.SH,2022,242,0.0949,22.97
562500.SH,2023,242,0.4118,99.65
562500.SH,2024,242,1.1253,272.33
562500.SH,2025,243,11.3516,2758.45
562500.SH,2026,177,9.4427,1671.36
517180.SH,2021,4,0.4708,1.88
517180.SH,2022,242,0.0538,13.02
517180.SH,2023,242,0.4637,112.22
517180.SH,2024,242,0.6875,166.38
517180.SH,2025,243,0.2706,65.76
517180.SH,2026,177,0.1115,19.73
517090.SH,2021,4,0.5475,2.19
517090.SH,2022,242,0.05,12.1
517090.SH,2023,242,0.2818,68.2
517090.SH,2024,242,0.3151,76.26
517090.SH,2025,243,0.1405,34.15
517090.SH,2026,177,0.0834,14.76
159606.SZ,2021,3,0.3476,1.04
159606.SZ,2022,242,0.1888,45.68
159606.SZ,2023,242,0.073,17.66
159606.SZ,2024,242,0.0993,24.04
159606.SZ,2025,243,0.0897,21.81
159606.SZ,2026,177,0.1486,26.31
513890.SH,2022,229,0.3672,84.09
513890.SH,2023,242,0.5563,134.63
513890.SH,2024,242,0.6229,150.74
513890.SH,2025,243,1.2116,294.42
513890.SH,2026,177,0.6443,114.04
159711.SZ,2021,4,0.3521,1.41
159711.SZ,2022,242,0.0416,10.07
159711.SZ,2023,242,0.0088,2.13
159711.SZ,2024,241,0.0174,4.2
159711.SZ,2025,243,0.1572,38.2
159711.SZ,2026,177,0.2778,49.18
159718.SZ,2021,4,0.4994,2.0
159718.SZ,2022,242,0.0696,16.84
159718.SZ,2023,242,0.1262,30.53
159718.SZ,2024,242,0.2647,64.06
159718.SZ,2025,243,0.7922,192.51
159718.SZ,2026,177,0.3546,62.76
159701.SZ,2021,7,0.2283,1.6
159701.SZ,2022,242,0.0189,4.58
159701.SZ,2023,241,0.0416,10.03
159701.SZ,2024,242,0.0368,8.92
159701.SZ,2025,243,0.0205,4.98
159701.SZ,2026,177,0.0174,3.08
516350.SH,2021,7,0.2915,2.04
516350.SH,2022,242,0.0835,20.2
516350.SH,2023,242,0.1252,30.31
516350.SH,2024,242,0.3562,86.19
516350.SH,2025,243,0.4258,103.48
516350.SH,2026,177,1.5841,280.39
159608.SZ,2021,7,0.4262,2.98
159608.SZ,2022,242,0.2337,56.55
159608.SZ,2023,242,0.1313,31.78
159608.SZ,2024,242,0.141,34.11
159608.SZ,2025,243,0.4632,112.56
159608.SZ,2026,177,2.057,364.09
159730.SZ,2021,6,0.3802,2.28
159730.SZ,2022,242,0.0896,21.68
159730.SZ,2023,242,0.0591,14.31
159730.SZ,2024,242,0.0631,15.28
159730.SZ,2025,243,0.0364,8.85
159730.SZ,2026,176,0.0169,2.97
159610.SZ,2022,238,0.9361,222.79
159610.SZ,2023,242,0.2446,59.19
159610.SZ,2024,242,0.2462,59.59
159610.SZ,2025,243,0.1282,31.14
159610.SZ,2026,177,0.117,20.72
517390.SH,2021,7,0.2917,2.04
517390.SH,2022,242,0.0809,19.57
517390.SH,2023,242,0.0417,10.1
517390.SH,2024,242,0.0333,8.06
517390.SH,2025,243,0.2162,52.53
517390.SH,2026,177,0.1269,22.47
159751.SZ,2021,4,0.281,1.12
159751.SZ,2022,242,0.085,20.57
159751.SZ,2023,242,0.0475,11.49
159751.SZ,2024,242,0.2314,56.0
159751.SZ,2025,243,1.6473,400.29
159751.SZ,2026,177,0.5697,100.84
588150.SH,2021,10,0.2234,2.23
588150.SH,2022,242,0.0684,16.56
588150.SH,2023,242,0.1548,37.47
588150.SH,2024,242,0.1859,45.0
588150.SH,2025,243,0.2247,54.6
588150.SH,2026,177,0.4133,73.16
159706.SZ,2021,10,0.1735,1.74
159706.SZ,2022,242,0.0627,15.16
159706.SZ,2023,242,0.0435,10.52
159706.SZ,2024,242,0.0296,7.16
159706.SZ,2025,243,0.0216,5.25
159706.SZ,2026,177,0.037,6.55
159760.SZ,2021,10,0.279,2.79
159760.SZ,2022,242,0.1444,34.94
159760.SZ,2023,242,0.0933,22.58
159760.SZ,2024,242,0.0404,9.77
159760.SZ,2025,243,0.0192,4.67
159760.SZ,2026,177,0.0166,2.93
159731.SZ,2021,16,0.1496,2.39
159731.SZ,2022,242,0.0256,6.2
159731.SZ,2023,242,0.0171,4.14
159731.SZ,2024,241,0.0087,2.1
159731.SZ,2025,243,0.0345,8.39
159731.SZ,2026,177,1.1326,200.47
561550.SH,2021,16,1.8697,29.92
561550.SH,2022,242,1.8099,437.99
561550.SH,2023,242,0.3208,77.63
561550.SH,2024,242,0.2942,71.19
561550.SH,2025,243,0.3073,74.68
561550.SH,2026,177,0.6359,112.55
561990.SH,2021,16,2.3833,38.13
561990.SH,2022,242,1.3442,325.3
561990.SH,2023,242,0.6742,163.17
561990.SH,2024,242,0.4686,113.4
561990.SH,2025,243,0.3209,77.97
561990.SH,2026,177,0.2649,46.88
562900.SH,2021,15,0.1999,3.0
562900.SH,2022,242,0.159,38.48
562900.SH,2023,242,0.1362,32.95
562900.SH,2024,242,0.0893,21.6
562900.SH,2025,243,0.092,22.35
562900.SH,2026,177,0.1395,24.68
561300.SH,2021,16,5.3387,85.42
561300.SH,2022,242,3.3687,815.22
561300.SH,2023,242,0.576,139.39
561300.SH,2024,242,0.7021,169.92
561300.SH,2025,243,0.4853,117.93
561300.SH,2026,177,0.3184,56.35
517330.SH,2022,241,0.0191,4.61
517330.SH,2023,241,0.0169,4.08
517330.SH,2024,240,0.0104,2.5
517330.SH,2025,242,0.0024,0.57
517330.SH,2026,177,0.004,0.7
517160.SH,2022,241,0.0197,4.75
517160.SH,2023,242,0.0165,3.98
517160.SH,2024,240,0.0129,3.09
517160.SH,2025,242,0.0029,0.7
517160.SH,2026,177,0.0049,0.87
517770.SH,2021,21,0.2992,6.28
517770.SH,2022,242,0.0456,11.05
517770.SH,2023,242,0.0218,5.28
517770.SH,2024,242,0.0273,6.62
517770.SH,2025,243,0.0435,10.57
517770.SH,2026,177,0.1675,29.64
159607.SZ,2021,22,0.478,10.52
159607.SZ,2022,242,2.8181,681.99
159607.SZ,2023,242,4.8642,1177.14
159607.SZ,2024,242,3.4274,829.44
159607.SZ,2025,243,2.6576,645.81
159607.SZ,2026,177,1.3762,243.59
159605.SZ,2021,22,1.9959,43.91
159605.SZ,2022,242,9.8935,2394.22
159605.SZ,2023,242,12.2134,2955.65
159605.SZ,2024,242,10.0773,2438.7
159605.SZ,2025,243,7.1835,1745.59
159605.SZ,2026,177,3.2899,582.31
159761.SZ,2021,15,0.2952,4.43
159761.SZ,2022,242,0.2018,48.84
159761.SZ,2023,242,0.1882,45.55
159761.SZ,2024,242,0.113,27.34
159761.SZ,2025,243,0.0874,21.25
159761.SZ,2026,177,0.1321,23.39
159748.SZ,2021,21,0.1359,2.85
159748.SZ,2022,242,0.1063,25.72
159748.SZ,2023,242,0.1176,28.45
159748.SZ,2024,242,0.0561,13.58
159748.SZ,2025,243,0.1969,47.84
159748.SZ,2026,177,0.5881,104.1
588310.SH,2021,22,0.0664,1.46
588310.SH,2022,242,0.0042,1.01
588310.SH,2023,242,0.0054,1.3
588310.SH,2024,242,0.0302,7.31
588310.SH,2025,243,0.0316,7.67
588310.SH,2026,177,0.0283,5.02
159779.SZ,2021,26,0.1621,4.21
159779.SZ,2022,242,0.0226,5.48
159779.SZ,2023,242,0.0452,10.93
159779.SZ,2024,242,0.0562,13.6
159779.SZ,2025,243,0.1085,26.36
159779.SZ,2026,177,0.1451,25.68
517880.SH,2021,23,0.1731,3.98
517880.SH,2022,242,0.0552,13.36
517880.SH,2023,242,0.0667,16.14
517880.SH,2024,242,0.0501,12.13
517880.SH,2025,242,0.0226,5.47
517880.SH,2026,177,0.0389,6.88
159896.SZ,2021,28,0.2176,6.09
159896.SZ,2022,242,0.1033,25.0
159896.SZ,2023,242,0.0338,8.17
159896.SZ,2024,240,0.0252,6.05
159896.SZ,2025,243,0.0335,8.15
159896.SZ,2026,177,0.0344,6.08
159726.SZ,2021,29,0.1264,3.66
159726.SZ,2022,242,0.1501,36.32
159726.SZ,2023,242,0.0363,8.79
159726.SZ,2024,242,0.3297,79.79
159726.SZ,2025,243,0.2435,59.18
159726.SZ,2026,177,0.1811,32.05
561310.SH,2021,27,0.1934,5.22
561310.SH,2022,242,0.0957,23.16
561310.SH,2023,242,0.0907,21.94
561310.SH,2024,242,0.0754,18.25
561310.SH,2025,243,0.0451,10.95
561310.SH,2026,177,0.0866,15.32
159793.SZ,2021,28,0.0894,2.5
159793.SZ,2022,242,0.0058,1.4
159793.SZ,2023,242,0.0048,1.16
159793.SZ,2024,241,0.0026,0.62
159793.SZ,2025,243,0.0116,2.83
159793.SZ,2026,177,0.0185,3.28
159707.SZ,2021,36,0.1288,4.64
159707.SZ,2022,242,0.3453,83.56
159707.SZ,2023,242,0.4511,109.16
159707.SZ,2024,242,0.487,117.85
159707.SZ,2025,243,0.3673,89.26
159707.SZ,2026,177,0.695,123.02
516730.SH,2021,36,0.301,10.84
516730.SH,2022,242,0.2267,54.86
516730.SH,2023,242,0.1031,24.95
516730.SH,2024,242,0.0807,19.52
516730.SH,2025,243,0.0869,21.13
516730.SH,2026,177,0.06,10.62
159739.SZ,2021,33,0.0951,3.14
159739.SZ,2022,242,0.0548,13.25
159739.SZ,2023,242,0.1571,38.03
159739.SZ,2024,242,0.1465,35.44
159739.SZ,2025,243,0.2576,62.6
159739.SZ,2026,177,0.2614,46.27
159601.SZ,2021,40,27.4299,1097.2
159601.SZ,2022,242,8.7851,2125.99
159601.SZ,2023,242,0.9831,237.91
159601.SZ,2024,242,0.9004,217.91
159601.SZ,2025,243,0.5165,125.51
159601.SZ,2026,177,0.7146,126.49
563000.SH,2021,40,23.2559,930.24
563000.SH,2022,242,8.5958,2080.19
563000.SH,2023,242,0.8974,217.16
563000.SH,2024,242,0.5765,139.52
563000.SH,2025,243,0.41,99.62
563000.SH,2026,177,0.3025,53.54
159602.SZ,2021,40,10.1136,404.54
159602.SZ,2022,242,1.765,427.14
159602.SZ,2023,242,0.2201,53.27
159602.SZ,2024,242,0.1561,37.77
159602.SZ,2025,243,0.1536,37.31
159602.SZ,2026,177,0.1581,27.98
560050.SH,2021,40,16.1387,645.55
560050.SH,2022,242,6.542,1583.17
560050.SH,2023,242,1.8746,453.65
560050.SH,2024,242,1.2898,312.14
560050.SH,2025,243,0.6801,165.25
560050.SH,2026,177,0.8317,147.21
516750.SH,2021,41,0.0998,4.09
516750.SH,2022,242,0.2282,55.24
516750.SH,2023,242,0.2641,63.91
516750.SH,2024,242,0.1384,33.5
516750.SH,2025,243,0.287,69.75
516750.SH,2026,177,0.1195,21.15
159712.SZ,2021,37,0.2343,8.67
159712.SZ,2022,242,0.1666,40.31
159712.SZ,2023,242,0.0355,8.6
159712.SZ,2024,242,0.0293,7.08
159712.SZ,2025,243,0.305,74.11
159712.SZ,2026,177,0.2129,37.69
159862.SZ,2021,40,0.1223,4.89
159862.SZ,2022,242,0.0311,7.53
159862.SZ,2023,242,0.0219,5.3
159862.SZ,2024,241,0.0274,6.6
159862.SZ,2025,243,0.0393,9.56
159862.SZ,2026,176,0.0531,9.35
159770.SZ,2021,40,0.2537,10.15
159770.SZ,2022,242,0.1243,30.08
159770.SZ,2023,242,0.1141,27.61
159770.SZ,2024,242,0.3365,81.43
159770.SZ,2025,243,3.2822,797.57
159770.SZ,2026,177,2.6177,463.33
159877.SZ,2021,43,0.1691,7.27
159877.SZ,2022,242,0.0882,21.35
159877.SZ,2023,242,0.0246,5.95
159877.SZ,2024,241,0.0267,6.44
159877.SZ,2025,243,0.0227,5.52
159877.SZ,2026,177,0.0204,3.61
516620.SH,2021,41,0.1407,5.77
516620.SH,2022,242,0.0917,22.19
516620.SH,2023,242,0.1578,38.19
516620.SH,2024,242,0.1485,35.94
516620.SH,2025,243,0.1457,35.4
516620.SH,2026,177,0.438,77.53
159895.SZ,2021,52,0.0978,5.08
159895.SZ,2022,242,0.0636,15.39
159895.SZ,2023,242,0.0308,7.44
159895.SZ,2024,237,0.0078,1.84
159895.SZ,2025,243,0.0104,2.52
159895.SZ,2026,177,0.0305,5.41
588280.SH,2021,46,0.5091,23.42
588280.SH,2022,242,0.1733,41.94
588280.SH,2023,242,0.0767,18.55
588280.SH,2024,242,0.22,53.25
588280.SH,2025,243,0.2131,51.78
588280.SH,2026,177,0.2827,50.04
517660.SH,2021,50,0.1327,6.64
517660.SH,2022,242,0.0893,21.61
517660.SH,2023,242,0.0808,19.56
517660.SH,2024,242,0.0495,11.98
517660.SH,2025,243,0.0108,2.61
517660.SH,2026,177,0.0204,3.62
159892.SZ,2021,54,0.1139,6.15
159892.SZ,2022,242,0.8586,207.79
159892.SZ,2023,242,2.7246,659.34
159892.SZ,2024,242,3.5186,851.51
159892.SZ,2025,243,9.8866,2402.43
159892.SZ,2026,177,8.59,1520.43
516130.SH,2021,58,0.1875,10.87
516130.SH,2022,242,0.062,15.01
516130.SH,2023,242,0.0532,12.89
516130.SH,2024,242,0.0462,11.19
516130.SH,2025,243,0.0571,13.89
516130.SH,2026,177,0.1146,20.28
159777.SZ,2021,55,0.0425,2.34
159777.SZ,2022,242,0.0037,0.88
159777.SZ,2023,242,0.0016,0.38
159777.SZ,2024,240,0.1134,27.23
159777.SZ,2025,243,0.0408,9.92
159777.SZ,2026,177,0.0373,6.61
159723.SZ,2021,56,0.0467,2.61
159723.SZ,2022,242,0.0305,7.38
159723.SZ,2023,242,0.0261,6.32
159723.SZ,2024,241,0.0323,7.78
159723.SZ,2025,243,0.0288,7.0
159723.SZ,2026,177,0.0175,3.09
561130.SH,2021,55,0.3453,18.99
561130.SH,2022,242,0.2373,57.42
561130.SH,2023,242,0.1495,36.17
561130.SH,2024,242,0.1429,34.58
561130.SH,2025,243,0.0956,23.23
561130.SH,2026,177,0.1232,21.8
516860.SH,2021,60,0.092,5.52
516860.SH,2022,242,0.0977,23.64
516860.SH,2023,242,0.1306,31.62
516860.SH,2024,242,0.4288,103.76
516860.SH,2025,243,1.4706,357.36
516860.SH,2026,177,0.721,127.62
159773.SZ,2021,61,0.1316,8.03
159773.SZ,2022,242,0.0822,19.88
159773.SZ,2023,242,0.0334,8.08
159773.SZ,2024,242,0.1553,37.57
159773.SZ,2025,243,0.0872,21.19
159773.SZ,2026,177,0.0842,14.91
562360.SH,2021,56,0.1496,8.38
562360.SH,2022,242,0.0641,15.52
562360.SH,2023,242,0.0553,13.37
562360.SH,2024,242,0.0497,12.02
562360.SH,2025,243,0.3202,77.82
562360.SH,2026,177,0.235,41.59
510770.SH,2021,64,0.0535,3.43
510770.SH,2022,241,0.0046,1.11
510770.SH,2023,242,0.0106,2.58
510770.SH,2024,242,0.0237,5.74
510770.SH,2025,243,0.0136,3.3
510770.SH,2026,177,0.0355,6.28
159717.SZ,2021,63,0.0742,4.68
159717.SZ,2022,242,0.0053,1.29
159717.SZ,2023,241,0.0053,1.27
159717.SZ,2024,241,0.026,6.27
159717.SZ,2025,243,0.0091,2.2
159717.SZ,2026,177,0.0156,2.75
159792.SZ,2021,64,0.3467,22.19
159792.SZ,2022,242,2.6193,633.87
159792.SZ,2023,242,5.8351,1412.1
159792.SZ,2024,242,7.8685,1904.18
159792.SZ,2025,243,25.0561,6088.62
159792.SZ,2026,177,23.1887,4104.4
517030.SH,2021,65,0.0536,3.48
517030.SH,2022,241,0.0106,2.55
517030.SH,2023,242,0.0136,3.3
517030.SH,2024,242,0.0163,3.94
517030.SH,2025,243,0.0083,2.03
517030.SH,2026,177,0.0058,1.02
562800.SH,2021,65,0.3853,25.05
562800.SH,2022,242,0.6634,160.54
562800.SH,2023,242,0.581,140.6
562800.SH,2024,242,0.3593,86.96
562800.SH,2025,243,1.1659,283.32
562800.SH,2026,177,4.177,739.33
159736.SZ,2021,65,0.3759,24.43
159736.SZ,2022,242,0.3194,77.29
159736.SZ,2023,242,0.333,80.58
159736.SZ,2024,242,0.2429,58.78
159736.SZ,2025,243,0.1936,47.05
159736.SZ,2026,177,0.2575,45.58
516190.SH,2021,69,0.0405,2.79
516190.SH,2022,242,0.0125,3.01
516190.SH,2023,242,0.0338,8.17
516190.SH,2024,242,0.0377,9.12
516190.SH,2025,243,0.044,10.68
516190.SH,2026,177,0.2808,49.7
517110.SH,2021,62,0.2429,15.06
517110.SH,2022,242,0.15,36.29
517110.SH,2023,242,0.0635,15.36
517110.SH,2024,242,0.0273,6.62
517110.SH,2025,243,0.0884,21.49
517110.SH,2026,177,0.2755,48.76
516560.SH,2021,70,0.0954,6.68
516560.SH,2022,242,0.0246,5.94
516560.SH,2023,242,0.0186,4.51
516560.SH,2024,242,0.028,6.78
516560.SH,2025,243,0.0441,10.72
516560.SH,2026,177,0.0386,6.83
516210.SH,2021,66,0.1524,10.06
516210.SH,2022,242,0.0945,22.87
516210.SH,2023,242,0.0891,21.55
516210.SH,2024,242,0.0854,20.66
516210.SH,2025,243,0.1008,24.49
516210.SH,2026,177,0.1214,21.49
159889.SZ,2021,75,0.2703,20.27
159889.SZ,2022,242,0.2052,49.66
159889.SZ,2023,242,0.044,10.65
159889.SZ,2024,242,0.0364,8.8
159889.SZ,2025,243,0.0374,9.09
159889.SZ,2026,176,0.0259,4.56
159715.SZ,2021,74,0.4498,33.28
159715.SZ,2022,242,0.3118,75.45
159715.SZ,2023,242,0.1304,31.56
159715.SZ,2024,242,0.0921,22.28
159715.SZ,2025,243,0.4204,102.15
159715.SZ,2026,177,0.965,170.81
561600.SH,2021,75,0.0605,4.54
561600.SH,2022,242,0.0179,4.32
561600.SH,2023,242,0.0364,8.8
561600.SH,2024,242,0.0973,23.55
561600.SH,2025,243,0.2802,68.09
561600.SH,2026,177,0.28,49.55
560560.SH,2021,73,0.3814,27.84
560560.SH,2022,242,0.1505,36.42
560560.SH,2023,242,0.066,15.98
560560.SH,2024,242,0.0315,7.62
560560.SH,2025,243,0.0216,5.25
560560.SH,2026,177,0.011,1.95
516630.SH,2021,79,0.0382,3.02
516630.SH,2022,242,0.0394,9.54
516630.SH,2023,242,0.0963,23.29
516630.SH,2024,242,0.1106,26.76
516630.SH,2025,243,0.3326,80.82
516630.SH,2026,177,0.6228,110.23
159763.SZ,2021,73,0.0548,4.0
159763.SZ,2022,242,0.0045,1.09
159763.SZ,2023,242,0.0056,1.37
159763.SZ,2024,242,0.0062,1.5
159763.SZ,2025,243,0.0159,3.85
159763.SZ,2026,177,0.0607,10.74
588390.SH,2021,83,0.2678,22.23
588390.SH,2022,242,0.1761,42.62
588390.SH,2023,242,0.1202,29.09
588390.SH,2024,242,0.1132,27.4
588390.SH,2025,243,0.1236,30.05
588390.SH,2026,177,0.1091,19.31
516640.SH,2021,84,0.3258,27.36
516640.SH,2022,242,0.4153,100.51
516640.SH,2023,242,0.5887,142.47
516640.SH,2024,242,0.4636,112.19
516640.SH,2025,243,0.6897,167.59
516640.SH,2026,177,1.6698,295.56
561350.SH,2021,81,0.7175,58.12
561350.SH,2022,242,0.6384,154.5
561350.SH,2023,242,0.5812,140.66
561350.SH,2024,242,0.4121,99.73
561350.SH,2025,243,0.2643,64.22
561350.SH,2026,177,0.2913,51.57
516790.SH,2021,88,0.1565,13.77
516790.SH,2022,242,0.0942,22.8
516790.SH,2023,242,0.037,8.95
516790.SH,2024,242,0.0335,8.1
516790.SH,2025,243,0.0301,7.31
516790.SH,2026,177,0.0354,6.27
159732.SZ,2021,88,0.0952,8.38
159732.SZ,2022,242,0.0647,15.65
159732.SZ,2023,242,0.1975,47.79
159732.SZ,2024,242,0.8646,209.24
159732.SZ,2025,243,2.051,498.4
159732.SZ,2026,177,3.4631,612.98
561800.SH,2021,87,0.1958,17.03
561800.SH,2022,242,0.0574,13.9
561800.SH,2023,242,0.0239,5.79
561800.SH,2024,242,0.0265,6.42
561800.SH,2025,243,0.1113,27.04
561800.SH,2026,177,0.2988,52.9
159875.SZ,2021,92,0.3273,30.11
159875.SZ,2022,242,0.4648,112.49
159875.SZ,2023,242,0.5857,141.74
159875.SZ,2024,242,0.4207,101.81
159875.SZ,2025,243,0.6638,161.31
159875.SZ,2026,177,0.9982,176.68
516290.SH,2021,88,0.2127,18.72
516290.SH,2022,242,0.1399,33.85
516290.SH,2023,242,0.0818,19.79
516290.SH,2024,242,0.0853,20.64
516290.SH,2025,243,0.2685,65.25
516290.SH,2026,177,0.3038,53.77
159767.SZ,2021,88,0.1627,14.32
159767.SZ,2022,242,0.0673,16.29
159767.SZ,2023,242,0.0376,9.09
159767.SZ,2024,242,0.0293,7.09
159767.SZ,2025,243,0.1486,36.11
159767.SZ,2026,177,0.0993,17.57
159840.SZ,2021,89,0.5306,47.22
159840.SZ,2022,242,0.8431,204.02
159840.SZ,2023,242,0.9427,228.14
159840.SZ,2024,242,0.585,141.57
159840.SZ,2025,243,0.873,212.15
159840.SZ,2026,177,1.1657,206.33
159713.SZ,2021,93,0.4274,39.75
159713.SZ,2022,242,0.3978,96.27
159713.SZ,2023,242,0.261,63.16
159713.SZ,2024,242,0.1985,48.03
159713.SZ,2025,243,0.8953,217.55
159713.SZ,2026,177,1.0844,191.94
516930.SH,2021,91,0.0546,4.97
516930.SH,2022,242,0.0324,7.85
516930.SH,2023,242,0.0221,5.35
516930.SH,2024,242,0.0113,2.72
516930.SH,2025,243,0.0088,2.13
516930.SH,2026,177,0.0091,1.61
560660.SH,2021,86,0.0243,2.09
560660.SH,2022,242,0.0116,2.81
560660.SH,2023,242,0.0282,6.81
560660.SH,2024,242,0.0421,10.19
560660.SH,2025,243,0.1364,33.15
560660.SH,2026,177,0.1328,23.5
516710.SH,2021,92,0.0751,6.91
516710.SH,2022,242,0.0504,12.2
516710.SH,2023,242,0.0309,7.49
516710.SH,2024,242,0.0285,6.9
516710.SH,2025,243,0.0208,5.06
516710.SH,2026,177,0.038,6.72
517800.SH,2021,85,0.0268,2.28
517800.SH,2022,242,0.0066,1.59
517800.SH,2023,242,0.0242,5.86
517800.SH,2024,242,0.053,12.84
517800.SH,2025,243,0.1575,38.26
517800.SH,2026,177,0.1333,23.59
560500.SH,2021,81,0.0992,8.03
560500.SH,2022,242,0.0363,8.8
560500.SH,2023,242,0.0422,10.21
560500.SH,2024,242,0.0854,20.66
560500.SH,2025,243,0.0529,12.85
560500.SH,2026,177,0.0412,7.3
561910.SH,2021,95,0.3122,29.66
561910.SH,2022,242,0.3237,78.33
561910.SH,2023,242,0.3536,85.56
561910.SH,2024,242,0.2378,57.55
561910.SH,2025,243,1.7446,423.93
561910.SH,2026,177,1.7494,309.65
517010.SH,2021,95,0.0358,3.4
517010.SH,2022,242,0.0053,1.28
517010.SH,2023,242,0.0204,4.93
517010.SH,2024,241,0.0135,3.26
517010.SH,2025,243,0.017,4.13
517010.SH,2026,177,0.0238,4.22
513590.SH,2021,90,0.0514,4.63
513590.SH,2022,242,0.0269,6.5
513590.SH,2023,242,0.0206,4.98
513590.SH,2024,242,0.0888,21.49
513590.SH,2025,243,0.9258,224.98
513590.SH,2026,177,0.0816,14.45
159790.SZ,2021,99,2.8151,278.69
159790.SZ,2022,242,1.5148,366.57
159790.SZ,2023,242,0.7385,178.71
159790.SZ,2024,242,0.3282,79.43
159790.SZ,2025,243,0.3681,89.44
159790.SZ,2026,177,0.3406,60.28
159786.SZ,2021,99,0.165,16.34
159786.SZ,2022,242,0.1839,44.51
159786.SZ,2023,242,0.1908,46.16
159786.SZ,2024,242,0.0683,16.52
159786.SZ,2025,243,0.0984,23.91
159786.SZ,2026,177,0.1713,30.31
159864.SZ,2021,97,0.6785,65.81
159864.SZ,2022,242,0.5281,127.79
159864.SZ,2023,242,0.333,80.59
159864.SZ,2024,242,0.2136,51.69
159864.SZ,2025,243,0.211,51.27
159864.SZ,2026,177,0.2745,48.58
517380.SH,2021,98,0.1381,13.54
517380.SH,2022,242,0.0758,18.35
517380.SH,2023,242,0.0714,17.28
517380.SH,2024,242,0.0511,12.36
517380.SH,2025,243,0.2271,55.18
517380.SH,2026,177,0.6015,106.46
516920.SH,2021,93,0.1481,13.77
516920.SH,2022,242,0.0844,20.42
516920.SH,2023,242,0.1255,30.37
516920.SH,2024,242,0.1422,34.41
516920.SH,2025,243,0.2951,71.71
516920.SH,2026,177,0.5384,95.29
159838.SZ,2021,104,0.0689,7.17
159838.SZ,2022,242,0.043,10.41
159838.SZ,2023,242,0.0741,17.94
159838.SZ,2024,242,0.047,11.37
159838.SZ,2025,243,0.0411,9.98
159838.SZ,2026,177,0.0358,6.33
516720.SH,2021,94,0.2539,23.87
516720.SH,2022,242,0.1351,32.69
516720.SH,2023,242,0.0749,18.13
516720.SH,2024,242,0.0266,6.43
516720.SH,2025,236,0.0104,2.44
516720.SH,2026,177,0.0036,0.64
516260.SH,2021,103,0.0672,6.92
516260.SH,2022,242,0.006,1.46
516260.SH,2023,242,0.0099,2.39
516260.SH,2024,242,0.0133,3.21
516260.SH,2025,243,0.0161,3.91
516260.SH,2026,177,0.0177,3.14
159757.SZ,2021,98,0.5466,53.57
159757.SZ,2022,242,0.5739,138.88
159757.SZ,2023,242,0.3123,75.57
159757.SZ,2024,242,0.1433,34.68
159757.SZ,2025,243,0.2098,50.99
159757.SZ,2026,177,0.1883,33.32
159752.SZ,2021,106,0.1509,15.99
159752.SZ,2022,242,0.0813,19.68
159752.SZ,2023,242,0.1063,25.71
159752.SZ,2024,242,0.1061,25.68
159752.SZ,2025,243,0.1248,30.33
159752.SZ,2026,177,0.1448,25.63
516580.SH,2021,108,0.1316,14.22
516580.SH,2022,242,0.0735,17.78
516580.SH,2023,242,0.091,22.02
516580.SH,2024,242,0.0702,17.0
516580.SH,2025,243,0.0362,8.8
516580.SH,2026,177,0.0329,5.82
159766.SZ,2021,109,0.2557,27.87
159766.SZ,2022,242,1.8326,443.5
159766.SZ,2023,242,1.5672,379.27
159766.SZ,2024,242,1.0127,245.07
159766.SZ,2025,243,2.0238,491.78
159766.SZ,2026,177,2.5527,451.82
588060.SH,2021,105,0.0866,9.1
588060.SH,2022,242,0.1037,25.09
588060.SH,2023,242,0.6875,166.38
588060.SH,2024,242,2.4404,590.58
588060.SH,2025,243,2.4123,586.19
588060.SH,2026,177,3.9502,699.18
513700.SH,2021,99,0.1116,11.05
513700.SH,2022,242,0.2477,59.94
513700.SH,2023,242,0.708,171.33
513700.SH,2024,242,0.6049,146.4
513700.SH,2025,243,2.0843,506.49
513700.SH,2026,177,1.3116,232.16
516100.SH,2021,109,0.0283,3.08
516100.SH,2022,242,0.0166,4.03
516100.SH,2023,242,0.0358,8.66
516100.SH,2024,242,0.1676,40.55
516100.SH,2025,243,0.5542,134.68
516100.SH,2026,177,0.4163,73.68
562880.SH,2021,112,0.2803,31.39
562880.SH,2022,242,0.2564,62.04
562880.SH,2023,242,0.1819,44.02
562880.SH,2024,242,0.0926,22.41
562880.SH,2025,243,0.3485,84.68
562880.SH,2026,177,0.4142,73.31
516270.SH,2021,109,0.1774,19.34
516270.SH,2022,242,0.1046,25.31
516270.SH,2023,242,0.1217,29.44
516270.SH,2024,242,0.1111,26.89
516270.SH,2025,243,0.1243,30.19
516270.SH,2026,177,0.1275,22.57
516890.SH,2021,106,0.1136,12.04
516890.SH,2022,242,0.0434,10.5
516890.SH,2023,242,0.0194,4.69
516890.SH,2024,242,0.0157,3.79
516890.SH,2025,243,0.0124,3.01
516890.SH,2026,177,0.0129,2.29
159729.SZ,2021,111,0.0306,3.4
159729.SZ,2022,242,0.0148,3.58
159729.SZ,2023,242,0.0152,3.68
159729.SZ,2024,242,0.0123,2.98
159729.SZ,2025,243,0.0171,4.15
159729.SZ,2026,177,0.0112,1.98
517120.SH,2021,113,0.0893,10.09
517120.SH,2022,242,0.0998,24.15
517120.SH,2023,242,0.0992,24.01
517120.SH,2024,242,0.0602,14.56
517120.SH,2025,243,0.0961,23.35
517120.SH,2026,177,0.1944,34.42
159847.SZ,2021,113,0.2345,26.49
159847.SZ,2022,242,0.179,43.33
159847.SZ,2023,242,0.1157,28.01
159847.SZ,2024,242,0.1498,36.25
159847.SZ,2025,243,0.1819,44.21
159847.SZ,2026,177,0.2566,45.42
159720.SZ,2021,112,0.3386,37.92
159720.SZ,2022,242,0.1486,35.97
159720.SZ,2023,242,0.0659,15.94
159720.SZ,2024,242,0.0224,5.42
159720.SZ,2025,243,0.0183,4.45
159720.SZ,2026,177,0.0123,2.18
561900.SH,2021,115,0.0391,4.5
561900.SH,2022,242,0.0369,8.93
561900.SH,2023,242,0.0569,13.77
561900.SH,2024,242,0.0635,15.37
561900.SH,2025,243,0.0266,6.47
561900.SH,2026,177,0.0299,5.3
159830.SZ,2021,113,0.1603,18.12
159830.SZ,2022,242,0.0524,12.68
159830.SZ,2023,242,0.0205,4.95
159830.SZ,2024,242,0.0751,18.16
159830.SZ,2025,243,0.4156,100.98
159830.SZ,2026,177,0.8437,149.34
159747.SZ,2021,116,0.2375,27.55
159747.SZ,2022,242,0.5009,121.21
159747.SZ,2023,242,0.5369,129.92
159747.SZ,2024,242,0.5723,138.5
159747.SZ,2025,243,1.686,409.7
159747.SZ,2026,177,0.7184,127.16
588360.SH,2021,122,0.5005,61.07
588360.SH,2022,242,0.4076,98.64
588360.SH,2023,242,0.3391,82.06
588360.SH,2024,242,0.2459,59.52
588360.SH,2025,243,0.271,65.84
588360.SH,2026,177,0.2823,49.96
588380.SH,2021,122,0.7579,92.46
588380.SH,2022,242,1.0589,256.25
588380.SH,2023,242,0.7528,182.18
588380.SH,2024,242,0.5213,126.16
588380.SH,2025,243,0.7231,175.7
588380.SH,2026,177,1.1163,197.59
588330.SH,2021,122,0.636,77.59
588330.SH,2022,242,0.4547,110.03
588330.SH,2023,242,0.2359,57.09
588330.SH,2024,242,0.4256,102.98
588330.SH,2025,243,0.4408,107.12
588330.SH,2026,177,0.6859,121.4
159782.SZ,2021,121,0.3558,43.05
159782.SZ,2022,242,0.1581,38.25
159782.SZ,2023,242,0.1188,28.75
159782.SZ,2024,242,0.2265,54.82
159782.SZ,2025,243,0.2405,58.43
159782.SZ,2026,177,0.3508,62.09
159781.SZ,2021,123,8.0401,988.94
159781.SZ,2022,242,3.3259,804.87
159781.SZ,2023,242,0.8595,207.99
159781.SZ,2024,242,1.283,310.49
159781.SZ,2025,243,2.0293,493.13
159781.SZ,2026,177,4.4659,790.47
588400.SH,2021,123,1.2543,154.28
588400.SH,2022,242,1.006,243.45
588400.SH,2023,242,0.5113,123.73
588400.SH,2024,242,0.3067,74.21
588400.SH,2025,243,0.3521,85.56
588400.SH,2026,177,0.427,75.57
588300.SH,2021,123,1.3797,169.71
588300.SH,2022,242,0.7011,169.67
588300.SH,2023,242,0.4245,102.74
588300.SH,2024,242,0.3349,81.05
588300.SH,2025,243,0.5218,126.79
588300.SH,2026,177,0.5876,104.0
159780.SZ,2021,123,3.6237,445.71
159780.SZ,2022,242,1.2989,314.34
159780.SZ,2023,242,0.535,129.48
159780.SZ,2024,242,0.7595,183.81
159780.SZ,2025,243,1.0821,262.94
159780.SZ,2026,177,1.438,254.52
588180.SH,2021,125,0.2508,31.35
588180.SH,2022,242,0.2615,63.29
588180.SH,2023,242,0.388,93.9
588180.SH,2024,242,0.5052,122.26
588180.SH,2025,243,0.453,110.09
588180.SH,2026,177,0.3816,67.55
516830.SH,2021,123,0.096,11.81
516830.SH,2022,242,0.0885,21.43
516830.SH,2023,242,0.1015,24.56
516830.SH,2024,242,0.0712,17.23
516830.SH,2025,243,0.0572,13.9
516830.SH,2026,177,0.0579,10.25
159783.SZ,2021,123,5.8345,717.64
159783.SZ,2022,242,2.0313,491.58
159783.SZ,2023,242,0.5396,130.58
159783.SZ,2024,242,0.6631,160.47
159783.SZ,2025,243,0.8495,206.44
159783.SZ,2026,177,2.2055,390.37
159859.SZ,2021,121,0.2755,33.34
159859.SZ,2022,242,0.2806,67.91
159859.SZ,2023,242,0.7349,177.85
159859.SZ,2024,242,0.7326,177.29
159859.SZ,2025,243,1.1092,269.54
159859.SZ,2026,177,1.5904,281.5
516970.SH,2021,123,0.895,110.08
516970.SH,2022,242,2.2181,536.78
516970.SH,2023,242,1.7076,413.25
516970.SH,2024,242,0.7956,192.54
516970.SH,2025,243,0.7337,178.29
516970.SH,2026,177,0.5687,100.65
513980.SH,2021,124,0.1547,19.18
513980.SH,2022,242,1.5031,363.75
513980.SH,2023,242,2.3548,569.87
513980.SH,2024,242,2.7261,659.71
513980.SH,2025,243,10.0983,2453.88
513980.SH,2026,177,5.8359,1032.95
159899.SZ,2021,128,0.045,5.77
159899.SZ,2022,242,0.0503,12.18
159899.SZ,2023,242,0.1995,48.29
159899.SZ,2024,242,0.1838,44.48
159899.SZ,2025,243,0.2506,60.9
159899.SZ,2026,177,0.3355,59.38
159716.SZ,2021,128,0.1056,13.52
159716.SZ,2022,242,0.0185,4.48
159716.SZ,2023,242,0.0182,4.41
159716.SZ,2024,242,0.0394,9.55
159716.SZ,2025,238,0.0223,5.31
159716.SZ,2026,177,0.0289,5.12
159709.SZ,2021,124,0.0658,8.16
159709.SZ,2022,242,0.0055,1.34
159709.SZ,2023,242,0.0036,0.88
159709.SZ,2024,242,0.004,0.97
159709.SZ,2025,243,0.0079,1.91
159709.SZ,2026,177,0.0094,1.66
159708.SZ,2021,124,0.1135,14.08
159708.SZ,2022,242,0.1066,25.79
159708.SZ,2023,242,0.163,39.45
159708.SZ,2024,242,0.1816,43.95
159708.SZ,2025,243,0.1396,33.92
159708.SZ,2026,177,0.1194,21.14
517360.SH,2021,123,0.046,5.66
517360.SH,2022,242,0.0188,4.55
517360.SH,2023,242,0.0178,4.32
517360.SH,2024,242,0.0144,3.49
517360.SH,2025,243,0.0113,2.74
517360.SH,2026,177,0.0043,0.77
510990.SH,2021,125,0.0321,4.01
510990.SH,2022,242,0.0351,8.5
510990.SH,2023,242,0.0562,13.61
510990.SH,2024,242,0.0733,17.73
510990.SH,2025,243,0.0566,13.75
510990.SH,2026,177,0.0548,9.69
159721.SZ,2021,129,0.0952,12.28
159721.SZ,2022,242,0.0319,7.72
159721.SZ,2023,242,0.016,3.86
159721.SZ,2024,242,0.0144,3.49
159721.SZ,2025,239,0.0103,2.45
159721.SZ,2026,177,0.0268,4.74
159881.SZ,2021,125,0.3187,39.83
159881.SZ,2022,242,0.2985,72.23
159881.SZ,2023,242,0.3363,81.39
159881.SZ,2024,242,0.2206,53.37
159881.SZ,2025,243,0.1109,26.95
159881.SZ,2026,177,0.2146,37.98
513860.SH,2021,124,0.12,14.88
513860.SH,2022,242,0.242,58.56
513860.SH,2023,242,0.379,91.72
513860.SH,2024,242,0.7648,185.09
513860.SH,2025,243,2.4453,594.21
513860.SH,2026,177,1.8406,325.79
561500.SH,2021,128,0.0754,9.65
561500.SH,2022,242,0.0285,6.91
561500.SH,2023,242,0.0152,3.67
561500.SH,2024,242,0.0154,3.72
561500.SH,2025,243,0.0175,4.24
561500.SH,2026,177,0.0312,5.52
159872.SZ,2021,125,0.0715,8.93
159872.SZ,2022,242,0.0278,6.74
159872.SZ,2023,242,0.0084,2.04
159872.SZ,2024,242,0.0253,6.12
159872.SZ,2025,243,0.021,5.11
159872.SZ,2026,177,0.0163,2.88
516980.SH,2021,130,0.0559,7.26
516980.SH,2022,241,0.0069,1.67
516980.SH,2023,240,0.0114,2.73
516980.SH,2024,242,0.0171,4.14
516980.SH,2025,243,0.0278,6.77
516980.SH,2026,177,0.0395,7.0
159755.SZ,2021,130,1.9805,257.47
159755.SZ,2022,242,1.417,342.91
159755.SZ,2023,242,1.8745,453.64
159755.SZ,2024,242,1.1231,271.8
159755.SZ,2025,243,5.0047,1216.15
159755.SZ,2026,177,6.2292,1102.57
159725.SZ,2021,124,0.0244,3.02
159725.SZ,2022,242,0.0067,1.63
159725.SZ,2023,242,0.0145,3.51
159725.SZ,2024,242,0.0275,6.66
159725.SZ,2025,243,0.0321,7.79
159725.SZ,2026,177,0.1214,21.49
159745.SZ,2021,134,0.4414,59.15
159745.SZ,2022,242,0.5222,126.38
159745.SZ,2023,242,0.5817,140.78
159745.SZ,2024,242,0.3904,94.47
159745.SZ,2025,243,0.6256,152.01
159745.SZ,2026,177,0.9423,166.78
516820.SH,2021,125,0.3319,41.48
516820.SH,2022,242,0.2409,58.31
516820.SH,2023,242,0.3829,92.66
516820.SH,2024,242,0.3888,94.1
516820.SH,2025,243,0.5095,123.81
516820.SH,2026,177,0.502,88.86
516650.SH,2021,133,0.0739,9.83
516650.SH,2022,242,0.0217,5.25
516650.SH,2023,242,0.0234,5.67
516650.SH,2024,242,0.058,14.04
516650.SH,2025,243,0.619,150.43
516650.SH,2026,177,3.5619,630.46
516570.SH,2021,134,0.1506,20.18
516570.SH,2022,242,0.11,26.63
516570.SH,2023,242,0.0349,8.45
516570.SH,2024,242,0.027,6.54
516570.SH,2025,243,0.0382,9.29
516570.SH,2026,177,0.6883,121.83
513360.SH,2021,135,0.3262,44.04
513360.SH,2022,242,0.9705,234.87
513360.SH,2023,242,1.0404,251.78
513360.SH,2024,242,1.503,363.72
513360.SH,2025,242,2.5555,618.43
513360.SH,2026,177,0.7563,133.87
516380.SH,2021,134,0.094,12.59
516380.SH,2022,242,0.0396,9.59
516380.SH,2023,242,0.0149,3.59
516380.SH,2024,242,0.0116,2.8
516380.SH,2025,243,0.0151,3.67
516380.SH,2026,177,0.014,2.47
516390.SH,2021,134,0.2993,40.11
516390.SH,2022,242,0.2224,53.83
516390.SH,2023,242,0.189,45.73
516390.SH,2024,242,0.1289,31.19
516390.SH,2025,243,0.1485,36.07
516390.SH,2026,177,0.0726,12.85
516910.SH,2021,138,0.1354,18.68
516910.SH,2022,242,0.2622,63.46
516910.SH,2023,242,0.2858,69.17
516910.SH,2024,242,0.1825,44.17
516910.SH,2025,243,0.1499,36.42
516910.SH,2026,177,0.2052,36.33
159898.SZ,2021,143,0.0521,7.45
159898.SZ,2022,242,0.1049,25.38
159898.SZ,2023,242,0.301,72.85
159898.SZ,2024,242,0.142,34.37
159898.SZ,2025,243,0.1539,37.41
159898.SZ,2026,177,0.198,35.05
159891.SZ,2021,137,0.0488,6.69
159891.SZ,2022,242,0.0226,5.46
159891.SZ,2023,242,0.0155,3.76
159891.SZ,2024,242,0.0187,4.52
159891.SZ,2025,243,0.0273,6.64
159891.SZ,2026,177,0.0984,17.41
516320.SH,2021,141,0.0995,14.04
516320.SH,2022,242,0.0318,7.7
516320.SH,2023,242,0.0319,7.73
516320.SH,2024,242,0.0348,8.42
516320.SH,2025,243,0.0275,6.69
516320.SH,2026,177,0.0585,10.36
159703.SZ,2021,141,0.1981,27.93
159703.SZ,2022,242,0.0687,16.62
159703.SZ,2023,242,0.0513,12.42
159703.SZ,2024,242,0.058,14.03
159703.SZ,2025,243,0.0426,10.35
159703.SZ,2026,177,0.0543,9.61
159741.SZ,2021,144,0.1565,22.54
159741.SZ,2022,242,0.4866,117.77
159741.SZ,2023,242,0.7213,174.55
159741.SZ,2024,242,0.8588,207.84
159741.SZ,2025,243,1.4631,355.54
159741.SZ,2026,177,1.2929,228.85
159735.SZ,2021,143,0.0867,12.4
159735.SZ,2022,242,0.1863,45.09
159735.SZ,2023,242,0.2508,60.7
159735.SZ,2024,242,0.2068,50.05
159735.SZ,2025,243,0.9506,230.99
159735.SZ,2026,177,0.4785,84.7
513130.SH,2021,146,1.2168,177.66
513130.SH,2022,242,8.2676,2000.76
513130.SH,2023,242,15.8796,3842.85
513130.SH,2024,242,26.8687,6502.23
513130.SH,2025,243,51.1334,12425.41
513130.SH,2026,177,41.1639,7286.01
517350.SH,2021,144,0.0362,5.21
517350.SH,2022,242,0.0197,4.76
517350.SH,2023,242,0.0118,2.84
517350.SH,2024,242,0.0111,2.68
517350.SH,2025,243,0.0182,4.41
517350.SH,2026,177,0.014,2.48
516310.SH,2021,148,0.1388,20.55
516310.SH,2022,242,0.1911,46.24
516310.SH,2023,242,0.1379,33.36
516310.SH,2024,242,0.176,42.59
516310.SH,2025,243,0.5463,132.74
516310.SH,2026,177,1.4117,249.87
513580.SH,2021,149,0.4768,71.05
513580.SH,2022,242,1.1467,277.5
513580.SH,2023,242,1.7015,411.75
513580.SH,2024,242,1.5439,373.62
513580.SH,2025,243,2.3708,576.1
513580.SH,2026,177,1.1893,210.51
513180.SH,2021,151,3.5043,529.15
513180.SH,2022,242,14.2072,3438.13
513180.SH,2023,242,21.1904,5128.09
513180.SH,2024,242,31.7266,7677.84
513180.SH,2025,243,52.2401,12694.34
513180.SH,2026,177,38.2056,6762.39
513010.SH,2021,151,1.7017,256.96
513010.SH,2022,242,3.469,839.51
513010.SH,2023,242,4.3373,1049.63
513010.SH,2024,242,6.075,1470.15
513010.SH,2025,243,12.539,3046.98
513010.SH,2026,177,11.7033,2071.48
159740.SZ,2021,149,0.2248,33.49
159740.SZ,2022,242,1.8293,442.69
159740.SZ,2023,242,3.8913,941.69
159740.SZ,2024,242,6.7481,1633.04
159740.SZ,2025,243,19.626,4769.11
159740.SZ,2026,177,14.949,2645.98
159742.SZ,2021,151,0.2619,39.55
159742.SZ,2022,242,1.0237,247.74
159742.SZ,2023,242,1.3744,332.62
159742.SZ,2024,242,1.7341,419.65
159742.SZ,2025,243,3.3873,823.1
159742.SZ,2026,177,2.0877,369.52
159888.SZ,2021,153,0.1604,24.55
159888.SZ,2022,242,0.1314,31.8
159888.SZ,2023,242,0.3025,73.2
159888.SZ,2024,242,0.1322,31.99
159888.SZ,2025,243,0.1173,28.51
159888.SZ,2026,177,0.1882,33.32
159887.SZ,2021,154,0.212,32.65
159887.SZ,2022,242,0.4842,117.17
159887.SZ,2023,242,0.548,132.62
159887.SZ,2024,242,0.499,120.75
159887.SZ,2025,243,1.5447,375.36
159887.SZ,2026,177,1.1946,211.45
513690.SH,2021,154,0.0947,14.58
513690.SH,2022,242,0.4844,117.23
513690.SH,2023,242,0.4464,108.04
513690.SH,2024,242,0.7808,188.95
513690.SH,2025,243,1.6413,398.84
513690.SH,2026,177,2.0932,370.49
516700.SH,2021,155,0.0518,8.03
516700.SH,2022,242,0.0148,3.58
516700.SH,2023,242,0.0378,9.14
516700.SH,2024,242,0.0349,8.45
516700.SH,2025,243,0.0842,20.46
516700.SH,2026,177,0.16,28.32
159836.SZ,2021,151,0.0694,10.48
159836.SZ,2022,242,0.0155,3.75
159836.SZ,2023,242,0.0203,4.91
159836.SZ,2024,242,0.0332,8.03
159836.SZ,2025,243,0.0162,3.93
159836.SZ,2026,177,0.0228,4.04
516360.SH,2021,159,0.1521,24.19
516360.SH,2022,242,0.0787,19.04
516360.SH,2023,242,0.0739,17.88
516360.SH,2024,242,0.0421,10.19
516360.SH,2025,243,0.0374,9.08
516360.SH,2026,177,0.0448,7.93
516590.SH,2021,160,0.2754,44.07
516590.SH,2022,242,0.2195,53.12
516590.SH,2023,242,0.1097,26.55
516590.SH,2024,242,0.0866,20.95
516590.SH,2025,243,0.0683,16.59
516590.SH,2026,177,0.0442,7.82
516950.SH,2021,158,0.3974,62.79
516950.SH,2022,242,0.9785,236.8
516950.SH,2023,242,0.7573,183.27
516950.SH,2024,242,0.3896,94.29
516950.SH,2025,243,0.3704,90.01
516950.SH,2026,177,0.1299,23.0
516610.SH,2021,159,0.116,18.45
516610.SH,2022,242,0.0976,23.62
516610.SH,2023,242,0.0613,14.82
516610.SH,2024,242,0.0336,8.14
516610.SH,2025,243,0.0366,8.9
516610.SH,2026,177,0.0416,7.37
159883.SZ,2021,165,0.2816,46.46
159883.SZ,2022,242,0.7049,170.6
159883.SZ,2023,242,0.6689,161.86
159883.SZ,2024,242,0.4161,100.7
159883.SZ,2025,243,0.966,234.75
159883.SZ,2026,177,1.4154,250.53
516900.SH,2021,167,0.0893,14.91
516900.SH,2022,242,0.0926,22.42
516900.SH,2023,242,0.092,22.26
516900.SH,2024,241,0.051,12.3
516900.SH,2025,243,0.0873,21.22
516900.SH,2026,177,0.0618,10.93
516070.SH,2021,169,0.5492,92.82
516070.SH,2022,242,0.4298,104.02
516070.SH,2023,242,0.1798,43.51
516070.SH,2024,242,0.1117,27.04
516070.SH,2025,243,0.0726,17.65
516070.SH,2026,177,0.0613,10.85
159886.SZ,2021,167,0.146,24.38
159886.SZ,2022,242,0.2462,59.57
159886.SZ,2023,242,0.1955,47.32
159886.SZ,2024,242,0.0943,22.82
159886.SZ,2025,243,0.0547,13.29
159886.SZ,2026,177,0.046,8.14
516110.SH,2021,163,0.3613,58.89
516110.SH,2022,242,0.6944,168.04
516110.SH,2023,242,1.1334,274.27
516110.SH,2024,242,0.6645,160.81
516110.SH,2025,243,0.4971,120.8
516110.SH,2026,177,0.3336,59.04
516960.SH,2021,163,0.2278,37.13
516960.SH,2022,242,0.202,48.89
516960.SH,2023,242,0.09,21.77
516960.SH,2024,242,0.017,4.11
516960.SH,2025,243,0.0092,2.24
516960.SH,2026,177,0.0096,1.7
517170.SH,2021,173,0.0266,4.6
517170.SH,2022,239,0.0119,2.84
517170.SH,2023,239,0.0131,3.14
517170.SH,2024,240,0.0057,1.37
517170.SH,2025,243,0.0053,1.28
517170.SH,2026,177,0.0063,1.11
159885.SZ,2021,177,0.3167,56.05
159885.SZ,2022,242,0.1556,37.65
159885.SZ,2023,242,0.0656,15.88
159885.SZ,2024,242,0.0432,10.44
159885.SZ,2025,243,0.0327,7.96
159885.SZ,2026,177,0.0198,3.51
516330.SH,2021,180,0.0426,7.66
516330.SH,2022,242,0.0597,14.45
516330.SH,2023,242,0.0117,2.82
516330.SH,2024,242,0.0053,1.28
516330.SH,2025,242,0.0133,3.22
516330.SH,2026,177,0.0109,1.93
516550.SH,2021,181,0.0811,14.67
516550.SH,2022,242,0.1323,32.01
516550.SH,2023,242,0.0943,22.83
516550.SH,2024,242,0.0584,14.13
516550.SH,2025,243,0.097,23.57
516550.SH,2026,177,0.0993,17.57
516510.SH,2021,182,0.1067,19.41
516510.SH,2022,242,0.2615,63.28
516510.SH,2023,242,0.9802,237.2
516510.SH,2024,242,0.8506,205.85
516510.SH,2025,243,2.1201,515.19
516510.SH,2026,177,1.8554,328.41
159890.SZ,2021,184,0.0667,12.28
159890.SZ,2022,242,0.0622,15.06
159890.SZ,2023,242,0.1648,39.89
159890.SZ,2024,242,0.1866,45.17
159890.SZ,2025,243,0.3686,89.56
159890.SZ,2026,177,0.4064,71.93
159866.SZ,2021,181,0.0151,2.73
159866.SZ,2022,242,0.0035,0.84
159866.SZ,2023,242,0.2367,57.28
159866.SZ,2024,242,2.0648,499.69
159866.SZ,2025,243,2.6455,642.87
159866.SZ,2026,177,2.22,392.94
159861.SZ,2021,184,0.3456,63.58
159861.SZ,2022,242,0.2901,70.2
159861.SZ,2023,242,0.2788,67.47
159861.SZ,2024,242,0.1049,25.39
159861.SZ,2025,243,0.0581,14.13
159861.SZ,2026,177,0.04,7.08
516670.SH,2021,189,0.1347,25.45
516670.SH,2022,242,0.3057,73.98
516670.SH,2023,242,0.3085,74.65
516670.SH,2024,242,0.2787,67.46
516670.SH,2025,243,0.2913,70.78
516670.SH,2026,177,0.4469,79.1
513060.SH,2021,188,0.7818,146.97
513060.SH,2022,242,8.6641,2096.72
513060.SH,2023,242,12.1137,2931.52
513060.SH,2024,242,10.1916,2466.36
513060.SH,2025,243,16.5686,4026.16
513060.SH,2026,177,7.046,1247.14
159845.SZ,2021,186,0.5125,95.32
159845.SZ,2022,242,8.2854,2005.06
159845.SZ,2023,242,14.7177,3561.69
159845.SZ,2024,242,9.2038,2227.33
159845.SZ,2025,243,5.3534,1300.87
159845.SZ,2026,177,25.3234,4482.24
159873.SZ,2021,188,0.1402,26.36
159873.SZ,2022,242,0.1068,25.85
159873.SZ,2023,242,0.0753,18.22
159873.SZ,2024,242,0.0551,13.34
159873.SZ,2025,243,0.0458,11.13
159873.SZ,2026,177,0.1225,21.68
516300.SH,2021,191,0.0595,11.37
516300.SH,2022,242,0.2334,56.48
516300.SH,2023,242,0.2139,51.77
516300.SH,2024,242,0.1945,47.07
516300.SH,2025,243,0.0947,23.0
516300.SH,2026,177,0.1033,18.29
159876.SZ,2021,191,0.0736,14.06
159876.SZ,2022,241,0.0375,9.04
159876.SZ,2023,242,0.0224,5.41
159876.SZ,2024,242,0.0485,11.74
159876.SZ,2025,243,0.2131,51.79
159876.SZ,2026,177,0.9987,176.76
159858.SZ,2021,190,0.1828,34.74
159858.SZ,2022,242,0.1327,32.12
159858.SZ,2023,242,0.0769,18.61
159858.SZ,2024,242,0.0863,20.88
159858.SZ,2025,243,0.1231,29.92
159858.SZ,2026,177,0.2327,41.2
516090.SH,2021,193,0.2767,53.4
516090.SH,2022,242,0.3682,89.11
516090.SH,2023,242,0.3389,82.01
516090.SH,2024,242,0.3031,73.35
516090.SH,2025,243,0.3519,85.5
516090.SH,2026,177,0.605,107.08
159835.SZ,2021,188,0.0372,7.0
159835.SZ,2022,242,0.013,3.14
159835.SZ,2023,242,0.0255,6.18
159835.SZ,2024,242,0.0329,7.96
159835.SZ,2025,243,0.1072,26.05
159835.SZ,2026,177,0.2169,38.39
159871.SZ,2021,186,0.1045,19.43
159871.SZ,2022,242,0.1143,27.65
159871.SZ,2023,242,0.0998,24.16
159871.SZ,2024,242,0.1169,28.3
159871.SZ,2025,243,0.2622,63.72
159871.SZ,2026,177,0.7835,138.68
516850.SH,2021,194,0.0862,16.71
516850.SH,2022,242,0.0462,11.17
516850.SH,2023,242,0.032,7.74
516850.SH,2024,242,0.0498,12.04
516850.SH,2025,243,0.0777,18.88
516850.SH,2026,177,0.1355,23.98
516200.SH,2021,193,0.0586,11.31
516200.SH,2022,242,0.0517,12.5
516200.SH,2023,242,0.1047,25.34
516200.SH,2024,242,0.1047,25.34
516200.SH,2025,243,0.1117,27.14
516200.SH,2026,177,0.0991,17.54
516150.SH,2021,196,0.6262,122.74
516150.SH,2022,242,1.0174,246.21
516150.SH,2023,242,0.6473,156.64
516150.SH,2024,242,0.3881,93.93
516150.SH,2025,243,2.2299,541.86
516150.SH,2026,177,3.0918,547.25
159880.SZ,2021,190,0.0784,14.9
159880.SZ,2022,242,0.0683,16.53
159880.SZ,2023,242,0.0748,18.1
159880.SZ,2024,242,0.0734,17.77
159880.SZ,2025,243,0.2068,50.25
159880.SZ,2026,177,0.6736,119.22
516760.SH,2021,199,0.0569,11.32
516760.SH,2022,242,0.1029,24.9
516760.SH,2023,242,0.0745,18.02
516760.SH,2024,242,0.0449,10.86
516760.SH,2025,243,0.057,13.85
516760.SH,2026,177,0.0647,11.45
159851.SZ,2021,194,0.0579,11.22
159851.SZ,2022,242,0.1516,36.68
159851.SZ,2023,242,0.2233,54.04
159851.SZ,2024,242,1.5329,370.95
159851.SZ,2025,243,6.6919,1626.13
159851.SZ,2026,177,3.5807,633.78
516500.SH,2021,196,0.0712,13.96
516500.SH,2022,242,0.0379,9.17
516500.SH,2023,242,0.028,6.77
516500.SH,2024,242,0.0276,6.68
516500.SH,2025,243,0.0318,7.72
516500.SH,2026,177,0.0958,16.96
159842.SZ,2021,194,0.2442,47.37
159842.SZ,2022,242,0.2716,65.72
159842.SZ,2023,242,0.4338,104.99
159842.SZ,2024,242,0.9237,223.53
159842.SZ,2025,243,2.4294,590.34
159842.SZ,2026,177,3.8811,686.95
516220.SH,2021,201,0.3739,75.15
516220.SH,2022,242,0.3119,75.48
516220.SH,2023,242,0.2905,70.31
516220.SH,2024,242,0.1982,47.98
516220.SH,2025,243,0.1338,32.51
516220.SH,2026,177,0.2936,51.97
159865.SZ,2021,203,0.567,115.09
159865.SZ,2022,242,1.5194,367.7
159865.SZ,2023,242,1.4173,342.99
159865.SZ,2024,242,1.2495,302.38
159865.SZ,2025,243,1.4551,353.58
159865.SZ,2026,177,2.1041,372.43
516120.SH,2021,202,0.3374,68.15
516120.SH,2022,242,0.2126,51.45
516120.SH,2023,242,0.1922,46.51
516120.SH,2024,242,0.1274,30.84
516120.SH,2025,243,0.2971,72.19
516120.SH,2026,177,1.9056,337.28
516780.SH,2021,203,1.3811,280.37
516780.SH,2022,242,0.8561,207.17
516780.SH,2023,242,0.3472,84.03
516780.SH,2024,242,0.3024,73.18
516780.SH,2025,243,1.6481,400.48
516780.SH,2026,177,1.5266,270.21
516020.SH,2021,203,0.2726,55.33
516020.SH,2022,242,0.1767,42.75
516020.SH,2023,242,0.2672,64.67
516020.SH,2024,242,0.2183,52.83
516020.SH,2025,243,0.6787,164.93
516020.SH,2026,177,2.4273,429.64
516010.SH,2021,204,0.3799,77.5
516010.SH,2022,242,0.4605,111.45
516010.SH,2023,242,1.3752,332.79
516010.SH,2024,242,1.1429,276.58
516010.SH,2025,243,1.3241,321.75
516010.SH,2026,177,1.2412,219.7
516770.SH,2021,204,0.0942,19.21
516770.SH,2022,242,0.1369,33.14
516770.SH,2023,242,0.2757,66.71
516770.SH,2024,242,0.2046,49.51
516770.SH,2025,243,0.2391,58.1
516770.SH,2026,177,0.3426,60.65
159867.SZ,2021,204,0.219,44.67
159867.SZ,2022,242,0.4471,108.19
159867.SZ,2023,242,0.4151,100.46
159867.SZ,2024,242,0.2314,56.01
159867.SZ,2025,243,0.2304,55.99
159867.SZ,2026,177,0.3537,62.61
159869.SZ,2021,204,0.3226,65.8
159869.SZ,2022,242,0.505,122.21
159869.SZ,2023,242,4.6113,1115.94
159869.SZ,2024,242,4.2834,1036.58
159869.SZ,2025,243,6.167,1498.57
159869.SZ,2026,177,6.2017,1097.7
159870.SZ,2021,206,0.6117,126.01
159870.SZ,2022,242,0.4399,106.47
159870.SZ,2023,242,0.7423,179.64
159870.SZ,2024,242,0.5249,127.02
159870.SZ,2025,243,3.7479,910.73
159870.SZ,2026,177,10.1196,1791.17
159863.SZ,2021,200,0.1879,37.58
159863.SZ,2022,242,0.2082,50.38
159863.SZ,2023,242,0.1196,28.95
159863.SZ,2024,242,0.0948,22.93
159863.SZ,2025,243,0.1014,24.63
159863.SZ,2026,177,0.084,14.87
516520.SH,2021,208,0.0889,18.49
516520.SH,2022,242,0.1647,39.87
516520.SH,2023,242,0.0915,22.13
516520.SH,2024,242,0.1255,30.38
516520.SH,2025,243,0.2998,72.86
516520.SH,2026,177,0.7248,128.29
516600.SH,2021,209,0.0503,10.51
516600.SH,2022,242,0.0411,9.94
516600.SH,2023,242,0.0468,11.32
516600.SH,2024,242,0.0332,8.02
516600.SH,2025,243,0.0368,8.94
516600.SH,2026,177,0.0194,3.43
159848.SZ,2021,199,0.0998,19.86
159848.SZ,2022,242,0.113,27.35
159848.SZ,2023,242,0.0451,10.92
159848.SZ,2024,242,0.0497,12.03
159848.SZ,2025,243,0.0662,16.08
159848.SZ,2026,177,0.0486,8.61
516180.SH,2021,206,0.2012,41.46
516180.SH,2022,242,0.1529,37.01
516180.SH,2023,242,0.0907,21.95
516180.SH,2024,242,0.0588,14.22
516180.SH,2025,243,0.0582,14.15
516180.SH,2026,177,0.101,17.87
159855.SZ,2021,209,0.0837,17.48
159855.SZ,2022,242,0.0852,20.61
159855.SZ,2023,242,0.0829,20.05
159855.SZ,2024,242,0.0635,15.36
159855.SZ,2025,243,0.1176,28.58
159855.SZ,2026,177,0.33,58.41
517100.SH,2021,207,0.0621,12.86
517100.SH,2022,242,0.0339,8.21
516000.SH,2021,208,0.0231,4.8
516000.SH,2022,242,0.0132,3.2
516000.SH,2023,242,0.0542,13.11
516000.SH,2024,242,0.09,21.78
516000.SH,2025,243,0.2364,57.44
516000.SH,2026,177,0.3619,64.05
516060.SH,2021,208,0.0713,14.84
516060.SH,2022,242,0.0566,13.7
516060.SH,2023,242,0.0448,10.84
516060.SH,2024,242,0.0252,6.09
516060.SH,2025,243,0.0498,12.11
516060.SH,2026,177,0.0988,17.5
159849.SZ,2021,207,0.0718,14.86
159849.SZ,2022,242,0.032,7.73
159849.SZ,2023,242,0.0429,10.37
159849.SZ,2024,242,0.0319,7.72
159849.SZ,2025,243,0.0227,5.52
159849.SZ,2026,177,0.0228,4.03
159857.SZ,2021,211,1.0181,214.82
159857.SZ,2022,242,1.4346,347.18
159857.SZ,2023,242,1.5134,366.25
159857.SZ,2024,242,1.3229,320.15
159857.SZ,2025,243,1.6243,394.69
159857.SZ,2026,177,1.5978,282.82
517300.SH,2021,211,0.1086,22.91
517300.SH,2022,242,0.0281,6.81
517300.SH,2023,242,0.0191,4.62
517300.SH,2024,242,0.0233,5.63
517300.SH,2025,243,0.0263,6.4
517300.SH,2026,177,0.1087,19.24
517000.SH,2021,204,0.0978,19.96
517000.SH,2022,242,0.0519,12.57
517000.SH,2023,242,0.031,7.51
517000.SH,2024,242,0.0179,4.33
517000.SH,2025,243,0.0246,5.97
517000.SH,2026,177,0.0147,2.6
516080.SH,2021,212,0.1506,31.93
516080.SH,2022,242,0.1029,24.9
516080.SH,2023,242,0.0753,18.23
516080.SH,2024,242,0.0767,18.55
516080.SH,2025,243,0.1829,44.44
516080.SH,2026,177,1.2971,229.59
515230.SH,2021,207,0.3721,77.03
515230.SH,2022,242,0.396,95.84
515230.SH,2023,242,0.9927,240.23
515230.SH,2024,242,0.7819,189.23
515230.SH,2025,243,1.413,343.37
515230.SH,2026,177,2.7076,479.25
516660.SH,2021,209,0.376,78.59
516660.SH,2022,242,0.5667,137.14
516660.SH,2023,242,0.2209,53.47
516660.SH,2024,242,0.0588,14.24
516660.SH,2025,243,0.0371,9.02
516660.SH,2026,177,0.0364,6.45
159839.SZ,2021,213,0.2125,45.26
159839.SZ,2022,242,0.2183,52.82
159839.SZ,2023,242,0.1915,46.34
159839.SZ,2024,242,0.1655,40.05
159839.SZ,2025,243,0.2368,57.54
159839.SZ,2026,177,0.475,84.07
159850.SZ,2021,214,0.2032,43.48
159850.SZ,2022,242,0.2646,64.03
159850.SZ,2023,242,0.2853,69.04
159850.SZ,2024,242,0.5142,124.44
159850.SZ,2025,243,0.4113,99.96
159850.SZ,2026,177,0.121,21.42
517080.SH,2021,213,0.1655,35.26
517080.SH,2022,242,0.0735,17.78
517080.SH,2023,242,0.0543,13.14
517080.SH,2024,242,0.0356,8.61
517080.SH,2025,243,0.0269,6.53
517080.SH,2026,177,0.0158,2.79
159852.SZ,2021,217,0.3557,77.18
159852.SZ,2022,242,0.2826,68.38
159852.SZ,2023,242,0.8172,197.76
159852.SZ,2024,242,0.7907,191.36
159852.SZ,2025,243,3.2519,790.22
159852.SZ,2026,177,6.1224,1083.66
516800.SH,2021,214,0.1756,37.58
516800.SH,2022,242,0.0533,12.89
516800.SH,2023,242,0.0626,15.15
516800.SH,2024,242,0.0634,15.35
516800.SH,2025,243,0.0764,18.58
516800.SH,2026,177,0.1298,22.97
159841.SZ,2021,217,0.8977,194.8
159841.SZ,2022,242,0.9331,225.8
159841.SZ,2023,242,1.4344,347.13
159841.SZ,2024,242,2.1146,511.73
159841.SZ,2025,243,3.2736,795.49
159841.SZ,2026,177,3.2087,567.93
513330.SH,2021,218,8.4955,1852.02
513330.SH,2022,242,24.6798,5972.51
513330.SH,2023,242,22.589,5466.53
513330.SH,2024,242,29.1072,7043.94
513330.SH,2025,243,36.2709,8813.82
513330.SH,2026,177,24.0494,4256.75
159843.SZ,2021,219,0.2414,52.86
159843.SZ,2022,242,0.1928,46.65
159843.SZ,2023,242,0.2462,59.58
159843.SZ,2024,242,0.1707,41.3
159843.SZ,2025,243,0.216,52.5
159843.SZ,2026,177,0.1026,18.16
517200.SH,2021,218,0.0732,15.95
517200.SH,2022,242,0.0379,9.16
517200.SH,2023,242,0.0347,8.39
517200.SH,2024,242,0.0228,5.51
517200.SH,2025,243,0.027,6.56
517200.SH,2026,177,0.0235,4.16
517050.SH,2021,218,0.1554,33.87
517050.SH,2022,242,0.117,28.32
517050.SH,2023,242,0.0976,23.61
517050.SH,2024,242,0.0426,10.3
517050.SH,2025,243,0.0633,15.38
517050.SH,2026,177,0.0325,5.76
159856.SZ,2021,223,0.0965,21.52
159856.SZ,2022,242,0.1577,38.17
159856.SZ,2023,242,0.0998,24.16
159856.SZ,2024,242,0.0527,12.74
159856.SZ,2025,243,0.0552,13.4
159856.SZ,2026,177,0.0314,5.56
516160.SH,2021,220,1.547,340.34
516160.SH,2022,242,1.7125,414.42
516160.SH,2023,242,2.1941,530.98
516160.SH,2024,242,1.4187,343.33
516160.SH,2025,243,1.666,404.83
516160.SH,2026,177,2.5185,445.78
516050.SH,2021,219,0.2583,56.57
516050.SH,2022,242,0.1977,47.84
516050.SH,2023,242,0.1419,34.33
516050.SH,2024,242,0.0689,16.67
516050.SH,2025,243,0.1001,24.33
516050.SH,2026,177,0.1195,21.15
515910.SH,2021,209,0.1907,39.85
515910.SH,2022,242,0.1153,27.91
515910.SH,2023,242,0.1188,28.74
515910.SH,2024,242,0.0783,18.95
515910.SH,2025,243,0.0303,7.36
515910.SH,2026,177,0.0306,5.41
159837.SZ,2021,226,0.988,223.28
159837.SZ,2022,242,0.6896,166.89
159837.SZ,2023,242,0.353,85.42
159837.SZ,2024,242,0.2305,55.79
159837.SZ,2025,243,0.2843,69.08
159837.SZ,2026,177,0.3617,64.02
515400.SH,2021,231,0.0926,21.38
515400.SH,2022,242,0.2115,51.17
515400.SH,2023,242,1.0897,263.71
515400.SH,2024,242,0.7128,172.5
515400.SH,2025,243,1.3865,336.92
515400.SH,2026,177,1.3168,233.07
516880.SH,2021,233,0.9342,217.67
516880.SH,2022,242,0.4324,104.65
516880.SH,2023,242,0.344,83.26
516880.SH,2024,242,0.2346,56.78
516880.SH,2025,243,0.373,90.65
516880.SH,2026,177,0.3916,69.32
162412.SZ,2021,209,0.0175,3.66
162412.SZ,2022,242,0.0092,2.23
162412.SZ,2023,242,0.0107,2.58
162412.SZ,2024,242,0.0088,2.13
162412.SZ,2025,243,0.0097,2.37
162412.SZ,2026,177,0.0083,1.48
513550.SH,2021,236,2.4535,579.02
513550.SH,2022,242,1.3735,332.4
513550.SH,2023,242,1.0822,261.89
513550.SH,2024,242,0.8256,199.79
513550.SH,2025,243,1.0562,256.66
513550.SH,2026,177,0.8281,146.57
515920.SH,2021,231,0.1304,30.13
515920.SH,2022,242,0.0812,19.64
515920.SH,2023,242,0.094,22.75
515920.SH,2024,242,0.0483,11.7
515920.SH,2025,243,0.0528,12.84
515920.SH,2026,177,0.0542,9.59
515170.SH,2021,236,1.8643,439.97
515170.SH,2022,242,1.3103,317.09
515170.SH,2023,242,0.9019,218.25
515170.SH,2024,242,0.76,183.91
515170.SH,2025,243,1.3087,318.01
515170.SH,2026,177,1.0776,190.73
515710.SH,2021,240,0.9639,231.33
515710.SH,2022,242,0.3719,90.0
515710.SH,2023,242,0.2616,63.31
515710.SH,2024,242,0.2422,58.61
515710.SH,2025,243,0.3776,91.75
515710.SH,2026,177,0.3264,57.78
159828.SZ,2021,237,0.6986,165.56
159828.SZ,2022,242,0.7957,192.55
159828.SZ,2023,242,0.7136,172.68
159828.SZ,2024,242,0.6298,152.42
159828.SZ,2025,243,0.6221,151.17
159828.SZ,2026,177,0.648,114.69
515250.SH,2021,239,0.3505,83.78
515250.SH,2022,242,0.8988,217.5
515250.SH,2023,242,0.6972,168.73
515250.SH,2024,242,0.4536,109.77
515250.SH,2025,243,0.5158,125.34
515250.SH,2026,177,0.3523,62.36
515290.SH,2020,4,4.3967,17.59
515290.SH,2021,243,0.9101,221.15
515290.SH,2022,242,0.7774,188.14
515290.SH,2023,242,0.6631,160.48
515290.SH,2024,242,0.5074,122.79
515290.SH,2025,243,0.8091,196.62
515290.SH,2026,177,0.7238,128.12
159825.SZ,2020,3,2.0122,6.04
159825.SZ,2021,243,1.1997,291.52
159825.SZ,2022,242,1.3071,316.32
159825.SZ,2023,242,0.9547,231.05
159825.SZ,2024,242,0.5321,128.77
159825.SZ,2025,243,0.9265,225.14
159825.SZ,2026,177,1.2237,216.59
159824.SZ,2021,238,0.4693,111.69
159824.SZ,2022,242,0.2512,60.79
159824.SZ,2023,242,0.2396,57.99
159824.SZ,2024,242,0.1094,26.47
159824.SZ,2025,243,0.0618,15.03
159824.SZ,2026,177,0.0636,11.26
159827.SZ,2020,10,0.633,6.33
159827.SZ,2021,243,0.1638,39.79
159827.SZ,2022,242,0.0382,9.25
159827.SZ,2023,242,0.0253,6.13
159827.SZ,2024,242,0.019,4.6
159827.SZ,2025,243,0.0208,5.04
159827.SZ,2026,177,0.0296,5.24
515790.SH,2020,10,16.1568,161.57
515790.SH,2021,243,7.8494,1907.39
515790.SH,2022,242,7.3702,1783.59
515790.SH,2023,242,5.7712,1396.63
515790.SH,2024,242,4.3687,1057.22
515790.SH,2025,243,5.8593,1423.8
515790.SH,2026,177,4.6563,824.16
515120.SH,2021,243,0.7592,184.48
515120.SH,2022,242,0.5996,145.1
515120.SH,2023,242,1.4021,339.31
515120.SH,2024,242,1.0488,253.81
515120.SH,2025,243,2.2159,538.45
515120.SH,2026,177,5.3111,940.07
515320.SH,2021,239,0.3133,74.88
515320.SH,2022,242,0.2359,57.08
515320.SH,2023,242,0.2285,55.31
515320.SH,2024,242,0.1092,26.43
515320.SH,2025,243,0.0887,21.56
515320.SH,2026,177,0.1378,24.38
513300.SH,2020,41,0.3133,12.85
513300.SH,2021,243,0.1327,32.25
513300.SH,2022,242,0.8792,212.77
513300.SH,2023,242,1.3692,331.36
513300.SH,2024,242,4.1406,1002.02
513300.SH,2025,243,5.5928,1359.04
513300.SH,2026,177,4.3952,777.95
159822.SZ,2020,50,0.2574,12.87
159822.SZ,2021,243,0.1569,38.13
159822.SZ,2022,242,0.0914,22.12
159822.SZ,2023,242,0.0357,8.64
159822.SZ,2024,242,0.037,8.95
159822.SZ,2025,243,3.2596,792.09
159822.SZ,2026,177,0.3252,57.57
159821.SZ,2020,46,0.0485,2.23
159821.SZ,2021,243,0.0124,3.01
159821.SZ,2022,242,0.0039,0.94
159821.SZ,2023,240,0.002,0.48
159821.SZ,2024,241,0.0247,5.94
159821.SZ,2025,242,0.0117,2.83
159821.SZ,2026,177,0.026,4.6
588000.SH,2020,34,8.624,293.22
588000.SH,2021,243,7.7851,1891.79
588000.SH,2022,242,11.8137,2858.91
588000.SH,2023,242,25.8519,6256.17
588000.SH,2024,242,35.96,8702.32
588000.SH,2025,243,41.0778,9981.9
588000.SH,2026,177,61.7833,10935.64
588090.SH,2020,34,2.022,68.75
588090.SH,2021,243,1.2841,312.04
588090.SH,2022,242,1.11,268.63
588090.SH,2023,242,1.0801,261.4
588090.SH,2024,242,1.3568,328.36
588090.SH,2025,243,1.8262,443.75
588090.SH,2026,177,2.646,468.34
588050.SH,2020,34,1.9563,66.51
588050.SH,2021,243,1.6629,404.1
588050.SH,2022,242,1.9408,469.67
588050.SH,2023,242,2.3344,564.92
588050.SH,2024,242,3.1378,759.34
588050.SH,2025,243,3.4946,849.18
588050.SH,2026,177,4.1782,739.55
588080.SH,2020,34,3.014,102.48
588080.SH,2021,243,2.3573,572.83
588080.SH,2022,242,3.8362,928.35
588080.SH,2023,242,5.7194,1384.09
588080.SH,2024,242,10.8172,2617.76
588080.SH,2025,243,11.0499,2685.13
588080.SH,2026,177,19.1273,3385.53
515530.SH,2020,39,0.2687,10.48
515530.SH,2021,243,0.1194,29.01
515530.SH,2022,242,0.1005,24.33
515530.SH,2023,242,0.0925,22.38
515530.SH,2024,242,0.1007,24.38
515530.SH,2025,243,0.0386,9.38
515530.SH,2026,177,0.0417,7.38
515760.SH,2020,59,0.1895,11.18
515760.SH,2021,243,0.0182,4.42
515760.SH,2022,242,0.0098,2.36
515760.SH,2023,242,0.0081,1.97
515760.SH,2024,242,0.0178,4.3
515760.SH,2025,243,0.0261,6.34
515760.SH,2026,177,0.0247,4.37
510370.SH,2020,48,0.029,1.39
510370.SH,2021,243,0.0075,1.83
510370.SH,2022,242,0.0006,0.15
510370.SH,2023,242,0.0043,1.04
510370.SH,2024,242,0.0179,4.33
510370.SH,2025,243,0.0188,4.58
510370.SH,2026,177,0.0386,6.84
518890.SH,2020,63,0.0524,3.3
518890.SH,2021,243,0.0234,5.69
518890.SH,2022,242,0.0422,10.22
518890.SH,2023,242,0.0403,9.74
518890.SH,2024,242,0.0488,11.82
518890.SH,2025,243,0.3652,88.73
518890.SH,2026,177,0.8082,143.06
502056.SH,2015,102,0.0455,4.64
502056.SH,2016,239,0.0049,1.17
502056.SH,2017,233,0.0003,0.08
502056.SH,2018,240,0.0004,0.1
502056.SH,2019,237,0.0004,0.1
502056.SH,2020,232,0.0034,0.79
502056.SH,2021,243,0.0071,1.73
502056.SH,2022,242,0.0044,1.08
502056.SH,2023,242,0.0022,0.54
502056.SH,2024,242,0.0013,0.33
502056.SH,2025,243,0.0016,0.4
502056.SH,2026,177,0.0021,0.37
510760.SH,2020,76,0.4006,30.44
510760.SH,2021,243,0.3913,95.09
510760.SH,2022,242,0.3739,90.47
510760.SH,2023,242,0.4421,106.99
510760.SH,2024,242,1.7705,428.47
510760.SH,2025,243,1.2696,308.5
510760.SH,2026,177,2.2652,400.94
159820.SZ,2020,88,0.5229,46.02
159820.SZ,2021,243,0.259,62.93
159820.SZ,2022,242,0.0883,21.37
159820.SZ,2023,242,0.0711,17.2
159820.SZ,2024,242,0.0855,20.69
159820.SZ,2025,243,0.0609,14.81
159820.SZ,2026,177,0.1259,22.29
161121.SZ,2020,92,0.0034,0.31
161121.SZ,2021,243,0.0066,1.61
161121.SZ,2022,242,0.0018,0.44
161121.SZ,2023,240,0.0009,0.21
161121.SZ,2024,240,0.0015,0.36
161121.SZ,2025,243,0.0023,0.56
161121.SZ,2026,177,0.0018,0.31
518860.SH,2020,77,0.0214,1.65
518860.SH,2021,241,0.0016,0.38
518860.SH,2022,239,0.0027,0.66
518860.SH,2023,242,0.0046,1.12
518860.SH,2024,242,0.026,6.29
518860.SH,2025,243,0.4384,106.52
518860.SH,2026,177,0.5266,93.21
159808.SZ,2020,79,0.1223,9.66
159808.SZ,2021,243,0.0339,8.23
159808.SZ,2022,242,0.0403,9.75
159808.SZ,2023,242,0.0261,6.32
159808.SZ,2024,242,0.0256,6.21
159808.SZ,2025,243,0.027,6.55
159808.SZ,2026,177,0.0262,4.64
511360.SH,2020,64,0.1541,9.87
511360.SH,2021,243,2.5005,607.62
511360.SH,2022,242,42.1286,10195.13
511360.SH,2023,242,77.3468,18717.91
511360.SH,2024,242,109.1775,26420.96
511360.SH,2025,243,184.7186,44886.62
511360.SH,2026,177,357.3249,63246.51
513990.SH,2020,92,0.1025,9.43
513990.SH,2021,243,0.1055,25.64
513990.SH,2022,242,0.0815,19.72
513990.SH,2023,242,0.0602,14.56
513990.SH,2024,242,0.0822,19.89
513990.SH,2025,243,0.2501,60.78
513990.SH,2026,177,0.2761,48.87
159816.SZ,2020,79,0.1756,13.87
159816.SZ,2021,237,0.1064,25.22
159816.SZ,2022,242,0.2364,57.2
159816.SZ,2023,242,0.3437,83.17
159816.SZ,2024,242,0.9416,227.87
159816.SZ,2025,242,20.0419,4850.15
159816.SZ,2026,177,31.1827,5519.33
159819.SZ,2020,66,0.7992,52.75
159819.SZ,2021,243,0.6197,150.58
159819.SZ,2022,242,0.4292,103.86
159819.SZ,2023,242,2.0034,484.81
159819.SZ,2024,242,3.6931,893.73
159819.SZ,2025,243,7.883,1915.57
159819.SZ,2026,177,6.8042,1204.34
515260.SH,2020,104,1.3302,138.34
515260.SH,2021,243,0.4052,98.46
515260.SH,2022,242,0.1271,30.75
515260.SH,2023,242,0.138,33.39
515260.SH,2024,242,0.1345,32.55
515260.SH,2025,243,0.2056,49.96
515260.SH,2026,177,0.5701,100.91
511180.SH,2020,86,0.1346,11.58
511180.SH,2021,243,0.3861,93.81
511180.SH,2022,242,0.887,214.65
511180.SH,2023,242,1.8484,447.3
511180.SH,2024,242,3.3357,807.23
511180.SH,2025,243,13.7234,3334.79
511180.SH,2026,177,24.919,4410.67
518600.SH,2020,101,0.2405,24.29
518600.SH,2021,243,0.0372,9.03
518600.SH,2022,242,0.0306,7.41
518600.SH,2023,242,0.027,6.52
518600.SH,2024,242,0.1583,38.3
518600.SH,2025,243,1.2271,298.19
518600.SH,2026,177,3.6346,643.32
518680.SH,2020,107,0.1464,15.67
518680.SH,2021,243,0.0378,9.18
518680.SH,2022,242,0.1486,35.96
518680.SH,2023,242,0.2291,55.44
518680.SH,2024,242,0.1505,36.43
518680.SH,2025,243,1.5574,378.45
518680.SH,2026,177,3.067,542.86
510570.SH,2020,96,0.0102,0.98
510570.SH,2021,243,0.0081,1.98
510570.SH,2022,241,0.0005,0.13
510570.SH,2023,232,0.0005,0.11
510570.SH,2024,235,0.0037,0.88
510570.SH,2025,243,0.0076,1.84
510570.SH,2026,177,0.0291,5.15
515560.SH,2020,113,0.9061,102.39
515560.SH,2021,243,0.3307,80.35
515560.SH,2022,242,0.1089,26.35
515560.SH,2023,242,0.075,18.15
515560.SH,2024,242,0.1006,24.34
515560.SH,2025,243,0.0706,17.16
515560.SH,2026,177,0.1202,21.28
159814.SZ,2020,114,0.1627,18.55
159814.SZ,2021,243,0.1666,40.48
159814.SZ,2022,242,0.1805,43.67
159814.SZ,2023,242,0.2508,60.68
159814.SZ,2024,242,0.3703,89.62
159814.SZ,2025,243,0.4507,109.53
159814.SZ,2026,177,0.4653,82.37
159810.SZ,2020,119,0.1125,13.39
159810.SZ,2021,243,0.0616,14.98
159810.SZ,2022,241,0.041,9.88
159810.SZ,2023,242,0.0211,5.11
159810.SZ,2024,242,0.0486,11.77
159810.SZ,2025,243,0.0301,7.32
159810.SZ,2026,177,0.0367,6.5
513080.SH,2020,137,0.0355,4.87
513080.SH,2021,243,0.0183,4.44
513080.SH,2022,242,0.0217,5.26
513080.SH,2023,242,0.0592,14.33
513080.SH,2024,242,0.4921,119.08
513080.SH,2025,242,4.8746,1179.65
513080.SH,2026,177,0.9224,163.27
515100.SH,2020,124,0.2079,25.79
515100.SH,2021,243,0.05,12.16
515100.SH,2022,242,0.1611,38.98
515100.SH,2023,242,0.645,156.08
515100.SH,2024,242,1.2615,305.28
515100.SH,2025,243,1.1291,274.37
515100.SH,2026,177,1.4144,250.34
515770.SH,2020,132,0.5219,68.89
515770.SH,2021,243,0.2299,55.87
515770.SH,2022,242,0.1618,39.16
515770.SH,2023,242,0.1288,31.17
515770.SH,2024,242,0.0971,23.49
515770.SH,2025,243,0.0698,16.96
515770.SH,2026,177,0.0361,6.4
515190.SH,2020,149,0.0203,3.02
515190.SH,2021,243,0.002,0.48
515190.SH,2022,242,0.0009,0.23
515190.SH,2023,236,0.0004,0.1
515190.SH,2024,236,0.0058,1.36
515190.SH,2025,243,0.028,6.81
515190.SH,2026,177,0.0625,11.05
159812.SZ,2020,147,0.049,7.21
159812.SZ,2021,243,0.0101,2.46
159812.SZ,2022,242,0.0065,1.58
159812.SZ,2023,242,0.0045,1.1
159812.SZ,2024,242,0.02,4.84
159812.SZ,2025,243,0.2033,49.4
159812.SZ,2026,177,0.378,66.91
518660.SH,2020,147,0.255,37.48
518660.SH,2021,243,0.0321,7.81
518660.SH,2022,242,0.0403,9.75
518660.SH,2023,242,0.0486,11.77
518660.SH,2024,242,0.1346,32.56
518660.SH,2025,243,1.8995,461.58
518660.SH,2026,177,3.3744,597.27
515960.SH,2020,139,0.115,15.99
515960.SH,2021,243,0.0254,6.17
515960.SH,2022,242,0.0734,17.76
515960.SH,2023,242,0.0714,17.28
515960.SH,2024,242,0.0548,13.27
515960.SH,2025,243,0.053,12.88
515960.SH,2026,177,0.0597,10.56
159813.SZ,2020,151,0.5091,76.87
159813.SZ,2021,243,0.4684,113.83
159813.SZ,2022,242,0.776,187.8
159813.SZ,2023,242,1.6706,404.28
159813.SZ,2024,242,2.1995,532.28
159813.SZ,2025,243,3.686,895.69
159813.SZ,2026,177,4.28,757.56
518850.SH,2020,142,0.1205,17.11
518850.SH,2021,243,0.0557,13.53
518850.SH,2022,242,0.0833,20.17
518850.SH,2023,242,0.0978,23.68
518850.SH,2024,242,0.2868,69.41
518850.SH,2025,243,4.0132,975.21
518850.SH,2026,177,6.8975,1220.86
510200.SH,2020,162,0.0669,10.84
510200.SH,2021,243,0.0554,13.46
510200.SH,2022,242,0.0218,5.29
510200.SH,2023,242,0.0243,5.88
510200.SH,2024,242,0.0653,15.81
510200.SH,2025,243,0.0655,15.92
510200.SH,2026,177,0.0529,9.37
515130.SH,2020,161,0.1143,18.41
515130.SH,2021,243,0.106,25.77
515130.SH,2022,242,0.1164,28.17
515130.SH,2023,242,0.1303,31.53
515130.SH,2024,242,0.1164,28.18
515130.SH,2025,243,0.1364,33.14
515130.SH,2026,177,0.1044,18.47
159811.SZ,2020,171,0.4529,77.45
159811.SZ,2021,243,0.1633,39.69
159811.SZ,2022,242,0.116,28.07
159811.SZ,2023,242,0.1073,25.97
159811.SZ,2024,242,0.067,16.22
159811.SZ,2025,243,0.0702,17.06
159811.SZ,2026,177,0.2514,44.49
159992.SZ,2020,179,2.6908,481.66
159992.SZ,2021,243,1.674,406.79
159992.SZ,2022,242,1.6292,394.27
159992.SZ,2023,242,3.0458,737.09
159992.SZ,2024,242,2.8975,701.2
159992.SZ,2025,243,5.0662,1231.08
159992.SZ,2026,177,8.2954,1468.29
159998.SZ,2020,178,0.3762,66.97
159998.SZ,2021,243,0.1433,34.83
159998.SZ,2022,242,0.1492,36.1
159998.SZ,2023,242,0.794,192.16
159998.SZ,2024,242,0.4971,120.3
159998.SZ,2025,243,1.008,244.95
159998.SZ,2026,177,1.2956,229.32
515890.SH,2020,173,0.0547,9.46
515890.SH,2021,243,0.0359,8.71
515890.SH,2022,242,0.1412,34.16
515890.SH,2023,242,0.1575,38.11
515890.SH,2024,242,0.1792,43.36
515890.SH,2025,243,0.1006,24.44
515890.SH,2026,177,0.0788,13.96
159991.SZ,2020,169,0.0889,15.02
159991.SZ,2021,243,0.1107,26.91
159991.SZ,2022,242,0.0964,23.33
159991.SZ,2023,242,0.0587,14.19
159991.SZ,2024,242,0.0999,24.17
159991.SZ,2025,243,0.0684,16.61
159991.SZ,2026,177,0.0551,9.76
159807.SZ,2020,187,0.6565,122.77
159807.SZ,2021,243,0.5381,130.76
159807.SZ,2022,242,0.2994,72.47
159807.SZ,2023,242,0.18,43.55
159807.SZ,2024,242,0.3382,81.85
159807.SZ,2025,243,0.4061,98.68
159807.SZ,2026,177,0.5128,90.77
515950.SH,2020,185,0.0815,15.08
515950.SH,2021,243,0.1284,31.19
515950.SH,2022,242,0.2845,68.85
515950.SH,2023,242,0.2752,66.61
515950.SH,2024,242,0.22,53.23
515950.SH,2025,243,0.2031,49.36
515950.SH,2026,177,0.1335,23.62
513090.SH,2020,189,1.4992,283.34
513090.SH,2021,243,2.8262,686.76
513090.SH,2022,242,3.064,741.49
513090.SH,2023,242,5.1307,1241.64
513090.SH,2024,242,27.8449,6738.48
513090.SH,2025,243,98.4548,23924.52
513090.SH,2026,177,57.8456,10238.67
159806.SZ,2020,193,0.6485,125.15
159806.SZ,2021,243,0.7961,193.45
159806.SZ,2022,242,0.6175,149.42
159806.SZ,2023,242,0.504,121.96
159806.SZ,2024,242,0.2474,59.87
159806.SZ,2025,243,0.2217,53.86
159806.SZ,2026,177,0.2369,41.93
511380.SH,2020,182,0.7588,138.1
511380.SH,2021,243,0.8743,212.47
511380.SH,2022,242,3.0683,742.54
511380.SH,2023,242,6.7274,1628.02
511380.SH,2024,242,18.511,4479.66
511380.SH,2025,243,71.3382,17335.19
511380.SH,2026,177,102.4937,18141.39
159805.SZ,2020,174,0.2822,49.1
159805.SZ,2021,243,0.1074,26.11
159805.SZ,2022,242,0.1198,28.98
159805.SZ,2023,242,0.2715,65.71
159805.SZ,2024,242,0.3165,76.6
159805.SZ,2025,243,0.2387,58.0
159805.SZ,2026,177,0.7475,132.31
159804.SZ,2020,186,0.074,13.77
159804.SZ,2021,243,0.0166,4.04
159804.SZ,2022,242,0.0039,0.94
159804.SZ,2023,242,0.0028,0.68
159804.SZ,2024,242,0.0071,1.72
159804.SZ,2025,243,0.0043,1.04
159804.SZ,2026,177,0.0031,0.55
515630.SH,2020,183,0.2141,39.19
515630.SH,2021,243,0.1287,31.26
515630.SH,2022,242,0.0862,20.85
515630.SH,2023,242,0.083,20.09
515630.SH,2024,242,0.1166,28.21
515630.SH,2025,243,0.279,67.81
515630.SH,2026,177,0.5411,95.78
159997.SZ,2020,193,0.7213,139.22
159997.SZ,2021,243,0.6437,156.41
159997.SZ,2022,242,0.3647,88.26
159997.SZ,2023,242,0.5724,138.52
159997.SZ,2024,242,0.4138,100.15
159997.SZ,2025,243,0.3458,84.02
159997.SZ,2026,177,0.8255,146.11
159996.SZ,2020,197,0.499,98.29
159996.SZ,2021,243,0.6533,158.74
159996.SZ,2022,242,1.0569,255.77
159996.SZ,2023,242,1.0959,265.2
159996.SZ,2024,242,0.9478,229.37
159996.SZ,2025,243,0.701,170.34
159996.SZ,2026,177,0.6876,121.71
515030.SH,2020,205,4.2085,862.75
515030.SH,2021,243,4.9553,1204.14
515030.SH,2022,242,3.9009,944.02
515030.SH,2023,242,2.6288,636.16
515030.SH,2024,242,1.3841,334.95
515030.SH,2025,243,1.3009,316.11
515030.SH,2026,177,2.2122,391.55
515160.SH,2020,207,0.0433,8.97
515160.SH,2021,243,0.0091,2.22
515160.SH,2022,242,0.0349,8.44
515160.SH,2023,242,0.0646,15.64
515160.SH,2024,242,0.0693,16.77
515160.SH,2025,243,0.0269,6.54
515160.SH,2026,177,0.0159,2.82
159994.SZ,2020,208,2.9426,612.06
159994.SZ,2021,243,0.923,224.29
159994.SZ,2022,242,0.3497,84.63
159994.SZ,2023,242,0.3063,74.12
159994.SZ,2024,242,0.3219,77.91
159994.SZ,2025,243,0.7739,188.05
159994.SZ,2026,177,2.4155,427.54
515210.SH,2020,207,0.4389,90.85
515210.SH,2021,243,1.2438,302.25
515210.SH,2022,242,0.9308,225.26
515210.SH,2023,242,0.6679,161.63
515210.SH,2024,242,0.5299,128.25
515210.SH,2025,243,1.4088,342.33
515210.SH,2026,177,1.276,225.85
515850.SH,2020,213,0.114,24.29
515850.SH,2021,243,0.1171,28.46
515850.SH,2022,242,0.1524,36.88
515850.SH,2023,242,0.2086,50.47
515850.SH,2024,242,0.1417,34.29
515850.SH,2025,243,0.3109,75.55
515850.SH,2026,177,0.4452,78.8
515220.SH,2020,207,0.6098,126.22
515220.SH,2021,243,2.0937,508.77
515220.SH,2022,242,3.2767,792.97
515220.SH,2023,242,1.7422,421.6
515220.SH,2024,242,1.9535,472.74
515220.SH,2025,243,4.5858,1114.34
515220.SH,2026,177,9.1402,1617.81
159801.SZ,2020,216,2.6936,581.83
159801.SZ,2021,243,0.7707,187.27
159801.SZ,2022,242,0.4177,101.08
159801.SZ,2023,242,0.6072,146.93
159801.SZ,2024,242,0.6384,154.5
159801.SZ,2025,243,1.2681,308.15
159801.SZ,2026,177,2.3713,419.71
159995.SZ,2020,222,16.1756,3590.99
159995.SZ,2021,243,8.459,2055.55
159995.SZ,2022,242,5.2742,1276.35
159995.SZ,2023,242,6.1611,1490.98
159995.SZ,2024,242,6.4325,1556.65
159995.SZ,2025,243,8.1161,1972.21
159995.SZ,2026,177,10.921,1933.02
515090.SH,2020,214,0.1066,22.82
515090.SH,2021,243,0.0182,4.42
515090.SH,2022,242,0.034,8.23
515090.SH,2023,242,0.0554,13.4
515090.SH,2024,242,0.0582,14.09
515090.SH,2025,242,0.0069,1.68
515090.SH,2026,177,0.0136,2.4
515450.SH,2020,210,0.0726,15.25
515450.SH,2021,243,0.1766,42.91
515450.SH,2022,242,0.2951,71.4
515450.SH,2023,242,0.3018,73.03
515450.SH,2024,242,0.4997,120.92
515450.SH,2025,243,1.4698,357.17
515450.SH,2026,177,1.979,350.29
515700.SH,2020,222,3.4147,758.07
515700.SH,2021,243,3.4438,836.84
515700.SH,2022,242,2.3119,559.48
515700.SH,2023,242,1.569,379.7
515700.SH,2024,242,0.8317,201.26
515700.SH,2025,243,0.709,172.28
515700.SH,2026,177,0.6907,122.25
515380.SH,2020,192,1.4368,275.87
515380.SH,2021,243,1.4834,360.47
515380.SH,2022,242,1.0181,246.38
515380.SH,2023,242,1.0564,255.66
515380.SH,2024,242,0.7454,180.38
515380.SH,2025,243,0.3676,89.34
515380.SH,2026,177,0.2291,40.54
159993.SZ,2020,223,0.8369,186.63
159993.SZ,2021,243,0.7814,189.89
159993.SZ,2022,242,0.4253,102.93
159993.SZ,2023,242,0.5312,128.55
159993.SZ,2024,242,0.6434,155.69
159993.SZ,2025,243,1.1839,287.68
159993.SZ,2026,177,1.1576,204.89
515350.SH,2020,223,0.1852,41.29
515350.SH,2021,243,0.1505,36.58
515350.SH,2022,242,0.1405,34.01
515350.SH,2023,242,0.0834,20.18
515350.SH,2024,242,0.0562,13.59
515350.SH,2025,243,0.0518,12.59
515350.SH,2026,177,0.0514,9.1
515980.SH,2020,222,0.3049,67.69
515980.SH,2021,243,0.129,31.34
515980.SH,2022,242,0.0417,10.09
515980.SH,2023,242,0.3845,93.04
515980.SH,2024,242,0.997,241.28
515980.SH,2025,243,2.9044,705.77
515980.SH,2026,177,3.9234,694.44
159970.SZ,2020,237,0.0662,15.7
159970.SZ,2021,243,0.0084,2.04
159970.SZ,2022,241,0.0139,3.35
159970.SZ,2023,240,0.0173,4.16
159970.SZ,2024,241,0.011,2.64
159970.SZ,2025,242,0.0078,1.88
159970.SZ,2026,177,0.0122,2.15
501090.SH,2020,241,0.0404,9.75
501090.SH,2021,243,0.0331,8.04
501090.SH,2022,242,0.0091,2.21
501090.SH,2023,242,0.0055,1.34
501090.SH,2024,242,0.0099,2.39
501090.SH,2025,243,0.0108,2.62
501090.SH,2026,177,0.0088,1.56
512730.SH,2020,223,0.1057,23.58
512730.SH,2021,243,0.1501,36.47
512730.SH,2022,242,0.1064,25.74
512730.SH,2023,242,0.1104,26.73
512730.SH,2024,242,0.0938,22.69
512730.SH,2025,243,0.104,25.26
512730.SH,2026,177,0.0899,15.91
159981.SZ,2020,232,0.045,10.43
159981.SZ,2021,243,0.2204,53.56
159981.SZ,2022,242,0.3407,82.45
159981.SZ,2023,242,0.271,65.57
159981.SZ,2024,242,0.2747,66.49
159981.SZ,2025,243,1.1096,269.64
159981.SZ,2026,177,11.9548,2116.0
515390.SH,2020,237,0.1992,47.22
515390.SH,2021,243,0.2985,72.53
515390.SH,2022,242,0.5231,126.6
515390.SH,2023,242,0.2353,56.95
515390.SH,2024,242,0.297,71.87
515390.SH,2025,243,0.2663,64.7
515390.SH,2026,177,1.0756,190.38
515070.SH,2019,6,0.3573,2.14
515070.SH,2020,243,0.5751,139.74
515070.SH,2021,243,0.1342,32.61
515070.SH,2022,242,0.0792,19.17
515070.SH,2023,242,0.4202,101.69
515070.SH,2024,242,0.8986,217.46
515070.SH,2025,243,2.1862,531.25
515070.SH,2026,177,2.4124,427.0
515330.SH,2019,4,0.7389,2.96
515330.SH,2020,243,0.2338,56.81
515330.SH,2021,243,0.1195,29.04
515330.SH,2022,242,0.1327,32.12
515330.SH,2023,242,0.0937,22.68
515330.SH,2024,242,0.3555,86.04
515330.SH,2025,243,0.3286,79.84
515330.SH,2026,177,0.2935,51.94
515310.SH,2019,5,0.3786,1.89
515310.SH,2020,243,0.0295,7.17
515310.SH,2021,243,0.0313,7.6
515310.SH,2022,242,0.0303,7.33
515310.SH,2023,242,0.0766,18.54
515310.SH,2024,242,0.2039,49.34
515310.SH,2025,243,0.2269,55.14
515310.SH,2026,177,0.2717,48.09
515080.SH,2019,3,0.7148,2.14
515080.SH,2020,243,0.1065,25.88
515080.SH,2021,243,0.2447,59.46
515080.SH,2022,242,0.5374,130.06
515080.SH,2023,242,1.52,367.84
515080.SH,2024,242,2.2141,535.8
515080.SH,2025,243,2.1582,524.44
515080.SH,2026,177,3.3809,598.43
515060.SH,2020,242,0.0328,7.93
515060.SH,2021,243,0.0439,10.66
515060.SH,2022,242,0.2458,59.48
515060.SH,2023,242,0.3805,92.08
515060.SH,2024,242,0.3868,93.61
515060.SH,2025,243,0.2805,68.15
515060.SH,2026,177,0.4341,76.83
515180.SH,2019,8,0.5969,4.78
515180.SH,2020,243,0.1986,48.25
515180.SH,2021,243,0.2657,64.57
515180.SH,2022,242,0.4629,112.03
515180.SH,2023,242,0.497,120.28
515180.SH,2024,242,0.9158,221.63
515180.SH,2025,243,1.3744,333.98
515180.SH,2026,177,3.4978,619.11
515660.SH,2019,6,0.0062,0.04
515660.SH,2020,243,0.0168,4.08
515660.SH,2021,243,0.0329,8.0
515660.SH,2022,242,0.0092,2.24
515660.SH,2023,242,0.0084,2.02
515660.SH,2024,242,0.0379,9.18
515660.SH,2025,243,0.0651,15.81
515660.SH,2026,177,0.0401,7.1
159982.SZ,2020,214,0.1434,30.69
159982.SZ,2021,243,0.1623,39.45
159982.SZ,2022,242,0.1188,28.76
159982.SZ,2023,242,0.0872,21.1
159982.SZ,2024,242,0.1973,47.76
159982.SZ,2025,243,0.0892,21.68
159982.SZ,2026,177,0.1828,32.35
515550.SH,2019,5,0.3802,1.9
515550.SH,2020,242,0.0072,1.74
515550.SH,2021,243,0.0015,0.37
515550.SH,2022,238,0.0009,0.21
515550.SH,2023,236,0.0006,0.14
515550.SH,2024,238,0.0034,0.81
515550.SH,2025,243,0.0042,1.02
515550.SH,2026,177,0.0175,3.1
515750.SH,2019,18,1.0532,18.96
515750.SH,2020,243,0.9656,234.65
515750.SH,2021,243,0.2699,65.59
515750.SH,2022,242,0.2242,54.26
515750.SH,2023,242,0.1952,47.24
515750.SH,2024,242,0.1098,26.58
515750.SH,2025,243,0.1883,45.76
515750.SH,2026,177,0.1646,29.14
515590.SH,2020,231,0.06,13.85
515590.SH,2021,242,0.0074,1.8
515590.SH,2022,242,0.0091,2.21
515590.SH,2023,242,0.0057,1.38
515590.SH,2024,242,0.0136,3.29
515590.SH,2025,241,0.0089,2.15
515590.SH,2026,177,0.0162,2.87
159975.SZ,2020,243,0.1588,38.58
159975.SZ,2021,243,0.0894,21.73
159975.SZ,2022,242,0.1145,27.72
159975.SZ,2023,242,0.0524,12.68
159975.SZ,2024,242,0.0638,15.44
159975.SZ,2025,243,0.0273,6.63
159975.SZ,2026,177,0.0443,7.83
511060.SH,2019,14,0.5066,7.09
511060.SH,2020,241,0.1157,27.88
511060.SH,2021,239,0.0501,11.98
511060.SH,2022,242,1.3335,322.7
511060.SH,2023,242,3.7296,902.55
511060.SH,2024,242,2.4574,594.68
511060.SH,2025,243,10.6599,2590.36
511060.SH,2026,177,11.8055,2089.57
515150.SH,2020,234,0.3851,90.12
515150.SH,2021,243,0.0856,20.79
515150.SH,2022,242,0.0339,8.19
515150.SH,2023,242,0.0758,18.35
515150.SH,2024,242,0.1027,24.86
515150.SH,2025,243,0.0442,10.75
515150.SH,2026,177,0.0343,6.07
515990.SH,2020,232,0.1408,32.65
515990.SH,2021,243,0.021,5.11
515990.SH,2022,239,0.0024,0.57
515990.SH,2023,242,0.0552,13.36
515990.SH,2024,242,0.0514,12.43
515990.SH,2025,243,0.0129,3.15
515990.SH,2026,177,0.0175,3.09
515110.SH,2020,234,0.3745,87.63
515110.SH,2021,243,0.0795,19.31
515110.SH,2022,242,0.1289,31.2
515110.SH,2023,242,0.1141,27.61
515110.SH,2024,242,0.0655,15.84
515110.SH,2025,243,0.0584,14.2
515110.SH,2026,177,0.0861,15.24
159976.SZ,2020,232,0.1806,41.91
159976.SZ,2021,243,0.0223,5.43
159976.SZ,2022,242,0.0226,5.46
159976.SZ,2023,241,0.0094,2.26
159976.SZ,2024,239,0.0074,1.76
159976.SZ,2025,243,0.0086,2.09
159976.SZ,2026,177,0.0245,4.33
515200.SH,2019,33,0.2623,8.66
515200.SH,2020,243,0.1072,26.05
515200.SH,2021,243,0.0805,19.55
515200.SH,2022,242,0.0498,12.04
515200.SH,2023,242,0.026,6.3
515200.SH,2024,242,0.0402,9.74
515200.SH,2025,243,0.0387,9.4
515200.SH,2026,177,0.0362,6.41
159980.SZ,2019,6,0.1571,0.94
159980.SZ,2020,243,0.2888,70.19
159980.SZ,2021,243,0.3584,87.09
159980.SZ,2022,242,0.6518,157.73
159980.SZ,2023,242,0.5449,131.87
159980.SZ,2024,242,1.0435,252.53
159980.SZ,2025,243,1.9232,467.33
159980.SZ,2026,177,6.7678,1197.91
515020.SH,2019,21,0.1016,2.13
515020.SH,2020,243,0.026,6.32
515020.SH,2021,243,0.0359,8.72
515020.SH,2022,242,0.0531,12.84
515020.SH,2023,242,0.125,30.26
515020.SH,2024,242,0.1472,35.62
515020.SH,2025,243,0.2825,68.65
515020.SH,2026,177,1.1811,209.05
510530.SH,2020,242,0.2496,60.41
510530.SH,2021,243,0.0453,11.01
510530.SH,2022,242,0.0442,10.7
510530.SH,2023,242,0.0444,10.75
510530.SH,2024,242,0.0555,13.43
510530.SH,2025,243,0.0683,16.6
510530.SH,2026,177,0.0615,10.88
515650.SH,2019,37,0.2115,7.82
515650.SH,2020,243,0.4045,98.3
515650.SH,2021,243,0.6372,154.84
515650.SH,2022,242,0.6657,161.11
515650.SH,2023,242,0.6738,163.07
515650.SH,2024,242,0.5013,121.32
515650.SH,2025,243,0.7373,179.16
515650.SH,2026,177,0.7538,133.42
515810.SH,2019,48,0.2713,13.02
515810.SH,2020,243,0.0788,19.16
515810.SH,2021,243,0.0657,15.95
515810.SH,2022,242,0.1037,25.1
515810.SH,2023,242,0.0883,21.37
515810.SH,2024,242,0.0967,23.39
515810.SH,2025,243,0.1176,28.59
515810.SH,2026,177,0.1439,25.47
515800.SH,2019,12,1.6312,19.57
515800.SH,2020,243,0.5321,129.29
515800.SH,2021,243,0.3428,83.31
515800.SH,2022,242,0.388,93.9
515800.SH,2023,242,1.1645,281.81
515800.SH,2024,242,1.3027,315.24
515800.SH,2025,243,0.9564,232.41
515800.SH,2026,177,1.2132,214.73
515580.SH,2019,47,0.5212,24.5
515580.SH,2020,243,0.2241,54.46
515580.SH,2021,242,0.137,33.16
515580.SH,2022,242,0.1633,39.52
515580.SH,2023,242,0.1499,36.27
515580.SH,2024,242,0.144,34.86
515580.SH,2025,243,0.1289,31.32
515580.SH,2026,177,0.1292,22.88
515860.SH,2019,51,0.3973,20.26
515860.SH,2020,243,0.2253,54.76
515860.SH,2021,243,0.0792,19.24
515860.SH,2022,242,0.0301,7.28
515860.SH,2023,242,0.027,6.54
515860.SH,2024,242,0.0246,5.96
515860.SH,2025,243,0.0392,9.52
515860.SH,2026,177,0.0735,13.01
159985.SZ,2019,19,0.1029,1.96
159985.SZ,2020,243,0.2811,68.3
159985.SZ,2021,243,0.1648,40.06
159985.SZ,2022,242,0.4295,103.94
159985.SZ,2023,242,0.8341,201.86
159985.SZ,2024,242,2.6416,639.27
159985.SZ,2025,243,2.98,724.14
159985.SZ,2026,177,5.1637,913.97
515360.SH,2019,43,0.0457,1.97
515360.SH,2020,240,0.012,2.89
515360.SH,2021,243,0.0146,3.55
515360.SH,2022,242,0.0083,2.01
515360.SH,2023,242,0.0019,0.47
515360.SH,2024,241,0.0121,2.93
515360.SH,2025,240,0.0111,2.66
515360.SH,2026,177,0.0151,2.67
512970.SH,2019,37,0.2874,10.63
512970.SH,2020,243,0.2246,54.57
512970.SH,2021,243,0.0023,0.57
512970.SH,2022,241,0.014,3.38
512970.SH,2023,242,0.0017,0.41
512970.SH,2024,242,0.0018,0.42
512970.SH,2025,243,0.0036,0.88
512970.SH,2026,177,0.015,2.66
515680.SH,2019,10,0.157,1.57
515680.SH,2020,243,0.4147,100.78
515680.SH,2021,243,0.0801,19.47
515680.SH,2022,240,0.021,5.03
515680.SH,2023,242,0.2335,56.5
515680.SH,2024,242,0.1234,29.87
515680.SH,2025,243,0.0647,15.73
515680.SH,2026,177,0.0505,8.93
159974.SZ,2019,10,0.0278,0.28
159974.SZ,2020,242,0.0871,21.08
159974.SZ,2021,240,0.0123,2.96
159974.SZ,2022,241,0.0533,12.84
159974.SZ,2023,242,0.1272,30.77
159974.SZ,2024,242,0.0724,17.53
159974.SZ,2025,243,0.023,5.6
159974.SZ,2026,177,0.016,2.83
515600.SH,2019,10,0.0537,0.54
515600.SH,2020,242,0.2696,65.24
515600.SH,2021,241,0.0471,11.36
515600.SH,2022,242,0.0183,4.43
515600.SH,2023,242,0.4257,103.02
515600.SH,2024,242,0.2504,60.59
515600.SH,2025,243,0.1054,25.62
515600.SH,2026,177,0.071,12.57
515900.SH,2019,10,0.0345,0.35
515900.SH,2020,243,0.5194,126.21
515900.SH,2021,243,0.1001,24.33
515900.SH,2022,242,0.1704,41.23
515900.SH,2023,242,0.7445,180.17
515900.SH,2024,242,0.5909,142.99
515900.SH,2025,243,0.1655,40.21
515900.SH,2026,177,0.0879,15.55
515050.SH,2019,55,2.7475,151.11
515050.SH,2020,243,11.2014,2721.93
515050.SH,2021,243,2.7406,665.97
515050.SH,2022,242,1.1075,268.02
515050.SH,2023,242,0.8339,201.8
515050.SH,2024,242,0.9564,231.44
515050.SH,2025,243,2.593,630.09
515050.SH,2026,177,9.4856,1678.95
515010.SH,2019,39,0.0996,3.88
515010.SH,2020,243,0.0614,14.92
515010.SH,2021,243,0.1245,30.26
515010.SH,2022,242,0.1189,28.76
515010.SH,2023,242,0.1829,44.27
515010.SH,2024,242,0.3108,75.21
515010.SH,2025,243,0.5019,121.95
515010.SH,2026,177,0.5444,96.35
159977.SZ,2019,63,0.4151,26.15
159977.SZ,2020,243,0.4092,99.44
159977.SZ,2021,243,0.2806,68.19
159977.SZ,2022,242,0.2338,56.57
159977.SZ,2023,242,0.3574,86.49
159977.SZ,2024,242,0.7538,182.41
159977.SZ,2025,243,1.0651,258.83
159977.SZ,2026,177,2.1695,384.0
510100.SH,2019,60,0.2405,14.43
510100.SH,2020,243,0.1634,39.7
510100.SH,2021,243,0.2279,55.37
510100.SH,2022,242,0.3297,79.8
510100.SH,2023,241,1.0581,255.0
510100.SH,2024,242,1.9127,462.87
510100.SH,2025,243,2.3288,565.89
510100.SH,2026,177,4.2035,744.03
512530.SH,2019,67,0.1616,10.83
512530.SH,2020,243,0.0237,5.77
512530.SH,2021,243,0.0069,1.68
512530.SH,2022,242,0.0053,1.28
512530.SH,2023,242,0.0281,6.81
512530.SH,2024,242,0.0447,10.82
512530.SH,2025,243,0.0475,11.54
512530.SH,2026,177,0.0665,11.77
159972.SZ,2019,38,0.4102,15.59
159972.SZ,2020,243,0.1935,47.03
159972.SZ,2021,238,0.2089,49.72
159972.SZ,2022,242,0.3455,83.62
159972.SZ,2023,242,0.4872,117.9
159972.SZ,2024,242,1.1293,273.28
159972.SZ,2025,243,12.9879,3156.06
159972.SZ,2026,177,15.1979,2690.02
515880.SH,2019,77,1.6426,126.48
515880.SH,2020,243,1.5637,379.98
515880.SH,2021,243,0.9506,230.99
515880.SH,2022,242,0.4315,104.43
515880.SH,2023,242,1.5533,375.89
515880.SH,2024,242,2.2861,553.25
515880.SH,2025,243,7.6642,1862.4
515880.SH,2026,177,32.1968,5698.83
515300.SH,2019,69,0.1353,9.34
515300.SH,2020,243,0.0455,11.06
515300.SH,2021,243,0.0142,3.44
515300.SH,2022,242,0.0122,2.95
515300.SH,2023,242,0.1001,24.23
515300.SH,2024,242,0.4137,100.11
515300.SH,2025,243,1.1887,288.85
515300.SH,2026,177,1.2886,228.09
512190.SH,2019,76,0.0398,3.02
512190.SH,2020,242,0.0049,1.18
512190.SH,2021,241,0.0019,0.47
512190.SH,2022,237,0.0013,0.32
512190.SH,2023,229,0.0011,0.25
512190.SH,2024,240,0.0009,0.22
512190.SH,2025,243,0.0031,0.76
512190.SH,2026,177,0.0169,2.99
159968.SZ,2019,44,1.181,51.96
159968.SZ,2020,243,0.9419,228.87
159968.SZ,2021,243,0.2384,57.92
159968.SZ,2022,242,0.165,39.93
159968.SZ,2023,242,0.0998,24.15
159968.SZ,2024,242,0.1496,36.2
159968.SZ,2025,243,0.1003,24.37
159968.SZ,2026,177,0.1522,26.93
512650.SH,2019,48,0.4869,23.37
512650.SH,2020,243,0.137,33.29
512650.SH,2021,242,0.057,13.8
512650.SH,2022,242,0.0441,10.67
512650.SH,2023,242,0.058,14.04
512650.SH,2024,242,0.0532,12.88
512650.SH,2025,243,0.0479,11.64
512650.SH,2026,177,0.0351,6.21
512710.SH,2019,86,1.3882,119.38
512710.SH,2020,243,1.3913,338.08
512710.SH,2021,242,2.1696,525.04
512710.SH,2022,242,1.5578,376.99
512710.SH,2023,242,1.6478,398.78
512710.SH,2024,242,1.843,446.0
512710.SH,2025,243,6.3833,1551.15
512710.SH,2026,177,4.812,851.72
515000.SH,2019,92,5.0559,465.14
515000.SH,2020,243,5.1569,1253.12
515000.SH,2021,243,1.3085,317.97
515000.SH,2022,242,0.5782,139.93
515000.SH,2023,242,0.7921,191.7
515000.SH,2024,242,0.8033,194.4
515000.SH,2025,243,1.068,259.53
515000.SH,2026,177,1.6688,295.37
159973.SZ,2019,96,0.0012,0.11
159973.SZ,2020,243,0.0009,0.21
159973.SZ,2021,243,0.0024,0.59
159973.SZ,2022,237,0.0012,0.29
159973.SZ,2023,236,0.0085,2.0
159973.SZ,2024,242,0.0089,2.15
159973.SZ,2025,243,0.008,1.95
159973.SZ,2026,177,0.007,1.24
512930.SH,2019,87,0.0605,5.26
512930.SH,2020,243,0.0987,23.98
512930.SH,2021,243,0.0143,3.46
512930.SH,2022,242,0.0038,0.93
512930.SH,2023,242,0.1042,25.22
512930.SH,2024,242,0.6327,153.12
512930.SH,2025,243,1.5303,371.86
512930.SH,2026,177,1.837,325.14
512720.SH,2019,92,0.5969,54.92
512720.SH,2020,243,0.7505,182.38
512720.SH,2021,243,0.4508,109.54
512720.SH,2022,242,0.5335,129.11
512720.SH,2023,242,1.1343,274.51
512720.SH,2024,242,0.7011,169.66
512720.SH,2025,243,0.6349,154.28
512720.SH,2026,177,0.4339,76.8
512670.SH,2019,103,0.2157,22.22
512670.SH,2020,243,0.2518,61.18
512670.SH,2021,242,1.4604,353.42
512670.SH,2022,242,1.5285,369.9
512670.SH,2023,242,1.2202,295.3
512670.SH,2024,242,1.2136,293.69
512670.SH,2025,243,2.5733,625.31
512670.SH,2026,177,1.3193,233.51
159967.SZ,2019,116,0.159,18.44
159967.SZ,2020,243,0.4039,98.14
159967.SZ,2021,243,2.4309,590.7
159967.SZ,2022,242,1.3862,335.45
159967.SZ,2023,242,1.1034,267.03
159967.SZ,2024,242,1.4453,349.77
159967.SZ,2025,243,1.6982,412.67
159967.SZ,2026,177,6.9727,1234.17
159966.SZ,2019,116,0.3655,42.4
159966.SZ,2020,243,1.177,286.0
159966.SZ,2021,243,0.3544,86.13
159966.SZ,2022,242,0.1278,30.92
159966.SZ,2023,242,0.0824,19.95
159966.SZ,2024,242,0.0785,19.01
159966.SZ,2025,243,0.071,17.26
159966.SZ,2026,177,0.0801,14.17
513800.SH,2019,130,0.0191,2.48
513800.SH,2020,243,0.0018,0.44
513800.SH,2021,243,0.0005,0.13
513800.SH,2022,242,0.0038,0.92
513800.SH,2023,242,0.0245,5.94
513800.SH,2024,242,0.3621,87.63
513800.SH,2025,243,0.5128,124.62
513800.SH,2026,177,0.9779,173.09
513000.SH,2019,130,0.0453,5.89
513000.SH,2020,243,0.0451,10.97
513000.SH,2021,243,0.0243,5.9
513000.SH,2022,242,0.0192,4.65
513000.SH,2023,242,0.171,41.37
513000.SH,2024,242,0.7597,183.85
513000.SH,2025,243,1.5343,372.84
513000.SH,2026,177,1.8905,334.61
513880.SH,2019,130,0.0408,5.3
513880.SH,2020,243,0.0501,12.18
513880.SH,2021,243,0.0459,11.15
513880.SH,2022,242,0.0292,7.07
513880.SH,2023,242,0.0857,20.73
513880.SH,2024,242,1.613,390.34
513880.SH,2025,243,1.3207,320.93
513880.SH,2026,177,2.5705,454.97
513520.SH,2019,130,0.0409,5.32
513520.SH,2020,243,0.1507,36.61
513520.SH,2021,243,0.0611,14.84
513520.SH,2022,242,0.0416,10.07
513520.SH,2023,242,0.3498,84.65
513520.SH,2024,242,4.7527,1150.15
513520.SH,2025,243,3.3574,815.84
513520.SH,2026,177,3.8815,687.03
159971.SZ,2019,125,0.0688,8.61
159971.SZ,2020,243,0.0049,1.2
159971.SZ,2021,242,0.0044,1.07
159971.SZ,2022,241,0.0049,1.17
159971.SZ,2023,242,0.0104,2.52
159971.SZ,2024,242,0.3177,76.89
159971.SZ,2025,243,0.5321,129.31
159971.SZ,2026,177,0.9106,161.18
512910.SH,2019,126,0.2412,30.39
512910.SH,2020,243,0.2038,49.53
512910.SH,2021,243,0.2063,50.12
512910.SH,2022,242,0.1756,42.5
512910.SH,2023,242,0.2255,54.57
512910.SH,2024,242,0.1439,34.83
512910.SH,2025,243,0.1185,28.8
512910.SH,2026,177,0.126,22.31
512750.SH,2019,122,0.4865,59.36
512750.SH,2020,243,0.1247,30.3
512750.SH,2021,243,0.0424,10.31
512750.SH,2022,242,0.0761,18.42
512750.SH,2023,242,0.0839,20.29
512750.SH,2024,242,0.0834,20.17
512750.SH,2025,243,0.0469,11.39
512750.SH,2026,177,0.0297,5.25
512170.SH,2019,136,0.1617,22.0
512170.SH,2020,243,1.2509,303.96
512170.SH,2021,242,2.8545,690.8
512170.SH,2022,242,4.1987,1016.09
512170.SH,2023,242,4.852,1174.19
512170.SH,2024,242,4.9759,1204.18
512170.SH,2025,243,6.129,1489.35
512170.SH,2026,177,6.3844,1130.04
510350.SH,2019,92,1.4609,134.4
510350.SH,2020,243,0.6992,169.9
510350.SH,2021,243,0.2625,63.79
510350.SH,2022,242,0.3176,76.85
510350.SH,2023,242,0.1911,46.25
510350.SH,2024,242,0.3538,85.63
510350.SH,2025,243,0.3789,92.08
510350.SH,2026,177,0.2865,50.72
512760.SH,2019,139,1.8642,259.12
512760.SH,2020,242,10.6089,2567.35
512760.SH,2021,243,5.0465,1226.3
512760.SH,2022,242,3.5967,870.4
512760.SH,2023,242,4.7355,1146.0
512760.SH,2024,242,4.1257,998.43
512760.SH,2025,243,4.0971,995.6
512760.SH,2026,177,4.9542,876.9
512480.SH,2019,139,0.3156,43.86
512480.SH,2020,243,3.6179,879.16
512480.SH,2021,242,5.03,1217.25
512480.SH,2022,242,5.6484,1366.9
512480.SH,2023,242,13.0697,3162.86
512480.SH,2024,242,12.8746,3115.64
512480.SH,2025,243,14.375,3493.12
512480.SH,2026,177,16.758,2966.16
511220.SH,2014,12,0.0767,0.92
511220.SH,2015,238,0.0446,10.62
511220.SH,2016,244,0.0508,12.4
511220.SH,2017,244,0.1159,28.28
511220.SH,2018,243,0.0776,18.86
511220.SH,2019,244,0.0447,10.9
511220.SH,2020,243,0.0465,11.29
511220.SH,2021,243,0.045,10.94
511220.SH,2022,242,0.6236,150.91
511220.SH,2023,242,2.8026,678.24
511220.SH,2024,242,3.6819,891.02
511220.SH,2025,243,6.2667,1522.81
511220.SH,2026,177,13.7223,2428.84
512290.SH,2019,155,0.3985,61.77
512290.SH,2020,243,2.136,519.05
512290.SH,2021,243,1.5011,364.76
512290.SH,2022,242,1.402,339.28
512290.SH,2023,242,1.3297,321.8
512290.SH,2024,242,0.827,200.13
512290.SH,2025,243,0.8016,194.78
512290.SH,2026,177,1.1926,211.09
512690.SH,2019,165,0.2419,39.91
512690.SH,2020,243,1.3732,333.68
512690.SH,2021,242,5.9981,1451.53
512690.SH,2022,242,5.353,1295.41
512690.SH,2023,242,5.9154,1431.54
512690.SH,2024,242,5.359,1296.89
512690.SH,2025,243,8.7205,2119.08
512690.SH,2026,177,7.5506,1336.46
512380.SH,2019,166,0.7119,118.18
512380.SH,2020,243,0.2984,72.51
512380.SH,2021,243,0.1881,45.72
512380.SH,2022,242,0.1502,36.34
512380.SH,2023,242,0.1067,25.83
512380.SH,2024,242,0.0717,17.35
512380.SH,2025,243,0.0489,11.87
512380.SH,2026,177,0.0363,6.43
159965.SZ,2019,170,0.0803,13.64
159965.SZ,2020,243,0.0303,7.36
159965.SZ,2021,243,0.0083,2.02
159965.SZ,2022,242,0.0047,1.14
159965.SZ,2023,242,0.0054,1.31
159965.SZ,2024,242,0.0114,2.75
159965.SZ,2025,243,0.0065,1.58
159965.SZ,2026,177,0.0037,0.66
159964.SZ,2019,173,0.0159,2.76
159964.SZ,2020,243,0.0044,1.07
159964.SZ,2021,243,0.0022,0.54
159964.SZ,2022,242,0.0067,1.63
159964.SZ,2023,242,0.0357,8.64
159964.SZ,2024,242,0.1109,26.84
159964.SZ,2025,243,0.0708,17.21
159964.SZ,2026,177,0.0635,11.24
511030.SH,2019,184,0.004,0.73
511030.SH,2020,207,0.0054,1.11
511030.SH,2021,242,0.0155,3.75
511030.SH,2022,242,0.5404,130.77
511030.SH,2023,242,2.4766,599.34
511030.SH,2024,242,4.4033,1065.6
511030.SH,2025,243,17.0785,4150.08
511030.SH,2026,177,29.483,5218.49
511020.SH,2019,193,0.0049,0.95
511020.SH,2020,225,0.0037,0.83
511020.SH,2021,196,0.0017,0.33
511020.SH,2022,230,0.5758,132.42
511020.SH,2023,242,4.3799,1059.93
511020.SH,2024,242,3.523,852.56
511020.SH,2025,243,5.9542,1446.86
511020.SH,2026,177,9.3541,1655.67
512150.SH,2019,231,0.0251,5.79
512150.SH,2020,243,0.0247,6.0
512150.SH,2021,243,0.0452,10.99
512150.SH,2022,242,0.0255,6.18
512150.SH,2023,242,0.0126,3.05
512150.SH,2024,242,0.0479,11.6
512150.SH,2025,243,0.0255,6.19
512150.SH,2026,177,0.0131,2.32
512890.SH,2019,232,0.0646,14.98
512890.SH,2020,243,0.0255,6.19
512890.SH,2021,242,0.0213,5.16
512890.SH,2022,242,0.1719,41.59
512890.SH,2023,242,0.5799,140.34
512890.SH,2024,242,2.6308,636.66
512890.SH,2025,243,4.8264,1172.82
512890.SH,2026,177,8.1533,1443.14
512870.SH,2019,212,0.053,11.24
512870.SH,2020,243,0.0119,2.88
512870.SH,2021,238,0.0058,1.39
512870.SH,2022,227,0.0009,0.2
512870.SH,2023,220,0.0005,0.11
512870.SH,2024,232,0.0013,0.3
512870.SH,2025,243,0.0028,0.69
512870.SH,2026,177,0.0031,0.56
159908.SZ,2011,117,0.032,3.75
159908.SZ,2012,242,0.0036,0.88
159908.SZ,2013,237,0.0119,2.82
159908.SZ,2014,244,0.0027,0.66
159908.SZ,2015,241,0.0201,4.84
159908.SZ,2016,221,0.0003,0.08
159908.SZ,2017,209,0.0005,0.11
159908.SZ,2018,209,0.0004,0.09
159908.SZ,2019,244,0.017,4.16
159908.SZ,2020,243,0.0344,8.36
159908.SZ,2021,243,0.0347,8.44
159908.SZ,2022,242,0.0831,20.12
159908.SZ,2023,242,0.1248,30.19
159908.SZ,2024,242,0.2411,58.35
159908.SZ,2025,243,0.2561,62.24
159908.SZ,2026,177,0.4707,83.32
510850.SH,2019,204,1.7853,364.2
510850.SH,2020,243,1.2865,312.62
510850.SH,2021,243,0.5766,140.12
510850.SH,2022,242,0.323,78.17
510850.SH,2023,242,0.1567,37.93
510850.SH,2024,242,0.1308,31.66
510850.SH,2025,243,0.1458,35.43
510850.SH,2026,177,0.122,21.6
512260.SH,2019,237,0.1249,29.59
512260.SH,2020,243,0.1195,29.04
512260.SH,2021,243,0.0405,9.85
512260.SH,2022,242,0.0231,5.6
512260.SH,2023,242,0.0128,3.09
512260.SH,2024,242,0.0171,4.13
512260.SH,2025,243,0.0095,2.3
512260.SH,2026,177,0.0133,2.36
510550.SH,2019,234,0.0237,5.55
510550.SH,2020,243,0.0098,2.37
510550.SH,2021,243,0.0049,1.18
510550.SH,2022,242,0.0031,0.74
510550.SH,2023,242,0.0021,0.52
510550.SH,2024,242,0.0088,2.13
510550.SH,2025,243,0.0098,2.38
510550.SH,2026,177,0.0174,3.08
512040.SH,2018,22,0.2127,4.68
512040.SH,2019,244,0.1429,34.86
512040.SH,2020,243,0.0466,11.31
512040.SH,2021,243,0.0304,7.4
512040.SH,2022,242,0.1952,47.24
512040.SH,2023,242,0.1865,45.14
512040.SH,2024,242,0.5596,135.42
512040.SH,2025,243,0.4615,112.14
512040.SH,2026,177,1.5602,276.15
159961.SZ,2018,8,0.1515,1.21
159961.SZ,2019,244,0.0115,2.8
159961.SZ,2020,243,0.0071,1.72
159961.SZ,2021,243,0.0056,1.36
159961.SZ,2022,237,0.0008,0.18
159961.SZ,2023,231,0.0171,3.96
159961.SZ,2024,242,0.0584,14.12
159961.SZ,2025,243,0.0361,8.77
159961.SZ,2026,177,0.0454,8.03
512820.SH,2018,26,0.0116,0.3
512820.SH,2019,243,0.0603,14.64
512820.SH,2020,243,0.0798,19.4
512820.SH,2021,243,0.1361,33.06
512820.SH,2022,242,0.2024,48.98
512820.SH,2023,242,0.3014,72.95
512820.SH,2024,242,0.4173,100.99
512820.SH,2025,243,1.1284,274.2
512820.SH,2026,177,0.999,176.82
159959.SZ,2019,232,0.2403,55.76
159959.SZ,2020,243,0.0796,19.34
159959.SZ,2021,243,0.0104,2.53
159959.SZ,2022,242,0.0266,6.44
159959.SZ,2023,242,0.1312,31.76
159959.SZ,2024,242,0.1819,44.03
159959.SZ,2025,243,0.0457,11.11
159959.SZ,2026,177,0.0182,3.22
512960.SH,2019,232,0.7867,182.51
512960.SH,2020,243,0.2743,66.66
512960.SH,2021,243,0.2503,60.82
512960.SH,2022,242,0.0269,6.51
512960.SH,2023,242,0.2745,66.44
512960.SH,2024,242,0.2122,51.35
512960.SH,2025,243,0.1003,24.36
512960.SH,2026,177,0.0677,11.98
512950.SH,2019,232,0.2723,63.18
512950.SH,2020,243,0.4996,121.41
512950.SH,2021,243,0.2021,49.11
512950.SH,2022,242,0.0408,9.88
512950.SH,2023,242,0.5056,122.36
512950.SH,2024,242,0.322,77.92
512950.SH,2025,243,0.1462,35.52
512950.SH,2026,177,0.1247,22.07
511270.SH,2018,27,0.5885,15.89
511270.SH,2019,243,0.0712,17.3
511270.SH,2020,241,0.1842,44.38
511270.SH,2021,242,0.0615,14.88
511270.SH,2022,242,1.1226,271.67
511270.SH,2023,242,3.8343,927.91
511270.SH,2024,242,2.9741,719.72
511270.SH,2025,243,11.1037,2698.19
511270.SH,2026,177,17.189,3042.46
159960.SZ,2018,50,0.0068,0.34
159960.SZ,2019,240,0.0045,1.08
159960.SZ,2020,243,0.0094,2.3
159960.SZ,2021,243,0.0314,7.63
159960.SZ,2022,242,0.0248,6.0
159960.SZ,2023,242,0.0281,6.8
159960.SZ,2024,242,0.0682,16.51
159960.SZ,2025,243,0.0886,21.52
159960.SZ,2026,177,0.1056,18.69
512990.SH,2015,192,0.4151,79.7
512990.SH,2016,244,0.0172,4.19
512990.SH,2017,244,0.0211,5.14
512990.SH,2018,243,0.1229,29.86
512990.SH,2019,244,0.1846,45.05
512990.SH,2020,243,0.2499,60.74
512990.SH,2021,243,0.1463,35.56
512990.SH,2022,242,0.0862,20.86
512990.SH,2023,242,0.0487,11.77
512990.SH,2024,242,0.0478,11.58
512990.SH,2025,243,0.0368,8.95
512990.SH,2026,177,0.0447,7.92
510600.SH,2018,66,0.0625,4.13
510600.SH,2019,244,0.0565,13.8
510600.SH,2020,243,0.0706,17.16
510600.SH,2021,243,0.0919,22.34
510600.SH,2022,242,0.0224,5.43
510600.SH,2023,242,0.0388,9.4
510600.SH,2024,242,0.056,13.55
510600.SH,2025,243,0.0244,5.94
510600.SH,2026,177,0.0235,4.16
512770.SH,2018,91,0.0283,2.58
512770.SH,2019,244,0.0103,2.5
512770.SH,2020,243,0.0383,9.32
512770.SH,2021,243,0.1077,26.18
512770.SH,2022,242,0.0262,6.33
512770.SH,2023,242,0.0125,3.02
512770.SH,2024,242,0.0156,3.76
512770.SH,2025,243,0.0263,6.38
512770.SH,2026,177,0.051,9.03
512360.SH,2018,110,0.0356,3.91
512360.SH,2019,244,0.0132,3.22
512360.SH,2020,239,0.0034,0.8
512360.SH,2021,233,0.0014,0.33
512360.SH,2022,207,0.0003,0.07
512360.SH,2023,235,0.0015,0.35
512360.SH,2024,221,0.0035,0.77
512360.SH,2025,236,0.0037,0.87
512360.SH,2026,177,0.0021,0.37
512090.SH,2018,144,1.1544,166.24
512090.SH,2019,244,0.6891,168.14
512090.SH,2020,243,0.2436,59.18
512090.SH,2021,243,0.2179,52.96
512090.SH,2022,242,0.196,47.43
512090.SH,2023,242,0.1018,24.63
512090.SH,2024,242,0.1101,26.63
512090.SH,2025,243,0.6813,165.54
512090.SH,2026,177,1.19,210.63
513900.SH,2018,146,0.0158,2.31
513900.SH,2019,236,0.007,1.65
513900.SH,2020,243,0.0362,8.8
513900.SH,2021,243,0.3663,89.0
513900.SH,2022,242,0.3222,77.98
513900.SH,2023,242,0.1984,48.01
513900.SH,2024,242,0.1429,34.57
513900.SH,2025,243,0.3007,73.06
513900.SH,2026,177,0.2518,44.56
512520.SH,2018,154,0.1542,23.75
512520.SH,2019,244,0.0968,23.63
512520.SH,2020,243,0.0317,7.7
512520.SH,2021,243,0.0154,3.73
512520.SH,2022,242,0.0217,5.25
512520.SH,2023,242,0.0178,4.31
512520.SH,2024,242,0.0308,7.45
512520.SH,2025,243,0.0146,3.54
512520.SH,2026,177,0.0063,1.12
512180.SH,2018,153,0.9656,147.73
512180.SH,2019,244,0.42,102.49
512180.SH,2020,243,0.05,12.14
512180.SH,2021,243,0.009,2.2
512180.SH,2022,242,0.0038,0.91
512180.SH,2023,241,0.0033,0.8
512180.SH,2024,235,0.0042,0.99
512180.SH,2025,242,0.0026,0.62
512180.SH,2026,176,0.0023,0.41
512160.SH,2018,167,0.4041,67.48
512160.SH,2019,244,0.4555,111.14
512160.SH,2020,243,0.2936,71.35
512160.SH,2021,243,0.3123,75.88
512160.SH,2022,242,0.2153,52.11
512160.SH,2023,242,0.0715,17.3
512160.SH,2024,242,0.0508,12.3
512160.SH,2025,243,0.0433,10.53
512160.SH,2026,177,0.0256,4.53
510590.SH,2018,164,0.2903,47.61
510590.SH,2019,244,0.2951,72.0
510590.SH,2020,243,0.1907,46.33
510590.SH,2021,243,0.0597,14.51
510590.SH,2022,242,0.0582,14.08
510590.SH,2023,242,0.0587,14.22
510590.SH,2024,242,0.0616,14.91
510590.SH,2025,243,0.0445,10.82
510590.SH,2026,177,0.0761,13.47
159954.SZ,2018,196,0.0523,10.25
159954.SZ,2019,244,0.015,3.66
159954.SZ,2020,243,0.0729,17.73
159954.SZ,2021,243,0.1654,40.19
159954.SZ,2022,242,0.2607,63.09
159954.SZ,2023,242,0.0807,19.52
159954.SZ,2024,242,0.11,26.62
159954.SZ,2025,243,0.0933,22.68
159954.SZ,2026,177,0.0405,7.18
159956.SZ,2018,202,0.0223,4.51
159956.SZ,2019,244,0.004,0.97
159956.SZ,2020,242,0.0118,2.87
159956.SZ,2021,243,0.0034,0.83
159956.SZ,2022,242,0.0018,0.45
159956.SZ,2023,242,0.0087,2.11
159956.SZ,2024,242,0.015,3.63
159956.SZ,2025,243,0.0103,2.51
159956.SZ,2026,177,0.0557,9.86
510380.SH,2018,171,0.0083,1.42
510380.SH,2019,227,0.008,1.82
510380.SH,2020,242,0.0036,0.88
510380.SH,2021,240,0.0049,1.18
510380.SH,2022,211,0.0043,0.91
510380.SH,2023,227,0.0012,0.26
510380.SH,2024,240,0.0196,4.7
510380.SH,2025,242,0.0373,9.04
510380.SH,2026,177,0.0655,11.6
512980.SH,2018,230,0.0672,15.47
512980.SH,2019,244,0.1268,30.93
512980.SH,2020,243,0.4699,114.19
512980.SH,2021,243,0.7486,181.9
512980.SH,2022,242,0.7358,178.06
512980.SH,2023,242,1.8599,450.08
512980.SH,2024,242,1.3461,325.75
512980.SH,2025,243,1.3278,322.66
512980.SH,2026,177,4.7999,849.59
159958.SZ,2018,230,0.0609,14.0
159958.SZ,2019,244,0.0366,8.94
159958.SZ,2020,243,0.1002,24.35
159958.SZ,2021,243,0.089,21.64
159958.SZ,2022,242,0.0391,9.47
159958.SZ,2023,242,0.0332,8.05
159958.SZ,2024,242,0.0579,14.01
159958.SZ,2025,243,0.0677,16.46
159958.SZ,2026,177,0.1048,18.55
510390.SH,2018,225,0.2245,50.51
510390.SH,2019,244,0.3412,83.25
510390.SH,2020,243,0.4582,111.35
510390.SH,2021,243,0.1342,32.62
510390.SH,2022,242,0.1766,42.73
510390.SH,2023,242,0.0787,19.04
510390.SH,2024,242,0.0517,12.51
510390.SH,2025,243,0.0489,11.89
510390.SH,2026,177,0.078,13.8
510800.SH,2018,234,0.0336,7.87
510800.SH,2019,244,0.0717,17.5
510800.SH,2020,243,0.1621,39.39
510800.SH,2021,243,0.2078,50.49
510800.SH,2022,242,0.1861,45.04
510800.SH,2023,242,0.131,31.71
510800.SH,2024,242,0.1748,42.29
510800.SH,2025,243,0.0968,23.51
510800.SH,2026,177,0.0435,7.7
159957.SZ,2018,241,0.0321,7.73
159957.SZ,2019,244,0.0198,4.84
159957.SZ,2020,243,0.0202,4.91
159957.SZ,2021,243,0.0203,4.94
159957.SZ,2022,242,0.0262,6.35
159957.SZ,2023,242,0.0795,19.24
159957.SZ,2024,242,0.3822,92.49
159957.SZ,2025,243,0.7295,177.27
159957.SZ,2026,177,1.9607,347.05
501048.SH,2018,184,0.0024,0.45
501048.SH,2019,229,0.001,0.23
501048.SH,2020,243,0.0013,0.32
501048.SH,2021,243,0.0015,0.37
501048.SH,2022,238,0.0004,0.09
501048.SH,2023,228,0.0004,0.09
501048.SH,2024,232,0.0007,0.16
501048.SH,2025,241,0.0004,0.08
501048.SH,2026,176,0.0004,0.07
501047.SH,2018,203,0.0007,0.15
501047.SH,2019,226,0.0011,0.24
501047.SH,2020,238,0.0021,0.49
501047.SH,2021,243,0.0008,0.18
501047.SH,2022,240,0.0003,0.07
501047.SH,2023,227,0.0003,0.08
501047.SH,2024,227,0.0009,0.2
501047.SH,2025,240,0.0006,0.15
501047.SH,2026,173,0.0005,0.08
501306.SH,2018,146,0.0019,0.28
501306.SH,2019,94,0.0002,0.02
501306.SH,2020,187,0.0003,0.05
501306.SH,2021,236,0.0004,0.1
501306.SH,2022,212,0.0011,0.22
501306.SH,2023,193,0.0006,0.12
501306.SH,2024,234,0.0009,0.22
501306.SH,2025,243,0.0739,17.95
501306.SH,2026,176,0.0039,0.69
501305.SH,2018,200,0.0028,0.56
501305.SH,2019,210,0.0008,0.16
501305.SH,2020,224,0.0005,0.12
501305.SH,2021,221,0.0009,0.2
501305.SH,2022,234,0.0006,0.13
501305.SH,2023,227,0.0005,0.12
501305.SH,2024,240,0.0015,0.36
501305.SH,2025,243,0.0927,22.52
501305.SH,2026,177,0.0047,0.83
512200.SH,2017,65,0.0519,3.37
512200.SH,2018,243,0.029,7.04
512200.SH,2019,244,0.0327,7.98
512200.SH,2020,243,0.5484,133.26
512200.SH,2021,243,0.932,226.47
512200.SH,2022,242,2.7776,672.17
512200.SH,2023,242,2.1909,530.19
512200.SH,2024,242,2.83,684.86
512200.SH,2025,243,2.4892,604.88
512200.SH,2026,177,1.8931,335.08
511670.SH,2017,85,0.3794,32.25
511670.SH,2018,243,2.779,675.29
511670.SH,2019,244,0.1346,32.84
511670.SH,2020,243,0.0239,5.82
511670.SH,2021,242,0.0033,0.79
511670.SH,2022,219,0.0013,0.28
511670.SH,2023,172,0.001,0.17
511670.SH,2024,195,0.002,0.38
511670.SH,2025,233,0.0115,2.67
511670.SH,2026,171,0.0106,1.82
501037.SH,2017,57,0.0212,1.21
501037.SH,2018,207,0.0003,0.07
501037.SH,2019,241,0.0008,0.19
501037.SH,2020,241,0.0009,0.22
501037.SH,2021,243,0.0007,0.18
501037.SH,2022,232,0.0003,0.06
501037.SH,2023,180,0.0002,0.03
501037.SH,2024,198,0.0006,0.13
501037.SH,2025,217,0.0003,0.07
501037.SH,2026,177,0.001,0.18
501036.SH,2017,60,0.0075,0.45
501036.SH,2018,233,0.0004,0.1
501036.SH,2019,243,0.0011,0.26
501036.SH,2020,243,0.0016,0.4
501036.SH,2021,243,0.002,0.48
501036.SH,2022,242,0.0009,0.22
501036.SH,2023,241,0.0003,0.08
501036.SH,2024,237,0.0042,0.99
501036.SH,2025,243,0.0014,0.34
501036.SH,2026,177,0.0029,0.51
511620.SH,2017,75,0.0595,4.46
511620.SH,2018,237,0.0071,1.67
511620.SH,2019,244,0.0078,1.9
511620.SH,2020,243,0.0043,1.05
511620.SH,2021,243,0.0072,1.75
511620.SH,2022,242,0.0055,1.34
511620.SH,2023,242,0.2219,53.7
511620.SH,2024,242,0.0979,23.68
511620.SH,2025,243,0.1933,46.96
511620.SH,2026,177,0.2439,43.16
511260.SH,2017,87,0.0909,7.91
511260.SH,2018,242,0.2034,49.23
511260.SH,2019,244,0.1544,37.66
511260.SH,2020,243,0.6137,149.13
511260.SH,2021,243,1.0312,250.57
511260.SH,2022,242,2.9143,705.27
511260.SH,2023,242,4.2077,1018.26
511260.SH,2024,242,4.1104,994.72
511260.SH,2025,243,34.4217,8364.48
511260.SH,2026,177,40.3975,7150.37
512400.SH,2017,81,0.171,13.85
512400.SH,2018,243,0.025,6.08
512400.SH,2019,244,0.1335,32.57
512400.SH,2020,243,1.6918,411.12
512400.SH,2021,243,3.5037,851.41
512400.SH,2022,242,1.2835,310.61
512400.SH,2023,242,1.1606,280.87
512400.SH,2024,242,1.7901,433.21
512400.SH,2025,243,4.7719,1159.58
512400.SH,2026,177,14.8232,2623.7
512570.SH,2017,96,0.0399,3.83
512570.SH,2018,240,0.0021,0.51
512570.SH,2019,244,0.0073,1.78
512570.SH,2020,243,0.0203,4.94
512570.SH,2021,243,0.0506,12.29
512570.SH,2022,242,0.0676,16.35
512570.SH,2023,242,0.1002,24.24
512570.SH,2024,242,0.1384,33.5
512570.SH,2025,243,0.3566,86.65
512570.SH,2026,177,1.3002,230.13
501302.SH,2017,88,0.0019,0.17
501302.SH,2018,164,0.0003,0.05
501302.SH,2019,154,0.0001,0.02
501302.SH,2020,238,0.0013,0.3
501302.SH,2021,243,0.0016,0.39
501302.SH,2022,242,0.0021,0.5
501302.SH,2023,241,0.0011,0.27
501302.SH,2024,242,0.0041,0.98
501302.SH,2025,243,0.0783,19.03
501302.SH,2026,177,0.0048,0.85
512800.SH,2017,102,0.1289,13.15
512800.SH,2018,243,0.3418,83.05
512800.SH,2019,244,0.9242,225.51
512800.SH,2020,243,3.0449,739.91
512800.SH,2021,243,3.8201,928.28
512800.SH,2022,242,3.13,757.46
512800.SH,2023,242,2.191,530.21
512800.SH,2024,242,2.8026,678.22
512800.SH,2025,243,8.3276,2023.61
512800.SH,2026,177,8.6429,1529.8
512560.SH,2017,106,0.0303,3.21
512560.SH,2018,242,0.0015,0.37
512560.SH,2019,243,0.0048,1.17
512560.SH,2020,243,0.0814,19.79
512560.SH,2021,242,0.4499,108.86
512560.SH,2022,242,0.6508,157.51
512560.SH,2023,242,0.3344,80.92
512560.SH,2024,242,0.269,65.09
512560.SH,2025,243,0.5025,122.11
512560.SH,2026,177,0.6269,110.97
512550.SH,2017,100,0.0632,6.32
512550.SH,2018,243,0.0224,5.45
512550.SH,2019,244,0.0268,6.53
512550.SH,2020,243,0.0312,7.58
512550.SH,2021,243,0.038,9.24
512550.SH,2022,242,0.1005,24.31
512550.SH,2023,242,0.08,19.37
512550.SH,2024,242,0.1135,27.47
512550.SH,2025,243,0.1098,26.68
512550.SH,2026,177,0.0951,16.84
512700.SH,2017,108,0.0471,5.09
512700.SH,2018,243,0.0112,2.72
512700.SH,2019,244,0.0498,12.14
512700.SH,2020,243,0.1072,26.04
512700.SH,2021,243,1.3421,326.14
512700.SH,2022,242,1.2214,295.59
512700.SH,2023,242,0.7689,186.07
512700.SH,2024,242,0.67,162.14
512700.SH,2025,243,1.4182,344.62
512700.SH,2026,177,1.1026,195.16
161130.SZ,2017,113,0.0052,0.58
161130.SZ,2018,231,0.0008,0.17
161130.SZ,2019,196,0.0002,0.04
161130.SZ,2020,243,0.0702,17.06
161130.SZ,2021,243,0.0179,4.34
161130.SZ,2022,242,0.0326,7.89
161130.SZ,2023,242,0.0371,8.98
161130.SZ,2024,242,0.0647,15.65
161130.SZ,2025,243,0.1303,31.66
161130.SZ,2026,177,0.2567,45.44
159952.SZ,2017,154,0.1117,17.2
159952.SZ,2018,243,0.3918,95.22
159952.SZ,2019,244,0.5114,124.79
159952.SZ,2020,243,0.7681,186.64
159952.SZ,2021,243,0.7296,177.29
159952.SZ,2022,242,0.5289,127.99
159952.SZ,2023,240,1.0781,258.74
159952.SZ,2024,242,2.4087,582.91
159952.SZ,2025,243,2.9757,723.1
159952.SZ,2026,177,5.8777,1040.36
501301.SH,2017,163,0.0181,2.96
501301.SH,2018,242,0.0016,0.39
501301.SH,2019,241,0.0009,0.23
501301.SH,2020,243,0.0016,0.39
501301.SH,2021,243,0.0012,0.29
501301.SH,2022,238,0.0005,0.11
501301.SH,2023,241,0.0003,0.08
501301.SH,2024,237,0.0012,0.28
501301.SH,2025,243,0.0924,22.44
501301.SH,2026,177,0.0326,5.78
511770.SH,2017,182,0.2462,44.81
511770.SH,2018,242,0.0379,9.17
511770.SH,2019,224,0.0146,3.26
511770.SH,2020,183,0.0019,0.34
511770.SH,2021,177,0.0007,0.13
511770.SH,2022,196,0.001,0.2
511770.SH,2023,154,0.001,0.16
511770.SH,2024,156,0.0016,0.25
511770.SH,2025,234,0.0181,4.23
511770.SH,2026,176,0.0338,5.95
512900.SH,2017,186,0.1248,23.22
512900.SH,2018,243,0.0376,9.14
512900.SH,2019,244,0.1709,41.7
512900.SH,2020,243,0.6808,165.45
512900.SH,2021,243,1.1365,276.17
512900.SH,2022,242,0.8379,202.78
512900.SH,2023,242,0.6342,153.48
512900.SH,2024,242,0.5449,131.88
512900.SH,2025,243,0.643,156.25
512900.SH,2026,177,0.6041,106.93
512580.SH,2017,209,0.0527,11.02
512580.SH,2018,243,0.091,22.1
512580.SH,2019,244,0.0892,21.77
512580.SH,2020,243,0.139,33.79
512580.SH,2021,243,0.6625,160.99
512580.SH,2022,242,0.6514,157.65
512580.SH,2023,242,0.2143,51.86
512580.SH,2024,242,0.0899,21.76
512580.SH,2025,243,0.1152,28.0
512580.SH,2026,177,0.1578,27.93
501029.SH,2017,220,0.067,14.74
501029.SH,2018,243,0.0873,21.2
501029.SH,2019,244,0.0868,21.18
501029.SH,2020,243,0.0617,14.99
501029.SH,2021,243,0.0249,6.06
501029.SH,2022,242,0.0119,2.88
501029.SH,2023,242,0.0078,1.89
501029.SH,2024,242,0.0134,3.24
501029.SH,2025,243,0.006,1.46
501029.SH,2026,177,0.0088,1.55
513050.SH,2017,233,0.1812,42.22
513050.SH,2018,243,0.4437,107.83
513050.SH,2019,244,0.4495,109.68
513050.SH,2020,243,1.6156,392.58
513050.SH,2021,243,10.3666,2519.09
513050.SH,2022,242,20.1262,4870.55
513050.SH,2023,242,10.4514,2529.23
513050.SH,2024,242,16.2331,3928.41
513050.SH,2025,243,27.182,6605.23
513050.SH,2026,177,23.586,4174.72
501011.SH,2017,200,0.0026,0.52
501011.SH,2018,226,0.0002,0.05
501011.SH,2019,243,0.0006,0.15
501011.SH,2020,243,0.0086,2.09
501011.SH,2021,243,0.0304,7.39
501011.SH,2022,242,0.1657,40.11
501011.SH,2023,242,0.0258,6.24
501011.SH,2024,242,0.0084,2.04
501011.SH,2025,243,0.0045,1.09
501011.SH,2026,177,0.0036,0.64
501012.SH,2017,196,0.0026,0.51
501012.SH,2018,191,0.0002,0.03
501012.SH,2019,222,0.0001,0.03
501012.SH,2020,243,0.0013,0.31
501012.SH,2021,243,0.0059,1.43
501012.SH,2022,242,0.0235,5.69
501012.SH,2023,242,0.003,0.74
501012.SH,2024,242,0.0015,0.35
501012.SH,2025,243,0.0025,0.62
501012.SH,2026,177,0.0017,0.3
511650.SH,2017,235,1.6408,385.58
511650.SH,2018,243,0.8149,198.02
511650.SH,2019,244,0.1715,41.84
511650.SH,2020,243,0.0481,11.68
511650.SH,2021,243,0.0274,6.67
511650.SH,2022,241,0.0182,4.38
511650.SH,2023,235,0.0258,6.05
511650.SH,2024,234,0.0117,2.73
511650.SH,2025,241,0.0196,4.71
511650.SH,2026,177,0.0517,9.15
511950.SH,2016,10,0.2115,2.11
511950.SH,2017,195,0.01,1.94
511950.SH,2018,103,0.0006,0.06
511950.SH,2019,86,0.0005,0.04
511950.SH,2020,115,0.0008,0.1
511950.SH,2021,189,0.0006,0.12
511950.SH,2022,164,0.0008,0.13
511950.SH,2023,177,0.0009,0.17
511950.SH,2024,157,0.0012,0.19
511950.SH,2025,232,0.0141,3.28
511950.SH,2026,174,0.0142,2.46
512100.SH,2016,41,0.1234,5.06
512100.SH,2017,244,0.0136,3.33
512100.SH,2018,243,0.0207,5.02
512100.SH,2019,244,0.1642,40.07
512100.SH,2020,243,0.2054,49.92
512100.SH,2021,243,1.5435,375.07
512100.SH,2022,241,9.051,2181.28
512100.SH,2023,242,12.0241,2909.84
512100.SH,2024,242,17.5842,4255.37
512100.SH,2025,243,15.1733,3687.12
512100.SH,2026,177,34.9907,6193.36
511690.SH,2016,52,11.0184,572.96
511690.SH,2017,244,9.7836,2387.2
511690.SH,2018,243,4.6228,1123.35
511690.SH,2019,244,1.6314,398.06
511690.SH,2020,243,0.5985,145.45
511690.SH,2021,243,0.6122,148.76
511690.SH,2022,242,0.3627,87.78
511690.SH,2023,242,0.4407,106.66
511690.SH,2024,242,0.181,43.8
511690.SH,2025,243,0.1467,35.65
511690.SH,2026,177,0.1615,28.58
511700.SH,2016,55,1.0093,55.51
511700.SH,2017,244,0.4875,118.96
511700.SH,2018,243,0.4953,120.36
511700.SH,2019,244,0.0771,18.8
511700.SH,2020,243,0.1137,27.63
511700.SH,2021,243,0.1041,25.3
511700.SH,2022,242,0.1401,33.91
511700.SH,2023,242,0.3146,76.14
511700.SH,2024,242,0.4468,108.12
511700.SH,2025,243,0.8763,212.95
511700.SH,2026,177,0.8469,149.9
511660.SH,2016,68,5.2548,357.33
511660.SH,2017,244,15.2262,3715.18
511660.SH,2018,243,13.3325,3239.79
511660.SH,2019,244,9.1528,2233.3
511660.SH,2020,243,8.9107,2165.29
511660.SH,2021,243,17.6064,4278.35
511660.SH,2022,242,15.3656,3718.47
511660.SH,2023,242,14.141,3422.13
511660.SH,2024,242,10.1486,2455.96
511660.SH,2025,243,12.2892,2986.28
511660.SH,2026,177,8.3306,1474.52
512000.SH,2016,71,0.1308,9.28
512000.SH,2017,244,0.0638,15.56
512000.SH,2018,243,0.3025,73.52
512000.SH,2019,244,2.4893,607.39
512000.SH,2020,243,9.3418,2270.05
512000.SH,2021,243,10.2894,2500.32
512000.SH,2022,242,6.4303,1556.14
512000.SH,2023,242,6.7334,1629.49
512000.SH,2024,242,7.2671,1758.64
512000.SH,2025,243,10.7981,2623.95
512000.SH,2026,177,11.7719,2083.62
511600.SH,2016,64,12.8155,820.19
511600.SH,2017,244,0.8666,211.46
511600.SH,2018,243,0.3857,93.72
511600.SH,2019,244,0.1225,29.89
511600.SH,2020,243,0.0633,15.38
511600.SH,2021,243,0.0265,6.45
511600.SH,2022,242,0.009,2.17
511600.SH,2023,241,0.0124,2.98
511600.SH,2024,241,0.0116,2.8
511600.SH,2025,242,0.0331,8.0
511600.SH,2026,177,0.075,13.28
512680.SH,2016,56,0.1639,9.18
512680.SH,2017,244,0.0641,15.64
512680.SH,2018,243,0.0412,10.01
512680.SH,2019,244,0.0497,12.12
512680.SH,2020,243,0.1771,43.05
512680.SH,2021,243,0.5441,132.23
512680.SH,2022,242,0.3915,94.74
512680.SH,2023,242,0.4894,118.44
512680.SH,2024,242,0.524,126.8
512680.SH,2025,243,1.2541,304.76
512680.SH,2026,177,0.8815,156.03
512810.SH,2016,88,0.055,4.84
512810.SH,2017,244,0.0319,7.79
512810.SH,2018,243,0.0105,2.56
512810.SH,2019,244,0.016,3.91
512810.SH,2020,243,0.0894,21.73
512810.SH,2021,243,0.3082,74.9
512810.SH,2022,242,0.5989,144.93
512810.SH,2023,242,0.6088,147.33
512810.SH,2024,242,0.5691,137.72
512810.SH,2025,243,0.7673,186.44
512810.SH,2026,177,0.4945,87.52
510810.SH,2016,83,0.6786,56.32
510810.SH,2017,244,0.3009,73.42
510810.SH,2018,243,0.0277,6.74
510810.SH,2019,236,0.1893,44.67
510810.SH,2020,243,0.1381,33.55
510810.SH,2021,243,0.111,26.98
510810.SH,2022,242,0.0674,16.3
510810.SH,2023,242,0.1068,25.84
510810.SH,2024,242,0.1168,28.27
510810.SH,2025,243,0.153,37.19
510810.SH,2026,177,0.2158,38.19
512880.SH,2016,98,0.2741,26.86
512880.SH,2017,244,0.2513,61.33
512880.SH,2018,243,0.8883,215.85
512880.SH,2019,244,6.2734,1530.71
512880.SH,2020,243,19.4136,4717.52
512880.SH,2021,243,18.9147,4596.27
512880.SH,2022,242,11.5843,2803.39
512880.SH,2023,242,11.2723,2727.9
512880.SH,2024,242,13.3527,3231.34
512880.SH,2025,243,22.3655,5434.81
512880.SH,2026,177,22.1258,3916.26
512660.SH,2016,98,0.2093,20.51
512660.SH,2017,244,0.1855,45.27
512660.SH,2018,243,0.2475,60.13
512660.SH,2019,244,1.0173,248.22
512660.SH,2020,243,4.305,1046.12
512660.SH,2021,243,9.2608,2250.37
512660.SH,2022,242,5.0717,1227.36
512660.SH,2023,242,3.3392,808.08
512660.SH,2024,242,3.7256,901.6
512660.SH,2025,243,6.8132,1655.61
512660.SH,2026,177,4.3736,774.14
511970.SH,2016,113,2.1527,243.26
511970.SH,2017,243,0.6834,166.06
511970.SH,2018,218,0.1227,26.75
511970.SH,2019,153,0.0087,1.33
511970.SH,2020,107,0.0005,0.05
511970.SH,2021,185,0.0009,0.16
511970.SH,2022,152,0.0007,0.11
511970.SH,2023,100,0.0007,0.07
511970.SH,2024,136,0.0017,0.23
511970.SH,2025,235,0.0147,3.45
511970.SH,2026,171,0.0118,2.02
159949.SZ,2016,109,0.0879,9.58
159949.SZ,2017,244,0.0705,17.2
159949.SZ,2018,243,4.3927,1067.41
159949.SZ,2019,244,4.0179,980.36
159949.SZ,2020,243,9.1469,2222.7
159949.SZ,2021,243,10.2732,2496.4
159949.SZ,2022,242,8.5442,2067.69
159949.SZ,2023,242,6.4992,1572.81
159949.SZ,2024,242,10.7864,2610.3
159949.SZ,2025,243,14.6999,3572.08
159949.SZ,2026,177,19.4048,3434.65
511850.SH,2016,113,1.6869,190.62
511850.SH,2017,244,1.0141,247.43
511850.SH,2018,243,1.8274,444.06
511850.SH,2019,244,1.6488,402.3
511850.SH,2020,243,0.4923,119.63
511850.SH,2021,243,8.973,2180.44
511850.SH,2022,242,24.0255,5814.17
511850.SH,2023,242,12.0521,2916.6
511850.SH,2024,242,3.1125,753.23
511850.SH,2025,243,1.9481,473.39
511850.SH,2026,177,1.05,185.85
511910.SH,2016,123,4.2614,524.15
511910.SH,2017,244,0.6926,168.99
511910.SH,2018,243,0.072,17.49
511910.SH,2019,217,0.0039,0.85
511910.SH,2020,199,0.0016,0.32
511910.SH,2021,162,0.0021,0.35
511910.SH,2022,109,0.0012,0.13
511910.SH,2023,114,0.0007,0.08
511910.SH,2024,117,0.0036,0.42
511910.SH,2025,231,0.0146,3.36
511910.SH,2026,173,0.0103,1.78
159948.SZ,2016,145,0.1743,25.28
159948.SZ,2017,244,0.0194,4.74
159948.SZ,2018,243,0.0471,11.44
159948.SZ,2019,244,0.0525,12.8
159948.SZ,2020,243,0.3107,75.49
159948.SZ,2021,243,0.3107,75.49
159948.SZ,2022,242,0.1807,43.72
159948.SZ,2023,240,0.156,37.45
159948.SZ,2024,242,0.3198,77.39
159948.SZ,2025,243,0.5572,135.39
159948.SZ,2026,177,0.9944,176.0
511920.SH,2016,189,0.4507,85.19
511920.SH,2017,243,0.0174,4.23
511920.SH,2018,237,0.0029,0.7
511920.SH,2019,220,0.0053,1.17
511920.SH,2020,219,0.0018,0.4
511920.SH,2021,241,0.0043,1.04
511920.SH,2022,231,0.003,0.69
511920.SH,2023,220,0.0027,0.59
511920.SH,2024,218,0.002,0.45
511920.SH,2025,239,0.014,3.34
511920.SH,2026,175,0.0083,1.45
511820.SH,2016,214,13.2495,2835.4
511820.SH,2017,244,4.7479,1158.48
511820.SH,2018,243,3.3533,814.85
511820.SH,2019,244,0.0339,8.27
511820.SH,2020,242,0.0086,2.09
511820.SH,2021,231,0.0063,1.45
511820.SH,2022,207,0.0038,0.78
511820.SH,2023,216,0.0083,1.79
511820.SH,2024,180,0.002,0.36
511820.SH,2025,231,0.0171,3.96
511820.SH,2026,172,0.0211,3.64
511960.SH,2016,239,4.0699,972.7
511960.SH,2017,244,0.1364,33.29
511960.SH,2018,238,0.0254,6.03
511960.SH,2019,219,0.0147,3.22
511960.SH,2020,192,0.0022,0.42
511960.SH,2021,191,0.0012,0.23
511960.SH,2022,172,0.0012,0.21
511960.SH,2023,172,0.0018,0.31
511960.SH,2024,174,0.0054,0.94
511960.SH,2025,223,0.0209,4.67
511960.SH,2026,174,0.0316,5.5
510680.SH,2013,22,0.1606,3.53
510680.SH,2014,236,0.0097,2.3
510680.SH,2015,228,0.0051,1.15
510680.SH,2016,147,0.0027,0.4
510680.SH,2017,210,0.0002,0.05
510680.SH,2018,215,0.0003,0.07
510680.SH,2019,203,0.0003,0.07
510680.SH,2020,243,0.0183,4.44
510680.SH,2021,243,0.0149,3.62
510680.SH,2022,242,0.0123,2.98
510680.SH,2023,242,0.0204,4.95
510680.SH,2024,242,0.2466,59.67
510680.SH,2025,243,0.1129,27.43
510680.SH,2026,177,0.0581,10.28
511930.SH,2015,13,0.7762,10.09
511930.SH,2016,244,2.2143,540.29
511930.SH,2017,233,0.2136,49.77
511930.SH,2018,171,0.0024,0.4
511930.SH,2019,181,0.0027,0.48
511930.SH,2020,162,0.0021,0.33
511930.SH,2021,177,0.0012,0.21
511930.SH,2022,140,0.0006,0.08
511930.SH,2023,154,0.0011,0.17
511930.SH,2024,189,0.0019,0.35
511930.SH,2025,238,0.0105,2.5
511930.SH,2026,172,0.0101,1.74
511900.SH,2015,17,13.2936,225.99
511900.SH,2016,244,24.7102,6029.3
511900.SH,2017,244,8.2249,2006.88
511900.SH,2018,243,1.8269,443.94
511900.SH,2019,244,0.3049,74.39
511900.SH,2020,243,0.0992,24.11
511900.SH,2021,243,0.0506,12.29
511900.SH,2022,242,0.9148,221.38
511900.SH,2023,242,1.2198,295.2
511900.SH,2024,242,0.4437,107.37
511900.SH,2025,243,0.3144,76.41
511900.SH,2026,177,0.1154,20.42
511980.SH,2015,44,22.3716,984.35
511980.SH,2016,244,22.0647,5383.78
511980.SH,2017,244,1.8611,454.12
511980.SH,2018,243,0.1453,35.31
511980.SH,2019,244,0.0475,11.59
511980.SH,2020,243,0.0186,4.52
511980.SH,2021,241,0.0055,1.32
511980.SH,2022,224,0.0073,1.63
511980.SH,2023,224,0.003,0.68
511980.SH,2024,207,0.0023,0.48
511980.SH,2025,236,0.0107,2.52
511980.SH,2026,175,0.0072,1.26
510580.SH,2015,73,0.0554,4.04
510580.SH,2016,216,0.001,0.21
510580.SH,2017,236,0.0009,0.2
510580.SH,2018,242,0.0009,0.21
510580.SH,2019,244,0.2699,65.86
510580.SH,2020,243,0.2953,71.75
510580.SH,2021,242,0.2578,62.39
510580.SH,2022,242,0.3221,77.96
510580.SH,2023,242,0.215,52.04
510580.SH,2024,242,0.3691,89.32
510580.SH,2025,243,0.4488,109.05
510580.SH,2026,177,1.419,251.17
510360.SH,2015,77,0.0422,3.25
510360.SH,2016,244,0.0179,4.36
510360.SH,2017,244,0.0804,19.61
510360.SH,2018,243,0.1152,27.99
510360.SH,2019,244,0.2918,71.19
510360.SH,2020,243,0.2,48.6
510360.SH,2021,243,0.1625,39.48
510360.SH,2022,242,0.1235,29.88
510360.SH,2023,242,0.2767,66.97
510360.SH,2024,242,1.0833,262.17
510360.SH,2025,243,1.022,248.35
510360.SH,2026,177,0.7064,125.03
511830.SH,2015,102,3.0777,313.93
511830.SH,2016,244,1.7861,435.81
511830.SH,2017,244,0.6734,164.3
511830.SH,2018,243,0.2959,71.9
511830.SH,2019,244,0.0318,7.76
511830.SH,2020,243,0.0128,3.11
511830.SH,2021,241,0.0228,5.49
511830.SH,2022,238,0.0031,0.75
511830.SH,2023,237,0.0044,1.04
511830.SH,2024,230,0.0025,0.57
511830.SH,2025,241,0.0129,3.12
511830.SH,2026,174,0.0079,1.38
512330.SH,2015,112,0.0347,3.89
512330.SH,2016,244,0.0018,0.43
512330.SH,2017,244,0.0036,0.87
512330.SH,2018,243,0.0112,2.72
512330.SH,2019,244,0.0812,19.81
512330.SH,2020,243,0.1328,32.26
512330.SH,2021,243,0.0555,13.48
512330.SH,2022,242,0.0311,7.53
512330.SH,2023,242,0.0272,6.57
512330.SH,2024,242,0.0446,10.8
512330.SH,2025,243,0.0488,11.85
512330.SH,2026,177,0.1197,21.19
159944.SZ,2015,122,0.0211,2.57
159944.SZ,2016,243,0.003,0.74
159944.SZ,2017,233,0.0054,1.26
159944.SZ,2018,234,0.001,0.23
159944.SZ,2019,240,0.0013,0.3
159944.SZ,2020,243,0.0076,1.85
159944.SZ,2021,243,0.0141,3.42
159944.SZ,2022,242,0.0032,0.78
159944.SZ,2023,242,0.0232,5.62
159944.SZ,2024,242,0.0202,4.9
159944.SZ,2025,243,0.0252,6.12
159944.SZ,2026,177,0.1007,17.83
159945.SZ,2015,122,0.0168,2.06
159945.SZ,2016,243,0.0039,0.94
159945.SZ,2017,244,0.0064,1.55
159945.SZ,2018,242,0.0019,0.46
159945.SZ,2019,243,0.0008,0.2
159945.SZ,2020,243,0.0112,2.71
159945.SZ,2021,243,0.0368,8.95
159945.SZ,2022,242,0.0837,20.25
159945.SZ,2023,242,0.1268,30.68
159945.SZ,2024,242,0.0584,14.13
159945.SZ,2025,243,0.0317,7.71
159945.SZ,2026,177,0.1333,23.59
159941.SZ,2015,117,0.0265,3.1
159941.SZ,2016,244,0.0047,1.16
159941.SZ,2017,244,0.0057,1.38
159941.SZ,2018,243,0.006,1.45
159941.SZ,2019,244,0.0076,1.87
159941.SZ,2020,243,0.6209,150.89
159941.SZ,2021,243,0.3005,73.02
159941.SZ,2022,242,3.3135,801.86
159941.SZ,2023,242,4.5445,1099.76
159941.SZ,2024,242,9.3709,2267.77
159941.SZ,2025,243,11.8034,2868.23
159941.SZ,2026,177,12.1773,2155.38
159943.SZ,2015,120,0.464,55.69
159943.SZ,2016,244,0.014,3.41
159943.SZ,2017,244,0.0096,2.35
159943.SZ,2018,243,0.0037,0.9
159943.SZ,2019,244,0.0054,1.33
159943.SZ,2020,243,0.0143,3.47
159943.SZ,2021,243,0.0101,2.46
159943.SZ,2022,242,0.0137,3.31
159943.SZ,2023,242,0.0457,11.06
159943.SZ,2024,242,0.1442,34.9
159943.SZ,2025,243,0.1562,37.96
159943.SZ,2026,177,0.2667,47.21
510560.SH,2015,123,0.0157,1.93
510560.SH,2016,222,0.0127,2.83
510560.SH,2017,200,0.0023,0.46
510560.SH,2018,211,0.0005,0.11
510560.SH,2019,199,0.0007,0.13
510560.SH,2020,229,0.0009,0.2
510560.SH,2021,241,0.0007,0.17
510560.SH,2022,201,0.0003,0.06
510560.SH,2023,200,0.0003,0.07
510560.SH,2024,223,0.0028,0.63
510560.SH,2025,241,0.0048,1.16
510560.SH,2026,177,0.0126,2.23
510710.SH,2015,136,0.0784,10.66
510710.SH,2016,244,0.0053,1.3
510710.SH,2017,244,0.009,2.2
510710.SH,2018,243,0.055,13.36
510710.SH,2019,244,0.3963,96.7
510710.SH,2020,243,0.2857,69.44
510710.SH,2021,243,0.291,70.72
510710.SH,2022,242,0.2042,49.4
510710.SH,2023,242,0.1563,37.83
510710.SH,2024,242,0.1134,27.45
510710.SH,2025,243,0.0876,21.28
510710.SH,2026,177,0.0608,10.76
512510.SH,2015,137,0.1065,14.59
512510.SH,2016,244,0.0154,3.75
512510.SH,2017,244,0.0153,3.73
512510.SH,2018,243,0.0291,7.08
512510.SH,2019,244,0.1203,29.36
512510.SH,2020,243,0.1817,44.16
512510.SH,2021,243,0.1009,24.53
512510.SH,2022,242,0.1329,32.16
512510.SH,2023,242,0.1124,27.2
512510.SH,2024,242,0.1777,43.0
512510.SH,2025,243,0.1949,47.37
512510.SH,2026,177,0.1829,32.38
512500.SH,2015,147,0.311,45.72
512500.SH,2016,244,0.0124,3.03
512500.SH,2017,244,0.0075,1.82
512500.SH,2018,243,0.2855,69.38
512500.SH,2019,244,1.9113,466.36
512500.SH,2020,243,2.4744,601.28
512500.SH,2021,243,1.8051,438.64
512500.SH,2022,242,1.615,390.83
512500.SH,2023,242,2.3208,561.63
512500.SH,2024,242,3.4122,825.76
512500.SH,2025,243,1.7721,430.61
512500.SH,2026,177,5.6,991.2
159940.SZ,2015,176,0.0499,8.78
159940.SZ,2016,244,0.0033,0.81
159940.SZ,2017,242,0.0036,0.86
159940.SZ,2018,243,0.0031,0.75
159940.SZ,2019,244,0.009,2.19
159940.SZ,2020,243,0.0832,20.21
159940.SZ,2021,243,0.0623,15.13
159940.SZ,2022,242,0.0876,21.19
159940.SZ,2023,242,0.0565,13.68
159940.SZ,2024,242,0.0926,22.4
159940.SZ,2025,243,0.0633,15.37
159940.SZ,2026,177,0.0525,9.29
159939.SZ,2015,221,0.2706,59.81
159939.SZ,2016,244,0.0359,8.77
159939.SZ,2017,244,0.0179,4.37
159939.SZ,2018,243,0.0326,7.93
159939.SZ,2019,244,0.5097,124.37
159939.SZ,2020,243,0.4913,119.39
159939.SZ,2021,243,0.1957,47.55
159939.SZ,2022,242,0.2564,62.05
159939.SZ,2023,242,0.7524,182.08
159939.SZ,2024,242,0.3189,77.17
159939.SZ,2025,243,0.3073,74.67
159939.SZ,2026,177,0.4453,78.82
513660.SH,2015,229,0.1438,32.93
513660.SH,2016,244,0.0072,1.76
513660.SH,2017,244,0.0076,1.84
513660.SH,2018,243,0.017,4.13
513660.SH,2019,241,0.0113,2.73
513660.SH,2020,243,0.1063,25.83
513660.SH,2021,243,0.3708,90.12
513660.SH,2022,242,0.8738,211.46
513660.SH,2023,242,1.1879,287.47
513660.SH,2024,242,1.8017,436.01
513660.SH,2025,243,2.2991,558.69
513660.SH,2026,177,1.217,215.41
159005.SZ,2015,238,1.0718,255.08
159005.SZ,2016,244,6.0874,1485.34
159005.SZ,2017,244,34.2546,8358.12
159005.SZ,2018,243,30.5226,7416.98
159005.SZ,2019,243,1.147,278.72
159005.SZ,2020,243,0.0332,8.06
159005.SZ,2021,243,0.0166,4.04
159005.SZ,2022,242,0.0299,7.23
159005.SZ,2023,242,0.0884,21.38
159005.SZ,2024,242,0.0982,23.77
159005.SZ,2025,243,0.1336,32.46
159005.SZ,2026,177,0.1352,23.93
513600.SH,2015,229,0.0947,21.69
513600.SH,2016,244,0.0068,1.67
513600.SH,2017,244,0.008,1.96
513600.SH,2018,243,0.0116,2.83
513600.SH,2019,243,0.0088,2.13
513600.SH,2020,243,0.1208,29.35
513600.SH,2021,243,0.2739,66.57
513600.SH,2022,242,0.6573,159.06
513600.SH,2023,242,0.5985,144.84
513600.SH,2024,242,1.5894,384.63
513600.SH,2025,243,2.5486,619.3
513600.SH,2026,177,1.3866,245.42
511810.SH,2015,244,16.4548,4014.97
511810.SH,2016,244,32.9879,8049.04
511810.SH,2017,244,16.7377,4083.99
511810.SH,2018,243,9.9555,2419.18
511810.SH,2019,244,8.5965,2097.56
511810.SH,2020,243,1.5404,374.33
511810.SH,2021,243,1.3292,323.0
511810.SH,2022,242,0.6817,164.98
511810.SH,2023,242,0.3078,74.49
511810.SH,2024,242,0.207,50.09
511810.SH,2025,243,0.1625,39.48
511810.SH,2026,177,0.1169,20.69
159938.SZ,2015,241,0.0678,16.35
159938.SZ,2016,244,0.0075,1.83
159938.SZ,2017,244,0.0295,7.19
159938.SZ,2018,243,0.1236,30.02
159938.SZ,2019,244,0.2066,50.41
159938.SZ,2020,243,0.3558,86.46
159938.SZ,2021,243,0.1954,47.49
159938.SZ,2022,242,0.3968,96.03
159938.SZ,2023,242,0.684,165.53
159938.SZ,2024,242,0.451,109.15
159938.SZ,2025,243,0.5002,121.55
159938.SZ,2026,177,0.5653,100.06
511860.SH,2014,17,0.3712,6.31
511860.SH,2015,244,2.1106,514.99
511860.SH,2016,244,16.812,4102.13
511860.SH,2017,244,1.0256,250.24
511860.SH,2018,243,0.2024,49.19
511860.SH,2019,244,0.0527,12.85
511860.SH,2020,243,0.027,6.56
511860.SH,2021,243,0.1684,40.91
511860.SH,2022,242,0.0747,18.08
511860.SH,2023,237,0.0273,6.46
511860.SH,2024,242,0.0304,7.36
511860.SH,2025,243,0.0275,6.68
511860.SH,2026,177,0.0471,8.35
511800.SH,2014,18,0.0665,1.2
511800.SH,2015,244,10.8749,2653.48
511800.SH,2016,244,9.4027,2294.25
511800.SH,2017,244,0.8109,197.87
511800.SH,2018,243,0.4157,101.01
511800.SH,2019,244,0.1944,47.45
511800.SH,2020,243,0.2538,61.67
511800.SH,2021,243,0.2804,68.13
511800.SH,2022,242,0.1141,27.61
511800.SH,2023,242,0.0485,11.74
511800.SH,2024,242,0.0382,9.25
511800.SH,2025,243,0.0507,12.33
511800.SH,2026,177,0.0643,11.37
159937.SZ,2014,82,0.0086,0.7
159937.SZ,2015,244,0.0036,0.89
159937.SZ,2016,244,0.7511,183.27
159937.SZ,2017,244,0.4833,117.91
159937.SZ,2018,243,0.641,155.76
159937.SZ,2019,244,2.5427,620.42
159937.SZ,2020,243,5.2532,1276.52
159937.SZ,2021,243,2.7034,656.92
159937.SZ,2022,242,2.1685,524.77
159937.SZ,2023,242,2.3048,557.76
159937.SZ,2024,242,2.2058,533.81
159937.SZ,2025,243,8.6507,2102.11
159937.SZ,2026,177,12.5758,2225.92
513030.SH,2014,78,0.0374,2.91
513030.SH,2015,244,0.2246,54.8
513030.SH,2016,244,0.0357,8.7
513030.SH,2017,244,0.0187,4.57
513030.SH,2018,243,0.015,3.64
513030.SH,2019,244,0.0682,16.64
513030.SH,2020,243,0.3514,85.4
513030.SH,2021,243,0.049,11.91
513030.SH,2022,242,0.1703,41.22
513030.SH,2023,242,0.168,40.67
513030.SH,2024,242,0.8787,212.66
513030.SH,2025,242,6.308,1526.52
513030.SH,2026,177,1.2661,224.09
512220.SH,2014,91,0.0872,7.93
512220.SH,2015,243,0.0132,3.2
512220.SH,2016,223,0.0005,0.11
512220.SH,2017,213,0.0005,0.1
512220.SH,2018,225,0.0003,0.07
512220.SH,2019,237,0.0024,0.56
512220.SH,2020,243,0.0769,18.69
512220.SH,2021,243,0.0971,23.58
512220.SH,2022,242,0.0374,9.05
512220.SH,2023,242,0.0837,20.26
512220.SH,2024,242,0.0633,15.33
512220.SH,2025,243,0.0808,19.63
512220.SH,2026,177,0.2422,42.87
512070.SH,2014,113,0.5417,61.22
512070.SH,2015,244,0.7086,172.9
512070.SH,2016,244,0.0327,7.98
512070.SH,2017,244,0.0192,4.68
512070.SH,2018,243,0.0193,4.7
512070.SH,2019,244,0.1125,27.46
512070.SH,2020,243,0.413,100.36
512070.SH,2021,242,1.1795,285.44
512070.SH,2022,242,1.7299,418.64
512070.SH,2023,242,2.1394,517.73
512070.SH,2024,242,1.8976,459.22
512070.SH,2025,243,3.6969,898.35
512070.SH,2026,177,5.6998,1008.86
512640.SH,2014,108,0.0926,10.0
512640.SH,2015,242,0.0191,4.63
512640.SH,2016,190,0.0009,0.16
512640.SH,2017,160,0.0009,0.14
512640.SH,2018,169,0.0005,0.09
512640.SH,2019,197,0.0005,0.1
512640.SH,2020,242,0.0084,2.04
512640.SH,2021,243,0.0028,0.69
512640.SH,2022,241,0.0056,1.34
512640.SH,2023,242,0.0268,6.49
512640.SH,2024,242,0.0403,9.75
512640.SH,2025,243,0.0594,14.43
512640.SH,2026,177,0.0564,9.99
512600.SH,2014,108,0.0484,5.23
512600.SH,2015,243,0.0084,2.04
512600.SH,2016,212,0.0005,0.12
512600.SH,2017,237,0.0013,0.3
512600.SH,2018,242,0.0009,0.22
512600.SH,2019,243,0.0031,0.76
512600.SH,2020,243,0.0233,5.67
512600.SH,2021,242,0.134,32.44
512600.SH,2022,242,0.2419,58.54
512600.SH,2023,242,0.1914,46.33
512600.SH,2024,242,0.1002,24.25
512600.SH,2025,243,0.132,32.09
512600.SH,2026,177,0.1556,27.54
159936.SZ,2014,130,0.0922,11.99
159936.SZ,2015,243,0.0056,1.37
159936.SZ,2016,217,0.0022,0.48
159936.SZ,2017,210,0.0013,0.27
159936.SZ,2018,238,0.0005,0.12
159936.SZ,2019,244,0.002,0.49
159936.SZ,2020,243,0.01,2.44
159936.SZ,2021,243,0.0053,1.28
159936.SZ,2022,242,0.0093,2.25
159936.SZ,2023,242,0.0394,9.53
159936.SZ,2024,242,0.0335,8.12
159936.SZ,2025,243,0.0455,11.05
159936.SZ,2026,177,0.0241,4.27
159935.SZ,2014,231,0.0372,8.59
159935.SZ,2015,237,0.008,1.9
159935.SZ,2016,225,0.0011,0.25
159935.SZ,2017,224,0.0004,0.1
159935.SZ,2018,196,0.0004,0.08
159935.SZ,2019,231,0.0007,0.16
159935.SZ,2020,243,0.0013,0.32
159935.SZ,2021,242,0.0018,0.44
159935.SZ,2022,241,0.0009,0.21
159935.SZ,2023,242,0.0042,1.01
159935.SZ,2024,242,0.0122,2.96
159935.SZ,2025,243,0.0152,3.69
159935.SZ,2026,177,0.0322,5.69
513500.SH,2014,236,0.0312,7.36
513500.SH,2015,244,0.5559,135.65
513500.SH,2016,244,0.0318,7.75
513500.SH,2017,244,0.0375,9.14
513500.SH,2018,243,0.1687,41.0
513500.SH,2019,244,1.2388,302.28
513500.SH,2020,243,0.9979,242.49
513500.SH,2021,243,0.4985,121.14
513500.SH,2022,241,2.3128,557.39
513500.SH,2023,242,1.6934,409.8
513500.SH,2024,242,3.0997,750.12
513500.SH,2025,243,3.7896,920.88
513500.SH,2026,177,3.4383,608.57
512120.SH,2014,243,0.0113,2.74
512120.SH,2015,243,0.0137,3.32
512120.SH,2016,236,0.0003,0.08
512120.SH,2017,226,0.0056,1.26
512120.SH,2018,243,0.0265,6.44
512120.SH,2019,244,0.0184,4.49
512120.SH,2020,243,0.054,13.13
512120.SH,2021,243,0.0566,13.75
512120.SH,2022,241,0.1606,38.69
512120.SH,2023,242,0.1706,41.3
512120.SH,2024,242,0.1263,30.56
512120.SH,2025,243,0.0891,21.64
512120.SH,2026,177,0.14,24.78
159934.SZ,2013,12,0.3772,4.53
159934.SZ,2014,245,0.0117,2.86
159934.SZ,2015,244,0.0485,11.84
159934.SZ,2016,244,0.6484,158.21
159934.SZ,2017,244,0.3196,77.98
159934.SZ,2018,243,0.2172,52.77
159934.SZ,2019,244,3.2208,785.89
159934.SZ,2020,243,10.3289,2509.92
159934.SZ,2021,243,8.2957,2015.86
159934.SZ,2022,242,1.8431,446.02
159934.SZ,2023,242,1.7311,418.94
159934.SZ,2024,242,3.443,833.21
159934.SZ,2025,243,10.1607,2469.06
159934.SZ,2026,177,14.6079,2585.6
512010.SH,2013,47,0.0608,2.86
512010.SH,2014,245,0.015,3.67
512010.SH,2015,244,0.0166,4.05
512010.SH,2016,244,0.0015,0.36
512010.SH,2017,243,0.0037,0.91
512010.SH,2018,243,0.1071,26.03
512010.SH,2019,244,0.3863,94.25
512010.SH,2020,243,1.0921,265.37
512010.SH,2021,242,2.2836,552.62
512010.SH,2022,242,5.1868,1255.2
512010.SH,2023,242,5.9778,1446.63
512010.SH,2024,242,5.6291,1362.24
512010.SH,2025,243,5.9229,1439.25
512010.SH,2026,177,5.315,940.76
159933.SZ,2013,55,0.0591,3.25
159933.SZ,2014,245,0.0392,9.62
159933.SZ,2015,244,0.0582,14.19
159933.SZ,2016,236,0.0009,0.2
159933.SZ,2017,227,0.0003,0.08
159933.SZ,2018,220,0.0003,0.06
159933.SZ,2019,211,0.0005,0.1
159933.SZ,2020,238,0.0056,1.34
159933.SZ,2021,243,0.0021,0.5
159933.SZ,2022,242,0.0009,0.22
159933.SZ,2023,240,0.0006,0.16
159933.SZ,2024,233,0.0021,0.49
159933.SZ,2025,242,0.0016,0.4
159933.SZ,2026,177,0.0026,0.46
159931.SZ,2013,70,0.1137,7.96
159931.SZ,2014,245,0.0575,14.09
159931.SZ,2015,244,0.0774,18.89
159931.SZ,2016,241,0.0014,0.34
159931.SZ,2017,244,0.001,0.24
159931.SZ,2018,242,0.001,0.25
159931.SZ,2019,244,0.0059,1.43
159931.SZ,2020,243,0.0338,8.21
159931.SZ,2021,243,0.0225,5.48
159931.SZ,2022,242,0.0118,2.87
159931.SZ,2023,242,0.0172,4.16
159931.SZ,2024,242,0.0321,7.78
159931.SZ,2025,243,0.024,5.83
159931.SZ,2026,177,0.0105,1.86
159930.SZ,2013,70,0.0546,3.82
159930.SZ,2014,245,0.0115,2.82
159930.SZ,2015,243,0.0114,2.77
159930.SZ,2016,242,0.0016,0.39
159930.SZ,2017,243,0.0013,0.31
159930.SZ,2018,243,0.0028,0.68
159930.SZ,2019,244,0.0062,1.51
159930.SZ,2020,243,0.0815,19.8
159930.SZ,2021,243,0.209,50.78
159930.SZ,2022,242,0.2808,67.95
159930.SZ,2023,242,0.216,52.27
159930.SZ,2024,242,0.3335,80.72
159930.SZ,2025,243,0.3516,85.44
159930.SZ,2026,177,1.3623,241.14
159928.SZ,2013,70,0.1602,11.22
159928.SZ,2014,245,0.0213,5.21
159928.SZ,2015,244,0.0135,3.28
159928.SZ,2016,244,0.0036,0.89
159928.SZ,2017,244,0.0091,2.21
159928.SZ,2018,243,0.0415,10.09
159928.SZ,2019,244,0.3182,77.63
159928.SZ,2020,243,1.2635,307.04
159928.SZ,2021,243,1.6243,394.7
159928.SZ,2022,242,1.7198,416.18
159928.SZ,2023,242,1.7165,415.4
159928.SZ,2024,242,2.1209,513.27
159928.SZ,2025,243,4.7395,1151.71
159928.SZ,2026,177,4.1545,735.35
159929.SZ,2013,70,0.2071,14.5
159929.SZ,2014,245,0.0452,11.07
159929.SZ,2015,244,0.0474,11.57
159929.SZ,2016,244,0.0067,1.64
159929.SZ,2017,244,0.0062,1.52
159929.SZ,2018,243,0.0224,5.44
159929.SZ,2019,244,0.0656,16.01
159929.SZ,2020,243,0.2911,70.73
159929.SZ,2021,243,0.2961,71.95
159929.SZ,2022,242,0.4055,98.13
159929.SZ,2023,242,0.6918,167.42
159929.SZ,2024,242,0.7043,170.44
159929.SZ,2025,243,0.7382,179.38
159929.SZ,2026,177,0.8899,157.51
518880.SH,2013,105,0.2691,28.25
518880.SH,2014,245,0.2743,67.21
518880.SH,2015,244,0.4987,121.67
518880.SH,2016,244,4.234,1033.09
518880.SH,2017,244,11.7257,2861.06
518880.SH,2018,243,10.4872,2548.4
518880.SH,2019,244,10.847,2646.68
518880.SH,2020,243,16.9699,4123.69
518880.SH,2021,243,12.3536,3001.91
518880.SH,2022,242,8.254,1997.46
518880.SH,2023,242,6.8568,1659.35
518880.SH,2024,242,12.819,3102.2
518880.SH,2025,243,39.3682,9566.46
518880.SH,2026,177,56.9987,10088.77
518800.SH,2013,105,0.0453,4.76
518800.SH,2014,245,0.013,3.18
518800.SH,2015,244,0.0754,18.4
518800.SH,2016,244,0.6795,165.81
518800.SH,2017,244,1.1773,287.27
518800.SH,2018,243,0.8306,201.83
518800.SH,2019,244,1.2035,293.66
518800.SH,2020,243,1.9003,461.78
518800.SH,2021,243,1.79,434.96
518800.SH,2022,242,1.7391,420.87
518800.SH,2023,242,1.5972,386.52
518800.SH,2024,242,1.5008,363.19
518800.SH,2025,243,3.0698,745.97
518800.SH,2026,177,6.4914,1148.98
159003.SZ,2014,53,4.2909,227.42
159003.SZ,2015,244,5.0892,1241.77
159003.SZ,2016,244,5.7005,1390.92
159003.SZ,2017,244,5.5758,1360.49
159003.SZ,2018,243,12.6999,3086.07
159003.SZ,2019,243,1.5858,385.34
159003.SZ,2020,243,0.4383,106.5
159003.SZ,2021,243,0.4955,120.4
159003.SZ,2022,242,0.1956,47.34
159003.SZ,2023,242,0.1352,32.71
159003.SZ,2024,242,0.1655,40.06
159003.SZ,2025,243,0.3125,75.95
159003.SZ,2026,177,0.3101,54.9
513100.SH,2013,155,0.0282,4.37
513100.SH,2014,245,0.0188,4.62
513100.SH,2015,244,0.66,161.03
513100.SH,2016,244,0.0481,11.75
513100.SH,2017,244,0.0605,14.77
513100.SH,2018,243,0.2981,72.44
513100.SH,2019,244,0.8617,210.26
513100.SH,2020,243,1.2727,309.26
513100.SH,2021,243,0.7114,172.87
513100.SH,2022,241,2.8947,697.63
513100.SH,2023,242,3.5781,865.89
513100.SH,2024,242,7.827,1894.14
513100.SH,2025,243,7.8236,1901.13
513100.SH,2026,177,5.6189,994.55
510510.SH,2013,148,0.0712,10.54
510510.SH,2014,245,0.2033,49.8
510510.SH,2015,244,0.6671,162.78
510510.SH,2016,244,0.137,33.42
510510.SH,2017,244,0.0787,19.2
510510.SH,2018,243,0.1839,44.68
510510.SH,2019,244,0.484,118.09
510510.SH,2020,243,0.6136,149.1
510510.SH,2021,243,0.3922,95.3
510510.SH,2022,242,0.4059,98.23
510510.SH,2023,242,0.6458,156.28
510510.SH,2024,242,0.7935,192.02
510510.SH,2025,243,0.4025,97.82
510510.SH,2026,177,0.875,154.88
511880.SH,2013,171,0.7413,126.76
511880.SH,2014,245,22.6243,5542.95
511880.SH,2015,244,50.0119,12202.9
511880.SH,2016,244,73.225,17866.91
511880.SH,2017,244,87.2814,21296.66
511880.SH,2018,243,84.1112,20439.03
511880.SH,2019,244,63.2349,15429.32
511880.SH,2020,243,96.2084,23378.64
511880.SH,2021,243,135.7114,32977.86
511880.SH,2022,242,129.1706,31259.27
511880.SH,2023,242,136.3566,32998.29
511880.SH,2024,242,115.1178,27858.51
511880.SH,2025,243,141.1109,34289.96
511880.SH,2026,177,174.1704,30828.15
159001.SZ,2014,53,2.5209,133.61
159001.SZ,2015,244,4.4127,1076.7
159001.SZ,2016,244,9.4906,2315.72
159001.SZ,2017,244,15.1818,3704.36
159001.SZ,2018,243,50.6692,12312.63
159001.SZ,2019,243,38.5212,9360.64
159001.SZ,2020,243,2.6098,634.19
159001.SZ,2021,243,6.3728,1548.6
159001.SZ,2022,242,4.9208,1190.85
159001.SZ,2023,242,4.8848,1182.11
159001.SZ,2024,242,4.9445,1196.56
159001.SZ,2025,243,5.2916,1285.85
159001.SZ,2026,177,6.4193,1136.22
510660.SH,2013,160,0.4932,78.91
510660.SH,2014,245,0.2181,53.43
510660.SH,2015,244,0.4271,104.22
510660.SH,2016,244,0.0338,8.25
510660.SH,2017,244,0.0094,2.3
510660.SH,2018,243,0.0211,5.12
510660.SH,2019,244,0.0263,6.43
510660.SH,2020,243,0.0413,10.03
510660.SH,2021,243,0.0397,9.65
510660.SH,2022,242,0.0313,7.58
510660.SH,2023,242,0.0368,8.9
510660.SH,2024,242,0.0366,8.85
510660.SH,2025,243,0.0268,6.51
510660.SH,2026,177,0.0947,16.76
510650.SH,2013,160,0.2985,47.77
510650.SH,2014,245,0.7205,176.52
510650.SH,2015,244,1.242,303.04
510650.SH,2016,243,0.011,2.68
510650.SH,2017,241,0.0038,0.92
510650.SH,2018,242,0.0075,1.81
510650.SH,2019,239,0.0032,0.77
510650.SH,2020,243,0.0244,5.94
510650.SH,2021,243,0.1913,46.48
510650.SH,2022,242,0.1249,30.22
510650.SH,2023,242,0.1097,26.55
510650.SH,2024,242,0.0872,21.1
510650.SH,2025,243,0.0288,7.01
510650.SH,2026,177,0.0147,2.6
510630.SH,2013,160,0.1408,22.53
510630.SH,2014,245,0.0987,24.19
510630.SH,2015,244,0.2913,71.07
510630.SH,2016,244,0.0235,5.74
510630.SH,2017,244,0.0231,5.64
510630.SH,2018,243,0.0147,3.56
510630.SH,2019,244,0.0233,5.69
510630.SH,2020,243,0.1397,33.94
510630.SH,2021,242,0.2098,50.77
510630.SH,2022,242,0.115,27.82
510630.SH,2023,242,0.1198,28.99
510630.SH,2024,242,0.1841,44.54
510630.SH,2025,243,0.2801,68.05
510630.SH,2026,177,0.3867,68.45
510310.SH,2013,187,0.1783,33.34
510310.SH,2014,245,0.1637,40.09
510310.SH,2015,244,0.3107,75.81
510310.SH,2016,244,0.0374,9.11
510310.SH,2017,244,0.0373,9.11
510310.SH,2018,243,0.0855,20.78
510310.SH,2019,244,0.7351,179.38
510310.SH,2020,243,2.0145,489.53
510310.SH,2021,243,1.7004,413.19
510310.SH,2022,242,1.423,344.36
510310.SH,2023,242,4.3481,1052.25
510310.SH,2024,242,18.2277,4411.11
510310.SH,2025,243,11.2618,2736.61
510310.SH,2026,177,23.9282,4235.29
511010.SH,2013,187,7.0275,1314.15
511010.SH,2014,245,6.1591,1508.98
511010.SH,2015,244,6.8325,1667.14
511010.SH,2016,244,2.4701,602.71
511010.SH,2017,244,4.7117,1149.65
511010.SH,2018,243,1.4385,349.56
511010.SH,2019,244,1.0488,255.9
511010.SH,2020,243,0.8433,204.91
511010.SH,2021,243,0.7814,189.87
511010.SH,2022,242,2.4034,581.62
511010.SH,2023,242,3.8688,936.25
511010.SH,2024,242,4.4894,1086.44
511010.SH,2025,243,11.571,2811.75
511010.SH,2026,177,12.3139,2179.55
159925.SZ,2013,176,0.1789,31.49
159925.SZ,2014,245,0.0931,22.82
159925.SZ,2015,244,0.0573,13.99
159925.SZ,2016,244,0.0065,1.6
159925.SZ,2017,244,0.0048,1.17
159925.SZ,2018,243,0.0029,0.7
159925.SZ,2019,244,0.009,2.2
159925.SZ,2020,243,0.0244,5.92
159925.SZ,2021,243,0.058,14.09
159925.SZ,2022,242,0.0292,7.06
159925.SZ,2023,242,0.1123,27.17
159925.SZ,2024,240,1.6811,403.47
159925.SZ,2025,243,1.0315,250.66
159925.SZ,2026,177,1.0945,193.72
159923.SZ,2013,201,0.0218,4.38
159923.SZ,2014,242,0.0223,5.39
159923.SZ,2015,244,0.0541,13.21
159923.SZ,2016,239,0.0013,0.3
159923.SZ,2017,242,0.0042,1.02
159923.SZ,2018,243,0.0098,2.39
159923.SZ,2019,244,0.0046,1.12
159923.SZ,2020,242,0.0038,0.93
159923.SZ,2021,243,0.0033,0.81
159923.SZ,2022,242,0.0018,0.43
159923.SZ,2023,242,0.0017,0.41
159923.SZ,2024,242,0.02,4.85
159923.SZ,2025,243,0.0057,1.38
159923.SZ,2026,177,0.0227,4.02
159922.SZ,2013,193,0.2026,39.1
159922.SZ,2014,245,0.0126,3.09
159922.SZ,2015,244,0.185,45.13
159922.SZ,2016,244,0.0102,2.49
159922.SZ,2017,244,0.0072,1.75
159922.SZ,2018,243,0.0194,4.72
159922.SZ,2019,244,0.7788,190.02
159922.SZ,2020,243,1.6971,412.4
159922.SZ,2021,243,1.0707,260.18
159922.SZ,2022,242,3.1211,755.31
159922.SZ,2023,242,5.3709,1299.76
159922.SZ,2024,242,5.4678,1323.2
159922.SZ,2025,243,2.9311,712.27
159922.SZ,2026,177,7.3175,1295.19
510500.SH,2013,193,0.1322,25.51
510500.SH,2014,245,0.4305,105.48
510500.SH,2015,242,3.154,763.28
510500.SH,2016,244,1.9422,473.89
510500.SH,2017,244,1.7132,418.02
510500.SH,2018,243,6.0081,1459.96
510500.SH,2019,244,13.1688,3213.19
510500.SH,2020,243,13.6561,3318.44
510500.SH,2021,243,12.5411,3047.5
510500.SH,2022,242,14.2015,3436.76
510500.SH,2023,242,14.8457,3592.67
510500.SH,2024,242,22.8031,5518.35
510500.SH,2025,243,17.4487,4240.03
510500.SH,2026,177,48.8835,8652.38
511990.SH,2013,222,8.6651,1923.66
511990.SH,2014,245,88.1169,21588.63
511990.SH,2015,244,211.6969,51654.04
511990.SH,2016,244,124.0851,30276.76
511990.SH,2017,244,121.8226,29724.72
511990.SH,2018,243,100.9224,24524.15
511990.SH,2019,244,84.0981,20519.93
511990.SH,2020,243,113.4809,27575.87
511990.SH,2021,243,172.6383,41951.1
511990.SH,2022,242,163.3546,39531.81
511990.SH,2023,242,134.2146,32479.92
511990.SH,2024,242,122.3825,29616.56
511990.SH,2025,243,111.6183,27123.24
511990.SH,2026,177,110.821,19615.32
510330.SH,2013,230,0.7358,169.23
510330.SH,2014,245,1.3203,323.46
510330.SH,2015,244,1.8501,451.41
510330.SH,2016,244,0.0974,23.76
510330.SH,2017,244,0.1237,30.19
510330.SH,2018,243,1.124,273.13
510330.SH,2019,244,4.4995,1097.89
510330.SH,2020,243,6.6898,1625.62
510330.SH,2021,243,5.5138,1339.84
510330.SH,2022,242,4.6992,1137.22
510330.SH,2023,242,5.9258,1434.03
510330.SH,2024,242,10.9695,2654.63
510330.SH,2025,243,6.0995,1482.19
510330.SH,2026,177,17.0434,3016.68
159920.SZ,2012,51,0.3725,19.0
159920.SZ,2013,238,0.025,5.94
159920.SZ,2014,245,0.0152,3.72
159920.SZ,2015,244,0.6399,156.14
159920.SZ,2016,244,0.3832,93.49
159920.SZ,2017,244,2.2948,559.93
159920.SZ,2018,243,4.7545,1155.34
159920.SZ,2019,244,7.5432,1840.54
159920.SZ,2020,243,11.867,2883.67
159920.SZ,2021,243,10.5254,2557.68
159920.SZ,2022,242,7.1146,1721.73
159920.SZ,2023,242,5.8074,1405.4
159920.SZ,2024,242,8.1305,1967.57
159920.SZ,2025,243,7.8573,1909.32
159920.SZ,2026,177,4.4464,787.01
510900.SH,2012,51,0.2294,11.7
510900.SH,2013,238,0.0144,3.44
510900.SH,2014,244,0.0106,2.59
510900.SH,2015,244,2.206,538.26
510900.SH,2016,244,4.0041,977.01
510900.SH,2017,244,9.7578,2380.91
510900.SH,2018,243,14.6976,3571.51
510900.SH,2019,244,9.7342,2375.15
510900.SH,2020,243,15.9439,3874.36
510900.SH,2021,243,8.8902,2160.33
510900.SH,2022,242,4.9643,1201.36
510900.SH,2023,242,3.6331,879.21
510900.SH,2024,242,4.826,1167.9
510900.SH,2025,243,3.5912,872.67
510900.SH,2026,177,1.9499,345.14
159919.SZ,2012,149,1.9552,291.33
159919.SZ,2013,238,1.6732,398.23
159919.SZ,2014,245,4.0658,996.13
159919.SZ,2015,244,7.1106,1734.99
159919.SZ,2016,244,0.3991,97.37
159919.SZ,2017,244,0.3566,87.0
159919.SZ,2018,243,0.5905,143.48
159919.SZ,2019,243,3.1488,765.16
159919.SZ,2020,243,7.3829,1794.04
159919.SZ,2021,243,5.0216,1220.24
159919.SZ,2022,242,4.562,1104.0
159919.SZ,2023,242,7.8438,1898.2
159919.SZ,2024,242,15.4913,3748.89
159919.SZ,2025,243,8.3501,2029.08
159919.SZ,2026,177,19.9178,3525.46
510300.SH,2012,150,6.9336,1040.05
510300.SH,2013,238,9.5565,2274.45
510300.SH,2014,245,15.642,3832.29
510300.SH,2015,244,34.2619,8359.91
510300.SH,2016,244,6.2277,1519.57
510300.SH,2017,244,4.2263,1031.23
510300.SH,2018,243,7.9462,1930.93
510300.SH,2019,244,13.164,3212.02
510300.SH,2020,243,19.3032,4690.68
510300.SH,2021,243,21.1993,5151.44
510300.SH,2022,242,21.1263,5112.57
510300.SH,2023,242,30.2437,7318.98
510300.SH,2024,242,53.4443,12933.52
510300.SH,2025,243,39.1093,9503.57
510300.SH,2026,177,59.3494,10504.84
510410.SH,2012,161,0.0917,14.77
510410.SH,2013,238,0.0149,3.54
510410.SH,2014,245,0.0146,3.59
510410.SH,2015,244,0.3229,78.8
510410.SH,2016,244,0.003,0.73
510410.SH,2017,243,0.004,0.97
510410.SH,2018,243,0.0025,0.6
510410.SH,2019,244,0.0226,5.51
510410.SH,2020,243,0.1415,34.39
510410.SH,2021,243,0.2001,48.63
510410.SH,2022,242,0.2162,52.31
510410.SH,2023,242,0.2249,54.43
510410.SH,2024,242,0.1986,48.07
510410.SH,2025,243,0.1359,33.03
510410.SH,2026,177,0.3408,60.33
159918.SZ,2012,161,0.0174,2.8
159918.SZ,2013,238,0.0048,1.15
159918.SZ,2014,234,0.0015,0.36
159918.SZ,2015,244,0.0065,1.6
159918.SZ,2016,228,0.0007,0.16
159918.SZ,2017,235,0.0005,0.12
159918.SZ,2018,237,0.0006,0.13
159918.SZ,2019,240,0.0009,0.22
159918.SZ,2020,242,0.0014,0.33
159918.SZ,2021,233,0.0008,0.19
159918.SZ,2022,234,0.0008,0.18
159918.SZ,2023,237,0.0023,0.54
159918.SZ,2024,239,0.005,1.19
159918.SZ,2025,243,0.0034,0.82
159918.SZ,2026,177,0.0175,3.1
159913.SZ,2011,49,0.068,3.33
159913.SZ,2012,242,0.0018,0.43
159913.SZ,2013,220,0.0039,0.86
159913.SZ,2014,220,0.0046,1.02
159913.SZ,2015,241,0.028,6.75
159913.SZ,2016,233,0.0005,0.11
159913.SZ,2017,222,0.0011,0.24
159913.SZ,2018,240,0.0011,0.27
159913.SZ,2019,238,0.0013,0.31
159913.SZ,2020,241,0.0071,1.7
159913.SZ,2021,239,0.006,1.44
159913.SZ,2022,239,0.0021,0.49
159913.SZ,2023,233,0.0197,4.6
159913.SZ,2024,228,0.0018,0.4
159913.SZ,2025,238,0.0011,0.27
159913.SZ,2026,177,0.0063,1.12
159915.SZ,2011,16,0.5782,9.25
159915.SZ,2012,243,0.4389,106.66
159915.SZ,2013,238,1.2739,303.19
159915.SZ,2014,245,2.2179,543.38
159915.SZ,2015,244,10.8287,2642.19
159915.SZ,2016,244,6.4323,1569.49
159915.SZ,2017,244,2.1563,526.14
159915.SZ,2018,243,8.7758,2132.51
159915.SZ,2019,244,9.1136,2223.71
159915.SZ,2020,243,9.0762,2205.53
159915.SZ,2021,242,6.6468,1608.53
159915.SZ,2022,242,10.8058,2615.01
159915.SZ,2023,242,14.1369,3421.14
159915.SZ,2024,242,32.5582,7879.1
159915.SZ,2025,243,34.4994,8383.34
159915.SZ,2026,177,57.5289,10182.61
510290.SH,2011,39,0.066,2.58
510290.SH,2012,241,0.004,0.97
510290.SH,2013,235,0.0125,2.93
510290.SH,2014,245,0.0337,8.26
510290.SH,2015,244,0.6244,152.36
510290.SH,2016,244,0.0097,2.36
510290.SH,2017,243,0.0082,2.0
510290.SH,2018,243,0.0023,0.55
510290.SH,2019,243,0.0083,2.01
510290.SH,2020,243,0.0128,3.11
510290.SH,2021,243,0.0035,0.84
510290.SH,2022,242,0.002,0.49
510290.SH,2023,242,0.0061,1.48
510290.SH,2024,242,0.0131,3.16
510290.SH,2025,243,0.0156,3.8
510290.SH,2026,177,0.0263,4.66
159912.SZ,2011,27,0.1108,2.99
159912.SZ,2012,243,0.0582,14.14
159912.SZ,2013,238,0.0065,1.55
159912.SZ,2014,245,0.0072,1.76
159912.SZ,2015,244,0.0274,6.67
159912.SZ,2016,243,0.0012,0.29
159912.SZ,2017,244,0.0012,0.3
159912.SZ,2018,242,0.0017,0.41
159912.SZ,2019,244,0.0072,1.75
159912.SZ,2020,243,0.0116,2.83
159912.SZ,2021,243,0.0049,1.2
159912.SZ,2022,242,0.0019,0.46
159912.SZ,2023,242,0.008,1.94
159912.SZ,2024,242,0.0285,6.9
159912.SZ,2025,243,0.0275,6.68
159912.SZ,2026,177,0.0216,3.82
159916.SZ,2011,50,0.062,3.1
159916.SZ,2012,205,0.009,1.84
159916.SZ,2013,213,0.0105,2.23
159916.SZ,2014,198,0.0011,0.22
159916.SZ,2015,231,0.0018,0.41
159916.SZ,2016,221,0.0008,0.18
159916.SZ,2017,232,0.0004,0.1
159916.SZ,2018,243,0.0044,1.08
159916.SZ,2019,244,0.005,1.22
159916.SZ,2020,243,0.0099,2.4
159916.SZ,2021,242,0.002,0.49
159916.SZ,2022,240,0.0201,4.83
159916.SZ,2023,241,0.1463,35.26
159916.SZ,2024,242,0.0059,1.44
159916.SZ,2025,242,0.0028,0.68
159916.SZ,2026,177,0.0349,6.17
159910.SZ,2011,64,0.0436,2.79
159910.SZ,2012,240,0.0067,1.6
159910.SZ,2013,226,0.0026,0.6
159910.SZ,2014,231,0.0047,1.08
159910.SZ,2015,240,0.0611,14.67
159910.SZ,2016,211,0.0011,0.23
159910.SZ,2017,236,0.0005,0.12
159910.SZ,2018,243,0.0065,1.59
159910.SZ,2019,244,0.016,3.9
159910.SZ,2020,243,0.0264,6.41
159910.SZ,2021,243,0.0033,0.79
159910.SZ,2022,242,0.0013,0.31
159910.SZ,2023,242,0.0658,15.91
159910.SZ,2024,242,0.0182,4.41
159910.SZ,2025,243,0.0106,2.58
159910.SZ,2026,177,0.0275,4.87
159909.SZ,2011,81,0.015,1.22
159909.SZ,2012,241,0.0072,1.74
159909.SZ,2013,238,0.021,5.0
159909.SZ,2014,241,0.0034,0.81
159909.SZ,2015,242,0.1059,25.63
159909.SZ,2016,222,0.0003,0.06
159909.SZ,2017,220,0.0003,0.07
159909.SZ,2018,238,0.0012,0.29
159909.SZ,2019,243,0.0272,6.62
159909.SZ,2020,243,0.0225,5.46
159909.SZ,2021,243,0.0061,1.49
159909.SZ,2022,242,0.006,1.44
159909.SZ,2023,242,0.0343,8.31
159909.SZ,2024,242,0.0274,6.64
159909.SZ,2025,243,0.0503,12.22
159909.SZ,2026,177,0.0793,14.03
510270.SH,2011,91,0.031,2.82
510270.SH,2012,242,0.0083,2.01
510270.SH,2013,237,0.0031,0.73
510270.SH,2014,240,0.0063,1.52
510270.SH,2015,244,0.0243,5.92
510270.SH,2016,244,0.0012,0.28
510270.SH,2017,241,0.0007,0.16
510270.SH,2018,235,0.0005,0.11
510270.SH,2019,242,0.0011,0.28
510270.SH,2020,241,0.0023,0.56
510270.SH,2021,243,0.002,0.5
510270.SH,2022,239,0.0028,0.67
510270.SH,2023,242,0.0085,2.06
510270.SH,2024,242,0.0171,4.13
510270.SH,2025,243,0.0083,2.02
510270.SH,2026,177,0.0321,5.67
159907.SZ,2011,97,0.0739,7.17
159907.SZ,2012,243,0.0276,6.71
159907.SZ,2013,238,0.0152,3.63
159907.SZ,2014,245,0.0419,10.27
159907.SZ,2015,244,0.3624,88.42
159907.SZ,2016,244,0.0075,1.82
159907.SZ,2017,244,0.0076,1.85
159907.SZ,2018,243,0.0024,0.59
159907.SZ,2019,244,0.0036,0.89
159907.SZ,2020,243,0.0041,1.01
159907.SZ,2021,243,0.0017,0.41
159907.SZ,2022,238,0.0012,0.28
159907.SZ,2023,238,0.1295,30.81
159907.SZ,2024,242,0.1508,36.48
159907.SZ,2025,243,0.1165,28.3
159907.SZ,2026,177,0.1061,18.77
510230.SH,2011,153,0.119,18.2
510230.SH,2012,243,0.0689,16.75
510230.SH,2013,238,0.3074,73.17
510230.SH,2014,245,1.6402,401.86
510230.SH,2015,244,4.9995,1219.87
510230.SH,2016,244,0.0274,6.69
510230.SH,2017,244,0.0285,6.96
510230.SH,2018,243,0.1684,40.93
510230.SH,2019,244,0.2765,67.47
510230.SH,2020,242,0.5168,125.07
510230.SH,2021,243,0.6841,166.23
510230.SH,2022,242,0.527,127.54
510230.SH,2023,242,0.5539,134.05
510230.SH,2024,242,0.446,107.93
510230.SH,2025,243,0.5384,130.83
510230.SH,2026,177,0.829,146.73
510210.SH,2011,191,0.0186,3.56
510210.SH,2012,239,0.0034,0.81
510210.SH,2013,229,0.0025,0.56
510210.SH,2014,230,0.0063,1.44
510210.SH,2015,244,0.1003,24.47
510210.SH,2016,239,0.0006,0.14
510210.SH,2017,231,0.0006,0.14
510210.SH,2018,240,0.0007,0.17
510210.SH,2019,244,0.0789,19.25
510210.SH,2020,243,0.1901,46.19
510210.SH,2021,242,0.28,67.75
510210.SH,2022,242,0.747,180.77
510210.SH,2023,242,1.8656,451.49
510210.SH,2024,242,4.0323,975.83
510210.SH,2025,243,2.9937,727.48
510210.SH,2026,177,7.7834,1377.67
159906.SZ,2011,213,0.0306,6.53
159906.SZ,2012,240,0.005,1.19
159906.SZ,2013,232,0.0049,1.15
159906.SZ,2014,236,0.0041,0.97
159906.SZ,2015,243,0.0128,3.1
159906.SZ,2016,240,0.0006,0.14
159906.SZ,2017,241,0.0005,0.13
159906.SZ,2018,227,0.0007,0.16
159906.SZ,2019,244,0.0023,0.56
159906.SZ,2020,243,0.0414,10.05
159906.SZ,2021,243,0.0483,11.74
159906.SZ,2022,242,0.0365,8.83
159906.SZ,2023,242,0.0392,9.49
159906.SZ,2024,242,0.0361,8.73
159906.SZ,2025,243,0.0393,9.54
159906.SZ,2026,177,0.1438,25.45
510150.SH,2011,211,0.0333,7.03
510150.SH,2012,243,0.0129,3.12
510150.SH,2013,237,0.0104,2.46
510150.SH,2014,242,0.0063,1.53
510150.SH,2015,244,0.076,18.54
510150.SH,2016,241,0.001,0.24
510150.SH,2017,238,0.0006,0.14
510150.SH,2018,243,0.0212,5.15
510150.SH,2019,244,0.0425,10.36
510150.SH,2020,243,0.1425,34.62
510150.SH,2021,242,0.2246,54.36
510150.SH,2022,242,0.2887,69.87
510150.SH,2023,242,0.4171,100.93
510150.SH,2024,242,0.5842,141.39
510150.SH,2025,243,0.6699,162.77
510150.SH,2026,177,0.4206,74.45
510170.SH,2011,229,1.0694,244.9
510170.SH,2012,243,0.3295,80.07
510170.SH,2013,238,0.129,30.7
510170.SH,2014,245,0.1122,27.48
510170.SH,2015,241,0.8918,214.91
510170.SH,2016,241,0.0012,0.29
510170.SH,2017,237,0.0009,0.2
510170.SH,2018,222,0.0004,0.08
510170.SH,2019,240,0.005,1.19
510170.SH,2020,242,0.0065,1.56
510170.SH,2021,243,0.1027,24.96
510170.SH,2022,241,0.0707,17.04
510170.SH,2023,242,0.0229,5.55
510170.SH,2024,242,0.0476,11.51
510170.SH,2025,243,0.0511,12.42
510170.SH,2026,177,0.2593,45.89
510190.SH,2011,239,0.0604,14.43
510190.SH,2012,240,0.0067,1.61
510190.SH,2013,232,0.0033,0.76
510190.SH,2014,234,0.0093,2.17
510190.SH,2015,244,0.1441,35.15
510190.SH,2016,234,0.0008,0.19
510190.SH,2017,236,0.0007,0.17
510190.SH,2018,240,0.0018,0.44
510190.SH,2019,244,0.0054,1.33
510190.SH,2020,243,0.0071,1.73
510190.SH,2021,243,0.0044,1.08
510190.SH,2022,241,0.0015,0.35
510190.SH,2023,236,0.0164,3.86
510190.SH,2024,242,0.062,15.0
510190.SH,2025,243,0.04,9.71
510190.SH,2026,177,0.0196,3.46
159905.SZ,2011,239,0.0388,9.28
159905.SZ,2012,243,0.0104,2.54
159905.SZ,2013,237,0.0197,4.67
159905.SZ,2014,245,0.0515,12.62
159905.SZ,2015,244,0.245,59.78
159905.SZ,2016,244,0.0487,11.88
159905.SZ,2017,244,0.0526,12.84
159905.SZ,2018,243,0.0636,15.45
159905.SZ,2019,244,0.2908,70.95
159905.SZ,2020,243,0.5617,136.5
159905.SZ,2021,243,0.5201,126.37
159905.SZ,2022,242,0.7594,183.79
159905.SZ,2023,242,0.49,118.58
159905.SZ,2024,242,0.5612,135.82
159905.SZ,2025,243,0.5028,122.18
159905.SZ,2026,177,0.4537,80.31
510160.SH,2010,45,0.2178,9.8
510160.SH,2011,244,0.0299,7.29
510160.SH,2012,243,0.0064,1.56
510160.SH,2013,238,0.0267,6.36
510160.SH,2014,245,0.0315,7.71
510160.SH,2015,244,0.201,49.05
510160.SH,2016,244,0.0113,2.75
510160.SH,2017,244,0.0891,21.73
510160.SH,2018,243,0.0066,1.61
510160.SH,2019,244,0.0033,0.81
510160.SH,2020,243,0.0084,2.05
510160.SH,2021,243,0.0035,0.86
510160.SH,2022,242,0.0047,1.14
510160.SH,2023,242,0.0102,2.46
510160.SH,2024,242,0.0157,3.81
510160.SH,2025,243,0.0092,2.23
510160.SH,2026,177,0.0064,1.13
510090.SH,2010,97,0.1467,14.23
510090.SH,2011,243,0.0109,2.66
510090.SH,2012,214,0.0013,0.28
510090.SH,2013,208,0.0013,0.26
510090.SH,2014,214,0.0008,0.17
510090.SH,2015,233,0.0046,1.06
510090.SH,2016,216,0.0002,0.04
510090.SH,2017,194,0.0002,0.05
510090.SH,2018,224,0.0002,0.05
510090.SH,2019,227,0.0003,0.07
510090.SH,2020,236,0.0008,0.2
510090.SH,2021,239,0.001,0.25
510090.SH,2022,217,0.0005,0.1
510090.SH,2023,225,0.0007,0.16
510090.SH,2024,228,0.0011,0.25
510090.SH,2025,242,0.002,0.5
510090.SH,2026,177,0.0029,0.5
510030.SH,2010,145,0.1679,24.34
510030.SH,2011,244,0.1111,27.11
510030.SH,2012,243,0.0519,12.61
510030.SH,2013,238,0.1486,35.37
510030.SH,2014,245,0.384,94.08
510030.SH,2015,244,0.6028,147.08
510030.SH,2016,243,0.0022,0.54
510030.SH,2017,236,0.0011,0.27
510030.SH,2018,243,0.0022,0.52
510030.SH,2019,244,0.0041,1.01
510030.SH,2020,243,0.0071,1.73
510030.SH,2021,242,0.0092,2.23
510030.SH,2022,242,0.0119,2.89
510030.SH,2023,242,0.0156,3.78
510030.SH,2024,242,0.0302,7.31
510030.SH,2025,243,0.0461,11.21
510030.SH,2026,177,0.0518,9.17
510130.SH,2010,130,0.8389,109.05
510130.SH,2011,244,0.1632,39.82
510130.SH,2012,243,0.0164,3.99
510130.SH,2013,238,0.0401,9.54
510130.SH,2014,245,0.0196,4.81
510130.SH,2015,244,0.6139,149.78
510130.SH,2016,229,0.0025,0.56
510130.SH,2017,218,0.0023,0.51
510130.SH,2018,200,0.0013,0.25
510130.SH,2019,221,0.0009,0.19
510130.SH,2020,234,0.0055,1.28
510130.SH,2021,241,0.004,0.97
510130.SH,2022,220,0.0021,0.47
510130.SH,2023,241,0.0072,1.72
510130.SH,2024,239,0.0157,3.74
510130.SH,2025,243,0.0137,3.33
510130.SH,2026,177,0.0236,4.17
510020.SH,2010,193,0.1718,33.16
510020.SH,2011,244,0.0531,12.95
510020.SH,2012,241,0.0335,8.08
510020.SH,2013,238,0.0144,3.43
510020.SH,2014,245,0.009,2.2
510020.SH,2015,244,0.1829,44.63
510020.SH,2016,244,0.0011,0.28
510020.SH,2017,243,0.0032,0.79
510020.SH,2018,240,0.001,0.25
510020.SH,2019,241,0.0054,1.31
510020.SH,2020,242,0.0037,0.9
510020.SH,2021,243,0.0029,0.7
510020.SH,2022,242,0.0081,1.97
510020.SH,2023,242,0.0354,8.58
510020.SH,2024,242,0.0353,8.55
510020.SH,2025,243,0.0254,6.17
510020.SH,2026,177,0.0307,5.44
159903.SZ,2010,221,0.5759,127.28
159903.SZ,2011,244,0.2496,60.9
159903.SZ,2012,243,0.224,54.44
159903.SZ,2013,238,0.2417,57.52
159903.SZ,2014,245,0.3076,75.37
159903.SZ,2015,244,0.3288,80.23
159903.SZ,2016,244,0.0204,4.98
159903.SZ,2017,244,0.0099,2.41
159903.SZ,2018,243,0.0106,2.57
159903.SZ,2019,244,0.018,4.39
159903.SZ,2020,243,0.0248,6.04
159903.SZ,2021,243,0.0155,3.76
159903.SZ,2022,242,0.0091,2.21
159903.SZ,2023,242,0.0557,13.48
159903.SZ,2024,242,0.2155,52.16
159903.SZ,2025,243,0.2659,64.6
159903.SZ,2026,177,0.5024,88.92
162711.SZ,2010,238,0.0932,22.17
162711.SZ,2011,244,0.0118,2.88
162711.SZ,2012,243,0.0029,0.71
162711.SZ,2013,214,0.0023,0.5
162711.SZ,2014,242,0.004,0.96
162711.SZ,2015,244,0.0067,1.64
162711.SZ,2016,242,0.0007,0.18
162711.SZ,2017,243,0.0005,0.11
162711.SZ,2018,238,0.0003,0.08
162711.SZ,2019,243,0.0012,0.28
162711.SZ,2020,242,0.0013,0.31
162711.SZ,2021,243,0.0008,0.19
162711.SZ,2022,238,0.0003,0.08
162711.SZ,2023,225,0.0002,0.05
162711.SZ,2024,232,0.0015,0.34
162711.SZ,2025,242,0.001,0.24
162711.SZ,2026,177,0.001,0.18
160119.SZ,2009,37,0.3093,11.44
160119.SZ,2010,242,0.0754,18.25
160119.SZ,2011,244,0.0142,3.47
160119.SZ,2012,243,0.0049,1.19
160119.SZ,2013,238,0.0035,0.83
160119.SZ,2014,242,0.0064,1.55
160119.SZ,2015,244,0.0197,4.8
160119.SZ,2016,244,0.0048,1.17
160119.SZ,2017,244,0.0037,0.89
160119.SZ,2018,243,0.0052,1.27
160119.SZ,2019,244,0.0236,5.76
160119.SZ,2020,242,0.0214,5.17
160119.SZ,2021,243,0.0118,2.86
160119.SZ,2022,242,0.0078,1.9
160119.SZ,2023,242,0.0042,1.03
160119.SZ,2024,242,0.0076,1.83
160119.SZ,2025,243,0.0071,1.73
160119.SZ,2026,177,0.0087,1.55
510010.SH,2009,13,0.5518,7.17
510010.SH,2010,242,0.0399,9.67
510010.SH,2011,244,0.018,4.39
510010.SH,2012,243,0.0252,6.12
510010.SH,2013,238,0.0424,10.1
510010.SH,2014,245,0.1243,30.46
510010.SH,2015,244,1.1419,278.63
510010.SH,2016,244,0.0031,0.75
510010.SH,2017,243,0.0011,0.27
510010.SH,2018,241,0.0008,0.2
510010.SH,2019,242,0.0015,0.36
510010.SH,2020,243,0.0013,0.32
510010.SH,2021,242,0.0009,0.21
510010.SH,2022,242,0.0004,0.1
510010.SH,2023,234,0.0004,0.1
510010.SH,2024,237,0.0051,1.21
510010.SH,2025,243,0.0019,0.47
510010.SH,2026,177,0.0027,0.48
510060.SH,2009,48,1.9584,94.0
510060.SH,2010,242,0.3515,85.05
510060.SH,2011,244,0.0555,13.53
510060.SH,2012,243,0.0166,4.02
510060.SH,2013,238,0.0138,3.27
510060.SH,2014,245,0.2666,65.31
510060.SH,2015,244,0.8161,199.13
510060.SH,2016,244,0.0218,5.31
510060.SH,2017,244,0.0107,2.61
510060.SH,2018,243,0.0082,1.99
510060.SH,2019,244,0.0036,0.87
510060.SH,2020,243,0.0049,1.18
510060.SH,2021,243,0.0031,0.76
510060.SH,2022,242,0.0043,1.04
510060.SH,2023,242,0.0242,5.86
510060.SH,2024,242,0.0564,13.66
510060.SH,2025,243,0.02,4.85
510060.SH,2026,177,0.0061,1.08
160615.SZ,2009,162,0.0609,9.87
160615.SZ,2010,242,0.0079,1.91
160615.SZ,2011,240,0.0019,0.46
160615.SZ,2012,214,0.0005,0.1
160615.SZ,2013,211,0.0005,0.11
160615.SZ,2014,206,0.0012,0.24
160615.SZ,2015,234,0.0021,0.5
160615.SZ,2016,200,0.0001,0.03
160615.SZ,2017,211,0.0002,0.04
160615.SZ,2018,223,0.0001,0.03
160615.SZ,2019,217,0.0003,0.06
160615.SZ,2020,226,0.0004,0.08
160615.SZ,2021,234,0.0004,0.09
160615.SZ,2022,241,0.0004,0.11
160615.SZ,2023,220,0.0003,0.07
160615.SZ,2024,217,0.0005,0.12
160615.SZ,2025,231,0.0004,0.08
160615.SZ,2026,171,0.0003,0.06
510880.SH,2007,232,1.6794,389.61
510880.SH,2008,246,1.3182,324.27
510880.SH,2009,244,3.3675,821.67
510880.SH,2010,242,0.6428,155.55
510880.SH,2011,244,0.152,37.09
510880.SH,2012,243,0.0892,21.67
510880.SH,2013,238,0.1051,25.02
510880.SH,2014,245,0.0923,22.62
510880.SH,2015,244,1.0708,261.27
510880.SH,2016,244,0.0479,11.68
510880.SH,2017,244,0.1561,38.1
510880.SH,2018,243,0.1968,47.82
510880.SH,2019,244,0.2747,67.03
510880.SH,2020,243,0.8337,202.58
510880.SH,2021,243,2.7643,671.73
510880.SH,2022,242,2.8652,693.37
510880.SH,2023,242,2.4101,583.24
510880.SH,2024,242,4.5066,1090.59
510880.SH,2025,243,4.6891,1139.46
510880.SH,2026,177,6.3256,1119.64
159902.SZ,2006,79,0.3217,25.42
159902.SZ,2007,242,0.4815,116.51
159902.SZ,2008,246,0.5875,144.54
159902.SZ,2009,244,0.8749,213.47
159902.SZ,2010,242,1.825,441.65
159902.SZ,2011,244,1.0097,246.36
159902.SZ,2012,243,0.8558,207.96
159902.SZ,2013,238,1.1698,278.42
159902.SZ,2014,245,1.2417,304.22
159902.SZ,2015,244,5.6163,1370.39
159902.SZ,2016,244,2.042,498.25
159902.SZ,2017,244,0.3922,95.69
159902.SZ,2018,243,0.3567,86.69
159902.SZ,2019,244,0.5913,144.27
159902.SZ,2020,243,0.4911,119.34
159902.SZ,2021,243,0.2049,49.78
159902.SZ,2022,242,0.0649,15.71
159902.SZ,2023,242,0.1055,25.53
159902.SZ,2024,242,0.1205,29.16
159902.SZ,2025,243,0.0905,22.0
159902.SZ,2026,177,0.0994,17.6
510180.SH,2006,157,0.092,14.44
510180.SH,2007,242,0.1945,47.07
510180.SH,2008,246,0.2711,66.7
510180.SH,2009,242,1.3335,322.7
510180.SH,2010,242,3.597,870.46
510180.SH,2011,244,2.694,657.33
510180.SH,2012,243,2.2577,548.63
510180.SH,2013,236,2.2771,537.38
510180.SH,2014,245,2.9784,729.72
510180.SH,2015,244,11.7707,2872.05
510180.SH,2016,244,0.2617,63.86
510180.SH,2017,244,0.2882,70.31
510180.SH,2018,243,0.4357,105.86
510180.SH,2019,244,0.7356,179.49
510180.SH,2020,243,0.7765,188.69
510180.SH,2021,243,0.6954,168.99
510180.SH,2022,242,0.7898,191.13
510180.SH,2023,242,0.9811,237.43
510180.SH,2024,242,0.774,187.32
510180.SH,2025,243,0.7314,177.74
510180.SH,2026,177,1.0399,184.07
159901.SZ,2006,170,0.3974,67.56
159901.SZ,2007,242,0.9519,230.36
159901.SZ,2008,246,1.1991,294.97
159901.SZ,2009,244,6.8848,1679.9
159901.SZ,2010,241,6.9712,1680.05
159901.SZ,2011,244,4.6893,1144.2
159901.SZ,2012,243,4.251,1032.99
159901.SZ,2013,238,4.1708,992.65
159901.SZ,2014,244,2.4399,595.33
159901.SZ,2015,244,9.2073,2246.59
159901.SZ,2016,244,0.3051,74.44
159901.SZ,2017,244,0.2898,70.72
159901.SZ,2018,243,0.6426,156.15
159901.SZ,2019,244,2.0662,504.16
159901.SZ,2020,243,1.7019,413.57
159901.SZ,2021,242,1.5539,376.04
159901.SZ,2022,242,0.8059,195.03
159901.SZ,2023,242,1.2828,310.43
159901.SZ,2024,242,1.4899,360.57
159901.SZ,2025,243,1.592,386.87
159901.SZ,2026,177,3.3194,587.53
160706.SZ,2005,55,0.0103,0.57
160706.SZ,2006,239,0.0083,1.99
160706.SZ,2007,242,0.4979,120.49
160706.SZ,2008,246,0.4273,105.12
160706.SZ,2009,244,0.6109,149.05
160706.SZ,2010,242,0.4463,108.0
160706.SZ,2011,244,0.2842,69.34
160706.SZ,2012,228,0.2011,45.85
160706.SZ,2013,238,0.1108,26.37
160706.SZ,2014,245,0.0971,23.79
160706.SZ,2015,244,0.2367,57.76
160706.SZ,2016,244,0.0317,7.73
160706.SZ,2017,244,0.0234,5.7
160706.SZ,2018,243,0.028,6.81
160706.SZ,2019,244,0.0409,9.99
160706.SZ,2020,243,0.0459,11.16
160706.SZ,2021,243,0.0273,6.64
160706.SZ,2022,242,0.0158,3.81
160706.SZ,2023,242,0.0139,3.36
160706.SZ,2024,242,0.0263,6.38
160706.SZ,2025,243,0.0203,4.92
160706.SZ,2026,177,0.0181,3.21
510050.SH,2005,213,1.9761,420.92
510050.SH,2006,241,0.965,232.55
510050.SH,2007,242,3.1449,761.06
510050.SH,2008,246,9.5379,2346.33
510050.SH,2009,244,18.4967,4513.19
510050.SH,2010,242,11.8314,2863.2
510050.SH,2011,244,6.3549,1550.61
510050.SH,2012,243,4.9333,1198.8
510050.SH,2013,238,7.6137,1812.06
510050.SH,2014,245,8.9896,2202.45
510050.SH,2015,244,36.262,8847.93
510050.SH,2016,244,5.455,1331.02
510050.SH,2017,244,8.2574,2014.81
510050.SH,2018,243,17.6952,4299.93
510050.SH,2019,244,20.0742,4898.1
510050.SH,2020,243,15.6925,3813.28
510050.SH,2021,243,20.3868,4954.0
510050.SH,2022,242,19.6073,4744.97
510050.SH,2023,242,18.4556,4466.26
510050.SH,2024,242,28.3077,6850.45
510050.SH,2025,243,22.049,5357.91
510050.SH,2026,177,29.2499,5177.24
560890.SH,2024,68,0.122,8.3
560890.SH,2025,243,0.0416,10.1
560890.SH,2026,29,0.0094,0.27
159579.SZ,2024,111,0.0257,2.86
159579.SZ,2025,42,0.0024,0.1
562260.SH,2024,160,0.0353,5.65
562260.SH,2025,110,0.0084,0.92
159693.SZ,2023,12,0.2412,2.89
159693.SZ,2024,97,0.0299,2.9
159522.SZ,2023,55,0.1272,6.99
159522.SZ,2024,153,0.0259,3.96
159503.SZ,2023,111,0.0904,10.03
159503.SZ,2024,126,0.0751,9.47
560960.SH,2023,234,0.1116,26.11
560960.SH,2024,242,0.1256,30.41
560960.SH,2025,71,0.0732,5.2
159683.SZ,2023,238,0.0988,23.52
159683.SZ,2024,242,0.0457,11.05
159683.SZ,2025,3,0.0302,0.09
561710.SH,2022,26,0.1426,3.71
561710.SH,2023,242,0.0486,11.76
561710.SH,2024,136,0.0319,4.33
159646.SZ,2022,89,0.1313,11.69
159646.SZ,2023,242,0.0363,8.77
159646.SZ,2024,96,0.0201,1.93
561150.SH,2022,66,0.1061,7.0
560650.SH,2022,129,0.0837,10.8
560650.SH,2023,242,0.0359,8.68
560650.SH,2024,240,0.0078,1.88
560650.SH,2025,243,0.0056,1.37
560650.SH,2026,117,0.007,0.82
517760.SH,2022,173,0.0407,7.04
517760.SH,2023,241,0.0155,3.73
517760.SH,2024,51,0.0041,0.21
159833.SZ,2022,187,0.0331,6.19
159833.SZ,2023,96,0.0158,1.51
517780.SH,2022,191,0.0304,5.81
517780.SH,2023,13,0.0017,0.02
513960.SH,2022,194,0.3588,69.62
513960.SH,2023,242,0.3196,77.35
513960.SH,2024,168,0.052,8.73
560600.SH,2022,197,0.0251,4.94
560600.SH,2023,203,0.0085,1.73
517500.SH,2022,197,0.0484,9.54
517500.SH,2023,208,0.0396,8.24
159832.SZ,2022,183,0.0276,5.05
159832.SZ,2023,51,0.0161,0.82
159769.SZ,2022,205,0.0265,5.44
159769.SZ,2023,242,0.0122,2.94
159769.SZ,2024,119,0.0237,2.82
517270.SH,2022,236,0.0551,13.0
517270.SH,2023,242,0.0159,3.84
517270.SH,2024,36,0.0078,0.28
516690.SH,2021,9,0.1918,1.73
516690.SH,2022,242,0.0327,7.91
516690.SH,2023,242,0.0229,5.53
516690.SH,2024,102,0.038,3.87
159789.SZ,2021,10,0.2142,2.14
159789.SZ,2022,242,0.0189,4.58
159789.SZ,2023,189,0.0232,4.38
517960.SH,2021,7,0.0046,0.03
517960.SH,2022,242,0.042,10.17
517960.SH,2023,238,0.0058,1.39
517960.SH,2024,119,0.0096,1.14
517280.SH,2021,21,0.2637,5.54
517280.SH,2022,242,0.151,36.53
517280.SH,2023,242,0.1417,34.29
517280.SH,2024,122,0.0726,8.85
159853.SZ,2021,56,0.0864,4.84
159853.SZ,2022,242,0.0264,6.39
159853.SZ,2023,217,0.0487,10.56
560000.SH,2021,62,0.0762,4.72
560000.SH,2022,242,0.0366,8.87
560000.SH,2023,242,0.022,5.34
560000.SH,2024,242,0.0065,1.57
560000.SH,2025,243,0.0044,1.07
560000.SH,2026,77,0.006,0.46
159733.SZ,2021,63,0.1733,10.92
159733.SZ,2022,242,0.059,14.29
159733.SZ,2023,241,0.0441,10.63
159733.SZ,2024,33,0.0452,1.49
159846.SZ,2021,89,0.0399,3.55
159710.SZ,2021,98,0.0451,4.42
159710.SZ,2022,242,0.0086,2.08
159710.SZ,2023,242,0.0078,1.89
159710.SZ,2024,12,0.0401,0.48
516870.SH,2021,78,0.1106,8.63
516400.SH,2021,112,0.028,3.14
159897.SZ,2021,133,0.0473,6.29
159897.SZ,2022,82,0.0087,0.71
516480.SH,2021,138,0.0917,12.65
516480.SH,2022,242,0.0358,8.67
516480.SH,2023,242,0.0036,0.87
516480.SH,2024,242,0.0051,1.22
516480.SH,2025,142,0.004,0.57
159702.SZ,2021,156,0.0358,5.59
159702.SZ,2022,212,0.0101,2.14
517060.SH,2021,189,0.0238,4.5
517060.SH,2022,26,0.0328,0.85
516680.SH,2021,203,0.0574,11.65
516680.SH,2022,181,0.0156,2.83
510860.SH,2021,232,0.013,3.03
511000.SH,2020,46,0.0012,0.06
511000.SH,2021,37,0.0003,0.01
159823.SZ,2020,50,0.1773,8.87
159823.SZ,2021,243,0.0785,19.09
159823.SZ,2022,242,0.0202,4.9
159823.SZ,2023,242,0.0137,3.31
159823.SZ,2024,147,0.0128,1.88
515500.SH,2020,69,0.067,4.62
515500.SH,2021,243,0.0155,3.77
515500.SH,2022,234,0.0168,3.94
515500.SH,2023,16,0.0101,0.16
159815.SZ,2020,92,0.0485,4.46
159815.SZ,2021,242,0.0051,1.23
159815.SZ,2022,239,0.0028,0.66
159815.SZ,2023,71,0.0155,1.1
512350.SH,2020,75,0.019,1.42
512350.SH,2021,233,0.0079,1.84
515610.SH,2020,92,0.0558,5.13
515610.SH,2021,242,0.0082,1.99
515610.SH,2022,137,0.0054,0.74
159999.SZ,2020,96,0.0861,8.27
159999.SZ,2021,242,0.0133,3.22
159999.SZ,2022,227,0.001,0.23
159999.SZ,2023,41,0.0004,0.01
512320.SH,2020,99,0.1,9.9
512320.SH,2021,243,0.0101,2.44
512320.SH,2022,229,0.0043,0.99
512320.SH,2023,226,0.0089,2.01
512320.SH,2024,31,0.0127,0.4
511050.SH,2020,99,0.0003,0.03
511050.SH,2021,95,0.0005,0.05
515830.SH,2020,114,0.0551,6.28
515830.SH,2021,222,0.0047,1.04
515830.SH,2022,42,0.0005,0.02
515820.SH,2020,147,0.0599,8.8
515820.SH,2021,242,0.0052,1.27
515820.SH,2022,179,0.0195,3.49
510690.SH,2020,131,0.0279,3.65
510690.SH,2021,229,0.0038,0.88
159809.SZ,2020,153,0.0611,9.36
159809.SZ,2021,185,0.0085,1.58
515780.SH,2020,147,0.2323,34.15
515780.SH,2021,243,0.169,41.08
515780.SH,2022,242,0.1528,36.97
515780.SH,2023,234,0.0192,4.49
515780.SH,2024,203,0.0063,1.28
515780.SH,2025,27,0.0011,0.03
159988.SZ,2020,139,0.0252,3.5
159988.SZ,2021,235,0.0013,0.3
159988.SZ,2022,108,0.0092,0.99
159803.SZ,2020,150,0.02,3.0
159803.SZ,2021,174,0.0032,0.55
515620.SH,2020,151,0.0324,4.89
515620.SH,2021,59,0.0103,0.6
515670.SH,2020,150,0.0304,4.56
515670.SH,2021,242,0.0034,0.82
515670.SH,2022,233,0.0361,8.41
515670.SH,2023,242,0.0485,11.75
515670.SH,2024,62,0.0468,2.9
515930.SH,2020,162,0.099,16.05
515930.SH,2021,243,0.0499,12.13
515930.SH,2022,242,0.0121,2.93
515930.SH,2023,104,0.0108,1.12
159802.SZ,2020,86,0.0541,4.65
515280.SH,2020,174,0.0552,9.61
515280.SH,2021,243,0.1146,27.84
515280.SH,2022,242,0.1711,41.41
515280.SH,2023,242,0.1909,46.19
515280.SH,2024,147,0.1166,17.15
515690.SH,2020,159,0.0389,6.18
515690.SH,2021,243,0.0202,4.9
515690.SH,2022,43,0.0043,0.19
515510.SH,2020,164,0.0377,6.19
515510.SH,2021,243,0.0047,1.14
515510.SH,2022,231,0.0015,0.34
515510.SH,2023,15,0.005,0.08
159978.SZ,2020,177,0.0775,13.72
159978.SZ,2021,243,0.0044,1.06
159978.SZ,2022,242,0.0042,1.02
159978.SZ,2023,1,0.0075,0.01
159983.SZ,2020,170,0.0539,9.16
159983.SZ,2021,243,0.0271,6.59
159983.SZ,2022,242,0.0317,7.66
159983.SZ,2023,238,0.0132,3.15
515570.SH,2020,180,0.0211,3.79
515570.SH,2021,243,0.016,3.9
515570.SH,2022,240,0.0035,0.84
515570.SH,2023,207,0.0033,0.67
159986.SZ,2020,231,0.0332,7.67
159986.SZ,2021,243,0.0214,5.2
159986.SZ,2022,190,0.0024,0.46
159979.SZ,2020,218,0.0155,3.38
159979.SZ,2021,240,0.0016,0.38
159979.SZ,2022,225,0.0007,0.15
159990.SZ,2020,231,0.0654,15.12
159990.SZ,2021,243,0.0438,10.65
159990.SZ,2022,242,0.0165,3.98
159990.SZ,2023,242,0.0197,4.77
159990.SZ,2024,124,0.0451,5.6
515870.SH,2020,232,0.0266,6.17
515870.SH,2021,243,0.0428,10.41
515870.SH,2022,242,0.0551,13.34
515870.SH,2023,10,0.0597,0.6
159984.SZ,2020,232,0.0392,9.08
159984.SZ,2021,243,0.005,1.22
159984.SZ,2022,235,0.0012,0.28
159984.SZ,2023,120,0.0094,1.13
159987.SZ,2019,32,0.5104,16.33
159987.SZ,2020,243,0.1254,30.46
159987.SZ,2021,243,0.0904,21.97
159987.SZ,2022,242,0.0403,9.74
159987.SZ,2023,242,0.0078,1.9
159987.SZ,2024,158,0.0082,1.29
515520.SH,2019,32,0.3272,10.47
515520.SH,2020,243,0.0836,20.33
515520.SH,2021,236,0.0061,1.44
515520.SH,2022,211,0.0006,0.13
515520.SH,2023,76,0.0016,0.12
512790.SH,2019,77,0.0378,2.91
512790.SH,2020,106,0.0016,0.17
159969.SZ,2019,84,0.2112,17.74
159969.SZ,2020,243,0.0479,11.63
159969.SZ,2021,243,0.0319,7.75
159969.SZ,2022,242,0.0221,5.34
159969.SZ,2023,242,0.0097,2.34
159969.SZ,2024,242,0.0119,2.87
159969.SZ,2025,243,0.0104,2.54
159969.SZ,2026,35,0.0115,0.4
510890.SH,2019,131,0.0403,5.28
510890.SH,2020,241,0.0449,10.83
510890.SH,2021,115,0.0219,2.52
512270.SH,2019,187,0.0337,6.3
512270.SH,2020,243,0.0115,2.8
512270.SH,2021,144,0.0027,0.39
159963.SZ,2019,190,0.067,12.73
159963.SZ,2020,243,0.0435,10.56
159963.SZ,2021,86,0.056,4.82
159962.SZ,2019,171,0.0175,2.99
159962.SZ,2020,240,0.1915,45.96
159962.SZ,2021,241,0.0138,3.33
159962.SZ,2022,194,0.0024,0.46
512590.SH,2019,202,0.0351,7.09
512590.SH,2020,243,0.0689,16.73
512590.SH,2021,243,0.0654,15.9
512590.SH,2022,242,0.066,15.98
512590.SH,2023,14,0.0187,0.26
513680.SH,2019,215,0.0098,2.12
513680.SH,2020,242,0.0031,0.75
513680.SH,2021,243,0.0086,2.09
513680.SH,2022,241,0.0114,2.75
513680.SH,2023,16,0.0342,0.55
512920.SH,2018,16,0.0873,1.4
512920.SH,2019,229,0.0089,2.03
512920.SH,2020,180,0.0028,0.5
512920.SH,2021,181,0.0035,0.63
512920.SH,2022,114,0.0003,0.04
512860.SH,2018,46,0.0816,3.75
512860.SH,2019,243,0.0069,1.68
512860.SH,2020,240,0.0088,2.11
512860.SH,2021,40,0.0061,0.24
512850.SH,2018,36,0.0416,1.5
512850.SH,2019,241,0.0117,2.81
512850.SH,2020,217,0.0007,0.16
512390.SH,2018,115,0.0717,8.25
512390.SH,2019,223,0.0264,5.89
512390.SH,2020,216,0.003,0.64
512390.SH,2021,243,0.0026,0.63
512390.SH,2022,209,0.0029,0.61
512390.SH,2023,226,0.007,1.59
512390.SH,2024,240,0.0206,4.95
512390.SH,2025,241,0.0091,2.2
512390.SH,2026,164,0.0203,3.32
511280.SH,2018,119,0.0118,1.4
511280.SH,2019,136,0.0011,0.16
511280.SH,2020,101,0.0026,0.26
511280.SH,2021,73,0.0008,0.06
512280.SH,2018,149,0.4848,72.23
512280.SH,2019,244,1.0072,245.77
512280.SH,2020,243,0.0857,20.84
512280.SH,2021,243,0.0639,15.54
512280.SH,2022,242,0.0397,9.6
512280.SH,2023,242,0.0246,5.95
512280.SH,2024,241,0.0315,7.6
512280.SH,2025,110,0.0087,0.96
512780.SH,2018,150,0.019,2.85
512780.SH,2019,244,0.0044,1.06
512780.SH,2020,243,0.0065,1.57
512780.SH,2021,243,0.0017,0.41
512780.SH,2022,187,0.0016,0.3
511290.SH,2018,109,0.0173,1.89
511290.SH,2019,93,0.0028,0.26
511290.SH,2020,74,0.001,0.08
511310.SH,2018,146,0.0185,2.7
511310.SH,2019,102,0.0003,0.03
511310.SH,2020,121,0.0011,0.13
511310.SH,2021,158,0.0017,0.27
511310.SH,2022,179,0.002,0.36
510820.SH,2019,20,0.0008,0.02
159955.SZ,2017,88,0.0438,3.85
159955.SZ,2018,243,0.012,2.92
159955.SZ,2019,244,0.0107,2.6
159955.SZ,2020,243,0.0175,4.25
159955.SZ,2021,243,0.0134,3.26
159955.SZ,2022,213,0.0057,1.21
159953.SZ,2017,113,0.0279,3.15
159953.SZ,2018,229,0.0006,0.14
159953.SZ,2019,239,0.0009,0.2
159953.SZ,2020,226,0.0035,0.8
159951.SZ,2017,119,0.038,4.52
159951.SZ,2018,235,0.0007,0.16
159951.SZ,2019,237,0.0009,0.21
159951.SZ,2020,241,0.0014,0.34
159951.SZ,2021,240,0.0014,0.33
159951.SZ,2022,150,0.0009,0.14
159950.SZ,2017,157,0.0265,4.16
159950.SZ,2018,232,0.0005,0.13
159950.SZ,2019,116,0.0014,0.16
511230.SH,2017,140,0.0004,0.06
511230.SH,2018,69,0.0056,0.38
511230.SH,2019,4,0.0003,0.0
511760.SH,2016,12,0.0635,0.76
511760.SH,2017,187,0.0081,1.51
511760.SH,2018,12,0.0002,0.0
511680.SH,2016,64,2.5381,162.44
511680.SH,2017,242,0.267,64.6
511680.SH,2018,107,0.0084,0.9
511890.SH,2015,102,2.6928,274.67
511890.SH,2016,244,0.9125,222.64
511890.SH,2017,231,0.0738,17.05
159946.SZ,2015,117,0.0245,2.87
159946.SZ,2016,239,0.0025,0.6
159946.SZ,2017,240,0.0035,0.83
159946.SZ,2018,232,0.003,0.7
159942.SZ,2015,129,0.0386,4.98
159942.SZ,2016,243,0.0021,0.51
159942.SZ,2017,236,0.0012,0.29
159942.SZ,2018,199,0.0015,0.3
512340.SH,2015,157,0.0869,13.64
512340.SH,2016,244,0.0041,1.0
512340.SH,2017,244,0.0053,1.28
512340.SH,2018,242,0.0023,0.57
512340.SH,2019,243,0.0027,0.66
512340.SH,2020,239,0.0052,1.24
512340.SH,2021,6,0.0418,0.25
512310.SH,2015,162,0.0957,15.5
512310.SH,2016,244,0.0042,1.02
512310.SH,2017,244,0.0036,0.88
512310.SH,2018,243,0.0021,0.51
512310.SH,2019,243,0.0033,0.81
512310.SH,2020,239,0.0052,1.24
512310.SH,2021,1,0.0467,0.05
512300.SH,2014,10,0.4847,4.85
512300.SH,2015,244,0.0677,16.53
512300.SH,2016,244,0.0055,1.34
512300.SH,2017,244,0.0094,2.3
512300.SH,2018,243,0.0087,2.11
512300.SH,2019,243,0.0102,2.48
512300.SH,2020,231,0.0257,5.93
512230.SH,2014,91,0.0922,8.39
512230.SH,2015,243,0.0226,5.49
512230.SH,2016,220,0.0051,1.12
512230.SH,2017,226,0.004,0.91
512230.SH,2018,34,0.0026,0.09
512210.SH,2014,91,0.0488,4.44
512210.SH,2015,232,0.0142,3.29
512210.SH,2016,212,0.0036,0.76
512210.SH,2017,234,0.0041,0.95
512210.SH,2018,38,0.0029,0.11
512610.SH,2014,108,0.1324,14.3
512610.SH,2015,244,0.0382,9.32
512610.SH,2016,242,0.0027,0.65
512610.SH,2017,239,0.0013,0.31
512610.SH,2018,237,0.0008,0.18
512610.SH,2019,240,0.0011,0.25
512610.SH,2020,243,0.0075,1.83
512610.SH,2021,243,0.0038,0.93
512610.SH,2022,196,0.0026,0.51
510520.SH,2014,203,0.0479,9.73
510520.SH,2015,243,0.0059,1.44
510520.SH,2016,220,0.001,0.21
510520.SH,2017,207,0.0004,0.08
510520.SH,2018,163,0.0002,0.03
510520.SH,2019,100,0.0005,0.05
512110.SH,2014,238,0.0137,3.26
512110.SH,2015,236,0.0039,0.93
512110.SH,2016,164,0.0006,0.1
159932.SZ,2013,52,0.0612,3.18
159932.SZ,2014,242,0.0088,2.12
159932.SZ,2015,243,0.0034,0.83
159932.SZ,2016,237,0.0013,0.31
159932.SZ,2017,223,0.0003,0.06
159932.SZ,2018,233,0.001,0.22
159932.SZ,2019,242,0.0018,0.44
159932.SZ,2020,243,0.0031,0.76
159932.SZ,2021,243,0.0019,0.45
159932.SZ,2022,206,0.001,0.21
159927.SZ,2013,91,0.3026,27.54
159927.SZ,2014,245,0.0113,2.77
159927.SZ,2015,241,0.0066,1.6
159927.SZ,2016,229,0.001,0.24
159927.SZ,2017,222,0.0032,0.71
159927.SZ,2018,30,0.0009,0.03
511210.SH,2013,91,0.1953,17.77
511210.SH,2014,239,0.0767,18.33
511210.SH,2015,212,0.0101,2.14
511210.SH,2016,210,0.0034,0.71
511210.SH,2017,100,0.0006,0.06
510450.SH,2013,102,0.0598,6.1
510450.SH,2014,242,0.0231,5.6
510450.SH,2015,243,0.0171,4.15
510450.SH,2016,106,0.0025,0.26
159926.SZ,2013,97,0.0719,6.97
159926.SZ,2014,223,0.323,72.03
159926.SZ,2015,179,0.0428,7.66
159926.SZ,2016,195,0.001,0.19
159926.SZ,2017,144,0.0023,0.33
159926.SZ,2018,117,0.0011,0.13
159926.SZ,2019,206,0.0011,0.23
159926.SZ,2020,235,0.0061,1.43
159926.SZ,2021,182,0.0017,0.31
159926.SZ,2022,102,0.0065,0.66
159924.SZ,2013,140,0.0534,7.47
159924.SZ,2014,245,0.0113,2.77
159924.SZ,2015,242,0.0162,3.93
159924.SZ,2016,234,0.001,0.24
159924.SZ,2017,239,0.0025,0.61
159924.SZ,2018,36,0.0015,0.06
510700.SH,2013,143,0.0579,8.27
510700.SH,2014,226,0.0077,1.74
510700.SH,2015,179,0.0082,1.47
510620.SH,2013,160,0.0479,7.67
510620.SH,2014,245,0.0524,12.84
510620.SH,2015,240,0.2706,64.95
510620.SH,2016,54,0.0055,0.3
510610.SH,2013,160,0.1221,19.53
510610.SH,2014,245,0.0922,22.6
510610.SH,2015,244,0.3235,78.92
510610.SH,2016,56,0.0106,0.6
159921.SZ,2013,209,0.0171,3.58
159921.SZ,2014,198,0.0017,0.33
159921.SZ,2015,242,0.0328,7.95
159921.SZ,2016,242,0.0027,0.65
159921.SZ,2017,196,0.0007,0.14
510440.SH,2012,61,0.0836,5.1
510440.SH,2013,231,0.0081,1.87
510440.SH,2014,222,0.0084,1.86
510440.SH,2015,240,0.0466,11.19
510440.SH,2016,235,0.0009,0.2
510440.SH,2017,207,0.0002,0.05
510440.SH,2018,212,0.0004,0.08
510440.SH,2019,229,0.0013,0.3
510440.SH,2020,241,0.0018,0.45
510440.SH,2021,243,0.0016,0.4
510440.SH,2022,210,0.0009,0.18
510430.SH,2012,66,0.1649,10.88
510430.SH,2013,216,0.0179,3.87
510430.SH,2014,210,0.005,1.06
510430.SH,2015,223,0.1181,26.34
510430.SH,2016,208,0.0006,0.12
510430.SH,2017,225,0.0004,0.08
510430.SH,2018,162,0.0004,0.06
510430.SH,2019,203,0.0004,0.08
510430.SH,2020,158,0.0008,0.13
510420.SH,2012,121,0.1105,13.37
510420.SH,2013,238,0.0239,5.68
510420.SH,2014,240,0.0321,7.71
510420.SH,2015,237,0.6878,163.02
510420.SH,2016,190,0.008,1.52
510420.SH,2017,195,0.0007,0.14
510420.SH,2018,127,0.0027,0.34
159917.SZ,2012,178,0.0245,4.37
159917.SZ,2013,228,0.0029,0.67
159917.SZ,2014,241,0.0048,1.15
159917.SZ,2015,159,0.018,2.86
159911.SZ,2011,56,0.0572,3.2
159911.SZ,2012,243,0.0187,4.55
159911.SZ,2013,238,0.0509,12.11
159911.SZ,2014,244,0.0149,3.64
159911.SZ,2015,240,0.2401,57.62
159911.SZ,2016,222,0.0006,0.14
159911.SZ,2017,195,0.0008,0.16
159911.SZ,2018,206,0.0006,0.12
159911.SZ,2019,187,0.0016,0.3
159911.SZ,2020,99,0.0055,0.54
510280.SH,2011,54,0.102,5.51
510280.SH,2012,243,0.0067,1.62
510280.SH,2013,238,0.0071,1.69
510280.SH,2014,244,0.0262,6.39
510280.SH,2015,239,0.0637,15.23
510280.SH,2016,180,0.0007,0.13
510280.SH,2017,221,0.0005,0.11
510280.SH,2018,216,0.0008,0.18
510120.SH,2011,142,0.0272,3.87
510120.SH,2012,242,0.0042,1.02
510120.SH,2013,235,0.0042,0.98
510120.SH,2014,240,0.0074,1.78
510120.SH,2015,237,0.0814,19.28
510120.SH,2016,190,0.0004,0.08
510120.SH,2017,181,0.0004,0.07
510120.SH,2018,158,0.0002,0.03
510120.SH,2019,192,0.0002,0.05
510120.SH,2020,227,0.001,0.24
510120.SH,2021,229,0.0007,0.16
510120.SH,2022,193,0.0011,0.21
510120.SH,2023,110,0.0004,0.05
510260.SH,2011,142,0.0962,13.66
510260.SH,2012,243,0.0139,3.39
510260.SH,2013,238,0.0169,4.03
510260.SH,2014,245,0.0599,14.67
510260.SH,2015,243,1.3236,321.63
510260.SH,2016,242,0.0009,0.22
510260.SH,2017,238,0.0006,0.14
510260.SH,2018,228,0.0004,0.1
510260.SH,2019,115,0.0014,0.16
510220.SH,2011,190,0.0192,3.66
510220.SH,2012,242,0.0034,0.81
510220.SH,2013,237,0.0029,0.69
510220.SH,2014,236,0.0046,1.09
510220.SH,2015,244,0.034,8.3
510220.SH,2016,243,0.0016,0.39
510220.SH,2017,236,0.0007,0.17
510220.SH,2018,239,0.0016,0.38
510220.SH,2019,243,0.0031,0.75
510220.SH,2020,242,0.0041,0.98
510220.SH,2021,243,0.0026,0.63
510220.SH,2022,210,0.0014,0.3
510110.SH,2010,35,0.1924,6.73
510110.SH,2011,243,0.034,8.27
510110.SH,2012,231,0.023,5.31
510110.SH,2013,229,0.0065,1.49
510110.SH,2014,230,0.1138,26.18
510110.SH,2015,236,0.1239,29.23
510110.SH,2016,208,0.0008,0.17
510110.SH,2017,213,0.0006,0.13
510110.SH,2018,194,0.0006,0.12
510110.SH,2019,231,0.0025,0.57
510110.SH,2020,241,0.0051,1.23
510110.SH,2021,243,0.0043,1.05
510110.SH,2022,241,0.0008,0.19
510110.SH,2023,118,0.0023,0.27
510070.SH,2010,46,0.447,20.56
510070.SH,2011,244,0.0201,4.9
510070.SH,2012,242,0.0073,1.76
510070.SH,2013,238,0.013,3.08
510070.SH,2014,243,0.0147,3.56
510070.SH,2015,243,0.0682,16.58
510070.SH,2016,214,0.0023,0.48
510070.SH,2017,188,0.0014,0.26
510070.SH,2018,169,0.0021,0.35
510070.SH,2019,210,0.004,0.83
510070.SH,2020,111,0.0012,0.14
