symbol,name,list_date
920025.BJ,N凯达,20260923
920229.BJ,世纪数码,20260922
301686.SZ,C中塑股份,20260922
601123.SH,马矿股份,20260901
301697.SZ,贝特利,20260901
600375.SH,汉马科技,20030401
600373.SH,中文传媒,20020304
600372.SH,中航机载,20010706
600371.SH,万向德农,20020916
600369.SH,西南证券,20010109
600368.SH,五洲交通,20001221
600367.SH,红星发展,20010320
300164.SZ,通源石油,20110113
002995.SZ,天地在线,20200805
002595.SZ,豪迈科技,20110628
002586.SZ,围海股份,20110602
002576.SZ,通达动力,20110428
002573.SZ,清新环境,20110422
002562.SZ,兄弟科技,20110310
002561.SZ,徐家汇,20110303
002560.SZ,通达股份,20110303
002559.SZ,亚威股份,20110303
002557.SZ,洽洽食品,20110302
002556.SZ,辉隆股份,20110302
002545.SZ,东方铁塔,20110211
002544.SZ,普天科技,20110128
002543.SZ,万和电气,20110128
002542.SZ,*ST中岩,20110128
920059.BJ,双英集团,20260819
688835.SH,高凯技术,20260825
301688.SZ,格林生物,20260902
920138.BJ,杰理科技,20260812
301655.SZ,绿控传动,20260820
688826.SH,频准激光,20260818
920038.BJ,森合高科,20260805
920187.BJ,通领科技,20260305
920186.BJ,中科仪,20260429
920183.BJ,海菲曼,20260304
002541.SZ,鸿路钢构,20110118
002540.SZ,亚太科技,20110118
002539.SZ,云图控股,20110118
002538.SZ,ST司特,20110118
002537.SZ,海联金汇,20110110
002536.SZ,飞龙股份,20110111
002535.SZ,林州重机,20110111
002534.SZ,西子洁能,20110110
002533.SZ,金杯电工,20101231
002532.SZ,天山铝业,20101231
002531.SZ,天顺风能,20101231
002530.SZ,金财互联,20101231
002529.SZ,海源复材,20101224
920181.BJ,赛英电子,20260410
920180.BJ,爱得科技,20260210
301696.SZ,三瑞智能,20260410
301683.SZ,慧谷新材,20260401
301682.SZ,宏明电子,20260325
301513.SZ,尚水智能,20260417
001393.SZ,维通利,20260515
001365.SZ,天海电子,20260518
001312.SZ,福恩股份,20260421
002528.SZ,*ST英飞,20101224
002527.SZ,新时达,20101224
002526.SZ,山东矿机,20101217
002524.SZ,光正眼科,20101217
002523.SZ,天桥起重,20101210
002522.SZ,浙江众成,20101210
002521.SZ,齐峰新材,20101210
002520.SZ,日发精机,20101210
002519.SZ,银河电子,20101207
002518.SZ,科士达,20101207
002517.SZ,恺英网络,20101207
002516.SZ,旷达科技,20101207
002515.SZ,金字火腿,20101203
002514.SZ,*ST宝馨,20101203
002513.SZ,蓝丰生化,20101203
001257.SZ,盛龙股份,20260331
689009.SH,九号公司,20201029
920985.BJ,海泰新能,20220808
920982.BJ,锦波生物,20230720
920981.BJ,晶赛科技,20211115
920978.BJ,开特股份,20230928
920957.BJ,汉维科技,20221214
920950.BJ,迅安科技,20230111
920943.BJ,优机股份,20220624
920942.BJ,恒立钻具,20221208
920932.BJ,科达自控,20211115
920931.BJ,无锡鼎邦,20240408
002512.SZ,ST达华,20101203
002511.SZ,中顺洁柔,20101125
002510.SZ,天汽模,20101125
002508.SZ,老板电器,20101123
002507.SZ,涪陵榨菜,20101123
002506.SZ,协鑫集成,20101118
002500.SZ,山西证券,20101115
002496.SZ,辉丰股份,20101109
002495.SZ,佳隆股份,20101102
002494.SZ,华斯股份,20101102
920926.BJ,鸿智科技,20230808
920925.BJ,锦好医疗,20211025
920924.BJ,广脉科技,20211103
920914.BJ,远航精密,20221111
920906.BJ,舜宇精工,20230222
920896.BJ,旺成科技,20230419
920895.BJ,花溪科技,20230406
920892.BJ,广咨国际,20211028
920885.BJ,星辰科技,20210708
920879.BJ,基康技术,20221220
920876.BJ,慧为智能,20221109
920873.BJ,中设咨询,20211115
002493.SZ,荣盛石化,20101102
002492.SZ,恒基达鑫,20101102
002491.SZ,通鼎互联,20101021
002490.SZ,山东墨龙,20101021
002489.SZ,浙江永强,20101021
002488.SZ,金固股份,20101021
002487.SZ,大金重工,20101015
002486.SZ,嘉麟杰,20101015
002484.SZ,江海股份,20100929
920871.BJ,派特尔,20220722
920870.BJ,恒进感应,20220705
920866.BJ,绿亨科技,20221209
920857.BJ,泓禧科技,20220228
920856.BJ,浩淼科技,20201225
920833.BJ,美心翼申,20231108
920826.BJ,盖世食品,20210112
920701.BJ,豪声电子,20230719
920694.BJ,中裕科技,20230424
920693.BJ,阿为特,20231027
920690.BJ,捷众科技,20240105
920689.BJ,克莱特,20220321
920685.BJ,新芝生物,20221010
920682.BJ,球冠电缆,20200727
920675.BJ,秉扬科技,20201228
002483.SZ,润邦股份,20100929
002482.SZ,广田集团,20100929
002481.SZ,双塔食品,20100921
002480.SZ,新筑股份,20100921
920679.BJ,前进科技,20231110
920670.BJ,数字人,20201208
920665.BJ,科强股份,20230926
920640.BJ,富士达,20200727
920639.BJ,晨光电缆,20220712
920634.BJ,新威凌,20221124
920627.BJ,力王股份,20230907
920608.BJ,丰安股份,20221216
920599.BJ,同力股份,20210222
920593.BJ,鼎智科技,20230413
920592.BJ,华信永道,20230710
920580.BJ,科创新材,20220513
920579.BJ,机科股份,20231130
920578.BJ,巨能股份,20230512
002479.SZ,富春环保,20100921
002478.SZ,常宝股份,20100921
002476.SZ,新叶股份,20100915
002475.SZ,立讯精密,20100915
002474.SZ,榕基软件,20100915
920576.BJ,天力复合,20230712
920575.BJ,*ST康乐,20230315
920571.BJ,国航远洋,20221215
920570.BJ,坤博精工,20231123
920566.BJ,梓橦宫,20210813
920564.BJ,天润科技,20220617
920556.BJ,雅达股份,20230317
920553.BJ,凯腾精工,20210806
920533.BJ,骏创科技,20220524
920527.BJ,夜光明,20221027
920526.BJ,凯华材料,20221222
920523.BJ,德瑞锂电,20210603
920522.BJ,纳科诺尔,20231116
920519.BJ,万德股份,20230915
920509.BJ,同惠电子,20210111
920508.BJ,殷图网联,20200727
002472.SZ,双环传动,20100910
920504.BJ,博迅生物,20230817
920496.BJ,许昌智能,20240126
920493.BJ,并行科技,20231101
920491.BJ,奥迪威,20220614
920489.BJ,佳先股份,20200727
920478.BJ,峆一药业,20230223
920476.BJ,海能技术,20221014
920475.BJ,三友科技,20200727
920471.BJ,美邦科技,20230525
920469.BJ,富恒新材,20230918
920455.BJ,汇隆活塞,20230621
002471.SZ,中超控股,20100910
002470.SZ,金正大,20100908
002469.SZ,三维化学,20100908
002467.SZ,二六三,20100908
002466.SZ,天齐锂业,20100831
002465.SZ,海格通信,20100831
002463.SZ,沪电股份,20100818
002462.SZ,嘉事堂,20100818
002461.SZ,珠江啤酒,20100818
002460.SZ,赣锋锂业,20100810
002459.SZ,晶澳科技,20100810
002458.SZ,益生股份,20100810
920454.BJ,同心传动,20211115
920445.BJ,龙竹科技,20200727
920438.BJ,戈碧迦,20240325
920436.BJ,大地电气,20211115
920433.BJ,大唐药业,20200727
920429.BJ,康比特,20221215
920427.BJ,华维设计,20210205
920425.BJ,乐创技术,20230130
920418.BJ,苏轴股份,20200727
920371.BJ,欧福蛋业,20230118
920278.BJ,鹿得医疗,20200727
920068.BJ,天工股份,20250513
920066.BJ,科拜尔,20241031
920062.BJ,科润智控,20220713
002457.SZ,青龙管业,20100803
002456.SZ,欧菲光,20100803
002455.SZ,百川股份,20100803
002454.SZ,松芝股份,20100720
002453.SZ,华软科技,20100720
002452.SZ,长高电气,20100720
920061.BJ,西磁科技,20231221
920060.BJ,万源通,20241119
920058.BJ,华洋赛车,20230810
920057.BJ,百甲科技,20230314
920056.BJ,能之光,20250822
920050.BJ,爱伦医疗,20260121
920047.BJ,诺思兰德,20201124
920046.BJ,亿能电力,20221013
688798.SH,艾为电子,20210816
688776.SH,国光电气,20210831
688772.SH,珠海冠宇,20211015
688728.SH,格科微,20210818
688727.SH,恒坤新材,20251118
002451.SZ,摩恩电气,20100720
002449.SZ,国星光电,20100716
002448.SZ,中原内配,20100716
002446.SZ,盛路通信,20100713
002445.SZ,中南文化,20100713
002444.SZ,巨星科技,20100713
002443.SZ,金洲管道,20100706
002442.SZ,龙星科技,20100706
688709.SH,成都华微,20240207
688708.SH,佳驰科技,20241205
688686.SH,奥普特,20201231
688677.SH,海泰新光,20210226
688676.SH,金盘科技,20210309
688671.SH,碧兴物联,20230809
688670.SH,金迪克,20210802
688669.SH,聚石化学,20210125
688629.SH,华丰科技,20230627
688628.SH,优利德,20210201
688627.SH,精智达,20230718
688625.SH,呈和科技,20210607
688623.SH,双元科技,20230608
688622.SH,*ST禾信,20210913
688621.SH,阳光诺和,20210621
688620.SH,安凯微,20230627
688571.SH,杭华股份,20201211
688570.SH,天玛智控,20230605
688569.SH,铁科轨道,20200831
688550.SH,瑞联新材,20200902
688523.SH,航天环宇,20230602
688522.SH,纳睿雷达,20230301
688521.SH,芯原股份,20200818
688520.SH,神州细胞,20200622
688505.SH,复旦张江,20200619
688502.SH,茂莱光学,20230309
688500.SH,慧辰股份,20200716
688485.SH,九州一轨,20230118
688433.SH,华曙高科,20230417
688432.SH,有研硅,20221110
688403.SH,汇成股份,20220818
688401.SH,路维光电,20220817
002441.SZ,众业达,20100706
002440.SZ,闰土股份,20100706
002439.SZ,启明星辰,20100623
688279.SH,峰岹科技,20220420
688256.SH,寒武纪,20200720
688252.SH,天德钰,20220927
688234.SH,天岳先进,20220112
688213.SH,思特威,20220520
688206.SH,概伦电子,20211228
688185.SH,康希诺,20200813
688176.SH,亚虹医药,20220107
688175.SH,高凌信息,20220315
688173.SH,希荻微,20220121
688172.SH,燕东微,20221216
688171.SH,纬德信息,20220127
688170.SH,德龙激光,20220429
688169.SH,石头科技,20200221
688168.SH,安博通,20190906
002438.SZ,江苏神通,20100623
002437.SZ,誉衡药业,20100623
002436.SZ,兴森科技,20100618
002434.SZ,万里扬,20100618
002432.SZ,九安医疗,20100610
688167.SH,炬光科技,20211224
688153.SH,唯捷创芯,20220412
688150.SH,莱特光电,20220318
688148.SH,芳源股份,20210806
688147.SH,微导纳米,20221223
688146.SH,中船特气,20230421
688143.SH,长盈通,20221212
688141.SH,杰华特,20221223
688120.SH,华海清科,20220608
688098.SH,申联生物,20191028
688095.SH,福昕软件,20200908
688093.SH,世华科技,20200930
688092.SH,爱科科技,20210319
688091.SH,上海谊众,20210909
688090.SH,瑞松科技,20200217
688089.SH,ST嘉必优,20191219
002431.SZ,ST棕榈,20100610
688088.SH,虹软科技,20190722
688076.SH,ST诺泰,20210520
688075.SH,安旭生物,20211118
688073.SH,毕得医药,20221011
688070.SH,纵横股份,20210210
688069.SH,德林海,20200722
688068.SH,热景生物,20190930
688061.SH,灿瑞科技,20221018
688053.SH,ST思科瑞,20220708
688052.SH,纳芯微,20220422
688051.SH,佳华科技,20200320
688050.SH,爱博医疗,20200729
688048.SH,长光华芯,20220401
688041.SH,海光信息,20220812
688029.SH,南微医学,20190722
002430.SZ,杭氧股份,20100610
002429.SZ,兆驰股份,20100610
002428.SZ,云南锗业,20100608
002426.SZ,胜利精密,20100608
688008.SH,澜起科技,20190722
688007.SH,光峰科技,20190722
688006.SH,杭可科技,20190722
688005.SH,容百科技,20190722
688004.SH,博汇科技,20200612
688003.SH,天准科技,20190722
688002.SH,睿创微纳,20190722
688001.SH,华兴源创,20190722
605598.SH,上海港湾,20210917
605589.SH,圣泉集团,20210810
605499.SH,东鹏饮料,20210527
605336.SH,*ST帅电,20201019
605333.SH,沪光股份,20200818
605319.SH,无锡振华,20210607
605318.SH,法狮龙,20200803
605305.SH,中际联合,20210506
605303.SH,园林股份,20210301
605300.SH,佳禾食品,20210430
605299.SH,舒华体育,20201215
605298.SH,必得科技,20210301
605296.SH,神农集团,20210528
605289.SH,罗曼股份,20210426
605288.SH,凯迪股份,20200601
605287.SH,德才股份,20210706
605286.SH,同力天启,20210322
605277.SH,新亚电子,20210106
605268.SH,王力安防,20210224
605266.SH,健之佳,20201201
605259.SH,绿田机械,20210615
605258.SH,协和电子,20201203
605255.SH,天普股份,20200825
605228.SH,神通科技,20210120
605222.SH,起帆电缆,20200731
605218.SH,伟时电子,20200928
002425.SZ,凯撒文化,20100608
605208.SH,永茂泰,20210308
605167.SH,利柏特,20210726
605162.SH,新中港,20210707
605158.SH,华达新材,20200805
605058.SH,澳弘电子,20201021
605055.SH,迎丰股份,20210129
605050.SH,福然德,20200924
605033.SH,美邦股份,20210916
605028.SH,世茂能源,20210712
605020.SH,永和股份,20210709
605018.SH,长华集团,20200929
605016.SH,百龙创园,20210421
002424.SZ,ST百灵,20100603
002423.SZ,中粮资本,20100603
002422.SZ,科伦药业,20100603
002420.SZ,毅昌科技,20100601
002419.SZ,天虹股份,20100601
002418.SZ,康盛股份,20100601
002416.SZ,爱施德,20100528
002415.SZ,海康威视,20100528
002414.SZ,高德红外,20100716
002413.SZ,雷科防务,20100528
605011.SH,杭州热电,20210630
605007.SH,五洲特纸,20201110
603992.SH,松霖科技,20190826
603989.SH,艾华集团,20150515
603988.SH,中电电机,20141104
603987.SH,康德莱,20161121
603986.SH,兆易创新,20160818
603985.SH,恒润股份,20170505
603982.SH,泉峰汽车,20190522
603977.SH,国泰集团,20161111
603956.SH,威派格,20190222
603955.SH,大千生态,20170310
603950.SH,长源东谷,20200526
603949.SH,雪龙集团,20200310
603948.SH,建业股份,20200302
603938.SH,三孚股份,20170628
002412.SZ,汉森制药,20100525
002410.SZ,广联达,20100525
603936.SH,博敏电子,20151209
603933.SH,睿能科技,20170706
603931.SH,格林达,20200819
603929.SH,亚翔集成,20161230
603928.SH,兴业股份,20161212
603927.SH,中科软,20190909
603922.SH,ST金鸿顺,20171023
603896.SH,寿仙谷,20170510
603889.SH,新澳股份,20141231
603876.SH,鼎胜新材,20180418
603868.SH,飞科电器,20160418
603867.SH,新化股份,20190627
603863.SH,松炀资源,20190621
603823.SH,百合花,20161220
603813.SH,原尚股份,20170918
603806.SH,福斯特,20140905
002408.SZ,齐翔腾达,20100518
002406.SZ,远东传动,20100518
603803.SH,瑞斯康达,20170420
603801.SH,志邦家居,20170630
603759.SH,海天股份,20210326
603758.SH,秦安股份,20170517
603757.SH,大元泵业,20170711
603755.SH,日辰股份,20190828
603739.SH,蔚蓝生物,20190116
603738.SH,泰晶科技,20160928
603733.SH,仙鹤股份,20180420
603730.SH,岱美股份,20170728
603722.SH,阿科力,20171025
603717.SH,天域生物,20170327
603698.SH,航天工程,20150128
603697.SH,有友食品,20190508
603690.SH,至纯科技,20170113
002405.SZ,四维图新,20100518
002404.SZ,嘉欣丝绸,20100511
002403.SZ,爱仕达,20100511
002402.SZ,和而泰,20100511
002401.SZ,中远海科,20100506
002400.SZ,省广集团,20100506
603693.SH,江苏新能,20180703
603688.SH,石英股份,20141031
603678.SH,火炬电子,20150126
603666.SH,亿嘉和,20180612
603663.SH,三祥新材,20160801
603660.SH,苏州科达,20161201
603659.SH,璞泰来,20171103
603658.SH,安图生物,20160901
603657.SH,春光科技,20180730
603656.SH,泰禾智能,20170321
603655.SH,朗博科技,20171229
603650.SH,彤程新材,20180627
603639.SH,海利尔,20170112
002399.SZ,海普瑞,20100506
002397.SZ,梦洁股份,20100429
002396.SZ,星网锐捷,20100623
002395.SZ,双象股份,20100429
002394.SZ,联发股份,20100423
002393.SZ,力生制药,20100423
002392.SZ,北京利尔,20100423
002391.SZ,长青股份,20100416
603638.SH,艾迪精密,20170120
603637.SH,镇海股份,20170208
603636.SH,南威软件,20141230
603633.SH,徕木股份,20161117
603629.SH,利通电子,20181224
603628.SH,清源股份,20170112
603616.SH,韩建河山,20150611
603601.SH,再升科技,20150122
603600.SH,永艺股份,20150123
603599.SH,广信股份,20150513
603598.SH,引力传媒,20150527
603596.SH,伯特利,20180427
603595.SH,ST东尼,20170712
603590.SH,康辰药业,20180827
603589.SH,口子窖,20150629
603588.SH,高能环境,20141229
603586.SH,金麒麟,20170406
002390.SZ,信邦制药,20100416
603583.SH,捷昌驱动,20180921
603580.SH,艾艾精工,20170525
603579.SH,荣泰健康,20170111
603578.SH,三星新材,20170306
603529.SH,爱玛科技,20210615
603516.SH,淳中科技,20180202
603511.SH,爱慕股份,20210531
603505.SH,金石资源,20170503
603501.SH,豪威集团,20170504
603500.SH,祥和实业,20170904
603499.SH,翔港科技,20171016
603496.SH,恒为科技,20170607
603466.SH,风语筑,20171020
603458.SH,勘设股份,20170809
603456.SH,九洲药业,20141010
603444.SH,吉比特,20170104
002389.SZ,航天彩虹,20100413
002388.SZ,新亚制程,20100413
603439.SH,三力制药,20200428
603429.SH,*ST集友,20170124
603421.SH,鼎信通讯,20161011
603416.SH,信捷电气,20161221
603409.SH,汇通控股,20250304
603408.SH,建霖家居,20200730
603406.SH,天富龙,20250808
603402.SH,陕西旅游,20260106
603385.SH,惠达卫浴,20170405
603383.SH,顶点软件,20170522
603382.SH,海阳科技,20250612
603381.SH,永臻股份,20240626
603370.SH,华新精科,20250905
603369.SH,今世缘,20140703
002387.SZ,维信诺,20100413
002386.SZ,天原股份,20100409
002385.SZ,大北农,20100409
002384.SZ,东山精密,20100409
002383.SZ,合众思壮,20100402
002382.SZ,蓝帆医疗,20100402
603366.SH,日出东方,20120521
603365.SH,水星家纺,20171120
603363.SH,傲农生物,20170926
603360.SH,百傲化学,20170206
603359.SH,*ST东珠,20170901
603358.SH,华达科技,20170125
603357.SH,设计总院,20170801
603356.SH,华菱精工,20180124
603338.SH,浙江鼎力,20150325
603327.SH,福蓉科技,20190523
603326.SH,我乐家居,20170616
603324.SH,盛剑科技,20210407
603322.SH,超讯科技,20160728
603318.SH,水发燃气,20150424
603316.SH,诚邦股份,20170619
603315.SH,福鞍股份,20150424
603313.SH,梦百合,20161013
603312.SH,西典新能,20240111
603311.SH,金海高科,20150518
603310.SH,巍华新材,20240814
603309.SH,维力医疗,20150302
603308.SH,应流股份,20140122
603296.SH,华勤技术,20230808
603291.SH,联合水务,20230327
603288.SH,海天味业,20140211
603285.SH,键邦股份,20240705
603282.SH,亚光股份,20230315
603281.SH,江瀚新材,20230131
603280.SH,南方路机,20221108
603279.SH,景津装备,20190729
603278.SH,大业股份,20171113
603277.SH,银都股份,20170911
603275.SH,众辰科技,20230823
002381.SZ,双箭股份,20100402
002380.SZ,科远智慧,20100331
002379.SZ,宏桥控股,20100331
603276.SH,恒兴新材,20230925
603273.SH,天元智能,20231023
603272.SH,*ST联翔,20220520
603271.SH,永杰新材,20250311
603270.SH,金帝股份,20230901
603269.SH,海鸥股份,20170517
603262.SH,技源集团,20250723
603259.SH,药明康德,20180508
603258.SH,电魂网络,20161026
603257.SH,中国瑞林,20250408
603256.SH,宏和科技,20190719
603255.SH,鼎际得,20220818
002378.SZ,章源钨业,20100331
002377.SZ,国创高新,20100323
002376.SZ,新北洋,20100323
002373.SZ,千方科技,20100318
002372.SZ,伟星新材,20100318
002371.SZ,北方华创,20100316
002370.SZ,亚太药业,20100316
002369.SZ,卓翼科技,20100316
002368.SZ,太极股份,20100312
002366.SZ,融发核电,20100312
603248.SH,锡华科技,20251223
603239.SH,浙江仙通,20161230
603237.SH,五芳斋,20220831
603236.SH,移远通信,20190716
603235.SH,天新药业,20220712
603233.SH,大参林,20170731
603232.SH,格尔软件,20170421
603231.SH,索宝蛋白,20231215
603230.SH,内蒙新华,20211224
603229.SH,奥翔药业,20170509
603228.SH,景旺电子,20170106
603227.SH,雪峰科技,20150515
603226.SH,菲林格尔,20170615
603225.SH,新凤鸣,20170418
603223.SH,恒通股份,20150630
002365.SZ,永安药业,20100305
002364.SZ,中恒电气,20100305
002363.SZ,隆基机械,20100305
002362.SZ,汉王科技,20100303
603222.SH,济民健康,20150217
603221.SH,爱丽家居,20200323
603220.SH,中贝通信,20181115
603219.SH,富佳股份,20211122
603218.SH,日月股份,20161228
603217.SH,元利科技,20190620
603207.SH,小方制药,20240826
603201.SH,常润股份,20220729
603200.SH,上海洗霸,20170601
603199.SH,九华旅游,20150326
603198.SH,迎驾贡酒,20150528
603197.SH,保隆科技,20170519
603196.SH,璞源材料,20170531
603195.SH,公牛集团,20200206
603194.SH,中力股份,20241224
603193.SH,润本股份,20231017
002361.SZ,神剑股份,20100303
002358.SZ,森源电气,20100210
603186.SH,华正新材,20170103
603185.SH,弘元绿能,20181228
603183.SH,建研院,20170905
603182.SH,嘉华股份,20220909
603181.SH,皇马科技,20170824
603180.SH,金牌家居,20170512
603179.SH,新泉股份,20170317
603178.SH,圣龙股份,20170328
603177.SH,德创环保,20170207
603176.SH,汇通集团,20211231
603175.SH,超颖电子,20251024
603173.SH,福斯达,20230130
603172.SH,万丰股份,20230510
002356.SZ,鹏飞绿能,20100209
002355.SZ,兴民智通,20100209
002354.SZ,天娱数科,20100209
002353.SZ,杰瑞股份,20100205
002352.SZ,顺丰控股,20100205
002351.SZ,漫步者,20100205
002350.SZ,北京科锐,20100203
603171.SH,税友股份,20210630
603170.SH,宝立食品,20220715
603169.SH,兰石重装,20141009
603168.SH,莎普爱思,20140702
603167.SH,渤海轮渡,20120906
603165.SH,荣晟环保,20170117
603163.SH,圣晖集成,20221013
603162.SH,海通发展,20230329
603160.SH,汇顶科技,20161017
002349.SZ,精华制药,20100203
002348.SZ,高乐股份,20100203
002347.SZ,泰尔股份,20100128
002346.SZ,柘中股份,20100128
002345.SZ,潮宏基,20100128
002344.SZ,海宁皮城,20100126
002343.SZ,慈文传媒,20100126
002342.SZ,巨力索具,20100126
002340.SZ,格林美,20100122
002339.SZ,积成电子,20100122
002338.SZ,奥普光电,20100115
002337.SZ,赛象科技,20100115
002333.SZ,罗普斯金,20100112
002332.SZ,仙琚制药,20100112
002331.SZ,皖通科技,20100106
002330.SZ,得利斯,20100106
603159.SH,上海亚虹,20160812
603150.SH,万朗磁塑,20220124
603139.SH,康惠股份,20170421
603138.SH,海量数据,20170306
603137.SH,恒尚节能,20230419
603136.SH,天目湖,20170927
603135.SH,中重科技,20230410
603132.SH,金徽股份,20220222
603131.SH,上海沪工,20160607
603130.SH,云中马,20221118
603128.SH,华贸物流,20120529
603127.SH,昭衍新药,20170825
603126.SH,中材节能,20140731
603125.SH,常青科技,20230410
603124.SH,江南新材,20250320
603123.SH,翠微股份,20120503
002329.SZ,皇氏集团,20100106
002328.SZ,新朋股份,20091230
603122.SH,合富中国,20220216
603121.SH,华培动力,20190111
603120.SH,肯特催化,20250416
603119.SH,浙江荣泰,20230801
603118.SH,共进股份,20150225
603117.SH,万林物流,20150629
603116.SH,红蜻蜓,20150629
603115.SH,海星股份,20190809
603106.SH,恒银科技,20170920
603102.SH,百合股份,20220125
603101.SH,汇嘉时代,20160506
603100.SH,川仪股份,20140805
603099.SH,长白山,20140822
603098.SH,森特股份,20161216
603097.SH,江苏华辰,20220512
002327.SZ,富安娜,20091230
002326.SZ,永太科技,20091222
002324.SZ,普利特,20091218
002323.SZ,*ST雅博,20091218
603096.SH,新经典,20170425
603095.SH,越剑智能,20200415
603093.SH,南华期货,20190830
603092.SH,德力佳,20251107
603091.SH,众鑫股份,20240920
603090.SH,宏盛股份,20160831
603089.SH,正裕工业,20170126
603088.SH,宁波精达,20141111
603087.SH,甘李药业,20200629
603086.SH,先达股份,20170511
603073.SH,彩蝶实业,20230316
002322.SZ,理工能科,20091218
002321.SZ,华英农业,20091216
002320.SZ,海峡股份,20091216
002319.SZ,乐通股份,20091211
002318.SZ,久立特材,20091211
002316.SZ,亚联发展,20091209
002314.SZ,南山控股,20091203
002313.SZ,日海智能,20091203
002312.SZ,川发龙蟒,20091203
002311.SZ,海大集团,20091127
002310.SZ,东方新能,20091127
603070.SH,万控智造,20220310
603069.SH,海汽集团,20160712
603067.SH,振华股份,20160913
603066.SH,音飞储存,20150611
603065.SH,宿迁联盛,20230321
603063.SH,禾望电气,20170728
603062.SH,麦加芯彩,20231107
603059.SH,倍加洁,20180302
603050.SH,科林电气,20170414
603039.SH,泛微网络,20170113
603038.SH,华立股份,20170116
603037.SH,凯众股份,20170120
603036.SH,如通股份,20161209
603033.SH,三维股份,20161207
002309.SZ,中利集团,20091127
002307.SZ,北新路桥,20091111
002306.SZ,ST云网,20091111
002305.SZ,*ST南置,20091106
002304.SZ,洋河股份,20091106
002303.SZ,美盈森,20091103
603035.SH,常熟汽饰,20170105
603032.SH,德新科技,20170105
603031.SH,安孚科技,20160822
603030.SH,全筑股份,20150320
603028.SH,赛福天,20160331
603027.SH,千禾味业,20160307
603026.SH,石大胜华,20150529
603018.SH,华设集团,20141013
603014.SH,威高血净,20250519
603012.SH,创力集团,20150320
002302.SZ,西部建设,20091103
002301.SZ,齐心集团,20091021
002300.SZ,太阳电缆,20091021
002298.SZ,中电鑫龙,20090929
002297.SZ,博云新材,20090929
002296.SZ,辉煌科技,20090929
002295.SZ,精艺股份,20090929
002294.SZ,信立泰,20090910
002292.SZ,奥飞娱乐,20090910
002291.SZ,遥望科技,20090903
002290.SZ,禾盛新材,20090903
002289.SZ,宇顺电子,20090903
603011.SH,合锻智能,20141107
603007.SH,顺景科技,20160826
603006.SH,联明股份,20140630
603005.SH,晶方科技,20140210
603004.SH,鼎龙科技,20231227
603002.SH,宏昌电子,20120518
601998.SH,中信银行,20070427
601996.SH,丰林集团,20110929
601995.SH,中金公司,20201102
601991.SH,大唐发电,20061220
601990.SH,南京证券,20180613
601988.SH,中国银行,20060705
002287.SZ,奇正藏药,20090828
002286.SZ,保龄宝,20090828
002285.SZ,世联行,20090828
002284.SZ,亚太股份,20090828
002282.SZ,博深股份,20090821
002281.SZ,光迅科技,20090821
002279.SZ,久其软件,20090811
002278.SZ,神开股份,20090811
002277.SZ,友阿股份,20090717
601975.SH,招商南油,20190108
601963.SH,重庆银行,20210205
601952.SH,苏垦农发,20170515
601949.SH,中国出版,20170821
601939.SH,建设银行,20070925
601921.SH,浙版传媒,20210723
601919.SH,中远海控,20070626
601916.SH,浙商银行,20191126
601908.SH,京运通,20110908
601901.SH,方正证券,20110810
601900.SH,南方传媒,20160215
601899.SH,紫金矿业,20080425
601898.SH,中煤能源,20080201
002276.SZ,万马股份,20090710
002275.SZ,桂林三金,20090710
002274.SZ,华昌化工,20080925
002273.SZ,水晶光电,20080919
002272.SZ,川润股份,20080919
002271.SZ,东方雨虹,20080910
002270.SZ,华明装备,20080905
601888.SH,中国中免,20091015
601882.SH,海天精工,20161107
601881.SH,中国银河,20170123
601878.SH,浙商证券,20170626
601877.SH,正泰电器,20100121
601872.SH,招商轮船,20061201
601865.SH,福莱特,20190215
002283.SZ,天润工业,20090821
002269.SZ,美邦服饰,20080828
002268.SZ,电科网安,20080811
002267.SZ,陕天然气,20080813
002266.SZ,浙富控股,20080806
002265.SZ,建设工业,20080806
002264.SZ,新华都,20080731
002263.SZ,大东南,20080728
002262.SZ,恩华药业,20080723
002261.SZ,拓维信息,20080723
002259.SZ,升达林业,20080716
002258.SZ,利尔化学,20080708
002256.SZ,兆新股份,20080625
002255.SZ,海陆重工,20080625
002254.SZ,泰和新材,20080625
002253.SZ,川大智胜,20080623
002252.SZ,上海莱士,20080623
002251.SZ,步步高,20080619
002249.SZ,大洋电机,20080619
601838.SH,成都银行,20180131
601828.SH,美凯龙,20180117
601827.SH,三峰环境,20200605
601818.SH,光大银行,20100818
601816.SH,京沪高铁,20200116
601811.SH,新华文轩,20160808
601808.SH,中海油服,20070928
601801.SH,皖新传媒,20100118
601789.SH,宁波建工,20110816
601788.SH,光大证券,20090818
601777.SH,千里科技,20101125
601718.SH,ST际华,20100816
002248.SZ,华东数控,20080612
002247.SZ,聚力文化,20080612
002246.SZ,北化股份,20080605
002245.SZ,蔚蓝锂芯,20080605
002244.SZ,滨江集团,20080529
002243.SZ,力合科创,20080528
002241.SZ,歌尔股份,20080522
002240.SZ,盛新锂能,20080523
601717.SH,中创智领,20100803
601702.SH,华峰铝业,20200907
601700.SH,风范股份,20110118
601699.SH,潞安环能,20060922
601678.SH,滨化股份,20100223
601677.SH,明泰铝业,20110919
601669.SH,中国电建,20111018
601668.SH,中国建筑,20090729
601666.SH,平煤股份,20061123
601665.SH,齐鲁银行,20210618
601658.SH,邮储银行,20191210
002239.SZ,奥特佳,20080522
002238.SZ,天威视讯,20080526
002237.SZ,恒邦股份,20080520
002236.SZ,大华股份,20080520
002235.SZ,安妮股份,20080516
002233.SZ,塔牌集团,20080516
002232.SZ,启明信息,20080509
002229.SZ,鸿博股份,20080508
002228.SZ,合兴包装,20080508
002227.SZ,*ST特迅,20080506
601636.SH,旗滨集团,20110812
601633.SH,长城汽车,20110928
601628.SH,中国人寿,20070109
601619.SH,嘉泽新能,20170720
601607.SH,上海医药,19940324
601606.SH,长城军工,20180806
601601.SH,中国太保,20071225
601600.SH,中国铝业,20070430
601579.SH,会稽山,20140825
601577.SH,长沙银行,20180926
601519.SH,大智慧,20110128
601512.SH,中新集团,20191220
601377.SH,兴业证券,20101013
002226.SZ,江南化工,20080506
002225.SZ,濮耐股份,20080425
002224.SZ,三力士,20080425
002223.SZ,鱼跃医疗,20080418
002222.SZ,福晶科技,20080319
002221.SZ,东华能源,20080306
002219.SZ,新里程,20080306
002218.SZ,拓日新能,20080228
601500.SH,通用股份,20160919
601456.SH,国联民生,20200731
601399.SH,国机重装,20200608
601398.SH,工商银行,20061027
601390.SH,中国中铁,20071203
601388.SH,怡球资源,20120423
601375.SH,中原证券,20170103
601368.SH,绿城水务,20150612
601328.SH,交通银行,20070515
601311.SH,骆驼股份,20110602
601236.SH,红塔证券,20190705
002230.SZ,科大讯飞,20080512
002217.SZ,ST合力泰,20080220
002216.SZ,三全食品,20080220
002215.SZ,诺普信,20080218
002214.SZ,大立科技,20080218
002213.SZ,大为股份,20080201
002212.SZ,天融信,20080201
002211.SZ,ST宏达,20080201
002210.SZ,飞马国际,20080130
002209.SZ,达意隆,20080130
002208.SZ,合肥城建,20080128
601298.SH,青岛港,20190121
601279.SH,英利汽车,20210415
601238.SH,广汽集团,20120329
601233.SH,桐昆股份,20110518
601231.SH,环旭电子,20120220
601228.SH,广州港,20170329
601225.SH,陕西煤业,20140128
601222.SH,林洋能源,20110808
601218.SH,吉鑫科技,20110506
601216.SH,君正集团,20110222
601212.SH,白银有色,20170215
601211.SH,国泰海通,20150626
601208.SH,东材科技,20110520
601200.SH,上海环境,20170331
601199.SH,江南水务,20110317
002207.SZ,*ST准油,20080128
002206.SZ,海利得,20080123
002205.SZ,国统股份,20080123
601198.SH,东兴证券,20150226
601188.SH,龙江交通,20100319
601187.SH,厦门银行,20201027
601186.SH,中国铁建,20080310
601179.SH,中国西电,20100128
601177.SH,杭齿前进,20101011
601133.SH,柏诚股份,20230410
601108.SH,财通证券,20171024
601106.SH,中国一重,20100209
601101.SH,昊华能源,20100331
601100.SH,恒立液压,20111028
601099.SH,太平洋,20071228
601098.SH,中南传媒,20101028
601096.SH,宏盛华源,20231222
601089.SH,福元医药,20220630
601033.SH,永兴股份,20240118
002204.SZ,大连重工,20080116
601088.SH,中国神华,20071009
601026.SH,道生天合,20251017
601022.SH,宁波远洋,20221208
601021.SH,春秋航空,20150121
601020.SH,华钰矿业,20160316
601019.SH,山东出版,20171122
601018.SH,宁波港,20100928
601016.SH,节能风电,20140929
601015.SH,陕西黑猫,20141105
601012.SH,隆基绿能,20120411
601011.SH,宝泰隆,20110309
601010.SH,ST文峰,20110603
600992.SH,贵绳股份,20040514
600990.SH,四创电子,20040510
600987.SH,航民股份,20040809
002202.SZ,金风科技,20071226
002201.SZ,九鼎新材,20071226
002200.SZ,交投生态,20071221
600986.SH,浙文互联,20040426
600985.SH,淮北矿业,20040428
600984.SH,建设机械,20040707
600976.SH,健民集团,20040419
600971.SH,恒源煤电,20040817
600966.SH,博汇纸业,20040608
600965.SH,*ST福成,20040713
600963.SH,岳阳林纸,20040525
600962.SH,国投中鲁,20040622
600961.SH,株冶集团,20040830
600960.SH,渤海汽车,20040407
600959.SH,江苏有线,20150428
600956.SH,新天绿能,20200629
600955.SH,维远股份,20210915
600941.SH,中国移动,20220105
002199.SZ,东晶电子,20071221
600939.SH,重庆建工,20170221
600938.SH,中国海油,20220421
600927.SH,永安期货,20211223
600926.SH,杭州银行,20161027
600925.SH,苏能股份,20230329
600919.SH,江苏银行,20160802
600918.SH,中泰证券,20200603
600917.SH,重庆燃气,20140930
600916.SH,中国黄金,20210205
600909.SH,华安证券,20161206
600908.SH,无锡银行,20160923
600906.SH,财达证券,20210507
600905.SH,三峡能源,20210610
600903.SH,贵州燃气,20171107
002198.SZ,ST嘉应,20071218
002197.SZ,证通电子,20071218
002196.SZ,方正电机,20071212
002195.SZ,岩山科技,20071212
002194.SZ,武汉凡谷,20071207
600901.SH,江苏金租,20180301
600900.SH,长江电力,20031118
600897.SH,厦门空港,19960531
600895.SH,张江高科,19960422
600894.SH,广日股份,19960328
600893.SH,航发动力,19960408
600892.SH,大晟文化,19960315
600889.SH,*ST京化,19960308
600873.SH,梅花生物,19950217
002193.SZ,ST如意,20071207
002191.SZ,劲嘉股份,20071205
002190.SZ,成飞集成,20071203
002189.SZ,中光学,20071203
002188.SZ,中天服务,20071122
002187.SZ,广百股份,20071122
002186.SZ,全聚德,20071120
002185.SZ,华天科技,20071120
002184.SZ,海得控制,20071116
002183.SZ,怡亚通,20071113
002182.SZ,宝武镁业,20071113
002181.SZ,粤传媒,20071116
600872.SH,中炬高新,19950124
600871.SH,石化油服,19950411
600869.SH,远东股份,19950206
600855.SH,航天长峰,19940425
600854.SH,春兰股份,19940425
600853.SH,龙建股份,19940404
600851.SH,海欣股份,19940404
600850.SH,电科数字,19940324
600848.SH,上海临港,19940324
600847.SH,万里股份,19940324
600846.SH,同济科技,19940311
600830.SH,香溢融通,19940224
600829.SH,人民同泰,19940224
600827.SH,百联股份,19940204
600826.SH,兰生股份,19940204
002180.SZ,奔图科技,20071113
002179.SZ,中航光电,20071101
600825.SH,新华传媒,19940204
600824.SH,益民集团,19940204
600822.SH,上海物贸,19940204
600821.SH,金开新能,19940128
600820.SH,隧道股份,19940128
600808.SH,马钢股份,19940106
600807.SH,济高发展,19940103
600805.SH,悦达投资,19940103
600803.SH,新奥股份,19940103
600802.SH,福建水泥,19940103
600801.SH,华新建材,19940103
600800.SH,渤海化学,19931206
002203.SZ,海亮股份,20080116
002178.SZ,延华智能,20071101
002177.SZ,御银股份,20071101
002175.SZ,*ST东智,20071012
002174.SZ,游族网络,20070925
002173.SZ,创新医疗,20070925
002172.SZ,澳洋健康,20070921
002171.SZ,楚江新材,20070921
600798.SH,宁波海运,19970423
600797.SH,浙大网新,19970418
600796.SH,钱江生化,19970408
600795.SH,国电电力,19970318
600794.SH,保税科技,19970306
600793.SH,宜宾纸业,19970220
600792.SH,云煤能源,19970123
600791.SH,京能置业,19970130
600790.SH,轻纺城,19970228
600778.SH,友好集团,19961203
600777.SH,新潮能源,19961121
600776.SH,东方通信,19961126
600775.SH,南京熊猫,19961118
600774.SH,汉商集团,19961108
600773.SH,西藏城投,19961108
600771.SH,广誉远,19961105
600770.SH,综艺股份,19961120
600769.SH,祥龙电业,19961101
600768.SH,富邦新材,19961111
600765.SH,中航重机,19961106
600764.SH,中国海防,19961104
600763.SH,通策医疗,19961030
600761.SH,安徽合力,19961009
600760.SH,中航沈飞,19961011
600759.SH,ST洲际,19961008
600758.SH,辽宁能源,19961029
600750.SH,华润江中,19960923
600749.SH,西藏旅游,19961015
600748.SH,上实发展,19960925
600746.SH,江苏索普,19960918
600745.SH,*ST闻泰,19960828
002170.SZ,芭田股份,20070919
002169.SZ,智光电气,20070919
002168.SZ,ST惠程,20070919
600744.SH,华银电力,19960905
600743.SH,华远控股,19960909
600742.SH,富维股份,19960826
600741.SH,华域汽车,19960826
600740.SH,山西焦化,19960808
600739.SH,辽宁成大,19960819
600738.SH,丽尚国潮,19960802
600737.SH,中粮糖业,19960731
600736.SH,苏州高新,19960815
600735.SH,ST新华锦,19960726
600734.SH,*ST实达,19960808
600733.SH,北汽蓝谷,19960816
600732.SH,爱旭股份,19960816
600731.SH,湖南海利,19960802
002167.SZ,东方锆业,20070913
002166.SZ,莱茵生物,20070913
002165.SZ,红宝丽,20070913
600730.SH,*ST高科,19960726
600725.SH,云维股份,19960702
600713.SH,南京医药,19960701
600712.SH,南宁百货,19960626
600711.SH,盛屯矿业,19960531
600710.SH,苏美达,19960701
600694.SH,大商股份,19931122
600693.SH,东百集团,19931122
600692.SH,亚通股份,19931119
600691.SH,潞化科技,19931119
600690.SH,海尔智家,19931119
600689.SH,上海三毛,19931108
600688.SH,上海石化,19931108
600686.SH,金龙汽车,19931108
600685.SH,中船防务,19931028
002164.SZ,宁波东力,20070823
002163.SZ,海南发展,20070823
600684.SH,珠江股份,19931028
600683.SH,京投发展,19931025
600682.SH,南京新百,19931018
600681.SH,百川能源,19931018
600679.SH,上海凤凰,19931008
600678.SH,ST金顶,19931008
600661.SH,昂立教育,19930614
600660.SH,福耀玻璃,19930610
002162.SZ,悦心健康,20070823
002161.SZ,远望谷,20070821
002160.SZ,常铝股份,20070821
002158.SZ,汉钟精机,20070817
002157.SZ,正邦科技,20070817
002156.SZ,通富微电,20070816
002155.SZ,湖南黄金,20070816
002154.SZ,报喜鸟,20070816
002153.SZ,石基信息,20070813
002152.SZ,广电运通,20070813
002151.SZ,北斗星通,20070813
002150.SZ,正泰电源,20070810
002149.SZ,西部材料,20070810
002146.SZ,荣盛发展,20070808
002145.SZ,钛能化学,20070803
002144.SZ,宏达高科,20070803
002142.SZ,宁波银行,20070719
600658.SH,电子城,19930524
600657.SH,信达地产,19930524
600655.SH,豫园股份,19920902
600654.SH,中安科,19901219
600653.SH,申华控股,19901219
600633.SH,浙数文化,19930304
600630.SH,龙头股份,19930209
600629.SH,华建集团,19930209
600628.SH,新世界,19930119
600610.SH,中毅达,19920805
600609.SH,金杯汽车,19920724
002141.SZ,贤丰控股,20070720
002140.SZ,东华科技,20070712
002138.SZ,顺络电子,20070613
002137.SZ,实益达,20070613
002136.SZ,安纳达,20070530
002135.SZ,东南网架,20070530
002134.SZ,天津普林,20070516
002133.SZ,广宇集团,20070427
002132.SZ,恒星科技,20070427
002130.SZ,沃尔核材,20070420
002129.SZ,TCL中环,20070420
600606.SH,绿地控股,19920327
600592.SH,龙溪股份,20020805
600590.SH,泰豪科技,20020703
600589.SH,大位科技,20010612
600588.SH,用友网络,20010518
600587.SH,新华医疗,20020927
600586.SH,金晶科技,20020815
600585.SH,海螺水泥,20020207
600584.SH,长电科技,20030603
600583.SH,海油工程,20020205
002139.SZ,拓邦股份,20070629
002128.SZ,电投能源,20070418
002127.SZ,南极电商,20070418
002126.SZ,银轮股份,20070418
002125.SZ,湘潭电化,20070403
002124.SZ,天邦食品,20070403
002123.SZ,梦网科技,20070328
002122.SZ,ST汇洲,20070328
002121.SZ,科陆电子,20070306
002120.SZ,韵达股份,20070306
002119.SZ,康强电子,20070302
002117.SZ,东港股份,20070302
002116.SZ,中国海诚,20070215
600568.SH,ST中珠,20010518
600567.SH,山鹰国际,20011218
600566.SH,济川药业,20010822
600563.SH,法拉电子,20021210
600562.SH,国睿科技,20030128
600561.SH,江西长运,20020716
600560.SH,金自天正,20020919
600526.SH,菲达环保,20020722
600523.SH,贵航股份,20011227
600522.SH,中天科技,20021024
600521.SH,华海药业,20030304
600519.SH,贵州茅台,20010827
002115.SZ,三维通信,20070215
002114.SZ,罗平锌电,20070215
002112.SZ,三变科技,20070208
002111.SZ,威海广泰,20070126
002110.SZ,三钢闽光,20070126
002109.SZ,ST兴化,20070126
002108.SZ,沧州明珠,20070124
002107.SZ,沃华医药,20070124
002106.SZ,莱宝高科,20070112
600520.SH,三佳科技,20020108
600518.SH,康美药业,20010319
600517.SH,国网英大,20031010
600516.SH,方大炭素,20020830
600515.SH,海南机场,20020806
600513.SH,联环药业,20030319
600512.SH,腾达建设,20021226
600446.SH,金证股份,20031224
600433.SH,冠豪高新,20030619
002131.SZ,利欧股份,20070427
002105.SZ,信隆健康,20070112
002104.SZ,恒宝股份,20070110
002103.SZ,广博股份,20070110
002102.SZ,ST能特,20061229
002101.SZ,广东鸿图,20061229
002100.SZ,天康生物,20061226
002099.SZ,海翔药业,20061226
002098.SZ,浔兴股份,20061222
002097.SZ,山河智能,20061222
002096.SZ,易普力,20061222
002095.SZ,生意宝,20061215
002094.SZ,青岛金王,20061215
002093.SZ,国脉科技,20061215
002092.SZ,中泰化学,20061208
600415.SH,小商品城,20020509
600390.SH,五矿资本,20010115
600389.SH,江山股份,20010110
600388.SH,紫金龙净,20001229
600386.SH,北巴传媒,20010216
600383.SH,金地集团,20010412
600366.SH,宁波韵升,20001030
600365.SH,ST通葡,20010115
600323.SH,瀚蓝环境,20001225
002091.SZ,江苏国泰,20061208
002088.SZ,鲁阳节能,20061130
002086.SZ,东方海洋,20061128
002085.SZ,万丰奥威,20061128
002084.SZ,海鸥住工,20061124
002083.SZ,孚日股份,20061124
002082.SZ,ST万邦,20061120
002081.SZ,金螳螂,20061120
002080.SZ,中材科技,20061120
002079.SZ,苏州固锝,20061116
002077.SZ,大港股份,20061116
002076.SZ,星光股份,20061025
002075.SZ,沙钢股份,20061025
002074.SZ,国轩高科,20061018
002073.SZ,软控股份,20061018
002069.SZ,獐子岛,20060928
600258.SH,首旅酒店,20000601
600257.SH,大湖股份,20000612
600256.SH,广汇能源,20000526
600255.SH,鑫科材料,20001122
600233.SH,圆通速递,20000608
600232.SH,金鹰股份,20000602
600215.SH,派斯林,19990909
600212.SH,绿能慧充,19990817
600211.SH,西藏药业,19990721
600210.SH,紫江企业,19990824
600208.SH,衢州发展,19990623
600207.SH,安彩高科,19990714
600206.SH,有研新材,19990319
600203.SH,福日电子,19990514
600187.SH,*ST国中,19981111
600177.SH,雅戈尔,19981119
002068.SZ,黑猫股份,20060915
002067.SZ,景兴纸业,20060915
600185.SH,珠免集团,19990611
600184.SH,光电股份,20031106
600183.SH,生益科技,19981028
600182.SH,S佳通,19990507
600180.SH,*ST瑞茂,19980703
600179.SH,安通控股,19981104
600178.SH,东安动力,19981014
600163.SH,中闽能源,19980602
600161.SH,天坛生物,19980616
600160.SH,巨化股份,19980626
600159.SH,大龙地产,19980526
600158.SH,中体产业,19980327
002078.SZ,太阳纸业,20061116
002066.SZ,瑞泰科技,20060823
002065.SZ,东华软件,20060823
002064.SZ,华峰化学,20060823
002063.SZ,远光软件,20060823
002062.SZ,宏润建设,20060816
002061.SZ,浙江交科,20060816
002060.SZ,广东建工,20060810
600157.SH,永泰能源,19980513
600156.SH,华升股份,19980527
600155.SH,华创云信,19980918
600153.SH,建发股份,19980616
600152.SH,维科技术,19980609
600151.SH,航天机电,19980605
600126.SH,杭钢股份,19980311
600125.SH,铁龙物流,19980511
600085.SH,同仁堂,19970625
600084.SH,*ST尼雅,19970711
600082.SH,ST海泰,19970620
600081.SH,东风科技,19970703
600079.SH,ST人福,19970606
002090.SZ,金智科技,20061208
002059.SZ,云南旅游,20060810
002058.SZ,紫竹高科,20060802
002057.SZ,中钢天源,20060802
002055.SZ,ST得润,20060725
002054.SZ,德美化工,20060725
600078.SH,澄星股份,19970627
600064.SH,南京高科,19970506
600063.SH,皖维高新,19970528
600062.SH,华润双鹤,19970522
600061.SH,国投资本,19970519
600060.SH,海信视像,19970422
600059.SH,古越龙山,19970516
600058.SH,五矿发展,19970528
600057.SH,厦门象屿,19970604
600056.SH,中国医药,19970515
600055.SH,万东医疗,19970519
600054.SH,黄山旅游,19970506
600053.SH,*ST九鼎,19970418
600051.SH,宁波联合,19970410
002053.SZ,云南能投,20060627
002052.SZ,同洲电子,20060627
002051.SZ,中工国际,20060619
002050.SZ,三花智控,20050607
600052.SH,东望时代,19970415
600050.SH,中国联通,20021009
600048.SH,保利发展,20060731
600039.SH,四川路桥,20030325
600038.SH,中直股份,20001218
600020.SH,中原高速,20030808
600019.SH,宝钢股份,20001212
600018.SH,上港集团,20061026
600008.SH,首创环保,20000427
600007.SH,中国国贸,19990312
002049.SZ,紫光国微,20050606
002048.SZ,宁波华翔,20050603
002047.SZ,宝鹰股份,20050531
002046.SZ,国机精工,20050526
002045.SZ,国光电器,20050523
002044.SZ,美年健康,20050518
002043.SZ,兔宝宝,20050510
002042.SZ,华孚时尚,20050427
002041.SZ,登海种业,20050418
002040.SZ,南京港,20050325
002039.SZ,黔源电力,20050303
002038.SZ,双鹭药业,20040909
600006.SH,东风股份,19990727
600004.SH,白云机场,20030428
600000.SH,浦发银行,19991110
302132.SZ,中航成飞,20100827
301687.SZ,新广益,20251231
301678.SZ,新恒汇,20250620
301668.SZ,昊创瑞通,20250926
002037.SZ,保利联合,20040908
002036.SZ,联创电子,20040903
002034.SZ,旺能环境,20040826
002032.SZ,苏泊尔,20040817
002031.SZ,巨轮智能,20040816
002030.SZ,达安基因,20040809
002029.SZ,七匹狼,20040806
002028.SZ,思源电气,20040805
002027.SZ,分众传媒,20040804
002026.SZ,山东威达,20040727
002025.SZ,航天电器,20040726
002024.SZ,ST易购,20040721
002023.SZ,海特高新,20040721
002022.SZ,科华生物,20040721
002021.SZ,中捷资源,20040715
002020.SZ,京新药业,20040715
002019.SZ,亿帆医药,20040713
002017.SZ,东信和平,20040713
002016.SZ,世荣兆业,20040708
002015.SZ,协鑫能科,20040708
301667.SZ,纳百川,20251223
301665.SZ,泰禾股份,20250411
301662.SZ,宏工科技,20250417
301658.SZ,首航新能,20250402
301656.SZ,联合动力,20250925
301638.SZ,南网数字,20251118
301636.SZ,泽润新能,20250516
301633.SZ,港迪技术,20241107
301632.SZ,广东建科,20250812
301631.SZ,壹连科技,20241122
301603.SZ,乔锋智能,20240710
301602.SZ,超研股份,20250122
002014.SZ,永新股份,20040708
002012.SZ,凯恩股份,20040705
002011.SZ,盾安环境,20040705
002010.SZ,传化智联,20040629
002009.SZ,天奇股份,20040629
002008.SZ,大族激光,20040625
002007.SZ,华兰生物,20040625
002006.SZ,精工科技,20040625
002005.SZ,德豪润达,20040625
301601.SZ,惠通科技,20250115
301600.SZ,慧翰股份,20240911
301598.SZ,博科测试,20241220
301596.SZ,瑞迪智驱,20240513
301571.SZ,国科天成,20240821
301568.SZ,思泰克,20231128
301552.SZ,科力装备,20240722
301551.SZ,无线传媒,20240926
301550.SZ,斯菱智驱,20230915
301548.SZ,崇德科技,20230920
301539.SZ,宏鑫科技,20240415
002004.SZ,华邦健康,20040625
002003.SZ,伟星股份,20040625
002001.SZ,新和成,20040625
001979.SZ,招商蛇口,20151230
001965.SZ,招商公路,20171225
001914.SZ,招商积余,19940928
001896.SZ,豫能控股,19980122
001872.SZ,招商港口,19930505
001696.SZ,宗申动力,19970306
001400.SZ,江顺科技,20250424
001396.SZ,誉帆科技,20251230
301538.SZ,骏鼎达,20240320
301536.SZ,星宸科技,20240328
301535.SZ,浙江华远,20250327
301533.SZ,威马农机,20230818
301529.SZ,福赛科技,20230911
301528.SZ,多浦乐,20230828
301526.SZ,国际复材,20231226
301525.SZ,儒竞科技,20230830
301522.SZ,上大股份,20241016
301501.SZ,恒鑫生活,20250319
301500.SZ,飞南资源,20230921
301448.SZ,开创电气,20230619
301446.SZ,福事特,20230725
001395.SZ,亚联机械,20250127
001391.SZ,国货航,20241230
001390.SZ,古麒绒材,20250529
001389.SZ,广合科技,20240402
001388.SZ,信通电子,20250701
001387.SZ,雪祺电气,20240111
001386.SZ,马可波罗,20251022
001382.SZ,新亚电缆,20250321
301439.SZ,泓淋电力,20230317
301429.SZ,森泰股份,20230417
301428.SZ,世纪恒通,20230519
301421.SZ,波长光电,20230823
301393.SZ,昊帆生物,20230712
301392.SZ,汇成真空,20240605
301391.SZ,卡莱特,20221201
301390.SZ,经纬股份,20230508
301389.SZ,隆扬电子,20221031
301388.SZ,欣灵电气,20221109
001380.SZ,华纬科技,20230516
001379.SZ,腾达科技,20240119
001378.SZ,德冠新材,20231030
001376.SZ,百通能源,20231103
001373.SZ,翔腾新材,20230601
001369.SZ,双欣材料,20251230
001368.SZ,通达创智,20230313
001367.SZ,海森药业,20230410
001366.SZ,播恩集团,20230307
001360.SZ,南矿集团,20230410
001359.SZ,平安电工,20240328
001358.SZ,兴欣新材,20231221
001339.SZ,智微智能,20220815
001338.SZ,永顺泰,20221116
301387.SZ,光大同创,20230418
301386.SZ,未来电器,20230329
301383.SZ,天键股份,20230609
301381.SZ,赛维时代,20230712
301380.SZ,挖金客,20221025
301379.SZ,天山电子,20221101
301378.SZ,通达海,20230320
301377.SZ,鼎泰高科,20221122
301376.SZ,致欧科技,20230621
301373.SZ,凌玮科技,20230208
301372.SZ,科净源,20230811
301360.SZ,荣旗科技,20230425
301359.SZ,东南电子,20221109
301358.SZ,湖南裕能,20230209
301357.SZ,北方长龙,20230418
301345.SZ,涛涛车业,20230321
001337.SZ,四川黄金,20230303
001336.SZ,楚环科技,20220725
301356.SZ,天振股份,20221114
301355.SZ,南王科技,20230612
301353.SZ,普莱得,20230530
301349.SZ,信德新材,20220909
301348.SZ,蓝箭电子,20230810
301339.SZ,通行宝,20220909
301338.SZ,凯格精机,20220816
301337.SZ,亚华电子,20230526
301336.SZ,趣睡科技,20220812
301317.SZ,鑫磊股份,20230119
301316.SZ,慧博云通,20221013
301299.SZ,卓创资讯,20221019
001356.SZ,富岭股份,20250123
001335.SZ,信凯科技,20250415
001333.SZ,光华股份,20221208
001332.SZ,锡装股份,20220920
001331.SZ,胜通能源,20220908
001330.SZ,博纳影业,20220818
001328.SZ,登康口腔,20230410
001326.SZ,联域股份,20231109
001325.SZ,元创股份,20251218
301298.SZ,东利机械,20220606
301297.SZ,富乐德,20221230
301282.SZ,金禄电子,20220826
301281.SZ,科源制药,20230404
301280.SZ,珠城科技,20221226
301279.SZ,金道科技,20220413
301278.SZ,快可电子,20220804
301277.SZ,新天地,20221116
301276.SZ,嘉曼服饰,20220909
301275.SZ,汉朔科技,20250311
301273.SZ,瑞晨环保,20221025
301256.SZ,华融化学,20220322
301255.SZ,通力科技,20221227
001324.SZ,长青科技,20230522
001323.SZ,慕思股份,20220623
001322.SZ,箭牌家居,20221026
001319.SZ,铭科精技,20220512
001318.SZ,阳光乳业,20220520
001317.SZ,三羊马,20211130
001316.SZ,润贝航科,20220624
001314.SZ,亿道信息,20230214
001309.SZ,德明利,20220701
301252.SZ,同星科技,20230525
301251.SZ,威尔高,20230906
301248.SZ,杰创智能,20220420
301229.SZ,纽泰格,20220222
301228.SZ,实朴检测,20220128
301227.SZ,森鹰窗业,20220926
301226.SZ,祥明智能,20220325
301225.SZ,恒勃股份,20230616
301223.SZ,中荣股份,20221026
301222.SZ,浙江恒威,20220309
301221.SZ,光庭信息,20211222
301220.SZ,亚香股份,20220622
001308.SZ,康冠科技,20220318
001306.SZ,夏厦精密,20231116
001301.SZ,尚太科技,20221228
001300.SZ,三柏硕,20221019
001299.SZ,美能能源,20221031
001298.SZ,好上好,20221031
001296.SZ,长江材料,20211224
001289.SZ,龙源电力,20220124
001288.SZ,运机集团,20211101
001287.SZ,中电港,20230410
301219.SZ,腾远钴业,20220317
301218.SZ,华是科技,20220307
301202.SZ,朗威股份,20230705
301201.SZ,诚达药业,20220120
301200.SZ,大族数控,20220228
301199.SZ,迈赫股份,20211207
301198.SZ,喜悦智行,20211202
301197.SZ,工大科雅,20220808
301196.SZ,唯科科技,20220111
301181.SZ,标榜股份,20220221
301180.SZ,万祥科技,20211116
301179.SZ,泽宇智能,20211208
301178.SZ,天亿马,20211112
301176.SZ,逸豪新材,20220928
001313.SZ,粤海饲料,20220216
001286.SZ,陕西能源,20230410
001285.SZ,瑞立科密,20250930
001283.SZ,豪鹏科技,20220905
301175.SZ,中科环保,20220708
301173.SZ,毓恬冠佳,20250303
301122.SZ,采纳股份,20220126
301089.SZ,拓新药业,20211027
301073.SZ,君亭酒店,20210930
301056.SZ,森赫股份,20210907
301040.SZ,中环海陆,20210803
301000.SZ,肇民科技,20210528
300983.SZ,尤安设计,20210420
001282.SZ,三联锻造,20230524
001280.SZ,中国铀业,20251203
001279.SZ,强邦新材,20241011
001278.SZ,一彬科技,20230308
001277.SZ,速达股份,20240903
001270.SZ,铖昌科技,20220606
001269.SZ,欧晶科技,20220930
001267.SZ,汇绿生态,20211117
001266.SZ,宏英智能,20220228
001260.SZ,坤泰股份,20230216
001259.SZ,利仁科技,20220831
001258.SZ,立新能源,20220727
001256.SZ,炜冈科技,20221205
001255.SZ,博菲电气,20220930
001239.SZ,永达股份,20231212
300966.SZ,共同药业,20210409
300952.SZ,恒辉安防,20210311
300895.SZ,铜牛信息,20200924
300864.SZ,南大环境,20200824
300762.SZ,上海瀚讯,20190314
300718.SZ,长盛轴承,20171106
300648.SZ,星云股份,20170425
300647.SZ,超频三,20170503
300603.SZ,立昂技术,20170126
300589.SZ,江龙船艇,20170113
300472.SZ,ST新元,20150611
300462.SZ,ST华铭,20150527
300405.SZ,科隆股份,20141030
300374.SZ,中铁装配,20150319
001238.SZ,浙江正特,20220919
001236.SZ,弘业期货,20220805
001234.SZ,泰慕士,20220111
001233.SZ,海安集团,20251125
001231.SZ,农心科技,20220819
300373.SZ,扬杰科技,20140123
300370.SZ,安控科技,20140123
300368.SZ,汇金股份,20140123
300366.SZ,ST创意,20140127
300363.SZ,博腾股份,20140129
300355.SZ,蒙草生态,20120927
300340.SZ,科恒股份,20120726
300339.SZ,润和软件,20120718
300337.SZ,银邦股份,20120718
300335.SZ,迪森股份,20120710
300334.SZ,津膜科技,20120705
300333.SZ,兆日科技,20120628
300331.SZ,苏大维格,20120628
300329.SZ,海伦钢琴,20120619
300327.SZ,中颖电子,20120613
300324.SZ,旋极信息,20120608
001230.SZ,劲旅环境,20220715
600351.SH,亚宝药业,20020926
300375.SZ,鹏翎股份,20140127
300317.SZ,珈伟新能,20120511
300316.SZ,晶盛机电,20120511
300314.SZ,戴维医疗,20120508
300306.SZ,远方信息,20120329
300300.SZ,海峡创新,20120319
300299.SZ,富春股份,20120319
300296.SZ,利亚德,20120315
300294.SZ,博雅生物,20120308
300293.SZ,蓝英装备,20120308
300290.SZ,ST荣科,20120216
001229.SZ,魅视科技,20220808
001228.SZ,永泰运,20220429
001227.SZ,兰州银行,20220117
001226.SZ,拓山重工,20220622
001225.SZ,和泰机电,20230222
001223.SZ,欧克科技,20221212
001222.SZ,源飞宠物,20220818
001221.SZ,悍高集团,20250730
001219.SZ,青岛食品,20211021
001218.SZ,丽臣实业,20211015
300380.SZ,安硕信息,20140128
300377.SZ,赢时胜,20140127
300357.SZ,我武生物,20140121
300289.SZ,利德曼,20120216
300288.SZ,朗玛信息,20120216
300285.SZ,国瓷材料,20120113
300284.SZ,苏交科,20120110
300281.SZ,金明精机,20111229
300278.SZ,华昌达,20111216
300272.SZ,开能健康,20111102
300267.SZ,尔康制药,20110927
300265.SZ,通光线缆,20110916
300264.SZ,佳创视讯,20110916
001217.SZ,华尔泰,20210929
001216.SZ,华瓷股份,20211019
001209.SZ,洪兴股份,20210723
001208.SZ,华菱线缆,20210624
001201.SZ,东瑞股份,20210428
000999.SZ,华润三九,20000309
000998.SZ,隆平高科,20001211
300263.SZ,隆华科技,20110916
300258.SZ,精锻科技,20110826
300254.SZ,仟源医药,20110819
300253.SZ,卫宁健康,20110818
300252.SZ,金信诺,20110818
300250.SZ,初灵信息,20110803
300246.SZ,宝莱特,20110719
300243.SZ,瑞丰高材,20110712
300239.SZ,东宝生物,20110706
300238.SZ,冠昊生物,20110706
300237.SZ,ST美晨,20110629
300235.SZ,方直科技,20110629
300234.SZ,开尔新材,20110622
300233.SZ,金城医药,20110622
300232.SZ,洲明科技,20110622
300228.SZ,富瑞特装,20110608
000997.SZ,新大陆,20000807
000995.SZ,皇台酒业,20000807
300382.SZ,斯莱克,20140129
300360.SZ,炬华科技,20140121
300236.SZ,上海新阳,20110629
300227.SZ,光韵达,20110608
300225.SZ,金力泰,20110531
300224.SZ,正海磁材,20110531
300223.SZ,君正股份,20110531
300222.SZ,科大智能,20110525
300221.SZ,银禧科技,20110525
300219.SZ,鸿利智汇,20110518
300218.SZ,安利股份,20110518
300215.SZ,电科院,20110511
000993.SZ,闽东电力,20000731
000990.SZ,诚志股份,20000706
000989.SZ,九芝堂,20000628
000988.SZ,华工科技,20000608
000968.SZ,蓝焰控股,20000622
000967.SZ,盈峰环境,20000330
000966.SZ,长源电力,20000316
000965.SZ,天保基建,20000406
300383.SZ,光环新网,20140129
300214.SZ,日科化学,20110511
300213.SZ,佳讯飞鸿,20110505
300212.SZ,*ST易录,20110505
300211.SZ,*ST亿通,20110505
300206.SZ,理邦仪器,20110421
300205.SZ,*ST天喻,20110421
300204.SZ,舒泰神,20110415
300201.SZ,海伦哲,20110407
300200.SZ,高盟新材,20110407
300199.SZ,翰宇药业,20110407
300197.SZ,节能铁汉,20110329
300196.SZ,长海股份,20110329
300194.SZ,福安药业,20110322
300193.SZ,佳士科技,20110322
000963.SZ,华东医药,20000127
000962.SZ,东方钽业,20000120
000960.SZ,锡业股份,20000221
300192.SZ,科德教育,20110322
300191.SZ,潜能恒信,20110316
300185.SZ,通裕重工,20110308
300184.SZ,力源信息,20110222
300183.SZ,东软载波,20110222
300181.SZ,佐力药业,20110222
300177.SZ,中海达,20110215
300173.SZ,ST福能,20110201
300172.SZ,中电环保,20110201
300171.SZ,东富龙,20110201
300170.SZ,汉得信息,20110201
300169.SZ,天晟新材,20110125
300168.SZ,万达信息,20110125
300167.SZ,ST迪威迅,20110125
300166.SZ,东方国信,20110125
300165.SZ,天瑞仪器,20110125
000959.SZ,首钢股份,19991216
300387.SZ,富邦科技,20140702
300385.SZ,ST雪浪,20140626
300266.SZ,兴源环境,20110927
300210.SZ,森远股份,20110426
300163.SZ,先锋新材,20110113
300162.SZ,雷曼光电,20110113
300161.SZ,华中数控,20110113
300160.SZ,秀强股份,20110113
300159.SZ,新研股份,20110107
300155.SZ,安居宝,20110107
300152.SZ,*ST动力,20101229
300149.SZ,睿智医药,20101222
300147.SZ,*ST香雪,20101215
000958.SZ,电投产融,19991223
000957.SZ,中通客车,20000113
000955.SZ,欣龙控股,19991209
000953.SZ,中哲精化,19991202
000952.SZ,广济药业,19991112
000950.SZ,重药控股,19990916
300348.SZ,长亮科技,20120817
300144.SZ,宋城演艺,20101209
300143.SZ,盈康生命,20101209
300141.SZ,和顺电气,20101112
300140.SZ,节能环境,20101112
300134.SZ,大富科技,20101026
300133.SZ,华策影视,20101026
300132.SZ,诺斯贝尔,20101026
300131.SZ,英唐智控,20101019
300130.SZ,新国都,20101019
300124.SZ,汇川技术,20100928
300121.SZ,阳谷华泰,20100917
300118.SZ,东方日升,20100902
300115.SZ,长盈精密,20100902
300109.SZ,新开源,20100825
300102.SZ,乾照光电,20100812
300101.SZ,振芯科技,20100806
300098.SZ,高新兴,20100728
300097.SZ,智云股份,20100728
300096.SZ,ST易联众,20100728
300095.SZ,华伍股份,20100728
300094.SZ,国联水产,20100708
300088.SZ,长信科技,20100526
300087.SZ,ST荃银,20100526
300086.SZ,康芝药业,20100526
300085.SZ,银之杰,20100526
300084.SZ,海默科技,20100520
300083.SZ,创世纪,20100520
300082.SZ,奥克股份,20100520
300079.SZ,数码视讯,20100430
000949.SZ,新乡化纤,19991021
000948.SZ,南天信息,19991014
000938.SZ,紫光股份,19991104
000937.SZ,冀中能源,19990909
000936.SZ,华西股份,19990810
000935.SZ,四川双马,19990824
000933.SZ,神火股份,19990831
300351.SZ,永贵电器,20120920
300350.SZ,华鹏飞,20120821
300078.SZ,思创智联,20100430
300077.SZ,国民技术,20100430
300076.SZ,*ST宁视,20100430
300075.SZ,数字政通,20100427
300073.SZ,当升科技,20100427
300072.SZ,海新能科,20100427
300071.SZ,福石控股,20100421
300070.SZ,碧水源,20100421
300068.SZ,ST南都,20100421
300066.SZ,三川智慧,20100326
300065.SZ,海兰信,20100326
000932.SZ,华菱钢铁,19990803
000931.SZ,中关村,19990712
000930.SZ,中粮科技,19990712
000929.SZ,兰州黄河,19990623
000928.SZ,中钢国际,19990312
000927.SZ,中国铁物,19990727
000926.SZ,福星股份,19990618
300063.SZ,天龙集团,20100326
300061.SZ,旗天科技,20100319
300058.SZ,蓝色光标,20100226
300051.SZ,琏升科技,20100211
300049.SZ,福瑞医科,20100120
300047.SZ,天源迪科,20100120
300046.SZ,台基股份,20100120
300044.SZ,*ST赛为,20100120
300042.SZ,朗科科技,20100108
300040.SZ,九洲集团,20100108
300039.SZ,上海凯宝,20100108
300034.SZ,钢研高纳,20091225
300033.SZ,同花顺,20091225
300032.SZ,金龙机电,20091225
300030.SZ,阳普医疗,20091225
300026.SZ,红日药业,20091030
000925.SZ,众合科技,19990611
300052.SZ,中青宝,20100211
300025.SZ,华星创业,20091030
300024.SZ,机器人,20091030
300022.SZ,吉峰科技,20091030
300019.SZ,硅宝科技,20091030
300018.SZ,中元股份,20091030
300016.SZ,北陆药业,20091030
300015.SZ,爱尔眼科,20091030
300013.SZ,新宁物流,20091030
300011.SZ,鼎汉技术,20091030
300010.SZ,ST豆神,20091030
300009.SZ,安科生物,20091030
300008.SZ,天海防务,20091030
300007.SZ,汉威科技,20091030
300006.SZ,莱美药业,20091030
300004.SZ,南风股份,20091030
300002.SZ,神州泰岳,20091030
003816.SZ,中国广核,20190826
003043.SZ,华亚智能,20210406
003042.SZ,中农联合,20210406
003041.SZ,真爱美家,20210406
003040.SZ,楚天龙,20210322
003039.SZ,顺控发展,20210308
003037.SZ,三和管桩,20210204
003031.SZ,中瓷电子,20210104
003029.SZ,吉大正元,20201224
003027.SZ,同兴科技,20201218
003025.SZ,思进智能,20201211
003023.SZ,彩虹集团,20201211
003022.SZ,联泓新科,20201208
003021.SZ,兆威机电,20201204
000923.SZ,河钢资源,19990714
000922.SZ,佳电股份,19990618
300127.SZ,银河磁体,20101013
300123.SZ,ST亚光,20100928
300080.SZ,易成新能,20100625
003020.SZ,立方制药,20201215
003019.SZ,宸展光电,20201117
003018.SZ,金富科技,20201106
003017.SZ,大洋生物,20201026
003016.SZ,欣贺股份,20201026
003015.SZ,日久光电,20201021
003011.SZ,海象新材,20200930
003009.SZ,中天火箭,20200925
003008.SZ,开普检测,20200923
003006.SZ,百亚股份,20200921
003001.SZ,中岩大地,20201013
002998.SZ,优彩资源,20200925
002997.SZ,瑞鹄模具,20200903
000969.SZ,安泰科技,20000529
002991.SZ,甘源食品,20200731
002989.SZ,中天精装,20200610
002987.SZ,京北方,20200507
002985.SZ,北摩高科,20200429
002984.SZ,森麒麟,20200911
002983.SZ,芯瑞达,20200428
002978.SZ,安宁股份,20200417
002977.SZ,*ST天箭,20200317
002976.SZ,瑞玛精密,20200306
002967.SZ,广电计量,20191108
002966.SZ,苏州银行,20190802
002965.SZ,祥鑫科技,20191025
002962.SZ,五方光电,20190917
002961.SZ,瑞达期货,20190905
002960.SZ,青鸟智控,20190809
002955.SZ,鸿合科技,20190523
002953.SZ,日丰股份,20190509
300129.SZ,泰胜风能,20101019
300081.SZ,ST恒信,20100520
300036.SZ,超图软件,20091225
002979.SZ,雷赛智能,20200408
002956.SZ,西麦食品,20190619
002952.SZ,亚世光电,20190328
002951.SZ,金时科技,20190315
002950.SZ,奥美医疗,20190311
002946.SZ,新乳业,20190125
002943.SZ,宇晶股份,20181129
002941.SZ,新疆交建,20181128
002940.SZ,昂利康,20181023
002939.SZ,长城证券,20181026
002937.SZ,兴瑞科技,20180926
002936.SZ,郑州银行,20180919
002933.SZ,新兴装备,20180828
000921.SZ,海信家电,19990713
300217.SZ,东方电热,20110518
300053.SZ,航宇微,20100211
002957.SZ,科瑞技术,20190726
002930.SZ,宏川智慧,20180328
002929.SZ,润建股份,20180301
002927.SZ,泰永长征,20180223
002923.SZ,润都股份,20180105
002922.SZ,伊戈尔,20171229
002920.SZ,德赛西威,20171226
002919.SZ,名臣健康,20171218
002910.SZ,庄园牧场,20171031
002909.SZ,集泰股份,20171026
002908.SZ,德生科技,20171020
002907.SZ,华森制药,20171020
002906.SZ,华阳集团,20171013
000920.SZ,沃顿科技,19990616
000919.SZ,金陵药业,19991118
000917.SZ,电广传媒,19990325
300188.SZ,国投智能,20110316
002980.SZ,华盛昌,20200415
002905.SZ,金逸影视,20171016
002900.SZ,哈三联,20170922
002899.SZ,英派斯,20170915
002895.SZ,川恒股份,20170825
002893.SZ,京能热力,20170915
002892.SZ,科力尔,20170817
002891.SZ,中宠股份,20170821
002890.SZ,弘宇股份,20170802
002889.SZ,东方嘉盛,20170731
002887.SZ,绿茵生态,20170801
002886.SZ,沃特股份,20170627
002885.SZ,京泉华,20170627
000915.SZ,华特达因,19990609
000913.SZ,钱江摩托,19990514
000912.SZ,泸天化,19990603
000911.SZ,*ST广糖,19990527
000910.SZ,大亚圣象,19990630
300269.SZ,联建光电,20111012
300105.SZ,龙源技术,20100820
300056.SZ,中创环保,20100226
300055.SZ,万邦达,20100226
002982.SZ,湘佳股份,20200424
002883.SZ,*ST中设,20170620
002880.SZ,卫光生物,20170616
002879.SZ,长缆科技,20170707
002878.SZ,元隆雅图,20170606
002877.SZ,智能自控,20170605
002876.SZ,三利谱,20170525
002872.SZ,ST天圣,20170519
002871.SZ,伟隆股份,20170511
002870.SZ,香山股份,20170515
002869.SZ,金溢科技,20170515
000909.SZ,*ST数源,19990507
000908.SZ,石药景峰,19990203
000906.SZ,浙商中拓,19990707
002864.SZ,盘龙药业,20171116
002863.SZ,今飞凯达,20170418
002862.SZ,实丰文化,20170411
002859.SZ,洁美科技,20170407
002858.SZ,力盛体育,20170324
002857.SZ,三晖电气,20170323
002856.SZ,*ST美芝,20170320
002855.SZ,捷荣技术,20170321
002853.SZ,皮阿诺,20170310
002851.SZ,麦格米特,20170306
002837.SZ,英维克,20161229
002830.SZ,名雕股份,20161213
002827.SZ,高争民爆,20161209
002824.SZ,和胜股份,20170112
002823.SZ,凯中精密,20161124
002821.SZ,凯莱英,20161118
000900.SZ,现代投资,19990128
002820.SZ,桂发祥,20161118
002819.SZ,东方中科,20161111
002818.SZ,富森美,20161109
002817.SZ,黄山胶囊,20161025
002816.SZ,*ST和科,20161025
002813.SZ,路畅科技,20161012
002812.SZ,恩捷股份,20160914
002807.SZ,江阴银行,20160902
000899.SZ,赣能股份,19971126
000898.SZ,鞍钢股份,19971225
000897.SZ,津滨发展,19990422
000895.SZ,双汇发展,19981210
000893.SZ,亚钾国际,19981224
000892.SZ,欢瑞世纪,19990115
000890.SZ,法尔胜,19990119
000889.SZ,中嘉博创,19971218
000888.SZ,峨眉山A,19971021
000887.SZ,中鼎股份,19981203
000886.SZ,海南高速,19980123
000885.SZ,城发环境,19990319
000883.SZ,湖北能源,19980519
000875.SZ,电投绿能,20020926
000869.SZ,张裕A,20001026
300393.SZ,中来股份,20140912
300180.SZ,华峰超纤,20110222
300027.SZ,ST华谊,20091030
002992.SZ,宝明科技,20200803
002806.SZ,华锋股份,20160726
002805.SZ,丰元股份,20160707
002800.SZ,天顺股份,20160530
002799.SZ,环球印务,20160608
002796.SZ,世嘉科技,20160510
002795.SZ,永和智控,20160428
002793.SZ,罗欣药业,20160415
000868.SZ,安凯客车,19970725
000863.SZ,三湘印象,19970925
000862.SZ,银星能源,19980915
000860.SZ,顺鑫农业,19981104
000859.SZ,国风新材,19981119
000858.SZ,五粮液,19980427
000856.SZ,冀东装备,19980813
000852.SZ,石化机械,19981126
000850.SZ,华茂股份,19981007
000848.SZ,承德露露,19971113
000839.SZ,国安股份,19971031
300395.SZ,菲利华,20140910
300384.SZ,三联虹普,20140801
300151.SZ,昌红科技,20101222
300054.SZ,鼎龙股份,20100211
300045.SZ,华力创通,20100120
002790.SZ,瑞尔特,20160308
002789.SZ,*ST建艺,20160311
002786.SZ,银宝山新,20151223
002783.SZ,凯龙股份,20151209
002779.SZ,中坚科技,20151209
002778.SZ,中晟高科,20160106
002777.SZ,久远银海,20151231
002775.SZ,文科股份,20150629
002774.SZ,快意电梯,20170324
002773.SZ,康弘药业,20150626
002772.SZ,众兴菌业,20150626
300398.SZ,飞凯材料,20141009
300396.SZ,ST迪瑞,20140910
300315.SZ,掌趣科技,20120511
300012.SZ,华测检测,20091030
002792.SZ,通宇通讯,20160328
002769.SZ,普路通,20150629
002768.SZ,国恩股份,20150630
002766.SZ,索菱股份,20150611
002765.SZ,蓝黛科技,20150612
002761.SZ,浙江建投,20150610
002759.SZ,ST天际,20150528
002758.SZ,浙农股份,20150527
000838.SZ,*ST发展,19970626
000837.SZ,秦川机床,19980928
000833.SZ,粤桂股份,19981111
000831.SZ,中国稀土,19980911
000830.SZ,鲁西化工,19980807
000829.SZ,天音控股,19971202
000807.SZ,云铝股份,19980408
000803.SZ,山高环能,19980303
000797.SZ,中国武夷,19970715
300371.SZ,汇中股份,20140123
300271.SZ,华宇软件,20111026
300270.SZ,中威电子,20111012
002850.SZ,科达利,20170302
002835.SZ,同为股份,20161228
002833.SZ,弘亚数控,20161228
002757.SZ,南兴股份,20150527
002756.SZ,永兴材料,20150515
002755.SZ,奥赛康,20150515
002753.SZ,永东股份,20150519
002752.SZ,昇兴股份,20150422
002749.SZ,国光股份,20150320
000796.SZ,凯撒旅业,19970703
000795.SZ,英洛华,19970808
000793.SZ,ST华闻,19970729
000792.SZ,盐湖股份,19970904
000791.SZ,甘肃能源,19971014
000790.SZ,华神科技,19980327
000789.SZ,万年青,19970923
000788.SZ,北大医药,19970616
000786.SZ,北新建材,19970606
000785.SZ,居然智家,19970711
300404.SZ,博济医药,20150424
300399.SZ,天利科技,20141009
002868.SZ,绿康生化,20170503
002865.SZ,钧达股份,20170425
002748.SZ,世龙实业,20150319
002743.SZ,ST富煌,20150217
002741.SZ,光华科技,20150216
002739.SZ,儒意电影,20150122
002738.SZ,中矿资源,20141230
002736.SZ,国信证券,20141229
002734.SZ,利民股份,20150127
002733.SZ,雄韬股份,20141203
002700.SZ,万憬能源,20120921
000878.SZ,云南铜业,19980602
000783.SZ,长江证券,19970731
000782.SZ,恒申新材,19970619
000779.SZ,甘咨询,19970528
000778.SZ,新兴铸管,19970606
000777.SZ,中核科技,19970710
300409.SZ,道氏技术,20141203
300408.SZ,三环集团,20141203
300291.SZ,百纳千成,20120209
300126.SZ,锐奇股份,20101013
300091.SZ,*ST金灵,20100625
002888.SZ,惠威科技,20170721
002884.SZ,凌霄泵业,20170711
002810.SZ,山东赫达,20160826
002809.SZ,红墙股份,20160823
002732.SZ,燕塘乳业,20141205
002731.SZ,*ST萃华,20141104
002728.SZ,特一药业,20140731
002727.SZ,一心堂,20140702
002726.SZ,ST龙大,20140626
000776.SZ,广发证券,19970611
000768.SZ,中航西飞,19970626
000767.SZ,晋控电力,19970609
000766.SZ,通化金马,19970430
000762.SZ,西藏矿业,19970708
000761.SZ,本钢板材,19980115
300411.SZ,金盾股份,20141231
300099.SZ,尤洛卡,20100806
002945.SZ,华林证券,20190117
002926.SZ,华西证券,20180205
002918.SZ,蒙娜丽莎,20171219
002917.SZ,金奥博,20171208
002916.SZ,深南电路,20171213
002915.SZ,中欣氟材,20171205
002911.SZ,佛燃能源,20171122
002723.SZ,小崧股份,20140129
002722.SZ,物产金轮,20140128
002721.SZ,金一文化,20140127
002719.SZ,ST麦趣,20140128
002718.SZ,友邦吊顶,20140128
002717.SZ,*ST岭南,20140219
002716.SZ,湖南白银,20140128
000759.SZ,中百集团,19970519
300419.SZ,ST浩丰,20150122
300150.SZ,世纪瑞尔,20101222
300113.SZ,顺网科技,20100827
002935.SZ,天奥电子,20180903
002932.SZ,*ST明德,20180710
002931.SZ,锋龙股份,20180403
002860.SZ,星帅尔,20170412
002852.SZ,道道全,20170310
002713.SZ,东易日盛,20140219
002712.SZ,思美传媒,20140123
002709.SZ,天赐材料,20140123
002708.SZ,光洋股份,20140121
002706.SZ,良信股份,20140121
002705.SZ,新宝股份,20140121
002698.SZ,博实股份,20120911
002697.SZ,红旗连锁,20120905
000758.SZ,中色股份,19970416
300425.SZ,中建环能,20150216
300420.SZ,五洋自控,20150217
300402.SZ,宝色股份,20141010
300142.SZ,沃森生物,20101112
300100.SZ,双林股份,20100806
002949.SZ,华阳国际,20190226
002947.SZ,恒铭达,20190201
002867.SZ,周大生,20170427
002826.SZ,易明医药,20161209
002767.SZ,先锋电子,20150612
002696.SZ,百洋股份,20120905
002695.SZ,煌上煌,20120905
002693.SZ,双成药业,20120808
002691.SZ,*ST冀凯,20120731
002690.SZ,美亚光电,20120731
002689.SZ,ST远智,20120717
000757.SZ,浩物股份,19970627
300546.SZ,雄帝科技,20160928
300427.SZ,红相股份,20150217
300346.SZ,南大光电,20120807
300135.SZ,宝利国际,20101026
300125.SZ,聆达股份,20101013
002972.SZ,科安达,20191227
002971.SZ,和远气体,20200113
002969.SZ,嘉美包装,20191202
002968.SZ,新大正,20191203
002846.SZ,英联股份,20170207
002729.SZ,好利科技,20140912
002715.SZ,登云股份,20140219
002688.SZ,金河生物,20120713
002687.SZ,乔治白,20120713
000756.SZ,新华制药,19970806
000755.SZ,山西高速,19970627
000753.SZ,漳州发展,19970626
000752.SZ,*ST西发,19970625
000751.SZ,锌业股份,19970626
000750.SZ,国海证券,19970709
300198.SZ,*ST纳川,20110407
300148.SZ,天舟文化,20101215
002999.SZ,天禾股份,20200903
002973.SZ,侨银股份,20200106
002963.SZ,豪尔赛,20191028
002921.SZ,联诚精密,20171227
002913.SZ,奥士康,20171201
002822.SZ,ST中装,20161129
002797.SZ,第一创业,20160511
002791.SZ,坚朗五金,20160329
002762.SZ,金发拉比,20150610
002686.SZ,亿利达,20120703
002683.SZ,广东宏大,20120612
002681.SZ,奋达科技,20120605
002678.SZ,珠江钢琴,20120530
002677.SZ,浙江美大,20120525
000739.SZ,普洛药业,19970509
000738.SZ,航发控制,19970626
300432.SZ,富临精工,20150319
300428.SZ,立中集团,20150319
300244.SZ,迪安诊断,20110719
003036.SZ,泰坦股份,20210128
002948.SZ,青岛银行,20190116
002861.SZ,瀛通通讯,20170413
002730.SZ,电光科技,20141009
002701.SZ,奥瑞金,20121011
002692.SZ,远程股份,20120808
002676.SZ,顺威股份,20120525
002675.SZ,东诚药业,20120525
002674.SZ,兴业科技,20120507
002673.SZ,西部证券,20120503
002672.SZ,东江环保,20120426
002671.SZ,龙泉股份,20120426
000737.SZ,北方铜业,19970428
000736.SZ,中交发展,19970425
000735.SZ,罗牛山,19970611
300435.SZ,中泰股份,20150326
300434.SZ,金石亚药,20150424
003035.SZ,南网能源,20210119
003032.SZ,传智教育,20210112
003003.SZ,天元股份,20200921
002986.SZ,宇新股份,20200602
002847.SZ,盐津铺子,20170208
002832.SZ,比音勒芬,20161223
002815.SZ,崇达技术,20161012
002763.SZ,汇洁股份,20150610
002670.SZ,国盛证券,20120416
002669.SZ,康达新材,20120416
002668.SZ,TCL智家,20120416
002666.SZ,德联集团,20120327
000821.SZ,ST京机,19980626
000733.SZ,振华科技,19970703
000731.SZ,四川美丰,19970617
000729.SZ,燕京啤酒,19970716
300440.SZ,运达科技,20150423
300437.SZ,清水源,20150423
300436.SZ,广生堂,20150422
300406.SZ,九强生物,20141030
300403.SZ,汉宇集团,20141030
300345.SZ,华民股份,20120801
300308.SZ,中际旭创,20120410
002959.SZ,小熊电器,20190823
002942.SZ,新农股份,20181205
002836.SZ,新宏泽,20161229
002801.SZ,微光股份,20160622
002771.SZ,真视通,20150629
002662.SZ,峰璟股份,20120309
002661.SZ,克明食品,20120316
002660.SZ,茂硕电源,20120316
002659.SZ,凯文教育,20120309
002658.SZ,雪迪龙,20120309
300443.SZ,金雷股份,20150422
300410.SZ,正业科技,20141231
300021.SZ,大禹节水,20091030
300003.SZ,乐普医疗,20091030
003038.SZ,鑫铂股份,20210210
002975.SZ,博杰股份,20200205
002958.SZ,青农商行,20190326
002928.SZ,华夏航空,20180302
002656.SZ,摩登大道,20120228
002654.SZ,万润科技,20120217
002653.SZ,海思科,20120117
002652.SZ,扬子新材,20120119
000728.SZ,国元证券,19970616
000727.SZ,冠捷科技,19970520
000726.SZ,鲁泰A,20001225
000725.SZ,京东方A,20010112
000723.SZ,美锦能源,19970515
000722.SZ,湖南发展,19970522
000721.SZ,西安饮食,19970430
000720.SZ,新能泰山,19970509
000719.SZ,中原传媒,19970331
000718.SZ,苏宁环球,19970408
300445.SZ,康斯特,20150424
300444.SZ,双杰电气,20150423
300343.SZ,联创股份,20120801
300332.SZ,天壕能源,20120628
300231.SZ,银信科技,20110615
300230.SZ,永利股份,20110615
003010.SZ,若羽臣,20200925
002897.SZ,意华股份,20170907
002788.SZ,鹭燕医药,20160218
002651.SZ,利君股份,20120106
002650.SZ,ST加加,20120106
002649.SZ,博彦科技,20120106
002648.SZ,卫星化学,20111228
002647.SZ,仁东控股,20111228
000717.SZ,中南股份,19970508
000716.SZ,黑芝麻,19970418
000715.SZ,中兴商业,19970508
000713.SZ,国投丰乐,19970422
000712.SZ,锦龙股份,19970415
000711.SZ,京蓝科技,19970411
000710.SZ,贝瑞基因,19970422
300450.SZ,先导智能,20150518
300449.SZ,汉邦高科,20150422
300447.SZ,全信股份,20150422
300446.SZ,航天智造,20150423
300424.SZ,航新科技,20150422
300310.SZ,宜通世纪,20120425
003002.SZ,壶化股份,20200922
002903.SZ,宇环数控,20171013
002811.SZ,郑中设计,20160908
002646.SZ,天佑德酒,20111222
002645.SZ,华宏科技,20111220
002644.SZ,佛慈制药,20111222
000709.SZ,河钢股份,19970416
000708.SZ,中信特钢,19970326
000707.SZ,双环科技,19970415
000705.SZ,浙江震元,19970410
000703.SZ,恒逸石化,19970328
000702.SZ,正虹科技,19970318
000701.SZ,厦门信达,19970226
000700.SZ,模塑科技,19970228
300354.SZ,东华测试,20120920
300352.SZ,ST信源,20120912
300092.SZ,科新机电,20100708
300059.SZ,东方财富,20100319
002996.SZ,顺博合金,20200828
002981.SZ,朝阳科技,20200417
002901.SZ,大博医疗,20170922
002825.SZ,纳尔股份,20161129
002643.SZ,万润股份,20111220
000698.SZ,ST沈化,19970220
000697.SZ,炼石航空,19970325
000695.SZ,滨海能源,19970218
000692.SZ,惠天热电,19970227
000691.SZ,亚太实业,19970228
000690.SZ,宝新能源,19970128
000688.SZ,国城矿业,19970120
000686.SZ,东北证券,19970227
000685.SZ,中山公用,19970123
000683.SZ,博源化工,19970131
000682.SZ,东方电子,19970121
000681.SZ,视觉中国,19970121
000680.SZ,山推股份,19970122
000679.SZ,大连友谊,19970124
000678.SZ,襄阳轴承,19970106
000677.SZ,ST海龙,19961226
000676.SZ,智度股份,19961224
300459.SZ,汤姆猫,20150515
300458.SZ,全志科技,20150515
300453.SZ,三鑫医疗,20150515
300365.SZ,恒华科技,20140123
300120.SZ,经纬辉开,20100917
300119.SZ,瑞普生物,20100917
300067.SZ,安诺其,20100421
300041.SZ,回天新材,20100108
300037.SZ,新宙邦,20100108
003030.SZ,祖名股份,20210106
002642.SZ,荣联科技,20111220
002640.SZ,跨境通,20111208
002636.SZ,金安国纪,20111125
002635.SZ,安洁科技,20111125
002634.SZ,*ST棒杰,20111205
000672.SZ,上峰材料,19961218
000670.SZ,盈方微,19961217
000669.SZ,ST金鸿,19961210
000665.SZ,湖北广电,19961210
300466.SZ,赛摩智能,20150528
300463.SZ,迈克生物,20150528
300460.SZ,ST惠伦,20150515
300139.SZ,晓程科技,20101112
300137.SZ,先河环保,20101105
300136.SZ,信维通信,20101105
300057.SZ,万顺新材,20100226
300050.SZ,世纪鼎利,20100120
003028.SZ,振邦智能,20201228
002882.SZ,金龙羽,20170717
002633.SZ,申科股份,20111122
002632.SZ,道明光学,20111122
002631.SZ,德尔未来,20111111
002630.SZ,*ST华西,20111111
002629.SZ,仁智股份,20111103
000663.SZ,永安林业,19961206
000661.SZ,长春高新,19961218
000659.SZ,珠海中富,19961203
000657.SZ,中钨高新,19961205
300468.SZ,四方精创,20150527
300467.SZ,迅游科技,20150527
300153.SZ,科泰电源,20101229
300112.SZ,万讯自控,20100827
300014.SZ,亿纬锂能,20091030
003012.SZ,东鹏控股,20201019
002628.SZ,成都路桥,20111103
002627.SZ,三峡旅游,20111103
002626.SZ,金达威,20111028
002625.SZ,光启技术,20111103
002622.SZ,皓宸医疗,20111018
000656.SZ,金科股份,19961128
000655.SZ,金岭矿业,19961128
000652.SZ,泰达股份,19961128
000651.SZ,格力电器,19961118
000637.SZ,茂化实华,19961114
000636.SZ,风华高科,19961129
000635.SZ,英力特,19961120
000632.SZ,ST三木,19961121
000631.SZ,顺发恒能,19961122
000630.SZ,铜陵有色,19961120
000629.SZ,钒钛股份,19961115
300430.SZ,*ST益通,20150319
300418.SZ,昆仑万维,20150121
300174.SZ,元力股份,20110201
003007.SZ,直真科技,20200923
002620.SZ,*ST瑞和,20110929
002617.SZ,露笑科技,20110920
002616.SZ,长青集团,20110920
002615.SZ,哈尔斯,20110909
002614.SZ,奥佳华,20110909
000628.SZ,高新发展,19961118
000626.SZ,远大控股,19961128
000625.SZ,长安汽车,19970610
000623.SZ,吉林敖东,19961028
000620.SZ,盈新发展,19961029
000619.SZ,海螺新材,19961023
000617.SZ,中油资本,19961022
000615.SZ,*ST美谷,19961016
000612.SZ,焦作万方,19960926
000610.SZ,*ST西旅,19960926
000609.SZ,*ST中迪,19961010
000608.SZ,阳光股份,19960919
000607.SZ,华媒控股,19960830
000605.SZ,渤海股份,19960913
000596.SZ,古井贡酒,19960927
300475.SZ,香农芯创,20150610
300474.SZ,景嘉微,20160331
300471.SZ,厚普股份,20150611
300469.SZ,信息发展,20150611
300203.SZ,聚光科技,20110415
002613.SZ,北玻股份,20110830
002608.SZ,江苏国信,20110810
002607.SZ,中公教育,20110810
002606.SZ,大连电瓷,20110805
002605.SZ,姚记科技,20110805
002603.SZ,以岭药业,20110728
002602.SZ,世纪华通,20110728
000595.SZ,新能股份,19960419
000593.SZ,德龙汇能,19960312
000592.SZ,平潭发展,19960327
000591.SZ,太阳能,19960208
000590.SZ,古汉医药,19960119
000589.SZ,贵州轮胎,19960308
000586.SZ,汇源通信,19951220
000582.SZ,北部湾港,19951102
000570.SZ,苏常柴A,19940701
000568.SZ,泸州老窖,19940509
300481.SZ,濮阳惠成,20150630
300479.SZ,神思电子,20150612
300478.SZ,杭州高新,20150610
300477.SZ,ST合纵,20150610
300476.SZ,胜宏科技,20150611
300226.SZ,上海钢联,20110608
002707.SZ,众信旅游,20140123
002667.SZ,*ST威领,20120329
002655.SZ,共达电声,20120217
002641.SZ,公元股份,20111208
002609.SZ,捷顺科技,20110815
002601.SZ,龙佰集团,20110715
002600.SZ,领益智造,20110715
002599.SZ,盛通股份,20110715
002598.SZ,ST章鼓,20110707
002597.SZ,金禾实业,20110707
002596.SZ,海南瑞泽,20110707
000567.SZ,海德股份,19940525
300483.SZ,首华燃气,20150630
300482.SZ,万孚生物,20150630
300260.SZ,新莱应材,20110906
300240.SZ,飞力达,20110706
300229.SZ,拓尔思,20110615
002760.SZ,凤形股份,20150611
002703.SZ,浙江世宝,20121102
002694.SZ,*ST顾地,20120816
002679.SZ,福建金森,20120605
002638.SZ,勤上股份,20111125
002592.SZ,ST八菱,20111111
002591.SZ,恒大高新,20110621
000566.SZ,海南海药,19940525
000565.SZ,渝三峡A,19940408
000564.SZ,供销大集,19940110
000563.SZ,陕国投A,19940110
000561.SZ,烽火电子,19940509
000560.SZ,我爱我家,19940202
000559.SZ,万向钱潮,19940110
000558.SZ,天府文旅,19940509
000557.SZ,西部创业,19940617
000555.SZ,神州信息,19940408
300489.SZ,光智科技,20150701
300488.SZ,恒锋工具,20150701
300487.SZ,蓝晓科技,20150702
300484.SZ,蓝海华腾,20160322
300277.SZ,汽轮科技,20111123
300276.SZ,三丰智能,20111115
300261.SZ,雅本化学,20110906
300259.SZ,新天科技,20110831
002746.SZ,仙坛股份,20150216
002702.SZ,海欣食品,20121011
002663.SZ,普邦股份,20120316
002639.SZ,雪人集团,20111205
002590.SZ,万安科技,20110610
002589.SZ,瑞康医药,20110610
002588.SZ,史丹利,20110610
002587.SZ,奥拓电子,20110610
002577.SZ,雷柏科技,20110428
000554.SZ,泰山石油,19931215
300491.SZ,通合科技,20151231
300220.SZ,金运激光,20110525
300182.SZ,捷成股份,20110222
300154.SZ,瑞凌股份,20101229
300146.SZ,汤臣倍健,20101215
002787.SZ,华源控股,20151231
002735.SZ,王子新材,20141203
002725.SZ,跃岭股份,20140129
002657.SZ,中科金财,20120228
002612.SZ,朗姿股份,20110830
002585.SZ,双星新材,20110602
002584.SZ,西陇科学,20110602
002583.SZ,海能达,20110527
002582.SZ,好想你,20110520
000553.SZ,安道麦A,19931203
000552.SZ,甘肃能化,19940106
000551.SZ,创元科技,19940106
000550.SZ,江铃汽车,19931201
000548.SZ,湖南投资,19931220
000547.SZ,航天发展,19931130
000545.SZ,金浦钛业,19931215
000544.SZ,中原环保,19931208
300542.SZ,新晨科技,20160920
300492.SZ,华图山鼎,20151223
300305.SZ,裕兴股份,20120329
300304.SZ,云意电气,20120321
300303.SZ,聚飞光电,20120319
300302.SZ,同有科技,20120321
300301.SZ,ST长方,20120321
002737.SZ,葵花药业,20141230
002624.SZ,完美世界,20111028
002611.SZ,东方精工,20110830
002594.SZ,比亚迪,20110630
002581.SZ,*ST未名,20110520
002580.SZ,圣阳股份,20110506
002579.SZ,中京电子,20110506
000519.SZ,中兵红箭,19931008
000518.SZ,四环生物,19930908
000516.SZ,国际医学,19930809
000514.SZ,渝开发,19930712
000513.SZ,丽珠集团,19931028
000510.SZ,新金路,19930507
000509.SZ,华塑控股,19930507
300498.SZ,温氏股份,20151102
300497.SZ,富祥股份,20151222
300496.SZ,中科创达,20151210
300494.SZ,盛天网络,20151231
300322.SZ,硕贝德,20120608
300320.SZ,海达股份,20120601
300319.SZ,麦捷科技,20120523
300318.SZ,博晖创新,20120523
002838.SZ,道恩股份,20170106
002714.SZ,牧原股份,20140128
002664.SZ,信质集团,20120316
002637.SZ,赞宇科技,20111125
002623.SZ,亚玛顿,20111013
002593.SZ,日上集团,20110628
002578.SZ,闽发铝业,20110428
000633.SZ,合金投资,19961112
000507.SZ,珠海港,19930326
000506.SZ,招金黄金,19930312
300523.SZ,辰安科技,20160726
300522.SZ,世名科技,20160705
300519.SZ,新光药业,20160624
300517.SZ,海波重科,20160719
300514.SZ,友讯达,20170426
300511.SZ,雪榕生物,20160504
300508.SZ,维宏股份,20160419
300342.SZ,天银机电,20120726
300338.SZ,*ST开元,20120726
300279.SZ,和晶科技,20111229
300251.SZ,光线传媒,20110803
002802.SZ,洪汇新材,20160629
002785.SZ,万里石,20151223
002724.SZ,海洋王,20141104
000505.SZ,京粮控股,19921221
000504.SZ,南华生物,19921208
000503.SZ,国新健康,19921130
000501.SZ,武商集团,19921120
000498.SZ,山东路桥,19970609
300534.SZ,陇神戎发,20160913
300533.SZ,冰川网络,20160818
300531.SZ,优博讯,20160809
300530.SZ,领湃科技,20160809
300529.SZ,健帆生物,20160802
300528.SZ,幸福蓝海,20160808
300527.SZ,ST应急,20160805
300381.SZ,溢多利,20140128
300369.SZ,绿盟科技,20140129
300359.SZ,全通教育,20140121
300275.SZ,梅安森,20111102
300207.SZ,欣旺达,20110421
002866.SZ,传艺科技,20170426
002845.SZ,同兴达,20170125
002831.SZ,裕同科技,20161216
002828.SZ,贝肯能源,20161208
000488.SZ,ST晨鸣,20001120
300535.SZ,达威股份,20160812
300400.SZ,劲拓股份,20141010
300388.SZ,节能国祯,20140801
300323.SZ,华灿光电,20120601
300247.SZ,融捷健康,20110729
300190.SZ,维尔利,20110316
002782.SZ,可立克,20151222
002780.SZ,三夫户外,20151209
002685.SZ,华东重机,20120612
002682.SZ,龙洲股份,20120612
000639.SZ,ST西王,19961126
000430.SZ,张家界,19960829
000429.SZ,粤高速A,19980220
000428.SZ,华天酒店,19960808
000426.SZ,兴业银锡,19960828
000425.SZ,徐工机械,19960828
000423.SZ,东阿阿胶,19960729
000422.SZ,湖北宜化,19960815
000421.SZ,南京公用,19960806
000420.SZ,吉林化纤,19960802
000419.SZ,通程控股,19960816
300537.SZ,广信材料,20160830
300536.SZ,农尚环境,20160920
300414.SZ,中光防雷,20150513
300413.SZ,芒果超媒,20150121
300401.SZ,花园生物,20141009
300364.SZ,中文在线,20150121
002938.SZ,鹏鼎控股,20180918
002896.SZ,中大力德,20170829
002839.SZ,张家港行,20170124
002747.SZ,埃斯顿,20150320
002742.SZ,冀衡医药,20150217
000417.SZ,合百集团,19960812
000415.SZ,渤海租赁,19960716
000411.SZ,英特集团,19960716
000410.SZ,沈阳机床,19960718
000409.SZ,云鼎科技,19960627
000408.SZ,藏格矿业,19960628
000404.SZ,长虹华意,19960619
000403.SZ,派林生物,19960628
000402.SZ,金融街,19960626
000401.SZ,金隅冀东,19960614
000400.SZ,许继电气,19970418
300547.SZ,川环科技,20160930
300545.SZ,联得装备,20160928
300543.SZ,朗科智能,20160908
300541.SZ,先进数通,20160913
300540.SZ,蜀道装备,20160823
300539.SZ,横河精密,20160830
300439.SZ,美康生物,20150422
300438.SZ,鹏辉能源,20150424
300321.SZ,同大股份,20120523
300307.SZ,慈星股份,20120329
300292.SZ,吴通控股,20120229
002881.SZ,美格智能,20170622
002843.SZ,泰嘉股份,20170120
002829.SZ,星网宇达,20161213
002745.SZ,木林森,20150217
000338.SZ,潍柴动力,20070430
000333.SZ,美的集团,20130918
000301.SZ,东方盛虹,20000529
000166.SZ,申万宏源,20150126
300550.SZ,和仁科技,20161018
300549.SZ,优德精密,20160930
300548.SZ,长芯博创,20161012
300464.SZ,星徽股份,20150610
300390.SZ,天华新能,20140731
300378.SZ,鼎捷数智,20140127
300353.SZ,东土科技,20120927
000159.SZ,国际实业,20000926
000158.SZ,常山北明,20000724
000157.SZ,中联重科,20001012
000156.SZ,华数传媒,20000906
000155.SZ,川能动力,20000926
000153.SZ,丰原药业,20000920
000151.SZ,中成股份,20000906
000099.SZ,中信海直,20000731
000096.SZ,广聚能源,20000724
000090.SZ,天健集团,19990721
000089.SZ,深圳机场,19980420
000088.SZ,盐田港,19970728
000078.SZ,ST海王,19981218
000070.SZ,特发信息,20000511
000069.SZ,华侨城A,19970910
000068.SZ,华控赛格,19970611
000066.SZ,中国长城,19970626
000065.SZ,北方国际,19980605
000063.SZ,中兴通讯,19971118
300554.SZ,三超新材,20170421
300553.SZ,集智股份,20161021
300551.SZ,古鳌科技,20161018
300505.SZ,川金诺,20160315
300504.SZ,天邑股份,20180330
300502.SZ,新易盛,20160303
300456.SZ,赛微电子,20150514
300417.SZ,南华仪器,20150123
300376.SZ,易事特,20140127
300358.SZ,楚天科技,20140121
003033.SZ,征和工业,20210111
002970.SZ,锐明技术,20191217
002925.SZ,盈趣科技,20180115
002912.SZ,中新赛克,20171121
002902.SZ,铭普光磁,20170929
002803.SZ,吉宏股份,20160712
002798.SZ,帝欧水华,20160525
000062.SZ,深圳华强,19970130
300556.SZ,丝路视觉,20161104
300555.SZ,ST路通,20161018
300521.SZ,爱司凯,20160705
300518.SZ,新迅达,20160624
300512.SZ,中亚股份,20160526
300416.SZ,苏试试验,20150122
300062.SZ,中能电气,20100319
003000.SZ,劲仔食品,20200914
002993.SZ,奥海科技,20200817
002988.SZ,豪美新材,20200518
002875.SZ,安奈儿,20170601
002873.SZ,新天药业,20170519
000061.SZ,农产品,19970110
000060.SZ,中金岭南,19970123
000059.SZ,华锦股份,19970130
000058.SZ,深赛格,19961226
000056.SZ,*ST皇庭,19960708
000055.SZ,方大集团,19960415
000050.SZ,深天马A,19950315
000049.SZ,德赛电池,19950320
000048.SZ,京基智农,19941101
000045.SZ,深纺织A,19940815
300569.SZ,天能重工,20161125
300568.SZ,星源材质,20161201
300567.SZ,精测电子,20161122
300566.SZ,激智科技,20161115
300559.SZ,佳发教育,20161101
300557.SZ,理工光科,20161101
300503.SZ,昊志机电,20160309
300500.SZ,启迪设计,20160204
300486.SZ,东杰智能,20150630
300485.SZ,赛升药业,20150626
300422.SZ,博世科,20150217
300020.SZ,ST银江,20091030
002990.SZ,盛视科技,20200525
000042.SZ,中洲控股,19940921
000039.SZ,中集集团,19940408
000037.SZ,深南电A,19940701
000036.SZ,华联控股,19940617
000035.SZ,中国天楹,19940408
000034.SZ,神州数码,19940509
000032.SZ,深桑达A,19931028
300573.SZ,兴齐眼药,20161208
300572.SZ,安车检测,20161206
300571.SZ,平治信息,20161213
300565.SZ,科信技术,20161122
300563.SZ,神宇股份,20161114
300562.SZ,乐心股份,20161116
300490.SZ,华自科技,20151231
300454.SZ,深信服,20180516
300031.SZ,宝通科技,20091225
300017.SZ,网宿科技,20091030
003026.SZ,中晶科技,20201218
003013.SZ,地铁设计,20201022
003005.SZ,竞业达,20200922
003004.SZ,声迅股份,20201126
000546.SZ,金圆股份,19931215
000031.SZ,大悦城,19931008
000030.SZ,富奥股份,19930929
000029.SZ,深深房A,19930915
000028.SZ,国药一致,19930809
300580.SZ,贝斯特,20170111
300579.SZ,数字认证,20161223
300578.SZ,会畅科技,20170125
300575.SZ,中旗股份,20161220
300525.SZ,博思软件,20160726
300473.SZ,德尔股份,20150612
300448.SZ,浩云科技,20150424
300128.SZ,锦富技术,20101013
300103.SZ,达刚控股,20100812
300069.SZ,金利华电,20100421
300048.SZ,合康新能,20100120
002574.SZ,明牌珠宝,20110422
000520.SZ,凤凰航运,19931025
000027.SZ,深圳能源,19930903
000026.SZ,飞亚达,19930603
000025.SZ,特力A,19930621
000021.SZ,深科技,19940202
000020.SZ,深华发A,19920428
000019.SZ,深粮控股,19921012
000017.SZ,深中华A,19920331
000016.SZ,*ST康佳A,19920327
300586.SZ,美联新材,20170104
300585.SZ,奥联电子,20161229
300584.SZ,海辰药业,20170112
300583.SZ,赛托生物,20170106
300582.SZ,英飞特,20161228
300581.SZ,晨曦航空,20161220
300520.SZ,科大国创,20160708
300506.SZ,名家汇,20160324
300111.SZ,向日葵,20100827
300035.SZ,中科电气,20091225
300005.SZ,探路者,20091030
000014.SZ,沙河股份,19920602
000012.SZ,南玻A,19920228
000011.SZ,深物业A,19920330
000010.SZ,*ST美丽,19951027
000009.SZ,中国宝安,19910625
000008.SZ,神州高铁,19920507
000007.SZ,全新好,19920413
000006.SZ,深振业A,19920427
000002.SZ,万科A,19910129
000001.SZ,平安银行,19910403
300594.SZ,ST朗进,20190621
300593.SZ,新雷能,20170113
300591.SZ,万里马,20170110
300590.SZ,移为通信,20170111
300588.SZ,熙菱信息,20170105
300587.SZ,天铁科技,20170105
300209.SZ,行云科技,20110426
300145.SZ,南方泵业,20101209
300093.SZ,金刚光伏,20100708
300043.SZ,星辉娱乐,20100120
300001.SZ,特锐德,20091030
000517.SZ,荣安地产,19930806
300604.SZ,长川科技,20170417
300602.SZ,飞荣达,20170126
300601.SZ,康泰生物,20170207
300600.SZ,国瑞科技,20170125
300599.SZ,雄塑科技,20170123
300598.SZ,诚迈科技,20170120
300597.SZ,吉大通信,20170123
300596.SZ,利安隆,20170119
300242.SZ,佳云科技,20110712
300176.SZ,鸿特科技,20110215
300074.SZ,华平股份,20100427
000407.SZ,胜利股份,19960703
300609.SZ,汇纳科技,20170215
300608.SZ,思特奇,20170213
300607.SZ,拓斯达,20170209
300606.SZ,金太阳,20170208
300605.SZ,恒锋信息,20170208
300268.SZ,佳沃食品,20110927
300195.SZ,长荣股份,20110329
300179.SZ,四方达,20110215
300157.SZ,新锦动力,20110107
300138.SZ,晨光生物,20101105
300107.SZ,建新股份,20100820
300716.SZ,*ST泉为,20171109
300624.SZ,万兴科技,20180118
300623.SZ,捷捷微电,20170314
300622.SZ,博士眼镜,20170315
300621.SZ,维业股份,20170316
300620.SZ,光库科技,20170310
300619.SZ,金银河,20170301
300617.SZ,安靠智电,20170228
300613.SZ,富瀚微,20170220
300611.SZ,美力科技,20170220
300610.SZ,晨化股份,20170213
300248.SZ,新开普,20110729
300241.SZ,瑞丰光电,20110712
300189.SZ,神农种业,20110316
300634.SZ,彩讯股份,20180323
300633.SZ,开立医疗,20170406
300632.SZ,光莆股份,20170406
300631.SZ,久吾高科,20170323
300629.SZ,新劲刚,20170324
300628.SZ,亿联网络,20170317
300627.SZ,华测导航,20170321
300626.SZ,华瑞股份,20170320
300625.SZ,三雄极光,20170317
300347.SZ,泰格医药,20120817
300295.SZ,*ST三六五,20120315
300287.SZ,飞利信,20120201
300286.SZ,安科瑞,20120113
300245.SZ,ST天玑,20110719
300187.SZ,永清环保,20110308
300175.SZ,朗源股份,20110215
300158.SZ,振东制药,20110107
300645.SZ,正元智慧,20170421
300643.SZ,万通智控,20170505
300642.SZ,透景生命,20170421
300641.SZ,正丹股份,20170418
300640.SZ,德艺文创,20170417
300639.SZ,凯普生物,20170412
300638.SZ,广和通,20170413
300637.SZ,扬帆新材,20170412
300635.SZ,中达安,20170331
300341.SZ,麦克奥迪,20120726
300313.SZ,天山生物,20120425
300256.SZ,星星科技,20110819
002572.SZ,索菲亚,20110412
300663.SZ,科蓝软件,20170608
300661.SZ,圣邦股份,20170606
300660.SZ,江苏雷利,20170602
300659.SZ,中孚信息,20170526
300657.SZ,弘信电子,20170523
300656.SZ,民德电子,20170519
300655.SZ,晶瑞电材,20170523
300653.SZ,正海生物,20170516
300652.SZ,雷迪克,20170516
300651.SZ,金陵体育,20170509
300650.SZ,太龙股份,20170503
300649.SZ,杭州园林,20170505
300407.SZ,凯发电气,20141203
300386.SZ,飞天诚信,20140626
300255.SZ,常山药业,20110819
300249.SZ,依米康,20110803
300682.SZ,朗新科技,20170801
300681.SZ,英搏尔,20170725
300680.SZ,隆盛科技,20170725
300679.SZ,电连技术,20170731
300677.SZ,英科医疗,20170721
300675.SZ,建科院,20170719
300674.SZ,宇信科技,20181107
300673.SZ,佩蒂股份,20170711
300672.SZ,国科微,20170712
300671.SZ,富满微,20170705
300670.SZ,大烨智能,20170703
300433.SZ,蓝思科技,20150318
300298.SZ,三诺生物,20120319
300283.SZ,温州宏丰,20120110
300257.SZ,开山股份,20110819
002571.SZ,德力股份,20110412
300694.SZ,蠡湖股份,20181015
300693.SZ,盛弘股份,20170822
300692.SZ,中赋科技,20170821
300690.SZ,双一科技,20170808
300689.SZ,澄天伟业,20170809
300688.SZ,创业黑马,20170810
300687.SZ,赛意信息,20170803
300686.SZ,智动力,20170804
300685.SZ,艾德生物,20170802
300683.SZ,海特生物,20170808
300465.SZ,高伟达,20150528
300423.SZ,昇辉科技,20150217
300415.SZ,伊之密,20150123
300349.SZ,金卡智能,20120817
300326.SZ,ST凯利,20120613
300274.SZ,阳光电源,20111102
300705.SZ,九典制药,20171010
300703.SZ,创源股份,20170919
300700.SZ,岱勒新材,20170912
300698.SZ,万马科技,20170831
300696.SZ,爱乐达,20170822
300493.SZ,润欣科技,20151210
300451.SZ,创业慧康,20150514
300426.SZ,华智数媒,20150217
300397.SZ,天和防务,20140910
300389.SZ,艾比森,20140801
300328.SZ,宜安科技,20120619
300720.SZ,海川智能,20171106
300719.SZ,安达维尔,20171109
300717.SZ,华信新材,20171106
300715.SZ,凯伦股份,20171026
300713.SZ,英可瑞,20171101
300712.SZ,永福股份,20171031
300710.SZ,万隆光电,20171019
300708.SZ,聚灿光电,20171016
300707.SZ,威唐工业,20171010
300706.SZ,阿石创,20170926
300501.SZ,海顺新材,20160204
300429.SZ,强力新材,20150324
300412.SZ,迦南科技,20141231
300877.SZ,金春股份,20200824
300721.SZ,怡达股份,20171115
300513.SZ,恒实科技,20160530
300480.SZ,光力科技,20150702
300461.SZ,田中精机,20150519
300394.SZ,天孚通信,20150217
002570.SZ,贝因美,20110412
002569.SZ,*ST步森,20110412
002568.SZ,百润股份,20110325
002567.SZ,唐人神,20110325
002566.SZ,益盛药业,20110318
002565.SZ,顺灏股份,20110318
002564.SZ,天沃科技,20110310
002563.SZ,森马服饰,20110311
300729.SZ,乐歌股份,20171201
300727.SZ,润禾材料,20171127
300726.SZ,宏达电子,20171121
300725.SZ,药石科技,20171110
300724.SZ,捷佳伟创,20180810
300723.SZ,一品红,20171116
300722.SZ,新余国科,20171110
300552.SZ,万集科技,20161021
300532.SZ,今天国际,20160818
300470.SZ,中密控股,20150612
300736.SZ,百邦科技,20180109
300735.SZ,光弘科技,20171229
300733.SZ,西菱动力,20180116
300732.SZ,设研院,20171212
300730.SZ,科创信息,20171205
300595.SZ,欧普康视,20170117
300538.SZ,同益股份,20160826
300749.SZ,顶固集创,20180925
300748.SZ,金力永磁,20180921
300747.SZ,锐科激光,20180625
300746.SZ,汉嘉数智,20180525
300743.SZ,天地数码,20180427
300741.SZ,华宝股份,20180301
300740.SZ,水羊股份,20180208
300739.SZ,明阳电路,20180201
300738.SZ,奥飞数据,20180119
300737.SZ,科顺股份,20180125
300592.SZ,华凯易佰,20170120
300570.SZ,太辰光,20161206
300564.SZ,筑博设计,20191108
300561.SZ,汇金科技,20161117
300757.SZ,罗博特科,20190108
300756.SZ,金马游乐,20181228
300755.SZ,华致酒行,20190129
300753.SZ,爱朋医疗,20181213
300752.SZ,隆利科技,20181130
300751.SZ,迈为股份,20181109
300750.SZ,宁德时代,20180611
300691.SZ,联合光电,20170811
300676.SZ,华大基因,20170714
300664.SZ,鹏鹞环保,20180105
300560.SZ,中富通,20161101
300558.SZ,贝达药业,20161107
002498.SZ,汉缆股份,20101109
002497.SZ,雅化集团,20101109
300767.SZ,震安科技,20190329
300766.SZ,每日互动,20190325
300765.SZ,石药创新,20190322
300763.SZ,锦浪科技,20190319
300761.SZ,立华股份,20190218
300760.SZ,迈瑞医疗,20181016
300759.SZ,康龙化成,20190128
300758.SZ,七彩化学,20190222
300678.SZ,中科信息,20170728
300669.SZ,沪宁股份,20170629
300667.SZ,必创科技,20170619
300658.SZ,延江股份,20170602
300577.SZ,开润股份,20161221
002485.SZ,ST雪发,20101015
300776.SZ,帝尔激光,20190517
300775.SZ,三角防务,20190521
300772.SZ,运达股份,20190426
300771.SZ,智莱科技,20190422
300770.SZ,新媒股份,20190419
300769.SZ,德方纳米,20190415
300768.SZ,迪普科技,20190412
300711.SZ,广哈通信,20171101
300702.SZ,天宇股份,20170919
300684.SZ,中石科技,20171227
300654.SZ,世纪天鸿,20170926
300644.SZ,南京聚隆,20180206
300636.SZ,同和药业,20170331
300786.SZ,国林科技,20190723
300785.SZ,值得买,20190715
300784.SZ,利安科技,20240607
300782.SZ,卓胜微,20190618
300781.SZ,因赛集团,20190606
300780.SZ,德恩精工,20190531
300779.SZ,惠城环保,20190522
300778.SZ,新城市,20190510
300777.SZ,中简科技,20190516
300774.SZ,倍杰特,20210804
300701.SZ,森霸传感,20170915
300699.SZ,光威复材,20170901
300697.SZ,电工合金,20170907
300695.SZ,兆丰股份,20170908
300803.SZ,指南针,20191118
300801.SZ,泰和科技,20191128
300798.SZ,锦鸡股份,20191122
300797.SZ,钢研纳克,20191101
300795.SZ,米奥会展,20191022
300793.SZ,佳禾智能,20191018
300792.SZ,壹网壹创,20190927
300790.SZ,宇瞳光学,20190920
300789.SZ,唐源电气,20190828
300788.SZ,中信出版,20190705
300773.SZ,拉卡拉,20190425
300745.SZ,欣锐科技,20180523
002558.SZ,巨人网络,20110302
300811.SZ,铂科新材,20191230
300810.SZ,中科海讯,20191206
300809.SZ,华辰装备,20191204
300808.SZ,久量股份,20191129
300807.SZ,天迈科技,20191219
300806.SZ,斯迪克,20191125
300805.SZ,电声股份,20191121
300802.SZ,矩子科技,20191114
300800.SZ,力合科技,20191106
300731.SZ,科创新源,20171208
300709.SZ,精研科技,20171019
300825.SZ,阿尔特,20200327
300824.SZ,北鼎股份,20200619
300823.SZ,建科智能,20200319
300821.SZ,东岳硅材,20200312
300820.SZ,英杰电气,20200213
300819.SZ,聚杰微纤,20200312
300818.SZ,耐普矿机,20200212
300817.SZ,双飞集团,20200218
300816.SZ,艾可蓝,20200210
300815.SZ,玉禾田,20200123
300814.SZ,中富电路,20210812
300813.SZ,泰林生物,20200114
300812.SZ,易天股份,20200109
300791.SZ,仙乐健康,20190925
300787.SZ,海能实业,20190815
300783.SZ,三只松鼠,20190712
300833.SZ,浩洋股份,20200520
300832.SZ,新产业,20200512
300831.SZ,ST派瑞,20200507
300830.SZ,金现代,20200506
300829.SZ,金丹科技,20200422
300828.SZ,锐新科技,20200421
300827.SZ,上能电气,20200410
300826.SZ,测绘股份,20200403
300822.SZ,贝仕达克,20200313
300804.SZ,广康生化,20230627
300796.SZ,贝斯美,20191115
300849.SZ,锦盛新材,20200710
300848.SZ,美瑞新材,20200720
300847.SZ,中船汉光,20200709
300846.SZ,首都在线,20200701
300845.SZ,捷安高科,20200703
300844.SZ,山水比德,20210813
300843.SZ,胜蓝股份,20200702
300842.SZ,帝科股份,20200618
300841.SZ,康华生物,20200616
300840.SZ,酷特智能,20200708
300839.SZ,博汇股份,20200630
300838.SZ,浙江力诺,20200608
300837.SZ,浙矿股份,20200605
300836.SZ,佰奥智能,20200528
300835.SZ,龙磁科技,20200525
300834.SZ,星辉环材,20220113
002427.SZ,尤夫股份,20100608
300863.SZ,卡倍亿,20200824
300862.SZ,蓝盾光电,20200824
300861.SZ,美畅股份,20200824
300860.SZ,锋尚文化,20200824
300859.SZ,西域旅游,20200806
300858.SZ,科拓生物,20200727
300857.SZ,协创数据,20200727
300856.SZ,科思股份,20200722
300855.SZ,图南股份,20200723
300854.SZ,中兰环保,20210916
300853.SZ,申昊科技,20200724
300852.SZ,四会富仕,20200713
300851.SZ,交大思诺,20200717
300850.SZ,新强联,20200713
600030.SH,中信证券,20030106
300879.SZ,大叶股份,20200901
300878.SZ,维康药业,20200824
300876.SZ,蒙泰高新,20200824
300875.SZ,捷强装备,20200824
300873.SZ,海晨股份,20200824
300872.SZ,天阳科技,20200824
300871.SZ,回盛生物,20200824
300870.SZ,欧陆通,20200824
300869.SZ,康泰医学,20200824
300868.SZ,杰美特,20200824
300867.SZ,圣元环保,20200824
300866.SZ,安克创新,20200824
300865.SZ,大宏立,20200824
300894.SZ,火星人,20201231
300893.SZ,松原安全,20200924
300892.SZ,品渥食品,20200924
300891.SZ,惠云钛业,20200917
300890.SZ,翔丰华,20200917
300889.SZ,爱克股份,20200916
300888.SZ,稳健医疗,20200917
300887.SZ,谱尼测试,20200916
300886.SZ,华业香料,20200916
300885.SZ,海昌新材,20200910
300884.SZ,狄耐克,20201112
300883.SZ,龙利得,20200910
300882.SZ,万胜智能,20200910
300881.SZ,盛德鑫泰,20200901
300880.SZ,迦南智能,20200901
300908.SZ,仲景食品,20201123
300907.SZ,康平科技,20201118
300906.SZ,日月明,20201105
300905.SZ,宝丽迪,20201105
300904.SZ,威力传动,20230809
300903.SZ,科翔股份,20201105
300902.SZ,国安达,20201029
300901.SZ,中胤时尚,20201029
300900.SZ,广联航空,20201029
300899.SZ,上海凯鑫,20201016
300898.SZ,熊猫乳品,20201016
300897.SZ,山科智能,20200928
300896.SZ,爱美客,20200928
002407.SZ,多氟多,20100518
300926.SZ,博俊科技,20210107
300925.SZ,法本信息,20201230
300923.SZ,研奥股份,20201224
300922.SZ,天秦装备,20201225
300921.SZ,南凌科技,20201222
300920.SZ,润阳科技,20201225
300919.SZ,中伟新材,20201223
300918.SZ,南山智尚,20201222
300917.SZ,特发服务,20201221
300916.SZ,朗特智能,20201202
300915.SZ,海融科技,20201202
300913.SZ,兆龙互连,20201207
300912.SZ,凯龙高科,20201207
300911.SZ,亿田智能,20201203
300910.SZ,瑞丰新材,20201127
300909.SZ,汇创达,20201118
300938.SZ,信测标准,20210127
300937.SZ,药易购,20210127
300936.SZ,中英科技,20210126
300935.SZ,盈建科,20210120
300933.SZ,中辰股份,20210122
300932.SZ,三友联众,20210122
300931.SZ,通用电梯,20210121
300930.SZ,屹通新材,20210121
300929.SZ,华骐环保,20210120
300928.SZ,华安鑫创,20210106
300927.SZ,江天化学,20210107
300949.SZ,奥雅股份,20210226
300948.SZ,冠中生态,20210225
300947.SZ,德必集团,20210210
300946.SZ,恒而达,20210208
300945.SZ,曼卡龙,20210210
300943.SZ,春晖智控,20210210
300942.SZ,易瑞生物,20210209
300941.SZ,创识科技,20210209
300940.SZ,南极光,20210203
300939.SZ,秋田微,20210128
301110.SZ,青木科技,20220311
300951.SZ,博硕科技,20210226
300950.SZ,德固特,20210303
002555.SZ,三七互娱,20110302
002554.SZ,惠博普,20110225
002553.SZ,南方精工,20110225
002552.SZ,宝鼎科技,20110225
002551.SZ,尚荣医疗,20110225
002550.SZ,千红制药,20110218
002549.SZ,凯美特气,20110218
002548.SZ,金新农,20110218
002547.SZ,*ST春兴,20110218
002546.SZ,新联电子,20110211
002375.SZ,亚厦股份,20100323
301177.SZ,迪阿股份,20211215
300965.SZ,恒宇信通,20210402
300964.SZ,本川智能,20210805
300963.SZ,中洲特材,20210409
300962.SZ,中金辐照,20210409
300961.SZ,深水海纳,20210330
300960.SZ,通业科技,20210329
300959.SZ,线上线下,20210322
300958.SZ,建工修复,20210329
300957.SZ,贝泰妮,20210325
300956.SZ,英力股份,20210326
300955.SZ,嘉亨家化,20210324
300953.SZ,震裕科技,20210318
002367.SZ,康力电梯,20100312
300982.SZ,苏文电能,20210427
300981.SZ,中红医疗,20210427
300980.SZ,祥源新材,20210421
300979.SZ,华利集团,20210426
300978.SZ,东箭科技,20210426
300977.SZ,深圳瑞捷,20210420
300976.SZ,达瑞电子,20210419
300975.SZ,商络电子,20210421
300973.SZ,立高食品,20210415
300972.SZ,万辰集团,20210419
300971.SZ,博亚精工,20210415
300970.SZ,华绿生物,20210412
300969.SZ,恒帅股份,20210412
300968.SZ,格林精密,20210415
300967.SZ,晓鸣股份,20210413
300997.SZ,欢乐家,20210602
300996.SZ,普联软件,20210603
300995.SZ,奇德新材,20210526
300994.SZ,久祺股份,20210812
300993.SZ,玉马科技,20210524
300992.SZ,泰福泵业,20210525
300991.SZ,创益通,20210520
300990.SZ,同飞股份,20210512
300989.SZ,蕾奥规划,20210507
300988.SZ,津荣天宇,20210512
300987.SZ,川网传媒,20210511
300986.SZ,志特新材,20210430
300985.SZ,致远新能,20210429
300984.SZ,金沃股份,20210618
002357.SZ,富临运业,20100210
301009.SZ,可靠股份,20210617
301008.SZ,宏昌科技,20210611
301007.SZ,德迈仕,20210616
301006.SZ,迈拓股份,20210607
301005.SZ,超捷股份,20210601
301004.SZ,嘉益股份,20210625
301003.SZ,江苏博云,20210601
301002.SZ,崧盛股份,20210607
301001.SZ,凯淳股份,20210528
300999.SZ,金龙鱼,20201015
300998.SZ,宁波方正,20210602
301025.SZ,读客文化,20210719
301024.SZ,霍普股份,20210728
301023.SZ,奕帆传动,20210707
301022.SZ,海泰科,20210702
301021.SZ,英诺激光,20210706
301020.SZ,密封科技,20210706
301019.SZ,宁波色母,20210628
301018.SZ,申菱环境,20210707
301017.SZ,漱玉平民,20210705
301016.SZ,雷尔伟,20210630
301015.SZ,百洋医药,20210630
301013.SZ,利和兴,20210629
301012.SZ,扬电科技,20210622
301011.SZ,华立科技,20210617
301010.SZ,晶雪节能,20210618
301039.SZ,中集车辆,20210708
301038.SZ,深水规院,20210804
301037.SZ,保立佳,20210730
301036.SZ,双乐股份,20210729
301035.SZ,润丰股份,20210728
301033.SZ,迈普医学,20210726
301032.SZ,新柴股份,20210722
301031.SZ,中熔电气,20210715
301030.SZ,*ST仕净,20210722
301029.SZ,怡合达,20210723
301028.SZ,鼎熔岩,20210720
301027.SZ,华蓝集团,20210715
301026.SZ,浩通科技,20210716
002335.SZ,科华数据,20100113
002334.SZ,英威腾,20100113
301382.SZ,蜂助手,20230517
301055.SZ,张小泉,20210906
301053.SZ,远信工业,20210901
301052.SZ,果麦文化,20210830
301051.SZ,信濠光电,20210827
301050.SZ,雷电微力,20210824
301049.SZ,超越科技,20210824
301048.SZ,金鹰重工,20210818
301047.SZ,义翘神州,20210816
301046.SZ,能辉科技,20210817
301045.SZ,天禄科技,20210813
301043.SZ,绿岛风,20210811
301042.SZ,安联锐视,20210805
301041.SZ,金百泽,20210811
301072.SZ,中捷精工,20210929
301071.SZ,力量钻石,20210924
301070.SZ,开勒股份,20210923
301069.SZ,凯盛新材,20210927
301068.SZ,大地海洋,20210928
301067.SZ,显盈科技,20210922
301066.SZ,万事利,20210922
301065.SZ,本立科技,20210914
301063.SZ,海锅股份,20210924
301062.SZ,上海艾录,20210914
301061.SZ,匠心家居,20210913
301060.SZ,兰卫医学,20210913
301059.SZ,金三江,20210913
301058.SZ,中粮科工,20210909
301057.SZ,汇隆新材,20210909
301088.SZ,戎美股份,20211028
301087.SZ,可孚医疗,20211025
301086.SZ,鸿富瀚,20211020
301085.SZ,亚康股份,20211018
301083.SZ,百胜智能,20211021
301082.SZ,久盛电气,20211027
301081.SZ,严牌股份,20211020
301080.SZ,百普赛斯,20211018
301079.SZ,邵阳液压,20211019
301078.SZ,孩子王,20211014
301077.SZ,星华新材,20210930
301076.SZ,新瀚新材,20211011
301075.SZ,多瑞医药,20210929
002317.SZ,众生药业,20091211
002315.SZ,焦点科技,20091209
301105.SZ,鸿铭股份,20221230
301103.SZ,何氏眼科,20220322
301102.SZ,兆讯传媒,20220328
301101.SZ,明月镜片,20211216
301100.SZ,风光股份,20211217
301099.SZ,雅创电子,20211122
301098.SZ,金埔园林,20211112
301097.SZ,天益医疗,20220407
301096.SZ,百诚医药,20211220
301095.SZ,广立微,20220805
301093.SZ,华兰股份,20211101
301092.SZ,争光股份,20211102
301091.SZ,深城交,20211029
301090.SZ,华润材料,20211026
301121.SZ,紫建电子,20220808
301120.SZ,新特电气,20220419
301119.SZ,正强股份,20211122
301118.SZ,恒光股份,20211118
301117.SZ,ST佳缘,20220117
301116.SZ,益客食品,20220118
301115.SZ,联检科技,20220831
301113.SZ,雅艺科技,20211222
301112.SZ,信邦智能,20220629
301111.SZ,粤万年青,20211207
301109.SZ,军信股份,20220413
301108.SZ,洁雅股份,20211203
301107.SZ,瑜欣电子,20220524
301106.SZ,骏成科技,20220128
301138.SZ,华研精机,20211215
301137.SZ,哈焊华通,20220322
301136.SZ,招标股份,20220111
301135.SZ,瑞德智能,20220412
301133.SZ,金钟股份,20211126
301132.SZ,满坤科技,20220810
301131.SZ,聚赛龙,20220314
301130.SZ,西点药业,20220223
301129.SZ,瑞纳智能,20211102
301128.SZ,强瑞技术,20211110
301127.SZ,武汉天源,20211230
301126.SZ,达嘉维康,20211207
301125.SZ,腾亚精工,20220608
301123.SZ,奕东电子,20220125
002299.SZ,圣农发展,20091021
301155.SZ,海力风电,20211124
301153.SZ,中科江南,20220518
301152.SZ,天力锂能,20220829
301151.SZ,冠龙节能,20220411
301150.SZ,中一科技,20220421
301149.SZ,隆华新材,20211110
301148.SZ,嘉戎技术,20220421
301141.SZ,中科磁业,20230403
301139.SZ,*ST元道,20220708
002293.SZ,罗莱生活,20090910
301172.SZ,君逸数码,20230726
301171.SZ,易点天下,20220819
301170.SZ,锡南科技,20230627
301169.SZ,零点有数,20211103
301168.SZ,通灵股份,20211210
301167.SZ,建研设计,20211206
301166.SZ,优宁维,20211228
301165.SZ,锐捷网络,20221121
301163.SZ,宏德股份,20220419
301162.SZ,国能日新,20220429
301161.SZ,唯万密封,20220914
301160.SZ,翔楼新材,20220606
301159.SZ,三维天地,20220107
301158.SZ,德石股份,20220117
301157.SZ,华塑科技,20230309
301156.SZ,美农生物,20220617
600143.SH,金发科技,20040623
301195.SZ,北路智控,20220801
301193.SZ,家联科技,20211209
301192.SZ,泰祥股份,20220811
301191.SZ,菲菱科思,20220526
301190.SZ,善水科技,20211224
301189.SZ,奥尼电子,20211228
301188.SZ,力诺药包,20211111
301187.SZ,欧圣电气,20220422
301186.SZ,超达装备,20211223
301185.SZ,鸥玛软件,20211119
301183.SZ,东田微,20220524
301182.SZ,凯旺科技,20211223
301217.SZ,铜冠铜箔,20220127
301216.SZ,万凯新材,20220329
301215.SZ,中汽股份,20220308
301213.SZ,观想科技,20211206
301212.SZ,联盛化学,20220419
301211.SZ,亨迪药业,20211222
301210.SZ,金杨精密,20230630
301209.SZ,联合化学,20220825
301208.SZ,中亦科技,20220707
301207.SZ,华兰疫苗,20220218
301206.SZ,三元生物,20220210
301205.SZ,联特科技,20220913
301203.SZ,国泰环保,20230404
301246.SZ,宏源药业,20230320
301239.SZ,普瑞眼科,20220705
301238.SZ,瑞泰新材,20220617
301237.SZ,和顺科技,20220323
301236.SZ,软通动力,20220315
301235.SZ,华康洁净,20220128
301234.SZ,五洲医疗,20220705
301233.SZ,盛帮股份,20220706
301232.SZ,飞沃科技,20230615
301231.SZ,荣信文化,20220908
301230.SZ,泓博医药,20221101
301272.SZ,英华特,20230713
301270.SZ,汉仪股份,20220831
301269.SZ,华大九天,20220729
301268.SZ,铭利达,20220407
301267.SZ,华厦眼科,20221107
301266.SZ,宇邦新材,20220608
301265.SZ,华新科技,20221216
301263.SZ,泰恩康,20220329
301262.SZ,海看股份,20230620
301261.SZ,恒工精密,20230710
301260.SZ,格力博,20230208
301259.SZ,艾布鲁,20220426
301258.SZ,富士莱,20220329
301257.SZ,普蕊斯,20220517
002250.SZ,联化科技,20080619
301296.SZ,新巨丰,20220902
301295.SZ,美硕科技,20230628
301293.SZ,三博脑科,20230505
301292.SZ,海科新源,20230707
301291.SZ,明阳电气,20230630
301290.SZ,东星医疗,20221130
301289.SZ,国缆检测,20220622
301288.SZ,清研环境,20220422
301287.SZ,康力源,20230614
301286.SZ,侨源股份,20220614
301285.SZ,鸿日达,20220928
301283.SZ,聚胶股份,20220902
002501.SZ,*ST利源,20101117
002242.SZ,九阳股份,20080528
301315.SZ,威士顿,20230621
301314.SZ,科瑞思,20230328
301313.SZ,凡拓数创,20220930
301312.SZ,智立方,20220711
301311.SZ,昆船智能,20221130
301310.SZ,鑫宏业,20230602
301309.SZ,万得凯,20220919
301308.SZ,江波龙,20220805
301307.SZ,美利信,20230424
301306.SZ,西测测试,20220726
301305.SZ,朗坤科技,20230523
301303.SZ,真兰仪表,20230220
301302.SZ,华如科技,20220623
301301.SZ,川宁生物,20221227
301300.SZ,远翔新材,20220819
301335.SZ,天元宠物,20221118
301333.SZ,诺思格,20220802
301332.SZ,德尔玛,20230518
301331.SZ,恩威医药,20220921
301330.SZ,熵基科技,20220817
301329.SZ,信音电子,20230717
301328.SZ,维峰电子,20220908
301327.SZ,华宝新能,20220919
301326.SZ,捷邦科技,20220921
301325.SZ,曼恩斯特,20230512
301323.SZ,新莱福,20230606
301322.SZ,绿通科技,20230306
301321.SZ,翰博高新,20220818
301320.SZ,豪江智能,20230609
301319.SZ,唯特偶,20220929
301318.SZ,维海德,20220810
301371.SZ,敷尔佳,20230801
301370.SZ,国科恒泰,20230712
301369.SZ,联动科技,20220922
301368.SZ,丰立智能,20221215
301367.SZ,瑞迈特,20221101
301366.SZ,一博科技,20220926
301365.SZ,矩阵股份,20221122
301363.SZ,美好医疗,20221012
301362.SZ,民爆光电,20230804
301361.SZ,众智科技,20221116
002234.SZ,民和股份,20080516
301419.SZ,阿莱德,20230209
301418.SZ,协昌科技,20230821
301413.SZ,安培龙,20231218
301408.SZ,华人健康,20230301
301399.SZ,英特科技,20230523
301398.SZ,星源卓镁,20221215
301397.SZ,溯联股份,20230628
301396.SZ,宏景科技,20221111
301395.SZ,仁信新材,20230703
301499.SZ,维科精密,20230721
301498.SZ,乖宝宠物,20230816
301491.SZ,汉桑科技,20250806
301489.SZ,思泉新材,20231024
301488.SZ,豪恩汽电,20230704
301487.SZ,盟固利,20230809
301486.SZ,致尚科技,20230707
301479.SZ,弘景光电,20250318
301469.SZ,恒达新材,20230822
301468.SZ,博盈特焊,20230724
301459.SZ,丰茂股份,20231213
301458.SZ,钧崴电子,20250110
301456.SZ,盘古智能,20230714
301449.SZ,天溯计量,20251223
301520.SZ,万邦医药,20230925
301519.SZ,舜禹股份,20230727
301518.SZ,长华化学,20230803
301517.SZ,陕西华达,20231017
301516.SZ,中远通,20231208
301515.SZ,港通医疗,20230725
301512.SZ,智信精密,20230720
301511.SZ,德福科技,20230817
301510.SZ,固高科技,20230815
301509.SZ,金凯生科,20230803
301508.SZ,中机认检,20231201
301507.SZ,民生健康,20230905
301505.SZ,苏州规划,20230719
301503.SZ,智迪科技,20230717
301502.SZ,华阳智能,20240202
301567.SZ,贝隆精密,20240116
301566.SZ,达利凯普,20231229
301565.SZ,中仑新材,20240620
301563.SZ,云汉芯城,20250930
301560.SZ,众捷股份,20250425
301559.SZ,中集环科,20231011
301558.SZ,三态股份,20230928
301557.SZ,常友科技,20250304
301556.SZ,托普云农,20241017
301555.SZ,惠柏新材,20231031
301595.SZ,太力科技,20250519
301592.SZ,六九一二,20241024
301591.SZ,肯特股份,20240228
301590.SZ,优优绿能,20250605
301589.SZ,诺瓦星云,20240208
301588.SZ,美新科技,20240313
301587.SZ,中瑞股份,20240408
301586.SZ,佳力奇,20240828
301585.SZ,蓝宇股份,20241220
301584.SZ,建发致新,20250925
301581.SZ,黄山谷捷,20250103
301580.SZ,爱迪特,20240626
301578.SZ,辰奕智能,20231228
301577.SZ,美信科技,20240124
301575.SZ,艾芬达,20250910
301630.SZ,同宇新材,20250710
301629.SZ,矽电股份,20250324
301628.SZ,强达电路,20241031
301626.SZ,苏州天脉,20241024
301622.SZ,英思特,20241204
301618.SZ,长联科技,20240930
301617.SZ,博苑新材,20241211
301616.SZ,浙江华业,20250327
301613.SZ,新铝时代,20241025
301611.SZ,珂玛科技,20240816
301609.SZ,山大电力,20250723
301608.SZ,博实结,20240801
301607.SZ,富特科技,20240904
301606.SZ,绿联科技,20240726
002176.SZ,江特电机,20071012
600017.SH,日照港,20061017
600016.SH,民生银行,20001219
600015.SH,华夏银行,20030912
600012.SH,皖通高速,20030107
600011.SH,华能国际,20011206
600010.SH,包钢股份,20010309
600009.SH,上海机场,19980218
600037.SH,歌华有线,20010208
600036.SH,招商银行,20020409
600035.SH,楚天高速,20040310
600033.SH,福建高速,20010209
600032.SH,浙江新能,20210525
600031.SH,三一重工,20030703
600029.SH,南方航空,20030725
600028.SH,中国石化,20010808
600027.SH,华电国际,20050203
600026.SH,中远海能,20020523
600025.SH,华能水电,20171215
600023.SH,浙能电力,20131219
600022.SH,山东钢铁,20040629
600021.SH,上海电力,20031029
600076.SH,康欣新材,19970526
600075.SH,新疆天业,19970617
600073.SH,光明肉业,19970704
600072.SH,中船科技,19970603
600071.SH,凤凰光学,19970528
600067.SH,冠城新材,19970508
600066.SH,宇通客车,19970508
002148.SZ,北纬科技,20070810
600105.SH,永鼎股份,19970929
600104.SH,上汽集团,19971125
600103.SH,青山纸业,19970703
600101.SH,明星电力,19970627
600100.SH,同方股份,19970627
600099.SH,林海股份,19970704
600098.SH,广州发展,19970718
600097.SH,开创国际,19970619
600096.SH,云天化,19970709
600095.SH,湘财股份,19970708
600094.SH,大名城,19970703
600089.SH,特变电工,19970618
600088.SH,中视传媒,19970616
600080.SH,ST金花,19970612
600123.SH,兰花科创,19981217
600121.SH,郑州煤电,19980107
600120.SH,浙江东方,19971201
600119.SH,*ST长投,19980115
600118.SH,中国卫星,19970908
600117.SH,西宁特钢,19971015
600116.SH,三峡水利,19970804
600115.SH,中国东航,19971105
600114.SH,东睦股份,20040511
600113.SH,浙江东日,19971021
600111.SH,北方稀土,19970924
600110.SH,诺德股份,19971007
600109.SH,国金证券,19970807
600108.SH,亚盛集团,19970818
600107.SH,*ST尔雅,19971106
600106.SH,重庆路桥,19970618
600150.SH,中国船舶,19980520
600149.SH,廊坊发展,19991014
600148.SH,长春一东,19980520
600141.SH,兴发集团,19990616
600138.SH,中青旅,19971203
600137.SH,浪莎股份,19980416
600136.SH,ST明诚,19980303
600135.SH,乐凯胶片,19980122
600133.SH,东湖高新,19980212
600132.SH,重庆啤酒,19971030
600131.SH,国网信通,19980402
600130.SH,波导股份,20000706
600129.SH,太极集团,19971118
600128.SH,苏豪弘业,19970901
600127.SH,金健米业,19980506
600176.SH,中国巨石,19990422
600173.SH,卧龙新能,19990415
600172.SH,黄河旋风,19981126
600171.SH,上海贝岭,19980924
600170.SH,上海建工,19980623
600169.SH,ST太重,19980904
600168.SH,武汉控股,19980427
600167.SH,联美控股,19990128
600166.SH,福田汽车,19980602
600165.SH,宁科生物,19980529
600162.SH,香江控股,19980609
600202.SH,哈空调,19990603
600201.SH,生物股份,19990115
600199.SH,金种子酒,19980812
600198.SH,大唐电信,19981021
600197.SH,伊力特,19990916
600196.SH,复星医药,19980807
600195.SH,中牧股份,19990107
600192.SH,长城电工,19981224
600191.SH,华资实业,19981210
600189.SH,泉阳泉,19981007
600188.SH,兖矿能源,19980701
600186.SH,莲花控股,19980825
600231.SH,凌钢股份,20000511
600230.SH,沧州大化,20000406
600229.SH,城市传媒,20000309
600228.SH,返利科技,19990119
600227.SH,赤天化,20000221
600226.SH,亨通股份,19991116
600223.SH,福瑞达,20000113
600222.SH,太龙药业,19991105
600221.SH,海航控股,19991125
600219.SH,南山铝业,19991223
600218.SH,全柴动力,19981203
600217.SH,中再资环,19991216
600216.SH,浙江医药,19991021
600252.SH,中恒集团,20001130
600251.SH,冠农股份,20030609
600250.SH,南京商旅,20010306
600249.SH,两面针,20040130
600248.SH,陕建股份,20000622
600246.SH,万通发展,20000922
600243.SH,*ST海华,20001120
600241.SH,时代万恒,20001128
600239.SH,ST云城,19991202
600238.SH,ST椰岛,20000120
600237.SH,铜峰电子,20000609
600236.SH,桂冠电力,20000323
600235.SH,民丰特纸,20000615
600234.SH,科新发展,20000615
600279.SH,重庆港,20000731
600278.SH,东方创业,20000712
600276.SH,恒瑞医药,20001018
600273.SH,嘉化能源,20030627
600272.SH,开开实业,20010228
600271.SH,航天信息,20030711
600269.SH,赣粤高速,20000518
600268.SH,国电南自,19991118
600267.SH,海正药业,20000725
600266.SH,城建发展,19990203
600265.SH,*ST景谷,20000825
600262.SH,北方股份,20000630
600261.SH,阳光照明,20000720
600259.SH,中稀有色,20000525
600301.SH,华锡有色,20000712
600300.SH,维维股份,20000630
600299.SH,安迪苏,20000420
600298.SH,安琪酵母,20000818
600295.SH,鄂尔多斯,20010426
600293.SH,三峡新材,20000919
600292.SH,电投水电,20001101
600289.SH,ST信通,20000720
600288.SH,大恒科技,20001129
600287.SH,苏豪时尚,20000901
600285.SH,羚锐制药,20001018
600284.SH,浦东建设,20040316
600283.SH,钱江水利,20001018
600282.SH,南钢股份,20000919
600281.SH,华阳新材,20001109
600280.SH,中央商场,20000926
600322.SH,津投城开,20010910
600320.SH,振华重工,20001221
600319.SH,亚星化学,20010326
600318.SH,新力金融,20001208
600316.SH,洪都航空,20001215
600315.SH,上海家化,20010315
600313.SH,农发种业,20010119
600312.SH,平高电气,20010221
600310.SH,广西能源,20010228
600309.SH,万华化学,20010105
600308.SH,华泰股份,20000928
600307.SH,酒钢宏兴,20001220
600305.SH,恒顺醋业,20010206
600303.SH,曙光股份,20001226
600302.SH,ST标准,20001213
600343.SH,航天动力,20030408
600340.SH,*ST华幸,20031230
600339.SH,中油工程,20001225
600338.SH,西藏珠峰,20001227
600337.SH,ST美克,20001127
600336.SH,澳柯玛,20001229
600335.SH,国机汽车,20010305
600333.SH,长春燃气,20001211
600332.SH,白云山,20010206
600331.SH,宏达股份,20011220
600330.SH,天通股份,20010118
600329.SH,达仁堂,20010606
600328.SH,中盐化工,20001222
600327.SH,大东方,20020625
600326.SH,西藏天路,20010116
600325.SH,华发股份,20040225
600363.SH,联创光电,20010329
600362.SH,江西铜业,20020111
600361.SH,创新新材,20011129
600360.SH,华微电子,20010316
600359.SH,新农开发,19990429
600358.SH,国旅联合,20000922
600356.SH,恒丰纸业,20010419
600354.SH,敦煌种业,20040115
600353.SH,旭光电子,20021120
600352.SH,浙江龙盛,20030801
600350.SH,山东高速,20020318
600348.SH,华阳股份,20030821
600346.SH,恒力石化,20010820
600345.SH,长江通信,20001222
002849.SZ,威星智能,20170217
920505.BJ,九菱科技,20221221
688400.SH,凌云光,20220706
688361.SH,中科飞测,20230519
688257.SH,新锐股份,20211027
603585.SH,苏利股份,20161214
603192.SH,汇得科技,20180828
603190.SH,亚通精工,20230217
601369.SH,陕鼓动力,20100428
600382.SH,广东明珠,20010118
600381.SH,*ST春天,20010508
600380.SH,健康元,20010608
600379.SH,宝光股份,20020116
600378.SH,昊华科技,20010111
600377.SH,宁沪高速,20010116
600376.SH,首开股份,20010312
600410.SH,华胜天成,20040427
600409.SH,三友化工,20030618
600408.SH,安泰集团,20030212
600406.SH,国电南瑞,20031016
600405.SH,动力源,20040401
600403.SH,大有能源,20031009
600400.SH,红豆股份,20010108
600399.SH,抚顺特钢,20001229
600398.SH,海澜之家,20001228
600397.SH,江钨装备,20020702
600396.SH,华电辽能,20010328
600395.SH,盘江股份,20010531
600392.SH,盛和资源,20030529
600391.SH,航发科技,20011212
600370.SH,*ST三房,20030306
600444.SH,国机通用,20040219
600439.SH,ST瑞贝卡,20030710
600438.SH,通威股份,20040302
600436.SH,片仔癀,20030616
600435.SH,北方导航,20030704
600429.SH,三元股份,20030915
600428.SH,中远海特,20020418
600426.SH,华鲁恒升,20020620
600425.SH,青松建化,20030724
600423.SH,*ST柳化,20030717
600422.SH,昆药集团,20001206
600420.SH,国药现代,20040616
600419.SH,天润乳业,20010628
600418.SH,江淮汽车,20010824
600416.SH,湘电股份,20020718
600640.SH,国脉文化,19930407
600470.SH,六国化工,20040305
600469.SH,风神股份,20031021
600468.SH,百利电气,20010615
600467.SH,好当家,20040405
600463.SH,空港股份,20040318
600461.SH,洪城环境,20040601
600460.SH,士兰微,20030311
600459.SH,贵研铂业,20030516
600458.SH,时代新材,20021219
600456.SH,宝钛股份,20020412
600455.SH,博通股份,20040329
600452.SH,涪陵电力,20040303
600449.SH,宁夏建材,20030829
600448.SH,华纺股份,20010903
600493.SH,凤竹纺织,20040421
600491.SH,ST龙元,20040524
600490.SH,鹏欣资源,20030626
600489.SH,中金黄金,20030814
600488.SH,津药药业,20010618
600487.SH,亨通光电,20030822
600486.SH,扬农化工,20020425
600483.SH,福能股份,20040531
600482.SH,中国动力,20040714
600481.SH,双良节能,20030422
600480.SH,凌云股份,20030815
600479.SH,千金药业,20040312
600478.SH,科力远,20030918
600477.SH,杭萧钢构,20031110
600476.SH,*ST湘邮,20031210
600475.SH,华光环能,20030721
600511.SH,国药股份,20021127
600510.SH,黑牡丹,20020618
600509.SH,天富能源,20020228
600508.SH,上海能源,20010829
600507.SH,方大特钢,20030930
600506.SH,统一股份,20011226
600505.SH,西昌电力,20020530
600503.SH,华丽家族,20020709
600502.SH,安徽建工,20030415
600501.SH,航天晨光,20010615
600500.SH,中化国际,20000301
600499.SH,科达制造,20021010
600498.SH,烽火通信,20010823
600497.SH,驰宏锌锗,20040420
600496.SH,精工钢构,20020605
600495.SH,晋西车轴,20040526
600538.SH,国发股份,20030114
600537.SH,*ST亿晶,20030123
600536.SH,中国软件,20020517
600535.SH,天士力,20020823
600533.SH,栖霞建设,20020328
600531.SH,豫光金铅,20020730
600530.SH,ST交昂,20010702
600529.SH,山东药玻,20020603
600528.SH,中铁工业,20010528
600527.SH,江南高纤,20031127
600525.SH,长园集团,20021202
002575.SZ,群兴玩具,20110422
600559.SH,老白干酒,20021029
600558.SH,大西洋,20010227
600557.SH,康缘药业,20020918
600556.SH,天下秀,20010807
600552.SH,凯盛科技,20021108
600551.SH,时代出版,20020905
600550.SH,保变电气,20010228
600549.SH,厦门钨业,20021107
600548.SH,深高速,20011225
600547.SH,山东黄金,20030828
600546.SH,山煤国际,20030731
600545.SH,卓郎智能,20031203
600543.SH,*ST莫高,20040324
600540.SH,新赛股份,20040107
600539.SH,狮头股份,20010824
600582.SH,天地科技,20020515
600581.SH,*ST八钢,20020816
600580.SH,卧龙电驱,20020606
600579.SH,中化装备,20020809
600578.SH,京能电力,20020510
600577.SH,精达股份,20020911
600576.SH,祥源文旅,20030220
600575.SH,淮河能源,20030328
600573.SH,惠泉啤酒,20030226
600572.SH,康恩贝,20040412
600571.SH,信雅达,20021101
600570.SH,恒生电子,20031216
600569.SH,安阳钢铁,20010820
600605.SH,汇通能源,19920327
600604.SH,市北高新,19920327
600603.SH,广汇物流,19920113
600602.SH,云赛智联,19901219
600601.SH,方正科技,19901219
600600.SH,青岛啤酒,19930827
600598.SH,北大荒,20020329
600597.SH,光明乳业,20020828
600596.SH,新安股份,20010906
600595.SH,中孚实业,20020626
600594.SH,益佰制药,20040323
600593.SH,大连圣亚,20020711
600626.SH,申达股份,19930107
600624.SH,ST复华,19930105
600623.SH,华谊集团,19921204
600622.SH,光大嘉宝,19921203
600621.SH,华鑫股份,19921202
600620.SH,天宸股份,19921117
600619.SH,海立股份,19921116
600618.SH,氯碱化工,19921113
600617.SH,国新能源,19921013
600616.SH,金枫酒业,19920929
600615.SH,鑫源智造,19920910
600613.SH,神奇制药,19920820
600612.SH,老凤祥,19920814
600611.SH,大众交通,19920807
600651.SH,飞乐音响,19901219
600650.SH,锦江在线,19930607
600649.SH,城投控股,19930518
600648.SH,外高桥,19930504
600645.SH,中源协和,19930504
600644.SH,乐山电力,19930426
600643.SH,爱建集团,19930426
600642.SH,申能股份,19930416
600641.SH,先导基电,19930407
600639.SH,浦东金桥,19930326
600638.SH,新黄浦,19930326
600637.SH,东方明珠,19930316
600635.SH,大众公用,19930304
600676.SH,久事动娱,19930928
600675.SH,中华企业,19930924
600674.SH,川投能源,19930924
600673.SH,东阳光,19930917
600671.SH,天目药业,19930823
600668.SH,尖峰集团,19930728
600667.SH,太极实业,19930728
600666.SH,奥瑞德,19930712
600665.SH,天地源,19930709
600664.SH,哈药股份,19930629
600663.SH,陆家嘴,19930628
600662.SH,外服控股,19930614
600708.SH,光明地产,19960606
600707.SH,彩虹股份,19960520
600706.SH,曲江文旅,19960516
600704.SH,物产中大,19960606
600703.SH,三安光电,19960528
600702.SH,舍得酒业,19960524
600699.SH,均胜电子,19931206
600698.SH,湖南天雁,19931206
600697.SH,欧亚集团,19931206
600729.SH,重百集团,19960702
600728.SH,佳都科技,19960716
600727.SH,鲁北化工,19960702
600726.SH,华电能源,19960701
600724.SH,宁波富达,19960716
600722.SH,金牛化工,19960626
600721.SH,百花医药,19960626
600720.SH,中交设计,19960716
600719.SH,大连热电,19960716
600718.SH,东软集团,19960618
600717.SH,天津港,19960614
600716.SH,凤凰股份,19960702
600715.SH,文投控股,19960701
600714.SH,金瑞矿业,19960606
600757.SH,长江传媒,19961003
600756.SH,浪潮软件,19960923
600755.SH,厦门国贸,19961003
600754.SH,锦江酒店,19961011
600753.SH,ST海钦,19960927
600751.SH,海航科技,19960909
002468.SZ,申通快递,20100908
600789.SH,鲁抗医药,19970226
600787.SH,中储股份,19970121
600785.SH,新华百货,19970108
600784.SH,鲁银投资,19961225
600783.SH,鲁信创投,19961225
600782.SH,新钢股份,19961225
600780.SH,通宝能源,19961205
600779.SH,水井坊,19961206
600819.SH,耀皮玻璃,19940128
600818.SH,ST中路,19940128
600817.SH,宇通重工,19940128
600816.SH,建元信托,19940128
600815.SH,厦工股份,19940128
600814.SH,杭州解百,19940114
600812.SH,华北制药,19940114
600810.SH,神马股份,19940106
600809.SH,山西汾酒,19940106
600845.SH,宝信软件,19940311
600844.SH,金煤科技,19940311
600843.SH,上工申贝,19940311
600841.SH,动力新科,19940311
600839.SH,四川长虹,19940311
600838.SH,上海九百,19940224
600835.SH,上海机电,19940224
600834.SH,申通地铁,19940224
600833.SH,第一医药,19940224
600831.SH,广电网络,19940224
600828.SH,茂业商业,19940224
002421.SZ,达实智能,20100603
600868.SH,梅雁吉祥,19940912
600867.SH,通化东宝,19940824
600866.SH,星湖科技,19940818
600865.SH,百大集团,19940809
600864.SH,哈投股份,19940809
600863.SH,华能蒙电,19940520
600862.SH,中航高科,19940520
600861.SH,北京人力,19940520
600860.SH,京城股份,19940506
600859.SH,王府井,19940506
600858.SH,银座股份,19940506
600857.SH,宁波中百,19940425
002409.SZ,雅克科技,20100525
600888.SH,新疆众和,19960215
600887.SH,伊利股份,19960312
600886.SH,国投电力,19960118
600885.SH,宏发股份,19960205
600884.SH,杉杉股份,19960130
600883.SH,博闻科技,19951208
600882.SH,妙可蓝多,19951206
600881.SH,亚泰集团,19951115
600880.SH,博瑞传播,19951115
600879.SH,航天电子,19951115
600877.SH,电科芯片,19951013
600876.SH,凯盛新能,19951031
600875.SH,东方电气,19951010
600874.SH,创业环保,19950630
002398.SZ,垒知集团,20100506
600936.SH,北投科技,20160815
600935.SH,华塑股份,20211126
600933.SH,爱柯迪,20171117
600930.SH,华电新能,20250716
600929.SH,雪天盐业,20180326
600928.SH,西安银行,20190301
601086.SH,国芳集团,20170929
601083.SH,锦江航运,20231205
601077.SH,渝农商行,20191029
600983.SH,惠而浦,20040727
600982.SH,宁波能源,20040706
600970.SH,中材国际,20050412
600969.SH,郴电国际,20040408
600968.SH,海油发展,20190626
600967.SH,内蒙一机,20040518
600958.SH,东方证券,20150323
002374.SZ,中锐股份,20100318
601366.SH,利群股份,20170412
601336.SH,新华保险,20111216
601333.SH,广深铁路,20061222
601330.SH,绿色动力,20180611
601326.SH,秦港股份,20170816
601319.SH,中国人保,20181116
601318.SH,中国平安,20070301
002360.SZ,ST同德,20100303
601800.SH,中国交建,20120309
601799.SH,星宇股份,20110201
601778.SH,晶科科技,20200519
601766.SH,中国中车,20080818
601698.SH,中国卫通,20190628
601696.SH,中银证券,20200226
601689.SH,拓普集团,20150319
601686.SH,友发集团,20201204
603216.SH,梦天家居,20211215
601985.SH,中国核电,20150610
601968.SH,宝钢包装,20150611
601966.SH,玲珑轮胎,20160706
601965.SH,中国汽研,20120611
601958.SH,金钼股份,20080417
603025.SH,大豪科技,20150422
603023.SH,威帝股份,20150527
603022.SH,新通联,20150518
603021.SH,*ST华鹏,20150423
603020.SH,爱普股份,20150325
603017.SH,中衡设计,20141231
603013.SH,亚普股份,20180509
603010.SH,万盛股份,20141010
603009.SH,北特科技,20140718
603008.SH,ST喜临门,20120717
603001.SH,奥康国际,20120426
601999.SH,出版传媒,20071221
601229.SH,上海银行,20161116
603060.SH,国检集团,20161109
603057.SH,紫燕食品,20220926
603055.SH,台华新材,20170921
603053.SH,成都燃气,20191217
603052.SH,可川科技,20221011
603051.SH,鹿山新材,20220325
603049.SH,中策橡胶,20250605
603048.SH,浙江黎明,20211116
603043.SH,广州酒家,20170627
603042.SH,华脉科技,20170602
603041.SH,美思德,20170330
603040.SH,新坐标,20170209
603085.SH,天成自控,20150630
603083.SH,剑桥科技,20171110
603082.SH,北自科技,20240130
603081.SH,大丰实业,20170420
603080.SH,新疆火炬,20180103
603079.SH,圣达生物,20170823
603078.SH,江化微,20170410
603077.SH,和邦生物,20120731
603076.SH,乐惠国际,20171113
603075.SH,热威股份,20230911
603072.SH,天和磁材,20250103
603071.SH,物产环能,20211216
603113.SH,金能科技,20170511
603112.SH,华翔股份,20200917
603111.SH,康尼机电,20140801
603110.SH,东方材料,20171013
603109.SH,神驰机电,20191231
603108.SH,润达医疗,20150527
603107.SH,上海汽配,20231101
603158.SH,腾龙股份,20150320
603156.SH,养元饮品,20180212
603155.SH,新亚强,20200901
603153.SH,上海建科,20230313
603151.SH,邦基科技,20221019
603191.SH,望变电气,20220428
603189.SH,*ST网达,20160914
603188.SH,亚邦股份,20140909
603187.SH,海容冷链,20181129
603166.SH,福达股份,20141127
002192.SZ,融捷股份,20071205
603215.SH,比依股份,20220218
603214.SH,爱婴室,20180330
603213.SH,镇洋发展,20211111
603212.SH,赛伍技术,20200430
603211.SH,晋拓股份,20220725
603210.SH,泰鸿万立,20250409
603209.SH,兴通股份,20220324
603208.SH,江山欧派,20170210
603206.SH,嘉环科技,20220506
603205.SH,健尔康,20241107
603203.SH,快克智能,20161108
603202.SH,天有为,20250424
603348.SH,文灿股份,20180426
603268.SH,松发股份,20150319
603267.SH,鸿远电子,20190515
603266.SH,天龙股份,20170110
603261.SH,立航科技,20220315
603260.SH,合盛硅业,20171030
603238.SH,诺邦股份,20170222
603387.SH,基蛋生物,20170717
603386.SH,骏亚科技,20170912
603380.SH,易德龙,20170622
603379.SH,三美股份,20190402
603378.SH,*ST亚士,20170928
603377.SH,ST东时,20160205
603376.SH,大明电子,20251106
603375.SH,盛景微,20240124
603373.SH,安邦护卫,20231220
002159.SZ,三特索道,20070817
603400.SH,华之杰,20250620
603399.SH,永杉锂业,20120824
603398.SH,*ST沐邦,20151209
603396.SH,金辰股份,20171018
603395.SH,红四方,20241126
603393.SH,新天然气,20160912
603392.SH,万泰生物,20200429
603391.SH,力聚热能,20240731
603390.SH,通达电气,20191125
603389.SH,亚振家居,20161215
603290.SH,斯达半导,20200204
603289.SH,泰瑞机器,20171031
603286.SH,日盈电子,20170627
603283.SH,赛腾股份,20171225
603520.SH,司太立,20160309
603519.SH,立霸股份,20150319
603518.SH,锦泓集团,20141203
603515.SH,欧普照明,20160819
603508.SH,思维列控,20151224
603507.SH,振江股份,20171106
603506.SH,南都物业,20180201
603577.SH,汇金通,20161222
603569.SH,长久物流,20160810
603568.SH,伟明环保,20150528
603567.SH,珍宝岛,20150424
603566.SH,普莱柯,20150518
603565.SH,中谷物流,20200925
603559.SH,中通国脉,20161202
603558.SH,健盛集团,20150127
603557.SH,*ST起步,20170818
603556.SH,海兴电力,20161110
603299.SH,苏盐井神,20151231
603298.SH,杭叉集团,20161227
603297.SH,永新光学,20180910
601918.SH,新集能源,20071219
601798.SH,蓝科高新,20110622
603648.SH,畅联股份,20170913
603630.SH,拉芳家化,20170313
603615.SH,茶花股份,20170213
603613.SH,国联股份,20190730
603612.SH,索通发展,20170718
603611.SH,诺力股份,20150128
603610.SH,麒盛科技,20191029
603609.SH,禾丰股份,20140808
603608.SH,天创时尚,20160218
603607.SH,京华激光,20171025
603606.SH,东方电缆,20141015
603605.SH,珀莱雅,20171115
603602.SH,纵横通信,20170810
603685.SH,晨丰科技,20171127
603683.SH,晶华新材,20171020
603682.SH,锦和商管,20200421
603681.SH,永冠新材,20190326
603680.SH,今创集团,20180227
603679.SH,华体科技,20170621
603677.SH,奇精机械,20170206
603676.SH,卫信康,20170721
603669.SH,灵康药业,20150528
603668.SH,天马科技,20170117
603667.SH,五洲新春,20161025
603665.SH,康隆达,20170313
603662.SH,柯力传感,20190806
603661.SH,恒林股份,20171121
603300.SH,海南华铁,20150529
603729.SH,ST龙韵,20150324
603728.SH,鸣志电器,20170509
603727.SH,博迈科,20161122
603726.SH,朗迪集团,20160421
603725.SH,天安新材,20170906
603721.SH,中广天择,20170811
603713.SH,密尔克卫,20180713
603689.SH,皖天然气,20170110
603687.SH,大胜达,20190726
603686.SH,福龙马,20150126
603307.SH,扬州金泉,20230216
603306.SH,华懋科技,20140926
603305.SH,旭升集团,20170710
603303.SH,得邦照明,20170330
603301.SH,振德医疗,20180412
603808.SH,歌力思,20150422
603800.SH,洪田股份,20151210
603799.SH,华友钴业,20150129
603798.SH,康普顿,20160406
603797.SH,联泰环保,20170413
603790.SH,雅运股份,20180912
603789.SH,ST星农,20150427
603788.SH,宁波高发,20150120
603787.SH,新日股份,20170427
603786.SH,科博达,20191015
603779.SH,威龙股份,20160516
603778.SH,国晟科技,20151231
603777.SH,来伊份,20161012
603776.SH,永安行,20170817
603773.SH,沃格光电,20180417
603822.SH,ST嘉澳,20160428
603819.SH,神力股份,20161125
603818.SH,曲美家居,20150422
603817.SH,海峡环保,20170220
603816.SH,顾家家居,20161014
603815.SH,交建股份,20191021
603811.SH,诚意药业,20170315
603810.SH,丰山集团,20180917
603809.SH,豪能股份,20171128
603323.SH,苏农银行,20161129
603321.SH,梅轮电梯,20170915
603320.SH,迪贝电气,20170502
603319.SH,美湖股份,20161130
603317.SH,天味食品,20190416
603999.SH,读者传媒,20151210
603861.SH,白云电器,20160322
603860.SH,中公高科,20170802
603858.SH,步长制药,20161118
603856.SH,东宏股份,20171106
603855.SH,华荣股份,20170524
603848.SH,好太太,20171201
603843.SH,*ST正平,20160905
603839.SH,安正时尚,20170214
603838.SH,*ST四通,20150701
603836.SH,海程邦达,20210526
603833.SH,欧派家居,20170328
603829.SH,洛凯股份,20171017
603828.SH,*ST利达,20150226
603825.SH,ST华扬,20170802
603325.SH,博隆技术,20240110
603993.SH,洛阳钼业,20121009
603893.SH,瑞芯微,20200207
603890.SH,春秋电子,20171212
603888.SH,新华网,20161028
603887.SH,城地香江,20161010
603885.SH,吉祥航空,20150527
603883.SH,老百姓,20150423
603881.SH,数据港,20170208
603880.SH,南卫股份,20170807
603878.SH,武进不锈,20161219
603877.SH,太平鸟,20170109
603871.SH,嘉友国际,20180206
002072.SZ,凯瑞德,20061018
603895.SH,天永智能,20180122
603341.SH,龙旗科技,20240301
603339.SH,四方科技,20160519
603337.SH,杰克科技,20170119
603336.SH,宏辉果蔬,20161124
603335.SH,迪生力,20170620
603334.SH,丰倍生物,20251105
603332.SH,苏州龙杰,20190117
603331.SH,百达精工,20170705
603330.SH,天洋新材,20170213
603329.SH,上海雅仕,20171229
603328.SH,依顿电子,20140701
601929.SH,吉视传媒,20120223
601928.SH,凤凰传媒,20111130
601137.SH,博威合金,20110127
600988.SH,赤峰黄金,20040414
603345.SH,安井食品,20170222
603344.SH,星德胜,20240320
603016.SH,新宏泰,20160701
603000.SH,人民网,20120427
601969.SH,海南矿业,20141209
601869.SH,长飞光纤,20180720
601868.SH,中国能建,20210928
601866.SH,中远海发,20071212
601860.SH,紫金银行,20190103
601858.SH,中国科传,20170118
601857.SH,中国石油,20071105
601825.SH,沪农商行,20210819
601728.SH,中国电信,20210820
601727.SH,上海电气,20081205
601515.SH,衢州东峰,20120216
601226.SH,华电科工,20141211
603899.SH,晨光股份,20150127
603898.SH,好莱客,20150217
603897.SH,长城科技,20180410
603355.SH,莱克电气,20150513
603353.SH,和顺石油,20200407
603352.SH,至信股份,20260115
603351.SH,威尔药业,20190130
603350.SH,安乃达,20240703
601997.SH,贵阳银行,20160816
601618.SH,中国中冶,20090921
601616.SH,广电电气,20110201
601615.SH,明阳智能,20190123
601611.SH,中国核建,20160606
601609.SH,金田股份,20200422
601608.SH,中信重工,20120706
601288.SH,农业银行,20100715
688100.SH,威胜信息,20200121
603906.SH,龙蟠科技,20170410
603900.SH,莱绅通灵,20161123
603019.SH,中科曙光,20141106
603015.SH,弘讯科技,20150303
601599.SH,浙文影业,20110527
601598.SH,中国外运,20190118
601595.SH,上海电影,20160817
601588.SH,北辰实业,20061016
601568.SH,北元化工,20201020
601567.SH,三星电气,20110615
601566.SH,九牧王,20110530
601555.SH,东吴证券,20111212
601528.SH,瑞丰银行,20210625
601518.SH,吉林高速,20100319
002056.SZ,横店东磁,20060802
603909.SH,建发合诚,20160628
601956.SH,东贝集团,20201225
601169.SH,北京银行,20070919
601168.SH,西部矿业,20070712
601166.SH,兴业银行,20070205
601163.SH,三角轮胎,20160909
601162.SH,天风证券,20181019
601158.SH,重庆水务,20100329
601156.SH,东航物流,20210609
601155.SH,新城控股,20151204
601139.SH,深圳燃气,20091225
601138.SH,工业富联,20180608
601136.SH,首创证券,20221222
601128.SH,常熟银行,20160930
601127.SH,赛力斯,20160615
601107.SH,四川成渝,20090727
603766.SH,隆鑫通用,20120810
603045.SH,福达合金,20180517
601126.SH,四方股份,20101231
601121.SH,宝地矿业,20230310
601118.SH,海南橡胶,20110107
601117.SH,中国化学,20100107
601116.SH,三江购物,20110302
601113.SH,华鼎股份,20110509
601111.SH,中国国航,20060818
601069.SH,西部黄金,20150122
601068.SH,中铝国际,20180831
601066.SH,中信建投,20180620
601065.SH,江盐集团,20230410
601061.SH,中信金属,20230410
601059.SH,信达证券,20230201
601058.SH,赛轮轮胎,20110630
600989.SH,宝丰能源,20190516
603915.SH,国茂股份,20190614
601886.SH,江河集团,20110818
601688.SH,华泰证券,20100226
601360.SH,三六零,20120116
601339.SH,百隆东方,20120612
601005.SH,重庆钢铁,20070228
601003.SH,柳钢股份,20070227
601002.SH,晋亿实业,20070126
601001.SH,晋控煤业,20060623
601000.SH,唐山港,20100705
600999.SH,招商证券,20091117
600998.SH,九州通,20101102
600997.SH,开滦股份,20040602
600996.SH,贵广网络,20161226
600995.SH,南网储能,20040615
600993.SH,马应龙,20040517
603920.SH,世运电路,20170426
603918.SH,金桥信息,20150528
603917.SH,合力科技,20171204
603916.SH,苏博特,20171110
603368.SH,柳药集团,20141204
603367.SH,辰欣药业,20170929
601009.SH,南京银行,20070719
601008.SH,连云港,20070426
601007.SH,金陵饭店,20070406
601006.SH,大秦铁路,20060801
600981.SH,苏豪汇鸿,20040630
600980.SH,北矿科技,20040512
600979.SH,广安爱众,20040906
600977.SH,中国电影,20160809
600975.SH,新五丰,20040609
600973.SH,宝胜股份,20040802
603976.SH,正川股份,20170822
603970.SH,中农立华,20171116
603969.SH,银龙股份,20150227
603968.SH,醋化股份,20150518
603967.SH,中创物流,20190429
603966.SH,法兰泰克,20170125
603960.SH,克来机电,20170314
603959.SH,ST百利,20160517
603958.SH,哈森股份,20160629
603995.SH,甬金股份,20191224
603991.SH,领先股份,20170308
603990.SH,麦迪科技,20161208
603983.SH,丸美生物,20190725
603980.SH,吉华集团,20170615
603979.SH,金诚信,20150630
603978.SH,深圳新星,20170807
603517.SH,ST绝味,20170317
603489.SH,八方股份,20191111
603488.SH,展鹏科技,20170516
603486.SH,科沃斯,20180528
603477.SH,巨星农牧,20171218
603129.SH,春风动力,20170818
603103.SH,横店影视,20171012
603061.SH,金海通,20230303
603058.SH,永吉股份,20161223
002035.SZ,华帝股份,20040901
605006.SH,山东玻纤,20200903
605005.SH,合兴股份,20210119
605003.SH,众望布艺,20200908
605001.SH,威奥股份,20200522
603998.SH,方盛制药,20141205
603997.SH,继峰股份,20150302
603551.SH,奥普科技,20200115
603538.SH,美诺华,20170407
603536.SH,惠发食品,20170613
603535.SH,嘉诚国际,20170808
603533.SH,掌阅科技,20170921
603530.SH,神马电力,20190805
603528.SH,多伦科技,20160503
603527.SH,众源新材,20170907
603161.SH,科华控股,20180105
601933.SH,永辉超市,20101215
002033.SZ,丽江股份,20040825
605099.SH,共创草坪,20200930
605098.SH,行动教育,20210421
605090.SH,九丰能源,20210525
605088.SH,冠盛股份,20200817
605086.SH,龙高股份,20210416
605080.SH,浙江自然,20210506
605069.SH,正和生态,20210816
605068.SH,明新旭腾,20201123
605066.SH,天正电气,20200807
605060.SH,联德股份,20210301
605151.SH,西上海,20201215
605138.SH,盛泰集团,20211027
605133.SH,嵘泰股份,20210224
605128.SH,上海沿浦,20200915
605123.SH,派克新材,20200825
605122.SH,四方新材,20210310
605118.SH,力鼎光电,20200730
605111.SH,新洁能,20200928
605108.SH,同庆楼,20200716
605100.SH,华丰股份,20200811
603626.SH,科森科技,20170209
603619.SH,中曼石油,20171117
603617.SH,君禾股份,20170703
605199.SH,ST葫芦娃,20200710
605196.SH,华通线缆,20210511
605189.SH,富春染织,20210528
605188.SH,国光连锁,20200728
605186.SH,健麾信息,20201222
605180.SH,华生科技,20210430
605179.SH,一鸣食品,20201228
605178.SH,时空科技,20200821
605177.SH,东亚药业,20201125
605169.SH,洪通燃气,20201030
605168.SH,三人行,20200528
605155.SH,西大门,20201231
605369.SH,拱东医疗,20200916
605366.SH,宏柏新材,20200812
605365.SH,立达信,20210720
605358.SH,立昂微,20200911
605339.SH,南侨食品,20210518
605337.SH,李子园,20210208
605588.SH,冠石科技,20210812
605580.SH,恒盛能源,20210819
605577.SH,龙版传媒,20210824
605567.SH,春雪食品,20211013
605488.SH,福莱新材,20210513
605399.SH,晨光新材,20200804
605398.SH,新炬网络,20210121
605389.SH,长龄液压,20210322
605378.SH,野马电池,20210412
605377.SH,华旺科技,20201228
605376.SH,博迁新材,20201208
603768.SH,常青股份,20170324
603767.SH,中马传动,20170613
688023.SH,安恒信息,20191105
688022.SH,ST瀚川,20190722
688021.SH,奥福科技,20191106
688020.SH,方邦股份,20190722
688015.SH,交控科技,20190722
688013.SH,天臣医疗,20200928
688012.SH,中微公司,20190722
688011.SH,新光光电,20190722
688010.SH,福光股份,20190722
688009.SH,中国通号,20190722
688039.SH,当虹科技,20191211
688038.SH,中科通达,20210713
688037.SH,芯源微,20191216
688036.SH,传音控股,20190930
688035.SH,德邦科技,20220919
688033.SH,*ST天宜,20190722
688032.SH,禾迈股份,20211220
688031.SH,星环科技,20221018
688027.SH,国盾量子,20200709
688026.SH,洁特生物,20200122
688025.SH,杰普特,20191031
601038.SH,一拖股份,20120808
001311.SZ,多利科技,20230227
688067.SH,爱威科技,20210616
688066.SH,*ST航图,20190722
688065.SH,凯赛生物,20200812
688063.SH,派能科技,20201230
688060.SH,云涌科技,20200710
688059.SH,华锐精密,20210208
688058.SH,宝兰德,20191101
688057.SH,金达莱,20201111
688056.SH,莱伯泰科,20200902
688055.SH,龙腾光电,20200817
688087.SH,英科再生,20210709
688085.SH,三友医疗,20200409
688084.SH,晶品特装,20221208
688083.SH,中望软件,20210311
688082.SH,盛美上海,20211118
688081.SH,兴图新科,20200106
688080.SH,映翰通,20200212
688079.SH,美迪凯,20210302
688078.SH,龙软科技,20191230
688077.SH,大地熊,20200722
001268.SZ,联合精密,20220630
688119.SH,中钢洛耐,20220606
688108.SH,赛诺医疗,20191030
688107.SH,安路科技,20211112
688105.SH,诺唯赞,20211115
688102.SH,斯瑞新材,20220316
688101.SH,三达膜,20191115
688099.SH,晶晨股份,20190808
688097.SH,博众精工,20210512
688096.SH,京源环保,20200409
603333.SH,福华尚纬,20120507
688139.SH,海尔生物,20191025
688138.SH,清溢光电,20191120
688136.SH,科兴制药,20201214
688135.SH,利扬芯片,20201111
688133.SH,泰坦科技,20201030
688132.SH,邦彦技术,20220923
688131.SH,皓元医药,20210608
688130.SH,晶华微,20220729
688129.SH,东来技术,20201023
688126.SH,沪硅产业,20200420
688125.SH,安达智能,20220415
688122.SH,西部超导,20190722
688121.SH,*ST卓然,20210906
001215.SZ,千味央厨,20210906
688166.SH,博瑞医药,20191108
688165.SH,埃夫特,20200715
688163.SH,赛伦生物,20220311
688162.SH,巨一科技,20211110
688161.SH,威高骨科,20210630
688157.SH,松井股份,20200609
688156.SH,路德科技,20200922
688155.SH,先惠技术,20200811
688152.SH,麒麟信安,20221028
688151.SH,华强科技,20211206
605166.SH,聚合顺,20200618
688192.SH,迪哲医药,20211210
688187.SH,时代电气,20210907
688186.SH,广大特材,20200211
688184.SH,ST帕瓦,20220919
688182.SH,灿勤科技,20211116
688181.SH,八亿时空,20200106
688180.SH,君实生物,20200715
688179.SH,阿拉丁,20201026
688178.SH,万德斯,20200114
688203.SH,海正生材,20220816
688202.SH,美迪西,20191105
688201.SH,ST信安,20210421
688200.SH,华峰测控,20200218
688199.SH,久日新材,20191105
688198.SH,佰仁医疗,20191209
688197.SH,首药控股,20220323
688196.SH,卓越新能,20191121
688195.SH,腾景科技,20210326
688193.SH,仁度生物,20220330
605566.SH,福莱蒽特,20211025
605555.SH,德昌股份,20211021
605507.SH,国邦医药,20210802
688216.SH,气派科技,20210623
688215.SH,瑞晟智能,20200828
688212.SH,澳华内镜,20211115
688210.SH,统联精密,20211227
688209.SH,英集芯,20220419
688208.SH,道通科技,20200213
688207.SH,格灵深瞳,20220317
688205.SH,德科立,20220809
688019.SH,安集科技,20190722
688018.SH,乐鑫科技,20190722
688017.SH,绿的谐波,20200828
688016.SH,心脉医疗,20190722
603919.SH,金徽酒,20160310
603908.SH,牧高笛,20170307
603901.SH,永创智能,20150529
603711.SH,香飘飘,20171130
603618.SH,杭电股份,20150217
688231.SH,隆达股份,20220722
688230.SH,芯导科技,20211201
688229.SH,博睿数据,20200817
688228.SH,开普云,20200327
688227.SH,品高股份,20211230
688226.SH,威腾电气,20210707
688225.SH,亚信安全,20220209
688223.SH,晶科能源,20220126
688222.SH,成都先导,20200416
688221.SH,前沿生物,20201028
688220.SH,翱捷科技,20220114
688219.SH,会通股份,20201118
688217.SH,睿昂基因,20210517
603882.SH,金域医学,20170908
603879.SH,永悦科技,20170614
603869.SH,ST智知,20150326
603737.SH,三棵树,20160603
603696.SH,安记食品,20151209
688259.SH,创耀科技,20220112
688258.SH,卓易信息,20191209
688255.SH,凯尔达,20211025
688253.SH,英诺特,20220728
688251.SH,井松智能,20220606
688249.SH,晶合集成,20230505
688237.SH,超卓航科,20220701
688236.SH,春立医疗,20211230
688235.SH,百济神州,20211215
688233.SH,神工股份,20200221
688232.SH,新点软件,20211117
605008.SH,长鸿高科,20200821
603939.SH,益丰药房,20150217
603937.SH,丽岛新材,20171102
603886.SH,元祖股份,20161228
603866.SH,桃李面包,20151222
688265.SH,南模生物,20211228
688262.SH,国芯科技,20220106
688261.SH,东微半导,20220210
688260.SH,昀冢科技,20210406
688118.SH,普元信息,20191204
688116.SH,天奈科技,20190925
688114.SH,华大智造,20220909
688113.SH,联测科技,20210506
688112.SH,鼎阳科技,20211201
688111.SH,金山办公,20191118
688110.SH,东芯股份,20211210
688109.SH,品茗科技,20210330
605117.SH,德业股份,20210420
605116.SH,奥锐特,20200921
605009.SH,豪悦护理,20200911
603926.SH,铁流股份,20170510
603826.SH,坤彩科技,20170414
688568.SH,中科星图,20200708
688548.SH,广钢气体,20230815
688545.SH,兴福电子,20250122
688543.SH,国科军工,20230621
688538.SH,和辉光电,20210528
688519.SH,南亚新材,20200818
688343.SH,云天励飞,20230404
688267.SH,中触媒,20220216
688266.SH,泽璟制药,20200123
688128.SH,中国电研,20191105
688127.SH,蓝特光学,20200921
605198.SH,安德利,20200918
605136.SH,丽人丽妆,20200929
605077.SH,华康股份,20210209
603912.SH,佳力图,20171101
603903.SH,中持股份,20170314
688653.SH,康希通信,20231117
688652.SH,京仪装备,20231129
688651.SH,盛邦安全,20230726
688648.SH,中邮科技,20231113
688646.SH,逸飞激光,20230728
688639.SH,华恒生物,20210422
688638.SH,誉辰智能,20230712
688636.SH,智明达,20210408
688633.SH,星球石墨,20210324
688631.SH,莱斯信息,20230628
688630.SH,芯碁微装,20210401
688583.SH,思看科技,20250115
688160.SH,步科股份,20201112
688159.SH,有方科技,20200123
605183.SH,确成股份,20201207
000650.SZ,仁和药业,19961210
688665.SH,四方光电,20210209
688663.SH,新风光,20210413
688662.SH,富信科技,20210401
688661.SH,和林微纳,20210329
688660.SH,电气风电,20210519
688659.SH,元琛科技,20210331
688658.SH,悦康药业,20201224
688657.SH,浩辰软件,20231010
688656.SH,浩欧博,20210113
688655.SH,迅捷兴,20210511
688190.SH,云路股份,20211126
688189.SH,ST南新,20200326
688188.SH,柏楚电子,20190808
605089.SH,味知香,20210427
605056.SH,咸亨国际,20210720
920218.BJ,新天力,20260529
920221.BJ,易实精密,20230608
920212.BJ,智新电子,20210608
920199.BJ,倍益康,20221201
920198.BJ,微创光电,20200727
920195.BJ,三祥科技,20221230
920090.BJ,*ST同辉,20210809
688668.SH,鼎通科技,20201221
688667.SH,菱电电控,20210312
688218.SH,江苏北人,20191211
688072.SH,拓荆科技,20220420
688047.SH,龙芯中科,20220624
688045.SH,必易微,20220526
688028.SH,沃尔德,20190722
605388.SH,均瑶健康,20200818
605338.SH,巴比食品,20201012
920239.BJ,长虹能源,20210209
920237.BJ,力佳科技,20221125
920230.BJ,欧康医药,20221209
920227.BJ,美登科技,20221228
920225.BJ,利通科技,20210225
920223.BJ,荣亿精密,20220609
688518.SH,联赢激光,20200622
688345.SH,博力威,20210611
688248.SH,南网科技,20211222
688247.SH,宣泰医药,20220825
688246.SH,嘉和美康,20211214
688244.SH,永信至诚,20221019
688239.SH,航宇科技,20210705
688238.SH,和元生物,20220322
688277.SH,天智航,20200707
688276.SH,百克生物,20210625
688275.SH,万润新能,20220929
688273.SH,麦澜德,20220811
688272.SH,富吉瑞,20211018
688271.SH,联影医疗,20220822
688270.SH,ST臻镭,20220127
688268.SH,华特气体,20191226
688106.SH,金宏气体,20200616
688071.SH,华依科技,20210729
688062.SH,迈威生物,20220118
688046.SH,药康生物,20220425
688030.SH,山石网科,20190930
605599.SH,菜百股份,20210909
605500.SH,森林包装,20201222
605368.SH,蓝天燃气,20210129
601890.SH,亚星锚链,20101228
688295.SH,中复神鹰,20220406
688293.SH,奥浦迈,20220902
688292.SH,浩瀚深度,20220818
688291.SH,金橙子,20221026
688290.SH,景业智能,20220429
688289.SH,圣湘生物,20200828
688288.SH,鸿泉技术,20191106
688286.SH,敏芯股份,20200810
688285.SH,高铁电气,20211020
688283.SH,坤恒顺维,20220215
688282.SH,理工导航,20220318
688281.SH,华秦科技,20220307
688280.SH,精进电动,20211027
688278.SH,特宝生物,20200117
688123.SH,聚辰股份,20191223
601992.SH,金隅集团,20110301
688312.SH,燕麦科技,20200608
688311.SH,盟升电子,20200731
688310.SH,迈得医疗,20191203
688309.SH,恒誉科技,20200714
688308.SH,欧科亿,20201210
688307.SH,中润光学,20230216
688306.SH,均普智能,20220322
688305.SH,科德数控,20210709
688303.SH,大全能源,20210722
688302.SH,海创药业,20220412
688301.SH,奕瑞科技,20200918
688298.SH,东方生物,20200205
688297.SH,中无人机,20220629
688115.SH,思林杰,20220314
688049.SH,炬芯科技,20211129
603587.SH,地素时尚,20180622
603029.SH,天鹅股份,20160427
688326.SH,经纬恒润,20220419
688325.SH,赛微微电,20220422
688323.SH,瑞华泰,20210428
688322.SH,奥比中光,20220707
688321.SH,微芯生物,20190812
688320.SH,禾川科技,20220428
688319.SH,欧林生物,20210608
688318.SH,财富趋势,20200427
688317.SH,之江生物,20210118
688316.SH,青云科技,20210316
688315.SH,诺禾致源,20210413
688314.SH,康拓医疗,20210518
688313.SH,仕佳光子,20200812
688191.SH,智洋创新,20210408
688117.SH,圣诺生物,20210603
688103.SH,国力电子,20210910
603068.SH,博通集成,20190415
920242.BJ,建邦科技,20200727
688339.SH,亿华通,20200810
688338.SH,赛科希德,20200806
688337.SH,普源精电,20220408
688336.SH,三生国健,20200722
688335.SH,复洁科技,20200817
688334.SH,西高院,20230619
688333.SH,铂力特,20190722
688332.SH,中科蓝讯,20220715
688331.SH,荣昌生物,20220331
688330.SH,宏力达,20201015
688329.SH,艾隆科技,20210329
688328.SH,深科达,20210309
688327.SH,云从科技,20220527
688158.SH,优刻得,20200120
688137.SH,近岸蛋白,20220929
603105.SH,芯能科技,20180709
688360.SH,德马科技,20200602
688359.SH,三孚新科,20210521
688358.SH,祥生医疗,20191203
688357.SH,建龙微纳,20191204
688356.SH,键凯科技,20200826
688355.SH,明志科技,20210512
688353.SH,华盛锂电,20220713
688352.SH,颀中科技,20230420
688351.SH,微电生理,20220831
688350.SH,富淼科技,20210128
688349.SH,三一重能,20220622
688348.SH,昱能科技,20220608
688347.SH,华虹宏力,20230807
688211.SH,中科微至,20211026
688183.SH,生益电子,20210225
688177.SH,百奥泰,20200221
603859.SH,能科科技,20161021
920249.BJ,利尔达,20230217
920247.BJ,华密新材,20221223
920245.BJ,威博液压,20220106
688539.SH,高华科技,20230418
688373.SH,盟科药业,20220805
688372.SH,伟测科技,20221026
688371.SH,菲沃泰,20220802
688370.SH,丛麟科技,20220825
688369.SH,致远互联,20191031
688368.SH,晶丰明源,20191014
688367.SH,工大高科,20210628
688366.SH,昊海生科,20191030
688365.SH,光云科技,20200429
688363.SH,华熙生物,20191106
688362.SH,甬矽电子,20221116
920261.BJ,一诺威,20230403
920260.BJ,中寰股份,20211115
920252.BJ,天宏锂电,20230119
688385.SH,复旦微电,20210804
688383.SH,新益昌,20210428
688382.SH,益方生物,20220725
688381.SH,帝奥微,20220823
688380.SH,中微半导,20220805
688379.SH,华光新材,20200819
688378.SH,奥来德,20200903
688377.SH,迪威尔,20200708
688376.SH,美埃科技,20221118
688375.SH,国博电子,20220722
688300.SH,联瑞新材,20191115
688269.SH,凯立新材,20210609
920263.BJ,中航泰达,20200727
920262.BJ,太湖雪,20221230
688399.SH,硕世生物,20191205
688398.SH,赛特新材,20200211
688396.SH,华润微,20200227
688395.SH,正弦电气,20210429
688393.SH,安必平,20200820
688392.SH,骄成超声,20220927
688391.SH,钜泉科技,20220913
688390.SH,固德威,20200904
688389.SH,普门科技,20191105
688388.SH,嘉元科技,20190722
688387.SH,信科移动,20220926
688386.SH,泛亚微透,20201016
688299.SH,长阳科技,20191106
920270.BJ,天铭科技,20220902
920266.BJ,生物谷,20200727
920082.BJ,方正阀门,20241226
688429.SH,时创能源,20230629
688428.SH,诺诚健华,20220921
688426.SH,康为世纪,20221025
688425.SH,铁建重工,20210622
688420.SH,美腾科技,20221209
688419.SH,耐科装备,20221107
688418.SH,震有科技,20200722
688416.SH,恒烁股份,20220829
688411.SH,海博思创,20250127
688410.SH,山外山,20221226
688409.SH,富创精密,20221010
688408.SH,中信博,20200828
920273.BJ,一致魔芋,20230221
920271.BJ,邦德股份,20220602
920086.BJ,科马材料,20260116
688469.SH,芯联集成,20230510
688466.SH,金科环境,20200508
688459.SH,哈铁科技,20221012
688458.SH,美芯晟,20230522
688456.SH,有研粉材,20210317
688455.SH,科捷智能,20220915
688450.SH,光格科技,20230724
688449.SH,联芸科技,20241129
688448.SH,磁谷科技,20220921
688443.SH,智翔金泰,20230620
688439.SH,振华风光,20220826
688435.SH,英方软件,20230119
001213.SZ,中铁特货,20210908
688503.SH,聚和材料,20221209
688501.SH,青达环保,20210716
688499.SH,利元亨,20210701
688498.SH,源杰科技,20221221
688496.SH,*ST清越,20221228
688489.SH,三未信安,20221202
688488.SH,艾迪药业,20200720
688486.SH,龙迅股份,20230221
688484.SH,南芯科技,20230407
688480.SH,赛恩斯,20221125
688479.SH,友车科技,20230511
688478.SH,晶升股份,20230424
688475.SH,萤石网络,20221228
688472.SH,阿特斯,20230609
688468.SH,科美诊断,20210409
603418.SH,友升股份,20250923
001212.SZ,中旗新材,20210823
920346.BJ,威贸电子,20220223
920275.BJ,驱动力,20210125
920274.BJ,宏裕包材,20230818
688517.SH,金冠电气,20210618
688516.SH,奥特维,20200521
688515.SH,裕太微,20230210
688513.SH,苑东生物,20200902
688512.SH,慧智微,20230516
688511.SH,天微电子,20210730
688510.SH,航亚科技,20201216
688509.SH,正元地信,20210730
688508.SH,芯朋微,20200722
688507.SH,索辰科技,20230418
688506.SH,百利天恒,20230106
920368.BJ,连城数控,20200727
920367.BJ,新赣江,20230209
920363.BJ,莱赛激光,20231228
920357.BJ,雅葆轩,20221118
920351.BJ,华光源海,20221229
688536.SH,思瑞浦,20200921
688535.SH,华海诚科,20230404
688533.SH,上声电子,20210419
688531.SH,日联科技,20230331
688530.SH,欧莱新材,20240509
688529.SH,豪森智能,20201109
688528.SH,秦川物联,20200701
688526.SH,科前生物,20200922
688525.SH,佰维存储,20221230
001211.SZ,双枪科技,20210805
920370.BJ,新安洁,20200727
688567.SH,孚能科技,20200717
688566.SH,吉贝尔,20200518
688565.SH,力源科技,20210513
688563.SH,航材股份,20230719
688562.SH,航天软件,20230524
688561.SH,奇安信,20200722
688560.SH,明冠新材,20201224
688559.SH,海目星,20200909
688558.SH,国盛智科,20200630
688557.SH,兰剑智能,20201202
688556.SH,高测股份,20200807
688553.SH,汇宇制药,20211026
688552.SH,航天南湖,20230518
688551.SH,科威尔,20200910
688549.SH,中巨芯,20230908
920378.BJ,泰德股份,20220620
920375.BJ,派诺科技,20231214
920374.BJ,云里物里,20221129
920267.BJ,鑫汇科,20220527
688582.SH,芯动联科,20230630
688581.SH,安杰思,20230519
688580.SH,伟思医疗,20200721
688579.SH,地纬智能,20200717
688578.SH,艾力斯,20201202
688577.SH,浙海德曼,20200916
688576.SH,西山科技,20230606
688575.SH,亚辉龙,20210517
688573.SH,信宇人,20230817
001210.SZ,金房能源,20210729
688603.SH,天承科技,20230710
688601.SH,力芯微,20210628
688600.SH,皖仪科技,20200703
688598.SH,金博股份,20200518
688597.SH,煜邦电力,20210617
688596.SH,正帆科技,20200820
688595.SH,芯海科技,20200928
688593.SH,新相微,20230601
688592.SH,司南导航,20230816
688591.SH,泰凌微,20230825
688590.SH,新致软件,20201207
688589.SH,力合微,20200722
688588.SH,凌志软件,20200511
688586.SH,江航装备,20200731
688585.SH,上纬新材,20200928
688584.SH,上海合晶,20240208
920392.BJ,佳合科技,20221230
688619.SH,罗普特,20210223
688618.SH,三旺通信,20201230
688617.SH,惠泰医疗,20210107
688616.SH,西力科技,20210318
688615.SH,合合信息,20240926
688613.SH,奥精医疗,20210521
688612.SH,威迈斯,20230726
688611.SH,杭州柯林,20210412
688610.SH,埃科光电,20230719
688609.SH,九联科技,20210323
688608.SH,恒玄科技,20201216
688607.SH,康众科技,20210201
688606.SH,奥泰生物,20210325
688605.SH,先锋精科,20241212
688602.SH,康鹏科技,20230720
920405.BJ,海希通讯,20211105
920403.BJ,康农种业,20240118
920402.BJ,硅烷科技,20220928
920396.BJ,常辅股份,20201118
920395.BJ,朗鸿科技,20220901
920394.BJ,民士达,20230425
920344.BJ,三元基因,20210108
920339.BJ,恒太照明,20221117
920304.BJ,迪尔化工,20230418
920300.BJ,辰光医疗,20221207
920299.BJ,灿能电力,20220610
920284.BJ,灵鸽科技,20231219
920547.BJ,无锡晶海,20231212
920541.BJ,铁大科技,20230310
920663.BJ,明阳科技,20230315
920662.BJ,方盛股份,20221128
920656.BJ,海昇药业,20240202
920651.BJ,天罡股份,20230627
920641.BJ,格利尔,20221202
920725.BJ,惠丰钻石,20220718
920720.BJ,吉冈精密,20211124
920719.BJ,宁新新材,20230526
920718.BJ,合肥高科,20221222
920717.BJ,瑞星股份,20230703
920706.BJ,铁拓机械,20240308
920703.BJ,广厦环能,20231205
920699.BJ,海达尔,20230509
920748.BJ,路桥信息,20230816
920735.BJ,德源药业,20210219
920726.BJ,朱老六,20210527
603719.SH,良品铺子,20200224
603718.SH,*ST海利,20150515
603716.SH,塞力医疗,20161031
603712.SH,七一二,20180226
603709.SH,中源家居,20180208
603708.SH,家家悦,20161213
603707.SH,健友股份,20170719
603706.SH,东方环宇,20180709
603703.SH,盛洋科技,20150423
603701.SH,德宏股份,20160412
603700.SH,宁水集团,20190122
603699.SH,纽威股份,20140117
920781.BJ,瑞奇智造,20221226
920779.BJ,武汉蓝电,20230601
920768.BJ,拾比佰,20210628
920753.BJ,天纺标,20221031
920751.BJ,惠同新材,20230717
688692.SH,达梦数据,20240612
688685.SH,迈信林,20210513
688683.SH,莱尔科技,20210412
688682.SH,霍莱沃,20210420
688681.SH,科汇股份,20210616
688680.SH,海优新材,20210122
688679.SH,通源环境,20201225
688678.SH,福立旺,20201223
920790.BJ,联迪信息,20220902
920786.BJ,骑士乳业,20231013
688707.SH,振华新材,20210914
688702.SH,盛科通信,20230914
688701.SH,卓锦股份,20210916
688700.SH,东威科技,20210615
688699.SH,明微电子,20201218
688698.SH,伟创电气,20201229
688697.SH,纽威数控,20210917
688696.SH,极米科技,20210303
688695.SH,中创股份,20240313
688693.SH,锴威特,20230818
688691.SH,灿芯股份,20240411
688690.SH,纳微科技,20210623
688689.SH,银河微电,20210127
688687.SH,凯因科技,20210208
920810.BJ,春光智能,20221216
920806.BJ,云星宇,20240111
920792.BJ,东和新材,20230330
920729.BJ,永顺生物,20200727
688726.SH,拉普拉斯,20241029
688722.SH,同益中,20211019
688721.SH,龙图光罩,20240806
688720.SH,艾森股份,20231206
688719.SH,爱科赛博,20230928
688718.SH,唯赛勃,20210728
688717.SH,艾罗能源,20240103
688716.SH,中研股份,20230920
688711.SH,宏微科技,20210901
688710.SH,益诺思,20240903
688599.SH,天合光能,20200610
920819.BJ,颖泰生物,20200727
920419.BJ,路斯股份,20220311
688775.SH,影石创新,20250611
688768.SH,容知日新,20210726
688767.SH,博拓生物,20210908
688766.SH,普冉股份,20210823
688765.SH,禾元生物,20251028
688759.SH,必贝特,20251028
688758.SH,赛分科技,20250110
688757.SH,胜科纳米,20250325
688755.SH,汉邦科技,20250516
688750.SH,金天钛业,20241120
688739.SH,成大生物,20211028
688737.SH,中自科技,20211022
688733.SH,壹石通,20210817
688729.SH,屹唐股份,20250708
920834.BJ,三维装备,20220822
920821.BJ,则成电子,20220706
920770.BJ,艾能聚,20230228
920765.BJ,美之高,20210705
688796.SH,百奥赛图,20251210
688795.SH,摩尔线程,20251205
688793.SH,倍轻松,20210715
688790.SH,昂瑞微,20251216
688789.SH,宏华数科,20210708
688788.SH,科思科技,20201022
688787.SH,海天瑞声,20210813
688786.SH,悦安新材,20210826
688783.SH,西安奕材,20251028
688779.SH,五矿新能,20210811
688778.SH,厦钨新能,20210805
688777.SH,中控技术,20201124
920839.BJ,万通液压,20201109
920837.BJ,华原股份,20230515
920809.BJ,安达科技,20230323
920808.BJ,曙光数创,20221118
920807.BJ,奔朗新材,20221220
920802.BJ,保丽洁,20230206
920799.BJ,艾融软件,20200727
920000.BJ,安徽凤凰,20201223
688981.SH,中芯国际,20200716
688819.SH,天能股份,20210118
688809.SH,强一股份,20251230
688805.SH,健信超导,20251224
688802.SH,沐曦股份,20251217
688800.SH,瑞可达,20210722
688799.SH,华纳药厂,20210713
920855.BJ,浙江大农,20221229
920018.BJ,宏远股份,20250820
920017.BJ,星昊医药,20230531
920016.BJ,中草香料,20240913
920015.BJ,锦华新材,20250925
920014.BJ,特瑞斯,20221213
920010.BJ,凯添燃气,20200727
920009.BJ,丹娜生物,20251103
920008.BJ,成电光信,20240829
920007.BJ,酉立智能,20250808
920006.BJ,晟楠科技,20230518
920005.BJ,鼎佳精密,20250731
920003.BJ,中诚咨询,20251107
920002.BJ,万达轴承,20240530
920001.BJ,纬达光电,20221227
688807.SH,优迅股份,20251219
920832.BJ,齐鲁华信,20210223
920045.BJ,蘅东光,20251231
920039.BJ,国义招标,20210818
920037.BJ,广信科技,20250626
920035.BJ,精创电气,20251202
920033.BJ,康普化学,20221221
920030.BJ,德众汽车,20201127
920029.BJ,开发科技,20250328
920027.BJ,交大铁发,20250610
920026.BJ,卓兆点胶,20231019
920023.BJ,*ST田野,20230202
920022.BJ,世昌股份,20250919
920021.BJ,流金科技,20200727
920020.BJ,泰凯英,20251028
920019.BJ,铜冠矿建,20241011
688296.SH,和达科技,20210727
001237.SZ,惠康科技,20260522
001220.SZ,世盟股份,20260203
920178.BJ,锐翔智能,20260515
920177.BJ,恒道科技,20260416
688811.SH,有研复材,20260410
688808.SH,联讯仪器,20260424
688785.SH,恒运昌,20260128
688781.SH,视涯科技,20260325
688712.SH,北芯生命,20260205
920258.BJ,聚仁新材,20260803
001232.SZ,嘉立创,20260804
920238.BJ,长鹰硬科,20260724
920176.BJ,维琪科技,20260727
920189.BJ,康美特,20260708
920222.BJ,益坤电气,20260630
920193.BJ,吉和昌,20260702
920220.BJ,朗信电气,20260522
920211.BJ,新睿电子,20260605
920206.BJ,彩客科技,20260608
920200.BJ,振宏股份,20260507
920191.BJ,瑞尔竞达,20260420
920188.BJ,悦龙科技,20260330
920298.BJ,腾信精密,20260916
601091.SH,C沈鼓,20260917
920268.BJ,百迈科,20260909
920269.BJ,杰锋动力,20260907
603448.SH,天博智能,20260907
301699.SZ,洛轴股份,20260909
920288.BJ,华大海天,20260828
001207.SZ,联科科技,20210623
688635.SH,长进光子,20260527
603459.SH,红板科技,20260408
603435.SH,嘉德利,20260522
603407.SH,长裕集团,20260511
603293.SH,埃泰克,20260416
603284.SH,林平发展,20260210
601112.SH,振石股份,20260129
920092.BJ,汉鑫科技,20211115
920091.BJ,大鹏工业,20251121
920080.BJ,奥美森,20251010
920077.BJ,吉林碳谷,20210831
920076.BJ,国亮新材,20260122
920075.BJ,柏星龙,20221214
001206.SZ,依依股份,20210518
001205.SZ,盛航股份,20210513
001203.SZ,大中矿业,20210510
001202.SZ,炬申股份,20210429
688836.SH,宇树科技,20260819
920028.BJ,新恒泰,20260320
688816.SH,易思维,20260211
688813.SH,泰金新能,20260331
301680.SZ,固德电材,20260306
301669.SZ,高特电子,20260609
301666.SZ,大普微,20260416
301599.SZ,理奇智能,20260430
301531.SZ,春光集团,20260511
920167.BJ,同享科技,20200727
920158.BJ,长江能科,20251016
920128.BJ,胜业电气,20241129
920089.BJ,禾昌聚合,20211109
920088.BJ,科力股份,20241029
920087.BJ,秋乐种业,20221207
920093.BJ,信胜科技,20260821
920107.BJ,恒兴股份,20260817
301717.SZ,超纯应材,20260811
603468.SH,津富士达,20260806
920069.BJ,普昂医疗,20260327
920055.BJ,隆源股份,20260331
920036.BJ,觅睿科技,20260309
920012.BJ,创达新材,20260413
688820.SH,盛合晶微,20260421
688818.SH,电科蓝天,20260210
920106.BJ,林泰新材,20241218
920101.BJ,志高机械,20250814
920100.BJ,三协电机,20250908
920099.BJ,瑞华技术,20240925
920098.BJ,科隆新材,20241205
688626.SH,翔宇医疗,20210331
688797.SH,臻宝科技,20260624
920168.BJ,通宝光电,20260226
920126.BJ,永大股份,20260615
920125.BJ,鸿仕达,20260424
920119.BJ,美德乐,20260130
920011.BJ,晨光电机,20260408
920124.BJ,南特科技,20251127
920123.BJ,芭薇股份,20240329
920122.BJ,中纺标,20220927
920121.BJ,江天科技,20251225
920118.BJ,太湖远大,20240822
920116.BJ,星图测控,20250102
920112.BJ,巴兰仕,20250828
920111.BJ,聚星科技,20241111
920110.BJ,雷特科技,20221206
920108.BJ,宏海科技,20250206
688828.SH,国仪公司,20260811
920065.BJ,千岸科技,20260729
301707.SZ,展芯股份,20260807
920156.BJ,海昌智能,20260427
920096.BJ,嘉晨智能,20260518
920083.BJ,金戈新材,20260611
920078.BJ,族兴新材,20260318
920169.BJ,七丰精工,20220415
920152.BJ,昆工科技,20220901
920149.BJ,旭杰科技,20200727
920146.BJ,华阳变速,20210720
920145.BJ,恒合股份,20211115
920139.BJ,华岭股份,20221028
920132.BJ,泰鹏智能,20231116
920130.BJ,立方控股,20231102
920165.BJ,珈凯生物,20260811
301677.SZ,欣兴工具,20260730
688825.SH,长鑫科技,20260727
920079.BJ,乔路铭,20260722
920117.BJ,龙鑫智能,20260716
688806.SH,泰诺麦博,20260721
920081.BJ,欧伦电气,20260710
920136.BJ,永励精密,20260709
301583.SZ,托伦斯,20260710
001248.SZ,华润新能源,20260702
920072.BJ,科莱瑞迪,20260629
001399.SZ,惠科股份,20260626
920166.BJ,海圣医疗,20260212
920161.BJ,龙辰科技,20260527
920159.BJ,农大科技,20260128
920163.BJ,方大新材,20200727
920160.BJ,北矿检测,20251118
920190.BJ,雷神科技,20221223
920185.BJ,贝特瑞,20200727
920184.BJ,国源科技,20200727
920179.BJ,凯德石英,20220304
920175.BJ,东方碳素,20230630
920174.BJ,五新智能,20210820
920171.BJ,志晟信息,20211115
000987.SZ,越秀资本,20000718
000985.SZ,大庆华科,20000726
000983.SZ,山西焦煤,20000726
000981.SZ,山子高科,20000622
000980.SZ,众泰汽车,20000616
000978.SZ,桂林旅游,20000518
920208.BJ,青矩技术,20230629
920207.BJ,众诚科技,20220923
920204.BJ,沪江材料,20220118
000977.SZ,浪潮信息,20000608
000975.SZ,山金国际,20000608
000973.SZ,佛塑科技,20000525
000972.SZ,中基健康,20000926
000970.SZ,中科三环,20000420
000951.SZ,中国重汽,19991125
920422.BJ,润普食品,20230301
920415.BJ,恒拓开源,20200727
920414.BJ,欧普泰,20221212
920407.BJ,驰诚股份,20230216
000905.SZ,厦门港务,19990429
000903.SZ,ST云动,19990415
000902.SZ,新洋丰,19990408
000901.SZ,航天科技,19990401
920510.BJ,丰光精密,20201228
000882.SZ,华联股份,19980616
000881.SZ,中广核技,19980902
000880.SZ,潍柴重机,19980402
000877.SZ,天山股份,19990107
000876.SZ,新希望,19980311
000828.SZ,东莞控股,19970617
000826.SZ,*ST启环,19980225
000825.SZ,太钢不锈,19981021
000823.SZ,超声电子,19971008
000822.SZ,山东海化,19980703
000820.SZ,神雾节能,19980630
000819.SZ,岳阳兴长,19970625
000818.SZ,航锦科技,19971017
000816.SZ,智慧农业,19970818
000815.SZ,美利云,19980609
000813.SZ,德展健康,19980519
000812.SZ,陕西金叶,19980623
000811.SZ,冰轮环境,19980528
000810.SZ,创维数字,19980602
000809.SZ,和展能源,19980616
300668.SZ,杰恩股份,20170619
300666.SZ,江丰电子,20170615
300665.SZ,飞鹿股份,20170613
300662.SZ,科锐国际,20170608
000802.SZ,北京文化,19980108
000801.SZ,四川九洲,19980506
000800.SZ,一汽解放,19970618
000799.SZ,酒鬼酒,19970718
000798.SZ,中水渔业,19980212
300457.SZ,赢合科技,20150514
300455.SZ,航天智装,20150515
300452.SZ,山河药辅,20150515
300442.SZ,润泽科技,20150424
300441.SZ,鲍斯股份,20150423
300421.SZ,力星股份,20150217
300311.SZ,任子行,20120425
300122.SZ,智飞生物,20100928
300110.SZ,华仁药业,20100825
300106.SZ,西部牧业,20100820
002848.SZ,高斯贝尔,20170213
002842.SZ,翔鹭钨业,20170119
002841.SZ,视源股份,20170119
002840.SZ,华统股份,20170110
000668.SZ,荣丰控股,19961210
300516.SZ,久之洋,20160602
300515.SZ,三德科技,20160608
300510.SZ,金冠股份,20160506
300509.SZ,新美星,20160425
300507.SZ,苏奥传感,20160429
300499.SZ,高澜股份,20160202
000603.SZ,盛达资源,19960823
000601.SZ,韶能股份,19960830
000600.SZ,建投能源,19960606
000599.SZ,青岛双星,19960430
000598.SZ,兴蓉环境,19960529
000597.SZ,东北制药,19960523
000581.SZ,威孚高科,19980924
000576.SZ,甘化科工,19940907
000573.SZ,粤宏远A,19940815
000572.SZ,海马汽车,19940808
000571.SZ,新大洲A,19940525
300576.SZ,容大感光,20161220
000543.SZ,皖能电力,19931220
000541.SZ,佛山照明,19931123
000539.SZ,粤电力A,19931126
000538.SZ,云南白药,19931215
000537.SZ,绿发电力,19931210
000536.SZ,华映科技,19931126
000534.SZ,万泽股份,19940110
000533.SZ,顺钠股份,19940103
000532.SZ,华金资本,19940103
000531.SZ,穗恒运A,19940106
000530.SZ,冰山冷热,19931208
000529.SZ,广弘控股,19931118
000528.SZ,柳工,19931118
000526.SZ,学大教育,19931101
300618.SZ,寒锐钴业,20170306
300616.SZ,尚品宅配,20170307
300615.SZ,欣天科技,20170215
300614.SZ,百川畅银,20210525
300612.SZ,宣亚国际,20170215
000525.SZ,红太阳,19931028
000524.SZ,岭南控股,19931118
000523.SZ,红棉股份,19931108
000521.SZ,长虹美菱,19931018
000100.SZ,TCL科技,20040130
601880.SH,辽港股份,20101206
920642.BJ,通易航天,20210816
688837.SH,信诺维,20260916
688801.SH,燧原科技,20260911
920289.BJ,华汇智能,20260904
301689.SZ,电科思仪,20260910
920071.BJ,金钛股份,20260903
920992.BJ,中科美菱,20221018
920976.BJ,视声智能,20230901
920974.BJ,凯大催化,20230308
920971.BJ,天马新材,20220927
920970.BJ,大禹生物,20220518
920964.BJ,润农节水,20200727
920961.BJ,创远信科,20200727
920953.BJ,国子软件,20230823
920946.BJ,森萱医药,20200727
