symbol,name,best_band,top1000_years,n_snap_top1000,band_1001_1800_years,n_snap_1001_1800,delisted,in_project
000830.SZ,鲁西化工,301_800,2007-2026,284,,0,,N
600563.SH,法拉电子,301_800,2007-2026,284,,0,,N
000563.SZ,陕国投A,301_800,2007-2026,281,2026-2026,3,,N
600580.SH,卧龙电驱,301_800,2007-2026,281,,0,,N
002056.SZ,横店东磁,301_800,2007-2026,278,,0,,N
600056.SH,中国医药,301_800,2007-2025,275,2025-2026,9,,N
000513.SZ,丽珠集团,301_800,2007-2026,270,,0,,N
000998.SZ,隆平高科,301_800,2007-2025,263,2026-2026,3,,N
000050.SZ,深天马A,301_800,2007-2026,260,,0,,N
600765.SH,中航重机,301_800,2009-2026,260,,0,,N
002048.SZ,宁波华翔,301_800,2007-2026,256,2023-2026,28,,N
600511.SH,国药股份,301_800,2007-2026,256,,0,,N
600416.SH,湘电股份,301_800,2007-2026,254,2026-2026,6,,N
600064.SH,南京高科,301_800,2007-2025,253,2023-2026,25,,N
000887.SZ,中鼎股份,301_800,2009-2026,248,,0,,N
002249.SZ,大洋电机,301_800,2009-2026,246,,0,,N
000683.SZ,博源化工,301_800,2007-2026,244,2014-2021,33,,N
600120.SH,浙江东方,301_800,2007-2026,241,2022-2026,20,,N
600388.SH,紫金龙净,301_800,2007-2026,241,,0,,N
000028.SZ,国药一致,301_800,2007-2023,240,2022-2026,44,,N
600195.SH,中牧股份,301_800,2007-2023,239,2023-2025,24,,N
600507.SH,方大特钢,301_800,2007-2023,238,2017-2026,34,,N
600323.SH,瀚蓝环境,301_800,2007-2026,237,2015-2023,18,,N
600409.SH,三友化工,301_800,2007-2023,237,2023-2026,33,,N
000987.SZ,越秀资本,301_800,2007-2026,236,2015-2017,24,,N
600499.SH,科达制造,301_800,2009-2026,236,2020-2020,6,,N
000090.SZ,天健集团,301_800,2007-2023,235,2022-2025,40,,N
000762.SZ,西藏矿业,301_800,2007-2026,235,2025-2026,13,,N
600755.SH,厦门国贸,301_800,2007-2025,235,,0,,N
600720.SH,中交设计,301_800,2007-2026,228,2018-2024,47,,N
000078.SZ,ST海王,301_800,2007-2021,227,,0,,N
000501.SZ,武商集团,301_800,2007-2021,227,,0,,N
002191.SZ,劲嘉股份,301_800,2008-2023,227,2023-2025,24,,N
000537.SZ,绿发电力,301_800,2007-2026,222,2014-2017,32,,N
600557.SH,康缘药业,301_800,2007-2023,220,2020-2026,64,,N
600776.SH,东方通信,301_800,2007-2022,215,2022-2026,51,,N
000062.SZ,深圳华强,301_800,2007-2026,214,2014-2025,23,,N
000006.SZ,深振业A,301_800,2007-2020,211,2020-2024,46,,N
002266.SZ,浙富控股,301_800,2009-2026,209,,0,,N
000158.SZ,常山北明,301_800,2007-2022,208,2015-2016,7,,N
002019.SZ,亿帆医药,301_800,2008-2025,208,2015-2026,14,,N
600366.SH,宁波韵升,301_800,2007-2025,206,2019-2026,78,,N
600529.SH,山东药玻,301_800,2007-2026,206,2014-2026,6,,N
002444.SZ,巨星科技,301_800,2011-2026,204,,0,,N
600640.SH,国脉文化,301_800,2007-2021,204,2024-2026,21,,N
000926.SZ,福星股份,301_800,2007-2019,203,2019-2021,24,,N
002041.SZ,登海种业,301_800,2007-2022,203,2019-2026,81,,N
600363.SH,联创光电,301_800,2007-2026,202,2014-2022,52,,N
600260.SH,*ST凯乐(退),301_800,2007-2021,198,,0,20230215,N
601000.SH,唐山港,301_800,2011-2026,198,,0,,N
600086.SH,退金钰(退),301_800,2007-2019,197,,0,20210317,N
600122.SH,*ST宏图(退),301_800,2007-2019,197,,0,20230626,N
600240.SH,退华业(退),301_800,2007-2019,197,,0,20200205,N
600292.SH,电投水电,301_800,2007-2026,194,2025-2026,6,,N
002123.SZ,梦网科技,301_800,2009-2025,192,2022-2026,36,,N
002022.SZ,科华生物,301_800,2007-2021,191,2018-2022,28,,N
600525.SH,长园集团,301_800,2007-2019,191,,0,,N
002408.SZ,齐翔腾达,301_800,2011-2025,189,2025-2026,15,,N
600284.SH,浦东建设,301_800,2007-2019,188,2019-2024,57,,N
600702.SH,舍得酒业,301_800,2007-2020,188,2020-2020,1,,N
600864.SH,哈投股份,301_800,2007-2024,188,2020-2026,66,,N
002332.SZ,仙琚制药,301_800,2010-2024,187,2021-2026,31,,N
600059.SH,古越龙山,301_800,2007-2021,187,2018-2026,91,,N
600496.SH,精工钢构,301_800,2007-2021,187,2019-2024,58,,N
600594.SH,益佰制药,301_800,2007-2019,187,,0,,N
000816.SZ,智慧农业,301_800,2007-2018,185,,0,,N
600289.SH,ST信通,301_800,2007-2018,185,,0,,N
600478.SH,科力远,301_800,2009-2023,185,2023-2026,37,,N
600491.SH,ST龙元,301_800,2007-2020,185,2015-2024,72,,N
600618.SH,氯碱化工,301_800,2008-2019,185,2019-2026,87,,N
600586.SH,金晶科技,301_800,2007-2023,184,2021-2026,49,,N
002203.SZ,海亮股份,301_800,2008-2026,181,2016-2019,25,,N
601678.SH,滨化股份,301_800,2011-2026,181,2020-2026,23,,N
600736.SH,苏州高新,301_800,2007-2019,180,2019-2021,29,,N
600777.SH,新潮能源,301_800,2007-2024,180,2015-2015,1,,N
000417.SZ,合百集团,301_800,2007-2017,179,,0,,N
000616.SZ,*ST海投(退),301_800,2007-2017,179,,0,20230823,N
600291.SH,退西水(退),301_800,2008-2021,179,2014-2014,1,20220614,N
600651.SH,飞乐音响,301_800,2008-2018,179,2024-2026,28,,N
600831.SH,广电网络,301_800,2007-2017,179,2019-2021,24,,N
600067.SH,冠城新材,301_800,2007-2018,177,2018-2020,26,,N
601880.SH,辽港股份,301_800,2012-2026,176,,0,,N
600565.SH,ST迪马(退),301_800,2007-2020,175,2014-2023,33,20240807,N
000990.SZ,诚志股份,301_800,2007-2023,174,2014-2026,62,,N
000919.SZ,金陵药业,301_800,2007-2017,173,,0,,N
600337.SH,ST美克,301_800,2007-2020,173,2017-2022,48,,N
600468.SH,百利电气,301_800,2007-2017,173,,0,,N
600826.SH,兰生股份,301_800,2007-2018,173,,0,,N
002276.SZ,万马股份,301_800,2010-2026,170,2019-2026,62,,N
600261.SH,阳光照明,301_800,2007-2017,169,2017-2022,64,,N
002237.SZ,恒邦股份,301_800,2009-2026,168,2018-2026,60,,N
600993.SH,马应龙,301_800,2007-2025,168,2019-2026,70,,N
600509.SH,天富能源,301_800,2007-2016,167,2024-2026,27,,N
600510.SH,黑牡丹,301_800,2007-2016,167,2020-2024,48,,N
600729.SH,重百集团,301_800,2007-2022,167,2022-2026,51,,N
600226.SH,亨通股份,301_800,2007-2026,166,2014-2026,19,,N
600995.SH,南网储能,301_800,2007-2026,166,2014-2023,77,,N
603077.SH,和邦生物,301_800,2013-2026,164,,0,,N
000525.SZ,红太阳,301_800,2007-2016,161,2017-2020,42,,N
000931.SZ,中关村,301_800,2007-2017,161,2019-2022,36,,N
002011.SZ,盾安环境,301_800,2009-2024,160,2022-2026,38,,N
600197.SH,伊力特,301_800,2007-2022,160,2015-2026,121,,N
600422.SH,昆药集团,301_800,2007-2025,159,2018-2026,57,,N
002250.SZ,联化科技,301_800,2011-2026,158,2023-2026,14,,N
600572.SH,康恩贝,301_800,2007-2024,158,2023-2026,24,,N
600622.SH,光大嘉宝,301_800,2007-2019,158,2014-2022,62,,N
600129.SH,太极集团,301_800,2007-2025,156,2015-2026,98,,N
600387.SH,退海越(退),301_800,2007-2015,155,,0,20250711,N
600488.SH,津药药业,301_800,2007-2015,155,2015-2016,12,,N
600545.SH,卓郎智能,301_800,2010-2021,155,,0,,N
600983.SH,惠而浦,301_800,2007-2015,155,2017-2017,6,,N
002440.SZ,闰土股份,301_800,2011-2022,153,2022-2024,24,,N
600536.SH,中国软件,301_800,2007-2026,153,,0,,N
600567.SH,山鹰国际,301_800,2007-2023,152,2014-2015,2,,N
002285.SZ,世联行,301_800,2010-2021,151,2021-2023,28,,N
002430.SZ,杭氧股份,301_800,2011-2026,151,2017-2020,29,,N
002326.SZ,永太科技,301_800,2010-2026,150,2014-2025,49,,N
600106.SH,重庆路桥,301_800,2007-2017,150,2014-2020,52,,N
000510.SZ,新金路,301_800,2007-2015,149,,0,,N
000600.SZ,建投能源,301_800,2008-2021,149,2014-2026,67,,N
000850.SZ,华茂股份,301_800,2007-2015,149,,0,,N
000989.SZ,九芝堂,301_800,2007-2019,149,2014-2024,77,,N
002181.SZ,粤传媒,301_800,2008-2016,149,2020-2026,19,,N
600439.SH,ST瑞贝卡,301_800,2007-2015,149,2015-2017,24,,N
600467.SH,好当家,301_800,2007-2015,149,2015-2020,66,,N
600830.SH,香溢融通,301_800,2007-2015,149,2015-2018,42,,N
600877.SH,电科芯片,301_800,2007-2026,147,2015-2026,53,,N
600623.SH,华谊集团,301_800,2010-2023,146,2014-2026,48,,N
000799.SZ,酒鬼酒,301_800,2009-2021,145,2018-2019,5,,N
002277.SZ,友阿股份,301_800,2010-2019,145,2019-2022,36,,N
600743.SH,华远控股,301_800,2010-2019,145,,0,,N
600815.SH,厦工股份,301_800,2007-2015,145,2015-2016,16,,N
000759.SZ,中百集团,301_800,2007-2014,144,2015-2015,2,,N
002251.SZ,步步高,301_800,2009-2020,144,2019-2026,49,,N
600888.SH,新疆众和,301_800,2007-2026,144,2022-2026,50,,N
600963.SH,岳阳林纸,301_800,2007-2021,144,2017-2026,104,,N
600967.SH,内蒙一机,301_800,2014-2026,144,2024-2025,3,,N
000852.SZ,石化机械,301_800,2008-2016,143,,0,,N
002368.SZ,太极股份,301_800,2013-2025,143,2025-2026,10,,N
300088.SZ,长信科技,301_800,2014-2026,143,,0,,N
600054.SH,黄山旅游,301_800,2007-2014,143,2017-2022,60,,N
600131.SH,国网信通,301_800,2007-2026,143,2020-2020,4,,N
600268.SH,国电南自,301_800,2007-2014,143,2026-2026,3,,N
600683.SH,京投发展,301_800,2007-2014,143,2015-2017,24,,N
600723.SH,首商股份(退),301_800,2007-2014,143,2015-2016,18,20211022,N
601777.SH,千里科技,301_800,2011-2026,143,2022-2024,23,,N
002091.SZ,江苏国泰,301_800,2010-2022,142,2016-2026,84,,N
600590.SH,泰豪科技,301_800,2007-2017,142,2014-2023,90,,N
000519.SZ,中兵红箭,301_800,2014-2026,141,2014-2014,2,,N
600420.SH,国药现代,301_800,2007-2024,141,2014-2026,113,,N
600699.SH,均胜电子,301_800,2013-2026,141,,0,,N
002185.SZ,华天科技,301_800,2014-2026,140,,0,,N
000848.SZ,承德露露,301_800,2007-2020,139,2020-2026,69,,N
000903.SZ,ST云动,301_800,2007-2020,139,2014-2023,63,,N
002701.SZ,奥瑞金,301_800,2013-2025,139,2023-2026,19,,N
600531.SH,豫光金铅,301_800,2007-2026,139,2014-2026,136,,N
000818.SZ,航锦科技,301_800,2007-2025,138,2017-2019,10,,N
002093.SZ,国脉科技,301_800,2008-2021,138,2025-2026,15,,N
600589.SH,大位科技,301_800,2007-2015,138,2014-2017,35,,N
000042.SZ,中洲控股,301_800,2007-2014,137,2015-2018,36,,N
000608.SZ,阳光股份,301_800,2007-2014,137,,0,,N
300115.SZ,长盈精密,301_800,2014-2026,137,,0,,N
600069.SH,退银鸽(退),301_800,2007-2014,137,2018-2020,24,20200827,N
600469.SH,风神股份,301_800,2007-2014,137,2014-2016,23,,N
601999.SH,出版传媒,301_800,2008-2015,137,2015-2016,12,,N
300253.SZ,卫宁健康,301_800,2014-2026,136,2026-2026,1,,N
002138.SZ,顺络电子,301_800,2014-2026,135,2015-2015,6,,N
002161.SZ,远望谷,301_800,2009-2017,135,2020-2021,18,,N
002221.SZ,东华能源,301_800,2013-2025,135,2024-2026,18,,N
002238.SZ,天威视讯,301_800,2009-2017,135,,0,,N
600425.SH,青松建化,301_800,2009-2017,135,,0,,N
002030.SZ,达安基因,301_800,2007-2024,134,,0,,N
600966.SH,博汇纸业,301_800,2007-2021,134,2018-2025,70,,N
000910.SZ,大亚圣象,301_800,2007-2020,133,2015-2023,71,,N
600824.SH,益民集团,301_800,2007-2015,133,2014-2018,34,,N
600789.SH,鲁抗医药,301_800,2007-2020,132,2014-2026,110,,N
000713.SZ,国投丰乐,301_800,2007-2013,131,2014-2016,23,,N
000936.SZ,华西股份,301_800,2007-2020,131,2015-2022,79,,N
002004.SZ,华邦健康,301_800,2007-2022,131,2022-2026,45,,N
002308.SZ,*ST威创(退),301_800,2010-2019,131,2019-2021,30,20240927,N
002345.SZ,潮宏基,301_800,2010-2019,131,2019-2026,27,,N
002439.SZ,启明星辰,301_800,2014-2026,131,,0,,N
002506.SZ,协鑫集成,301_800,2011-2026,131,,0,,N
600227.SH,赤天化,301_800,2007-2013,131,2016-2020,48,,N
600360.SH,华微电子,301_800,2007-2020,131,2014-2024,102,,N
600480.SH,凌云股份,301_800,2007-2025,131,2014-2026,135,,N
600533.SH,栖霞建设,301_800,2007-2014,131,2016-2020,54,,N
600708.SH,光明地产,301_800,2007-2019,131,2014-2021,54,,N
002063.SZ,远光软件,301_800,2012-2025,130,2021-2026,28,,N
600328.SH,中盐化工,301_800,2007-2022,130,2014-2026,64,,N
002268.SZ,电科网安,301_800,2014-2025,129,2025-2026,11,,N
002437.SZ,誉衡药业,301_800,2011-2020,129,2021-2023,27,,N
603568.SH,伟明环保,301_800,2015-2026,129,,0,,N
000554.SZ,泰山石油,301_800,2007-2014,128,2014-2018,45,,N
002262.SZ,恩华药业,301_800,2013-2026,127,2015-2022,29,,N
600636.SH,退市国化,301_800,2007-2015,127,2019-2022,36,20260629,N
600728.SH,佳都科技,301_800,2015-2026,127,2014-2026,8,,N
000911.SZ,*ST广糖,301_800,2007-2013,126,,0,,N
002373.SZ,千方科技,301_800,2014-2026,126,2026-2026,6,,N
600075.SH,新疆天业,301_800,2007-2013,126,2017-2026,111,,N
600288.SH,大恒科技,301_800,2007-2015,126,2014-2018,36,,N
600475.SH,华光环能,301_800,2007-2013,126,2014-2026,56,,N
600523.SH,贵航股份,301_800,2007-2013,126,2014-2023,107,,N
600725.SH,云维股份,301_800,2007-2013,126,,0,,N
600810.SH,神马股份,301_800,2007-2013,126,2019-2026,84,,N
600479.SH,千金药业,301_800,2007-2014,125,2014-2016,21,,N
600676.SH,久事动娱,301_800,2007-2015,125,2014-2021,78,,N
600844.SH,金煤科技,301_800,2009-2015,125,,0,,N
300009.SZ,安科生物,301_800,2015-2025,124,2014-2026,16,,N
000407.SZ,胜利股份,301_800,2007-2017,123,2015-2019,50,,N
000522.SZ,白云山A(退),301_800,2007-2013,123,,0,20130426,N
000584.SZ,工智退(退),301_800,2007-2018,123,2014-2020,51,20250711,N
300073.SZ,当升科技,301_800,2016-2026,123,2014-2017,17,,N
600773.SH,西藏城投,301_800,2011-2026,123,2019-2026,67,,N
000882.SZ,华联股份,301_800,2007-2018,122,2014-2022,61,,N
600686.SH,金龙汽车,301_800,2007-2015,122,2014-2026,91,,N
000428.SZ,华天酒店,301_800,2007-2015,121,2014-2017,29,,N
000861.SZ,海印股份(退),301_800,2010-2017,121,,0,20240918,N
600112.SH,*ST天成(退),301_800,2010-2017,121,,0,20240815,N
600127.SH,金健米业,301_800,2007-2015,121,2014-2016,23,,N
600230.SH,沧州大化,301_800,2007-2019,121,2014-2020,34,,N
600351.SH,亚宝药业,301_800,2010-2017,121,2019-2021,24,,N
000597.SZ,东北制药,301_800,2007-2012,120,2014-2026,107,,N
000837.SZ,秦川机床,301_800,2007-2012,120,2014-2026,92,,N
002690.SZ,美亚光电,301_800,2013-2025,120,2025-2026,15,,N
600178.SH,东安动力,301_800,2007-2012,120,,0,,N
600255.SH,鑫科材料,301_800,2007-2018,120,2018-2020,25,,N
600290.SH,*ST华仪(退),301_800,2007-2013,120,2014-2019,60,20240116,N
600293.SH,三峡新材,301_800,2007-2012,120,2014-2014,2,,N
600846.SH,同济科技,301_800,2007-2017,120,2015-2022,83,,N
000687.SZ,华讯退(退),301_800,2009-2017,119,2014-2020,36,20220617,N
002402.SZ,和而泰,301_800,2016-2026,119,2017-2018,4,,N
002544.SZ,普天科技,301_800,2014-2026,119,2021-2026,21,,N
300012.SZ,华测检测,301_800,2015-2026,119,2014-2018,21,,N
000905.SZ,厦门港务,301_800,2007-2015,118,2015-2021,73,,N
300166.SZ,东方国信,301_800,2015-2026,117,2014-2026,24,,N
300212.SZ,*ST易录,301_800,2014-2025,117,2016-2018,14,,N
002670.SZ,国盛证券,301_800,2017-2026,116,2014-2016,6,,N
002267.SZ,陕天然气,301_800,2009-2016,115,2018-2026,99,,N
002315.SZ,焦点科技,301_800,2010-2025,115,2024-2026,25,,N
002482.SZ,广田集团,301_800,2011-2020,115,2020-2021,12,,N
600168.SH,武汉控股,301_800,2007-2015,115,2014-2017,29,,N
600575.SH,淮河能源,301_800,2011-2021,115,2021-2026,63,,N
600711.SH,盛屯矿业,301_800,2014-2026,115,2020-2020,2,,N
000594.SZ,国恒退(退),301_800,2007-2012,114,,0,20150713,N
000899.SZ,赣能股份,301_800,2007-2012,114,2014-2026,62,,N
000972.SZ,中基健康,301_800,2007-2012,114,,0,,N
600202.SH,哈空调,301_800,2007-2012,114,,0,,N
600278.SH,东方创业,301_800,2007-2012,114,2014-2021,77,,N
600287.SH,苏豪时尚,301_800,2008-2013,114,2014-2017,35,,N
600359.SH,新农开发,301_800,2007-2012,114,2014-2018,41,,N
600391.SH,航发科技,301_800,2007-2017,114,2017-2026,88,,N
600423.SH,*ST柳化,301_800,2007-2012,114,,0,,N
600806.SH,退昆机(退),301_800,2007-2012,114,,0,20180713,N
603883.SH,老百姓,301_800,2015-2025,114,2025-2026,15,,N
000650.SZ,仁和药业,301_800,2010-2024,113,2017-2026,85,,N
002029.SZ,七匹狼,301_800,2007-2017,113,2019-2021,24,,N
002309.SZ,中利集团,301_800,2010-2017,113,2018-2022,42,,N
300244.SZ,迪安诊断,301_800,2014-2024,113,2024-2026,27,,N
600626.SH,申达股份,301_800,2007-2017,113,2016-2021,58,,N
002212.SZ,天融信,301_800,2010-2025,112,2014-2026,54,,N
002497.SZ,雅化集团,301_800,2014-2026,112,2015-2019,28,,N
600503.SH,华丽家族,301_800,2009-2020,112,2019-2022,29,,N
002342.SZ,巨力索具,301_800,2010-2018,111,,0,,N
600338.SH,西藏珠峰,301_800,2016-2026,111,2016-2025,12,,N
600650.SH,锦江在线,301_800,2007-2016,111,2014-2020,56,,N
600858.SH,银座股份,301_800,2007-2014,111,2014-2016,15,,N
603005.SH,晶方科技,301_800,2014-2026,111,,0,,N
603766.SH,隆鑫通用,301_800,2013-2026,111,2020-2024,47,,N
002505.SZ,鹏都农牧(退),301_800,2014-2024,110,,0,20240830,N
600263.SH,路桥建设(退),301_800,2007-2012,110,,0,20120301,N
600645.SH,中源协和,301_800,2013-2026,110,2022-2026,48,,N
000677.SZ,ST海龙,301_800,2007-2014,109,2014-2015,4,,N
000748.SZ,长城信息(退),301_800,2008-2016,109,,0,20170118,N
002489.SZ,浙江永强,301_800,2011-2019,109,2019-2026,78,,N
600429.SH,三元股份,301_800,2010-2016,109,,0,,N
600897.SH,厦门空港,301_800,2007-2015,109,2014-2020,33,,N
000514.SZ,渝开发,301_800,2008-2012,108,2014-2020,71,,N
000619.SZ,海螺新材,301_800,2007-2011,108,,0,,N
600082.SH,ST海泰,301_800,2007-2011,108,2014-2018,47,,N
600191.SH,华资实业,301_800,2007-2011,108,2016-2017,12,,N
600327.SH,大东方,301_800,2007-2011,108,2014-2016,23,,N
600855.SH,航天长峰,301_800,2007-2017,108,2017-2022,67,,N
600896.SH,退海医(退),301_800,2007-2011,108,,0,20220725,N
603228.SH,景旺电子,301_800,2017-2026,108,,0,,N
603868.SH,飞科电器,301_800,2016-2025,108,,0,,N
000040.SZ,*ST旭蓝(退),301_800,2007-2019,107,2016-2021,33,20250430,N
000732.SZ,ST泰禾(退),301_800,2012-2021,107,,0,20230804,N
002218.SZ,拓日新能,301_800,2009-2013,107,2014-2024,113,,N
002557.SZ,洽洽食品,301_800,2013-2025,107,2018-2026,21,,N
600551.SH,时代出版,301_800,2010-2017,107,,0,,N
000591.SZ,太阳能,301_800,2017-2026,106,2014-2017,34,,N
000739.SZ,普洛药业,301_800,2014-2026,106,2015-2018,35,,N
600459.SH,贵研铂业,301_800,2007-2026,106,2014-2026,114,,N
002075.SZ,沙钢股份,301_800,2008-2025,105,2014-2026,14,,N
300026.SZ,红日药业,301_800,2015-2024,105,2024-2026,24,,N
600449.SH,宁夏建材,301_800,2009-2014,105,2014-2025,129,,N
600829.SH,人民同泰,301_800,2008-2014,105,,0,,N
601128.SH,常熟银行,301_800,2017-2026,105,,0,,N
601311.SH,骆驼股份,301_800,2012-2022,105,2020-2026,59,,N
603589.SH,口子窖,301_800,2015-2026,105,,0,,N
002372.SZ,伟星新材,301_800,2015-2026,104,2014-2026,37,,N
600155.SH,华创云信,301_800,2017-2026,104,2026-2026,1,,N
000655.SZ,金岭矿业,301_800,2008-2014,103,,0,,N
002225.SZ,濮耐股份,301_800,2010-2015,103,2015-2016,12,,N
002745.SZ,木林森,301_800,2015-2026,102,2023-2026,21,,N
300257.SZ,开山股份,301_800,2015-2024,102,2024-2026,27,,N
600386.SH,北巴传媒,301_800,2009-2013,102,2014-2018,47,,N
600555.SH,退海创(退),301_800,2008-2015,102,2015-2017,27,20220713,N
603355.SH,莱克电气,301_800,2015-2024,102,2024-2026,21,,N
000681.SZ,视觉中国,301_800,2014-2026,101,2022-2026,36,,N
000731.SZ,四川美丰,301_800,2007-2015,101,2015-2019,53,,N
002013.SZ,中航机电(退),301_800,2013-2022,101,,0,20230317,N
002635.SZ,安洁科技,301_800,2013-2021,101,2021-2026,57,,N
600095.SH,湘财股份,301_800,2007-2026,101,2020-2021,6,,N
600179.SH,安通控股,301_800,2007-2026,101,2014-2026,37,,N
600343.SH,航天动力,301_800,2007-2017,100,2017-2022,61,,N
600677.SH,*ST航通(退),301_800,2007-2019,100,2015-2020,27,20210318,N
000416.SZ,*ST民控(退),301_800,2007-2015,99,2014-2018,42,20240605,N
300037.SZ,新宙邦,301_800,2014-2026,99,2014-2019,41,,N
300118.SZ,东方日升,301_800,2016-2025,99,2014-2018,26,,N
600825.SH,新华传媒,301_800,2007-2017,99,2019-2022,30,,N
002390.SZ,信邦制药,301_800,2014-2022,98,2022-2026,42,,N
600107.SH,*ST尔雅,301_800,2009-2016,98,2014-2018,45,,N
600850.SH,电科数字,301_800,2013-2025,98,2020-2026,36,,N
600991.SH,广汽长丰(退),301_800,2008-2012,98,,0,20120320,N
000979.SZ,中弘退(退),301_800,2011-2018,97,,0,20181228,N
002172.SZ,澳洋健康,301_800,2008-2015,97,2014-2017,35,,N
002479.SZ,富春环保,301_800,2011-2018,97,2020-2022,24,,N
002583.SZ,海能达,301_800,2015-2026,97,2014-2024,25,,N
002002.SZ,ST鸿达(退),301_800,2015-2023,96,2023-2023,5,20240318,N
002023.SZ,海特高新,301_800,2007-2021,96,2021-2026,62,,N
002507.SZ,涪陵榨菜,301_800,2017-2025,96,2014-2026,11,,N
600094.SH,大名城,301_800,2013-2021,96,2014-2026,29,,N
600917.SH,重庆燃气,301_800,2015-2023,96,,0,,N
000548.SZ,湖南投资,301_800,2007-2015,95,2014-2018,41,,N
002118.SZ,*ST紫鑫(退),301_800,2013-2020,95,,0,20230804,N
002503.SZ,*ST搜特(退),301_800,2013-2021,95,,0,20230811,N
300699.SZ,光威复材,301_800,2018-2026,95,2018-2018,4,,N
600692.SH,亚通股份,301_800,2007-2015,95,2014-2018,47,,N
000034.SZ,神州数码,301_800,2016-2026,94,2017-2022,23,,N
000589.SZ,贵州轮胎,301_800,2007-2011,94,2014-2026,36,,N
002126.SZ,银轮股份,301_800,2014-2026,94,2014-2022,46,,N
002216.SZ,三全食品,301_800,2009-2022,94,2020-2026,62,,N
002727.SZ,一心堂,301_800,2014-2024,94,2018-2026,41,,N
600281.SH,华阳新材,301_800,2007-2011,94,,0,,N
600665.SH,天地源,301_800,2007-2011,94,,0,,N
000159.SZ,国际实业,301_800,2009-2013,93,2014-2018,41,,N
002312.SZ,川发龙蟒,301_800,2014-2026,93,2016-2020,5,,N
600901.SH,江苏金租,301_800,2018-2026,93,,0,,N
002121.SZ,科陆电子,301_800,2010-2016,92,2014-2026,57,,N
300458.SZ,全志科技,301_800,2016-2026,92,2015-2019,37,,N
600620.SH,天宸股份,301_800,2007-2017,92,2014-2018,15,,N
000950.SZ,重药控股,301_800,2009-2012,90,2019-2026,87,,N
002080.SZ,中材科技,301_800,2007-2026,90,2014-2019,53,,N
300459.SZ,汤姆猫,301_800,2017-2026,90,2017-2026,9,,N
002477.SZ,雏鹰退(退),301_800,2012-2019,89,,0,20191016,N
002573.SZ,清新环境,301_800,2013-2020,89,2020-2024,48,,N
002672.SZ,东江环保,301_800,2013-2020,89,2020-2022,24,,N
300271.SZ,华宇软件,301_800,2014-2022,89,2015-2024,25,,N
600184.SH,光电股份,301_800,2012-2019,89,2019-2026,57,,N
600335.SH,国机汽车,301_800,2013-2020,89,2020-2026,69,,N
600612.SH,老凤祥,301_800,2007-2025,89,2017-2026,57,,N
600163.SH,中闽能源,301_800,2009-2013,88,2014-2026,53,,N
600798.SH,宁波海运,301_800,2007-2011,88,2015-2020,66,,N
600981.SH,苏豪汇鸿,301_800,2008-2017,88,2015-2021,48,,N
000418.SZ,小天鹅A(退),301_800,2012-2019,87,,0,20190621,N
000967.SZ,盈峰环境,301_800,2019-2026,87,2017-2019,24,,N
002683.SZ,广东宏大,301_800,2014-2026,87,2014-2019,11,,N
002926.SZ,华西证券,301_800,2019-2026,87,,0,,N
600186.SH,莲花控股,301_800,2007-2026,87,2014-2026,29,,N
601908.SH,京运通,301_800,2012-2023,87,2018-2026,71,,N
600624.SH,ST复华,301_800,2007-2019,86,2014-2022,83,,N
601598.SH,中国外运,301_800,2019-2026,86,,0,,N
000049.SZ,德赛电池,301_800,2007-2022,85,2019-2026,74,,N
000996.SZ,中期退(退),301_800,2009-2019,85,2015-2020,62,20240628,N
002168.SZ,ST惠程,301_800,2011-2019,85,2019-2021,24,,N
002807.SZ,江阴银行,301_800,2017-2026,85,2021-2026,26,,N
000005.SZ,ST星源(退),301_800,2009-2011,84,2016-2017,12,20240426,N
002320.SZ,海峡股份,301_800,2010-2020,84,2015-2026,134,,N
002449.SZ,国星光电,301_800,2011-2020,84,2014-2023,68,,N
600052.SH,东望时代,301_800,2009-2011,84,2015-2017,24,,N
603056.SH,德邦股份,301_800,2018-2025,84,2025-2026,8,20260331,N
002182.SZ,宝武镁业,301_800,2008-2026,83,2014-2026,105,,N
600139.SH,*ST西源(退),301_800,2010-2015,83,2015-2016,12,20230327,N
600470.SH,六国化工,301_800,2007-2014,83,2014-2018,41,,N
002133.SZ,广宇集团,301_800,2008-2011,82,,0,,N
002419.SZ,天虹股份,301_800,2013-2021,82,2017-2017,7,,N
300010.SZ,ST豆神,301_800,2014-2021,82,2014-2014,1,,N
300474.SZ,景嘉微,301_800,2019-2026,82,2016-2019,35,,N
000785.SZ,居然智家,301_800,2007-2026,81,,0,,N
002293.SZ,罗莱生活,301_800,2010-2016,81,2018-2023,48,,N
002423.SZ,中粮资本,301_800,2019-2026,81,2014-2015,11,,N
300724.SZ,捷佳伟创,301_800,2019-2026,81,2019-2019,6,,N
600562.SH,国睿科技,301_800,2014-2026,81,2015-2024,60,,N
600592.SH,龙溪股份,301_800,2007-2015,81,2014-2021,63,,N
600836.SH,*ST易连(退),301_800,2009-2016,81,2014-2018,30,20240711,N
603707.SH,健友股份,301_800,2019-2026,81,2017-2026,18,,N
000679.SZ,大连友谊,301_800,2007-2010,80,,0,,N
000859.SZ,国风新材,301_800,2007-2010,80,,0,,N
300134.SZ,大富科技,301_800,2014-2021,80,2021-2026,63,,N
600051.SH,宁波联合,301_800,2007-2010,80,2014-2015,5,,N
600192.SH,长城电工,301_800,2007-2010,80,2014-2018,41,,N
600249.SH,两面针,301_800,2007-2010,80,,0,,N
600396.SH,华电辽能,301_800,2007-2010,80,2014-2017,35,,N
600530.SH,ST交昂,301_800,2007-2010,80,2014-2017,20,,N
600553.SH,太行水泥(退),301_800,2007-2010,80,,0,20110218,N
600802.SH,福建水泥,301_800,2007-2010,80,2014-2016,23,,N
600861.SH,北京人力,301_800,2007-2010,80,2023-2026,30,,N
600973.SH,宝胜股份,301_800,2007-2010,80,2014-2018,47,,N
600987.SH,航民股份,301_800,2007-2010,80,2014-2025,89,,N
000697.SZ,炼石航空,301_800,2013-2020,79,2020-2022,34,,N
002434.SZ,万里扬,301_800,2016-2023,79,2014-2026,61,,N
600490.SH,鹏欣资源,301_800,2013-2026,79,2020-2026,61,,N
601677.SH,明泰铝业,301_800,2013-2026,79,2014-2020,46,,N
002018.SZ,华信退(退),301_800,2009-2018,78,,0,20191101,N
002563.SZ,森马服饰,301_800,2018-2025,78,2025-2026,9,,N
300376.SZ,易事特,301_800,2016-2023,78,2014-2026,26,,N
600280.SH,中央商场,301_800,2007-2019,78,,0,,N
603198.SH,迎驾贡酒,301_800,2016-2022,78,,0,,N
603328.SH,依顿电子,301_800,2014-2021,78,2021-2026,63,,N
603712.SH,七一二,301_800,2018-2025,78,,0,,N
603866.SH,桃李面包,301_800,2016-2024,78,2016-2026,33,,N
000587.SZ,*ST金洲(退),301_800,2013-2019,77,,0,20230403,N
002005.SZ,德豪润达,301_800,2012-2018,77,2018-2019,6,,N
002663.SZ,普邦股份,301_800,2013-2019,77,2019-2021,24,,N
600614.SH,退鹏起(退),301_800,2013-2019,77,,0,20210721,N
600693.SH,东百集团,301_800,2007-2017,77,2018-2019,17,,N
000925.SZ,众合科技,301_800,2010-2014,76,2014-2021,75,,N
002062.SZ,宏润建设,301_800,2009-2012,76,2016-2017,12,,N
002383.SZ,合众思壮,301_800,2011-2019,76,2014-2022,53,,N
002511.SZ,中顺洁柔,301_800,2017-2024,76,2014-2026,58,,N
600393.SH,ST粤泰(退),301_800,2007-2019,76,,0,20230718,N
600483.SH,福能股份,301_800,2015-2026,76,2014-2023,34,,N
600821.SH,金开新能,301_800,2007-2026,76,2014-2026,38,,N
600908.SH,无锡银行,301_800,2017-2025,76,2022-2026,29,,N
000517.SZ,荣安地产,301_800,2011-2017,75,2015-2025,102,,N
002393.SZ,力生制药,301_800,2011-2015,75,2015-2021,66,,N
600273.SH,嘉化能源,301_800,2015-2024,75,2014-2026,60,,N
603786.SH,科博达,301_800,2020-2026,75,,0,,N
002109.SZ,ST兴化,301_800,2007-2012,74,,0,,N
002130.SZ,沃尔核材,301_800,2014-2026,74,2014-2024,66,,N
002232.SZ,启明信息,301_800,2010-2013,74,2014-2023,101,,N
002461.SZ,珠江啤酒,301_800,2012-2026,74,2017-2025,96,,N
002665.SZ,ST航高(退),301_800,2014-2020,74,,0,20240826,N
002936.SZ,郑州银行,301_800,2019-2025,74,2025-2026,13,,N
300199.SZ,翰宇药业,301_800,2014-2026,74,,0,,N
300482.SZ,万孚生物,301_800,2017-2024,74,2015-2026,55,,N
600644.SH,乐山电力,301_800,2010-2013,74,2014-2014,2,,N
000851.SZ,*ST高鸿(退),301_800,2007-2020,73,2015-2024,78,20251111,N
002140.SZ,东华科技,301_800,2008-2016,73,,0,,N
002306.SZ,ST云网,301_800,2010-2014,73,,0,,N
300568.SZ,星源材质,301_800,2018-2026,73,2017-2020,38,,N
603596.SH,伯特利,301_800,2020-2026,73,2018-2021,20,,N
000552.SZ,甘肃能化,301_800,2013-2019,72,2019-2026,45,,N
000566.SZ,海南海药,301_800,2013-2020,72,2021-2023,35,,N
000620.SZ,盈新发展,301_800,2012-2024,72,2018-2026,50,,N
002358.SZ,森源电气,301_800,2014-2020,72,2020-2021,12,,N
300357.SZ,我武生物,301_800,2018-2024,72,2014-2026,44,,N
300463.SZ,迈克生物,301_800,2017-2023,72,2015-2026,54,,N
600167.SH,联美控股,301_800,2018-2024,72,2025-2026,9,,N
600466.SH,*ST蓝光(退),301_800,2016-2022,72,2014-2016,17,20230606,N
601965.SH,中国汽研,301_800,2013-2026,72,2020-2026,39,,N
002190.SZ,成飞集成,301_800,2012-2018,71,2021-2025,48,,N
002392.SZ,北京利尔,301_800,2012-2018,71,,0,,N
002589.SZ,瑞康医药,301_800,2015-2021,71,2014-2023,33,,N
600400.SH,红豆股份,301_800,2007-2017,71,2014-2024,96,,N
600128.SH,苏豪弘业,301_800,2009-2011,70,2014-2017,35,,N
600587.SH,新华医疗,301_800,2013-2024,70,2019-2026,65,,N
601011.SH,宝泰隆,301_800,2012-2019,70,2016-2024,72,,N
603127.SH,昭衍新药,301_800,2020-2026,70,2019-2025,11,,N
000766.SZ,通化金马,301_800,2016-2026,69,2014-2015,3,,N
000952.SZ,广济药业,301_800,2008-2016,69,2014-2018,46,,N
002127.SZ,南极电商,301_800,2017-2025,69,2023-2026,30,,N
002966.SZ,苏州银行,301_800,2020-2026,69,,0,,N
600382.SH,广东明珠,301_800,2007-2016,69,2014-2020,62,,N
688188.SH,柏楚电子,301_800,2020-2026,69,,0,,N
000819.SZ,岳阳兴长,301_800,2007-2016,68,2014-2018,45,,N
300618.SZ,寒锐钴业,301_800,2017-2025,68,2019-2026,37,,N
000881.SZ,中广核技,301_800,2007-2017,67,2017-2025,101,,N
002681.SZ,奋达科技,301_800,2015-2025,67,2014-2026,25,,N
002705.SZ,新宝股份,301_800,2014-2023,67,2018-2026,50,,N
002867.SZ,周大生,301_800,2019-2025,67,2017-2026,38,,N
300324.SZ,旋极信息,301_800,2015-2021,67,2014-2015,10,,N
603129.SH,春风动力,301_800,2020-2026,67,2021-2022,2,,N
001914.SZ,招商积余,301_800,2008-2024,66,2014-2026,73,,N
002053.SZ,云南能投,301_800,2007-2010,66,2017-2026,63,,N
002588.SZ,史丹利,301_800,2013-2019,66,2024-2026,21,,N
002698.SZ,博实股份,301_800,2013-2025,66,2018-2026,74,,N
002815.SZ,崇达技术,301_800,2017-2022,66,2022-2026,45,,N
600053.SH,*ST九鼎,301_800,2008-2021,66,,0,,N
600159.SH,大龙地产,301_800,2007-2010,66,2014-2017,29,,N
600189.SH,泉阳泉,301_800,2007-2010,66,2014-2016,17,,N
600367.SH,红星发展,301_800,2007-2010,66,2014-2016,17,,N
600540.SH,新赛股份,301_800,2007-2010,66,,0,,N
600962.SH,国投中鲁,301_800,2007-2010,66,,0,,N
603515.SH,欧普照明,301_800,2017-2022,66,,0,,N
603927.SH,中科软,301_800,2020-2026,66,2020-2026,9,,N
000901.SZ,航天科技,301_800,2007-2026,65,2017-2026,87,,N
002325.SZ,*ST洪涛(退),301_800,2013-2018,65,,0,20240815,N
300748.SZ,金力永磁,301_800,2020-2026,65,2019-2021,22,,N
600537.SH,*ST亿晶,301_800,2012-2017,65,,0,,N
600756.SH,浪潮软件,301_800,2007-2020,65,2015-2021,36,,N
601010.SH,ST文峰,301_800,2012-2017,65,2019-2021,18,,N
603001.SH,奥康国际,301_800,2013-2018,65,,0,,N
603456.SH,九洲药业,301_800,2020-2025,65,2015-2026,58,,N
002204.SZ,大连重工,301_800,2009-2016,64,2017-2026,111,,N
300159.SZ,新研股份,301_800,2014-2020,64,2014-2014,1,,N
600311.SH,*ST荣华(退),301_800,2011-2014,64,2015-2016,14,20230327,N
603605.SH,珀莱雅,301_800,2019-2026,64,2018-2019,11,,N
002258.SZ,利尔化学,301_800,2010-2022,63,2018-2026,78,,N
003035.SZ,南网能源,301_800,2021-2026,63,,0,,N
300487.SZ,蓝晓科技,301_800,2021-2026,63,2019-2021,24,,N
600389.SH,江山股份,301_800,2009-2022,63,2019-2026,84,,N
000609.SZ,*ST中迪,301_800,2008-2010,62,,0,,N
002088.SZ,鲁阳节能,301_800,2007-2011,62,2022-2025,30,,N
002354.SZ,天娱数科,301_800,2015-2026,62,2014-2026,24,,N
002531.SZ,天顺风能,301_800,2019-2025,62,2014-2026,78,,N
600172.SH,黄河旋风,301_800,2007-2022,62,2014-2024,51,,N
002047.SZ,宝鹰股份,301_800,2007-2019,61,2014-2021,37,,N
002154.SZ,报喜鸟,301_800,2009-2014,61,2014-2025,57,,N
002480.SZ,新筑股份,301_800,2011-2015,61,,0,,N
300055.SZ,万邦达,301_800,2014-2021,61,2019-2023,46,,N
600713.SH,南京医药,301_800,2007-2015,61,2015-2017,27,,N
600751.SH,海航科技,301_800,2014-2020,61,2014-2026,79,,N
603025.SH,大豪科技,301_800,2015-2021,61,2020-2026,68,,N
688088.SH,虹软科技,301_800,2020-2025,61,2026-2026,8,,N
688116.SH,天奈科技,301_800,2020-2026,61,2024-2024,8,,N
002366.SZ,融发核电,301_800,2015-2020,60,,0,,N
002640.SZ,跨境通,301_800,2016-2021,60,2014-2016,17,,N
002646.SZ,天佑德酒,301_800,2012-2017,60,2019-2024,66,,N
300297.SZ,蓝盾退(退),301_800,2015-2020,60,2014-2015,5,20230731,N
300679.SZ,电连技术,301_800,2020-2026,60,2017-2023,45,,N
600223.SH,福瑞达,301_800,2011-2021,60,2015-2026,86,,N
600775.SH,南京熊猫,301_800,2007-2010,60,2014-2025,119,,N
601200.SH,上海环境,301_800,2017-2022,60,2022-2026,45,,N
603317.SH,天味食品,301_800,2019-2024,60,2024-2026,21,,N
603377.SH,ST东时,301_800,2016-2021,60,,0,,N
603556.SH,海兴电力,301_800,2017-2025,60,2020-2026,21,,N
000976.SZ,*ST华铁(退),301_800,2007-2021,59,2017-2023,65,20240827,N
002302.SZ,西部建设,301_800,2017-2022,59,2014-2026,72,,N
300197.SZ,节能铁汉,301_800,2015-2020,59,2014-2016,12,,N
600180.SH,*ST瑞茂,301_800,2007-2017,59,2018-2020,24,,N
601886.SH,江河集团,301_800,2012-2017,59,2018-2025,78,,N
603688.SH,石英股份,301_800,2021-2026,59,2015-2021,28,,N
688208.SH,道通科技,301_800,2021-2026,59,2024-2026,4,,N
300287.SZ,飞利信,301_800,2015-2020,58,2014-2023,44,,N
300438.SZ,鹏辉能源,301_800,2021-2026,58,2015-2025,71,,N
600495.SH,晋西车轴,301_800,2007-2017,58,2016-2021,49,,N
600512.SH,腾达建设,301_800,2007-2019,58,2018-2022,54,,N
601019.SH,山东出版,301_800,2018-2026,58,2023-2024,11,,N
002948.SZ,青岛银行,301_800,2019-2026,57,2023-2026,30,,N
300180.SZ,华峰超纤,301_800,2017-2025,57,2017-2026,54,,N
300623.SZ,捷捷微电,301_800,2020-2026,57,2019-2024,30,,N
600906.SH,财达证券,301_800,2021-2026,57,,0,,N
600956.SH,新天绿能,301_800,2021-2025,57,2020-2026,6,,N
601156.SH,东航物流,301_800,2021-2026,57,,0,,N
601665.SH,齐鲁银行,301_800,2021-2026,57,,0,,N
300202.SZ,聚龙退(退),301_800,2014-2019,56,,0,20220704,N
600199.SH,金种子酒,301_800,2011-2015,56,,0,,N
600543.SH,*ST莫高,301_800,2010-2011,56,2014-2016,23,,N
000592.SZ,平潭发展,301_800,2014-2019,55,2019-2022,40,,N
600175.SH,退美都(退),301_800,2014-2019,55,2019-2020,11,20200814,N
000603.SZ,盛达资源,301_800,2013-2026,54,2017-2026,104,,N
000669.SZ,ST金鸿,301_800,2013-2018,54,,0,,N
002303.SZ,美盈森,301_800,2010-2017,54,2017-2022,69,,N
002699.SZ,*ST美盛(退),301_800,2015-2019,54,2014-2015,6,20240605,N
002818.SZ,富森美,301_800,2017-2021,54,,0,,N
600187.SH,*ST国中,301_800,2014-2018,54,,0,,N
600237.SH,铜峰电子,301_800,2007-2014,54,2014-2018,39,,N
601399.SH,国机重装,301_800,2021-2026,54,2023-2023,3,,N
601568.SH,北元化工,301_800,2021-2025,54,2026-2026,3,,N
603888.SH,新华网,301_800,2017-2021,54,2023-2026,39,,N
000403.SZ,派林生物,301_800,2020-2025,53,2021-2026,22,,N
002031.SZ,巨轮智能,301_800,2007-2016,53,2014-2021,62,,N
002124.SZ,天邦食品,301_800,2019-2023,53,2016-2024,37,,N
002642.SZ,荣联科技,301_800,2014-2019,53,2014-2014,1,,N
002707.SZ,众信旅游,301_800,2015-2019,53,2014-2016,6,,N
300291.SZ,百纳千成,301_800,2014-2019,53,,0,,N
600397.SH,江钨装备,301_800,2013-2017,53,,0,,N
000151.SZ,中成股份,301_800,2007-2009,52,2014-2019,57,,N
000419.SZ,通程控股,301_800,2007-2009,52,2014-2017,35,,N
000421.SZ,南京公用,301_800,2007-2009,52,,0,,N
000504.SZ,南华生物,301_800,2007-2009,52,,0,,N
000602.SZ,金马集团(退),301_800,2007-2009,52,,0,20130814,N
000695.SZ,滨海能源,301_800,2007-2009,52,,0,,N
000815.SZ,美利云,301_800,2007-2009,52,2018-2021,36,,N
000978.SZ,桂林旅游,301_800,2007-2009,52,,0,,N
300363.SZ,博腾股份,301_800,2020-2024,52,2014-2026,88,,N
600156.SH,华升股份,301_800,2007-2009,52,,0,,N
600279.SH,重庆港,301_800,2007-2009,52,2014-2019,53,,N
600358.SH,国旅联合,301_800,2007-2009,52,,0,,N
600607.SH,上实医药(退),301_800,2007-2009,52,,0,20100212,N
600746.SH,江苏索普,301_800,2007-2009,52,2014-2026,50,,N
600814.SH,杭州解百,301_800,2007-2009,52,2015-2019,42,,N
600883.SH,博闻科技,301_800,2007-2009,52,,0,,N
600965.SH,*ST福成,301_800,2007-2009,52,2014-2021,53,,N
601778.SH,晶科科技,301_800,2020-2026,52,2024-2026,17,,N
603179.SH,新泉股份,301_800,2022-2026,52,2021-2022,11,,N
002335.SZ,科华数据,301_800,2021-2026,51,2014-2024,80,,N
002487.SZ,大金重工,301_800,2022-2026,51,2014-2017,29,,N
600303.SH,曙光股份,301_800,2007-2017,51,2014-2019,47,,N
600927.SH,永安期货,301_800,2022-2026,51,,0,,N
688819.SH,天能股份,301_800,2022-2026,51,,0,,N
000662.SZ,天夏退(退),301_800,2007-2018,50,2014-2020,16,20210412,N
300039.SZ,上海凯宝,301_800,2014-2018,50,2018-2025,84,,N
300273.SZ,和佳退(退),301_800,2014-2018,50,,0,20230706,N
300630.SZ,普利退(退),301_800,2019-2023,50,2018-2024,16,20250522,N
601567.SH,三星电气,301_800,2021-2026,50,2019-2023,25,,N
002512.SZ,ST达华,301_800,2015-2019,49,2014-2021,29,,N
002534.SZ,西子洁能,301_800,2011-2014,49,2015-2026,105,,N
600687.SH,退刚泰(退),301_800,2015-2019,49,2014-2015,5,20210303,N
688029.SH,南微医学,301_800,2020-2025,49,2024-2026,20,,N
000025.SZ,特力A,301_800,2016-2020,48,2020-2025,60,,N
000958.SZ,电投产融,301_800,2015-2026,48,2014-2023,87,,N
002186.SZ,全聚德,301_800,2008-2010,48,2014-2014,2,,N
002217.SZ,ST合力泰,301_800,2015-2021,48,2021-2024,30,,N
002551.SZ,尚荣医疗,301_800,2014-2018,48,,0,,N
600818.SH,ST中路,301_800,2010-2015,48,2014-2019,47,,N
603169.SH,兰石重装,301_800,2015-2019,48,2019-2026,81,,N
688006.SH,杭可科技,301_800,2020-2024,48,2024-2026,21,,N
002287.SZ,奇正藏药,301_800,2010-2013,47,2016-2026,93,,N
002327.SZ,富安娜,301_800,2013-2017,47,2018-2025,36,,N
002585.SZ,双星新材,301_800,2012-2023,47,2014-2025,99,,N
002678.SZ,珠江钢琴,301_800,2013-2016,47,2017-2018,12,,N
002984.SZ,森麒麟,301_800,2022-2026,47,2021-2023,16,,N
601515.SH,衢州东峰,301_800,2013-2016,47,2019-2025,72,,N
603218.SH,日月股份,301_800,2020-2024,47,2017-2026,58,,N
603979.SH,金诚信,301_800,2022-2026,47,2015-2022,82,,N
002386.SZ,天原股份,301_800,2011-2013,46,2014-2016,17,,N
300156.SZ,神雾退(退),301_800,2014-2019,46,2015-2015,1,20200825,N
300573.SZ,兴齐眼药,301_800,2020-2026,46,2020-2026,29,,N
000506.SZ,招金黄金,301_800,2012-2026,45,2015-2026,41,,N
002283.SZ,天润工业,301_800,2012-2017,45,2014-2024,97,,N
002387.SZ,维信诺,301_800,2015-2022,45,2014-2019,51,,N
002657.SZ,中科金财,301_800,2014-2018,45,2014-2021,38,,N
003022.SZ,联泓新科,301_800,2021-2026,45,,0,,N
300043.SZ,星辉娱乐,301_800,2015-2018,45,2014-2021,27,,N
600032.SH,浙江新能,301_800,2022-2026,45,2021-2022,12,,N
601860.SH,紫金银行,301_800,2019-2024,45,2022-2026,36,,N
603638.SH,艾迪精密,301_800,2020-2023,45,2018-2026,48,,N
688536.SH,思瑞浦,301_800,2021-2026,45,,0,,N
688538.SH,和辉光电,301_800,2022-2026,45,,0,,N
688772.SH,珠海冠宇,301_800,2022-2026,45,,0,,N
002095.SZ,生意宝,301_800,2007-2018,44,2014-2021,45,,N
002219.SZ,新里程,301_800,2013-2023,44,2018-2026,51,,N
300147.SZ,*ST香雪,301_800,2014-2018,44,,0,,N
600996.SH,贵广网络,301_800,2017-2023,44,2020-2026,67,,N
601020.SH,华钰矿业,301_800,2017-2026,44,2016-2024,31,,N
601388.SH,怡球资源,301_800,2013-2017,44,2015-2019,39,,N
603529.SH,爱玛科技,301_800,2023-2026,44,2021-2022,13,,N
002382.SZ,蓝帆医疗,301_800,2018-2022,43,2014-2019,28,,N
002509.SZ,天茂退(退),301_800,2016-2019,43,2014-2016,16,20200720,N
601008.SH,连云港,301_800,2008-2015,43,2014-2016,21,,N
000022.SZ,,301_800,2009-2010,42,2015-2018,39,,N
000565.SZ,渝三峡A,301_800,2009-2010,42,,0,,N
000813.SZ,德展健康,301_800,2018-2021,42,2021-2026,57,,N
002274.SZ,华昌化工,301_800,2009-2010,42,2014-2025,119,,N
002314.SZ,南山控股,301_800,2010-2011,42,2016-2025,108,,N
002328.SZ,新朋股份,301_800,2010-2011,42,2014-2017,35,,N
002901.SZ,大博医疗,301_800,2020-2023,42,2018-2026,57,,N
002946.SZ,新乳业,301_800,2019-2022,42,2022-2026,45,,N
300266.SZ,兴源环境,301_800,2016-2019,42,2014-2023,47,,N
300682.SZ,朗新科技,301_800,2021-2025,42,2018-2026,57,,N
600556.SH,天下秀,301_800,2007-2023,42,2023-2026,33,,N
600609.SH,金杯汽车,301_800,2009-2010,42,2014-2016,17,,N
601811.SH,新华文轩,301_800,2017-2020,42,2023-2026,30,,N
603188.SH,亚邦股份,301_800,2015-2018,42,,0,,N
603267.SH,鸿远电子,301_800,2020-2024,42,2019-2026,39,,N
688520.SH,神州细胞,301_800,2022-2026,42,2021-2023,15,,N
000719.SZ,中原传媒,301_800,2013-2016,41,2017-2026,45,,N
002574.SZ,明牌珠宝,301_800,2012-2015,41,2016-2019,36,,N
300032.SZ,金龙机电,301_800,2015-2018,41,2014-2016,7,,N
300850.SZ,新强联,301_800,2021-2026,41,2021-2026,22,,N
603366.SH,日出东方,301_800,2013-2016,41,,0,,N
603613.SH,国联股份,301_800,2020-2026,41,2019-2026,16,,N
002612.SZ,朗姿股份,301_800,2012-2016,40,2015-2026,73,,N
600130.SH,波导股份,301_800,2007-2017,40,2014-2019,37,,N
000531.SZ,穗恒运A,301_800,2007-2014,39,2015-2017,32,,N
000576.SZ,甘化科工,301_800,2007-2018,39,2015-2020,65,,N
000821.SZ,ST京机,301_800,2007-2023,39,2016-2025,83,,N
688052.SH,纳芯微,301_800,2023-2026,39,,0,,N
688220.SH,翱捷科技,301_800,2023-2026,39,,0,,N
688248.SH,南网科技,301_800,2023-2026,39,,0,,N
688281.SH,华秦科技,301_800,2023-2026,39,,0,,N
688295.SH,中复神鹰,301_800,2023-2026,39,,0,,N
000570.SZ,苏常柴A,301_800,2007-2009,38,2014-2017,35,,N
000688.SZ,国城矿业,301_800,2013-2026,38,2016-2026,103,,N
000700.SZ,模塑科技,301_800,2007-2009,38,2014-2019,53,,N
000782.SZ,恒申新材,301_800,2007-2009,38,2016-2018,30,,N
000888.SZ,峨眉山A,301_800,2007-2009,38,2014-2016,8,,N
000890.SZ,法尔胜,301_800,2007-2009,38,,0,,N
001227.SZ,兰州银行,301_800,2022-2025,38,2025-2026,13,,N
002040.SZ,南京港,301_800,2007-2009,38,,0,,N
002147.SZ,新光退(退),301_800,2009-2019,38,2016-2017,12,20220623,N
002458.SZ,益生股份,301_800,2019-2022,38,2017-2026,55,,N
600114.SH,东睦股份,301_800,2007-2026,38,2014-2024,102,,N
600253.SH,天方药业(退),301_800,2007-2009,38,,0,20130715,N
600302.SH,ST标准,301_800,2007-2009,38,,0,,N
600319.SH,亚星化学,301_800,2007-2009,38,,0,,N
600573.SH,惠泉啤酒,301_800,2007-2009,38,,0,,N
600727.SH,鲁北化工,301_800,2007-2009,38,,0,,N
600796.SH,钱江生化,301_800,2007-2009,38,,0,,N
600840.SH,新湖创业(退),301_800,2007-2009,38,,0,20090827,N
600860.SH,京城股份,301_800,2007-2009,38,,0,,N
002305.SZ,*ST南置,301_800,2010-2014,37,2017-2020,36,,N
002638.SZ,勤上股份,301_800,2013-2017,37,2014-2020,47,,N
300735.SZ,光弘科技,301_800,2019-2026,37,2018-2024,62,,N
601187.SH,厦门银行,301_800,2021-2024,37,2024-2026,26,,N
603708.SH,家家悦,301_800,2018-2022,37,2017-2020,23,,N
688567.SH,孚能科技,301_800,2022-2025,37,2026-2026,8,,N
000030.SZ,富奥股份,301_800,2013-2016,36,2018-2026,99,,N
002280.SZ,ST联络(退),301_800,2015-2020,36,,0,20240816,N
002985.SZ,北摩高科,301_800,2020-2023,36,2023-2026,33,,N
600903.SH,贵州燃气,301_800,2019-2022,36,2022-2026,48,,N
603555.SH,ST贵人(退),301_800,2014-2017,36,2017-2020,30,20240329,N
603877.SH,太平鸟,301_800,2017-2020,36,2021-2025,54,,N
603983.SH,丸美生物,301_800,2019-2022,36,2023-2026,39,,N
000582.SZ,北部湾港,301_800,2015-2026,35,2014-2025,93,,N
002359.SZ,北讯退(退),301_800,2016-2019,35,2014-2016,6,20210723,N
002662.SZ,峰璟股份,301_800,2013-2015,35,2016-2023,84,,N
600604.SH,市北高新,301_800,2007-2020,35,2014-2025,114,,N
002055.SZ,ST得润,301_800,2007-2017,34,2014-2023,79,,N
002187.SZ,广百股份,301_800,2008-2009,34,2014-2015,3,,N
002336.SZ,人乐退(退),301_800,2011-2012,34,,0,20250704,N
688425.SH,铁建重工,301_800,2023-2026,34,2022-2023,11,,N
000810.SZ,创维数字,301_800,2016-2024,33,2018-2026,84,,N
003031.SZ,中瓷电子,301_800,2023-2026,33,2022-2023,18,,N
603826.SH,坤彩科技,301_800,2022-2025,33,2019-2026,54,,N
688114.SH,华大智造,301_800,2023-2026,33,,0,,N
688297.SH,中无人机,301_800,2023-2026,33,,0,,N
688349.SH,三一重能,301_800,2023-2026,33,,0,,N
688387.SH,信科移动,301_800,2023-2026,33,,0,,N
600477.SH,杭萧钢构,301_800,2007-2018,32,2016-2025,94,,N
000070.SZ,特发信息,301_800,2007-2019,31,2014-2022,76,,N
002447.SZ,晨鑫退(退),301_800,2013-2018,31,2014-2020,49,20220627,N
002518.SZ,科士达,301_800,2022-2026,31,2014-2026,109,,N
300741.SZ,华宝股份,301_800,2020-2023,31,2018-2025,47,,N
000676.SZ,智度股份,301_800,2007-2025,30,2016-2026,111,,N
300861.SZ,美畅股份,301_800,2022-2024,30,2021-2026,33,,N
600433.SH,冠豪高新,301_800,2014-2017,30,,0,,N
600939.SH,重庆建工,301_800,2017-2020,30,,0,,N
601068.SH,中铝国际,301_800,2019-2021,30,2022-2026,45,,N
603569.SH,长久物流,301_800,2017-2019,30,,0,,N
603698.SH,航天工程,301_800,2015-2017,30,2025-2026,15,,N
603719.SH,良品铺子,301_800,2020-2023,30,2023-2025,24,,N
000809.SZ,和展能源,301_800,2013-2015,29,,0,,N
002226.SZ,江南化工,301_800,2013-2015,29,2015-2026,135,,N
002490.SZ,山东墨龙,301_800,2013-2015,29,,0,,N
600321.SH,正源股份(退),301_800,2007-2016,29,2014-2018,37,20240627,N
600401.SH,退海润(退),301_800,2013-2017,29,,0,20190712,N
601616.SH,广电电气,301_800,2012-2014,29,2014-2016,21,,N
000043.SZ,,301_800,2007-2019,28,2015-2019,46,,N
000918.SZ,*ST嘉凯(退),301_800,2012-2019,28,2015-2022,79,20230728,N
000965.SZ,天保基建,301_800,2010-2010,28,2014-2020,71,,N
000980.SZ,众泰汽车,301_800,2017-2020,28,2018-2018,2,,N
002107.SZ,沃华医药,301_800,2010-2010,28,2015-2017,24,,N
002200.SZ,交投生态,301_800,2009-2010,28,,0,,N
002322.SZ,理工能科,301_800,2010-2011,28,2014-2021,83,,N
600819.SH,耀皮玻璃,301_800,2007-2012,28,2015-2016,12,,N
688063.SH,派能科技,301_800,2022-2026,28,2024-2026,17,,N
000564.SZ,供销大集,301_800,2018-2021,27,2016-2017,12,,N
000752.SZ,*ST西发,301_800,2007-2014,27,2015-2018,38,,N
301301.SZ,川宁生物,301_800,2024-2026,27,2023-2024,12,,N
688018.SH,乐鑫科技,301_800,2021-2026,27,2020-2024,42,,N
688172.SH,燕东微,301_800,2024-2026,27,,0,,N
688475.SH,萤石网络,301_800,2024-2026,27,,0,,N
688779.SH,五矿新能,301_800,2022-2026,27,2024-2026,18,,N
000982.SZ,中银绒业(退),301_800,2013-2022,26,2022-2024,23,20240812,N
002362.SZ,汉王科技,301_800,2011-2012,26,2014-2019,59,,N
300765.SZ,石药创新,301_800,2023-2025,26,2019-2023,46,,N
600310.SH,广西能源,301_800,2008-2009,26,2014-2020,71,,N
601007.SH,金陵饭店,301_800,2008-2009,26,2014-2018,39,,N
000551.SZ,创元科技,301_800,2007-2015,25,2014-2018,41,,N
000790.SZ,华神科技,301_800,2007-2016,25,2014-2017,28,,N
000795.SZ,英洛华,301_800,2007-2019,25,2014-2026,118,,N
688276.SH,百克生物,301_800,2022-2025,25,2023-2026,17,,N
688321.SH,微芯生物,301_800,2020-2025,25,2022-2026,44,,N
000033.SZ,新都退(退),301_800,2007-2008,24,,0,20170707,N
000515.SZ,攀渝钛业(退),301_800,2007-2008,24,,0,20090506,N
000524.SZ,岭南控股,301_800,2007-2008,24,,0,,N
000530.SZ,冰山冷热,301_800,2007-2008,24,2014-2016,17,,N
000585.SZ,东电退(退),301_800,2007-2008,24,,0,20220524,N
000693.SZ,华泽退(退),301_800,2014-2016,24,,0,20190709,N
000701.SZ,厦门信达,301_800,2007-2008,24,2014-2019,53,,N
000720.SZ,新能泰山,301_800,2007-2008,24,2019-2021,18,,N
000788.SZ,北大医药,301_800,2013-2015,24,2016-2016,6,,N
002006.SZ,精工科技,301_800,2012-2023,24,2022-2026,44,,N
002045.SZ,国光电器,301_800,2007-2008,24,2014-2026,26,,N
002865.SZ,钧达股份,301_800,2022-2024,24,,0,,N
002941.SZ,新疆交建,301_800,2019-2021,24,2021-2026,63,,N
300114.SZ,,301_800,2023-2025,24,2015-2023,88,,N
301029.SZ,怡合达,301_800,2022-2024,24,2021-2026,33,,N
600071.SH,凤凰光学,301_800,2007-2008,24,,0,,N
600152.SH,维科技术,301_800,2007-2008,24,,0,,N
600232.SH,金鹰股份,301_800,2007-2008,24,,0,,N
600247.SH,*ST成城(退),301_800,2007-2008,24,,0,20210322,N
600345.SH,长江通信,301_800,2007-2008,24,2014-2026,14,,N
600356.SH,恒丰纸业,301_800,2007-2008,24,,0,,N
600605.SH,汇通能源,301_800,2007-2008,24,,0,,N
600696.SH,退市岩石,301_800,2007-2008,24,2014-2024,26,20260629,N
600769.SH,祥龙电业,301_800,2007-2008,24,,0,,N
600785.SH,新华百货,301_800,2007-2008,24,2014-2015,11,,N
600925.SH,苏能股份,301_800,2023-2025,24,,0,,N
601061.SH,中信金属,301_800,2023-2026,24,,0,,N
603305.SH,旭升集团,301_800,2022-2026,24,2017-2026,81,,N
603567.SH,珍宝岛,301_800,2015-2017,24,2022-2026,51,,N
688032.SH,禾迈股份,301_800,2023-2025,24,2025-2026,9,,N
688153.SH,唯捷创芯,301_800,2023-2025,24,2023-2026,15,,N
688289.SH,圣湘生物,301_800,2021-2023,24,2023-2026,33,,N
601339.SH,百隆东方,301_800,2013-2014,23,2015-2018,36,,N
300140.SZ,节能环境,301_800,2015-2026,22,2014-2024,82,,N
301498.SZ,乖宝宠物,301_800,2024-2026,21,2024-2024,6,,N
603341.SH,龙旗科技,301_800,2024-2026,21,,0,,N
688322.SH,奥比中光,301_800,2024-2026,21,2023-2024,12,,N
688469.SH,芯联集成,301_800,2024-2026,21,,0,,N
688563.SH,航材股份,301_800,2024-2026,21,,0,,N
688728.SH,格科微,301_800,2023-2026,21,,0,,N
000628.SZ,高新发展,301_800,2007-2025,20,2024-2026,19,,N
000637.SZ,茂化实华,301_800,2008-2009,20,2014-2018,41,,N
002046.SZ,国机精工,301_800,2007-2026,20,2014-2026,18,,N
600936.SH,北投科技,301_800,2017-2019,20,2019-2021,22,,N
600976.SH,健民集团,301_800,2007-2024,20,2014-2025,39,,N
688582.SH,芯动联科,301_800,2025-2026,20,2024-2024,1,,N
002021.SZ,中捷资源,301_800,2007-2015,19,2014-2017,29,,N
600661.SH,昂立教育,301_800,2007-2015,19,2014-2019,41,,N
000626.SZ,远大控股,301_800,2007-2008,18,2016-2020,48,,N
000668.SZ,荣丰控股,301_800,2007-2008,18,,0,,N
000702.SZ,正虹科技,301_800,2007-2008,18,,0,,N
000753.SZ,漳州发展,301_800,2007-2008,18,,0,,N
002098.SZ,浔兴股份,301_800,2007-2008,18,,0,,N
300116.SZ,*ST保力(退),301_800,2017-2018,18,,0,20240725,N
300869.SZ,康泰医学,301_800,2021-2023,18,2023-2025,24,,N
301267.SZ,华厦眼科,301_800,2024-2025,18,2023-2026,21,,N
600235.SH,民丰特纸,301_800,2007-2008,18,2014-2014,2,,N
600262.SH,北方股份,301_800,2007-2008,18,,0,,N
600275.SH,退昌鱼(退),301_800,2007-2008,18,2014-2016,17,20220622,N
600463.SH,空港股份,301_800,2007-2008,18,2014-2015,5,,N
600561.SH,江西长运,301_800,2007-2008,18,,0,,N
600617.SH,国新能源,301_800,2015-2016,18,,0,,N
600817.SH,宇通重工,301_800,2007-2008,18,,0,,N
600969.SH,郴电国际,301_800,2007-2008,18,,0,,N
601226.SH,华电科工,301_800,2015-2016,18,,0,,N
601326.SH,秦港股份,301_800,2018-2020,18,2023-2026,33,,N
601512.SH,中新集团,301_800,2020-2021,18,,0,,N
601858.SH,中国科传,301_800,2024-2025,18,2017-2026,75,,N
603528.SH,多伦科技,301_800,2016-2018,18,,0,,N
688107.SH,安路科技,301_800,2023-2024,18,2024-2026,21,,N
688185.SH,康希诺,301_800,2022-2023,18,2023-2026,30,,N
688318.SH,财富趋势,301_800,2024-2026,18,2021-2025,45,,N
688690.SH,纳微科技,301_800,2022-2024,18,2024-2026,27,,N
003021.SZ,兆威机电,301_800,2025-2026,17,2022-2025,34,,N
300267.SZ,尔康制药,301_800,2014-2016,17,2020-2024,54,,N
603920.SH,世运电路,301_800,2025-2026,17,2017-2025,88,,N
000812.SZ,陕西金叶,301_800,2007-2015,16,2014-2015,7,,N
002061.SZ,浙江交科,301_800,2007-2019,16,2014-2026,106,,N
002581.SZ,*ST未名,301_800,2015-2021,16,2015-2025,100,,N
002761.SZ,浙江建投,301_800,2022-2024,16,2020-2026,47,,N
001389.SZ,广合科技,301_800,2025-2026,15,2024-2025,6,,N
300100.SZ,双林股份,301_800,2025-2026,15,2014-2020,65,,N
300953.SZ,震裕科技,301_800,2025-2026,15,2022-2024,24,,N
300972.SZ,万辰集团,301_800,2025-2026,15,,0,,N
301536.SZ,星宸科技,301_800,2025-2026,15,2024-2025,6,,N
600680.SH,*ST上普(退),301_800,2007-2015,15,2014-2017,29,20190523,N
600629.SH,华建集团,301_800,2009-2009,14,2015-2026,45,,N
603119.SH,浙江荣泰,301_800,2025-2026,14,2025-2025,1,,N
000409.SZ,云鼎科技,301_800,2013-2015,13,2014-2018,39,,N
002017.SZ,东信和平,301_800,2007-2015,13,2014-2026,92,,N
002265.SZ,建设工业,301_800,2025-2026,13,2023-2025,20,,N
600979.SH,广安爱众,301_800,2007-2015,13,2014-2016,23,,N
000722.SZ,湖南发展,301_800,2007-2007,12,2014-2019,53,,N
000993.SZ,闽东电力,301_800,2007-2007,12,,0,,N
001213.SZ,中铁特货,301_800,2025-2026,12,2022-2025,36,,N
002084.SZ,海鸥住工,301_800,2008-2008,12,2014-2014,2,,N
002105.SZ,信隆健康,301_800,2007-2008,12,,0,,N
002114.SZ,罗平锌电,301_800,2008-2008,12,2014-2018,47,,N
002137.SZ,实益达,301_800,2008-2008,12,2016-2021,60,,N
002143.SZ,印纪退(退),301_800,2015-2016,12,2014-2019,9,20191129,N
002651.SZ,利君股份,301_800,2012-2013,12,2015-2026,129,,N
600203.SH,福日电子,301_800,2007-2007,12,2014-2016,17,,N
600212.SH,绿能慧充,301_800,2007-2007,12,,0,,N
600365.SH,ST通葡,301_800,2007-2007,12,,0,,N
600526.SH,菲达环保,301_800,2007-2015,12,2015-2019,48,,N
600697.SH,欧亚集团,301_800,2007-2007,12,,0,,N
600768.SH,富邦新材,301_800,2007-2007,12,,0,,N
600870.SH,退厦华(退),301_800,2007-2007,12,2014-2014,2,20220630,N
601921.SH,浙版传媒,301_800,2025-2026,12,2021-2026,45,,N
688100.SH,威胜信息,301_800,2025-2026,12,2021-2026,51,,N
688105.SH,诺唯赞,301_800,2023-2024,12,2024-2025,18,,N
688249.SH,晶合集成,301_800,2024-2025,12,,0,,N
688348.SH,昱能科技,301_800,2023-2024,12,2024-2026,18,,N
300718.SZ,长盛轴承,301_800,2025-2026,11,2025-2025,4,,N
600841.SH,动力新科,301_800,2013-2014,11,2022-2023,18,,N
000065.SZ,北方国际,301_800,2007-2023,10,2014-2026,134,,N
688192.SH,迪哲医药,301_800,2025-2026,10,2023-2025,23,,N
001221.SZ,悍高集团,301_800,2025-2026,9,,0,,N
301611.SZ,珂玛科技,301_800,2025-2026,9,2025-2025,6,,N
603049.SH,中策橡胶,301_800,2025-2026,9,,0,,N
688615.SH,合合信息,301_800,2025-2026,9,,0,,N
688692.SH,达梦数据,301_800,2025-2026,9,,0,,N
688709.SH,成都华微,301_800,2025-2026,9,2025-2025,6,,N
002111.SZ,威海广泰,301_800,2007-2015,7,2014-2017,35,,N
002135.SZ,东南网架,301_800,2008-2020,7,2014-2024,116,,N
301526.SZ,国际复材,301_800,2026-2026,7,2024-2026,20,,N
600619.SH,海立股份,301_800,2007-2025,7,2018-2026,26,,N
000037.SZ,深南电A,301_800,2007-2007,6,,0,,N
000715.SZ,中兴商业,301_800,2007-2007,6,2014-2015,5,,N
000909.SZ,*ST数源,301_800,2007-2007,6,2014-2017,35,,N
000981.SZ,山子高科,301_800,2017-2018,6,,0,,N
002012.SZ,凯恩股份,301_800,2007-2007,6,2014-2016,17,,N
002039.SZ,黔源电力,301_800,2007-2007,6,,0,,N
002054.SZ,德美化工,301_800,2007-2007,6,,0,,N
002076.SZ,星光股份,301_800,2007-2007,6,,0,,N
002103.SZ,广博股份,301_800,2007-2007,6,2016-2017,12,,N
600306.SH,退商城(退),301_800,2007-2007,6,,0,20240626,N
600679.SH,上海凤凰,301_800,2007-2007,6,2014-2015,5,,N
001386.SZ,马可波罗,301_800,2026-2026,3,,0,,N
301606.SZ,绿联科技,301_800,2026-2026,3,2024-2026,18,,N
601112.SH,振石股份,301_800,2026-2026,3,,0,,N
603092.SH,德力佳,301_800,2026-2026,3,,0,,N
603175.SH,超颖电子,301_800,2026-2026,3,,0,,N
688411.SH,海博思创,301_800,2026-2026,3,,0,,N
688708.SH,佳驰科技,301_800,2026-2026,3,,0,,N
300068.SZ,ST南都,801_1000,2014-2026,128,2014-2026,8,,N
002389.SZ,航天彩虹,801_1000,2015-2026,122,2014-2026,18,,N
600559.SH,老白干酒,801_1000,2014-2025,116,2014-2026,24,,N
600771.SH,广誉远,801_1000,2014-2025,103,2015-2026,38,,N
300170.SZ,汉得信息,801_1000,2014-2026,102,2020-2024,38,,N
300294.SZ,博雅生物,801_1000,2016-2025,98,2014-2026,42,,N
002145.SZ,钛能化学,801_1000,2015-2026,97,2014-2026,44,,N
002610.SZ,ST爱康(退),801_1000,2016-2024,96,2014-2024,17,20240812,N
002036.SZ,联创电子,801_1000,2016-2025,92,2016-2026,31,,N
000902.SZ,新洋丰,801_1000,2014-2024,89,2015-2026,50,,N
000516.SZ,国际医学,801_1000,2014-2022,85,,0,,N
601222.SH,林洋能源,801_1000,2016-2025,85,2014-2026,55,,N
300079.SZ,数码视讯,801_1000,2014-2024,84,2018-2026,53,,N
300083.SZ,创世纪,801_1000,2017-2026,84,2014-2024,56,,N
603678.SH,火炬电子,801_1000,2016-2026,84,2015-2026,51,,N
002245.SZ,蔚蓝锂芯,801_1000,2016-2026,83,2014-2020,57,,N
300036.SZ,超图软件,801_1000,2016-2024,77,2014-2026,48,,N
002139.SZ,拓邦股份,801_1000,2017-2026,75,2014-2026,65,,N
002597.SZ,金禾实业,801_1000,2017-2024,75,2014-2026,65,,N
300188.SZ,国投智能,801_1000,2015-2024,74,2014-2026,66,,N
300077.SZ,国民技术,801_1000,2014-2026,73,2017-2026,31,,N
300101.SZ,振芯科技,801_1000,2014-2026,72,2015-2026,69,,N
002617.SZ,露笑科技,801_1000,2017-2026,71,2014-2023,69,,N
603236.SH,移远通信,801_1000,2020-2026,69,2019-2024,12,,N
002099.SZ,海翔药业,801_1000,2015-2023,68,2014-2026,73,,N
002747.SZ,埃斯顿,801_1000,2020-2026,66,2015-2026,63,,N
300203.SZ,聚光科技,801_1000,2014-2023,65,2014-2024,55,,N
300777.SZ,中简科技,801_1000,2020-2026,65,2019-2026,16,,N
002675.SZ,东诚药业,801_1000,2019-2025,64,2014-2026,58,,N
002484.SZ,江海股份,801_1000,2021-2026,63,2014-2021,77,,N
000035.SZ,中国天楹,801_1000,2016-2026,61,2014-2026,77,,N
600185.SH,珠免集团,801_1000,2014-2024,61,2014-2026,79,,N
300185.SZ,通裕重工,801_1000,2016-2024,60,2014-2026,80,,N
300747.SZ,锐科激光,801_1000,2018-2026,59,2022-2026,34,,N
300775.SZ,三角防务,801_1000,2020-2026,58,2019-2026,23,,N
300226.SZ,上海钢联,801_1000,2014-2023,57,2014-2026,80,,N
300367.SZ,网力退(退),801_1000,2014-2019,53,2014-2020,12,20220630,N
300456.SZ,赛微电子,801_1000,2019-2026,52,2016-2025,71,,N
300773.SZ,拉卡拉,801_1000,2020-2026,52,2019-2026,29,,N
300379.SZ,东通退,801_1000,2015-2025,51,2014-2025,73,20260122,N
300451.SZ,创业慧康,801_1000,2018-2023,51,2015-2026,63,,N
603027.SH,千禾味业,801_1000,2020-2024,51,2019-2026,36,,N
002467.SZ,二六三,801_1000,2014-2024,50,2016-2024,69,,N
300078.SZ,思创智联,801_1000,2015-2020,50,2014-2022,39,,N
300672.SZ,国科微,801_1000,2021-2026,50,2020-2024,25,,N
688333.SH,铂力特,801_1000,2021-2026,50,2021-2024,13,,N
002421.SZ,达实智能,801_1000,2014-2019,48,2015-2026,89,,N
300098.SZ,高新兴,801_1000,2015-2020,46,2014-2026,34,,N
300298.SZ,三诺生物,801_1000,2020-2024,46,2014-2026,82,,N
300457.SZ,赢合科技,801_1000,2018-2025,46,2016-2026,71,,N
002089.SZ,新海退(退),801_1000,2014-2019,45,2017-2019,8,20240418,N
300053.SZ,航宇微,801_1000,2015-2020,45,2014-2022,44,,N
300327.SZ,中颖电子,801_1000,2020-2024,44,2014-2026,48,,N
688050.SH,爱博医疗,801_1000,2021-2025,44,2025-2026,13,,N
002501.SZ,*ST利源,801_1000,2014-2018,43,2018-2019,10,,N
300034.SZ,钢研高纳,801_1000,2014-2024,43,2015-2026,98,,N
300725.SZ,药石科技,801_1000,2019-2023,43,2018-2026,50,,N
002035.SZ,华帝股份,801_1000,2015-2020,42,2014-2022,42,,N
002630.SZ,*ST华西,801_1000,2014-2018,42,2015-2020,23,,N
300090.SZ,盛运退(退),801_1000,2014-2018,42,2015-2018,6,20200825,N
300409.SZ,道氏技术,801_1000,2017-2026,42,2016-2024,75,,N
002020.SZ,京新药业,801_1000,2014-2025,41,2014-2026,93,,N
002067.SZ,景兴纸业,801_1000,2014-2018,41,2018-2020,30,,N
002541.SZ,鸿路钢构,801_1000,2020-2024,41,2024-2026,28,,N
300674.SZ,宇信科技,801_1000,2020-2026,41,2019-2026,46,,N
002108.SZ,沧州明珠,801_1000,2015-2021,39,2014-2025,86,,N
002481.SZ,双塔食品,801_1000,2014-2021,39,2014-2023,62,,N
002706.SZ,良信股份,801_1000,2020-2026,39,2014-2026,53,,N
300020.SZ,ST银江,801_1000,2014-2018,39,2015-2022,57,,N
000801.SZ,四川九洲,801_1000,2014-2025,38,2015-2026,103,,N
300229.SZ,拓尔思,801_1000,2015-2026,38,2014-2026,103,,N
300038.SZ,数知退(退),801_1000,2016-2020,37,2014-2021,36,20220630,N
300208.SZ,中程退(退),801_1000,2015-2018,37,2018-2024,70,20250721,N
300348.SZ,长亮科技,801_1000,2018-2025,37,2015-2026,92,,N
002376.SZ,新北洋,801_1000,2014-2019,36,2014-2022,59,,N
300035.SZ,中科电气,801_1000,2021-2026,36,2014-2026,32,,N
600305.SH,恒顺醋业,801_1000,2015-2021,36,2014-2026,75,,N
603063.SH,禾望电气,801_1000,2022-2026,36,2017-2024,51,,N
002100.SZ,天康生物,801_1000,2014-2024,35,2014-2026,93,,N
002462.SZ,嘉事堂,801_1000,2014-2017,35,2017-2021,42,,N
300352.SZ,ST信源,801_1000,2015-2020,35,2014-2026,101,,N
300638.SZ,广和通,801_1000,2021-2026,35,2019-2026,46,,N
600986.SH,浙文互联,801_1000,2016-2026,35,2015-2026,94,,N
300525.SZ,博思软件,801_1000,2020-2025,34,2020-2026,41,,N
600116.SH,三峡水利,801_1000,2015-2024,34,2014-2026,107,,N
600882.SH,妙可蓝多,801_1000,2020-2023,34,2014-2026,50,,N
603599.SH,广信股份,801_1000,2021-2024,34,2015-2026,77,,N
300355.SZ,蒙草生态,801_1000,2016-2019,33,2014-2023,68,,N
300369.SZ,绿盟科技,801_1000,2015-2021,33,2014-2024,86,,N
002015.SZ,协鑫能科,801_1000,2022-2026,32,2020-2026,43,,N
002413.SZ,雷科防务,801_1000,2016-2021,32,2016-2023,58,,N
002550.SZ,千红制药,801_1000,2014-2018,32,2015-2026,109,,N
300075.SZ,数字政通,801_1000,2015-2025,32,2014-2026,108,,N
300284.SZ,苏交科,801_1000,2015-2024,32,2014-2026,109,,N
688139.SH,海尔生物,801_1000,2021-2024,32,2020-2026,37,,N
688327.SH,云从科技,801_1000,2023-2026,32,2026-2026,1,,N
002104.SZ,恒宝股份,801_1000,2014-2026,31,2017-2026,61,,N
002171.SZ,楚江新材,801_1000,2020-2026,31,2014-2024,107,,N
300065.SZ,海兰信,801_1000,2015-2026,31,2014-2026,95,,N
300393.SZ,中来股份,801_1000,2021-2024,31,2015-2025,71,,N
300685.SZ,艾德生物,801_1000,2019-2022,31,2018-2026,68,,N
603083.SH,剑桥科技,801_1000,2024-2026,31,2023-2024,2,,N
002522.SZ,浙江众成,801_1000,2015-2017,30,2014-2022,64,,N
300326.SZ,ST凯利,801_1000,2018-2021,30,2014-2023,59,,N
600634.SH,退富控(退),801_1000,2015-2018,30,2016-2018,6,20210721,N
603300.SH,海南华铁,801_1000,2023-2025,30,2022-2026,15,,N
000836.SZ,ST富通(退),801_1000,2016-2019,29,2017-2021,25,20240812,N
002668.SZ,TCL智家,801_1000,2015-2018,29,2014-2026,67,,N
002341.SZ,ST新纶(退),801_1000,2014-2019,28,2015-2021,49,20240823,N
002343.SZ,慈文传媒,801_1000,2016-2018,28,2018-2021,32,,N
300216.SZ,千山退(退),801_1000,2014-2017,28,2014-2018,13,20200916,N
600856.SH,退中天(退),801_1000,2016-2018,28,2015-2019,20,20220622,N
300149.SZ,睿智医药,801_1000,2017-2020,27,2014-2023,68,,N
300738.SZ,奥飞数据,801_1000,2024-2026,27,2020-2024,42,,N
600452.SH,涪陵电力,801_1000,2023-2026,27,2020-2026,44,,N
600990.SH,四创电子,801_1000,2014-2019,27,2014-2023,80,,N
605090.SH,九丰能源,801_1000,2023-2026,27,2021-2025,30,,N
002364.SZ,中恒电气,801_1000,2015-2026,26,2014-2026,67,,N
002445.SZ,中南文化,801_1000,2015-2018,26,2014-2018,22,,N
002618.SZ,丹邦退(退),801_1000,2016-2019,26,2014-2021,51,20220622,N
002622.SZ,皓宸医疗,801_1000,2016-2018,26,2015-2019,22,,N
300137.SZ,先河环保,801_1000,2014-2019,26,2015-2021,51,,N
300238.SZ,冠昊生物,801_1000,2014-2020,26,2015-2022,64,,N
300323.SZ,华灿光电,801_1000,2017-2026,26,2014-2026,102,,N
002547.SZ,*ST春兴,801_1000,2016-2020,25,2014-2022,64,,N
300616.SZ,尚品宅配,801_1000,2018-2021,25,2017-2023,41,,N
300624.SZ,万兴科技,801_1000,2023-2026,25,2018-2026,56,,N
603306.SH,华懋科技,801_1000,2022-2026,25,2022-2024,26,,N
603713.SH,密尔克卫,801_1000,2020-2023,25,2019-2026,62,,N
603881.SH,数据港,801_1000,2020-2026,25,2017-2025,80,,N
688598.SH,金博股份,801_1000,2021-2023,25,2024-2025,17,,N
000048.SZ,京基智农,801_1000,2016-2018,24,2014-2026,59,,N
000150.SZ,*ST宜康(退),801_1000,2016-2019,24,2016-2020,30,20230609,N
000915.SZ,华特达因,801_1000,2014-2022,24,2015-2025,107,,N
002070.SZ,众和退(退),801_1000,2014-2017,24,2015-2017,5,20190709,N
002117.SZ,东港股份,801_1000,2015-2019,24,2014-2021,59,,N
002697.SZ,红旗连锁,801_1000,2015-2020,24,2014-2026,114,,N
300633.SZ,开立医疗,801_1000,2020-2024,24,2017-2026,81,,N
603128.SH,华贸物流,801_1000,2019-2022,24,2014-2026,113,,N
002042.SZ,华孚时尚,801_1000,2018-2020,23,2014-2023,78,,N
002313.SZ,日海智能,801_1000,2016-2019,23,2014-2021,60,,N
002647.SZ,仁东控股,801_1000,2017-2020,23,2018-2022,31,,N
002832.SZ,比音勒芬,801_1000,2022-2024,23,2019-2026,58,,N
300045.SZ,华力创通,801_1000,2015-2026,23,2014-2026,100,,N
300359.SZ,全通教育,801_1000,2015-2017,23,2014-2020,43,,N
600568.SH,ST中珠,801_1000,2016-2018,23,2014-2020,42,,N
002102.SZ,ST能特,801_1000,2015-2018,22,2014-2018,26,,N
002224.SZ,三力士,801_1000,2015-2017,22,2014-2021,55,,N
002488.SZ,金固股份,801_1000,2015-2025,22,2016-2026,107,,N
300131.SZ,英唐智控,801_1000,2015-2026,22,2014-2023,94,,N
600165.SH,宁科生物,801_1000,2015-2018,22,2014-2019,31,,N
000710.SZ,贝瑞基因,801_1000,2018-2021,21,2018-2023,39,,N
002474.SZ,榕基软件,801_1000,2014-2016,21,2015-2021,57,,N
002626.SZ,金达威,801_1000,2015-2022,21,2014-2026,120,,N
300011.SZ,鼎汉技术,801_1000,2014-2017,21,2016-2020,51,,N
300096.SZ,ST易联众,801_1000,2014-2016,21,2014-2021,57,,N
300178.SZ,腾邦退(退),801_1000,2014-2018,21,2014-2020,44,20220622,N
300269.SZ,联建光电,801_1000,2015-2017,21,2014-2019,33,,N
300145.SZ,南方泵业,801_1000,2017-2019,20,2018-2022,46,,N
300332.SZ,天壕能源,801_1000,2015-2023,20,2014-2024,76,,N
300737.SZ,科顺股份,801_1000,2020-2022,20,2018-2025,64,,N
600285.SH,羚锐制药,801_1000,2016-2025,20,2014-2026,120,,N
600742.SH,富维股份,801_1000,2014-2019,20,2015-2023,87,,N
603876.SH,鼎胜新材,801_1000,2022-2026,20,2018-2026,73,,N
000802.SZ,北京文化,801_1000,2014-2016,19,2014-2021,58,,N
002043.SZ,兔宝宝,801_1000,2016-2018,19,2016-2026,104,,N
002214.SZ,大立科技,801_1000,2014-2021,19,2014-2025,69,,N
002567.SZ,唐人神,801_1000,2019-2024,19,2014-2025,112,,N
002721.SZ,金一文化,801_1000,2015-2018,19,2014-2020,46,,N
300130.SZ,新国都,801_1000,2019-2025,19,2014-2026,121,,N
300171.SZ,东富龙,801_1000,2015-2022,19,2014-2026,121,,N
300222.SZ,科大智能,801_1000,2017-2019,19,2014-2023,82,,N
300655.SZ,晶瑞电材,801_1000,2023-2026,19,2022-2025,32,,N
300779.SZ,惠城环保,801_1000,2024-2026,19,2026-2026,2,,N
600571.SH,信雅达,801_1000,2014-2017,19,2014-2021,58,,N
603039.SH,泛微网络,801_1000,2020-2025,19,2018-2026,50,,N
688023.SH,安恒信息,801_1000,2021-2023,19,2022-2024,23,,N
688202.SH,美迪西,801_1000,2021-2022,19,2023-2024,23,,N
002471.SZ,中超控股,801_1000,2014-2016,18,2014-2017,18,,N
002614.SZ,奥佳华,801_1000,2018-2021,18,2014-2023,83,,N
002664.SZ,信质集团,801_1000,2015-2018,18,2014-2023,90,,N
300111.SZ,向日葵,801_1000,2014-2017,18,2014-2017,18,,N
300228.SZ,富瑞特装,801_1000,2014-2017,18,2015-2019,36,,N
300593.SZ,新雷能,801_1000,2022-2026,18,2023-2026,33,,N
600807.SH,济高发展,801_1000,2016-2018,18,2014-2018,8,,N
688066.SH,*ST航图,801_1000,2022-2023,18,2020-2025,36,,N
002537.SZ,海联金汇,801_1000,2018-2025,17,2016-2026,100,,N
600055.SH,万东医疗,801_1000,2021-2023,17,2014-2026,111,,N
688639.SH,华恒生物,801_1000,2022-2024,17,2023-2026,28,,N
002270.SZ,华明装备,801_1000,2024-2026,16,2016-2026,23,,N
300184.SZ,力源信息,801_1000,2019-2026,16,2017-2023,65,,N
300310.SZ,宜通世纪,801_1000,2016-2018,16,2014-2021,67,,N
300657.SZ,弘信电子,801_1000,2024-2026,16,2020-2026,41,,N
600149.SH,廊坊发展,801_1000,2014-2016,16,2015-2017,13,,N
600668.SH,尖峰集团,801_1000,2014-2019,16,2015-2021,67,,N
600984.SH,建设机械,801_1000,2019-2021,16,2021-2023,32,,N
688556.SH,高测股份,801_1000,2022-2024,16,2024-2025,20,,N
000789.SZ,万年青,801_1000,2018-2020,15,2014-2024,98,,N
002215.SZ,诺普信,801_1000,2015-2017,15,2014-2026,126,,N
002288.SZ,*ST超华(退),801_1000,2015-2016,15,2014-2018,32,20240819,N
002596.SZ,海南瑞泽,801_1000,2017-2019,15,2014-2022,74,,N
002611.SZ,东方精工,801_1000,2025-2026,15,2014-2023,107,,N
300233.SZ,金城医药,801_1000,2020-2022,15,2014-2024,62,,N
300303.SZ,聚飞光电,801_1000,2020-2026,15,2014-2026,125,,N
300811.SZ,铂科新材,801_1000,2024-2026,15,2023-2025,24,,N
600730.SH,*ST高科,801_1000,2015-2016,15,2014-2018,27,,N
603505.SH,金石资源,801_1000,2022-2024,15,2022-2026,36,,N
688408.SH,中信博,801_1000,2021-2024,15,2022-2026,42,,N
000560.SZ,我爱我家,801_1000,2018-2021,14,2017-2024,64,,N
000670.SZ,盈方微,801_1000,2014-2016,14,2015-2015,4,,N
002163.SZ,海南发展,801_1000,2020-2025,14,2021-2026,55,,N
002210.SZ,飞马国际,801_1000,2015-2018,14,2014-2019,21,,N
002239.SZ,奥特佳,801_1000,2020-2021,14,2014-2026,111,,N
002324.SZ,普利特,801_1000,2020-2023,14,2014-2026,96,,N
002446.SZ,盛路通信,801_1000,2019-2023,14,2014-2025,111,,N
300398.SZ,飞凯材料,801_1000,2022-2026,14,2015-2025,103,,N
300767.SZ,震安科技,801_1000,2021-2022,14,2020-2024,28,,N
301171.SZ,易点天下,801_1000,2024-2026,14,2023-2025,25,,N
600093.SH,退易见(退),801_1000,2019-2020,14,2015-2021,52,20220623,N
601137.SH,博威合金,801_1000,2022-2026,14,2017-2026,85,,N
603111.SH,康尼机电,801_1000,2016-2018,14,2017-2021,46,,N
603368.SH,柳药集团,801_1000,2019-2020,14,2015-2025,112,,N
603520.SH,司太立,801_1000,2020-2022,14,2021-2023,28,,N
000923.SZ,河钢资源,801_1000,2020-2024,13,2018-2026,86,,N
002079.SZ,苏州固锝,801_1000,2019-2023,13,2014-2026,124,,N
002339.SZ,积成电子,801_1000,2014-2017,13,2014-2018,35,,N
002351.SZ,漫步者,801_1000,2019-2023,13,2014-2026,127,,N
002539.SZ,云图控股,801_1000,2021-2026,13,2014-2026,115,,N
002606.SZ,大连电瓷,801_1000,2016-2017,13,2014-2018,34,,N
300181.SZ,佐力药业,801_1000,2024-2025,13,2014-2026,43,,N
300343.SZ,联创股份,801_1000,2022-2023,13,2014-2024,82,,N
300827.SZ,上能电气,801_1000,2023-2026,13,2022-2026,38,,N
600916.SH,中国黄金,801_1000,2022-2026,13,2021-2026,44,,N
601606.SH,长城军工,801_1000,2025-2026,13,2019-2026,74,,N
603279.SH,景津装备,801_1000,2022-2024,13,2019-2026,68,,N
688141.SH,杰华特,801_1000,2025-2026,13,2024-2025,14,,N
688484.SH,南芯科技,801_1000,2024-2026,13,2024-2026,14,,N
000957.SZ,中通客车,801_1000,2016-2017,12,2014-2021,65,,N
001301.SZ,尚太科技,801_1000,2024-2026,12,2023-2026,27,,N
002170.SZ,芭田股份,801_1000,2014-2015,12,2015-2026,33,,N
002177.SZ,御银股份,801_1000,2014-2016,12,2015-2018,36,,N
002284.SZ,亚太股份,801_1000,2016-2017,12,2014-2020,59,,N
002291.SZ,遥望科技,801_1000,2021-2023,12,2020-2025,48,,N
002367.SZ,康力电梯,801_1000,2014-2016,12,2015-2023,96,,N
002427.SZ,尤夫股份,801_1000,2017-2018,12,2016-2018,6,,N
002912.SZ,中新赛克,801_1000,2019-2020,12,2018-2022,42,,N
300028.SZ,金亚退(退),801_1000,2015-2016,12,2014-2018,29,20200803,N
300031.SZ,宝通科技,801_1000,2016-2025,12,2016-2026,111,,N
300128.SZ,锦富技术,801_1000,2017-2018,12,2014-2020,53,,N
300132.SZ,诺斯贝尔,801_1000,2020-2021,12,2020-2022,18,,N
300176.SZ,鸿特科技,801_1000,2018-2019,12,2019-2020,18,,N
300237.SZ,ST美晨,801_1000,2017-2018,12,2016-2020,36,,N
300309.SZ,吉艾退(退),801_1000,2017-2018,12,2014-2020,47,20230530,N
300333.SZ,兆日科技,801_1000,2015-2016,12,2014-2018,29,,N
300431.SZ,暴风退(退),801_1000,2016-2018,12,2017-2019,24,20201110,N
600701.SH,退工新(退),801_1000,2015-2016,12,2014-2016,5,20210430,N
603323.SH,苏农银行,801_1000,2018-2025,12,2017-2026,93,,N
603393.SH,新天然气,801_1000,2020-2024,12,2017-2026,99,,N
603667.SH,五洲新春,801_1000,2025-2026,12,2025-2025,3,,N
603690.SH,至纯科技,801_1000,2021-2023,12,2020-2026,63,,N
688016.SH,心脉医疗,801_1000,2020-2024,12,2021-2026,57,,N
688123.SH,聚辰股份,801_1000,2025-2026,12,2023-2025,27,,N
002260.SZ,德奥退(退),801_1000,2015-2016,11,2014-2018,31,20220617,N
300005.SZ,探路者,801_1000,2014-2016,11,2015-2019,42,,N
300143.SZ,盈康生命,801_1000,2020-2021,11,2018-2024,61,,N
300336.SZ,新文退(退),801_1000,2015-2016,11,2014-2020,60,20230705,N
300602.SZ,飞荣达,801_1000,2019-2026,11,2018-2026,82,,N
600133.SH,东湖高新,801_1000,2014-2025,11,2014-2026,93,,N
600238.SH,ST椰岛,801_1000,2014-2016,11,2015-2017,18,,N
603008.SH,ST喜临门,801_1000,2018-2023,11,2014-2025,120,,N
000820.SZ,神雾节能,801_1000,2017-2018,10,2014-2019,16,,N
002037.SZ,保利联合,801_1000,2014-2015,10,2014-2017,19,,N
002737.SZ,葵花药业,801_1000,2018-2024,10,2015-2026,125,,N
300598.SZ,诚迈科技,801_1000,2020-2024,10,2021-2026,65,,N
300770.SZ,新媒股份,801_1000,2020-2021,10,2019-2026,71,,N
601528.SH,瑞丰银行,801_1000,2024-2025,10,2021-2026,47,,N
603686.SH,福龙马,801_1000,2020-2021,10,2015-2022,80,,N
002003.SZ,伟星股份,801_1000,2024-2025,9,2014-2026,53,,N
002094.SZ,青岛金王,801_1000,2016-2018,9,2014-2020,56,,N
002149.SZ,西部材料,801_1000,2025-2026,9,2025-2025,6,,N
002298.SZ,中电鑫龙,801_1000,2015-2016,9,2014-2022,87,,N
002464.SZ,众应退(退),801_1000,2016-2017,9,2016-2020,45,20220628,N
002545.SZ,东方铁塔,801_1000,2025-2026,9,2017-2026,102,,N
300123.SZ,ST亚光,801_1000,2020-2021,9,2014-2025,80,,N
300252.SZ,金信诺,801_1000,2015-2016,9,2015-2022,75,,N
301550.SZ,斯菱智驱,801_1000,2025-2026,9,,0,,N
600211.SH,西藏药业,801_1000,2020-2021,9,2018-2026,84,,N
603477.SH,巨星农牧,801_1000,2023-2024,9,2023-2026,30,,N
603489.SH,八方股份,801_1000,2020-2021,9,2020-2025,51,,N
603906.SH,龙蟠科技,801_1000,2021-2022,9,2022-2024,29,,N
688083.SH,中望软件,801_1000,2022-2023,9,2022-2026,42,,N
688298.SH,东方生物,801_1000,2021-2022,9,2021-2025,39,,N
000673.SZ,当代退(退),801_1000,2015-2018,8,2014-2019,52,20220704,N
000928.SZ,中钢国际,801_1000,2016-2017,8,2015-2026,127,,N
002178.SZ,延华智能,801_1000,2015-2018,8,2014-2019,51,,N
002234.SZ,民和股份,801_1000,2019-2019,8,2016-2023,76,,N
002256.SZ,兆新股份,801_1000,2016-2017,8,2014-2020,57,,N
002355.SZ,兴民智通,801_1000,2016-2016,8,2014-2020,63,,N
300148.SZ,天舟文化,801_1000,2016-2017,8,2014-2020,63,,N
300157.SZ,新锦动力,801_1000,2014-2017,8,2015-2019,52,,N
300317.SZ,珈伟新能,801_1000,2016-2017,8,2017-2020,34,,N
301078.SZ,孩子王,801_1000,2025-2025,8,2022-2026,43,,N
600076.SH,康欣新材,801_1000,2017-2018,8,2018-2020,34,,N
600084.SH,*ST尼雅,801_1000,2016-2017,8,2015-2019,40,,N
603583.SH,捷昌驱动,801_1000,2020-2021,8,2019-2026,79,,N
000546.SZ,金圆股份,801_1000,2017-2022,7,2016-2023,78,,N
002448.SZ,中原内配,801_1000,2015-2016,7,2014-2019,52,,N
002605.SZ,姚记科技,801_1000,2020-2023,7,2014-2026,133,,N
300183.SZ,东软载波,801_1000,2014-2016,7,2015-2026,130,,N
300288.SZ,朗玛信息,801_1000,2014-2017,7,2014-2021,70,,N
300322.SZ,硕贝德,801_1000,2019-2020,7,2014-2026,91,,N
300613.SZ,富瀚微,801_1000,2021-2022,7,2017-2026,98,,N
300671.SZ,富满微,801_1000,2021-2022,7,2022-2024,29,,N
301050.SZ,雷电微力,801_1000,2022-2025,7,2022-2026,44,,N
301205.SZ,联特科技,801_1000,2026-2026,7,2023-2026,26,,N
600301.SH,华锡有色,801_1000,2026-2026,7,2024-2026,20,,N
600405.SH,动力源,801_1000,2014-2016,7,2014-2018,40,,N
603043.SH,广州酒家,801_1000,2018-2019,7,2017-2026,98,,N
603283.SH,赛腾股份,801_1000,2024-2026,7,2020-2026,38,,N
603660.SH,苏州科达,801_1000,2018-2019,7,2017-2021,35,,N
603997.SH,继峰股份,801_1000,2023-2025,7,2015-2026,122,,N
688680.SH,海优新材,801_1000,2022-2023,7,2022-2024,23,,N
000055.SZ,方大集团,801_1000,2014-2018,6,2014-2020,60,,N
002307.SZ,北新路桥,801_1000,2014-2017,6,2014-2024,107,,N
002329.SZ,皇氏集团,801_1000,2015-2016,6,2014-2019,53,,N
002369.SZ,卓翼科技,801_1000,2014-2015,6,2014-2017,29,,N
002536.SZ,飞龙股份,801_1000,2025-2026,6,2026-2026,3,,N
002542.SZ,*ST中岩,801_1000,2015-2017,6,2014-2022,84,,N
002577.SZ,雷柏科技,801_1000,2015-2015,6,2014-2019,53,,N
002777.SZ,久远银海,801_1000,2020-2023,6,2016-2026,84,,N
002928.SZ,华夏航空,801_1000,2020-2021,6,2018-2026,87,,N
002960.SZ,青鸟智控,801_1000,2021-2023,6,2020-2026,69,,N
300004.SZ,南风股份,801_1000,2014-2016,6,2014-2017,29,,N
300151.SZ,昌红科技,801_1000,2021-2022,6,2016-2026,60,,N
300189.SZ,神农种业,801_1000,2015-2015,6,2014-2015,5,,N
300292.SZ,吴通控股,801_1000,2019-2019,6,2015-2022,84,,N
300300.SZ,海峡创新,801_1000,2016-2016,6,2014-2021,71,,N
300353.SZ,东土科技,801_1000,2015-2026,6,2014-2026,80,,N
300397.SZ,天和防务,801_1000,2020-2020,6,2020-2023,30,,N
300587.SZ,天铁科技,801_1000,2022-2023,6,2022-2024,24,,N
300702.SZ,天宇股份,801_1000,2020-2020,6,2019-2026,75,,N
301316.SZ,慧博云通,801_1000,2025-2025,6,2023-2026,33,,N
603009.SH,北特科技,801_1000,2025-2026,6,2025-2026,9,,N
603222.SH,济民健康,801_1000,2019-2020,6,2020-2022,30,,N
603718.SH,*ST海利,801_1000,2018-2020,6,2015-2024,102,,N
688127.SH,蓝特光学,801_1000,2026-2026,6,2021-2026,51,,N
688279.SH,峰岹科技,801_1000,2025-2025,6,2024-2026,21,,N
002334.SZ,英威腾,801_1000,2014-2015,5,2015-2017,25,,N
002443.SZ,金洲管道,801_1000,2015-2017,5,2014-2020,66,,N
002527.SZ,新时达,801_1000,2015-2015,5,2014-2017,31,,N
002649.SZ,博彦科技,801_1000,2015-2016,5,2014-2026,133,,N
300087.SZ,ST荃银,801_1000,2021-2024,5,2021-2026,55,,N
300841.SZ,康华生物,801_1000,2020-2021,5,2021-2026,64,,N
301035.SZ,润丰股份,801_1000,2022-2023,5,2021-2026,52,,N
600527.SH,江南高纤,801_1000,2014-2015,5,2014-2017,30,,N
601028.SH,玉龙股份(退),801_1000,2022-2022,5,2014-2025,76,20250527,N
603108.SH,润达医疗,801_1000,2023-2025,5,2016-2026,112,,N
603113.SH,金能科技,801_1000,2021-2021,5,2017-2024,79,,N
603118.SH,共进股份,801_1000,2019-2020,5,2015-2026,124,,N
603197.SH,保隆科技,801_1000,2023-2023,5,2022-2026,37,,N
603662.SH,柯力传感,801_1000,2024-2025,5,2025-2026,16,,N
603871.SH,嘉友国际,801_1000,2024-2025,5,2023-2026,34,,N
688076.SH,ST诺泰,801_1000,2024-2025,5,2024-2025,9,,N
688403.SH,汇成股份,801_1000,2025-2026,5,2023-2026,28,,N
000615.SZ,*ST美谷,801_1000,2017-2017,4,2017-2023,56,,N
000797.SZ,中国武夷,801_1000,2017-2017,4,2014-2022,85,,N
002253.SZ,川大智胜,801_1000,2014-2016,4,2014-2019,55,,N
002433.SZ,太安退(退),801_1000,2014-2015,4,2015-2020,68,20240705,N
002540.SZ,亚太科技,801_1000,2014-2015,4,2014-2019,49,,N
002671.SZ,龙泉股份,801_1000,2015-2015,4,2014-2017,26,,N
002680.SZ,长生退(退),801_1000,2018-2018,4,2017-2018,8,20191127,N
002847.SZ,盐津铺子,801_1000,2021-2025,4,2020-2026,65,,N
002947.SZ,恒铭达,801_1000,2026-2026,4,2019-2026,35,,N
300016.SZ,北陆药业,801_1000,2015-2015,4,2014-2022,86,,N
300044.SZ,*ST赛为,801_1000,2017-2018,4,2014-2021,73,,N
300110.SZ,华仁药业,801_1000,2017-2018,4,2014-2022,85,,N
300135.SZ,宝利国际,801_1000,2015-2015,4,2014-2018,37,,N
300260.SZ,新莱应材,801_1000,2025-2026,4,2023-2026,35,,N
300302.SZ,同有科技,801_1000,2015-2016,4,2014-2022,85,,N
300364.SZ,中文在线,801_1000,2015-2018,4,2015-2020,56,,N
300572.SZ,安车检测,801_1000,2020-2020,4,2019-2022,26,,N
300687.SZ,赛意信息,801_1000,2023-2025,4,2022-2026,41,,N
300766.SZ,每日互动,801_1000,2020-2020,4,2019-2021,20,,N
300910.SZ,瑞丰新材,801_1000,2022-2025,4,2021-2026,59,,N
600225.SH,退卓朗(退),801_1000,2023-2023,4,2014-2024,37,20250306,N
600461.SH,洪城环境,801_1000,2015-2024,4,2014-2026,47,,N
600933.SH,爱柯迪,801_1000,2023-2025,4,2018-2026,95,,N
603348.SH,文灿股份,801_1000,2022-2022,4,2018-2025,80,,N
603612.SH,索通发展,801_1000,2022-2023,4,2017-2026,101,,N
688400.SH,凌云光,801_1000,2026-2026,4,2023-2026,29,,N
688652.SH,京仪装备,801_1000,2026-2026,4,2025-2026,11,,N
688696.SH,极米科技,801_1000,2022-2022,4,2022-2026,44,,N
688800.SH,瑞可达,801_1000,2026-2026,4,2022-2026,29,,N
001267.SZ,汇绿生态,801_1000,2026-2026,3,,0,,N
002009.SZ,天奇股份,801_1000,2014-2015,3,2014-2018,38,,N
002148.SZ,北纬科技,801_1000,2014-2017,3,2014-2020,62,,N
002197.SZ,证通电子,801_1000,2015-2015,3,2014-2021,81,,N
002229.SZ,鸿博股份,801_1000,2015-2016,3,2014-2020,68,,N
002296.SZ,辉煌科技,801_1000,2014-2015,3,2014-2018,38,,N
002418.SZ,康盛股份,801_1000,2016-2017,3,2016-2019,39,,N
002496.SZ,辉丰股份,801_1000,2014-2016,3,2014-2018,45,,N
002510.SZ,天汽模,801_1000,2015-2017,3,2014-2021,75,,N
002556.SZ,辉隆股份,801_1000,2014-2015,3,2014-2024,110,,N
002628.SZ,成都路桥,801_1000,2016-2016,3,2014-2016,14,,N
002798.SZ,帝欧水华,801_1000,2020-2020,3,2019-2022,33,,N
002833.SZ,弘亚数控,801_1000,2021-2021,3,2018-2025,69,,N
002906.SZ,华阳集团,801_1000,2022-2025,3,2018-2026,96,,N
300007.SZ,汉威科技,801_1000,2025-2026,3,2015-2026,108,,N
300047.SZ,天源迪科,801_1000,2015-2015,3,2014-2026,95,,N
300205.SZ,*ST天喻,801_1000,2015-2015,3,2014-2023,99,,N
300232.SZ,洲明科技,801_1000,2019-2020,3,2014-2026,122,,N
300319.SZ,麦捷科技,801_1000,2024-2026,3,2020-2026,72,,N
300368.SZ,汇金股份,801_1000,2016-2020,3,2014-2022,92,,N
300503.SZ,昊志机电,801_1000,2026-2026,3,,0,,N
300607.SZ,拓斯达,801_1000,2021-2026,3,2018-2026,72,,N
300663.SZ,科蓝软件,801_1000,2021-2025,3,2020-2026,69,,N
300723.SZ,一品红,801_1000,2025-2025,3,2019-2026,84,,N
300792.SZ,壹网壹创,801_1000,2020-2021,3,2020-2024,45,,N
301626.SZ,苏州天脉,801_1000,2026-2026,3,2025-2026,12,,N
600794.SH,保税科技,801_1000,2014-2015,3,2014-2017,27,,N
601952.SH,苏垦农发,801_1000,2020-2022,3,2017-2026,102,,N
603018.SH,华设集团,801_1000,2020-2020,3,2015-2023,63,,N
603068.SH,博通集成,801_1000,2020-2021,3,2019-2023,39,,N
603098.SH,森特股份,801_1000,2021-2022,3,2017-2024,69,,N
688007.SH,光峰科技,801_1000,2023-2023,3,2020-2026,63,,N
688033.SH,*ST天宜,801_1000,2021-2021,3,2020-2024,45,,N
688062.SH,迈威生物,801_1000,2025-2025,3,2024-2026,24,,N
688147.SH,微导纳米,801_1000,2026-2026,3,2024-2026,24,,N
688433.SH,华曙高科,801_1000,2026-2026,3,2024-2026,24,,N
688518.SH,联赢激光,801_1000,2022-2023,3,2023-2024,21,,N
688531.SH,日联科技,801_1000,2026-2026,3,2024-2025,12,,N
688545.SH,兴福电子,801_1000,2026-2026,3,,0,,N
688559.SH,海目星,801_1000,2023-2026,3,2022-2026,42,,N
688660.SH,电气风电,801_1000,2025-2025,3,2022-2026,28,,N
688707.SH,振华新材,801_1000,2022-2023,3,2023-2025,27,,N
000007.SZ,全新好,801_1000,2015-2015,2,2014-2015,9,,N
000705.SZ,浙江震元,801_1000,2014-2015,2,2014-2017,27,,N
000760.SZ,斯太退(退),801_1000,2014-2014,2,2014-2018,39,20210723,N
000948.SZ,南天信息,801_1000,2015-2015,2,2014-2017,34,,N
002115.SZ,三维通信,801_1000,2015-2020,2,2014-2021,82,,N
002289.SZ,宇顺电子,801_1000,2015-2015,2,2014-2016,15,,N
002301.SZ,齐心集团,801_1000,2020-2020,2,2014-2022,78,,N
002425.SZ,凯撒文化,801_1000,2020-2020,2,2014-2023,99,,N
002521.SZ,齐峰新材,801_1000,2014-2014,2,2014-2019,51,,N
002564.SZ,天沃科技,801_1000,2015-2017,2,2014-2020,70,,N
002631.SZ,德尔未来,801_1000,2016-2016,2,2014-2021,79,,N
002654.SZ,万润科技,801_1000,2025-2026,2,2024-2026,19,,N
002658.SZ,雪迪龙,801_1000,2015-2015,2,2014-2019,57,,N
002768.SZ,国恩股份,801_1000,2020-2026,2,2018-2026,67,,N
002779.SZ,中坚科技,801_1000,2025-2025,2,2025-2026,13,,N
002891.SZ,中宠股份,801_1000,2025-2025,2,2021-2026,61,,N
300006.SZ,莱美药业,801_1000,2016-2016,2,2014-2022,93,,N
300052.SZ,中青宝,801_1000,2014-2014,2,2014-2018,45,,N
300056.SZ,中创环保,801_1000,2015-2015,2,2014-2018,39,,N
300094.SZ,国联水产,801_1000,2015-2015,2,2014-2015,9,,N
300119.SZ,瑞普生物,801_1000,2021-2021,2,2014-2026,102,,N
300152.SZ,*ST动力,801_1000,2015-2015,2,2014-2018,39,,N
300158.SZ,振东制药,801_1000,2022-2022,2,2014-2024,81,,N
300186.SZ,大华农(退),801_1000,2014-2015,2,2014-2015,3,20151102,N
300295.SZ,*ST三六五,801_1000,2015-2015,2,2014-2018,46,,N
300497.SZ,富祥股份,801_1000,2021-2021,2,2016-2024,88,,N
300523.SZ,辰安科技,801_1000,2020-2020,2,2016-2022,70,,N
300526.SZ,中潜退(退),801_1000,2020-2020,2,2020-2022,22,20230712,N
300659.SZ,中孚信息,801_1000,2020-2020,2,2020-2023,34,,N
300705.SZ,九典制药,801_1000,2024-2024,2,2024-2026,22,,N
300709.SZ,精研科技,801_1000,2020-2020,2,2020-2023,34,,N
300821.SZ,东岳硅材,801_1000,2021-2021,2,2020-2026,67,,N
301071.SZ,力量钻石,801_1000,2026-2026,2,2022-2026,49,,N
600113.SH,浙江东日,801_1000,2025-2026,2,2014-2026,54,,N
600146.SH,退环球(退),801_1000,2018-2018,2,2014-2020,24,20220630,N
600784.SH,鲁银投资,801_1000,2014-2015,2,2014-2018,39,,N
603301.SH,振德医疗,801_1000,2021-2026,2,2020-2026,55,,N
603358.SH,华达科技,801_1000,2025-2026,2,2017-2026,55,,N
603985.SH,恒润股份,801_1000,2023-2023,2,2022-2025,28,,N
605196.SH,华通线缆,801_1000,2026-2026,2,2026-2026,1,,N
688339.SH,亿华通,801_1000,2021-2022,2,2022-2024,34,,N
688366.SH,昊海生科,801_1000,2021-2021,2,2020-2025,58,,N
688449.SH,联芸科技,801_1000,2026-2026,2,2026-2026,1,,N
688717.SH,艾罗能源,801_1000,2026-2026,2,2025-2026,13,,N
000018.SZ,神城A退(退),801_1000,2017-2017,1,2016-2019,35,20200107,N
000153.SZ,丰原药业,801_1000,2015-2015,1,2014-2016,23,,N
000404.SZ,长虹华意,801_1000,2015-2015,1,2014-2019,53,,N
000521.SZ,长虹美菱,801_1000,2015-2015,1,2014-2016,17,,N
000529.SZ,广弘控股,801_1000,2015-2015,1,2014-2016,23,,N
000545.SZ,金浦钛业,801_1000,2015-2015,1,2014-2020,64,,N
000561.SZ,烽火电子,801_1000,2015-2015,1,2014-2021,83,,N
000665.SZ,湖北广电,801_1000,2015-2015,1,2014-2021,82,,N
000833.SZ,粤桂股份,801_1000,2026-2026,1,2025-2026,8,,N
000868.SZ,安凯客车,801_1000,2015-2015,1,2014-2017,29,,N
000966.SZ,长源电力,801_1000,2014-2014,1,2014-2026,85,,N
002086.SZ,东方海洋,801_1000,2015-2015,1,2014-2019,53,,N
002144.SZ,宏达高科,801_1000,2015-2015,1,2014-2017,29,,N
002206.SZ,海利得,801_1000,2021-2021,1,2014-2024,110,,N
002207.SZ,*ST准油,801_1000,2015-2015,1,2014-2016,17,,N
002247.SZ,聚力文化,801_1000,2016-2016,1,2016-2019,41,,N
002255.SZ,海陆重工,801_1000,2015-2015,1,2014-2018,47,,N
002263.SZ,大东南,801_1000,2015-2015,1,2014-2018,41,,N
002279.SZ,久其软件,801_1000,2015-2015,1,2014-2021,76,,N
002316.SZ,亚联发展,801_1000,2015-2015,1,2014-2015,11,,N
002348.SZ,高乐股份,801_1000,2015-2015,1,2014-2017,35,,N
002349.SZ,精华制药,801_1000,2015-2015,1,2014-2025,83,,N
002363.SZ,隆基机械,801_1000,2015-2015,1,2014-2018,39,,N
002379.SZ,宏桥控股,801_1000,2015-2015,1,2014-2016,17,,N
002438.SZ,江苏神通,801_1000,2015-2015,1,2014-2017,29,,N
002451.SZ,摩恩电气,801_1000,2017-2017,1,2014-2020,70,,N
002453.SZ,华软科技,801_1000,2015-2015,1,2014-2024,83,,N
002486.SZ,嘉麟杰,801_1000,2016-2016,1,2014-2016,22,,N
002502.SZ,ST鼎龙(退),801_1000,2015-2015,1,2014-2019,59,20240905,N
002530.SZ,金财互联,801_1000,2020-2020,1,2018-2022,53,,N
002561.SZ,徐家汇,801_1000,2014-2014,1,2014-2016,22,,N
002571.SZ,德力股份,801_1000,2015-2015,1,2014-2017,29,,N
002604.SZ,龙力退(退),801_1000,2015-2015,1,2014-2018,41,20200715,N
002609.SZ,捷顺科技,801_1000,2015-2015,1,2014-2022,95,,N
002666.SZ,德联集团,801_1000,2015-2015,1,2014-2017,29,,N
002717.SZ,*ST岭南,801_1000,2020-2020,1,2014-2022,92,,N
002733.SZ,雄韬股份,801_1000,2019-2019,1,2015-2023,101,,N
002967.SZ,广电计量,801_1000,2021-2021,1,2020-2026,74,,N
002979.SZ,雷赛智能,801_1000,2026-2026,1,2020-2026,56,,N
300139.SZ,晓程科技,801_1000,2014-2014,1,2014-2017,28,,N
300155.SZ,安居宝,801_1000,2015-2015,1,2014-2017,28,,N
300162.SZ,雷曼光电,801_1000,2015-2015,1,2014-2017,35,,N
300164.SZ,通源石油,801_1000,2015-2015,1,2014-2016,23,,N
300215.SZ,电科院,801_1000,2016-2016,1,2014-2023,100,,N
300224.SZ,正海磁材,801_1000,2015-2015,1,2014-2026,140,,N
300255.SZ,常山药业,801_1000,2015-2015,1,2014-2023,94,,N
300392.SZ,腾信退(退),801_1000,2016-2016,1,2015-2018,35,20230710,N
300406.SZ,九强生物,801_1000,2020-2020,1,2015-2026,131,,N
300443.SZ,金雷股份,801_1000,2022-2022,1,2015-2026,86,,N
300495.SZ,*ST美尚(退),801_1000,2018-2018,1,2016-2021,53,20240920,N
300684.SZ,中石科技,801_1000,2026-2026,1,2019-2026,44,,N
300783.SZ,三只松鼠,801_1000,2024-2024,1,2019-2026,80,,N
300799.SZ,左江退(退),801_1000,2023-2023,1,2020-2023,35,20240729,N
300814.SZ,中富电路,801_1000,2026-2026,1,2026-2026,2,,N
301095.SZ,广立微,801_1000,2026-2026,1,2023-2026,38,,N
301297.SZ,富乐德,801_1000,2026-2026,1,2024-2026,20,,N
301392.SZ,汇成真空,801_1000,2026-2026,1,2025-2026,8,,N
600119.SH,*ST长投,801_1000,2015-2015,1,2014-2018,47,,N
600193.SH,退市创兴,801_1000,2015-2015,1,2014-2018,40,20260706,N
600229.SH,城市传媒,801_1000,2015-2015,1,2014-2021,58,,N
600248.SH,陕建股份,801_1000,2023-2023,1,2021-2026,56,,N
600354.SH,敦煌种业,801_1000,2015-2015,1,2014-2018,47,,N
600375.SH,汉马科技,801_1000,2014-2014,1,2014-2015,10,,N
600681.SH,百川能源,801_1000,2018-2018,1,2017-2020,35,,N
600684.SH,珠江股份,801_1000,2015-2015,1,2014-2020,64,,N
600691.SH,潞化科技,801_1000,2014-2014,1,2014-2024,52,,N
600758.SH,辽宁能源,801_1000,2017-2017,1,2017-2021,47,,N
600767.SH,退运盛(退),801_1000,2015-2015,1,2014-2017,28,20230629,N
600857.SH,宁波中百,801_1000,2015-2015,1,2014-2016,23,,N
601609.SH,金田股份,801_1000,2026-2026,1,2020-2026,68,,N
601963.SH,重庆银行,801_1000,2026-2026,1,2021-2026,56,,N
603124.SH,江南新材,801_1000,2026-2026,1,2026-2026,2,,N
603167.SH,渤海轮渡,801_1000,2015-2015,1,2014-2016,23,,N
603229.SH,奥翔药业,801_1000,2022-2022,1,2021-2026,59,,N
603360.SH,百傲化学,801_1000,2025-2025,1,2020-2026,32,,N
603399.SH,永杉锂业,801_1000,2018-2018,1,2014-2020,40,,N
603601.SH,再升科技,801_1000,2020-2020,1,2020-2023,41,,N
603960.SH,克来机电,801_1000,2020-2020,1,2021-2023,29,,N
688106.SH,金宏气体,801_1000,2026-2026,1,2021-2026,56,,N
688150.SH,莱特光电,801_1000,2026-2026,1,2024-2026,20,,N
688262.SH,国芯科技,801_1000,2023-2023,1,2023-2026,38,,N
688380.SH,中微半导,801_1000,2026-2026,1,2023-2026,32,,N
688382.SH,益方生物,801_1000,2025-2025,1,2026-2026,8,,N
601607.SH,上海医药,top300,2005-2026,335,,0,,N
600660.SH,福耀玻璃,top300,2005-2026,323,,0,,N
600741.SH,华域汽车,top300,2005-2026,323,,0,,N
600637.SH,东方明珠,top300,2005-2026,318,,0,,N
600061.SH,国投资本,top300,2007-2026,314,2014-2014,1,,N
600884.SH,杉杉股份,top300,2005-2026,311,,0,,N
000400.SZ,许继电气,top300,2005-2026,298,,0,,N
002064.SZ,华峰化学,top300,2007-2026,296,,0,,N
600588.SH,用友网络,top300,2006-2026,296,,0,,N
000581.SZ,威孚高科,top300,2005-2025,295,2025-2026,9,,N
000970.SZ,中科三环,top300,2005-2026,295,2026-2026,3,,N
600171.SH,上海贝岭,top300,2005-2026,293,,0,,N
002241.SZ,歌尔股份,top300,2009-2026,292,,0,,N
000800.SZ,一汽解放,top300,2005-2026,286,,0,,N
600872.SH,中炬高新,top300,2007-2026,285,2025-2026,5,,N
601390.SH,中国中铁,top300,2008-2026,285,,0,,N
601939.SH,建设银行,top300,2008-2026,285,,0,,N
600521.SH,华海药业,top300,2006-2026,284,,0,,N
600704.SH,物产中大,top300,2007-2026,284,,0,,N
600018.SH,上港集团,top300,2006-2026,282,,0,,N
600079.SH,ST人福,top300,2007-2025,282,,0,,N
600837.SH,海通证券(退),top300,2007-2025,282,,0,20250304,N
600038.SH,中直股份,top300,2008-2026,280,,0,,N
601186.SH,中国铁建,top300,2009-2026,279,,0,,N
000860.SZ,顺鑫农业,top300,2007-2025,278,2025-2026,18,,N
002007.SZ,华兰生物,top300,2007-2026,278,,0,,N
600655.SH,豫园股份,top300,2006-2026,273,,0,,N
000930.SZ,中粮科技,top300,2005-2024,272,2024-2026,21,,N
600219.SH,南山铝业,top300,2007-2026,272,,0,,N
601766.SH,中国中车,top300,2009-2026,272,,0,,N
601808.SH,中海油服,top300,2008-2026,272,,0,,N
600867.SH,通化东宝,top300,2007-2025,271,2025-2026,9,,N
000709.SZ,河钢股份,top300,2005-2026,270,,0,,N
600170.SH,上海建工,top300,2005-2026,270,,0,,N
600820.SH,隧道股份,top300,2005-2026,267,,0,,N
601618.SH,中国中冶,top300,2010-2026,267,,0,,N
002410.SZ,广联达,top300,2011-2026,266,,0,,N
600383.SH,金地集团,top300,2006-2023,265,,0,,N
600153.SH,建发股份,top300,2005-2026,264,,0,,N
600066.SH,宇通客车,top300,2007-2026,260,,0,,N
000559.SZ,万向钱潮,top300,2005-2026,259,,0,,N
600271.SH,航天信息,top300,2005-2025,258,,0,,N
000009.SZ,中国宝安,top300,2005-2026,257,,0,,N
000039.SZ,中集集团,top300,2005-2026,256,,0,,N
000060.SZ,中金岭南,top300,2005-2026,256,,0,,N
000875.SZ,电投绿能,top300,2005-2026,256,2014-2019,19,,N
600008.SH,首创环保,top300,2005-2026,256,,0,,N
600827.SH,百联股份,top300,2007-2024,256,2025-2026,20,,N
600109.SH,国金证券,top300,2008-2026,255,,0,,N
600166.SH,福田汽车,top300,2005-2026,255,,0,,N
601818.SH,光大银行,top300,2011-2026,255,,0,,N
600100.SH,同方股份,top300,2005-2026,253,,0,,N
600143.SH,金发科技,top300,2006-2026,253,,0,,N
600161.SH,天坛生物,top300,2007-2026,253,,0,,N
600535.SH,天士力,top300,2006-2026,253,,0,,N
600739.SH,辽宁成大,top300,2005-2026,253,2026-2026,3,,N
600415.SH,小商品城,top300,2006-2026,252,,0,,N
600875.SH,东方电气,top300,2006-2026,252,,0,,N
600398.SH,海澜之家,top300,2007-2026,251,,0,,N
000878.SZ,云南铜业,top300,2005-2026,250,,0,,N
601989.SH,中国重工(退),top300,2010-2025,248,,0,20250905,N
600787.SH,中储股份,top300,2007-2023,245,2023-2026,39,,N
000728.SZ,国元证券,top300,2008-2026,244,,0,,N
000598.SZ,兴蓉环境,top300,2007-2026,242,,0,,N
600073.SH,光明肉业,top300,2005-2021,242,2021-2025,54,,N
601117.SH,中国化学,top300,2010-2026,242,,0,,N
000401.SZ,金隅冀东,top300,2005-2025,241,,0,,N
600004.SH,白云机场,top300,2005-2026,241,,0,,N
002414.SZ,高德红外,top300,2011-2026,240,,0,,N
000027.SZ,深圳能源,top300,2005-2026,239,,0,,N
600110.SH,诺德股份,top300,2005-2023,239,2019-2025,29,,N
000543.SZ,皖能电力,top300,2005-2025,238,2021-2026,45,,N
000917.SZ,电广传媒,top300,2005-2026,238,2020-2026,37,,N
002078.SZ,太阳纸业,top300,2007-2026,238,,0,,N
600380.SH,健康元,top300,2005-2026,237,,0,,N
000031.SZ,大悦城,top300,2005-2024,236,,0,,N
000627.SZ,*ST天茂(退),top300,2007-2024,236,2021-2025,47,20250930,N
000898.SZ,鞍钢股份,top300,2005-2026,236,,0,,N
600138.SH,中青旅,top300,2005-2020,236,2023-2025,24,,N
600500.SH,中化国际,top300,2005-2025,236,,0,,N
600718.SH,东软集团,top300,2005-2025,236,2025-2026,14,,N
601669.SH,中国电建,top300,2012-2026,236,,0,,N
601901.SH,方正证券,top300,2012-2026,236,,0,,N
002092.SZ,中泰化学,top300,2007-2024,235,,0,,N
600062.SH,华润双鹤,top300,2006-2026,235,,0,,N
600316.SH,洪都航空,top300,2007-2026,235,,0,,N
600325.SH,华发股份,top300,2007-2025,235,2025-2026,9,,N
600339.SH,中油工程,top300,2006-2026,235,2014-2015,11,,N
002024.SZ,ST易购,top300,2005-2022,234,,0,,N
600410.SH,华胜天成,top300,2006-2021,233,,0,,N
600597.SH,光明乳业,top300,2005-2024,232,2024-2026,27,,N
002183.SZ,怡亚通,top300,2008-2025,231,2023-2026,29,,N
601800.SH,中国交建,top300,2013-2026,231,,0,,N
600312.SH,平高电气,top300,2007-2026,230,2022-2023,4,,N
600639.SH,浦东金桥,top300,2005-2022,230,2022-2026,51,,N
000402.SZ,金融街,top300,2005-2024,229,,0,,N
000488.SZ,ST晨鸣,top300,2005-2022,228,2022-2025,27,,N
600835.SH,上海机电,top300,2005-2022,228,2022-2026,45,,N
000012.SZ,南玻A,top300,2005-2024,227,2023-2026,29,,N
600797.SH,浙大网新,top300,2005-2021,226,2021-2024,46,,N
601216.SH,君正集团,top300,2012-2026,226,,0,,N
000301.SZ,东方盛虹,top300,2007-2026,224,2014-2016,21,,N
000541.SZ,佛山照明,top300,2005-2019,224,,0,,N
600027.SH,华电国际,top300,2006-2026,224,,0,,N
600970.SH,中材国际,top300,2006-2026,223,,0,,N
002601.SZ,龙佰集团,top300,2012-2026,222,2014-2016,18,,N
600643.SH,爱建集团,top300,2005-2022,222,2022-2026,51,,N
600808.SH,马钢股份,top300,2005-2026,222,,0,,N
000826.SZ,*ST启环,top300,2007-2021,221,,0,,N
601333.SH,广深铁路,top300,2007-2026,221,2026-2026,3,,N
600528.SH,中铁工业,top300,2007-2026,220,2026-2026,3,,N
600770.SH,综艺股份,top300,2005-2020,220,2020-2024,42,,N
600369.SH,西南证券,top300,2010-2026,219,,0,,N
600516.SH,方大炭素,top300,2009-2026,219,,0,,N
600216.SH,浙江医药,top300,2007-2025,218,2023-2026,25,,N
000503.SZ,国新健康,top300,2005-2024,217,2020-2026,62,,N
000686.SZ,东北证券,top300,2007-2026,217,2026-2026,6,,N
601866.SH,中远海发,top300,2008-2026,217,,0,,N
000099.SZ,中信海直,top300,2005-2025,215,2025-2026,9,,N
600006.SH,东风股份,top300,2005-2023,214,2023-2026,39,,N
600598.SH,北大荒,top300,2005-2026,214,,0,,N
000690.SZ,宝新能源,top300,2007-2026,213,2025-2026,11,,N
600811.SH,*ST东方(退),top300,2005-2024,212,2022-2024,23,20250430,N
600874.SH,创业环保,top300,2005-2020,212,2020-2025,60,,N
000089.SZ,深圳机场,top300,2005-2024,211,2024-2026,21,,N
600068.SH,葛洲坝(退),top300,2005-2021,211,,0,20210913,N
600277.SH,ST亿利(退),top300,2007-2023,211,2021-2024,20,20240718,N
600497.SH,驰宏锌锗,top300,2007-2026,211,,0,,N
601958.SH,金钼股份,top300,2009-2026,211,,0,,N
000959.SZ,首钢股份,top300,2005-2026,209,,0,,N
002128.SZ,电投能源,top300,2008-2026,209,,0,,N
600022.SH,山东钢铁,top300,2005-2024,209,2025-2026,9,,N
600037.SH,歌华有线,top300,2005-2024,209,2022-2026,42,,N
600315.SH,上海家化,top300,2007-2024,208,2024-2026,21,,N
600517.SH,国网英大,top300,2007-2026,208,2019-2020,10,,N
000703.SZ,恒逸石化,top300,2012-2026,207,,0,,N
000758.SZ,中色股份,top300,2005-2024,206,2022-2026,50,,N
000961.SZ,ST中南(退),top300,2007-2023,206,,0,20240711,N
600737.SH,中粮糖业,top300,2009-2026,206,,0,,N
000629.SZ,钒钛股份,top300,2005-2026,205,,0,,N
600649.SH,城投控股,top300,2005-2022,205,2022-2026,51,,N
600221.SH,海航控股,top300,2005-2026,204,,0,,N
600601.SH,方正科技,top300,2005-2026,204,2021-2024,7,,N
300142.SZ,沃森生物,top300,2014-2026,203,,0,,N
600158.SH,中体产业,top300,2007-2022,203,2022-2026,51,,N
600859.SH,王府井,top300,2007-2025,203,2026-2026,8,,N
002736.SZ,国信证券,top300,2015-2026,202,,0,,N
600717.SH,天津港,top300,2005-2022,202,2022-2026,45,,N
600816.SH,建元信托,top300,2007-2026,202,,0,,N
000939.SZ,凯迪退(退),top300,2005-2018,201,,0,20201217,N
600267.SH,海正药业,top300,2005-2023,201,2021-2026,58,,N
000726.SZ,鲁泰A,top300,2005-2017,200,2019-2021,24,,N
000735.SZ,罗牛山,top300,2005-2021,200,2015-2025,72,,N
002038.SZ,双鹭药业,top300,2007-2023,200,2022-2026,46,,N
600881.SH,亚泰集团,top300,2005-2021,200,,0,,N
000061.SZ,农产品,top300,2005-2021,199,2021-2026,57,,N
002049.SZ,紫光国微,top300,2013-2026,199,,0,,N
000712.SZ,锦龙股份,top300,2008-2024,198,2021-2026,62,,N
002493.SZ,荣盛石化,top300,2011-2026,196,,0,,N
600266.SH,城建发展,top300,2005-2023,196,2022-2026,48,,N
600376.SH,首开股份,top300,2007-2023,196,,0,,N
601555.SH,东吴证券,top300,2012-2026,196,,0,,N
000540.SZ,*ST中天(退),top300,2009-2023,195,,0,20230630,N
600481.SH,双良节能,top300,2007-2024,195,2019-2022,14,,N
002146.SZ,荣盛发展,top300,2008-2023,194,,0,,N
600088.SH,中视传媒,top300,2005-2017,194,,0,,N
600790.SH,轻纺城,top300,2005-2017,194,2019-2020,12,,N
600805.SH,悦达投资,top300,2005-2017,194,,0,,N
601238.SH,广汽集团,top300,2013-2026,194,,0,,N
002153.SZ,石基信息,top300,2009-2026,193,,0,,N
600635.SH,大众公用,top300,2005-2026,193,2021-2026,58,,N
000572.SZ,海马汽车,top300,2007-2018,191,,0,,N
600428.SH,中远海特,top300,2005-2026,191,2021-2026,57,,N
600628.SH,新世界,top300,2006-2018,191,,0,,N
300122.SZ,智飞生物,top300,2015-2026,190,,0,,N
002673.SZ,西部证券,top300,2013-2026,189,,0,,N
600270.SH,外运发展(退),top300,2005-2018,189,,0,20181228,N
600978.SH,*ST宜生(退),top300,2007-2019,189,2019-2020,6,20210322,N
000617.SZ,中油资本,top300,2006-2026,188,,0,,N
600151.SH,航天机电,top300,2006-2026,188,2022-2026,36,,N
600654.SH,中安科,top300,2005-2017,188,2025-2026,9,,N
600694.SH,大商股份,top300,2005-2020,188,2020-2022,24,,N
600058.SH,五矿发展,top300,2005-2020,187,2022-2026,45,,N
002051.SZ,中工国际,top300,2007-2021,186,2022-2026,45,,N
601933.SH,永辉超市,top300,2011-2025,186,,0,,N
600125.SH,铁龙物流,top300,2005-2020,185,2020-2026,66,,N
600880.SH,博瑞传播,top300,2007-2018,185,,0,,N
600748.SH,上实发展,top300,2005-2021,184,2021-2023,24,,N
000601.SZ,韶能股份,top300,2005-2017,183,2017-2023,71,,N
000738.SZ,航发控制,top300,2011-2026,181,,0,,N
002500.SZ,山西证券,top300,2011-2026,181,,0,,N
600582.SH,天地科技,top300,2009-2026,181,,0,,N
002110.SZ,三钢闽光,top300,2007-2023,180,2017-2026,21,,N
000962.SZ,东方钽业,top300,2005-2026,179,,0,,N
002508.SZ,老板电器,top300,2013-2026,179,,0,,N
601002.SH,晋亿实业,top300,2007-2018,179,,0,,N
000410.SZ,沈阳机床,top300,2005-2017,178,2014-2017,3,,N
000969.SZ,安泰科技,top300,2006-2026,178,2019-2025,64,,N
002073.SZ,软控股份,top300,2007-2019,178,2019-2026,32,,N
600456.SH,宝钛股份,top300,2006-2025,178,2017-2026,58,,N
600926.SH,杭州银行,top300,2017-2026,178,,0,,N
601881.SH,中国银河,top300,2017-2026,178,,0,,N
000415.SZ,渤海租赁,top300,2012-2026,177,2023-2023,1,,N
000088.SZ,盐田港,top300,2005-2026,176,2018-2025,87,,N
000511.SZ,烯碳退(退),top300,2005-2016,176,,0,20180718,N
600648.SH,外高桥,top300,2007-2023,176,2023-2025,30,,N
603806.SH,福斯特,top300,2015-2026,176,,0,,N
000685.SZ,中山公用,top300,2009-2022,175,2022-2026,45,,N
601099.SH,太平洋,top300,2010-2026,175,,0,,N
000829.SZ,天音控股,top300,2007-2024,174,2019-2026,68,,N
600662.SH,外服控股,top300,2005-2017,174,2017-2026,113,,N
600780.SH,通宝能源,top300,2005-2016,174,2023-2025,24,,N
000718.SZ,苏宁环球,top300,2008-2022,172,2022-2025,36,,N
300413.SZ,芒果超媒,top300,2017-2026,172,2015-2017,30,,N
601878.SH,浙商证券,top300,2017-2026,172,,0,,N
603833.SH,欧派家居,top300,2017-2026,172,,0,,N
600259.SH,中稀有色,top300,2011-2026,171,2023-2025,18,,N
600307.SH,酒钢宏兴,top300,2005-2023,171,,0,,N
000016.SZ,*ST康佳A,top300,2005-2021,170,2014-2024,72,,N
000667.SZ,ST美置(退),top300,2007-2020,170,2021-2022,17,20230714,N
600078.SH,澄星股份,top300,2005-2015,170,2015-2016,12,,N
600108.SH,亚盛集团,top300,2005-2020,170,2019-2023,54,,N
000717.SZ,中南股份,top300,2005-2022,169,,0,,N
000750.SZ,国海证券,top300,2012-2026,169,,0,,N
600017.SH,日照港,top300,2007-2020,169,2021-2026,63,,N
601118.SH,海南橡胶,top300,2011-2026,169,,0,,N
601928.SH,凤凰传媒,top300,2012-2026,169,,0,,N
601991.SH,大唐发电,top300,2007-2026,169,,0,,N
000422.SZ,湖北宜化,top300,2006-2026,168,2015-2026,14,,N
600333.SH,长春燃气,top300,2005-2015,168,,0,,N
600350.SH,山东高速,top300,2005-2026,168,,0,,N
601992.SH,金隅集团,top300,2012-2025,168,,0,,N
603899.SH,晨光股份,top300,2015-2026,167,,0,,N
600233.SH,圆通速递,top300,2017-2026,166,,0,,N
600804.SH,退鹏博(退),top300,2008-2021,166,,0,20250703,N
600675.SH,中华企业,top300,2005-2024,165,2022-2026,50,,N
000682.SZ,东方电子,top300,2005-2024,164,2015-2026,92,,N
000823.SZ,超声电子,top300,2005-2015,164,2020-2023,36,,N
002081.SZ,金螳螂,top300,2007-2023,164,2023-2026,33,,N
002242.SZ,九阳股份,top300,2009-2023,164,2023-2026,36,,N
600688.SH,上海石化,top300,2005-2026,164,2021-2024,39,,N
601608.SH,中信重工,top300,2013-2026,164,,0,,N
000839.SZ,国安股份,top300,2005-2019,163,,0,,N
000951.SZ,中国重汽,top300,2008-2026,163,2017-2023,43,,N
600373.SH,中文传媒,top300,2012-2025,163,2025-2026,9,,N
601098.SH,中南传媒,top300,2011-2026,163,,0,,N
603000.SH,人民网,top300,2013-2026,163,,0,,N
000550.SZ,江铃汽车,top300,2005-2019,162,2017-2026,103,,N
600399.SH,抚顺特钢,top300,2006-2025,162,2016-2026,28,,N
002841.SZ,视源股份,top300,2017-2026,161,,0,,N
601231.SH,环旭电子,top300,2013-2026,161,,0,,N
000680.SZ,山推股份,top300,2005-2025,160,2025-2026,19,,N
300316.SZ,晶盛机电,top300,2014-2026,160,2014-2016,9,,N
600578.SH,京能电力,top300,2006-2026,160,2021-2024,36,,N
600705.SH,中航产融(退),top300,2005-2023,160,,0,20250527,N
601066.SH,中信建投,top300,2018-2026,160,,0,,N
600745.SH,*ST闻泰,top300,2016-2025,159,2014-2017,7,,N
000886.SZ,海南高速,top300,2005-2015,158,2015-2017,24,,N
600121.SH,郑州煤电,top300,2005-2014,158,2015-2016,18,,N
600123.SH,兰花科创,top300,2005-2024,158,2015-2026,92,,N
600408.SH,安泰集团,top300,2005-2014,158,,0,,N
600779.SH,水井坊,top300,2005-2021,158,2014-2014,2,,N
600812.SH,华北制药,top300,2005-2021,158,2017-2026,81,,N
600657.SH,信达地产,top300,2010-2022,157,2022-2026,51,,N
300628.SZ,亿联网络,top300,2017-2026,156,2018-2018,2,,N
600317.SH,营口港(退),top300,2007-2020,156,,0,20210129,N
600518.SH,康美药业,top300,2007-2019,156,,0,,N
000612.SZ,焦作万方,top300,2005-2026,155,2021-2026,42,,N
600236.SH,桂冠电力,top300,2005-2022,155,2015-2015,1,,N
600395.SH,盘江股份,top300,2007-2024,155,2020-2026,64,,N
600210.SH,紫江企业,top300,2005-2021,154,2017-2026,93,,N
600823.SH,*ST世茂(退),top300,2007-2022,154,,0,20240614,N
601319.SH,中国人保,top300,2019-2026,154,,0,,N
000897.SZ,津滨发展,top300,2007-2018,153,,0,,N
000659.SZ,珠海中富,top300,2005-2013,152,,0,,N
000698.SZ,ST沈化,top300,2005-2013,152,,0,,N
600220.SH,ST阳光(退),top300,2005-2017,152,,0,20240710,N
600621.SH,华鑫股份,top300,2005-2024,152,2014-2026,89,,N
601799.SH,星宇股份,top300,2017-2026,152,2014-2017,17,,N
600611.SH,大众交通,top300,2008-2019,151,2019-2020,12,,N
600845.SH,宝信软件,top300,2018-2026,151,2014-2018,42,,N
601106.SH,中国一重,top300,2011-2026,151,,0,,N
000656.SZ,金科股份,top300,2012-2023,150,,0,,N
002120.SZ,韵达股份,top300,2017-2026,149,,0,,N
002739.SZ,儒意电影,top300,2015-2026,149,,0,,N
600252.SH,中恒集团,top300,2010-2022,149,2021-2026,54,,N
600653.SH,申华控股,top300,2005-2017,149,2016-2017,11,,N
600664.SH,哈药股份,top300,2009-2026,149,2024-2026,20,,N
600998.SH,九州通,top300,2011-2026,149,,0,,N
601198.SH,东兴证券,top300,2015-2026,149,,0,,N
601727.SH,上海电气,top300,2009-2026,149,,0,,N
603160.SH,汇顶科技,top300,2017-2026,149,,0,,N
000652.SZ,泰达股份,top300,2006-2020,148,2020-2023,41,,N
000883.SZ,湖北能源,top300,2011-2026,148,,0,,N
000900.SZ,现代投资,top300,2005-2016,148,2019-2022,36,,N
002399.SZ,海普瑞,top300,2011-2024,148,2024-2026,18,,N
600231.SH,凌钢股份,top300,2005-2013,148,2017-2020,30,,N
600300.SH,维维股份,top300,2007-2018,148,2018-2021,30,,N
601236.SH,红塔证券,top300,2019-2026,148,,0,,N
000059.SZ,华锦股份,top300,2005-2020,147,2020-2026,77,,N
600251.SH,冠农股份,top300,2007-2017,147,,0,,N
300070.SZ,碧水源,top300,2014-2026,146,2026-2026,3,,N
600103.SH,青山纸业,top300,2005-2013,146,2017-2023,72,,N
600269.SH,赣粤高速,top300,2005-2024,145,2015-2026,58,,N
000520.SZ,凤凰航运,top300,2005-2017,144,2017-2020,39,,N
000869.SZ,张裕A,top300,2006-2023,144,2017-2025,31,,N
600098.SH,广州发展,top300,2005-2026,144,2021-2024,30,,N
600581.SH,*ST八钢,top300,2005-2014,144,2018-2023,66,,N
600602.SH,云赛智联,top300,2005-2026,144,2014-2024,89,,N
600763.SH,通策医疗,top300,2014-2026,144,2017-2017,9,,N
002044.SZ,美年健康,top300,2017-2026,143,,0,,N
002083.SZ,孚日股份,top300,2007-2015,143,2015-2021,30,,N
600169.SH,ST太重,top300,2007-2019,143,2019-2025,72,,N
600299.SH,安迪苏,top300,2006-2026,143,,0,,N
000533.SZ,顺钠股份,top300,2005-2016,142,2014-2019,52,,N
002085.SZ,万丰奥威,top300,2007-2026,142,2022-2023,5,,N
600117.SH,西宁特钢,top300,2005-2014,142,,0,,N
600308.SH,华泰股份,top300,2005-2014,142,2014-2023,81,,N
600866.SH,星湖科技,top300,2005-2014,142,2014-2026,31,,N
600747.SH,退大控(退),top300,2005-2015,140,,0,20191212,N
601718.SH,ST际华,top300,2011-2025,140,2023-2026,27,,N
603659.SH,璞泰来,top300,2018-2026,140,,0,,N
600340.SH,*ST华幸,top300,2012-2021,139,2023-2024,18,,N
600616.SH,金枫酒业,top300,2006-2015,139,2015-2019,48,,N
000571.SZ,新大洲A,top300,2005-2017,137,2014-2019,51,,N
000156.SZ,华数传媒,top300,2013-2024,136,2024-2026,21,,N
000912.SZ,泸天化,top300,2005-2013,136,,0,,N
002344.SZ,海宁皮城,top300,2010-2019,136,2019-2023,48,,N
601018.SH,宁波港,top300,2011-2026,136,,0,,N
601058.SH,赛轮轮胎,top300,2014-2026,136,2014-2015,4,,N
000949.SZ,新乡化纤,top300,2005-2012,135,2014-2016,21,,N
002106.SZ,莱宝高科,top300,2007-2020,135,2020-2023,37,,N
601588.SH,北辰实业,top300,2007-2019,134,2019-2023,44,,N
601658.SH,邮储银行,top300,2020-2026,134,,0,,N
601816.SH,京沪高铁,top300,2020-2026,134,,0,,N
000671.SZ,ST阳光城(退),top300,2013-2022,133,,0,20230816,N
000793.SZ,ST华闻,top300,2006-2020,133,2019-2022,31,,N
600331.SH,宏达股份,top300,2006-2026,133,2015-2024,98,,N
600997.SH,开滦股份,top300,2005-2016,133,2017-2026,111,,N
002310.SZ,东方新能,top300,2010-2021,132,2021-2023,32,,N
300182.SZ,捷成股份,top300,2014-2026,132,2014-2026,3,,N
600361.SH,创新新材,top300,2006-2025,132,2023-2026,15,,N
600566.SH,济川药业,top300,2014-2026,131,,0,,N
600446.SH,金证股份,top300,2007-2025,130,2022-2026,22,,N
600633.SH,浙数文化,top300,2007-2025,130,2024-2026,22,,N
600740.SH,山西焦化,top300,2005-2022,130,2015-2026,110,,N
601005.SH,重庆钢铁,top300,2008-2023,130,,0,,N
000029.SZ,深深房A,top300,2005-2012,129,2014-2026,80,,N
002424.SZ,ST百灵,top300,2012-2024,129,2024-2024,2,,N
600012.SH,皖通高速,top300,2005-2011,129,2015-2026,87,,N
600035.SH,楚天高速,top300,2005-2011,129,2015-2021,60,,N
600710.SH,苏美达,top300,2005-2013,129,2019-2026,87,,N
600782.SH,新钢股份,top300,2009-2023,129,2015-2026,58,,N
600961.SH,株冶集团,top300,2005-2026,129,2014-2026,43,,N
601016.SH,节能风电,top300,2015-2026,129,,0,,N
603658.SH,安图生物,top300,2017-2026,129,,0,,N
000828.SZ,东莞控股,top300,2005-2017,128,2015-2026,127,,N
600074.SH,退保千(退),top300,2005-2018,128,,0,20200602,N
600501.SH,航天晨光,top300,2007-2013,128,2014-2019,59,,N
600652.SH,退游久(退),top300,2005-2017,128,2014-2019,26,20220621,N
600724.SH,宁波富达,top300,2005-2014,128,2015-2017,24,,N
601918.SH,新集能源,top300,2008-2026,128,2018-2023,53,,N
000024.SZ,招商地产(退),top300,2005-2015,127,,0,20151230,N
000927.SZ,中国铁物,top300,2005-2024,127,2017-2026,94,,N
002292.SZ,奥飞娱乐,top300,2010-2025,127,2018-2026,91,,N
002375.SZ,亚厦股份,top300,2011-2022,127,,0,,N
600595.SH,中孚实业,top300,2007-2026,127,2015-2024,41,,N
601139.SH,深圳燃气,top300,2010-2026,127,2018-2019,12,,N
601801.SH,皖新传媒,top300,2010-2021,127,2023-2026,39,,N
300601.SZ,康泰生物,top300,2018-2026,126,2017-2026,9,,N
600959.SH,江苏有线,top300,2015-2026,126,,0,,N
002194.SZ,武汉凡谷,top300,2008-2017,125,2020-2026,75,,N
600390.SH,五矿资本,top300,2017-2026,125,2014-2015,11,,N
601997.SH,贵阳银行,top300,2017-2026,125,,0,,N
600005.SH,武钢股份(退),top300,2005-2017,124,,0,20170214,N
002568.SZ,百润股份,top300,2015-2026,123,2014-2019,12,,N
300146.SZ,汤臣倍健,top300,2014-2026,123,,0,,N
601966.SH,玲珑轮胎,top300,2017-2026,123,,0,,N
603885.SH,吉祥航空,top300,2015-2026,123,,0,,N
002431.SZ,ST棕榈,top300,2011-2019,122,,0,,N
300529.SZ,健帆生物,top300,2018-2026,122,2017-2026,13,,N
600682.SH,南京新百,top300,2008-2021,122,2014-2026,63,,N
600918.SH,中泰证券,top300,2020-2026,122,,0,,N
603392.SH,万泰生物,top300,2020-2026,122,,0,,N
688036.SH,传音控股,top300,2020-2026,122,,0,,N
002052.SZ,同洲电子,top300,2007-2015,120,,0,,N
002069.SZ,獐子岛,top300,2007-2015,120,,0,,N
600832.SH,东方明珠(退),top300,2005-2015,120,,0,20150520,N
600871.SH,石化油服,top300,2005-2026,120,,0,,N
300296.SZ,利亚德,top300,2015-2026,119,2014-2026,9,,N
601162.SH,天风证券,top300,2019-2026,119,,0,,N
603195.SH,公牛集团,top300,2020-2026,119,,0,,N
000046.SZ,*ST泛海(退),top300,2007-2022,118,,0,20240207,N
000968.SZ,蓝焰控股,top300,2005-2019,118,2014-2025,94,,N
000518.SZ,四环生物,top300,2005-2018,117,2015-2015,5,,N
002797.SZ,第一创业,top300,2016-2026,117,,0,,N
600508.SH,上海能源,top300,2005-2015,117,2014-2026,108,,N
601611.SH,中国核建,top300,2016-2026,117,,0,,N
002097.SZ,山河智能,top300,2007-2025,116,2014-2026,130,,N
601865.SH,福莱特,top300,2019-2026,116,,0,,N
000607.SZ,华媒控股,top300,2005-2016,115,2015-2018,42,,N
000727.SZ,冠捷科技,top300,2005-2020,115,2015-2026,69,,N
300133.SZ,华策影视,top300,2014-2025,115,2022-2026,26,,N
000429.SZ,粤高速A,top300,2005-2026,114,2017-2025,46,,N
000539.SZ,粤电力A,top300,2005-2026,113,2021-2023,24,,N
000767.SZ,晋控电力,top300,2005-2018,113,2015-2026,94,,N
002122.SZ,ST汇洲,top300,2008-2018,113,,0,,N
002653.SZ,海思科,top300,2012-2025,113,2018-2019,12,,N
002939.SZ,长城证券,top300,2019-2026,113,,0,,N
002945.SZ,华林证券,top300,2019-2026,113,,0,,N
603156.SH,养元饮品,top300,2018-2026,113,,0,,N
000755.SZ,山西高速,top300,2007-2013,112,,0,,N
600033.SH,福建高速,top300,2005-2019,112,2015-2026,68,,N
600630.SH,龙头股份,top300,2005-2016,112,2014-2019,50,,N
002416.SZ,爱施德,top300,2013-2025,111,2015-2026,36,,N
002831.SZ,裕同科技,top300,2017-2026,111,,0,,N
600732.SH,爱旭股份,top300,2007-2024,111,2014-2021,6,,N
600838.SH,上海九百,top300,2005-2011,111,2014-2018,47,,N
600909.SH,华安证券,top300,2017-2026,111,,0,,N
603858.SH,步长制药,top300,2017-2026,111,,0,,N
603939.SH,益丰药房,top300,2017-2026,111,2015-2017,24,,N
000737.SZ,北方铜业,top300,2005-2026,110,2014-2025,32,,N
002607.SZ,中公教育,top300,2019-2026,110,,0,,N
600550.SH,保变电气,top300,2006-2026,110,2015-2026,114,,N
601916.SH,浙商银行,top300,2020-2026,110,,0,,N
002400.SZ,省广集团,top300,2013-2026,109,2019-2026,44,,N
002468.SZ,申通快递,top300,2015-2024,109,2014-2026,45,,N
600190.SH,退锦港(退),top300,2005-2011,109,2015-2018,42,20250725,N
600297.SH,广汇汽车(退),top300,2016-2023,109,2014-2024,14,20240828,N
600569.SH,安阳钢铁,top300,2005-2012,109,2015-2023,90,,N
600239.SH,ST云城,top300,2008-2018,108,2015-2021,63,,N
002010.SZ,传化智联,top300,2007-2024,107,2014-2026,37,,N
002180.SZ,奔图科技,top300,2015-2025,107,,0,,N
600377.SH,宁沪高速,top300,2005-2026,107,,0,,N
601577.SH,长沙银行,top300,2019-2026,107,,0,,N
000562.SZ,宏源证券(退),top300,2005-2014,105,,0,20150126,N
000631.SZ,顺发恒能,top300,2010-2017,105,2018-2019,18,,N
300558.SZ,贝达药业,top300,2018-2026,105,2017-2018,12,,N
600977.SH,中国电影,top300,2017-2026,105,2021-2023,8,,N
601228.SH,广州港,top300,2017-2026,105,,0,,N
601615.SH,明阳智能,top300,2019-2026,105,,0,,N
688363.SH,华熙生物,top300,2021-2026,105,,0,,N
002459.SZ,晶澳科技,top300,2020-2026,104,2020-2020,3,,N
002470.SZ,金正大,top300,2012-2020,103,,0,,N
300595.SZ,欧普康视,top300,2019-2025,103,2018-2026,14,,N
600744.SH,华银电力,top300,2005-2011,103,2016-2026,39,,N
603338.SH,浙江鼎力,top300,2018-2026,103,2015-2022,38,,N
300661.SZ,圣邦股份,top300,2019-2026,102,2018-2019,8,,N
000527.SZ,美的电器(退),top300,2005-2013,101,,0,20130918,N
300072.SZ,海新能科,top300,2014-2023,101,,0,,N
300782.SZ,卓胜微,top300,2019-2026,101,,0,,N
601868.SH,中国能建,top300,2021-2026,101,,0,,N
000599.SZ,青岛双星,top300,2006-2011,100,,0,,N
002958.SZ,青农商行,top300,2019-2026,100,2026-2026,1,,N
600783.SH,鲁信创投,top300,2011-2019,100,2017-2026,103,,N
601158.SH,重庆水务,top300,2011-2025,100,2021-2022,12,,N
000666.SZ,经纬纺机(退),top300,2005-2017,99,2015-2021,52,20231026,N
300676.SZ,华大基因,top300,2019-2026,99,,0,,N
600726.SH,华电能源,top300,2005-2015,99,2014-2026,38,,N
603233.SH,大参林,top300,2018-2026,99,2017-2018,12,,N
300999.SZ,金龙鱼,top300,2021-2026,98,,0,,N
600757.SH,长江传媒,top300,2005-2020,98,2024-2026,27,,N
600868.SH,梅雁吉祥,top300,2005-2020,98,2020-2021,12,,N
000532.SZ,华金资本,top300,2005-2011,97,2014-2020,71,,N
000573.SZ,粤宏远A,top300,2005-2016,97,2014-2018,40,,N
600200.SH,退苏吴(退),top300,2005-2020,96,2019-2021,26,20251231,N
600087.SH,退长油(退),top300,2005-2012,95,,0,20140605,N
600432.SH,退吉恩(退),top300,2007-2015,95,,0,20180713,N
600968.SH,海油发展,top300,2019-2026,95,,0,,N
603882.SH,金域医学,top300,2019-2025,95,2018-2019,13,,N
000707.SZ,双环科技,top300,2006-2011,94,2014-2015,11,,N
601375.SH,中原证券,top300,2017-2026,94,2020-2026,11,,N
601990.SH,南京证券,top300,2018-2026,93,,0,,N
603290.SH,斯达半导,top300,2020-2026,93,,0,,N
000822.SZ,山东海化,top300,2005-2014,92,2018-2020,30,,N
300168.SZ,万达信息,top300,2014-2023,92,,0,,N
600834.SH,申通地铁,top300,2006-2012,92,2015-2017,18,,N
601298.SH,青岛港,top300,2019-2026,92,,0,,N
601828.SH,美凯龙,top300,2018-2024,92,,0,,N
688009.SH,中国通号,top300,2020-2026,92,,0,,N
000921.SZ,海信家电,top300,2005-2026,91,2017-2023,53,,N
001872.SZ,招商港口,top300,2005-2024,90,2014-2018,38,,N
600057.SH,厦门象屿,top300,2005-2024,90,2014-2026,89,,N
000507.SZ,珠海港,top300,2005-2019,89,2015-2023,70,,N
601212.SH,白银有色,top300,2017-2026,89,2021-2023,24,,N
000751.SZ,锌业股份,top300,2007-2018,88,2016-2021,42,,N
000780.SZ,ST平能(退),top300,2005-2015,87,,0,20220124,N
601077.SH,渝农商行,top300,2020-2026,87,,0,,N
601696.SH,中银证券,top300,2020-2026,87,,0,,N
688561.SH,奇安信,top300,2021-2026,87,,0,,N
000413.SZ,ST旭电(退),top300,2013-2020,86,,0,20241011,N
600928.SH,西安银行,top300,2019-2025,86,2025-2026,9,,N
000036.SZ,华联控股,top300,2005-2019,85,2014-2023,67,,N
002773.SZ,康弘药业,top300,2018-2026,85,2021-2025,34,,N
600102.SH,莱钢股份(退),top300,2005-2012,84,,0,20120228,N
601519.SH,大智慧,top300,2011-2026,84,2020-2026,50,,N
601969.SH,海南矿业,top300,2015-2023,84,2023-2026,33,,N
603517.SH,ST绝味,top300,2018-2024,84,2017-2018,6,,N
000916.SZ,华北高速(退),top300,2005-2010,83,2015-2016,18,20171225,N
300979.SZ,华利集团,top300,2022-2026,83,,0,,N
002450.SZ,康得退(退),top300,2012-2019,82,,0,20210531,N
002756.SZ,永兴材料,top300,2020-2026,81,2015-2020,60,,N
300919.SZ,中伟新材,top300,2022-2026,81,,0,,N
300957.SZ,贝泰妮,top300,2022-2026,81,,0,,N
600020.SH,中原高速,top300,2005-2019,81,2015-2026,88,,N
601003.SH,柳钢股份,top300,2008-2022,80,2017-2026,25,,N
000068.SZ,华控赛格,top300,2005-2014,77,,0,,N
001289.SZ,龙源电力,top300,2022-2025,77,,0,,N
601258.SH,*ST庞大(退),top300,2012-2022,77,2023-2023,5,20230630,N
600631.SH,百联股份(退),top300,2005-2011,76,,0,20110823,N
000008.SZ,神州高铁,top300,2015-2021,73,2014-2015,5,,N
000536.SZ,华映科技,top300,2011-2020,73,2015-2017,18,,N
600215.SH,派斯林,top300,2005-2009,73,,0,,N
000553.SZ,安道麦A,top300,2018-2024,72,2014-2018,41,,N
002925.SZ,盈趣科技,top300,2018-2024,72,2024-2026,27,,N
601456.SH,国联民生,top300,2020-2026,69,,0,,N
002498.SZ,汉缆股份,top300,2011-2026,68,2019-2026,84,,N
300027.SZ,ST华谊,top300,2014-2024,67,2021-2026,52,,N
000761.SZ,本钢板材,top300,2006-2020,66,2021-2026,54,,N
002839.SZ,张家港行,top300,2017-2024,66,2021-2026,45,,N
601929.SH,吉视传媒,top300,2013-2019,66,2018-2023,53,,N
603185.SH,弘元绿能,top300,2020-2025,66,2019-2020,18,,N
600548.SH,深高速,top300,2005-2010,65,2015-2025,90,,N
002269.SZ,美邦服饰,top300,2009-2018,64,,0,,N
601101.SH,昊华能源,top300,2011-2016,64,2017-2026,75,,N
300866.SZ,安克创新,top300,2021-2026,63,,0,,N
300888.SZ,稳健医疗,top300,2021-2026,63,,0,,N
600007.SH,中国国贸,top300,2005-2026,63,2015-2024,66,,N
600638.SH,新黄浦,top300,2005-2018,63,2015-2020,42,,N
000806.SZ,银河退(退),top300,2005-2018,62,,0,20230706,N
002426.SZ,胜利精密,top300,2014-2020,62,2014-2015,3,,N
600485.SH,*ST信威(退),top300,2007-2018,62,,0,20210601,N
600135.SH,乐凯胶片,top300,2005-2009,61,2014-2018,47,,N
600091.SH,退明科(退),top300,2005-2009,59,,0,20220621,N
002411.SZ,必康退(退),top300,2015-2020,57,2014-2016,16,20230712,N
601299.SH,中国北车(退),top300,2010-2015,57,,0,20150520,N
600001.SH,邯郸钢铁(退),top300,2005-2009,56,,0,20091229,N
600357.SH,承德钒钛(退),top300,2005-2009,56,,0,20091229,N
002570.SZ,贝因美,top300,2012-2017,54,2016-2017,5,,N
002791.SZ,坚朗五金,top300,2020-2024,54,2016-2026,36,,N
002608.SZ,江苏国信,top300,2017-2026,51,2014-2015,5,,N
600591.SH,*ST上航(退),top300,2005-2009,51,,0,20100125,N
601059.SH,信达证券,top300,2023-2026,50,,0,,N
000096.SZ,广聚能源,top300,2005-2009,47,2014-2017,29,,N
000420.SZ,吉林化纤,top300,2005-2009,47,2023-2026,33,,N
600733.SH,北汽蓝谷,top300,2019-2022,44,,0,,N
603699.SH,纽威股份,top300,2014-2026,44,2018-2025,31,,N
603296.SH,华勤技术,top300,2024-2026,38,,0,,N
300769.SZ,德方纳米,top300,2021-2023,36,,0,,N
601107.SH,四川成渝,top300,2010-2012,36,2015-2026,81,,N
000555.SZ,神州信息,top300,2014-2025,35,2018-2026,82,,N
002275.SZ,桂林三金,top300,2010-2015,35,2023-2026,30,,N
600786.SH,东方锅炉(退),top300,2005-2008,32,,0,20080318,N
601136.SH,首创证券,top300,2023-2026,32,,0,,N
300104.SZ,乐视退(退),top300,2015-2017,30,,0,20200721,N
601566.SH,九牧王,top300,2012-2015,30,2015-2020,54,,N
600403.SH,大有能源,top300,2007-2015,28,2022-2026,45,,N
600854.SH,春兰股份,top300,2005-2007,27,,0,,N
000920.SZ,沃顿科技,top300,2005-2015,24,2014-2018,44,,N
600205.SH,S山东铝(退),top300,2005-2007,24,,0,20070430,N
600296.SH,S兰铝(退),top300,2005-2007,24,,0,20070430,N
601268.SH,*ST二重(退),top300,2011-2012,24,,0,20150521,N
601558.SH,退锐电(退),top300,2011-2013,24,,0,20200702,N
600666.SH,奥瑞德,top300,2015-2017,23,2014-2015,6,,N
301165.SZ,锐捷网络,top300,2024-2026,21,2023-2024,12,,N
600207.SH,安彩高科,top300,2005-2006,21,2014-2020,56,,N
990018.SH,,top300,2005-2006,18,,0,,N
001391.SZ,国货航,top300,2025-2026,15,,0,,N
600608.SH,退市沪科,top300,2005-2006,15,2014-2014,2,20260703,N
600627.SH,上电股份(退),top300,2006-2007,15,,0,20081126,N
000406.SZ,石油大明(退),top300,2005-2006,12,,0,20060421,N
000866.SZ,扬子石化(退),top300,2005-2006,12,,0,20060421,N
000956.SZ,中原油气(退),top300,2005-2006,12,,0,20060421,N
600002.SH,齐鲁石化(退),top300,2005-2006,12,,0,20060424,N
601163.SH,三角轮胎,top300,2017-2018,12,2018-2026,78,,N
600472.SH,包头铝业(退),top300,2007-2007,11,,0,20071226,N
000498.SZ,山东路桥,top300,2005-2005,9,2015-2026,135,,N
000763.SZ,锦州石化(退),top300,2005-2005,9,,0,20060104,N
000817.SZ,辽河油田(退),top300,2005-2005,9,,0,20060104,N
600228.SH,返利科技,top300,2005-2007,9,,0,,N
600930.SH,华电新能,top300,2025-2026,9,,0,,N
000618.SZ,吉林化工(退),top300,2005-2005,6,,0,20060220,N
600003.SH,ST东北高(退),top300,2007-2007,6,,0,20100226,N
600141.SH,兴发集团,301_800,2007-2026,266,,0,,Y
600298.SH,安琪酵母,301_800,2007-2026,266,,0,,Y
600801.SH,华新建材,301_800,2007-2026,266,,0,,Y
600673.SH,东阳光,301_800,2008-2026,263,,0,,Y
000426.SZ,兴业银锡,301_800,2007-2026,250,2021-2023,13,,Y
600330.SH,天通股份,301_800,2007-2026,249,2015-2025,23,,Y
600667.SH,太极实业,301_800,2007-2026,240,2015-2025,14,,Y
600329.SH,达仁堂,301_800,2010-2026,232,,0,,Y
001696.SZ,宗申动力,301_800,2007-2026,220,2019-2024,58,,Y
002223.SZ,鱼跃医疗,301_800,2010-2026,218,,0,,Y
002281.SZ,光迅科技,301_800,2010-2026,218,,0,,Y
600435.SH,北方导航,301_800,2009-2026,218,,0,,Y
600258.SH,首旅酒店,301_800,2007-2025,216,2014-2026,17,,Y
600750.SH,华润江中,301_800,2007-2025,216,2019-2026,68,,Y
002340.SZ,格林美,301_800,2010-2026,212,,0,,Y
600458.SH,时代新材,301_800,2007-2019,203,2019-2026,81,,Y
002233.SZ,塔牌集团,301_800,2009-2022,201,2022-2026,45,,Y
600201.SH,生物股份,301_800,2007-2026,201,2024-2025,12,,Y
600759.SH,ST洲际,301_800,2009-2026,193,2020-2025,15,,Y
000777.SZ,中核科技,301_800,2007-2018,185,,0,,Y
002254.SZ,泰和新材,301_800,2009-2023,185,2019-2026,61,,Y
000973.SZ,佛塑科技,301_800,2007-2017,173,2017-2026,51,,Y
600392.SH,盛和资源,301_800,2007-2026,171,,0,,Y
002317.SZ,众生药业,301_800,2010-2026,169,2024-2025,5,,Y
600063.SH,皖维高新,301_800,2007-2023,167,2016-2026,111,,Y
002273.SZ,水晶光电,301_800,2013-2026,158,,0,,Y
600162.SH,香江控股,301_800,2007-2017,155,2015-2021,66,,Y
600206.SH,有研新材,301_800,2007-2026,154,2015-2024,52,,Y
600885.SH,宏发股份,301_800,2007-2026,153,,0,,Y
600326.SH,西藏天路,301_800,2007-2020,152,2014-2022,74,,Y
000155.SZ,川能动力,301_800,2007-2026,148,2018-2020,31,,Y
600322.SH,津投城开,301_800,2007-2017,147,2015-2020,65,,Y
002396.SZ,星网锐捷,301_800,2013-2026,143,2024-2026,9,,Y
601636.SH,旗滨集团,301_800,2012-2026,142,2014-2017,25,,Y
002428.SZ,云南锗业,301_800,2011-2026,140,2018-2024,64,,Y
300001.SZ,特锐德,301_800,2014-2026,138,2014-2015,2,,Y
600295.SH,鄂尔多斯,301_800,2007-2026,137,2014-2024,90,,Y
600486.SH,扬农化工,301_800,2009-2026,135,2014-2016,19,,Y
600862.SH,中航高科,301_800,2014-2026,132,2016-2016,8,,Y
300054.SZ,鼎龙股份,301_800,2014-2026,129,2014-2017,12,,Y
002407.SZ,多氟多,301_800,2014-2026,124,2014-2015,4,,Y
300285.SZ,国瓷材料,301_800,2016-2026,124,2014-2016,16,,Y
300383.SZ,光环新网,301_800,2015-2026,123,2014-2015,5,,Y
002176.SZ,江特电机,301_800,2014-2026,122,,0,,Y
002436.SZ,兴森科技,301_800,2014-2026,122,2015-2019,19,,Y
600869.SH,远东股份,301_800,2012-2026,122,2022-2025,42,,Y
000893.SZ,亚钾国际,301_800,2010-2026,114,2016-2022,21,,Y
000547.SZ,航天发展,301_800,2014-2024,113,,0,,Y
600764.SH,中国海防,301_800,2007-2026,112,2014-2021,39,,Y
603444.SH,吉比特,301_800,2017-2026,111,,0,,Y
002595.SZ,豪迈科技,301_800,2014-2026,108,,0,,Y
603225.SH,新凤鸣,301_800,2017-2026,105,,0,,Y
002156.SZ,通富微电,301_800,2015-2026,99,2014-2019,39,,Y
002261.SZ,拓维信息,301_800,2014-2026,98,2018-2023,42,,Y
000032.SZ,深桑达A,301_800,2007-2026,96,2014-2024,27,,Y
600988.SH,赤峰黄金,301_800,2016-2026,96,2014-2020,44,,Y
601126.SH,四方股份,301_800,2011-2026,94,2017-2025,90,,Y
603650.SH,彤程新材,301_800,2018-2026,93,,0,,Y
603816.SH,顾家家居,301_800,2017-2026,93,,0,,Y
300113.SZ,顺网科技,301_800,2014-2026,91,2014-2026,25,,Y
300339.SZ,润和软件,301_800,2015-2026,91,2014-2021,50,,Y
300567.SZ,精测电子,301_800,2018-2026,91,2018-2022,8,,Y
002318.SZ,久立特材,301_800,2014-2026,90,2014-2021,50,,Y
002517.SZ,恺英网络,301_800,2016-2026,81,,0,,Y
600985.SH,淮北矿业,301_800,2019-2026,81,2018-2019,6,,Y
603379.SH,三美股份,301_800,2019-2026,81,,0,,Y
002409.SZ,雅克科技,301_800,2020-2026,80,2018-2019,19,,Y
002851.SZ,麦格米特,301_800,2019-2026,79,2018-2022,14,,Y
300373.SZ,扬杰科技,301_800,2018-2026,78,2014-2020,62,,Y
300346.SZ,南大光电,301_800,2020-2026,75,2014-2015,5,,Y
300395.SZ,菲利华,301_800,2020-2026,75,,0,,Y
601975.SH,招商南油,301_800,2019-2026,74,2026-2026,1,,Y
600378.SH,昊华科技,301_800,2007-2026,73,2014-2021,25,,Y
601869.SH,长飞光纤,301_800,2018-2026,71,2023-2025,22,,Y
603345.SH,安井食品,301_800,2019-2026,71,2018-2019,10,,Y
002240.SZ,盛新锂能,301_800,2014-2025,70,2018-2020,28,,Y
300666.SZ,江丰电子,301_800,2019-2026,70,2018-2022,29,,Y
002850.SZ,科达利,301_800,2020-2026,69,2017-2020,36,,Y
603737.SH,三棵树,301_800,2019-2026,69,2016-2017,12,,Y
688002.SH,睿创微纳,301_800,2020-2026,69,,0,,Y
688099.SH,晶晨股份,301_800,2020-2026,69,,0,,Y
002491.SZ,通鼎互联,301_800,2015-2020,67,2014-2015,4,,Y
603606.SH,东方电缆,301_800,2020-2026,67,2019-2021,8,,Y
601208.SH,东材科技,301_800,2012-2026,65,2022-2025,39,,Y
300390.SZ,天华新能,301_800,2021-2026,63,,0,,Y
300604.SZ,长川科技,301_800,2021-2026,63,2020-2021,12,,Y
688122.SH,西部超导,301_800,2020-2026,63,,0,,Y
688200.SH,华峰测控,301_800,2021-2026,62,2024-2024,1,,Y
002738.SZ,中矿资源,301_800,2021-2026,57,,0,,Y
605358.SH,立昂微,301_800,2021-2026,57,,0,,Y
688301.SH,奕瑞科技,301_800,2021-2026,57,,0,,Y
002432.SZ,九安医疗,301_800,2014-2026,55,2015-2019,50,,Y
001203.SZ,大中矿业,301_800,2021-2026,52,2025-2025,5,,Y
600105.SH,永鼎股份,301_800,2007-2026,52,2014-2023,96,,Y
002472.SZ,双环传动,301_800,2022-2026,51,2014-2017,33,,Y
688037.SH,芯源微,301_800,2021-2026,51,2021-2023,12,,Y
689009.SH,九号公司-WD,301_800,2022-2026,51,,0,,Y
603026.SH,石大胜华,301_800,2019-2026,50,2016-2026,67,,Y
300776.SZ,帝尔激光,301_800,2020-2026,48,2019-2026,33,,Y
688390.SH,固德威,301_800,2021-2026,48,2025-2026,9,,Y
000811.SZ,冰轮环境,301_800,2007-2026,47,2014-2026,132,,Y
688617.SH,惠泰医疗,301_800,2022-2026,47,2022-2022,4,,Y
603308.SH,应流股份,301_800,2020-2026,46,2014-2025,94,,Y
688017.SH,绿的谐波,301_800,2022-2026,46,2021-2023,11,,Y
605589.SH,圣泉集团,301_800,2022-2026,45,2022-2022,6,,Y
688019.SH,安集科技,301_800,2021-2026,45,2020-2023,24,,Y
688385.SH,复旦微电,301_800,2022-2026,45,,0,,Y
688777.SH,中控技术,301_800,2022-2026,45,,0,,Y
002192.SZ,融捷股份,301_800,2017-2026,44,2014-2026,57,,Y
603298.SH,杭叉集团,301_800,2020-2026,44,2017-2023,67,,Y
688608.SH,恒玄科技,301_800,2022-2026,44,2022-2024,7,,Y
688516.SH,奥特维,301_800,2022-2026,43,2021-2026,14,,Y
000913.SZ,钱江摩托,301_800,2007-2021,42,2018-2026,89,,Y
300627.SZ,华测导航,301_800,2022-2026,42,2021-2023,15,,Y
688778.SH,厦钨新能,301_800,2022-2026,42,2023-2023,3,,Y
300432.SZ,富临精工,301_800,2021-2026,40,2015-2024,65,,Y
603728.SH,鸣志电器,301_800,2023-2026,39,2018-2024,54,,Y
688180.SH,君实生物-U,301_800,2022-2026,39,,0,,Y
688234.SH,天岳先进,301_800,2023-2026,39,,0,,Y
688235.SH,百济神州,301_800,2023-2026,39,,0,,Y
688331.SH,荣昌生物,301_800,2023-2026,38,2023-2023,1,,Y
688166.SH,博瑞医药,301_800,2021-2026,36,2021-2023,27,,Y
688266.SH,泽璟制药-U,301_800,2021-2026,36,2021-2024,27,,Y
688578.SH,艾力斯,301_800,2023-2026,36,2022-2023,15,,Y
001286.SZ,陕西能源,301_800,2023-2026,33,,0,,Y
688120.SH,华海清科,301_800,2023-2026,33,,0,,Y
688213.SH,思特威-W,301_800,2023-2026,33,,0,,Y
688278.SH,特宝生物,301_800,2023-2026,33,2021-2023,30,,Y
688375.SH,国博电子,301_800,2023-2026,33,,0,,Y
603565.SH,中谷物流,301_800,2022-2026,32,2021-2025,31,,Y
603256.SH,宏和科技,301_800,2019-2026,31,2025-2026,2,,Y
688027.SH,国盾量子,301_800,2024-2026,30,2021-2024,27,,Y
000935.SZ,四川双马,301_800,2012-2014,29,2014-2026,114,,Y
688568.SH,中科星图,301_800,2024-2026,29,2021-2024,28,,Y
300475.SZ,香农芯创,301_800,2023-2026,28,2024-2025,5,,Y
300757.SZ,罗博特科,301_800,2024-2026,27,,0,,Y
300857.SZ,协创数据,301_800,2024-2026,27,2020-2022,24,,Y
301358.SZ,湖南裕能,301_800,2024-2026,27,2023-2024,6,,Y
688676.SH,金盘科技,301_800,2024-2026,25,2022-2025,20,,Y
688525.SH,佰维存储,301_800,2024-2026,24,,0,,Y
300570.SZ,太辰光,301_800,2024-2026,23,2020-2024,20,,Y
688343.SH,云天励飞-U,301_800,2024-2026,21,2024-2024,6,,Y
688347.SH,华虹公司,301_800,2024-2026,21,,0,,Y
688361.SH,中科飞测,301_800,2024-2026,21,,0,,Y
002167.SZ,东方锆业,301_800,2013-2017,20,2015-2020,62,,Y
688629.SH,华丰科技,301_800,2025-2026,19,2024-2025,2,,Y
002957.SZ,科瑞技术,301_800,2019-2021,18,,0,,Y
688498.SH,源杰科技,301_800,2024-2026,18,2024-2025,9,,Y
001309.SZ,德明利,301_800,2025-2026,16,2024-2025,11,,Y
300548.SZ,长芯博创,301_800,2025-2026,15,2020-2022,24,,Y
688702.SH,盛科通信-U,301_800,2025-2026,15,2024-2025,6,,Y
300620.SZ,光库科技,301_800,2025-2026,13,2023-2025,20,,Y
301200.SZ,大族数控,301_800,2025-2026,9,2022-2024,18,,Y
301377.SZ,鼎泰高科,301_800,2025-2026,9,2025-2025,7,,Y
688313.SH,仕佳光子,301_800,2025-2026,9,,0,,Y
688336.SH,三生国健,301_800,2025-2026,9,2024-2025,18,,Y
002151.SZ,北斗星通,801_1000,2014-2026,131,2015-2017,9,,Y
002643.SZ,万润股份,801_1000,2016-2024,86,2014-2026,54,,Y
603588.SH,高能环境,801_1000,2016-2026,58,2015-2025,71,,Y
605111.SH,新洁能,801_1000,2021-2026,57,2021-2023,6,,Y
600577.SH,精达股份,801_1000,2015-2026,56,2014-2024,84,,Y
002222.SZ,福晶科技,801_1000,2016-2026,46,2014-2023,94,,Y
002716.SZ,湖南白银,801_1000,2016-2026,44,2014-2025,36,,Y
300236.SZ,上海新阳,801_1000,2020-2026,37,2014-2025,85,,Y
300762.SZ,上海瀚讯,801_1000,2023-2026,37,2020-2024,38,,Y
600502.SH,安徽建工,801_1000,2014-2022,35,2015-2026,106,,Y
300377.SZ,赢时胜,801_1000,2016-2020,33,2014-2024,80,,Y
688110.SH,东芯股份,801_1000,2023-2026,27,2023-2025,12,,Y
688388.SH,嘉元科技,801_1000,2020-2026,27,2022-2025,30,,Y
000672.SZ,上峰材料,801_1000,2019-2022,24,2014-2026,83,,Y
300049.SZ,福瑞医科,801_1000,2014-2026,24,2014-2026,32,,Y
300726.SZ,宏达电子,801_1000,2020-2026,19,2018-2026,80,,Y
600552.SH,凯盛科技,801_1000,2014-2026,19,2014-2026,121,,Y
300102.SZ,乾照光电,801_1000,2017-2026,18,2014-2025,104,,Y
603516.SH,淳中科技,801_1000,2025-2026,13,2025-2025,2,,Y
688409.SH,富创精密,801_1000,2024-2026,13,2023-2025,20,,Y
002810.SZ,山东赫达,801_1000,2021-2022,12,2022-2023,18,,Y
300468.SZ,四方精创,801_1000,2025-2026,12,2015-2026,45,,Y
300870.SZ,欧陆通,801_1000,2025-2026,12,2025-2025,3,,Y
601890.SH,亚星锚链,801_1000,2015-2017,12,2014-2026,127,,Y
688630.SH,芯碁微装,801_1000,2025-2026,11,2023-2025,22,,Y
002895.SZ,川恒股份,801_1000,2025-2026,10,2018-2026,89,,Y
605376.SH,博迁新材,801_1000,2022-2026,10,2021-2025,53,,Y
688048.SH,长光华芯,801_1000,2025-2026,10,2023-2025,29,,Y
688503.SH,聚和材料,801_1000,2024-2026,10,2024-2026,17,,Y
688766.SH,普冉股份,801_1000,2025-2026,10,2024-2025,11,,Y
002636.SZ,金安国纪,801_1000,2015-2026,9,2014-2023,101,,Y
301511.SZ,德福科技,801_1000,2025-2026,9,2024-2026,18,,Y
688205.SH,德科立,801_1000,2025-2026,9,,0,,Y
688548.SH,广钢气体,801_1000,2025-2026,9,2024-2025,12,,Y
688372.SH,伟测科技,801_1000,2026-2026,8,2023-2025,25,,Y
688158.SH,优刻得-W,801_1000,2026-2026,7,2021-2026,44,,Y
688362.SH,甬矽电子,801_1000,2026-2026,7,2024-2026,20,,Y
688596.SH,正帆科技,801_1000,2024-2026,7,2023-2026,26,,Y
300693.SZ,盛弘股份,801_1000,2023-2026,6,2023-2026,33,,Y
688270.SH,ST臻镭,801_1000,2025-2026,6,2023-2025,29,,Y
688519.SH,南亚新材,801_1000,2026-2026,6,2025-2026,3,,Y
301018.SZ,申菱环境,801_1000,2026-2026,5,2025-2026,4,,Y
301217.SZ,铜冠铜箔,801_1000,2026-2026,5,2022-2026,46,,Y
688146.SH,中船特气,801_1000,2026-2026,5,2024-2026,22,,Y
688700.SH,东威科技,801_1000,2022-2026,5,2023-2026,40,,Y
002859.SZ,洁美科技,801_1000,2026-2026,4,2017-2026,101,,Y
300008.SZ,天海防务,801_1000,2025-2026,4,2014-2026,58,,Y
688102.SH,斯瑞新材,801_1000,2026-2026,4,,0,,Y
688167.SH,炬光科技,801_1000,2023-2026,4,2023-2025,23,,Y
300401.SZ,花园生物,801_1000,2019-2020,3,2019-2026,69,,Y
300806.SZ,斯迪克,801_1000,2026-2026,3,,0,,Y
301396.SZ,宏景科技,801_1000,2026-2026,3,,0,,Y
600353.SH,旭光电子,801_1000,2026-2026,3,2025-2026,6,,Y
603619.SH,中曼石油,801_1000,2026-2026,3,2018-2026,54,,Y
603663.SH,三祥新材,801_1000,2026-2026,3,2025-2026,6,,Y
603929.SH,亚翔集成,801_1000,2026-2026,3,,0,,Y
688025.SH,杰普特,801_1000,2026-2026,3,,0,,Y
688131.SH,皓元医药,801_1000,2026-2026,3,2022-2026,42,,Y
688195.SH,腾景科技,801_1000,2026-2026,3,,0,,Y
688300.SH,联瑞新材,801_1000,2026-2026,3,2024-2026,22,,Y
688432.SH,有研硅,801_1000,2026-2026,3,2024-2026,24,,Y
688549.SH,中巨芯-U,801_1000,2026-2026,3,2024-2026,18,,Y
688627.SH,精智达,801_1000,2026-2026,3,,0,,Y
688668.SH,鼎通科技,801_1000,2026-2026,3,,0,,Y
300761.SZ,立华股份,801_1000,2024-2024,2,2019-2026,79,,Y
688368.SH,晶丰明源,801_1000,2021-2026,2,2021-2026,43,,Y
688392.SH,骄成超声,801_1000,2026-2026,2,2023-2026,19,,Y
001339.SZ,智微智能,801_1000,2026-2026,1,2025-2026,14,,Y
002290.SZ,禾盛新材,801_1000,2026-2026,1,2026-2026,2,,Y
300342.SZ,天银机电,801_1000,2026-2026,1,2014-2026,37,,Y
688097.SH,博众精工,801_1000,2026-2026,1,2023-2026,32,,Y
688502.SH,茂莱光学,801_1000,2026-2026,1,2024-2026,26,,Y
688711.SH,宏微科技,801_1000,2022-2022,1,2023-2024,23,,Y
000786.SZ,北新建材,top300,2005-2026,372,,0,,Y
000963.SZ,华东医药,top300,2007-2026,344,,0,,Y
600332.SH,白云山,top300,2007-2026,339,,0,,Y
600584.SH,长电科技,top300,2007-2026,331,,0,,Y
002008.SZ,大族激光,top300,2007-2026,328,,0,,Y
000425.SZ,徐工机械,top300,2005-2026,324,,0,,Y
600000.SH,浦发银行,top300,2005-2026,324,,0,,Y
600009.SH,上海机场,top300,2005-2026,324,,0,,Y
600015.SH,华夏银行,top300,2005-2026,324,,0,,Y
600016.SH,民生银行,top300,2005-2026,324,,0,,Y
600029.SH,南方航空,top300,2005-2026,324,,0,,Y
600036.SH,招商银行,top300,2005-2026,324,,0,,Y
600183.SH,生益科技,top300,2005-2026,324,,0,,Y
000001.SZ,平安银行,top300,2005-2026,323,,0,,Y
000002.SZ,万 科Ａ,top300,2005-2026,323,,0,,Y
000063.SZ,中兴通讯,top300,2005-2026,323,,0,,Y
000157.SZ,中联重科,top300,2005-2026,323,,0,,Y
000568.SZ,泸州老窖,top300,2005-2026,323,,0,,Y
000625.SZ,长安汽车,top300,2005-2026,323,,0,,Y
000651.SZ,格力电器,top300,2005-2026,323,,0,,Y
000858.SZ,五 粮 液,top300,2005-2026,323,,0,,Y
600010.SH,包钢股份,top300,2005-2026,323,,0,,Y
600019.SH,宝钢股份,top300,2005-2026,323,,0,,Y
600028.SH,中国石化,top300,2005-2026,323,,0,,Y
600030.SH,中信证券,top300,2005-2026,323,,0,,Y
600031.SH,三一重工,top300,2005-2026,323,,0,,Y
600050.SH,中国联通,top300,2005-2026,323,,0,,Y
600085.SH,同仁堂,top300,2005-2026,323,,0,,Y
600104.SH,上汽集团,top300,2005-2026,323,,0,,Y
600196.SH,复星医药,top300,2005-2026,323,,0,,Y
600309.SH,万华化学,top300,2005-2026,323,,0,,Y
600362.SH,江西铜业,top300,2005-2026,323,,0,,Y
600519.SH,贵州茅台,top300,2005-2026,323,,0,,Y
600585.SH,海螺水泥,top300,2005-2026,323,,0,,Y
600690.SH,海尔智家,top300,2005-2026,323,,0,,Y
600795.SH,国电电力,top300,2005-2026,323,,0,,Y
600900.SH,长江电力,top300,2005-2026,323,,0,,Y
000066.SZ,中国长城,top300,2005-2025,320,,0,,Y
000538.SZ,云南白药,top300,2005-2026,320,,0,,Y
600460.SH,士兰微,top300,2006-2026,319,,0,,Y
000895.SZ,双汇发展,top300,2005-2026,317,,0,,Y
600436.SH,片仔癀,top300,2007-2026,316,,0,,Y
000768.SZ,中航西飞,top300,2006-2026,314,,0,,Y
600406.SH,国电南瑞,top300,2006-2026,314,,0,,Y
002230.SZ,科大讯飞,top300,2009-2026,313,,0,,Y
002252.SZ,上海莱士,top300,2009-2026,313,,0,,Y
002129.SZ,TCL中环,top300,2008-2025,309,,0,,Y
600482.SH,中国动力,top300,2007-2026,309,,0,,Y
601006.SH,大秦铁路,top300,2006-2026,308,,0,,Y
601988.SH,中国银行,top300,2006-2026,308,,0,,Y
000100.SZ,TCL科技,top300,2005-2026,305,,0,,Y
600188.SH,兖矿能源,top300,2005-2026,305,,0,,Y
600887.SH,伊利股份,top300,2005-2026,305,,0,,Y
601398.SH,工商银行,top300,2006-2026,304,,0,,Y
600048.SH,保利发展,top300,2007-2026,302,,0,,Y
600547.SH,山东黄金,top300,2007-2026,302,,0,,Y
600809.SH,山西汾酒,top300,2006-2026,302,,0,,Y
601111.SH,中国国航,top300,2007-2026,302,,0,,Y
601166.SH,兴业银行,top300,2007-2026,302,,0,,Y
601628.SH,中国人寿,top300,2007-2026,302,,0,,Y
600176.SH,中国巨石,top300,2007-2026,301,,0,,Y
601318.SH,中国平安,top300,2007-2026,301,,0,,Y
601600.SH,中国铝业,top300,2007-2026,300,,0,,Y
002179.SZ,中航光电,top300,2010-2026,299,,0,,Y
600886.SH,国投电力,top300,2005-2026,299,,0,,Y
601998.SH,中信银行,top300,2007-2026,299,,0,,Y
601328.SH,交通银行,top300,2007-2026,298,,0,,Y
002001.SZ,新 和 成,top300,2007-2026,296,,0,,Y
000975.SZ,山金国际,top300,2005-2026,295,,0,,Y
000876.SZ,新 希 望,top300,2007-2026,294,,0,,Y
000725.SZ,京东方A,top300,2005-2026,293,,0,,Y
600011.SH,华能国际,top300,2005-2026,293,,0,,Y
600089.SH,特变电工,top300,2005-2026,293,,0,,Y
600115.SH,中国东航,top300,2005-2026,293,,0,,Y
600426.SH,华鲁恒升,top300,2007-2026,293,,0,,Y
600438.SH,通威股份,top300,2007-2026,293,2015-2017,12,,Y
600489.SH,中金黄金,top300,2005-2026,293,,0,,Y
601088.SH,中国神华,top300,2007-2026,293,,0,,Y
600600.SH,青岛啤酒,top300,2005-2026,292,,0,,Y
601857.SH,中国石油,top300,2007-2026,292,,0,,Y
002142.SZ,宁波银行,top300,2008-2026,291,,0,,Y
601169.SH,北京银行,top300,2008-2026,291,,0,,Y
000338.SZ,潍柴动力,top300,2008-2026,290,,0,,Y
000997.SZ,新 大 陆,top300,2006-2026,290,,0,,Y
600111.SH,北方稀土,top300,2008-2026,290,,0,,Y
601009.SH,南京银行,top300,2008-2026,290,,0,,Y
000708.SZ,中信特钢,top300,2005-2026,288,2014-2020,19,,Y
000069.SZ,华侨城Ａ,top300,2005-2024,285,,0,,Y
000938.SZ,紫光股份,top300,2007-2026,285,2015-2015,2,,Y
600570.SH,恒生电子,top300,2010-2026,285,,0,,Y
601601.SH,中国太保,top300,2008-2026,284,,0,,Y
600487.SH,亨通光电,top300,2007-2026,283,,0,,Y
600160.SH,巨化股份,top300,2007-2026,282,,0,,Y
600498.SH,烽火通信,top300,2006-2026,281,,0,,Y
600060.SH,海信视像,top300,2005-2026,279,,0,,Y
000988.SZ,华工科技,top300,2007-2026,278,,0,,Y
601899.SH,紫金矿业,top300,2009-2026,278,,0,,Y
000636.SZ,风华高科,top300,2005-2026,277,,0,,Y
600177.SH,雅戈尔,top300,2005-2026,276,,0,,Y
600674.SH,川投能源,top300,2005-2026,275,,0,,Y
000983.SZ,山西焦煤,top300,2005-2026,274,,0,,Y
002202.SZ,金风科技,top300,2008-2026,274,,0,,Y
600522.SH,中天科技,top300,2007-2026,274,,0,,Y
600606.SH,绿地控股,top300,2007-2026,273,2014-2015,6,,Y
600754.SH,锦江酒店,top300,2006-2026,273,,0,,Y
600276.SH,恒瑞医药,top300,2006-2026,272,,0,,Y
600132.SH,重庆啤酒,top300,2006-2026,270,2017-2018,8,,Y
000630.SZ,铜陵有色,top300,2005-2026,269,,0,,Y
600352.SH,浙江龙盛,top300,2007-2026,267,,0,,Y
600893.SH,航发动力,top300,2007-2026,267,,0,,Y
601668.SH,中国建筑,top300,2010-2026,267,,0,,Y
600583.SH,海油工程,top300,2005-2026,265,,0,,Y
601919.SH,中远海控,top300,2008-2026,262,,0,,Y
600118.SH,中国卫星,top300,2007-2026,261,,0,,Y
002304.SZ,洋河股份,top300,2010-2026,260,,0,,Y
600999.SH,招商证券,top300,2010-2026,260,,0,,Y
601288.SH,农业银行,top300,2010-2026,260,,0,,Y
601688.SH,华泰证券,top300,2010-2026,260,,0,,Y
601888.SH,中国中免,top300,2010-2026,260,,0,,Y
600150.SH,中国船舶,top300,2007-2026,258,,0,,Y
000021.SZ,深科技,top300,2005-2026,257,,0,,Y
600879.SH,航天电子,top300,2005-2026,257,,0,,Y
000792.SZ,盐湖股份,top300,2005-2026,256,,0,,Y
000937.SZ,冀中能源,top300,2005-2026,256,,0,,Y
002311.SZ,海大集团,top300,2010-2026,256,,0,,Y
600348.SH,华阳股份,top300,2005-2026,256,,0,,Y
600021.SH,上海电力,top300,2005-2026,255,,0,,Y
600208.SH,衢州发展,top300,2007-2026,255,,0,,Y
000776.SZ,广发证券,top300,2011-2026,254,,0,,Y
002415.SZ,海康威视,top300,2011-2026,254,,0,,Y
601898.SH,中煤能源,top300,2008-2026,254,,0,,Y
600039.SH,四川路桥,top300,2007-2026,253,,0,,Y
000729.SZ,燕京啤酒,top300,2005-2026,251,,0,,Y
002475.SZ,立讯精密,top300,2011-2026,251,,0,,Y
000733.SZ,振华科技,top300,2005-2026,250,2014-2019,38,,Y
002236.SZ,大华股份,top300,2011-2026,250,,0,,Y
000783.SZ,长江证券,top300,2008-2026,249,,0,,Y
601377.SH,兴业证券,top300,2011-2026,249,,0,,Y
000528.SZ,柳 工,top300,2005-2026,248,2022-2023,8,,Y
600839.SH,四川长虹,top300,2005-2025,248,,0,,Y
600895.SH,张江高科,top300,2005-2025,247,,0,,Y
000423.SZ,东阿阿胶,top300,2005-2026,246,,0,,Y
600126.SH,杭钢股份,top300,2005-2026,246,2014-2017,8,,Y
601699.SH,潞安环能,top300,2007-2026,246,,0,,Y
000596.SZ,古井贡酒,top300,2011-2026,244,,0,,Y
000623.SZ,吉林敖东,top300,2005-2026,244,,0,,Y
000960.SZ,锡业股份,top300,2005-2026,244,,0,,Y
600026.SH,中远海能,top300,2005-2026,244,,0,,Y
600642.SH,申能股份,top300,2005-2026,244,,0,,Y
600863.SH,华能蒙电,top300,2005-2026,244,,0,,Y
000877.SZ,天山股份,top300,2009-2024,243,,0,,Y
601788.SH,光大证券,top300,2010-2026,243,,0,,Y
000807.SZ,云铝股份,top300,2005-2026,242,2015-2016,7,,Y
002594.SZ,比亚迪,top300,2012-2026,242,,0,,Y
000778.SZ,新兴铸管,top300,2005-2025,241,2025-2026,9,,Y
002065.SZ,东华软件,top300,2007-2026,241,,0,,Y
002028.SZ,思源电气,top300,2007-2026,237,,0,,Y
002050.SZ,三花智控,top300,2007-2026,237,,0,,Y
601633.SH,长城汽车,top300,2012-2026,237,,0,,Y
002025.SZ,航天电器,top300,2007-2026,236,,0,,Y
601336.SH,新华保险,top300,2012-2026,236,,0,,Y
600549.SH,厦门钨业,top300,2006-2026,235,,0,,Y
600418.SH,江淮汽车,top300,2006-2025,233,,0,,Y
600641.SH,先导基电,top300,2005-2026,229,2014-2026,30,,Y
000825.SZ,太钢不锈,top300,2005-2026,228,,0,,Y
600282.SH,南钢股份,top300,2005-2026,226,,0,,Y
600707.SH,彩虹股份,top300,2005-2026,225,2016-2019,33,,Y
603993.SH,洛阳钼业,top300,2013-2026,224,,0,,Y
000333.SZ,美的集团,top300,2013-2026,222,,0,,Y
601168.SH,西部矿业,top300,2008-2026,220,,0,,Y
000661.SZ,长春高新,top300,2013-2026,219,,0,,Y
600372.SH,中航机载,top300,2007-2026,218,,0,,Y
000999.SZ,华润三九,top300,2009-2026,217,,0,,Y
002155.SZ,湖南黄金,top300,2008-2026,217,,0,,Y
600546.SH,山煤国际,top300,2007-2026,217,2017-2020,18,,Y
600663.SH,陆家嘴,top300,2005-2026,217,,0,,Y
000933.SZ,神火股份,top300,2005-2026,215,2019-2020,14,,Y
002027.SZ,分众传媒,top300,2007-2026,214,,0,,Y
601012.SH,隆基绿能,top300,2014-2026,214,,0,,Y
601225.SH,陕西煤业,top300,2014-2026,214,,0,,Y
002371.SZ,北方华创,top300,2013-2026,212,,0,,Y
601001.SH,晋控煤业,top300,2007-2026,211,2020-2023,20,,Y
000831.SZ,中国稀土,top300,2005-2026,210,,0,,Y
300059.SZ,东方财富,top300,2014-2026,210,,0,,Y
002271.SZ,东方雨虹,top300,2013-2026,208,,0,,Y
002714.SZ,牧原股份,top300,2014-2026,208,,0,,Y
300124.SZ,汇川技术,top300,2014-2026,208,,0,,Y
600256.SH,广汇能源,top300,2005-2026,208,,0,,Y
601872.SH,招商轮船,top300,2007-2026,208,,0,,Y
000166.SZ,申万宏源,top300,2015-2026,207,,0,,Y
600761.SH,安徽合力,top300,2005-2026,207,2019-2026,42,,Y
000977.SZ,浪潮信息,top300,2007-2026,206,,0,,Y
002384.SZ,东山精密,top300,2011-2026,204,,0,,Y
300015.SZ,爱尔眼科,top300,2014-2026,204,,0,,Y
300347.SZ,泰格医药,top300,2014-2026,204,2014-2014,1,,Y
002244.SZ,滨江集团,top300,2009-2026,203,,0,,Y
600685.SH,中船防务,top300,2007-2026,203,2019-2022,19,,Y
600958.SH,东方证券,top300,2015-2026,202,,0,,Y
601021.SH,春秋航空,top300,2015-2026,202,,0,,Y
002422.SZ,科伦药业,top300,2011-2026,201,,0,,Y
002463.SZ,沪电股份,top300,2011-2026,201,,0,,Y
600596.SH,新安股份,top300,2007-2026,201,2020-2026,36,,Y
002460.SZ,赣锋锂业,top300,2015-2026,199,2014-2015,8,,Y
600851.SH,海欣股份,top300,2005-2018,199,2018-2021,31,,Y
002353.SZ,杰瑞股份,top300,2011-2026,197,,0,,Y
001979.SZ,招商蛇口,top300,2015-2026,196,,0,,Y
600971.SH,恒源煤电,top300,2007-2024,196,2019-2026,79,,Y
601211.SH,国泰海通,top300,2015-2026,196,,0,,Y
601877.SH,正泰电器,top300,2010-2026,196,,0,,Y
601985.SH,中国核电,top300,2015-2026,196,,0,,Y
603019.SH,中科曙光,top300,2015-2026,196,,0,,Y
601666.SH,平煤股份,top300,2007-2026,195,2018-2021,28,,Y
300033.SZ,同花顺,top300,2014-2026,194,2014-2014,1,,Y
000932.SZ,华菱钢铁,top300,2005-2026,191,2015-2016,15,,Y
002465.SZ,海格通信,top300,2011-2026,190,,0,,Y
002456.SZ,欧菲光,top300,2013-2026,189,,0,,Y
603799.SH,华友钴业,top300,2016-2026,189,2015-2016,13,,Y
603369.SH,今世缘,top300,2014-2026,188,,0,,Y
300014.SZ,亿纬锂能,top300,2015-2026,187,2014-2016,13,,Y
300274.SZ,阳光电源,top300,2014-2026,187,,0,,Y
601100.SH,恒立液压,top300,2012-2026,187,,0,,Y
002152.SZ,广电运通,top300,2009-2026,186,,0,,Y
002385.SZ,大北农,top300,2011-2026,185,,0,,Y
600703.SH,三安光电,top300,2009-2021,184,,0,,Y
603288.SH,海天味业,top300,2014-2026,184,,0,,Y
002429.SZ,兆驰股份,top300,2011-2026,181,2016-2019,17,,Y
601717.SH,中创智领,top300,2011-2026,181,,0,,Y
002466.SZ,天齐锂业,top300,2015-2026,179,2014-2015,5,,Y
601155.SH,新城控股,top300,2016-2026,179,,0,,Y
002352.SZ,顺丰控股,top300,2017-2026,178,,0,,Y
600919.SH,江苏银行,top300,2017-2026,178,,0,,Y
601229.SH,上海银行,top300,2017-2026,178,,0,,Y
600894.SH,广日股份,top300,2005-2018,177,2019-2026,48,,Y
600096.SH,云天化,top300,2005-2026,176,2016-2021,65,,Y
002555.SZ,三七互娱,top300,2015-2025,175,2014-2015,5,,Y
002603.SZ,以岭药业,top300,2012-2026,175,,0,,Y
300144.SZ,宋城演艺,top300,2014-2026,175,,0,,Y
002294.SZ,信立泰,top300,2011-2026,174,,0,,Y
600346.SH,恒力石化,top300,2017-2026,172,,0,,Y
600072.SH,中船科技,top300,2005-2026,171,2016-2026,80,,Y
002648.SZ,卫星化学,top300,2012-2026,169,2017-2018,18,,Y
600320.SH,振华重工,top300,2005-2024,168,2020-2026,66,,Y
002916.SZ,深南电路,top300,2018-2026,166,,0,,Y
300408.SZ,三环集团,top300,2018-2026,166,,0,,Y
300433.SZ,蓝思科技,top300,2018-2026,166,,0,,Y
600025.SH,华能水电,top300,2018-2026,166,,0,,Y
600760.SH,中航沈飞,top300,2018-2026,166,,0,,Y
601360.SH,三六零,top300,2018-2026,166,2014-2016,13,,Y
601838.SH,成都银行,top300,2018-2026,166,,0,,Y
601179.SH,中国西电,top300,2010-2026,165,,0,,Y
300003.SZ,乐普医疗,top300,2014-2026,164,,0,,Y
002032.SZ,苏 泊 尔,top300,2007-2026,163,,0,,Y
002074.SZ,国轩高科,top300,2015-2026,163,2015-2015,1,,Y
300136.SZ,信维通信,top300,2015-2026,162,2014-2015,4,,Y
002709.SZ,天赐材料,top300,2016-2026,160,2014-2017,15,,Y
601138.SH,工业富联,top300,2018-2026,160,,0,,Y
603259.SH,药明康德,top300,2018-2026,160,,0,,Y
603986.SH,兆易创新,top300,2018-2026,160,,0,,Y
002299.SZ,圣农发展,top300,2012-2026,159,,0,,Y
600873.SH,梅花生物,top300,2012-2026,157,,0,,Y
002938.SZ,鹏鼎控股,top300,2019-2026,154,,0,,Y
300498.SZ,温氏股份,top300,2019-2026,154,,0,,Y
600198.SH,大唐电信,top300,2005-2017,154,,0,,Y
600803.SH,新奥股份,top300,2014-2026,154,2020-2020,4,,Y
603260.SH,合盛硅业,top300,2018-2026,154,,0,,Y
603501.SH,豪威集团,top300,2019-2026,154,,0,,Y
002405.SZ,四维图新,top300,2011-2026,152,,0,,Y
601233.SH,桐昆股份,top300,2012-2026,152,,0,,Y
300017.SZ,网宿科技,top300,2014-2026,151,,0,,Y
600157.SH,永泰能源,top300,2007-2026,151,,0,,Y
300024.SZ,机器人,top300,2014-2026,149,,0,,Y
300450.SZ,先导智能,top300,2017-2026,149,2015-2017,15,,Y
300207.SZ,欣旺达,top300,2015-2026,148,2014-2015,5,,Y
600848.SH,上海临港,top300,2016-2026,148,2014-2017,3,,Y
600989.SH,宝丰能源,top300,2019-2026,148,,0,,Y
601698.SH,中国卫通,top300,2019-2026,148,,0,,Y
002821.SZ,凯莱英,top300,2018-2026,147,2017-2018,12,,Y
002624.SZ,完美世界,top300,2016-2026,143,,0,,Y
300058.SZ,蓝色光标,top300,2014-2026,141,,0,,Y
300251.SZ,光线传媒,top300,2014-2026,141,,0,,Y
300496.SZ,中科创达,top300,2016-2026,141,2016-2017,6,,Y
601689.SH,拓普集团,top300,2016-2026,141,2015-2016,11,,Y
600246.SH,万通发展,top300,2007-2026,140,2014-2025,97,,Y
002195.SZ,岩山科技,top300,2014-2026,138,2014-2014,2,,Y
002572.SZ,索菲亚,top300,2013-2025,138,2025-2026,9,,Y
000723.SZ,美锦能源,top300,2016-2026,137,,0,,Y
002558.SZ,巨人网络,top300,2017-2026,137,,0,,Y
002812.SZ,恩捷股份,top300,2018-2026,137,2017-2018,9,,Y
003816.SZ,中国广核,top300,2020-2026,134,,0,,Y
002602.SZ,世纪华通,top300,2016-2026,131,2014-2016,17,,Y
601108.SH,财通证券,top300,2018-2026,131,,0,,Y
600023.SH,浙能电力,top300,2014-2026,130,,0,,Y
002920.SZ,德赛西威,top300,2018-2026,128,,0,,Y
002625.SZ,光启技术,top300,2015-2026,123,,0,,Y
603486.SH,科沃斯,top300,2018-2026,123,,0,,Y
688008.SH,澜起科技,top300,2020-2026,122,,0,,Y
688012.SH,中微公司,top300,2020-2026,122,,0,,Y
002131.SZ,利欧股份,top300,2014-2026,120,2014-2015,2,,Y
300315.SZ,掌趣科技,top300,2015-2026,120,2026-2026,3,,Y
300002.SZ,神州泰岳,top300,2015-2026,117,,0,,Y
300418.SZ,昆仑万维,top300,2017-2026,116,,0,,Y
300223.SZ,北京君正,top300,2019-2026,114,2014-2019,56,,Y
002174.SZ,游族网络,top300,2014-2026,113,2014-2026,24,,Y
002600.SZ,领益智造,top300,2016-2026,113,2014-2016,21,,Y
601995.SH,XD中金公,top300,2021-2026,110,,0,,Y
688111.SH,金山办公,top300,2021-2026,110,,0,,Y
688126.SH,沪硅产业,top300,2021-2026,110,,0,,Y
688396.SH,华润微,top300,2021-2026,110,,0,,Y
300308.SZ,中际旭创,top300,2018-2026,109,2017-2017,1,,Y
300751.SZ,迈为股份,top300,2020-2026,104,2019-2020,13,,Y
000408.SZ,藏格矿业,top300,2018-2026,98,,0,,Y
300750.SZ,宁德时代,top300,2021-2026,98,,0,,Y
300759.SZ,康龙化成,top300,2021-2026,98,2019-2020,12,,Y
300760.SZ,迈瑞医疗,top300,2021-2026,98,,0,,Y
300896.SZ,爱美客,top300,2021-2026,98,,0,,Y
600905.SH,三峡能源,top300,2021-2026,98,,0,,Y
601728.SH,中国电信,top300,2021-2026,98,,0,,Y
605499.SH,东鹏饮料,top300,2021-2026,98,,0,,Y
688599.SH,天合光能,top300,2021-2026,98,,0,,Y
688981.SH,中芯国际,top300,2021-2026,98,,0,,Y
300476.SZ,胜宏科技,top300,2018-2026,96,2016-2023,27,,Y
688169.SH,石头科技,top300,2021-2026,92,,0,,Y
300763.SZ,锦浪科技,top300,2021-2026,91,2020-2021,2,,Y
300502.SZ,新易盛,top300,2019-2026,88,2016-2019,34,,Y
688005.SH,容百科技,top300,2020-2026,87,,0,,Y
600941.SH,中国移动,top300,2022-2026,86,,0,,Y
601127.SH,赛力斯,top300,2016-2026,86,,0,,Y
605117.SH,德业股份,top300,2021-2026,86,,0,,Y
300677.SZ,英科医疗,top300,2020-2026,81,,0,,Y
603087.SH,甘李药业,top300,2020-2026,81,,0,,Y
688065.SH,凯赛生物,top300,2021-2026,81,,0,,Y
300454.SZ,深信服,top300,2022-2026,75,,0,,Y
688187.SH,时代电气,top300,2022-2026,74,,0,,Y
688303.SH,大全能源,top300,2022-2026,74,,0,,Y
002157.SZ,正邦科技,top300,2017-2026,73,2014-2018,43,,Y
601369.SH,陕鼓动力,top300,2011-2022,73,2018-2026,96,,Y
600515.SH,海南机场,top300,2019-2026,71,2014-2017,17,,Y
688256.SH,寒武纪,top300,2022-2026,68,,0,,Y
300085.SZ,银之杰,top300,2014-2026,64,2014-2024,76,,Y
002532.SZ,天山铝业,top300,2021-2026,63,2014-2021,17,,Y
603893.SH,瑞芯微,top300,2020-2026,63,,0,,Y
001965.SZ,招商公路,top300,2018-2026,62,,0,,Y
688223.SH,晶科能源,top300,2023-2026,62,,0,,Y
300803.SZ,指南针,top300,2021-2026,58,2020-2021,17,,Y
300832.SZ,新产业,top300,2022-2026,56,,0,,Y
300394.SZ,天孚通信,top300,2020-2026,54,2019-2023,32,,Y
688521.SH,芯原股份,top300,2021-2026,51,,0,,Y
301269.SZ,华大九天,top300,2023-2026,50,,0,,Y
600938.SH,中国海油,top300,2023-2026,50,,0,,Y
688041.SH,海光信息,top300,2023-2026,50,,0,,Y
688082.SH,盛美上海,top300,2023-2026,50,,0,,Y
688271.SH,联影医疗,top300,2023-2026,50,,0,,Y
300442.SZ,润泽科技,top300,2023-2026,44,,0,,Y
002378.SZ,章源钨业,top300,2012-2026,43,2014-2025,130,,Y
002837.SZ,英维克,top300,2022-2026,43,2020-2023,26,,Y
302132.SZ,中航成飞,top300,2023-2026,40,2014-2023,76,,Y
301236.SZ,软通动力,top300,2023-2026,38,2022-2023,7,,Y
000657.SZ,中钨高新,top300,2007-2026,33,2015-2025,114,,Y
301308.SZ,江波龙,top300,2023-2026,33,2023-2023,6,,Y
601825.SH,沪农商行,top300,2022-2026,27,,0,,Y
688072.SH,拓荆科技,top300,2023-2026,27,,0,,Y
688472.SH,阿特斯,top300,2024-2026,26,,0,,Y
688506.SH,百利天恒,top300,2024-2026,26,,0,,Y
688047.SH,龙芯中科,top300,2024-2026,21,,0,,Y
688183.SH,生益电子,top300,2024-2026,18,2024-2025,9,,Y
001280.SZ,中国铀业,top300,2026-2026,3,,0,,Y
