from_combo,to_combo,1w_n,1w_mean,1w_median,1w_std,1w_win,1w_p25,1w_p75,2w_n,2w_mean,2w_median,2w_std,2w_win,2w_p25,2w_p75,1m_n,1m_mean,1m_median,1m_std,1m_win,1m_p25,1m_p75,2m_n,2m_mean,2m_median,2m_std,2m_win,2m_p25,2m_p75,events
无无无,无无正,9888,0.0037773209339678447,-0.0011662477695086881,0.07091711139351717,0.4863470873786408,-0.034973351487113086,0.035569554708108075,9878,0.009011882843284701,-0.001792383374606854,0.1055243160980322,0.48785179186070055,-0.050199145210409774,0.05127909042458689,9835,0.017195220814050963,-0.005968169761273234,0.16984275185568345,0.47819013726487036,-0.07700827208826977,0.07789538370873528,9792,0.03893614428225686,-0.00221750484635741,0.23480701741469914,0.4925449346405229,-0.10049721766740566,0.11627269750715885,9894
无无无,无无负,8024,0.0006217149732340808,-0.0014621847002779798,0.05930421977822155,0.48043369890329013,-0.029871052898771344,0.029844196221933128,7976,0.0032210359652467997,0.0,0.08685316955497387,0.49247743229689067,-0.04482202237620192,0.045585786302629105,7866,0.007997276269279973,-0.0035614368236803196,0.13058070492785148,0.4811848461734045,-0.06562316096950896,0.06529116139236957,7719,0.02615681833353525,0.001095396363636425,0.19022558311193247,0.5016193807488016,-0.0825871442276942,0.10197788565133992,8062
无无无,无正无,8332,0.005331117027034079,0.0,0.0640429022595135,0.4960393662986078,-0.02914766761643267,0.03247680997099456,8312,0.008651678230935187,0.0012169242434114658,0.09290478898023415,0.5046920115495669,-0.04337396906236926,0.04823867974816676,8242,0.016245124483100306,-0.001397668087542936,0.14486014349728607,0.49102159669983014,-0.0625556997832846,0.07049388974577464,8072,0.03373157246276306,-0.004711118782827428,0.2229095776634099,0.48662041625371655,-0.09370964926881853,0.11034598774977189,8346
无无无,无正正,815,0.010266610312355253,0.0016920473773265332,0.07871082747890021,0.50920245398773,-0.030963032690371317,0.03915515193650243,813,0.01578558639819859,0.001506024096385783,0.10063337370338252,0.5104551045510455,-0.038712921065862105,0.05724508050089461,811,0.03260191699424552,0.010541220893643732,0.15216361075169152,0.5326757090012331,-0.056884494815529374,0.08978735782170899,810,0.04484207778678817,0.0006447453255963298,0.24145197953421774,0.5,-0.08412840711846958,0.11236065758360553,815
无无无,无正负,3,0.0042373864617163415,0.01414141414141401,0.029885367362871132,0.6666666666666666,-0.00760065443164043,0.021027441194921948,3,-0.015588058675052419,-0.008080808080808133,0.03294930289138925,0.3333333333333333,-0.029862000284535506,0.0024395082315528116,3,0.008294329311008486,-0.0818462765427177,0.1563995548541247,0.3333333333333333,-0.0820029504779316,0.05352130617308548,2,0.12271926724124904,0.12271926724124904,0.117862451664666,1.0,0.08104859783157053,0.16438993665092755,3
无无无,无负无,9622,0.0014772388906002436,0.0,0.0605781282575871,0.4928289336936188,-0.02983885500017247,0.02912163383205968,9603,0.006970218818101898,0.000602409638554402,0.0864894355379,0.5013016765594085,-0.04065392297521586,0.046052177633954305,9592,0.015308165751132153,0.0034300356020077194,0.13089793172329783,0.5128231859883235,-0.05806523310221101,0.06800276404340072,9408,0.031855395002468624,0.004769487412799589,0.20169072367843782,0.5121173469387755,-0.08026810831120926,0.10062513920103672,9647
无无无,无负正,2,0.02405178375010303,0.02405178375010303,0.0550879496745717,0.5,0.004575252361826571,0.043528315138379486,2,0.039584180490839505,0.039584180490839505,0.07196129133496881,0.5,0.01414202194789091,0.0650263390337881,2,0.05603095566187416,0.05603095566187416,0.2588920997973893,0.5,-0.03550122401930503,0.14756313534305332,2,0.26739029214170174,0.26739029214170174,0.23186113412458303,1.0,0.1854150020251536,0.3493655822582499,2
无无无,无负负,714,-0.0006304634436803439,-0.0016548750286381475,0.05858234357124374,0.48179271708683474,-0.03007785467128013,0.02938434975480192,712,0.0035219260097261213,-0.0012367874039992954,0.08508859095481197,0.48314606741573035,-0.04375246901387578,0.041982749250459694,711,0.014413512292879176,0.003018542475204944,0.13319221473953274,0.5161744022503516,-0.06074612178745081,0.06935749610152209,703,0.02073083836207296,0.0009737098344693162,0.18492370987474563,0.5021337126600285,-0.08400313455008912,0.09828258476765916,716
无无无,正无无,41112,0.004197418908201313,-0.0003813205424827437,0.06560687103831096,0.4897840046701693,-0.029126213592232997,0.028917246549739706,40952,0.009556116167238714,0.002998325401022295,0.09614095987052383,0.5171664387575698,-0.04065069439646235,0.04714189361025456,40476,0.02189289367288656,0.005986530679289781,0.1507669640847888,0.5229271667160786,-0.06050734482741221,0.07923149359384701,39937,0.04120213705524666,0.0070148090413093556,0.2277897005668347,0.5184916243082855,-0.08534395947556628,0.11809864285714267,41225
无无无,正无正,3248,0.005890545087241509,0.0,0.07453629370668886,0.49722906403940886,-0.035961622880124666,0.039606081155870776,3240,0.012247744516763769,0.0029176738203779973,0.10765952064102133,0.5151234567901235,-0.0486737369480732,0.05734120876938664,3217,0.01995140241636566,0.0,0.18864249935639643,0.4995337270749145,-0.07770449004854374,0.08446455505279049,3198,0.050049883319981905,0.004863957702132771,0.2472986101446823,0.5125078173858661,-0.0965174103460211,0.14022066389877424,3254
无无无,正无负,113,-0.00041148029985537646,0.0,0.05710671929330239,0.49557522123893805,-0.02714646464646453,0.02710280373831786,113,0.0012634057792480654,-0.0014537902388368495,0.08988977587367229,0.48672566371681414,-0.03786342123056097,0.03959367424679683,113,0.012694552965499017,0.00972972972972963,0.12740325427333352,0.5309734513274337,-0.06750456111899439,0.07891414141414144,109,-0.0036100474082102385,-0.03076923076923066,0.18091242349506934,0.41284403669724773,-0.12615283267457167,0.09069293478260865,113
无无无,正正无,13415,0.008316062237547623,0.0008809279107326873,0.07295270268038007,0.5045098770033545,-0.02927805373097786,0.03352972239567664,13375,0.01112582925289627,0.0014471780028944004,0.10169814860313271,0.5061682242990654,-0.04339957746372036,0.049173709540655364,13280,0.019851806364043434,0.001376697400331972,0.15188888206913978,0.5036144578313253,-0.0642092746730083,0.07718630961121165,13093,0.04674548672632694,0.0030966413018564953,0.246472599308655,0.5069120904300007,-0.08919597989949735,0.12260000000000004,13443
无无无,正正正,2503,0.012481038301402101,0.0031746031746031633,0.08920021792950214,0.5221733919296844,-0.03377386196769444,0.042138094576756324,2501,0.023886332922044062,0.005264550264550527,0.13995466889316813,0.5309876049580168,-0.045454545454545414,0.0639929224417577,2493,0.030242268165843078,0.0004928536224741986,0.1889764732120265,0.5006016847172082,-0.07144797609345288,0.09249329758713154,2486,0.04655385104339976,-0.002168851784349446,0.2610245653698649,0.4923572003218021,-0.10403075476531023,0.13103326498063328,2505
无无无,正负无,24,-0.014631052014457399,-0.011441696811665403,0.041641616795852536,0.375,-0.03370291056461275,0.013077015387076896,24,-0.00023223539721442996,-0.0067353305107019645,0.08326114179753313,0.5,-0.06352529049897468,0.028189715069627586,24,0.004219711037722697,0.018655259203020358,0.10225384667874525,0.5416666666666666,-0.10301438757321119,0.05387043758163029,24,0.0787734465367465,0.023444976076555046,0.22990371855445588,0.6666666666666666,-0.022620737894890663,0.09449488544878609,24
无无无,正负负,1,0.029748283752860427,0.029748283752860427,,1.0,0.029748283752860427,0.029748283752860427,1,0.006864988558352492,0.006864988558352492,,1.0,0.006864988558352492,0.006864988558352492,1,-0.016018306636155666,-0.016018306636155666,,0.0,-0.016018306636155666,-0.016018306636155666,1,-0.06864988558352414,-0.06864988558352414,,0.0,-0.06864988558352414,-0.06864988558352414,1
无无无,负无无,41501,0.0016598200530529071,-0.0014464802314367864,0.06032173229792188,0.4825666851401171,-0.02937649880095916,0.029197080291970545,41252,0.0035255016001117935,-0.003765593781142662,0.08740121247309787,0.4702075050906623,-0.0432647703743643,0.040681483523168804,40818,0.01059591963481812,-0.005793556283963941,0.13420443609980773,0.47268361997158115,-0.06328044662600796,0.06447418824160478,40561,0.029074717579000264,-0.002865329512894088,0.2099528834540482,0.4896822070461774,-0.08795325142343424,0.10497572815533984,41779
无无无,负无正,65,0.01590876886863895,0.0,0.08094508586269825,0.49230769230769234,-0.02429149797570851,0.03881987577639756,65,0.012150715946589173,0.009200690051753835,0.08162341437691921,0.5384615384615384,-0.04625850340136051,0.04495268138801256,65,0.030383904256409657,0.0006207324643079382,0.16947321277062957,0.5076923076923077,-0.053174863995960275,0.06686838124054462,65,0.045362872459018024,0.03858520900321527,0.18317461307180416,0.5846153846153846,-0.07650793650793652,0.12279765082754945,65
无无无,负无负,2587,-0.0010367601902183477,-0.0024929884699285143,0.05958740497333621,0.47197526091998454,-0.03336507175340281,0.030111881343145463,2566,0.0016608560714728336,-0.0038290586262298976,0.08684964317180353,0.4734996102883866,-0.0472042378849197,0.04268953519604718,2504,0.003225432519317562,-0.008727388130752078,0.12863573974256406,0.4560702875399361,-0.07181303764895938,0.06648813612746612,2475,0.02261643099270189,-0.0009650526315787555,0.1891717737533802,0.494949494949495,-0.09157095351402145,0.10380153611231391,2596
无无无,负正无,4,-0.0062950822662107275,-0.02601436713050692,0.056698650233719235,0.25,-0.041998637009755674,0.009689187613038025,4,0.005747416471571176,-0.019813564229702374,0.06348692378708594,0.25,-0.0280643073699256,0.013998159611794403,4,0.03951214808714043,0.003842519002587752,0.10876835099740079,0.5,-0.02544130894556179,0.06879597603528997,2,-0.016678876585273117,-0.016678876585273117,0.12544049992841758,0.5,-0.061028790652680465,0.02767103748213423,4
无无无,负正负,1,-0.027093596059113323,-0.027093596059113323,,0.0,-0.027093596059113323,-0.027093596059113323,1,0.16338259441707725,0.16338259441707725,,1.0,0.16338259441707725,0.16338259441707725,1,0.19622331691297212,0.19622331691297212,,1.0,0.19622331691297212,0.19622331691297212,1,0.2742200328407225,0.2742200328407225,,1.0,0.2742200328407225,0.2742200328407225,1
无无无,负负无,12676,0.0020127537571200146,0.0,0.06022785356274015,0.496765541180183,-0.029947980182233047,0.03009757921836692,12638,0.005408875978530703,0.00028310689989929916,0.08433560535907215,0.500395632220288,-0.04116991175718229,0.04449154936829036,12614,0.015851736066960186,0.004076094481211712,0.12770205956219643,0.5152211828127478,-0.05722465946225169,0.07083009787787292,12452,0.039073857062970264,0.00659188193007143,0.21009869922678984,0.5205589463539994,-0.07853120237789896,0.11039317011036481,12738
无无无,负负负,1693,-0.001666671349531765,-0.002389486260453988,0.06448490285095841,0.4790313053750738,-0.03629536921151444,0.030470914127423754,1687,0.0037850852327828634,0.0,0.08638917990004095,0.49318316538233553,-0.04705987297509462,0.0456228796950815,1685,0.019017267373706476,0.007947484585323572,0.1306211603572112,0.5341246290801187,-0.05572755417956665,0.07409082685000912,1675,0.04673645457093548,0.01388888888888884,0.20929633339397644,0.5516417910447761,-0.07562893634998769,0.11643048759283647,1698
无无正,无无无,12717,0.0035808091747555853,-0.0014556040756913413,0.07017706500536525,0.48360462373201224,-0.03525980911983018,0.03526244952893687,12707,0.006588646266023414,-0.004003202562049779,0.10156283557140831,0.4751711654993311,-0.05089773193049196,0.0503523132251712,12655,0.014633063290394321,-0.007015306122449161,0.16303231894176423,0.4680363492690636,-0.07464976671470802,0.07361629485820886,12567,0.03817306948032356,0.0,0.22524160720899628,0.4978117291318533,-0.09375002586604192,0.11271688105060507,12733
无无正,无正无,136,0.005203193176598017,-0.003973138724639058,0.06018703267663599,0.47058823529411764,-0.03698935333027467,0.03796307516197489,136,0.013584225900710348,-0.0006887052341598143,0.09153370684466133,0.49264705882352944,-0.043745340285485185,0.05715971869443731,135,0.044684908553868856,0.006172839506172645,0.16494484008738675,0.5185185185185185,-0.05430652680652687,0.1292827611989532,135,0.05172923629983415,0.01304495719489962,0.22223103733217353,0.5407407407407407,-0.09323565084493174,0.12596972397229345,136
无无正,无正正,6501,0.006820048302234965,-0.001569037656903749,0.10609199755213061,0.4896169820027688,-0.042476601871850206,0.04345293003835504,6499,0.01401822295908616,-0.000680735194009574,0.13956941824620855,0.4937682720418526,-0.05695431665513573,0.06510214624641009,6496,0.02142743053848817,-0.005783647431658767,0.19201057856027423,0.4769088669950739,-0.08127849108515622,0.08542714752194924,6480,0.03073483866524781,-0.01358307918689311,0.26701641641649776,0.4604938271604938,-0.11408520567851552,0.1040487217696644,6507
无无正,无负无,64,-0.014042748588320896,-0.01191784772183585,0.10542396151305934,0.421875,-0.05715416314535832,0.03697655436498609,64,0.0023380510402614234,0.0036147656875493706,0.14785741791879864,0.53125,-0.044507388330251835,0.06097521102568143,64,0.0031641151550824576,0.014061090160408685,0.13065905921434007,0.515625,-0.07172277429662458,0.05779582259845423,56,-0.005299888747498322,-0.04521573426132791,0.2037891425735587,0.39285714285714285,-0.11073674609143708,0.09945980040292479,64
无无正,无负正,46,-0.0004894076142112613,-0.003296686375954594,0.07746346687546717,0.45652173913043476,-0.04538077199946933,0.031504795564752774,46,0.014740526942124856,0.009483652395593678,0.09743704884387698,0.5652173913043478,-0.03194484432395461,0.05210686086436145,46,0.01034956684285881,0.02673059922568466,0.11642950157247707,0.5434782608695652,-0.04235933404312289,0.08486232887500483,46,0.048817993218422534,0.046884845827156796,0.16041363805805745,0.5652173913043478,-0.07310488124109038,0.106864599163419,46
无无正,正无无,158,0.021744603047256242,0.004843568395834885,0.07918890755250335,0.5379746835443038,-0.01908652671144559,0.05631529502691757,158,0.02655463926178089,0.00332066669622455,0.11685187807676327,0.5126582278481012,-0.03593347034171501,0.062356102022895044,157,0.00875793192170641,-0.010874704491725673,0.1312683554017288,0.46496815286624205,-0.06606217616580312,0.07858243451463776,157,0.034761315220828454,-0.012152466367713055,0.19691631815865582,0.4394904458598726,-0.09535615351812377,0.12832550860719882,158
无无正,正无正,6633,0.002211024821596736,-0.0042194092827005925,0.08309677032685112,0.4632896125433439,-0.04413423575860109,0.03817810867052018,6629,0.007475316933681905,-0.005031868500503189,0.12432809948395092,0.4720168954593453,-0.05999999999999994,0.0547945205479452,6604,0.01255079925036004,-0.012482145586186433,0.19002109954248578,0.45699576014536647,-0.09612687825421704,0.08178657938476791,6594,0.03748235723448685,-0.009535727527941074,0.26480352250818073,0.4752805580831059,-0.11532586286226115,0.1258805778145265,6636
无无正,正正无,54,0.029400624933059148,0.014260665267376793,0.08697581783064483,0.5925925925925926,-0.01676649186188972,0.062491084272196185,54,0.054867440530411406,0.02344125080151349,0.1525733140642603,0.6481481481481481,-0.030862134769032518,0.06618624011293556,52,0.08081101661579175,0.03772791960338706,0.2552859958751944,0.6346153846153846,-0.033156089193824984,0.13246335509453783,52,0.10611703337616771,0.042152866739158634,0.3156371672364523,0.5769230769230769,-0.07035363113870952,0.20725065353076771,54
无无正,正正正,6480,0.009244606764118896,0.00019421951508113988,0.09378533842646991,0.5001543209876543,-0.04201830304771487,0.046273249272921924,6475,0.016031727221291665,0.001216545012165282,0.146838212307708,0.5036293436293436,-0.06074731050340798,0.067830402365747,6467,0.02423615213324982,-0.003852519047619296,0.20210766603329292,0.48878923766816146,-0.08697133458646628,0.10071870838329366,6459,0.03730779433066762,-0.010403287386215987,0.27082008337656316,0.4737575476079888,-0.12071130022027426,0.13018009173249545,6485
无无正,负无无,4085,0.003441570756521501,0.00036519674974888616,0.07617709740797299,0.5015911872705018,-0.03500301750150869,0.0386940749697704,4085,0.005877649046181318,-0.0010604453870625141,0.10498431013872643,0.4900856793145655,-0.048056537102473484,0.04830053667262968,4076,0.020052085282842795,-0.0019502908795612783,0.15725747082859026,0.48895976447497547,-0.06817271898871605,0.07603411158241768,4059,0.03611972200141607,-0.0020000000000000018,0.22662345233195447,0.49297856614929786,-0.09303737723749783,0.11647082576430123,4089
无无正,负无正,6763,0.003696793882110271,0.003628823224468558,0.08321423056326552,0.5252107053082952,-0.03521002163013459,0.044348853429981516,6760,0.0022768780680313314,0.0,0.12135071122978887,0.49748520710059174,-0.05231683217232347,0.05644945199322332,6754,0.015088177464215948,-0.004727213992221424,0.18100056079472804,0.4809002072845721,-0.0752901237198336,0.07547139964565941,6723,0.03074126873145188,-0.008238429852192808,0.2527423407221202,0.47806038970697606,-0.10410645472061653,0.10820406361596768,6769
无无正,负正无,1,0.04211956521739113,0.04211956521739113,,1.0,0.04211956521739113,0.04211956521739113,1,0.02751358695652173,0.02751358695652173,,1.0,0.02751358695652173,0.02751358695652173,1,0.12805706521739113,0.12805706521739113,,1.0,0.12805706521739113,0.12805706521739113,1,0.037703804347826164,0.037703804347826164,,1.0,0.037703804347826164,0.037703804347826164,1
无无正,负正正,7,0.04752089092466981,0.07894736842105265,0.05924234916672723,0.7142857142857143,0.014675391902029267,0.08503966195909463,7,0.02497299713293688,0.04292168674698793,0.05621846610019932,0.7142857142857143,0.013247445841475691,0.055013361217613466,7,0.04566672463351499,0.07048008171603692,0.0909421714357544,0.5714285714285714,-0.03450246802676499,0.1131090355422234,7,0.0600143427759798,0.04698672114402447,0.12836404344556912,0.7142857142857143,-0.0015588670471359811,0.1270059133697058,7
无无正,负负无,360,0.001286906876891833,0.004257335225270609,0.09006948746314637,0.5305555555555556,-0.03379226602929569,0.046307388324810794,360,0.00561781268677211,0.0030169249592170155,0.10852188683254241,0.5083333333333333,-0.04515232319699883,0.06487029831387797,360,0.04299660276289981,0.020173490692901197,0.14974475327893536,0.5777777777777777,-0.043644842033544407,0.09697287513271213,340,0.07857321130170118,0.0359374769949099,0.23892985737848185,0.6441176470588236,-0.039718161864287976,0.16191123696228338,360
无无正,负负正,58,-0.024970221662406887,-0.005334080735552027,0.09670369322049455,0.46551724137931033,-0.06349955192199683,0.03135342515944084,58,-0.04270314431149624,-0.007138020175195436,0.12901227397273338,0.4482758620689655,-0.07181094592541706,0.032677605723008984,58,0.02422985268847651,0.017281515118242496,0.13082552224182817,0.5689655172413793,-0.07347576503218434,0.11965087081953213,56,0.05294604457618264,-0.005138221773279272,0.37423883865861807,0.5,-0.1428048212827931,0.1358228825356685,58
无无负,无无无,8905,0.005489777040699972,0.0026315789473685403,0.060790365397401395,0.5194834362717574,-0.026562500000000044,0.031851360318513766,8875,0.006577812002262397,0.0026755852842810235,0.08622005169986328,0.5127887323943662,-0.04027885628709299,0.04702799118086076,8728,0.013616468648776163,0.002622248084542922,0.1331525071174199,0.5077910174152154,-0.06177223819804378,0.07158779661595444,8500,0.030846040683990796,0.004386049285343363,0.1952703417764521,0.5134117647058823,-0.08052938224799289,0.1055863824309563,8956
无无负,无正无,44,0.0175140188571134,0.015444674653828594,0.04369142386732104,0.5909090909090909,-0.009920937284799064,0.051873800718339025,44,0.013858029183288411,0.02363370417977917,0.06504518922572856,0.6136363636363636,-0.02235045726566845,0.04672635961332766,44,-0.0019603352575323137,-0.021141461761262192,0.08599719666514989,0.38636363636363635,-0.053458904704356935,0.04977476801105152,39,0.0036691219060861566,-0.023456790123456694,0.1555315028450782,0.38461538461538464,-0.0780778401072757,0.1330616694352158,44
无无负,无正负,25,0.012404700983241503,-0.005494505494505475,0.06246024002548038,0.48,-0.01806239737274218,0.027450980392156765,25,-0.010307403636084534,0.011494252873563537,0.08841261856808659,0.6,-0.07119741100323618,0.0439560439560438,25,-0.014272396224446196,-0.01879194630872494,0.12101755541272347,0.44,-0.05090311986863705,0.04705882352941182,23,0.039834965627625785,0.027862208713272496,0.20222185334413076,0.5652173913043478,-0.06544376982564254,0.1444075929715617,25
无无负,无负无,215,-0.0005508598908021854,-0.0016194421768708223,0.05076611572973749,0.4697674418604651,-0.030843665198810488,0.025238042352601853,215,-0.0011133272611370494,0.0,0.08318538716436862,0.4930232558139535,-0.049472609543937285,0.03439575533903039,215,0.008819488541439857,-0.0026941644562334943,0.13195848553852965,0.48372093023255813,-0.06998136184187537,0.06308759100340755,213,0.03020991828588565,-0.013766644098397673,0.20516940010738277,0.45539906103286387,-0.10022522522522503,0.11724137931034484,217
无无负,无负负,4114,0.0028008828804636085,0.0,0.06559078626471553,0.49756927564414194,-0.030968899701160846,0.032632886079215495,4110,0.009999849753626836,0.0037315510999721413,0.09114438602069592,0.5170316301703163,-0.0426470622383322,0.051552564280745394,4108,0.021485992381859415,0.01111430579515682,0.14623308389734954,0.5438169425511198,-0.06172806994443425,0.08331992407004668,4034,0.04395191211401907,0.013876042158250779,0.22747922847745158,0.5436291522062469,-0.07045255432222233,0.11890828059216235,4124
无无负,正无无,3299,0.013572489713595369,0.0002414292612265001,0.08283013411211544,0.5001515610791148,-0.02667689118219413,0.03129055177744644,3295,0.011770643947690354,0.004568817818389581,0.08831364204902614,0.530804248861912,-0.03752901863489633,0.049698093693423484,3274,0.023338459815048725,0.007396465889818904,0.13619329718467105,0.5268784361637141,-0.05793721609344579,0.07940597667638483,3172,0.0360844486991917,0.006090291888506072,0.20235269667290473,0.5141866330390921,-0.07673484848484854,0.10956361749128002,3302
无无负,正无负,4571,0.014112893403803015,0.00412492634060091,0.07693893115880206,0.5318311091664844,-0.02430597788628064,0.03836056219197426,4568,0.018721908827729398,0.011430056044241521,0.09319221782817652,0.5700525394045534,-0.03106562852603867,0.056644932945943915,4563,0.03215255348903727,0.01882845188284521,0.1522944689019261,0.5678281832127986,-0.04680818716498564,0.09463689069473569,4393,0.03884740865900638,0.013647642679900596,0.22704552004321127,0.5406328249487822,-0.07360406091370564,0.11985324092947391,4573
无无负,正正无,429,0.020915433569218475,-0.0016181229773462036,0.10749170246803029,0.48484848484848486,-0.03463203463203468,0.04279930595720072,429,0.010050424747427785,0.007153075822603938,0.09078381027966442,0.5524475524475524,-0.04455445544554448,0.0547636909227307,423,0.0078702794423914,-0.00041382164287184775,0.12323256995324997,0.48936170212765956,-0.07013779082900379,0.06048247750403779,407,0.019177990706139715,-0.009214150000000032,0.16879785694654903,0.4742014742014742,-0.07661969723994677,0.10019440167553506,429
无无负,正正负,62,-0.0010478018468266775,-0.0060565905932002395,0.0486552675081277,0.46774193548387094,-0.03096655486496369,0.018869275315180234,62,-0.013428296665187904,-0.013003772904280952,0.07256315470013693,0.46774193548387094,-0.05369866534323545,0.028147810218978053,62,-0.013316349610905338,-0.016789794473166142,0.12256730924616753,0.43548387096774194,-0.09071181175462398,0.05134784377243523,60,0.006417606519880218,-7.482032015670992e-06,0.1905102822956563,0.4666666666666667,-0.07865813170083888,0.07306193374510545,62
无无负,正负无,5,0.004443827472604167,-0.012703101920236382,0.05849568944750104,0.2,-0.02687673772011112,0.0,5,0.0036109743546704153,0.013901760889712733,0.09268418030309529,0.6,-0.03583815028901727,0.023498694516971064,5,0.05605965702253264,0.06005221932114857,0.13966716714113386,0.8,0.040778498609823854,0.1445086705202312,5,0.05612291394312889,0.05755395683453224,0.14860435003522346,0.8,0.03583815028901727,0.07321594068582016,5
无无负,正负负,4,-0.025418209668661124,-0.0290529233302238,0.06352237969438512,0.25,-0.05464408277777186,0.00017294977888693275,4,-0.028584063613996874,-0.023139733261711648,0.07817486623176008,0.5,-0.07377702591610666,0.022053229040398137,4,0.03678746191488699,0.050110009194798466,0.18442204410204424,0.75,-0.0208272961752676,0.10772476728495306,4,0.09609447242803959,0.08051414994362716,0.23952358450370798,0.75,-0.032346605208782964,0.2089552275804497,4
无无负,负无无,125,0.0034503414743093145,0.001335113484646211,0.05970916835521589,0.504,-0.028520814880425238,0.031116297160637796,125,-0.002347845968841404,-0.005242463958060273,0.07055832157736414,0.448,-0.03904923599320875,0.02927400468384067,121,-0.009949724581295808,-0.017251293847038607,0.10965635251431545,0.38016528925619836,-0.0699980556095664,0.045994517209869024,121,0.02053735870296384,0.015235457063711877,0.16469263012279814,0.5289256198347108,-0.08684210526315772,0.11526404629852904,126
无无负,负无负,4347,7.49419390533418e-05,-0.0019860973187686426,0.06488195870776103,0.4771106510236945,-0.03432647772948921,0.031033086069588323,4319,0.009547476019926187,0.0,0.1118637543698597,0.49525353090993285,-0.04768888115389919,0.0463168521366043,4267,0.011273508573994851,-0.003571428571428781,0.1380786939124552,0.48347785329271153,-0.06628312130297381,0.07069253338886239,4228,0.04133463265683682,0.010492611440035104,0.1996885965471165,0.5338221381267739,-0.07117621214096048,0.12367201841053893,4367
无无负,负负无,87,-0.0015736586652259274,0.0,0.04566418924788372,0.4827586206896552,-0.023508431675487385,0.019231128543840903,87,-0.012379103936286336,-0.018711018711018768,0.06087909190463892,0.40229885057471265,-0.04664666629282793,0.02744747377827117,87,0.004568678775779893,-0.017118997912317302,0.11706140589123763,0.4367816091954023,-0.0743741893337625,0.07029129631874953,87,0.03632462319194695,-0.003984063745019917,0.24516537680716485,0.4942528735632184,-0.0732689210950081,0.0854651706586188,88
无无负,负负负,3596,-0.0008938304444088913,-0.004829774081806404,0.06702981646150859,0.45300333704115686,-0.03943170062921558,0.030321079304972687,3582,0.0075768292095178165,-0.001079716022449717,0.09858450659017348,0.4896705750977108,-0.04711822112847669,0.050835700308706766,3579,0.02474131544149158,0.012477718360071277,0.1363677066953794,0.5521095278010617,-0.053251334858886334,0.08709928865670713,3554,0.04831277480472172,0.022465392480729984,0.19185273581128862,0.5644344400675295,-0.06419070435488544,0.12329709312459397,3611
无正无,无无无,15354,0.00556165702053674,0.0009842672246763717,0.060749265428845296,0.5046893317702228,-0.028649719375911847,0.03317297387410989,15300,0.007652386645894958,0.0,0.08908336642353412,0.496797385620915,-0.044499866083057754,0.04708238190381059,15203,0.014022193977233447,-0.004624277456647619,0.14189993218507066,0.4804972702756035,-0.06445614568855629,0.06687680358922476,14868,0.02999688303298855,-0.007372960758237124,0.21871197998463965,0.4779391982781813,-0.09263635601378406,0.10762645993046727,15396
无正无,无无正,307,0.010488033626298736,0.0,0.0736890881645327,0.498371335504886,-0.02450955681579514,0.03297510109348212,307,0.016852115224848536,0.0062266500622667476,0.10209425314873181,0.5309446254071661,-0.04193780593147134,0.04530424190457705,305,0.027299227963408803,-0.00883392226148394,0.20501377165899148,0.4524590163934426,-0.06703910614525133,0.07187499999999991,305,0.032178272389937236,-0.01227678571428592,0.25399383363128375,0.4557377049180328,-0.09811320754716957,0.07246376811594213,307
无正无,无无负,39,0.025732449605451038,0.03510638297872348,0.06527596878161118,0.717948717948718,-0.0036621824161378047,0.06487522213049379,39,0.04057758257834213,0.03267973856209161,0.09558200680717875,0.6666666666666666,-0.01725917817257533,0.09193924790346453,39,0.014625576754501832,-0.0009026591676043472,0.14408534103687998,0.48717948717948717,-0.0994766768322769,0.09201674341099342,37,0.04925470286277484,0.02216066481994461,0.199123280908264,0.5405405405405406,-0.07045054527162986,0.16355140186915884,39
无正无,无正正,1080,0.006677248376071938,-0.0008521559223541031,0.06973452217858224,0.4898148148148148,-0.03479698618134239,0.035429115265998457,1079,0.017838466686384898,0.006578947368421018,0.09593419630374385,0.5282669138090825,-0.03977920883164682,0.0582807325426703,1073,0.03147684249744201,0.007124352331606243,0.15014637714412143,0.5414725069897484,-0.05331753554502361,0.0795493342437692,1069,0.04474149347289112,-0.0034100596760444635,0.23379964764050984,0.4920486435921422,-0.09689349112426016,0.11280487804878048,1081
无正无,无正负,4,-0.02637066511275324,-0.022975785340048238,0.028124113977937903,0.25,-0.034300804503917426,-0.015045645948884051,4,-0.04491454614587201,-0.05302659419321992,0.01939076113588088,0.0,-0.05648216809579101,-0.04145897224330092,4,-0.06256849722367608,-0.055952987764848805,0.04181405756720601,0.0,-0.08762794833888488,-0.030893536649640008,2,-0.03682453520022744,-0.03682453520022744,0.20720623260941642,0.5,-0.11008300129134518,0.03643393089089031,4
无正无,正无无,244,0.002231487424563365,0.0034203670309744805,0.05750395494306616,0.5081967213114754,-0.0266380440391025,0.02785677822346938,244,0.01200456319338478,0.007147865526874186,0.08891159528898765,0.5532786885245902,-0.03561909189524254,0.04791810220373377,240,0.030467498081584127,0.008675010439619268,0.14898622008070447,0.5458333333333333,-0.04230667020993886,0.08404845008633277,236,0.044505259286412836,0.003471923458287174,0.21412023601668959,0.5169491525423728,-0.0714722033496849,0.11956709764149237,244
无正无,正无正,14,0.004405355247748496,0.006767751228029639,0.05568625756506581,0.5714285714285714,-0.01274949420278576,0.029387154990724085,14,0.007120021174580707,-0.0004604051565377798,0.08617127841972427,0.42857142857142855,-0.015885548773503066,0.054759630407926585,13,0.008733144585968274,0.03878072862453541,0.1204309560309705,0.7692307692307693,0.011196641007697794,0.07796610169491536,13,-0.027674352378280222,-0.034344797918473335,0.1648619494531538,0.3076923076923077,-0.08176100628930816,0.04478656403079073,14
无正无,正正无,8524,0.005794210140789715,-0.0021195558905953704,0.06739631924036008,0.4787658376349132,-0.031658584042098536,0.03359296047779886,8509,0.010320214997279474,0.0,0.09536391061785573,0.49606299212598426,-0.04245283018867918,0.048128342245989275,8474,0.02291591942600179,0.0019439448667764037,0.1441966675623586,0.5076705215954684,-0.060496512151215126,0.07792959355459361,8318,0.05292138342133573,0.007361318082999446,0.25355265355969814,0.5194758355373887,-0.08788771712158819,0.1290205089857947,8539
无正无,正正正,1850,0.010566189878191735,0.0,0.08278638132325063,0.49891891891891893,-0.03796350393494238,0.04261463809138699,1842,0.0209126210605179,0.002699820308769363,0.12335421120485647,0.5135722041259501,-0.04712109267368819,0.06385195365568552,1839,0.03543250859541639,0.007279197670656767,0.17252452003138039,0.5236541598694943,-0.06104218390765015,0.09312164165300629,1835,0.056548964238413046,0.005772436777251366,0.24122682594598682,0.5149863760217984,-0.0882339729609285,0.14542170122966513,1851
无正无,负无无,2160,0.013108916032269846,0.007235159510028288,0.06730717368299134,0.5578703703703703,-0.02213434354954283,0.04076097007656543,2158,0.0159196918553305,0.0041676007717957875,0.09575628237937861,0.5199258572752549,-0.03900466723407928,0.05739026419804438,2151,0.031464694197360754,0.00694444444444442,0.14839694656548702,0.5281264528126453,-0.05190765453645285,0.08142257912563644,2122,0.04427784497761836,0.0016798158924199447,0.23662437726633884,0.5014137606032045,-0.08498849614375559,0.1185280801917703,2163
无正无,负无正,5,0.04237125248866469,0.03922261484098932,0.06998850348257885,0.6,-0.013178537809852453,0.10945883795799483,5,0.026072873203413137,-0.01537496077816125,0.07925319967299922,0.4,-0.028667790893760703,0.0959821428571428,5,0.05732938845566067,-0.008158142453718153,0.14144331877907837,0.4,-0.037559405181664896,0.10282685512367484,5,0.03651131109761181,-0.039552353211712576,0.22401273064352034,0.4,-0.10009413241292753,0.0367491166077738,5
无正无,负无负,22,0.03533015228987209,0.024965418192135047,0.06917818495537403,0.7727272727272727,0.006256400409626328,0.0636600529327857,22,0.05895812058607226,0.042249752021553344,0.0875080355025371,0.8181818181818182,0.014100153183170205,0.08943037336750703,22,0.05392397551917876,0.048255119838327754,0.16123453754424008,0.6363636363636364,-0.03205138892800663,0.08784644474299647,22,0.11102243418279724,0.08683420855213819,0.2344804418895812,0.6818181818181818,-0.01841017996678368,0.17852959360648846,22
无正无,负正无,947,0.016819607980496972,0.006465517241379226,0.06707506882908493,0.5628299894403379,-0.01939342254876225,0.04833440720237403,944,0.030098770263694744,0.012242259262589705,0.10037689226645445,0.5709745762711864,-0.029486823106086885,0.07212231374938483,942,0.06032443982934617,0.03688443683034559,0.16817688031997463,0.6114649681528662,-0.044780838066659556,0.12165902970638581,931,0.05819815854013457,0.023272214386459655,0.22754587883783026,0.5639097744360902,-0.0854763711163683,0.14831376259820717,948
无正无,负正正,1,-0.12799043062200954,-0.12799043062200954,,0.0,-0.12799043062200954,-0.12799043062200954,1,-0.215311004784689,-0.215311004784689,,0.0,-0.215311004784689,-0.215311004784689,1,-0.3217703349282297,-0.3217703349282297,,0.0,-0.3217703349282297,-0.3217703349282297,1,-0.3935406698564592,-0.3935406698564592,,0.0,-0.3935406698564592,-0.3935406698564592,1
无正无,负负无,1,0.04088050314465419,0.04088050314465419,,1.0,0.04088050314465419,0.04088050314465419,1,0.045597484276729716,0.045597484276729716,,1.0,0.045597484276729716,0.045597484276729716,1,0.05974842767295607,0.05974842767295607,,1.0,0.05974842767295607,0.05974842767295607,1,0.07311320754716988,0.07311320754716988,,1.0,0.07311320754716988,0.07311320754716988,1
无正正,无无无,1458,0.007898236583245778,0.0,0.07110776836383886,0.4945130315500686,-0.031807356038667356,0.040562263120438424,1455,0.013072136603040008,0.0012722646310432406,0.09626391662762626,0.5051546391752577,-0.043033307003953525,0.05694294809651457,1453,0.02798649845595383,0.0,0.15478568494706527,0.49827942188575364,-0.06190702087286526,0.09475119291070211,1444,0.030171210481386983,-0.010458418215654242,0.233564965086216,0.46121883656509693,-0.09248633388207711,0.09611913808869266,1460
无正正,无无正,13017,0.008045938989555109,-0.000263157894736743,0.08240231625146673,0.49519858646385495,-0.03735632183908044,0.04516938519447922,13007,0.013883035640018804,0.0,0.1270785420288497,0.496425001922042,-0.051508648718949224,0.062350119904076684,12997,0.024572400184688155,-0.0018039687312085828,0.19143395348297787,0.4918058013387705,-0.07446808510638303,0.08923250165724927,12967,0.03339363485565514,-0.00999681751106718,0.26435759533592007,0.4689596668466106,-0.11201659751037346,0.11247188905547234,13027
无正正,无正无,905,0.0041389045965992445,-0.0042918454935622075,0.06265893455552723,0.46187845303867403,-0.03165204631578955,0.031882397861779266,904,0.013008919667130863,0.0,0.0907102377790837,0.49668141592920356,-0.04100163899240991,0.05090513417609216,902,0.02448223180308338,0.0006783450898696364,0.14123988804885748,0.5033259423503326,-0.061388519219941706,0.07941947361188562,899,0.04118994247479184,0.00274348422496562,0.22778846420095722,0.5038932146829811,-0.0903591746053119,0.11601236508591284,906
无正正,正无无,6,0.004198079047755543,0.009160456374068482,0.04338468367978553,0.5,-0.035411016949152496,0.03842818050797264,6,-0.033286815121499204,-0.02377237354085593,0.1138123377517584,0.5,-0.08267356687898086,0.0568237038403287,6,-0.03960090664191903,-0.062108421816263304,0.06256148184055016,0.16666666666666666,-0.07666252833855122,-0.03547406462010211,6,-0.018800503999200895,-0.04117326755932188,0.15361691975733577,0.3333333333333333,-0.06974954807410036,-0.0014254931570535367,6
无正正,正无正,204,0.017290524654714798,0.006071684969023328,0.09563187347718864,0.5392156862745098,-0.03495259401299666,0.061506181164142526,204,0.026832856118529057,0.007490420773842543,0.13739733705264795,0.5245098039215687,-0.042555671794348576,0.0867118993027935,204,0.03522895880176029,-0.010138042237282041,0.19189581459805866,0.44607843137254904,-0.06632941176470591,0.10368613232533624,204,0.05146391796106526,-0.0023383442011292166,0.2779583198012708,0.4950980392156863,-0.10275250454599522,0.12177563105946465,204
无正正,正正无,71,0.0014938714487835818,-0.0043844265170116525,0.05767582894462376,0.49295774647887325,-0.030887103606792143,0.029325960281744834,71,0.020476987035358798,0.003956478733927016,0.11300262581594996,0.5211267605633803,-0.03449142809043382,0.057246172695243125,71,0.027535960818050813,0.0012276394247632272,0.14875284835940247,0.5070422535211268,-0.05602519849567289,0.06348773870970392,71,0.05951895594441984,0.014542675030493113,0.2831053506921306,0.5633802816901409,-0.08587082730412066,0.1135356555100181,71
无正正,正正正,12101,0.009089526768397735,-0.001994017946161497,0.10097363351493184,0.4845880505743327,-0.04529058116232476,0.04827192230791222,12095,0.017873664942162006,0.000755572346052169,0.13844981824656302,0.501777594047127,-0.05780798410404642,0.06804673562045371,12079,0.03067167052922156,0.0026333113890717463,0.1954232574370901,0.5078234953224605,-0.078570096459318,0.1055923211169284,12060,0.04650917727905861,-0.007665461102837723,0.2924593939871384,0.48333333333333334,-0.1183276260115407,0.1378031438564128,12111
无正正,负无无,415,0.017223819611766972,0.011964107676969205,0.0725665378322465,0.6048192771084338,-0.02017741948917834,0.052102279275081376,415,0.0191168366028864,0.01189060642092743,0.10090041826180464,0.5566265060240964,-0.04144674868972098,0.06644789180588695,414,0.03424711230755784,0.014520202020201989,0.1580996655163008,0.5458937198067633,-0.05716386727350756,0.09974713836562638,412,0.03149023579342716,-0.007033581418760981,0.1930585563643418,0.4854368932038835,-0.10040706977882274,0.1125022628474161,416
无正正,负无正,1827,0.012654548106458975,0.004777070063694433,0.08657977360919877,0.5254515599343186,-0.03393959435626093,0.05102766560183236,1827,0.014017939756084133,0.004120879120879106,0.12394631571054517,0.5210727969348659,-0.050172275604116134,0.06271603609904364,1824,0.028004414506197207,0.0030492339729286666,0.19448397690378166,0.5087719298245614,-0.06982795687911855,0.09033179343501818,1822,0.037179991204489726,-0.0074896638784990865,0.28341986440831024,0.4829857299670692,-0.11203277966528252,0.1158707837775636,1827
无正正,负正无,223,0.025647129688149112,0.013736263736263687,0.07148119124995396,0.6322869955156951,-0.016665145913007606,0.05683589138134593,223,0.03844637299846647,0.023354564755838636,0.11676395793317317,0.6278026905829597,-0.026595254332315355,0.08525912696259097,223,0.08575155523253045,0.03921189878307896,0.2119410074898861,0.6412556053811659,-0.027169277502490374,0.17593355248303644,223,0.08140184843722233,0.039090909090909065,0.2708860609660213,0.6053811659192825,-0.08645748203546966,0.17058462608439784,223
无正正,负正正,1934,0.02069013104360836,0.009889611913828311,0.08961098249802643,0.5796277145811789,-0.028707168468571048,0.05760778230237218,1932,0.024071615212386013,0.011904761904761862,0.13068186982357094,0.5507246376811594,-0.045575567193456484,0.0754057020826534,1929,0.05034722429137708,0.013665594855305496,0.2314006554762576,0.5422498703991706,-0.06945380984490912,0.13288155568650573,1927,0.04665323760207164,-0.001962358398001962,0.28881068433526746,0.4935132330046705,-0.1192440721106175,0.13255044729796583,1935
无正正,负负无,2,0.06761524217912473,0.06761524217912473,0.022989067557141807,1.0,0.05948737939771942,0.07574310496053005,2,0.0493205897503724,0.0493205897503724,0.12315670351430288,0.5,0.005778119648600061,0.09286305985214474,2,0.012835702451724273,0.012835702451724273,0.21255338245952973,0.5,-0.06231326659891134,0.08798467150235989,2,-0.03151739596530545,-0.03151739596530545,0.053696287291741404,0.5,-0.05050190039957114,-0.012532891531039758,2
无正负,无无无,10,0.01678309305868584,0.015460227032795815,0.023717293860639893,0.7,0.0003678111228873626,0.024511329681274785,10,0.03402648826223527,0.029309677510989895,0.051858793270959706,0.8,0.007411904850231021,0.06778345352564097,10,0.013655338841921272,-0.010740890604249709,0.10493684598937703,0.5,-0.058687015138962045,0.059341350776761226,10,-0.011999498382079487,-0.005788329317741148,0.08400684604765984,0.5,-0.05192701351254733,0.03913520049156605,10
无正负,无无负,37,-0.000299675175551577,-0.0030060120240481547,0.0531458542052781,0.4594594594594595,-0.032350467966573926,0.02348993288590595,37,-0.008043807807568259,-0.01739550616090857,0.07905525251191489,0.40540540540540543,-0.05105438401775797,0.038147138964577776,37,-0.025790306596640965,-0.035230352303523005,0.06837629034813716,0.24324324324324326,-0.06980519480519487,-0.003806233983286944,30,0.028602439604167206,-0.016061501806417244,0.19440134156802893,0.4666666666666667,-0.10138904413034863,0.1263372096220436,37
无正负,无正无,5,0.01361890375065138,0.012802275960170695,0.03319930090936401,0.6,-0.00962756523942232,0.044957472660996256,5,0.0025721700811347724,0.022759601706970223,0.08879395159975606,0.8,0.019160583941605802,0.03951851938683504,5,-0.011077267002362912,0.018248175182481674,0.1231979889683709,0.8,0.011945083859332906,0.059538274605103414,5,-0.0907076213881759,-0.08088548241659144,0.14617216620901635,0.2,-0.10597439544807952,-0.0031934306569344484,5
无正负,正无无,3,-0.0052729890707693405,-0.013419483101391627,0.017063464356175582,0.3333333333333333,-0.015077942387515975,0.0004587172306661502,3,0.03809337801517806,0.057347670250896154,0.06515492041524136,0.6666666666666666,0.011414420899506617,0.07439948124870854,3,0.06665656844017102,0.10238568588469188,0.1956063112042552,0.6666666666666666,-0.020982889275227345,0.17216058487782981,3,-0.049509770409302344,-0.009940357852882609,0.18187104382381006,0.3333333333333333,-0.1289241538218388,0.04968931928144399,3
无正负,正无负,1,-0.011956521739130421,-0.011956521739130421,,0.0,-0.011956521739130421,-0.011956521739130421,1,0.061956521739130466,0.061956521739130466,,1.0,0.061956521739130466,0.061956521739130466,1,-0.0348510141304349,-0.0348510141304349,,0.0,-0.0348510141304349,-0.0348510141304349,1,-0.053559717391304384,-0.053559717391304384,,0.0,-0.053559717391304384,-0.053559717391304384,1
无正负,正正无,15,0.048951807862881794,0.030985915492957927,0.08933097030809567,0.7333333333333333,6.856404689536966e-05,0.07301540371936266,15,0.01803196782207174,0.008159102498725312,0.1266975532001302,0.5333333333333333,-0.025058660483229966,0.07401168373879641,15,-0.024123135042669084,-0.007879370408163333,0.1464128150409215,0.4666666666666667,-0.07234217481696675,0.06823187825390464,13,0.005894114720721313,0.08239436619718332,0.21144023454015698,0.6153846153846154,-0.11745424747336786,0.14552623008264454,15
无正负,正正负,1,-0.013508709562744303,-0.013508709562744303,,0.0,-0.013508709562744303,-0.013508709562744303,1,-0.03697120511908991,-0.03697120511908991,,0.0,-0.03697120511908991,-0.03697120511908991,1,-0.05207867543547817,-0.05207867543547817,,0.0,-0.05207867543547817,-0.05207867543547817,1,-0.10025294134376106,-0.10025294134376106,,0.0,-0.10025294134376106,-0.10025294134376106,1
无正负,负无负,4,0.08655545556573452,0.08721847605059085,0.054742809997426055,1.0,0.045599897229420316,0.12817403438690506,4,0.16464482817208143,0.12595338053720806,0.15073448236280734,1.0,0.04891573363678625,0.24168247507250323,4,0.13360019322832217,0.09017949428867911,0.15326806727574244,1.0,0.022773253068571475,0.2010064344484298,4,0.18553163008361295,0.20670894769671777,0.10685581763795522,1.0,0.1395698442108559,0.25267073356947484,4
无负无,无无无,15548,0.002459819891690358,-0.0009624639076033503,0.06213970274902413,0.48404939542063286,-0.02921177310445383,0.028937050837710254,15528,0.007747638583926939,0.0006718343220906142,0.08648024496670494,0.5020607934054611,-0.0396238733768807,0.04441488133715027,15505,0.015103710777801992,0.002673796791443861,0.13042711094494164,0.509190583682683,-0.05870841487279854,0.06828938471940527,15127,0.03454565999586844,0.007109004739336511,0.19944904302064292,0.5218483506313215,-0.08035560309135353,0.10697370102181258,15569
无负无,无无正,26,0.021919776413317455,-0.0007265919564306556,0.08970941801805929,0.5,-0.04795503359654538,0.09257017032972648,26,0.009774126079687008,-0.024939808977033573,0.1544214235557723,0.4230769230769231,-0.0709913632492282,0.049705425141408965,26,0.023902139610854963,-0.029943163345420187,0.21611383942296178,0.4230769230769231,-0.057408320633542564,0.05926830916133691,26,-0.030670173636897963,-0.05762462355850445,0.18344638829591745,0.38461538461538464,-0.13150977893576704,0.04769824575768178,26
无负无,无无负,408,0.0011680738982873164,-0.0009845270863538258,0.07516666052871147,0.4877450980392157,-0.03104428657117997,0.02718215204377905,406,0.005834821636665438,0.001383620504907479,0.08966121196267421,0.5147783251231527,-0.03905306098062894,0.0422318596258453,405,0.020960868719287793,0.008695652173912993,0.12823920399473218,0.5308641975308642,-0.047368421052631504,0.06695156695156701,402,0.04841721733286141,0.01481341646014056,0.20905950520073024,0.5348258706467661,-0.07263404914133359,0.1267868131018341,408
无负无,无负正,2,-0.0869272928905957,-0.0869272928905957,0.2350699564460912,0.5,-0.17003707301872442,-0.0038175127624669736,2,-0.05138179862950515,-0.05138179862950515,0.19962896364028385,0.5,-0.12196129558514887,0.019197698326138574,2,0.06236744906469671,0.06236744906469671,0.6281733434058163,0.5,-0.15972536637674256,0.28446026450613604,2,-0.12306126595117428,-0.12306126595117428,0.6619663926932823,0.5,-0.35710172854668276,0.1109791966443342,2
无负无,无负负,1203,-0.0008848939938862906,-0.0013386880856760541,0.06772554871560461,0.48129675810473815,-0.035124391003937105,0.028306656237480077,1202,0.007597367835734845,0.002488255126291916,0.09184107599987833,0.5166389351081531,-0.04823410596354355,0.048617275206060795,1202,0.02015780988872797,0.010106341642126981,0.12766050335167622,0.5391014975041597,-0.05962848085372885,0.07553753363769039,1166,0.038512449197041006,0.013234265479179386,0.21183591597107118,0.5368782161234992,-0.07331621011033032,0.10882643733910374,1203
无负无,正无无,2394,0.0018454812283120767,-0.0031167285884267093,0.06651768534698448,0.4649122807017544,-0.03136101956816034,0.024671369258348508,2392,0.006027099862559835,-0.001484108052702937,0.08881469199298972,0.4870401337792642,-0.04424917484824756,0.040492336508715254,2392,0.02516420673404483,0.005607160819816492,0.1494155305734069,0.5217391304347826,-0.05964337462870395,0.0762291387691938,2367,0.03470883695974938,0.0031578947368420263,0.2198220001714269,0.5103506548373469,-0.08836245279755922,0.10738749640843759,2394
无负无,正无正,16,0.00824294554828648,-0.012367908328379862,0.08682853703126679,0.375,-0.04953700839582176,0.05446940254265209,16,0.014352118776280336,0.012717509896350565,0.14052100636907217,0.625,-0.02165354545490608,0.027417312296030893,15,-0.03424782873895592,0.004854368932038833,0.12078184494123474,0.5333333333333333,-0.13980901544901964,0.013846272441016105,15,-0.0585314681970798,-0.07132867132867116,0.1276463879634142,0.4,-0.14614131448192075,0.04831196700750218,16
无负无,正无负,22,0.0027260349945429614,-0.0025870709992775742,0.04678147195757636,0.45454545454545453,-0.016292110752350264,0.04059964327529286,22,0.00470620427170897,0.00267636433530849,0.07675931391255489,0.5454545454545454,-0.04656214039125442,0.034692662610688596,22,0.04367102537673092,0.018354684456554637,0.0983956685427353,0.6363636363636364,-0.023887089726784383,0.10840658514142765,22,0.031148770674950133,0.020992171676593174,0.172330489241025,0.5,-0.09259913011253915,0.16117871264930078,22
无负无,正正无,1,-0.07048639736191264,-0.07048639736191264,,0.0,-0.07048639736191264,-0.07048639736191264,1,-0.04575432811211888,-0.04575432811211888,,0.0,-0.04575432811211888,-0.04575432811211888,1,-0.027205276174773307,-0.027205276174773307,,0.0,-0.027205276174773307,-0.027205276174773307,1,-0.023907666941467398,-0.023907666941467398,,0.0,-0.023907666941467398,-0.023907666941467398,1
无负无,正正正,1,0.016919889502762242,0.016919889502762242,,1.0,0.016919889502762242,0.016919889502762242,1,0.00828729281767937,0.00828729281767937,,1.0,0.00828729281767937,0.00828729281767937,1,0.05283149171270707,0.05283149171270707,,1.0,0.05283149171270707,0.05283149171270707,1,0.13432320441988943,0.13432320441988943,,1.0,0.13432320441988943,0.13432320441988943,1
无负无,正负无,770,-0.002190544216145112,-0.004179922661889379,0.06278788613117203,0.44545454545454544,-0.0307853797706841,0.022334020353217188,770,0.007108711439875289,0.0038508865563660066,0.09132430829882951,0.525974025974026,-0.037170542381977784,0.041740575820422066,770,0.032126839810239345,0.02426408746846076,0.13720246477657116,0.6181818181818182,-0.04133445820663062,0.0826993498424059,755,0.0295384359433829,0.01139601139601143,0.18210605297143767,0.5298013245033113,-0.06838155773379545,0.10044106846261502,770
无负无,正负负,17,-0.020825967646061195,-0.011521843494959105,0.06342987251112842,0.4117647058823529,-0.059853549824896324,0.025125628140703515,17,-0.008748872852207027,0.01777777777777767,0.09440411727124322,0.6470588235294118,-0.034782608695652084,0.05402010050251271,17,0.032245537879245945,0.03745704467353961,0.08067275210479018,0.5882352941176471,-0.022277227722772297,0.1053804520853232,16,0.08488226060172255,0.09970569686777386,0.20602428701158643,0.625,-0.00812929479615121,0.1447373789450649,17
无负无,负无无,451,-0.00913321190785699,-0.004398826979472137,0.06326823821098317,0.458980044345898,-0.04548446241361476,0.025705108595900805,451,-0.0019371151621187495,-0.0053835800807536804,0.08303064143910809,0.44789356984478934,-0.05945629183550949,0.04243147824291482,451,0.0024561308906346432,-0.008166969147005543,0.11818034582158085,0.4656319290465632,-0.06489730472927019,0.05032365198152511,444,0.031229923645084427,-0.0017590816263382547,0.19197826476125449,0.48423423423423423,-0.07115680359003657,0.09020884554146769,452
无负无,负无负,46,-0.010602517501307678,-0.005269748434746757,0.050967314908530174,0.45652173913043476,-0.03155665009820824,0.0217538077563037,46,-0.011731801264921356,-0.007379576721390946,0.07014556824796568,0.41304347826086957,-0.044838674254049665,0.03510916819284704,46,-0.02604724103069158,-0.016140908662806153,0.12847996103689197,0.45652173913043476,-0.08912314664085541,0.05114126250389894,43,0.07627296606079353,0.01931399290561364,0.4204377781988817,0.5581395348837209,-0.0870649780032201,0.08002427989706251,46
无负无,负负无,7818,0.006403015555480563,0.004925690064157773,0.06850205633491208,0.5441289332310054,-0.02667182988491809,0.03614567398895435,7810,0.012059894794211804,0.00471514590088018,0.09221288725768152,0.5277848911651729,-0.03829443746565117,0.05049031252998076,7809,0.02564433128791828,0.009597898565366636,0.1352215897747574,0.5434754770137021,-0.05222602739726012,0.07821637426900585,7573,0.03524255802435595,0.009395973154362247,0.19836080839332268,0.5243628680839826,-0.0785804816223068,0.10780984719864173,7839
无负无,负负负,1359,2.044906164381614e-05,0.0024937655860348684,0.06541602249556355,0.5136129506990434,-0.03304627979896668,0.03305712631872637,1357,0.0071959532252750666,0.0037429819089207506,0.08329265981858913,0.5276344878408253,-0.042763157894736836,0.049476135040745106,1357,0.027946094154599248,0.012681159420290022,0.12415307264076889,0.5578481945467944,-0.04842105263157892,0.07964601769911495,1343,0.04423454518066963,0.02050113895216432,0.17412859968470437,0.5666418466120625,-0.05957269068466148,0.1143098841261061,1363
无负正,无无无,26,-0.006278504058126765,0.003053818982930334,0.056190868789855096,0.5384615384615384,-0.0538971152781014,0.02653104701554304,26,-0.0014893051899067533,-0.009649817756813395,0.07539293259633395,0.46153846153846156,-0.058586972887104766,0.02910954902353391,26,-0.006050069538513059,-0.03404848206646799,0.14307318838830646,0.2692307692307692,-0.08101463108352353,0.032699822010936325,26,0.044053647745297304,0.032579979529506864,0.15331556193051796,0.5769230769230769,-0.08465020638923262,0.130672645197345,26
无负正,无无正,31,-0.003885529811061652,-0.011532125205930721,0.07910441566847184,0.3870967741935484,-0.04738733376080817,0.01500124850339657,31,-0.010982307848393423,-0.019984012789768135,0.11551754340869948,0.3548387096774194,-0.098926747386262,0.06041470156996598,31,0.01722180287839235,0.016169782718544523,0.111627575256889,0.6129032258064516,-0.04062166907016124,0.06429584791449916,31,0.011678398715534949,0.013521457965902428,0.14660587673488026,0.6129032258064516,-0.09927510065133066,0.09480879430348721,31
无负正,无负无,17,-0.009819587122546367,0.019446081319976383,0.11391030723803364,0.7058823529411765,-0.0331125827814569,0.048465266558966213,17,-0.0061086252489802265,0.05340008343763025,0.17018998216749062,0.5882352941176471,-0.030804774740084695,0.10506798516687277,17,0.036879050196041235,0.04237288135593209,0.24280363872570138,0.5882352941176471,-0.08573995635990239,0.1469590775491747,16,0.08215509648815277,0.06516551875407561,0.30873741258998283,0.625,-0.04889663928149093,0.1800581774356499,17
无负正,正无正,4,-0.018007960652352356,-0.03896665766186136,0.06912071654610366,0.25,-0.0691699850671976,0.012195366752983883,4,-0.028446571836226564,-0.04647501971839385,0.0985433037131554,0.5,-0.10290567446490795,0.027984082910287533,4,-0.023755972250482787,-0.02401008538192656,0.07608827323009823,0.25,-0.0641267003484321,0.01636064271602275,4,-0.022043320183922938,-0.012189056534312459,0.04495678364637106,0.5,-0.03986631501076052,0.00563393829252512,4
无负正,负无无,2,0.03923375344485647,0.03923375344485647,0.024904196797437925,1.0,0.03042879022712014,0.048038716662592795,2,0.022232617950574685,0.022232617950574685,0.10183500096679643,0.5,-0.013771491922305507,0.058236727823454876,2,0.08567458461080246,0.08567458461080246,0.0755795926254037,1.0,0.058953163378432594,0.11239600584317233,2,0.41160114158142835,0.41160114158142835,0.3519025302397585,1.0,0.2871848088568097,0.5360174743060471,2
无负正,负无正,1,-0.0747756729810568,-0.0747756729810568,,0.0,-0.0747756729810568,-0.0747756729810568,1,0.003988035892322994,0.003988035892322994,,1.0,0.003988035892322994,0.003988035892322994,1,-0.090727816550349,-0.090727816550349,,0.0,-0.090727816550349,-0.090727816550349,1,-0.09670987038883339,-0.09670987038883339,,0.0,-0.09670987038883339,-0.09670987038883339,1
无负正,负负无,18,-0.05188675017026569,-0.011724452554744524,0.09876860936793284,0.2222222222222222,-0.10478572002356348,-0.0017337105071480174,18,-0.005547699319629297,-0.01686069692763148,0.1004637387037947,0.3333333333333333,-0.03654007114321561,0.030104350880197694,18,-0.023101766394404963,-0.015458787016150222,0.13953613148387045,0.3333333333333333,-0.07183952528379772,0.007579771446762973,18,-0.05170423084980335,-0.03531991744066049,0.23756628052958464,0.4444444444444444,-0.13187722892190987,0.04943400933744391,18
无负负,无无无,1178,0.003221212162662116,0.0020392127516276615,0.06213866718230274,0.5110356536502547,-0.03073252855014902,0.031124185209235822,1176,0.007058949807979933,0.00171833988290504,0.08522513377846305,0.5110544217687075,-0.041824289376906326,0.04725530305598391,1173,0.025057981492835172,0.011086474501108778,0.13599081958987952,0.5430520034100597,-0.05220417633410679,0.07903402854006591,1151,0.042470825164247154,0.009645603448275697,0.20696700018669983,0.5369244135534318,-0.06497588773194496,0.10863971234619452,1180
无负负,无无负,7288,0.004792676867251996,0.0008909719123899595,0.06503817718516657,0.5035675082327113,-0.0291103874584496,0.032308313657263554,7283,0.011690615696982532,0.005717552887364308,0.09004194709996677,0.5319236578333104,-0.03850103372985125,0.0520988870163156,7281,0.030430916591496278,0.016119402985074638,0.15153605874908765,0.5647575882433732,-0.049564634963161325,0.08928571428571419,7107,0.046599794292073865,0.019222172552525674,0.22223512530000392,0.5594484311242437,-0.06657107643787136,0.12240393130632587,7298
无负负,无负无,994,0.002385053338891159,0.000716349261826843,0.06404034833997235,0.5020120724346077,-0.029131276797301958,0.03177810769929296,992,0.007978629748174919,0.0017187019284018445,0.09279708378494683,0.5110887096774194,-0.0413821725009022,0.04336228832148803,991,0.019830304508616853,0.009871244635193177,0.11998623798032429,0.5378405650857719,-0.05313977781733881,0.076676257834007,972,0.031273638878808296,0.0093773685603189,0.188484888139584,0.5195473251028807,-0.06514513580027792,0.09862537789580939,997
无负负,正无无,493,0.009901285888941007,-0.002547770700636942,0.08575429660973326,0.4726166328600406,-0.031542056074766345,0.03530979347101937,493,0.010624668972477169,0.0025510204081633514,0.08956771735970005,0.513184584178499,-0.038277511961722466,0.048303622771707966,493,0.03243219079721925,0.014925373134328623,0.1451678928658579,0.5436105476673428,-0.04361179361179368,0.08272058823529393,490,0.04039332394198801,0.013931412424141754,0.19226785524131287,0.5265306122448979,-0.07859228158840736,0.12489886731391592,493
无负负,正无负,1421,0.011986533704247765,0.000917536414726472,0.07805975905141604,0.5038705137227305,-0.028636021100226006,0.03481894150417819,1420,0.01754142584816505,0.008953010720368693,0.09171459490714236,0.545774647887324,-0.03503148308047063,0.05855607939507845,1420,0.042812919268251225,0.020755012531328276,0.15011681959126033,0.5802816901408451,-0.04322511781528182,0.10603698103698111,1414,0.05109929217534401,0.023434888496251416,0.25217897357080055,0.5735502121640735,-0.06723352265222551,0.13845202080933627,1421
无负负,正正无,1,0.021078574257425542,0.021078574257425542,,1.0,0.021078574257425542,0.021078574257425542,1,-0.05900601980198017,-0.05900601980198017,,0.0,-0.05900601980198017,-0.05900601980198017,1,-0.1453573961200998,-0.1453573961200998,,0.0,-0.1453573961200998,-0.1453573961200998,1,-0.14519462255493842,-0.14519462255493842,,0.0,-0.14519462255493842,-0.14519462255493842,1
无负负,正负无,148,0.008017410449819212,0.0046926285919997035,0.06539105147764539,0.5472972972972973,-0.025645263117130335,0.040098312033501005,148,0.017891696189776787,0.011911509998425496,0.08785633532822162,0.5945945945945946,-0.028773392603564013,0.06602252767724087,148,0.039330213132338,0.029471555038625863,0.11600170386370127,0.6554054054054054,-0.02596837717956557,0.09393533584640851,147,0.03648701568521849,0.023325808878856158,0.16983024953995657,0.564625850340136,-0.05220685111989465,0.09745670737840739,148
无负负,正负负,1157,0.01224727246490279,0.009132420091324311,0.0719741457071831,0.5773552290406223,-0.025308641975308688,0.04788732394366191,1157,0.033102786365784294,0.019743336623889496,0.09889276024186337,0.6153846153846154,-0.025213675213675124,0.07507507507507505,1157,0.07007888739537037,0.041538461538461524,0.19256217603194226,0.675885911840968,-0.02208201892744477,0.13446313583815006,1144,0.0735628742634809,0.04948643825959054,0.2518328367299422,0.6153846153846154,-0.05124688859422624,0.15055623554473513,1157
无负负,负无无,8,-0.008685808121590033,-0.007234111447999736,0.01928771827465063,0.25,-0.025474755671771127,0.004006968641114994,8,-0.001502848246443686,-0.002482509591514359,0.03878664921311183,0.375,-0.017132643571262374,0.023062047956101395,8,0.03209586277362654,0.033306825989752764,0.15060482600628128,0.625,-0.033050963538768435,0.08648185216802573,8,0.11174473585850977,0.04064367351748055,0.2981066734062738,0.5,-0.07725298175441658,0.17482570586835983,8
无负负,负无负,186,-0.004287755263588158,-0.009097084776997832,0.06530764292261172,0.41397849462365593,-0.045782663423792336,0.026519658679475255,186,0.004818838233602132,-0.012474978089622446,0.1086810407585084,0.45161290322580644,-0.051792314537012774,0.04010843020416138,186,-0.0010304427804085107,-0.01869120818611475,0.13374297932561277,0.43548387096774194,-0.08210013152402473,0.06753459710353826,181,0.04054945799576994,0.015576323987539054,0.18025885489830062,0.5303867403314917,-0.07333994053518322,0.12897680208014717,186
无负负,负负无,118,-0.004386828530905371,-0.003390412235177498,0.05727662233184862,0.4745762711864407,-0.035683110466183166,0.029281931027285157,118,-0.003128799960991063,0.003941064573870667,0.07578277089709237,0.5254237288135594,-0.04539587408451995,0.03599700855240373,118,0.015029529765807535,0.006530405697288355,0.10263186610243158,0.5677966101694916,-0.043231260487653744,0.0714413079000134,116,0.05354222681830723,0.04212809130159534,0.14986829023764195,0.6724137931034483,-0.04117053556655051,0.12692743176200105,121
无负负,负负负,6851,0.004408338222945009,0.0005002501250626068,0.0727216430134209,0.5018245511604146,-0.034304324703047784,0.0373017702409737,6844,0.017103797005482965,0.004636796238963514,0.1034194958511682,0.5246931618936295,-0.04257331182462093,0.05763787070162063,6843,0.03741028111470936,0.020362123630173423,0.14801803819238973,0.578255151249452,-0.049676935261995125,0.09855262907311124,6758,0.0638627239227105,0.035017929468823206,0.23001278726130941,0.5992897306895532,-0.05127418596727962,0.13634733272466404,6866
正无无,无无无,37955,0.0027688228563172313,-0.0005546311702719908,0.06100007176338351,0.4890001317349493,-0.029053838920111652,0.02968101023400571,37814,0.0074597154579685975,0.002331002331002363,0.09084333316491267,0.51213836145343,-0.040339775299321035,0.046068185517244176,37435,0.018828490836544896,0.004918032786885185,0.14596656707588423,0.5183117403499399,-0.06061266833181361,0.07712765957446821,36914,0.03677130019345904,0.005146988572688138,0.22218892994534606,0.5137617164219538,-0.08569235123427918,0.11235382874387018,38093
正无无,无无正,297,0.00048322699255610996,-0.0076548364648572065,0.07068681359322027,0.41414141414141414,-0.03480589022757696,0.026315789473684292,296,0.005329223408988244,-0.00761738113177618,0.14212185101157676,0.46959459459459457,-0.06490978504036574,0.051857271210495826,295,0.01774752801945493,-0.0009803921568628526,0.1803943721414061,0.49491525423728816,-0.07681011130674087,0.08558571181198826,293,0.04278856368429891,0.007142565874729945,0.27886135172857623,0.5221843003412969,-0.10094637223974767,0.11285266457680243,297
正无无,无无负,1405,0.006765653717089549,0.004819277108433662,0.05892589444790459,0.5416370106761565,-0.026455026455026398,0.0382978723404257,1403,0.012477441509031994,0.011315417256011262,0.08126297567326923,0.5588025659301497,-0.0352564102564103,0.05765287374716899,1400,0.01898090345503723,0.008491765378782934,0.11832518579373391,0.5442857142857143,-0.05331655226662535,0.07781155974083825,1350,0.037871994054051755,0.011758041339670622,0.19416304835702047,0.5377777777777778,-0.06918154531549855,0.11165184022326874,1408
正无无,无正无,1005,0.0028461173218626325,0.0,0.0569051818910724,0.4935323383084577,-0.027738264580369876,0.028328611898017053,998,0.013496101296716275,0.005170008264338222,0.09190394160923401,0.5370741482965932,-0.03559746350873999,0.04947545452486529,990,0.023948403113514892,0.00915368056967003,0.16480921303350593,0.5373737373737374,-0.04819611827890441,0.07554045073358484,963,0.028138878018970283,-0.0011690437222354744,0.2127076218767823,0.49221183800623053,-0.08858272476664897,0.11665891208535573,1007
正无无,无正正,22,-0.013019492051400183,-0.017611092914073645,0.08304538026394877,0.22727272727272727,-0.05687290810519882,-0.00525777467049901,22,0.007103877824155825,-0.021518922197375945,0.12507330179632778,0.45454545454545453,-0.06007336996964968,0.04742885271424324,22,0.014020912114232432,-0.022260141709824433,0.15520012742538244,0.4090909090909091,-0.05130670043748567,0.12739043824701196,22,-0.04755211098362024,-0.049007957414757275,0.1857602505625713,0.36363636363636365,-0.1615182896896159,0.04155495059349523,22
正无无,无正负,5,-0.019084688634361236,-0.007832898172323799,0.05907966842132291,0.4,-0.017621145374449365,0.0010341261633919352,5,0.0013760581255178427,-0.03083700440528625,0.07897501109543267,0.4,-0.03916449086161877,0.003246112719751837,5,0.009474680438659733,0.0028011204481792618,0.046864417109009904,0.6,-0.025330396475770955,0.015413375387797412,3,0.14155837032701094,0.2056651189245089,0.33542004057438757,0.6666666666666666,-0.007811698240826781,0.32298181319359764,5
正无无,无负无,429,-0.0025962710148548446,-0.003906250000000111,0.0612731233198715,0.4592074592074592,-0.035555555555555673,0.029099827654779142,429,-0.0022133188190799243,-0.0015174506828528056,0.07570069926103377,0.4825174825174825,-0.04526462395543163,0.035911602209944604,429,0.009820105253568653,-0.0015527950310558758,0.138255853772592,0.49184149184149184,-0.06417624521072807,0.07554874936191913,425,0.008167238418558457,-0.008403361344537896,0.1951822773022486,0.4611764705882353,-0.10025426485632016,0.06825499034127502,429
正无无,无负负,72,-0.01216969524295003,-0.006168965100088963,0.06961395913422788,0.4583333333333333,-0.040090914372022696,0.020164894092412122,72,-0.007871014296062967,-0.0029205486058279106,0.08383404847788489,0.4444444444444444,-0.05654170804369413,0.041114053722388855,72,0.017972920744318336,0.021043600199273205,0.13234540928475114,0.5555555555555556,-0.054223609337809814,0.07217672316042512,72,0.038271991652575874,0.015898791179690175,0.17929373908254914,0.5555555555555556,-0.07433244519099885,0.1363429106428511,72
正无无,正无正,1157,0.006962543235340714,-0.0010967741935481445,0.07624019723729264,0.49178910976663787,-0.03121387283236987,0.0350877192982455,1157,0.018702183985581055,0.006222547584187277,0.1328171246983389,0.526361279170268,-0.04290429042904298,0.06190236537493732,1140,0.025587486485828436,0.0,0.17909130953056618,0.49912280701754386,-0.07561268838647187,0.092152613752841,1130,0.05154522874116528,0.004022578867868942,0.28234298322887896,0.515929203539823,-0.09657189649199688,0.12533863515897214,1159
正无无,正无负,254,0.0044328322723052385,-0.0018460797662723238,0.05789979558762858,0.4763779527559055,-0.028639716774944285,0.03305143588711429,252,0.010329944655252958,0.0038210594503742534,0.08089855572722762,0.5198412698412699,-0.03300294994198694,0.04602332042191254,251,0.018404601291195994,0.0121212121212122,0.13277396447511045,0.5418326693227091,-0.06767099435081053,0.07179811877110598,241,0.011555968713683737,-0.009029345372460473,0.1811331092848206,0.46887966804979253,-0.10365608678184013,0.1033333333333335,254
正无无,正正无,9203,0.009569640249959563,0.0,0.07382892598605592,0.4951646202325329,-0.02901944972522169,0.033333333333333326,9174,0.018138727093215522,0.006047278927647004,0.09951216346796353,0.5365162415522128,-0.0357685444197936,0.05473851316583278,9110,0.03426871239524923,0.011673800010782331,0.1556508360112166,0.5480790340285401,-0.05263016866926146,0.09060170616465696,8961,0.0559528155481771,0.015509601181683763,0.24153285435740726,0.5373284231670572,-0.08333333333333348,0.1390423572744015,9223
正无无,正正正,978,0.012726154422797365,0.0015914468554221184,0.08415409205443389,0.5071574642126789,-0.03129983650837201,0.04214641502987149,976,0.023869187958927673,0.0013970015701409988,0.14361428431788612,0.507172131147541,-0.04465443817518555,0.06983757598784202,975,0.026945284317780385,0.004315511867657662,0.18417315800234718,0.5169230769230769,-0.06928614831840652,0.0834253258167077,973,0.04762250539380757,0.0024449877750611915,0.283958161163017,0.5107913669064749,-0.10511756569847863,0.12492153170119291,978
正无无,正正负,2,-0.0038297053414872995,-0.0038297053414872995,0.0687390165639628,0.5,-0.02813261771372355,0.020473207030748952,2,-0.0425942929881184,-0.0425942929881184,0.11238577591889887,0.5,-0.08232866511870099,-0.002859920857535808,2,0.1532508534355025,0.1532508534355025,0.06773415224400117,1.0,0.12930321425067487,0.1771984926203301,2,0.2900996450412693,0.2900996450412693,0.19918620135652187,1.0,0.21967668819227643,0.36052260189026214,2
正无无,正负无,8,-0.05854625916475717,-0.038913496794052205,0.08727638879760133,0.375,-0.1370779262358064,0.014979691918761029,8,-0.025860961509485414,-0.025016046213093668,0.08421818051920861,0.25,-0.0808542941905562,0.00681217059745845,8,0.012453932606696222,0.01925037320151718,0.1144734612156255,0.5,-0.060939459149754155,0.08909599255146833,8,-0.028075435068699098,-0.01842239076216934,0.13050770474343878,0.125,-0.06966244602637425,-0.004060950355192244,8
正无无,正负负,3,-0.09480233400113809,-0.09827833572453348,0.06375280918051003,0.0,-0.1275121837352826,-0.06383048512869127,3,-0.03608278641298749,-0.07341269841269837,0.06947216008652372,0.3333333333333333,-0.07616115551911817,-0.014669373306712252,3,-0.05747341662760904,-0.04365079365079372,0.0296066536950146,0.0,-0.06755710414247001,-0.0404784176243404,3,0.07301311160254538,-0.027905541965566716,0.24206244953002984,0.3333333333333333,-0.06508350719935646,0.16065040362039118,3
正无无,负无无,851,0.008691761364021118,0.003112840466926059,0.06265239575824737,0.5264394829612221,-0.02584371866397145,0.036811819950588576,841,0.01335611838886453,0.005536626916524678,0.0898865178783842,0.5231866825208086,-0.04040920716112539,0.05734265734265742,794,0.019835874415075287,-0.004143259630935647,0.13780980100263335,0.4836272040302267,-0.06470074312830529,0.08040849417832313,785,0.03581582074456278,0.006378454996456506,0.1965051338171427,0.5146496815286624,-0.08761682242990665,0.12683347713546156,851
正无无,负无负,124,0.01760991518054067,0.01747583469527003,0.07155876084807228,0.6129032258064516,-0.030196680932139452,0.06288154986532479,124,0.03666334299386343,0.036289334396241046,0.09949198643745295,0.5887096774193549,-0.024590439733794017,0.10375508239366665,122,0.04560064781204031,0.03582941318105526,0.12563759620615692,0.6557377049180327,-0.04116026575919629,0.12546478934408334,121,0.041277933750488334,0.018547140649149974,0.18644868962632044,0.5537190082644629,-0.08162066940692903,0.10759115361625837,124
正无无,负正无,2,0.02632148722862393,0.02632148722862393,0.05320401848465311,0.5,0.007511026100187612,0.04513194835706025,2,0.10512386195214907,0.10512386195214907,0.1486675913017662,0.5,0.05256193097607453,0.1576857929282236,2,0.2712112621131595,0.2712112621131595,0.29166671313016374,1.0,0.16809150676279438,0.3743310174635246,2,0.3447322587936664,0.3447322587936664,0.3357168002645384,1.0,0.226038445781014,0.46342607180631884,2
正无无,负正负,1,0.014218009478673022,0.014218009478673022,,1.0,0.014218009478673022,0.014218009478673022,1,-0.028436018957345932,-0.028436018957345932,,0.0,-0.028436018957345932,-0.028436018957345932,1,0.0781990521327014,0.0781990521327014,,1.0,0.0781990521327014,0.0781990521327014,1,-0.023696682464454888,-0.023696682464454888,,0.0,-0.023696682464454888,-0.023696682464454888,1
正无无,负负无,153,-0.0007840169151862063,-0.008534850640113723,0.06765733178243051,0.39869281045751637,-0.031145717463848754,0.026936026936027035,152,0.0004629227535354118,-0.011521764951104407,0.09845140231978042,0.4473684210526316,-0.05701595003512222,0.03576365694351652,152,0.02073998868249119,-0.01091539171502498,0.1654668136766083,0.4473684210526316,-0.06570715608757724,0.06255757945057411,152,0.06708684628788447,0.01843063944013046,0.2132268817053115,0.5592105263157895,-0.07376120419094154,0.17320457170956532,153
正无无,负负负,45,0.01249915029514417,0.011434894872740742,0.053929813667656715,0.6,-0.02325581395348819,0.05405405405405417,45,0.020092568847482405,0.01644245142002987,0.06579547598149757,0.5777777777777777,-0.022900763358778664,0.04404291360813084,45,0.07401359776929352,0.02995169082125604,0.14484972164919296,0.6444444444444445,-0.02325581395348819,0.11248618784530406,45,0.09764185689241782,0.05909090909090886,0.187104951441131,0.6444444444444445,-0.024809160305343414,0.17500852407932,45
正无正,无无无,1699,0.001457197938518129,-0.0040837161817253165,0.07177872396532783,0.4643908181283108,-0.038091076098265175,0.031416441042662835,1698,0.005038608670374526,-0.005145184591297314,0.10224511953854334,0.4634864546525324,-0.05095673451655364,0.04158063283008567,1668,0.013413027849759819,-0.008067503704593859,0.165049395937778,0.4706235011990408,-0.07995095465242805,0.0727244065993718,1660,0.04046645289592452,-0.003123132517556748,0.24888220544118128,0.4867469879518072,-0.09241424979914134,0.11475922253676563,1701
正无正,无无正,6152,0.0030538928514064383,-0.0028622130081871755,0.07866821170660682,0.4756176853055917,-0.04046019203070983,0.0370007736195726,6149,0.004550443422426746,-0.005417956656346812,0.11585711863731551,0.4708082615059359,-0.06098182435875654,0.0523385300668151,6118,0.0076946649240552,-0.01385666050281742,0.16811338598249903,0.4503105590062112,-0.09309944909419951,0.0775403288483244,6100,0.039922043509433,-0.005122650706700649,0.25086498548511615,0.48442622950819675,-0.1046521706755772,0.12428133074935416,6156
正无正,无正无,48,0.010313315192488548,0.003638013529120576,0.06033396853707983,0.5,-0.02939202473119748,0.04782994999125284,48,0.008934980156472844,0.01423201099791127,0.07336316327991417,0.625,-0.02591384568737956,0.0467775720010421,48,-0.0033873133946290893,0.008274807641935222,0.1233765974573743,0.5208333333333334,-0.08866592731053644,0.047436384421507494,48,-0.004311765517638795,-0.017865858114458066,0.27100984242767495,0.4375,-0.13375474418669003,0.07328066044706272,48
正无正,无正正,425,0.00329145796378604,-0.0034176349965824304,0.08161127731955489,0.47058823529411764,-0.04000869754294423,0.03564727954971869,425,0.010776021223167903,0.0017980991523245393,0.11907137587437379,0.5035294117647059,-0.06179775280898869,0.05631659056316596,425,0.012588365623658697,-0.015473887814313358,0.17525609064495284,0.44941176470588234,-0.08773045136681512,0.0843373493975903,425,0.014493854911804124,-0.029781432432432475,0.23843070217952417,0.4329411764705882,-0.11769224526239075,0.10173281162660719,426
正无正,无负无,1,-0.2782532367785824,-0.2782532367785824,,0.0,-0.2782532367785824,-0.2782532367785824,1,-0.11871845512398516,-0.11871845512398516,,0.0,-0.11871845512398516,-0.11871845512398516,1,-0.25477287689269257,-0.25477287689269257,,0.0,-0.25477287689269257,-0.25477287689269257,1,-0.5464121132323897,-0.5464121132323897,,0.0,-0.5464121132323897,-0.5464121132323897,1
正无正,无负正,1,-0.02813898955446592,-0.02813898955446592,,0.0,-0.02813898955446592,-0.02813898955446592,1,-0.12811767213813685,-0.12811767213813685,,0.0,-0.12811767213813685,-0.12811767213813685,1,-0.4104668514176081,-0.4104668514176081,,0.0,-0.4104668514176081,-0.4104668514176081,1,-0.420272862929013,-0.420272862929013,,0.0,-0.420272862929013,-0.420272862929013,1
正无正,正无无,386,0.006195611935795391,0.0003553421628983422,0.06387656263093232,0.5025906735751295,-0.028633410567443562,0.034353460159911586,384,0.011867263401734477,0.004426549782241329,0.09405186548433278,0.546875,-0.04407146122262401,0.052614185324179163,380,0.017129403728178987,0.009415845328417216,0.13760652623442485,0.5421052631578948,-0.07328874736926433,0.08459576839020799,376,0.04632219512385332,0.011704728082768012,0.24133515321171717,0.523936170212766,-0.08635794019120108,0.1366670326005398,386
正无正,正正无,66,0.011308876907788657,-0.0057630187763802465,0.07538484403482948,0.4393939393939394,-0.02963483579052706,0.02389416469866168,66,0.01566250563494135,0.0005512679162072986,0.07816258047617143,0.5,-0.03566451612903232,0.057994184156931416,65,0.05099587645628578,0.026642984014209725,0.14176060037220584,0.6153846153846154,-0.03373860182370825,0.12562231466957674,65,0.0677142830305755,0.01339045092838198,0.21119484741954306,0.5384615384615384,-0.09168123907069714,0.2264150943396226,66
正无正,正正正,3415,0.00788919083665841,-0.0005497526113250606,0.08846052297646323,0.4937042459736457,-0.040334965696988134,0.041008520603916354,3409,0.019972546539309164,0.004025044722719029,0.13988718862338434,0.5186271633910238,-0.052795031055900776,0.06862745098039236,3404,0.025978632454505192,-0.004880610374049077,0.22047743843947162,0.4809048178613396,-0.08613341114308193,0.09048625681174932,3398,0.04379975823256194,-0.012726408253513954,0.2856782981151296,0.4711595055915244,-0.12338470297353041,0.13145028348723814,3416
正无正,负无无,138,0.0022914214073953367,0.0025268169312331334,0.0778272414204922,0.5289855072463768,-0.036252982424654995,0.031160075103232765,138,0.01690771161972908,0.0027191052438578778,0.09769385333422236,0.5144927536231884,-0.046045503683174255,0.07589511138250526,136,0.020081613402264598,-0.004237424320947369,0.14919275706505986,0.49264705882352944,-0.07276233458859155,0.09578402502934269,136,0.046774947364232905,0.01639807360552048,0.2107842316717555,0.5441176470588235,-0.07359936419474478,0.11846814555029067,138
正无正,负无正,143,0.008511116987964914,0.002076647158769207,0.08450885084370119,0.5314685314685315,-0.040444280258127574,0.05362294362516162,143,0.010777274667215125,0.010729613733905685,0.1167404224211582,0.5664335664335665,-0.05937664042443064,0.07178858679005629,143,0.0243348262195989,0.005077658303464849,0.18824838269057345,0.5174825174825175,-0.08562258863762401,0.10786032116117161,143,0.06550834836909371,-0.0005997600959616323,0.2667749161456504,0.4965034965034965,-0.09903510705733731,0.15199117788931882,143
正无正,负正正,1,0.014218009478673022,0.014218009478673022,,1.0,0.014218009478673022,0.014218009478673022,1,0.06477093206951046,0.06477093206951046,,1.0,0.06477093206951046,0.06477093206951046,1,0.01737756714060046,0.01737756714060046,,1.0,0.01737756714060046,0.01737756714060046,1,0.17851500789889418,0.17851500789889418,,1.0,0.17851500789889418,0.17851500789889418,1
正无正,负负无,5,0.023152169008423297,0.051420838971583116,0.053938100079201905,0.8,0.020474137931034475,0.05648535564853563,5,0.04109471847441972,0.006276150627614996,0.14293159938613986,0.6,-0.008620689655172376,0.07645466847090665,5,0.14035173802629447,-0.015086206896551713,0.3797342640492649,0.4,-0.05020920502092041,0.1874154262516916,5,0.08912872189629154,-0.0021551724137931494,0.24466259568508855,0.4,-0.07949790794979061,0.14952638700947207,5
正无负,无无无,464,0.005678629357899963,0.0011815644319735918,0.07300487925937292,0.5021551724137931,-0.030110043414655285,0.028979115282725898,463,0.008966056200071567,0.0031337047353761083,0.09426700061726659,0.5161987041036717,-0.04290161455579056,0.04289574976602173,460,0.01759421626914297,0.0019400880422646427,0.13631930508458837,0.5043478260869565,-0.05561683476782131,0.07880566702585257,446,0.03093100090642973,-0.0022897773727867943,0.18104065096144611,0.49327354260089684,-0.0824669822346891,0.12166075787967828,464
正无负,无无负,4869,0.011376308781361779,0.007132132132132041,0.06650813840881786,0.5578147463544876,-0.023954703832752555,0.03877703206562266,4867,0.020809198776787947,0.014511795169082298,0.08934751002356428,0.5851653996301623,-0.02848949856622507,0.06193491585503952,4865,0.03369046299208378,0.020542945041815974,0.1355286702442528,0.5819116135662898,-0.04632768361581929,0.0987327670240914,4693,0.037912871776644784,0.015037593984962516,0.2071333535501543,0.5457063711911357,-0.07234251968503935,0.12284966342557979,4872
正无负,无正无,3,0.012460320418096416,0.006869901245169618,0.04452715172902439,0.6666666666666666,-0.011068866171308311,0.033194297421037744,3,-0.003462000392517798,0.004723057106053918,0.026981046140753428,0.6666666666666666,-0.014432364576744017,0.011600892540994279,3,0.015544437500855768,0.011395244274809091,0.007193219900016505,1.0,0.01139143063890724,0.017622847749780957,3,-0.03827428364297795,-0.017009875483040005,0.179586405267917,0.3333333333333333,-0.12227803615148986,0.05636167294550293,3
正无负,无正负,14,0.026916917918853818,0.0028932529014490393,0.08347688120461091,0.5714285714285714,-0.01617636997327654,0.03859268956261003,14,0.026323742004171775,0.015287983199674171,0.08157105852178556,0.6428571428571429,-0.01593421216415597,0.04249409070763788,14,0.010585882312348496,-0.03739466936594321,0.13669242522868408,0.2857142857142857,-0.0836097175934388,0.06558340577610355,13,-0.030413785973433256,-0.04340488300220746,0.131470774178618,0.38461538461538464,-0.1178903826266805,0.024691358024691246,14
正无负,无负无,4,0.03904400844275663,0.04337454313537914,0.025442114353173877,1.0,0.022812585888490777,0.05960596568964499,4,0.038226331114115275,0.0460711163173666,0.023617433599184404,1.0,0.03497906491621211,0.049318382515269765,4,0.046455915272191284,0.012635504103879258,0.07144540086540155,1.0,0.010487608953190786,0.048603810422879756,4,-0.08370359855224133,-0.09686913936170044,0.08986815420564725,0.25,-0.15202089009990924,-0.028551847814032527,4
正无负,无负负,304,-0.0011438049179609041,-0.0016383983683109227,0.0556005973997454,0.48355263157894735,-0.032153636384426226,0.025379927966925675,304,0.0032162598600262104,-0.0005910165484633301,0.07535483831933015,0.4967105263157895,-0.05289180438151597,0.04691648249228314,304,0.03744144358363566,0.017319463881789177,0.14300215001064853,0.5888157894736842,-0.05002761818017573,0.10250495732101395,303,0.057547031194524985,0.025579366906474776,0.25107856344558593,0.5907590759075908,-0.06596761217657598,0.12618920325480432,304
正无负,正无无,1232,0.014489156255776039,0.0,0.083877629209012,0.49756493506493504,-0.031471479751620374,0.03679011927351594,1230,0.020903309469753013,0.009649575614587902,0.09458694782761363,0.556910569105691,-0.03476022582985666,0.05849651536595363,1227,0.0274415421898551,0.013683634373289566,0.13616166945765848,0.5427872860635696,-0.0561311427954399,0.09223592891313115,1172,0.03606912827340895,0.014511177900593086,0.20154207646251734,0.5341296928327645,-0.09080646739512502,0.12532219558173763,1232
正无负,正正无,260,0.026878496442067065,-0.000896018757775785,0.11827864926133577,0.49615384615384617,-0.03310397553516825,0.05065280448314352,260,0.03815586284307653,0.0075919965751627405,0.1677127578259497,0.5576923076923077,-0.04084310370193925,0.06589195659925612,259,0.060958038195192445,0.025782688766114337,0.30036779044982775,0.5984555984555985,-0.05013089851325142,0.11243213852158407,248,0.10381603996395568,0.034332175716116686,0.5934919880369776,0.5725806451612904,-0.06182510876035946,0.14193820035260163,260
正无负,正正负,75,0.010646673834257091,-0.0012180267965895553,0.06967071197572743,0.4666666666666667,-0.030183233099469187,0.027484704124048465,75,0.018554739347531334,0.0108108108108107,0.08263094701524751,0.5866666666666667,-0.035104562733173306,0.04641145314720174,75,0.03222819228462514,0.02364394993045904,0.13748953193367974,0.56,-0.062283882521135536,0.09058538305562902,70,0.05899128186724903,0.05163203360920421,0.17696548364723586,0.6428571428571429,-0.027049728394242023,0.14110286177597925,75
正无负,正负无,2,-0.07896492734725397,-0.07896492734725397,0.1147785080120052,0.5,-0.11954525802213564,-0.03838459667237229,2,-0.04873542168532313,-0.04873542168532313,0.10174908340431715,0.5,-0.08470915511267726,-0.012761688257969,2,0.028048544482941307,0.028048544482941307,0.060516079136670856,0.5,0.006652879518760452,0.04944420944712216,2,-0.04344613533088182,-0.04344613533088182,0.06232932433354765,0.5,-0.06548287928239543,-0.021409391379368203,2
正无负,正负负,12,-0.018578924810731662,0.0026999911329690374,0.08629118320782063,0.5,-0.07812672835169443,0.03633306231059208,12,0.00035259787259509884,-0.0018209737586828423,0.06480444586233022,0.5,-0.051489361702127784,0.04238290624429253,12,-0.028844693360477115,-0.011996993524514332,0.11175419183002597,0.4166666666666667,-0.06292036093917083,0.020749389499389703,12,0.028500159209094666,0.004860621673512089,0.20258664819047326,0.5,-0.04703476482617594,0.0836545091813849,12
正无负,负无负,145,0.04077119788952663,0.041855203619909576,0.055748819671752235,0.7724137931034483,0.0040972411909312445,0.07118122354751844,145,0.07221444947920283,0.07435897435897454,0.08899416550302137,0.8206896551724138,0.019541778975741275,0.11534988713318284,145,0.060392482915011494,0.035502958579881616,0.13161813074422268,0.6758620689655173,-0.01405975395430581,0.13152985074626855,143,0.08233218010402167,0.06464379947229548,0.173654414564964,0.7202797202797203,-0.026645316130436858,0.14312928981650086,145
正无负,负负无,1,0.16567342073897473,0.16567342073897473,,1.0,0.16567342073897473,0.16567342073897473,1,0.21930870083432663,0.21930870083432663,,1.0,0.21930870083432663,0.21930870083432663,1,0.26817640047675795,0.26817640047675795,,1.0,0.26817640047675795,0.26817640047675795,1,0.4112038140643621,0.4112038140643621,,1.0,0.4112038140643621,0.4112038140643621,1
正无负,负负负,84,-0.0034998438477203027,-0.007191309311931182,0.04978510228007977,0.36904761904761907,-0.026709128152605316,0.017436270929151454,84,-0.015472037686474932,-0.01965540143187755,0.0643377358182489,0.34523809523809523,-0.04542109058358407,0.012508225087125013,84,0.04767846722318496,0.012758971664970309,0.15498515356647571,0.5595238095238095,-0.06532816045800041,0.14024852288714956,84,0.09589106598716017,0.03425840453354656,0.2241082673297096,0.5476190476190477,-0.04981173256027058,0.22216530952519153,84
正正无,无无无,8469,0.005782206396804088,0.0017452006980802626,0.06267233014517605,0.5092690990671862,-0.028076332529063386,0.033960145944428755,8440,0.008408474664638801,0.0010724404625163109,0.09175255818765603,0.50260663507109,-0.04412879357181451,0.048881498193600326,8367,0.01551143083890139,-0.0004184100418408443,0.14036524620635968,0.4962352097525995,-0.06384573607113397,0.07203276378088841,8214,0.03830238636427138,0.0024639406919675366,0.22848633209828945,0.5043827611395179,-0.09174015598700899,0.11482699630087101,8505
正正无,无无正,57,0.017100204907788134,0.004848936963819606,0.10309823885953812,0.5263157894736842,-0.030888800318852216,0.04067278287461784,57,0.0290841893213733,0.019937040923399874,0.11924293780579745,0.5789473684210527,-0.04572634540977838,0.07317073170731692,57,0.048654235707232006,0.006570302233902758,0.1911925947981503,0.543859649122807,-0.0662020905923345,0.09467232437529471,57,0.07197292880886443,0.018292682926829062,0.22774784022230132,0.5614035087719298,-0.08977475287635717,0.19152691968225932,57
正正无,无无负,62,0.002091722433365963,0.012972641971586873,0.0602314939439396,0.5645161290322581,-0.038137391446829344,0.04042189529906293,62,0.006536149008423241,0.012726348854397607,0.08572676273559726,0.5645161290322581,-0.04361669242658428,0.05219781887956482,62,-0.0032800019666527685,-8.854353255471903e-05,0.11342863078425425,0.5,-0.042344344297760156,0.05394974277540088,58,0.035598916151758773,0.009667359509297757,0.14105717206897858,0.5172413793103449,-0.046778738360231914,0.0823477485332465,62
正正无,无正无,16680,0.004364030597244983,-0.0006533818755581899,0.06251580794513459,0.48884892086330933,-0.029165938256960122,0.03099978574607276,16637,0.009964404410288428,0.0,0.09126937030912376,0.4991284486385767,-0.04151838671411612,0.047945205479452024,16558,0.020953525417134234,0.0018863355572029672,0.14210390524863503,0.506099770503684,-0.05969826473170475,0.07453411185334163,16225,0.045354568039898915,0.0021762785636560977,0.23766577446438605,0.5040369799691834,-0.08831615120274905,0.12307013674459633,16719
正正无,无正正,322,0.004312629772477021,-0.0017904157575641122,0.07409747746755085,0.4813664596273292,-0.03742119205441993,0.03126593213618084,322,0.015476221271569501,0.004547963529256793,0.09731027180313027,0.5186335403726708,-0.04904688764531234,0.0683173809831169,321,0.03160944633650113,0.008631851532153512,0.1518021222102373,0.5233644859813084,-0.05929411764705894,0.08583241871488778,320,0.04484324793748457,-0.009902507984142994,0.24652599919656845,0.46875,-0.10246682913878039,0.1313444594507684,322
正正无,无正负,14,0.04756946440975048,0.01558230847625075,0.10174317982918205,0.6428571428571429,-0.021033928566294574,0.058972599838074846,14,0.019012900522188514,0.006865642557890406,0.08684220118694189,0.5,-0.04604920589348402,0.05418689993467857,14,0.028605915086004623,0.02960477470907541,0.14349448763102235,0.5714285714285714,-0.03594721026303485,0.04585763907302326,13,-0.053163329151656606,-0.052575576923077016,0.13181469924944547,0.23076923076923078,-0.09537572254335269,-0.016972477064220226,14
正正无,正无无,1872,0.005206485832109116,-0.0006400031868053491,0.06408353687168161,0.48664529914529914,-0.02610456114539339,0.027104746709956162,1866,0.01400303207296286,0.00438630242400917,0.09668463862395364,0.5262593783494105,-0.03577821343334461,0.04970824507413779,1850,0.030421367349781334,0.012367908787541682,0.14631973268305917,0.5589189189189189,-0.05368426504676635,0.08542232871656735,1818,0.05019073170650729,0.010290674711071257,0.25090334964957156,0.5324532453245324,-0.08371139935395094,0.12808162783505844,1875
正正无,正无正,51,0.019074707056301557,0.005141388174807249,0.05959941647815105,0.6274509803921569,-0.013581809421179203,0.029647224168897313,51,0.032268909830167926,0.013978218898708095,0.14789564757650497,0.5686274509803921,-0.04285126134306377,0.04687142806641287,51,0.06006452099962166,0.012389380530973382,0.17169712773367643,0.5686274509803921,-0.025864180263555914,0.10045614762595911,51,0.10099780166965378,0.02713567839195985,0.28384615725765117,0.5882352941176471,-0.07580230824577461,0.16469669910042917,52
正正无,正无负,8,0.06583730897128887,0.005697457879251966,0.1704831531020195,0.5,-0.011365417180457721,0.08146752383063616,8,0.06612060102907574,0.03204708799538447,0.12835972545123805,0.75,0.001864647501251454,0.05776235892468684,8,0.024636818123043205,-0.01894048666342152,0.15142435468740817,0.375,-0.061013899299311974,0.0946077515588013,7,-0.02033370334536985,0.03169251517194871,0.13916886187632752,0.5714285714285714,-0.14013453758263256,0.07258946158223589,8
正正无,正正正,4407,0.00849463064090979,-0.001615508885298933,0.09410249405292367,0.48649875198547765,-0.0408640042412281,0.040881667669613764,4403,0.022313400132255076,0.0020017157563627652,0.13108090601147346,0.5076084487849194,-0.048571910942449836,0.06678930129631466,4392,0.041174087900872534,0.008566536203522435,0.19839255672231162,0.525728597449909,-0.06263498920086388,0.10044220078156402,4379,0.06935174031432383,0.0077319587628865705,0.3176498644981888,0.5192966430691939,-0.09181129870452798,0.14674688397668534,4411
正正无,正正负,7,0.04004388627420184,0.026025791324736147,0.07866968779216363,0.7142857142857143,-0.016238339600689822,0.08900892878067079,7,0.014904784760808889,0.006596306068601621,0.07716772064418277,0.5714285714285714,-0.04941960249977073,0.07761755980248186,7,-0.0031136934082114376,0.01715039577836408,0.10123048933874008,0.5714285714285714,-0.07241785035204912,0.0680880558944218,6,-0.04539428334579371,-0.04104876072548974,0.09846383662016756,0.3333333333333333,-0.10846685969578262,0.02841904684531321,7
正正无,负无无,921,0.01892952641060503,0.010101010101010166,0.07448499843327815,0.5874049945711184,-0.01898409440738813,0.0480274442538593,917,0.027665965393025606,0.01717791411042935,0.10128206895791662,0.5834242093784079,-0.03146853146853157,0.070494332282514,908,0.04051089415147084,0.01655126030483678,0.14891025057262705,0.5605726872246696,-0.044448970027004625,0.09706551459128776,897,0.06237771844589976,0.01963864886095834,0.25975008244887754,0.5429208472686734,-0.07453416149068326,0.141089108910891,926
正正无,负无负,27,0.05459377185052613,0.04726368159203975,0.05438001799825774,0.8518518518518519,0.02203741017641858,0.09545300207375096,27,0.05556540016853018,0.044191919191919116,0.09189562612879186,0.7407407407407407,0.002757388449147913,0.12325117034944166,26,0.08253376750705445,0.04710339509956829,0.15387573962855933,0.7307692307692307,-0.0011002937391321466,0.16609984145065865,26,0.184488556198792,0.11332097886947323,0.364516360738148,0.8076923076923077,0.02713144258157274,0.25933703982257567,27
正正无,负正无,1000,0.017954911767519895,0.009189293553816591,0.06813804919147602,0.56,-0.025126407505925596,0.05008851298190403,999,0.02863351359886522,0.01939393939393952,0.09755716371532089,0.5945945945945946,-0.02966736106444462,0.07376020087884483,996,0.04278875134368908,0.02073160857975631,0.14757335734677207,0.5833333333333334,-0.045569744849909555,0.10809767532027831,983,0.05688455167996995,0.01485535574667729,0.23793899991891457,0.5442522889114955,-0.07380519706326333,0.13841479568183324,1002
正正无,负正正,2,0.07604813519668485,0.07604813519668485,0.05105508598434914,1.0,0.057997436439887085,0.09409883395348262,2,0.05113091918224011,0.05113091918224011,0.021845324309181915,1.0,0.043407430704119176,0.05885440766036104,2,0.03037241763177284,0.03037241763177284,0.05496849328332825,0.5,0.010938120455648542,0.04980671480789714,2,-0.06698296731517411,-0.06698296731517411,0.12154912941036433,0.5,-0.10995707414186903,-0.024008860488479195,2
正正无,负正负,1,0.07361111111111107,0.07361111111111107,,1.0,0.07361111111111107,0.07361111111111107,1,-0.0441666666666668,-0.0441666666666668,,0.0,-0.0441666666666668,-0.0441666666666668,1,-0.05972222222222223,-0.05972222222222223,,0.0,-0.05972222222222223,-0.05972222222222223,1,-0.12722222222222213,-0.12722222222222213,,0.0,-0.12722222222222213,-0.12722222222222213,1
正正无,负负无,4,0.03001986885515756,0.028596410268865613,0.009072897722733942,1.0,0.02595038343055661,0.03266589569346656,4,0.035950256498770594,0.03489055775753491,0.006821313812870296,1.0,0.030818094426601883,0.040022719829703624,4,0.07697198236343622,0.05138377025241636,0.05603094600593141,1.0,0.04704761378700839,0.08130813882884419,4,0.21562065854793405,0.08241157687899137,0.28160057977419906,1.0,0.06909135510588821,0.2289408803210372,4
正正正,无无无,870,0.008315051345380471,-0.0008449665002753237,0.07629128004054149,0.4908045977011494,-0.03209324666175675,0.04189148595392883,869,0.013757697121374942,0.0012224938875307068,0.11091920504139798,0.5040276179516686,-0.04901438465636643,0.06476828587381367,863,0.02186437351533689,-0.004580152671755711,0.16369284532835765,0.4843568945538818,-0.07952949629983858,0.09583204833864478,859,0.036241972204789204,-0.00255302371134003,0.23839090259046988,0.4889406286379511,-0.10932006936653055,0.12238137864775289,871
正正正,无无正,4336,0.007385535272477827,0.0,0.08693714935647745,0.49884686346863466,-0.03962217898832693,0.04607032135058253,4334,0.010703103310354827,-0.0026189561670645345,0.1250894236958867,0.4840793724042455,-0.061652857601306954,0.06367539530172361,4326,0.017822927500353688,-0.006122175821822506,0.1888489338938122,0.4736477115117892,-0.08849546624055807,0.08931522629491406,4317,0.032296750782364554,-0.012166859791425177,0.25669399420229133,0.4702339587676627,-0.11673151750972754,0.11796246648793551,4342
正正正,无正无,1799,0.007789681714318034,0.0,0.07287866043726926,0.49583101723179546,-0.03378194021328329,0.03786141228801776,1794,0.019054918425510093,0.0027173512277854917,0.110036719903379,0.512263099219621,-0.0446757758708925,0.06562363485998307,1791,0.03097204048680939,0.0070022859097127466,0.16902567097926333,0.5203796761585706,-0.06310647176952777,0.08817677156138193,1783,0.04747186485162648,-0.003531529650459886,0.24239228945392252,0.48850252383623105,-0.09512926966975827,0.1268879539097798,1803
正正正,无正正,20201,0.006502339935617738,-0.003512664078387906,0.08760915282145018,0.47220434631948915,-0.04217668972857913,0.042570609905853374,20181,0.015306234355197079,7.241129616231134e-05,0.1303760885405459,0.5000247757791982,-0.05696056576216468,0.0653465346534654,20152,0.030165053263009608,0.0021506661355287227,0.19739583548972697,0.5069968241365621,-0.07436698372422049,0.10284554417166059,20120,0.045328345535770774,-0.007898899083141175,0.28804524856735086,0.48175944333996024,-0.11556065965246728,0.13399243270547445,20215
正正正,正无无,58,0.014900593262025795,0.0031853932584269273,0.06819184254174608,0.5344827586206896,-0.025153557857902464,0.033575887742906874,58,0.0246840272534714,0.009162603253061508,0.08490015328880827,0.5862068965517241,-0.02718733392249964,0.06312717171895721,58,0.04044358639106181,0.021253012048192632,0.12451360729858339,0.6379310344827587,-0.05541375054629161,0.10513884226176223,58,0.05234595157458878,0.0348767828870985,0.1894801047421364,0.5862068965517241,-0.08811713627503101,0.10866853190896653,58
正正正,正无正,936,0.010959831636702897,0.0,0.08741261872718611,0.4967948717948718,-0.03544512293106222,0.03901234909991047,936,0.01311878819155058,-0.0026436922074219993,0.12552296164868762,0.4807692307692308,-0.054502537302874354,0.05595403876118388,935,0.007622682203397124,-0.013263157894736866,0.16475298363469326,0.4459893048128342,-0.08501170960187349,0.06770711092017301,934,0.01950577658323823,-0.02152468099071453,0.21674660026153705,0.44539614561027835,-0.11649458046605032,0.1026465082428426,936
正正正,正正无,1194,0.002925007579316572,-0.00392119699521204,0.07652963096092047,0.4639865996649916,-0.03802627958172816,0.030174173129294934,1191,0.022038978715681598,0.0024487978628673357,0.1131440235928259,0.5121746431570109,-0.04228679168542587,0.06149106527553627,1187,0.04312329964075422,0.01161946259985469,0.1794173002704656,0.5391743892165122,-0.060774999878328295,0.1001839792211704,1181,0.06728480886986454,0.00922266139657446,0.2592853110694157,0.5224386113463166,-0.09217469230769226,0.14690265486725673,1194
正正正,负无无,233,0.017110036224116117,0.004431314623338345,0.08496358817341376,0.5407725321888412,-0.024054982817869663,0.046260588510042,233,0.019576683547254843,0.0036264732547599543,0.12145482167254322,0.5407725321888412,-0.039852398523985255,0.05077928607340354,233,0.011938192268188819,0.0025062656641603454,0.13958449310197613,0.5150214592274678,-0.06646971935007373,0.06462110646211028,233,0.0030074890710552237,-0.017738359201773912,0.1721391924520158,0.44635193133047213,-0.08966565349544076,0.06688311688311677,234
正正正,负无正,537,0.011794002415709366,0.009637331980725472,0.08386907373856302,0.5605214152700186,-0.03378995433789944,0.04892966360856277,537,0.02294433056344618,0.008680555555555358,0.11683390912431271,0.5344506517690876,-0.048810101991258015,0.07664884135472372,537,0.025541678217208964,-0.0027662517289074318,0.2067212122865138,0.4972067039106145,-0.08740259740259748,0.10022779043280194,536,0.03721198639636742,-0.013035584604212114,0.2643761492364323,0.46828358208955223,-0.11838925281123908,0.12056990931579187,537
正正正,负正无,392,0.021522940291814407,0.011769764291633011,0.07572767480749307,0.5739795918367347,-0.025717255717255638,0.05742452880065552,392,0.031969494358895484,0.015472005338078354,0.10592212567794455,0.6096938775510204,-0.028700779017975908,0.08432581585525462,392,0.06912194446243088,0.04011741658142476,0.1718534651640518,0.6224489795918368,-0.03669894340815,0.1411100376852325,390,0.06114376213420169,0.014045386494366152,0.21486174626508486,0.5384615384615384,-0.07296639145934311,0.15605800717293,393
正正正,负正正,2067,0.017703527495765838,0.00547409579667657,0.10596073079201003,0.5374939525882922,-0.0354171665124286,0.05617952392181047,2067,0.020376012572126536,0.007784120394395355,0.13921718034320305,0.5379777455249153,-0.05800193910974277,0.07534363875340944,2066,0.039280015363595044,0.007437561921433522,0.2189548382774214,0.5295256534365924,-0.0762627622845054,0.12157503236741374,2065,0.033556855924302284,-0.01246816624460001,0.26181161657798774,0.47070217917675544,-0.11730449251247921,0.12651975683890582,2068
正正正,负负无,1,0.0839368005266623,0.0839368005266623,,1.0,0.0839368005266623,0.0839368005266623,1,0.1464779460171166,0.1464779460171166,,1.0,0.1464779460171166,0.1464779460171166,1,0.20309414088215916,0.20309414088215916,,1.0,0.20309414088215916,0.20309414088215916,1,0.1673606830151415,0.1673606830151415,,1.0,0.1673606830151415,0.1673606830151415,1
正正负,无无无,9,0.000794124999914282,0.003907203907203893,0.05440882147541313,0.5555555555555556,-0.03253424657534232,0.022293654085441927,9,0.000439347887265604,0.007361268403170973,0.05228198903105616,0.5555555555555556,-0.041420118343195256,0.019351649070632027,9,-0.03434076427029688,-0.02882621318954781,0.044054100875098555,0.1111111111111111,-0.041420118343195256,-0.00794442230483261,9,-0.02594097978633652,-0.033530571992110514,0.08793606567107125,0.4444444444444444,-0.05494505494505475,0.015864786395686448,9
正正负,无无负,38,0.0037052648208036536,0.0011467889908256534,0.05061943849432517,0.5,-0.018281354437046815,0.03421195573800445,38,0.0019459956586306427,-0.00033729087965472804,0.09494035036787729,0.47368421052631576,-0.05187732086370514,0.03878734191410549,38,0.0150735434842371,0.0013835109693095538,0.1407441907665252,0.5,-0.08145428805396326,0.06760840556685094,37,0.033201769842540065,0.0,0.1574062020967233,0.4864864864864865,-0.04449648711943799,0.07329635499207598,38
正正负,无正无,4,-0.00430168815121465,-0.006812106941849805,0.047754610092373674,0.25,-0.023258077033561836,0.012144281940497381,4,0.009848412385097094,0.015750201868058755,0.10102464016159485,0.5,-0.05995082789876233,0.08554944215191818,4,0.011641291979575336,0.0559751359318561,0.11479409953399027,0.75,-0.019550518952901913,0.08716694686433335,4,0.0015086473076171003,0.02566452300114741,0.1345077274580185,0.75,-0.03952532740154721,0.06669849771031172,4
正正负,无正负,8,0.010847882417482427,0.011569338725023859,0.027954510501701575,0.625,-0.012820620637456787,0.02430473531622457,8,0.05818666106581186,0.039786011256946585,0.12197283636027591,0.75,-0.008708320101619704,0.08415296510011133,8,-0.016800289764813278,-0.012944019784172645,0.06464483790772739,0.5,-0.05661533974824781,0.04312044834677292,8,0.010608231037710456,0.05307513297872357,0.12299775375897633,0.625,-0.09359467103741098,0.07085390641880268,8
正正负,正无无,19,-0.018984095764758024,-0.03355704697986561,0.04457641412671037,0.3157894736842105,-0.04574448802875425,0.012137270460213179,19,-0.015919367764943824,-0.013266998341625258,0.06955503671093761,0.3684210526315789,-0.07330598991711534,0.01965361711124436,19,0.011686671032379373,0.004987531172069959,0.14855792601399886,0.5263157894736842,-0.060599524033758456,0.09688264762065502,18,0.08543079606061184,0.07278039840158634,0.2557132901920415,0.6111111111111112,-0.05190953103247645,0.15879667596085506,19
正正负,正无负,8,-0.01299708900757525,-0.017574524912716938,0.03404590573908979,0.25,-0.0346416937249468,-0.0016487815783590987,8,-0.0015946881571482219,0.008442115584972765,0.1489931542471256,0.5,-0.03064219145390587,0.04725449837712403,8,0.050714121713865315,0.06103935168492847,0.10695564480950837,0.875,0.0444589998161426,0.08692704026533277,8,0.02682274487981462,0.01997939695441009,0.1514971368138061,0.625,-0.013034556545622883,0.10272200129033643,8
正正负,正正无,63,0.0014747510550574762,-0.0062893081761007386,0.06158980813946748,0.4603174603174603,-0.03204035874439459,0.017485176810806635,63,-0.000546546286932666,-0.010175611357295167,0.07759733010052405,0.31746031746031744,-0.04565941224726161,0.028577253544928127,63,0.0003548691373685699,0.007058823529411784,0.12135090414114491,0.5396825396825397,-0.0965690551240197,0.06713598764400075,57,0.027717196877308982,0.013461538461538414,0.2017613563480781,0.5789473684210527,-0.07598784194528874,0.10795454545454541,63
正正负,负无负,3,0.004899478816366505,0.002958579881656709,0.02126214298290161,0.6666666666666666,-0.0061835453082138,0.015012053473591913,3,0.09601089220894694,0.05270655270655267,0.08090327061498985,1.0,0.04934178210040274,0.12102783256629401,3,0.2526644852020626,0.1724137931034484,0.2581610928201489,1.0,0.10828666863149627,0.3569169557233218,3,0.178034968927984,0.08429118773946365,0.17129346616171492,1.0,0.07918263090676891,0.23001541635493894,3
正负无,无无无,497,0.003919458334959166,0.00382775119617218,0.05926674471936273,0.5412474849094567,-0.024734982332155542,0.029055690072639306,497,0.009592256274921903,0.0060975609756097615,0.08732597945472989,0.5412474849094567,-0.038141809290953455,0.04562814070351773,497,0.026740850460179745,0.013157894736842035,0.15171859423000397,0.5533199195171026,-0.05266362252663637,0.08196549267853115,487,0.04008034647060478,0.013550135501354976,0.24434785330587896,0.5462012320328542,-0.06858988677170486,0.09906070968028813,497
正负无,无无负,23,0.007306531421799769,-0.008730691739422536,0.074637947510067,0.43478260869565216,-0.04371902106567538,0.04849991827710842,23,0.0028365551201018887,0.0,0.10096399953911046,0.4782608695652174,-0.06818892542506677,0.06114233635259447,23,0.010940092345656844,-0.022653844162567993,0.12954905693947466,0.43478260869565216,-0.07021419656094385,0.09747067618304495,23,-0.05001391806160855,-0.10233918128654984,0.1599235055304389,0.30434782608695654,-0.17123892314621603,0.03893869272129691,23
正负无,无负无,652,-0.004262921572248514,-0.000939986486349853,0.0633319138919444,0.49079754601226994,-0.028177257525083682,0.022785051165573833,652,0.0072272390254894455,0.00403942795741119,0.07731974360151869,0.5199386503067485,-0.03575102880658432,0.04313002054922482,652,0.02331953179859964,0.018945032162032804,0.11477372723162102,0.588957055214724,-0.03950731596630053,0.07273983712683368,646,0.025643764159319966,0.01965095659457672,0.15045071706676952,0.5526315789473685,-0.06308203015418132,0.09576785413562916,652
正负无,无负负,108,-0.012018778253452532,-0.0012033363593433322,0.0801350530214219,0.48148148148148145,-0.03363817401960789,0.027397894599803574,108,-0.010480516426166929,-0.009773758755027895,0.08620907716279516,0.42592592592592593,-0.050797668881458535,0.038716098409076194,108,0.012059707960843498,0.004367314745404749,0.12147828761713483,0.5277777777777778,-0.06080986928840615,0.07607054796626633,107,0.019538429968088137,0.016696642898217595,0.17079848762523459,0.5700934579439252,-0.0598340635020167,0.06852044164629345,108
正负无,正无无,381,-0.003822025637529697,-0.005115089514066584,0.06074187081712948,0.4356955380577428,-0.03432751828925151,0.021857923497267784,381,-0.0020558565805061106,-0.004237288135593209,0.08747060773022189,0.4776902887139108,-0.051975051975052144,0.03715670436187413,381,0.02520214478995403,0.0174064403829417,0.12871212856268888,0.5958005249343832,-0.05512572533849125,0.07637997432605914,379,0.02253088072064599,0.001536098310291889,0.20751984704510015,0.5065963060686016,-0.10044761378841632,0.09219388266771844,381
正负无,正无负,7,-0.0194981965984948,-0.02848101265822789,0.029822202949241323,0.14285714285714285,-0.03548512752293931,-0.015491109682947646,7,0.002103758496979667,-0.025316455696202556,0.08756485829374423,0.42857142857142855,-0.05532636722399614,0.0234262636944208,7,0.12933627372662837,0.041131105398457546,0.18201853451306993,0.8571428571428571,0.004734848484848508,0.1900714336549204,7,0.16562906425914894,0.1160714285714286,0.1390609232768493,0.8571428571428571,0.08991543371188204,0.2319065467470689,7
正负无,正正无,1,0.008463817181548983,0.008463817181548983,,1.0,0.008463817181548983,0.008463817181548983,1,0.000846381718154765,0.000846381718154765,,1.0,0.000846381718154765,0.000846381718154765,1,-0.15827338129496404,-0.15827338129496404,,0.0,-0.15827338129496404,-0.15827338129496404,1,-0.1371138383410917,-0.1371138383410917,,0.0,-0.1371138383410917,-0.1371138383410917,1
正负无,正负负,10,-0.02129734855192813,-0.014399230691365617,0.05756437434547284,0.3,-0.027931306750888202,0.00860903802080265,10,-0.002936909253379305,0.005707246175094438,0.04009464554300815,0.7,-0.031337293669508354,0.01801598378508118,10,-0.011163353410742594,0.008547769690857465,0.05840998409103628,0.6,-0.05123171861114978,0.02558408946417784,10,-0.01822092351600061,0.03505112490381335,0.16301504477973486,0.6,-0.08999389871873095,0.0813281434344571,10
正负无,负无无,1,-0.03391232423490498,-0.03391232423490498,,0.0,-0.03391232423490498,-0.03391232423490498,1,-0.0651364764267991,-0.0651364764267991,,0.0,-0.0651364764267991,-0.0651364764267991,1,0.5281224152191895,0.5281224152191895,,1.0,0.5281224152191895,0.5281224152191895,1,0.8920595533498759,0.8920595533498759,,1.0,0.8920595533498759,0.8920595533498759,1
正负无,负负无,59,-0.011366002547377024,0.0008143322475571146,0.07369085387849142,0.5254237288135594,-0.034003374041882084,0.02664867873220289,59,0.006753385094179301,0.009569377990430672,0.08052808948175873,0.6101694915254238,-0.04143127679068098,0.05260176700813346,59,0.026074341768770378,0.019138755980861344,0.12058949677816712,0.559322033898305,-0.05185750886874252,0.09277384854234949,59,0.03825291413485065,0.017173051519154603,0.1822006711167729,0.5423728813559322,-0.06922279385503083,0.11606115375376058,59
正负无,负负负,18,0.0007557510915277072,-0.007319657004684177,0.08485127914511119,0.4444444444444444,-0.05848089335694295,0.02572225861784444,18,0.021851394653722697,-0.0030487804878048808,0.080530017683064,0.4444444444444444,-0.024831623673464642,0.02624948576326669,18,0.07813595146780619,0.04973927037505366,0.13116786340614559,0.7222222222222222,-0.0004750762320009927,0.09449501399342447,18,0.12590988356084531,0.04499721837529447,0.25489998866729724,0.6666666666666666,-0.037358312638012175,0.28810240744997634,18
正负正,无无无,1,-0.012535612535612417,-0.012535612535612417,,0.0,-0.012535612535612417,-0.012535612535612417,1,-0.011396011396011319,-0.011396011396011319,,0.0,-0.011396011396011319,-0.011396011396011319,1,0.015954415954416046,0.015954415954416046,,1.0,0.015954415954416046,0.015954415954416046,1,0.06153846153846154,0.06153846153846154,,1.0,0.06153846153846154,0.06153846153846154,1
正负负,无无无,58,0.015945582845617597,0.009965312481627353,0.09181962999025353,0.5862068965517241,-0.022546384375054546,0.041947953207569944,58,0.02956579548357757,0.009620443301896708,0.09909565821571341,0.5517241379310345,-0.015726085887376146,0.0626806206945642,58,0.06649753386460348,0.035310149372511423,0.16539620089220985,0.6896551724137931,-0.014974995140150549,0.1308516304669467,57,0.06471623399059635,0.014010501230516947,0.21667418615176093,0.543859649122807,-0.07744107744107753,0.14719301725848055,58
正负负,无无负,437,0.018782831654874238,0.008069587088660679,0.07967807108542144,0.5720823798627003,-0.020769701550387598,0.0440771349862259,437,0.023288375212208123,0.011703511053315907,0.08660447849825638,0.5812356979405034,-0.027614076443845836,0.06221198156682051,437,0.05798960393252778,0.039011958439521655,0.13756247015590412,0.620137299771167,-0.03169276659209552,0.1354820706013673,434,0.05540155874313404,0.032891895845937213,0.18113431632857468,0.5875576036866359,-0.054547785371144714,0.1362078187299426,437
正负负,无负无,27,0.027458574187856438,0.01098901098901095,0.13797344399000047,0.6296296296296297,-0.03661939942802667,0.0509319163282016,27,0.027865009257786604,0.01831501831501825,0.12268343704086095,0.5925925925925926,-0.027030235444358452,0.08294441871472424,27,0.05934506790995601,0.017897091722595126,0.2197735202873689,0.5925925925925926,-0.025214760811162196,0.10107672236281628,27,0.07562041602852985,0.023489932885906173,0.23383934961998457,0.6666666666666666,-0.012284250269687325,0.16142721621185208,27
正负负,无负负,984,0.0014155295224664607,0.00471398975067272,0.07022374017161749,0.5376016260162602,-0.02979138046707769,0.033432022683615004,984,0.019840236586611895,0.011328447124999474,0.08834121358907508,0.5782520325203252,-0.031589297205673134,0.06206350570127522,984,0.04772178575269247,0.03114571104139785,0.19750142466404277,0.6097560975609756,-0.0405224217159712,0.1104672904656755,970,0.04839534843795172,0.03297335702616311,0.24037000795905425,0.5845360824742268,-0.06538277182530888,0.1311673282694394,984
正负负,正无无,83,0.01950430289627906,0.01724137931034475,0.07141645137301206,0.6506024096385542,-0.014432121982974777,0.04561255107252293,83,0.036259849183837976,0.012886597938144506,0.13558724286211848,0.6144578313253012,-0.018006251255614003,0.06171910272796999,83,0.07549219402001485,0.05406976744186043,0.19754426861788868,0.6987951807228916,-0.022285903687600916,0.14012665287430792,83,0.04319147459968703,0.0061102285225469455,0.1855512419672763,0.5180722891566265,-0.07304708160452367,0.1498983452533773,83
正负负,正无负,533,0.022572643485100935,0.01845018450184477,0.06363088627637123,0.6716697936210131,-0.014102564102564052,0.04940374787052826,533,0.044335454962711324,0.04020100502512558,0.0911568534864444,0.6829268292682927,-0.012232415902140636,0.08957415565345084,533,0.08942757463358388,0.07766990291262132,0.15203028950600772,0.7504690431519699,0.0010804970286331095,0.15975422427035335,533,0.07838384723919133,0.05600000000000005,0.1945714839237654,0.6360225140712945,-0.045454545454545414,0.15422276621787012,533
正负负,正负无,33,0.007771367418206452,0.0022010271460015662,0.07480836202359721,0.5151515151515151,-0.019439044709802733,0.03092975591578151,33,0.030970738912123107,0.005813953488372103,0.0924758887589249,0.5454545454545454,-0.030992251937015602,0.10732168162494116,33,0.04811026796882554,0.04426180809981184,0.15230844202751387,0.6060606060606061,-0.04214479449196751,0.1209232195121952,33,0.03033949463149606,0.049808022698613286,0.25145547270884855,0.5757575757575758,-0.1545189504373179,0.12602100350058332,33
正负负,负负负,118,-0.006011469007538255,-0.009562303548180662,0.07149944745782003,0.4067796610169492,-0.030767038320025725,0.02330757283024587,118,0.010163779557339518,0.00185999411505966,0.07754758625745556,0.5169491525423728,-0.030965809374900344,0.04844682256341104,118,0.07269434968327017,0.0401355000559257,0.16403434460142913,0.652542372881356,-0.0195029962263156,0.12487798061461297,118,0.10666156829595776,0.046577487365536685,0.25032377140937845,0.6610169491525424,-0.03244083504740286,0.1507590592782571,118
负无无,无无无,38558,0.0032208861004655786,-0.000559447957099446,0.06212882619350539,0.48877016442761556,-0.029037302964601663,0.030919258633951507,38418,0.0041089380973767945,-0.003430850693719678,0.08833025233999331,0.4743609766255401,-0.04429134886556452,0.042553191489361764,37941,0.012547027292215171,-0.004633920296570948,0.14028362782086387,0.47869059856092355,-0.06540084388185652,0.06684350132626005,37709,0.03067906194897318,-0.0028768699654775354,0.21693198603705616,0.49086424991381367,-0.09009009009009028,0.10608930987821363,38724
负无无,无无正,1789,0.004590129076934251,0.0005725737188664315,0.07494013097749509,0.5025153717160424,-0.03393797542422472,0.03760071620411831,1789,0.005951198631318527,-0.0027173913043478937,0.10895193670149342,0.48183342649524874,-0.05435329642677411,0.052427719503891135,1783,0.02279482710089874,-0.004856182293612288,0.15991571893079293,0.47448121144139094,-0.06866066166885809,0.08562946363920465,1767,0.031009799281148265,-0.009291521486643473,0.22232523590812917,0.4810413129598189,-0.09507790949498818,0.11505860581884775,1791
负无无,无无负,332,0.0016878540785781738,0.0023385230346568697,0.0561125781872562,0.5210843373493976,-0.02627255358453323,0.031449223837466234,329,-0.005316288862325082,-0.0038224051749485843,0.079485983536673,0.47416413373860183,-0.051439069197795506,0.03977000479156678,321,-0.00713467577037157,-0.015017064846416517,0.11283504958572593,0.4392523364485981,-0.07181688125894148,0.05042016806722671,320,0.008017775906120423,-0.01982488412048533,0.1954540600866942,0.425,-0.10578723571734577,0.08764068352864368,332
负无无,无正无,476,0.01708587607884919,0.004101444912703256,0.07328604970764999,0.542016806722689,-0.022092887599736433,0.04061820637835317,476,0.028513189255341673,0.013567178658411394,0.1266177295228572,0.5861344537815126,-0.03496367397998462,0.0694883682494492,476,0.036968180649436744,0.0117576434454838,0.1710696894056652,0.5588235294117647,-0.05287059610880057,0.08345129237877519,473,0.055429778098504585,0.002777777777777768,0.2404526575917846,0.5137420718816068,-0.08276898048008441,0.13381818181818184,479
负无无,无正正,78,0.023874318240956233,0.017052800103647625,0.10951546023078879,0.5897435897435898,-0.03879730883369223,0.05162715880342522,78,0.021230815224426644,0.004285979329046619,0.14657111034999934,0.5128205128205128,-0.04543972761518397,0.07225808883499918,78,0.030359651169598944,0.013559863107120096,0.1646776300471187,0.5384615384615384,-0.07358692860585625,0.07070037597609186,77,0.055839830513583495,-0.014541387024608499,0.26385476924218526,0.4675324675324675,-0.09124087591240881,0.12103746397694515,78
负无无,无负无,1380,-0.002221255911922594,-0.001788473645052413,0.062117973826095324,0.4746376811594203,-0.0313298059524216,0.027856599037518748,1378,-0.0021201880181763158,-0.008997845554601036,0.09158120860545223,0.4339622641509434,-0.050512137275467495,0.03680626162997497,1374,0.005894327213261847,-0.009444813779840966,0.1307135454066414,0.4519650655021834,-0.06945368252849371,0.055181653515975926,1369,0.029905119051510855,-0.007980845969672745,0.2051302681273739,0.47406866325785246,-0.09060589216231241,0.09270411050273775,1382
负无无,无负正,9,-0.037471580786468825,0.0193133047210301,0.1362766209236152,0.6666666666666666,-0.06352201257861634,0.03548002385211668,9,0.013260347504824509,0.036653386454183146,0.09367698627990545,0.5555555555555556,-0.027987421383647737,0.05764563106796139,9,0.08468743284504512,0.04382470119521886,0.1941931762878369,0.6666666666666666,-0.09197475202885486,0.12560679611650505,9,0.09035245232607685,0.03762135922330123,0.3195763811993159,0.6666666666666666,-0.11383647798742147,0.20632081097197386,9
负无无,无负负,24,-0.012765204212055991,-0.012190546094522636,0.03649868436556932,0.375,-0.03288475866106105,0.010263969521044969,24,-0.0180927421626257,-0.012546361113158044,0.08492640932169539,0.2916666666666667,-0.04204615348540364,0.011523933075147375,24,-0.007687629679327891,0.005481255164197507,0.10999103153617816,0.5416666666666666,-0.05313529044405815,0.07313498755319997,24,0.022287347614451395,0.015400754934509098,0.12975167009247204,0.5833333333333334,-0.051322738724519895,0.09907434616514826,24
负无无,正无无,961,0.00745304198077658,0.002669039145907437,0.06607327312423393,0.5202913631633714,-0.0278026905829597,0.03639417693169089,957,0.010236971289177312,0.0028901734104045396,0.10076929253264917,0.5151515151515151,-0.040266222961730436,0.050980392156862786,953,0.021243155533046662,0.0010343044302707494,0.19281180173729995,0.5047219307450157,-0.06408851966873719,0.07879924953095663,952,0.03104562538348212,-0.002969974177969348,0.22234257126312817,0.4852941176470588,-0.08539193476770418,0.11172423735978265,963
负无无,正无正,111,0.014410881407108118,0.0029182879377431803,0.09507268467838896,0.5225225225225225,-0.03099064449357991,0.044005292025163345,111,0.019275537059771093,-0.002748763056624526,0.1274522158131513,0.4774774774774775,-0.038951482980832786,0.04147828413546062,111,0.0013190774342082907,-0.020712209302325646,0.16095660015302177,0.4594594594594595,-0.08592808602045748,0.06085087618665208,111,0.0544294622156371,-0.023086269744836185,0.3516254303866782,0.4594594594594595,-0.10189039664089672,0.08798113586193057,111
负无无,正正无,387,0.01808634311478442,0.01066053511705678,0.07782422021330902,0.5658914728682171,-0.023063929898428426,0.046739310827533576,387,0.01989112870858613,0.012820512820512775,0.09517079481124799,0.5658914728682171,-0.029780522287201905,0.05415296945824222,384,0.02874600998141769,0.005464521501219233,0.1447501670967568,0.5208333333333334,-0.05439160354208886,0.08788242645705557,383,0.03473615371959591,-0.007616146230007614,0.2060766974352616,0.4804177545691906,-0.10243525026943756,0.1331944444444444,387
负无无,正正正,107,0.022182866389578143,0.005901287553647938,0.07298555278953645,0.5514018691588785,-0.02298517520215637,0.05296705269772861,107,0.03093554982615523,0.012386878923766886,0.10777242331270007,0.5794392523364486,-0.034295867176302064,0.09423639526551464,106,0.04658637970720851,0.004024654392559168,0.193308919563091,0.5094339622641509,-0.05738487514399315,0.07756010113979811,106,0.055626060137879754,0.004927237067520518,0.24695059247303222,0.5188679245283019,-0.07344518260829105,0.11457292000264668,107
负无无,正负无,2,-0.008184378110066004,-0.008184378110066004,0.00449158592331349,0.0,-0.009772393542394509,-0.0065963626777374995,2,-0.010293592606061719,-0.010293592606061719,0.02400116840174434,0.5,-0.018779287072698575,-0.0018078981394248628,2,0.10154882771105289,0.10154882771105289,0.1255374293901318,1.0,0.0571646439038081,0.14593301151829768,2,0.16067842883078365,0.16067842883078365,0.05372033321478308,1.0,0.14168542287889663,0.17967143478267067,2
负无无,负无正,159,0.0002741055762867074,0.0035047564551891064,0.07787659110949009,0.5283018867924528,-0.0360543684496179,0.03972181219313653,159,0.00619713917635326,-0.0005282620179607456,0.09839252206357184,0.49056603773584906,-0.0378100378351256,0.038291052918712376,159,0.017893635474739922,0.0,0.1313849091144395,0.4968553459119497,-0.05230055895915814,0.07201605788737808,159,0.037058280110014316,-0.012672811059907807,0.19339864679123958,0.4528301886792453,-0.08678022943717456,0.1318084861063069,159
负无无,负无负,1150,0.0037703009923406284,0.0022339942120280787,0.06131770854479956,0.5156521739130435,-0.02786330542280363,0.03157808728160949,1149,0.0020216552529069244,-0.002004008016032066,0.08449311523444276,0.48128807658833767,-0.03933253873659115,0.03703703703703698,1094,0.007985065291638699,-0.0014909779993221295,0.12016296748034568,0.4853747714808044,-0.0658331297834229,0.06789415076668415,1086,0.03868510252408712,0.013738805625400086,0.20656453818625498,0.5386740331491713,-0.07893300328606023,0.12149038115877603,1150
负无无,负正无,10,-0.0005617711897917376,-0.018911920315954123,0.09517851919180513,0.3,-0.037647566554235234,0.005002486634340525,10,0.015060685944857054,-0.012295911319814556,0.09775245877622513,0.4,-0.024483590733590743,0.0620627893616304,10,0.03300698282990091,0.03384326959130102,0.14525036876928166,0.6,-0.03557155341461335,0.09112651174743702,10,0.052461959702242524,0.03271794871794864,0.1540872283747625,0.7,-0.003634154659391292,0.1504179309154357,10
负无无,负正正,1,-0.011086474501108556,-0.011086474501108556,,0.0,-0.011086474501108556,-0.011086474501108556,1,-0.008869179600886845,-0.008869179600886845,,0.0,-0.008869179600886845,-0.008869179600886845,1,0.037694013303769314,0.037694013303769314,,1.0,0.037694013303769314,0.037694013303769314,1,-0.042128603104212736,-0.042128603104212736,,0.0,-0.042128603104212736,-0.042128603104212736,1
负无无,负负无,8904,0.0042494606932011085,0.002716776231621587,0.06451742443810538,0.5225741239892183,-0.0282055777104612,0.033671266101720054,8896,0.006225001014780292,0.001351353819126766,0.08744944826676034,0.5062949640287769,-0.03965507056120776,0.04558859966186679,8870,0.021254981655717597,0.005577251780412351,0.13603298766630575,0.5237880496054115,-0.05628477954743727,0.0782665094092016,8760,0.042729792665920904,0.012376634839123879,0.20479489834435263,0.5384703196347032,-0.07482143128716484,0.11910094816169398,8932
负无无,负负正,4,-0.033363845256590724,-0.04236171717631282,0.024481829386944782,0.25,-0.046693982302972586,-0.029031580129930956,4,-0.09085852412854928,-0.0895958361358864,0.033664486032574374,0.0,-0.11660260507663242,-0.06385175518780326,4,-0.11753839114652481,-0.10919755996221436,0.05325899073878771,0.0,-0.1497399342496713,-0.07699601685906787,4,-0.11105027781060217,-0.09936024933251097,0.08714533743410124,0.0,-0.1698479188269106,-0.040562608316202536,4
负无无,负负负,865,0.006604131627320623,0.0065666041275795894,0.06369877427025429,0.5421965317919075,-0.03135819173066967,0.04190260475651164,864,0.011570335985013011,0.006297560129223112,0.08969500709960837,0.5497685185185185,-0.03684185515630081,0.050896084944746456,861,0.022305997956993596,0.005677210056772131,0.1354243750419438,0.519163763066202,-0.055076628352490276,0.08866200967221949,859,0.045896207362865045,0.020076481835563875,0.21226290078088725,0.5529685681024447,-0.07609778551251012,0.12813400669018182,867
负无正,无无无,492,0.013516726164175187,0.010370734555287475,0.06859628840325711,0.5630081300813008,-0.023233341324865542,0.04122809041255471,492,0.01849957106360684,0.006054692271983297,0.1013019758069938,0.5284552845528455,-0.03687857177597134,0.05804231265691712,490,0.0275778052953721,0.005283117019100336,0.15432129777773235,0.5204081632653061,-0.05850733150809653,0.07492131614030478,488,0.036260361423592305,-0.005176841431108192,0.23218555870413266,0.48155737704918034,-0.09048644183011406,0.10777698423679127,494
负无正,无无正,7346,0.003946574622907916,0.0012472862675609875,0.07969484424690775,0.5072148107813776,-0.03609734090733549,0.04171142502055897,7344,0.003420183887584719,0.0006019756530805109,0.12247731767950819,0.5009531590413944,-0.05282432534440462,0.05717195598491215,7338,0.01483415318868062,-0.00580185764996366,0.18152995431166788,0.4736985554647043,-0.07641364955792765,0.07471015768962641,7311,0.029929431289252732,-0.009023525620367456,0.24679506360519202,0.4738065928053618,-0.10579414784198332,0.10874345945409647,7352
负无正,无正无,4,0.03767716065798227,0.038152722920406945,0.0878358426123519,0.5,-0.01721095411794593,0.09304083769633514,4,-0.0013396798265702947,-0.006443118383060664,0.07103585008036536,0.5,-0.04490112281696079,0.03711832460732983,4,0.053917370988195434,0.038406223818073015,0.0757024673426173,0.5,-0.005996824041899218,0.09832041884816767,4,0.19631955456395597,0.18962078922040437,0.4396184885246289,0.5,-0.14283452532558752,0.5287748691099479,4
负无正,无正正,441,0.01568651164235133,0.00785448532451416,0.09126934488657183,0.562358276643991,-0.032193958664546996,0.05120702267739574,441,0.022251804530186416,0.011664074650077794,0.1301698021489475,0.5691609977324263,-0.0471944025243517,0.06893265565438367,440,0.037067167040738105,0.013458736101284341,0.22612107075322294,0.5318181818181819,-0.07693578882561505,0.10577784503631954,439,0.058388186719708114,-0.007645259938837912,0.37705343627395027,0.4874715261958998,-0.11836382272212415,0.12286584682301238,441
负无正,无负无,10,0.026122694569782612,0.029978119189377095,0.12508737722473465,0.5,-0.06283150678920418,0.10281142351377098,10,0.03985087061273988,0.018498323723306398,0.13745806179523035,0.6,-0.0513118784921098,0.11750510718660395,10,0.09347235922583401,0.06217741513032826,0.24090697089538826,0.6,-0.0825435626425739,0.1546461661140462,10,0.10932570098096892,-0.011723022683337303,0.2472986275387302,0.4,-0.06450537166030501,0.32824041887546707,10
负无正,无负正,21,-0.02695294878235171,-0.02935323383084576,0.08781531291271721,0.42857142857142855,-0.07432740538075688,0.05084925690021236,21,-0.06104559997161025,-0.054154302670623156,0.10270269113819765,0.23809523809523808,-0.10695499707773226,-0.00721500721500723,21,-0.04499400443527306,-0.06019485038274175,0.12799994967937603,0.2857142857142857,-0.10934182590233543,0.007975735789710336,21,0.0017814561856313292,0.003273322422258751,0.1428626672394528,0.5238095238095238,-0.09064039408867008,0.06026365348399243,21
负无正,正无无,1,0.27692307692307705,0.27692307692307705,,1.0,0.27692307692307705,0.27692307692307705,1,0.4251748251748253,0.4251748251748253,,1.0,0.4251748251748253,0.4251748251748253,1,0.2685314685314686,0.2685314685314686,,1.0,0.2685314685314686,0.2685314685314686,1,0.6139860139860138,0.6139860139860138,,1.0,0.6139860139860138,0.6139860139860138,1
负无正,正无正,81,0.0018358617493930767,-0.010736196319018343,0.08925420466013233,0.38271604938271603,-0.04421768707482987,0.032818532818532864,81,0.017000545656497112,-0.021348857722308878,0.16202737134764233,0.38271604938271603,-0.07275902211874274,0.04782608695652191,81,-0.014112110477039122,-0.04794847328244267,0.17590721237175008,0.4074074074074074,-0.12423873325213164,0.05482041587901687,81,0.025794698479859716,-0.006206896551724128,0.2473136917978003,0.49382716049382713,-0.1528132305842751,0.11678832116788329,81
负无正,正正正,163,0.028526946761817214,0.011971268954509284,0.10346655282006882,0.5828220858895705,-0.028430083842546527,0.06916727402481049,163,0.03171087681054097,0.02395740905057675,0.11828302617907373,0.5950920245398773,-0.03833933145284185,0.08450964855259835,162,0.042150777017286645,0.012574734441354485,0.2538786321414448,0.5432098765432098,-0.09047438602168156,0.15311173577719667,162,0.06545382143708835,0.006791921188481043,0.3054856327272888,0.5246913580246914,-0.11165524284007208,0.16039218664482913,163
负无正,负无无,1242,-0.0004159977720032032,0.0028637936948028297,0.0896531202572848,0.5144927536231884,-0.03819855453775953,0.04513671909424616,1242,-0.00546308528038518,-0.0043284105385990035,0.11610426391055281,0.47342995169082125,-0.05896830698144828,0.04911095117906544,1242,0.01927096081587258,-0.0017184983298473844,0.1541408572934294,0.4887278582930757,-0.0705364588158992,0.08672962090030162,1198,0.03173818560298684,-0.0036226036675026108,0.238322589737277,0.48664440734557596,-0.09831068934704643,0.11003429775917045,1242
负无正,负正无,2,0.03486569072352652,0.03486569072352652,0.0038462800260669217,1.0,0.033505825379139376,0.03622555606791367,2,0.01041483190807635,0.01041483190807635,0.011042749021536282,1.0,0.006510630550041641,0.014319033266111059,2,0.051920781968338936,0.051920781968338936,0.0328805513889262,1.0,0.0402957515402077,0.06354581239647017,2,0.041370878843592473,0.041370878843592473,0.02041810031665523,1.0,0.03415199024716542,0.04858976744001953,2
负无正,负正正,17,0.06543978167479034,0.05369127516778538,0.07778156664955928,0.7647058823529411,0.008689355539464039,0.0948379351740698,17,0.06313637800031283,0.05612244897959173,0.07906605272686461,0.8235294117647058,0.019461934745277576,0.09530864197530864,17,0.07175904543340733,0.016826923076923128,0.1508871885928612,0.5882352941176471,-0.025700934579439227,0.1387832699619771,17,0.07427045240170127,0.0454884414615957,0.21208653930357116,0.5294117647058824,-0.05348557692307687,0.11106543249847278,17
负无正,负负无,251,0.002397430822643101,0.00876730388925484,0.09732439275506719,0.5418326693227091,-0.03760829156458312,0.043660282114653115,251,0.000523319628451287,-0.0018348623853212676,0.15554356184642967,0.4940239043824701,-0.07349949633443398,0.059524810768774805,251,0.03242155807750702,0.02602230483271395,0.23416293719715786,0.5976095617529881,-0.06676968583865023,0.08753742014101673,225,0.05769202682637301,0.012378893178893291,0.4002993441407964,0.5466666666666666,-0.09029345372460484,0.12595268514031455,251
负无正,负负正,70,-0.007901677278924763,0.009817818794107591,0.09880008552826385,0.5428571428571428,-0.05135444140634446,0.04822194413733616,70,-0.00269516420321119,-0.006949429544358121,0.12647841951449015,0.4714285714285714,-0.06507914847161578,0.07058206022649904,70,-0.0007778340589047187,0.0005270938053957286,0.19285692159255838,0.5,-0.09608449093222457,0.08779227239718151,69,0.003925193286106517,-0.02351961775882827,0.2670617963297941,0.43478260869565216,-0.13090120934256044,0.09019490719519063,70
负无负,无无无,1678,0.004248558438315442,0.0014373080793744775,0.06260708965850151,0.5077473182359953,-0.025517190695778236,0.03192682665659541,1674,0.003713237937209084,-0.0025226085112127206,0.08650341152992096,0.480884109916368,-0.043385416666666676,0.044282141379156814,1617,0.007520133446785128,-0.005899705014749235,0.12590901749278938,0.4780457637600495,-0.06627022801302951,0.06463642013673088,1599,0.03302161089968729,0.0017021276595743373,0.2094858492682777,0.5065666041275797,-0.08126785980289258,0.10851482153660019,1682
负无负,无无负,4038,0.0018727015393183602,0.0,0.06692438911754635,0.49257057949479943,-0.031976070651119654,0.03132978018580407,4024,0.004821144069348566,-0.00202661943449739,0.0989886921649136,0.4835984095427435,-0.04401636378540805,0.04456717791792625,3919,0.010162043652403075,-0.0020859407592823676,0.13687873326760322,0.49094156672620565,-0.06932068077287606,0.07544918662902611,3868,0.03683336712629057,0.009820302694770855,0.19577640783845474,0.5281799379524302,-0.07938576226206495,0.1199894072472083,4055
负无负,无正无,2,0.06953399768124613,0.06953399768124613,0.07978588975448318,1.0,0.04132542583704746,0.0977425695254448,2,0.057131599139110034,0.057131599139110034,0.045219944180440556,1.0,0.0411439345516767,0.07311926372654337,2,0.14175436983534007,0.14175436983534007,0.13594989508998212,1.0,0.09368882347547702,0.1898199161952031,2,0.21757644185096003,0.21757644185096003,0.06440229148882921,1.0,0.19480679333310813,0.24034609036881194,2
负无负,无正负,3,0.01640031710763597,0.014025245441795287,0.008531015943096935,1.0,0.011666878040046624,0.019946220342304977,3,0.027855016409711702,0.03191489361702127,0.02214169450443177,1.0,0.01793960736351563,0.039800364059562554,3,-0.012645610774368468,-0.017287234042553168,0.009785984053275654,0.0,-0.018267153889462928,-0.00934487929336636,3,0.019729509025812126,0.04768583450210384,0.04974070267327985,0.6666666666666666,0.004993199708930973,0.04844398108083914,3
负无负,无负无,77,-0.0037083934335932884,-0.004405286343612147,0.05839195358839289,0.45454545454545453,-0.02985074626865669,0.02627189324437018,76,-0.0006604564946017858,0.005544670392097717,0.09931254224592885,0.5263157894736842,-0.04486479865652837,0.03648079096045198,75,0.02304070972736048,0.00998128509045526,0.19281173169210555,0.52,-0.058909009041276716,0.08105491840645251,73,0.1101983950175533,0.023230088495575396,0.44438319524581066,0.5205479452054794,-0.07358726611068989,0.16812227074235797,77
负无负,无负负,343,-0.0018042157265237666,0.0,0.060966336333352425,0.4897959183673469,-0.03838464181039947,0.030692838309001824,343,0.009859199972409093,0.0016299918500406463,0.1067210218492852,0.5014577259475219,-0.05011514199625833,0.05218944189558039,343,0.024473788574406703,0.006507592190889477,0.16260148650336334,0.5306122448979592,-0.05980403170442489,0.08189634403300827,338,0.08005172607953406,0.03626498419607249,0.23075226671750243,0.5828402366863905,-0.06833910034602086,0.1671198668146504,344
负无负,正无无,176,0.01566004029334252,0.00409876450029667,0.09997432472518203,0.5340909090909091,-0.032168294668294684,0.03311836742069313,175,0.013817197255863974,0.010204081632652962,0.09280875276327327,0.5657142857142857,-0.033694172978368075,0.04519179819842967,174,0.013098403718298792,0.00462747227486604,0.12283075851671385,0.5114942528735632,-0.050814103087069906,0.061844720599490255,174,0.017352880031497823,-0.01330591696089567,0.1820950480503462,0.45977011494252873,-0.0813387266665532,0.08364883638493453,176
负无负,正无负,115,0.022444827198022477,0.010452961672474004,0.11392722680001612,0.5826086956521739,-0.0227388538065168,0.03302167305405057,115,0.025574412543797834,0.015893169877408075,0.09776415445696438,0.591304347826087,-0.02082008900190707,0.045050445586729104,115,0.036435419096067304,0.02209944751381232,0.1292854157392289,0.5478260869565217,-0.04825261140134984,0.07755801687763708,114,0.028164349868147573,0.008602773282493592,0.17959965599467087,0.5175438596491229,-0.08631656804733723,0.0997506856630323,115
负无负,正正无,25,0.012547623899139762,-0.01851851851851849,0.08800009923577824,0.4,-0.044896392939370644,0.034846029173419835,25,-0.005494258127910601,-0.0016949152542373724,0.0844287340570546,0.48,-0.031082118188795027,0.05510534846029169,25,-0.006717887213198001,-0.027603513174404015,0.12615584975313632,0.44,-0.09298245614035094,0.08524326497788492,25,0.005034395812183599,-0.01995395241749809,0.17751446539749705,0.4,-0.09630459126539737,0.060447239692522636,25
负无负,正正负,5,-0.03053977636625931,-0.016684045881126264,0.054539755225572896,0.2,-0.07417582417582413,-0.006833712984054441,5,0.02137985818635659,-0.03023983315954104,0.10889918902345908,0.2,-0.03180212014134265,-0.0020642878207016713,5,0.14719739832345574,0.08833922261484117,0.1570637074496125,1.0,0.08345620760837535,0.12300683371298415,5,0.11466621584250017,0.037841021897810245,0.16241090046690002,0.6,-0.010600706713780883,0.23901098901098905,5
负无负,正负负,2,0.028636884306987298,0.028636884306987298,0.04049867017105069,0.5,0.014318442153493649,0.04295532646048095,2,0.013259195117479305,0.013259195117479305,0.012027655768708167,1.0,0.009006776639563785,0.017511613595394826,2,0.04038935270657129,0.04038935270657129,0.0190183295484717,1.0,0.033665357811288876,0.047113347601853706,2,0.08913559269727683,0.08913559269727683,0.15743392711470267,0.5,0.03347429397145937,0.1447968914230943,2
负无负,负无无,309,0.005466754236305171,-0.001480384900073961,0.06006802566975675,0.4919093851132686,-0.027156549520766737,0.036529680365297024,309,0.004583326046611549,-0.002808988764045006,0.08272538941926057,0.47572815533980584,-0.04259850905218321,0.04557640750670244,305,0.009912734576918119,-0.011758118701007958,0.11813865790018974,0.4491803278688525,-0.06103286384976525,0.058470764617691184,304,0.040121419240506884,0.010036552900620999,0.19591215001354423,0.5361842105263158,-0.05748959177747265,0.10865917899740896,309
负无负,负负无,101,-0.0024082316110301412,-0.003415300546448119,0.06352433736641624,0.45544554455445546,-0.028132804465990757,0.023546725533480695,101,-0.002070116173980031,0.005615348619560034,0.07591284834480896,0.5445544554455446,-0.038922155688622784,0.03883495145631066,101,-0.0033453736826669963,0.0,0.11091024517146021,0.48514851485148514,-0.0812240272006044,0.058252427184466216,101,0.038565812137361696,0.024973432518597294,0.18366084171228447,0.5742574257425742,-0.07474333875063488,0.17492416582406456,105
负无负,负负负,2616,0.004443039318690579,0.00030993712010385366,0.06681540977074799,0.5007645259938838,-0.03276319529991478,0.035853528344187036,2595,0.007809944657582545,0.0,0.0980054853491162,0.49865125240847785,-0.044550073587717565,0.04843215219143193,2582,0.02137543451452822,0.006215965705016813,0.14089146558016283,0.5209140201394268,-0.06245946111773365,0.08475692816149705,2575,0.05160147293551433,0.02402402402402415,0.20495350122222766,0.5689320388349515,-0.07465056477199777,0.13573897179569594,2626
负正无,无无无,573,0.013375656249171891,0.007491856677524389,0.06166487887865096,0.5706806282722513,-0.022130013831258677,0.04166666666666674,570,0.018362911160886872,0.0060570611799474205,0.09113010399528779,0.5421052631578948,-0.03620798310810805,0.061344068877550895,568,0.03626549745178571,0.012770953514650074,0.1534646525429246,0.5422535211267606,-0.05192359617180578,0.09883155874705962,555,0.04303258625815731,0.005635566687538951,0.21918789429594293,0.5135135135135135,-0.09955091745275935,0.13023603954880936,574
负正无,无无正,25,0.0004890597700808775,-0.0017301038062284002,0.08398326685375784,0.4,-0.03790149892933614,0.058577405857740406,25,-0.005562849338767721,-0.008000000000000007,0.10882698141614797,0.44,-0.03910711195708594,0.02076677316293929,25,0.0033955521092457184,-0.002732240437158584,0.13672270549616786,0.44,-0.10084033613445376,0.09014989293361864,25,0.025242347365401745,-0.005464480874316946,0.19240108959352487,0.48,-0.13990461049284586,0.12107329842931924,25
负正无,无无负,1,0.08415300546448079,0.08415300546448079,,1.0,0.08415300546448079,0.08415300546448079,1,0.09508196721311468,0.09508196721311468,,1.0,0.09508196721311468,0.09508196721311468,1,0.18579234972677594,0.18579234972677594,,1.0,0.18579234972677594,0.18579234972677594,1,0.05464480874316946,0.05464480874316946,,1.0,0.05464480874316946,0.05464480874316946,1
负正无,无正无,1060,0.013384605272910171,0.00367087963406465,0.06837702224367044,0.530188679245283,-0.028947866657321825,0.04563604035406432,1060,0.027818567126904434,0.014285714285714235,0.10079194524400946,0.5688679245283019,-0.030295751815295757,0.06689432063263834,1059,0.05136889261586365,0.019267822736030782,0.15878216768365283,0.5722379603399433,-0.044526181698541334,0.12254524451289939,1051,0.062237543890958445,0.014201183431952646,0.25023619603571257,0.5404376784015223,-0.08297384067965546,0.13635490685615514,1062
负正无,无正正,181,0.024408598279349054,0.014270613107822516,0.07992005578050793,0.6243093922651933,-0.026214340786430146,0.06456755679553616,181,0.03443326887868248,0.031296572280179014,0.0962529511563462,0.6132596685082873,-0.03245708154506444,0.0868055555555558,181,0.08658289880174379,0.061742006615215006,0.17742451337544737,0.6740331491712708,-0.022246303617571184,0.169458762886598,178,0.08606907245541469,0.05683080621948122,0.2170906424661191,0.6067415730337079,-0.05751561224928073,0.2092968642243877,181
负正无,正无无,1,-0.01260964912280682,-0.01260964912280682,,0.0,-0.01260964912280682,-0.01260964912280682,1,0.014254385964912242,0.014254385964912242,,1.0,0.014254385964912242,0.014254385964912242,1,-0.13596491228070162,-0.13596491228070162,,0.0,-0.13596491228070162,-0.13596491228070162,1,-0.0770584703947369,-0.0770584703947369,,0.0,-0.0770584703947369,-0.0770584703947369,1
负正无,正正无,192,0.02436693721870312,0.013046361448049937,0.07695051305992545,0.59375,-0.01933450388726482,0.0477142857142856,192,0.02230284699326851,0.010193908093705462,0.09996680346487256,0.5572916666666666,-0.034761549925484275,0.0739066437294047,189,0.03629945535645116,0.018925056775170424,0.13819019144178482,0.5873015873015873,-0.041792852816474824,0.09863364645602024,189,0.04831787295348961,-0.0008257638315442017,0.21127702877815985,0.49206349206349204,-0.08064516129032262,0.13043478260869557,192
负正无,正正正,97,0.024347435479284377,0.014823261117445918,0.08926790301778717,0.5979381443298969,-0.023196810438564586,0.06252473288484373,97,0.03326506756873555,0.0014619883040936088,0.1284673094507043,0.5051546391752577,-0.03860294117647056,0.06338028169014098,97,0.04188261150332573,0.010526315789473717,0.17088398161965213,0.5567010309278351,-0.045893719806763156,0.10299579103738532,97,0.07157265448847026,0.027368421052631486,0.27904676776939874,0.5567010309278351,-0.09392877991827198,0.15793991416309017,97
负正无,负无无,478,0.01798918430451198,0.0067395035425301675,0.06389792852288259,0.5439330543933054,-0.019178194798928794,0.04376504343603732,477,0.02115891404352478,0.01297169811320753,0.09797667765458312,0.5660377358490566,-0.03877068557919616,0.07135874877810378,477,0.04208230669170052,0.02442996742671011,0.15124836445090423,0.5744234800838575,-0.05077574047954858,0.11565357719203861,473,0.03706247746142781,0.0017241379310344307,0.21461657412321317,0.5095137420718816,-0.10204081632653061,0.12916666666666665,479
负正无,负无正,5,0.017616008819475136,0.0023166023166025784,0.04220587580398219,0.6,-0.013255293510070598,0.06119791666666674,5,0.02229599137660736,0.02780269058295959,0.02702983895406866,0.8,0.015027192061826122,0.037837837837837895,5,-0.004457523379764239,-0.018834080717488932,0.07046791542634312,0.4,-0.03907729385436387,0.0007722007722010815,5,0.050449189862903254,0.0738956540540543,0.2865711110602492,0.6,-0.20123945601652615,0.10932927994791664,5
负正无,负正正,20,0.033165626042400524,0.043786022521136836,0.04871116228233327,0.7,-3.1152647975124514e-05,0.06624497969781273,20,0.04295639167388035,0.047508260401513125,0.06631734123605143,0.8,0.019664730472926883,0.06506236340826121,20,0.1562872234132305,0.13168153020231288,0.21187928158449484,0.8,0.07235750360750332,0.18776254232641915,20,0.13163845893865025,0.044667859433825674,0.2845936047366614,0.8,0.017905596774431487,0.15134322309487303,20
负正正,无无无,70,0.021715388865088135,0.013830134308534303,0.06685425982404088,0.6,-0.017169168961484682,0.0488635086230656,70,0.018536537070290165,0.003523489249352585,0.08668425639569527,0.5,-0.0441342611994712,0.06670717471203569,70,0.040888003430551816,0.0,0.13713563739903603,0.4857142857142857,-0.05649560469021184,0.11544765673601992,70,0.05604883215878368,0.015658237345425263,0.2122600043168296,0.5285714285714286,-0.08274924246187473,0.14093085106382974,70
负正正,无无正,658,0.012277750284160468,0.0053299717699696325,0.08479809028375575,0.5273556231003039,-0.03493833871163787,0.04939647324215629,658,0.011689149358794046,0.0019855792185442533,0.1290626738601689,0.5106382978723404,-0.05288313644119905,0.06690057704933139,658,0.02712323643001805,0.0012293120741484476,0.2030663293627832,0.5045592705167173,-0.0708033733007627,0.09423004663704881,657,0.01794404151024482,-0.02342225113858154,0.2409149511621907,0.4383561643835616,-0.11925287356321845,0.10610512569376462,659
负正正,无正无,27,-0.00024942738906124577,0.0020661157024792765,0.08551819286881158,0.5185185185185185,-0.025103079863009026,0.044176539295845085,27,-0.013558041262362057,-0.005384615384615432,0.1204610905190763,0.48148148148148145,-0.06507876969242316,0.06131456113647904,27,-0.0004095582457288706,0.007000000000000117,0.14592155305690913,0.5555555555555556,-0.07565356485022134,0.08518025445945632,27,-0.01578863102964161,-0.032882011605415706,0.17015034647166913,0.4074074074074074,-0.13616294750064667,0.12445098118225406,27
负正正,无正正,2077,0.014603416360340954,0.006780275562001448,0.08983398128392671,0.5339431872893596,-0.0377142857142857,0.055032851511169545,2076,0.01840561218126796,0.009055142889709544,0.12460950385687743,0.5380539499036608,-0.04940744785508461,0.07052028157234469,2075,0.039453536300667585,0.010584958217270346,0.2111664860843768,0.5339759036144578,-0.07087658418772508,0.11824043973529474,2074,0.0348087699726131,-0.0051393408179384314,0.27739973010971514,0.485053037608486,-0.12323685092962317,0.11607858985135533,2078
负正正,正正正,482,0.02059448427175356,0.0030508179097539223,0.16365884547092052,0.5103734439834025,-0.05152199621570472,0.06549035471793885,482,0.030030622120784684,0.005059158483360471,0.18959981593505085,0.5186721991701245,-0.058277955930207154,0.07599323165360894,481,0.05793571743984619,0.006300630063006407,0.2800874535568848,0.5218295218295218,-0.0968253968253967,0.14686248331108143,480,0.05841323084583935,0.008230279574861332,0.312709933268754,0.50625,-0.13194653165402426,0.1503655431203561,482
负正正,负无无,83,0.02470686185875091,0.020270270270270396,0.06538660425258373,0.6385542168674698,-0.015136465169664937,0.06195307559993124,83,0.030520266584493506,0.03295750216825688,0.0798003062780159,0.6626506024096386,-0.02754865453523503,0.07481012163583167,83,0.050774519475044105,0.04857142857142849,0.14465037473812056,0.6024096385542169,-0.048013618043908246,0.11189170852346719,83,0.01145256271830872,-0.0213527272727273,0.20353022648101232,0.40963855421686746,-0.09832139622906166,0.07544198935965252,83
负正正,负无正,605,0.023019426436067143,0.01799485861182526,0.08136177429708583,0.6165289256198347,-0.022955523672883782,0.06194423511680491,605,0.01931415685674198,0.013235294117647234,0.12040438330368068,0.5851239669421487,-0.03985285101164915,0.08071278825995831,604,0.03706459599391243,0.010987907461407431,0.23437166722054326,0.5314569536423841,-0.06919880514742338,0.10569834118369853,604,0.033159394759949806,-0.004976647799325606,0.2475374463381728,0.48841059602649006,-0.10676660377874389,0.13195428475033721,607
负正正,负正无,50,0.01937673229882346,0.011079556105424992,0.0598041971401039,0.58,-0.018666570550448347,0.06533946101957461,50,0.0215033003538846,0.018814076357003495,0.08451006086049496,0.54,-0.036591358998850965,0.08479174257374789,50,0.07807286374838583,0.033906533859550225,0.19406296488140826,0.54,-0.07175887664376954,0.1988386286674308,50,0.08695787660027225,0.026551459012192025,0.2672766367637072,0.6,-0.09718787794121098,0.18988413386551417,50
负正负,无正无,1,-0.0032867707477403085,-0.0032867707477403085,,0.0,-0.0032867707477403085,-0.0032867707477403085,1,0.1651602300739523,0.1651602300739523,,1.0,0.1651602300739523,0.1651602300739523,1,0.26294165981922757,0.26294165981922757,,1.0,0.26294165981922757,0.26294165981922757,1,0.3032046014790468,0.3032046014790468,,1.0,0.3032046014790468,0.3032046014790468,1
负正负,正正无,1,0.006896551724137945,0.006896551724137945,,1.0,0.006896551724137945,0.006896551724137945,1,-0.055172413793103336,-0.055172413793103336,,0.0,-0.055172413793103336,-0.055172413793103336,1,0.043678160919540465,0.043678160919540465,,1.0,0.043678160919540465,0.043678160919540465,1,-0.036781609195402076,-0.036781609195402076,,0.0,-0.036781609195402076,-0.036781609195402076,1
负正负,负无负,1,0.17495029821073538,0.17495029821073538,,1.0,0.17495029821073538,0.17495029821073538,1,-0.007100255609201911,-0.007100255609201911,,0.0,-0.007100255609201911,-0.007100255609201911,1,0.02328883839818241,0.02328883839818241,,1.0,0.02328883839818241,0.02328883839818241,1,-0.11047997727918202,-0.11047997727918202,,0.0,-0.11047997727918202,-0.11047997727918202,1
负负无,无无无,8977,0.003203155932544574,0.0,0.06211310820081653,0.49816196947755376,-0.029491886770105502,0.029956427015250586,8961,0.004381588723618438,-0.0007251631617113397,0.0875875112363771,0.4926905479299185,-0.043432062690928586,0.04317055909412604,8935,0.01831669772003582,0.0022455655172413103,0.13785604091837458,0.5081141578063794,-0.05963383260176991,0.07334565517410196,8805,0.04241431009055887,0.010619989247311779,0.2204079496487595,0.5285633162975583,-0.08121019108280259,0.11394302848575699,8997
负负无,无无正,51,0.000375921471538375,0.01180438448566612,0.07185958039077292,0.6078431372549019,-0.04569621780179167,0.03772806419865238,51,-0.00683361610874998,-0.005229681978798695,0.0918825885052341,0.47058823529411764,-0.05673659915683005,0.04545511898453081,51,0.02118897306510173,0.01826280623608012,0.169482731350711,0.5490196078431373,-0.09771810477898857,0.08825323081803305,45,0.06858934426880628,0.07172995780590719,0.18376884270593535,0.6666666666666666,-0.021771807142857424,0.13305439330543956,51
负负无,无无负,98,-0.0031817243143958318,-0.012380488571838544,0.06339038027817609,0.40816326530612246,-0.032588476525902466,0.022459903456867103,98,-0.0007625131491430344,-0.006923204926702176,0.09465174170188907,0.41836734693877553,-0.05221207273276843,0.04037851193219144,97,0.005173651353699833,-0.0058083252662149976,0.13110247707776385,0.4845360824742268,-0.06837606837606836,0.04637681159420293,97,0.021444311680096143,-0.004544659649122762,0.2515890385299133,0.4639175257731959,-0.10042576425531913,0.08082408874801916,99
负负无,无负无,14993,0.007369961428691116,0.003527336860670305,0.06480902613627691,0.5302474488094444,-0.024846379909163607,0.032841504045692416,14977,0.010456864499098365,0.0033057851239670644,0.09023507222565341,0.5198637911464246,-0.03753351206434319,0.04761904761904767,14964,0.024139450806773415,0.009420324579899164,0.13454624613332372,0.5405640203154237,-0.053346589158337426,0.07742385231723553,14533,0.038100987218536664,0.01074113856068748,0.19468628208557903,0.5334755384297805,-0.0758567577974586,0.11133810010214518,14997
负负无,无负正,4,-0.08732796658392777,-0.08146645383344886,0.15414990318527608,0.25,-0.18515920776326483,0.0163647873458882,4,-0.07463397051527454,-0.022207855193639214,0.2255611584613662,0.5,-0.19062659760527373,0.09378477189635998,4,-0.013357285192395651,0.00728113546598691,0.1565701382087257,0.5,-0.08134059043396369,0.07526444070755495,4,0.09557420548615905,0.12612355641729922,0.11103782699838956,0.75,0.043735858655431975,0.1779619032480263,4
负负无,无负负,418,0.007028895663234152,0.0024930398513364205,0.06517907416997232,0.5287081339712919,-0.02136888867012049,0.029714741958081492,416,0.015733600626460488,0.00429764697190782,0.10462473252704811,0.5408653846153846,-0.04051466248997643,0.05243495059666359,415,0.031103512955764783,0.008940820987654252,0.13271372446380061,0.5349397590361445,-0.048570580242132066,0.08629501695132091,409,0.05003707181643711,0.029090909090909056,0.18207302239641235,0.5941320293398533,-0.05727978901098896,0.11263121983715729,420
负负无,正无无,843,0.0046844012872076755,0.002132196162046851,0.06028361180767791,0.5112692763938316,-0.027183478231168512,0.03159010259949979,843,0.004984802045021912,-0.00127388535031836,0.0859486067878518,0.4875444839857651,-0.04314067059734378,0.043151724137931224,843,0.023433951515328077,0.006787330316742057,0.14648781159047986,0.5302491103202847,-0.05839934860796908,0.08277050644433215,841,0.04664274835891981,0.006863701979045622,0.25627405363799666,0.5196195005945303,-0.07730851825340024,0.11195928753180673,843
负负无,正无正,13,-0.013223733956637519,-0.019607843137254832,0.07269526610751222,0.23076923076923078,-0.06099608282036928,-0.0022883295194509046,13,-0.02125387376180503,-0.010131712259371817,0.07618988154756012,0.46153846153846156,-0.08912037037037035,0.040290990486849365,13,-0.02353841841250302,-0.027459954233409745,0.05601686130584016,0.38461538461538464,-0.04052684903748749,0.015564202334630517,13,0.137428705209957,0.0682451253481895,0.29192193254536397,0.6153846153846154,-0.05447470817120603,0.26086956521739113,13
负负无,正无负,4,0.009256361087090492,0.0084886344461228,0.07695025063463377,0.75,-0.014830496820915529,0.03257549235412882,4,0.0297477183250979,-0.013257802778366079,0.12965853925457965,0.25,-0.028563713890965237,0.04505362943769706,4,0.12025677792128422,0.0461850566084373,0.18819095075940206,0.5,-0.004072384715375715,0.17051421924509724,4,0.21651173471623403,0.07821116077091472,0.2883223495810088,1.0,0.07370639436871396,0.2210165011184348,4
负负无,正正无,2,-0.11318770193209449,-0.11318770193209449,0.14582414035649585,0.0,-0.16474432118548304,-0.06163108267870593,2,-0.15826584527590465,-0.15826584527590465,0.14081486413215158,0.0,-0.20805141793575802,-0.10848027261605128,2,-0.2061268172741964,-0.2061268172741964,0.04616016101178222,0.0,-0.22244689871024345,-0.18980673583814936,2,-0.2756655132813476,-0.2756655132813476,0.06640760276572077,0.0,-0.29914414640033943,-0.25218688016235574,2
负负无,正负无,590,-0.0019795644172376082,-0.002538505616193454,0.054860499782350775,0.4610169491525424,-0.03012783317018275,0.021979683941946215,590,0.00032046980252850305,-0.004846281993033552,0.07819310359040646,0.46440677966101696,-0.042482141224937764,0.039910246821241446,590,0.01925346782228905,0.007390283415548815,0.13136566659254398,0.5338983050847458,-0.055655339688073846,0.07116848725587549,588,0.0300133260881604,0.011468258285797228,0.22060318081554647,0.5289115646258503,-0.08027982941744438,0.0882134872194345,590
负负无,正负正,1,-0.010129431626336616,-0.010129431626336616,,0.0,-0.010129431626336616,-0.010129431626336616,1,-0.03882948790095675,-0.03882948790095675,,0.0,-0.03882948790095675,-0.03882948790095675,1,0.01294316263365225,0.01294316263365225,,1.0,0.01294316263365225,0.01294316263365225,1,0.04727068092290376,0.04727068092290376,,1.0,0.04727068092290376,0.04727068092290376,1
负负无,正负负,4,-0.014124989471329952,-0.012097879039786041,0.028512994528728706,0.25,-0.025170926730057858,-0.0010519417810581355,4,0.018084365134617142,-0.03792541728838844,0.17362835248152464,0.5,-0.08786276199176518,0.06802170983799388,4,0.003751602307914742,0.006010284898449569,0.18434320999684067,0.5,-0.09584103632057703,0.10560292352694134,4,-0.037468161846142656,-0.027584090643414105,0.09549079151167296,0.25,-0.0666190788241903,0.0015668263346335365,4
负负无,负无无,2293,0.004742660549657612,0.0029197080291971655,0.06434945952235241,0.5237679895333625,-0.026289637726985227,0.03535461752731939,2288,0.00654093004440424,0.0019871599813956475,0.0910120014223238,0.5118006993006993,-0.042656356464669004,0.04635670792893193,2283,0.01796714553370869,0.0031437553586737277,0.1553564755553122,0.5098554533508541,-0.06123778790404094,0.07854393089132505,2269,0.0440629512589478,0.012498740577385758,0.21417721250183672,0.5297487880123403,-0.07619020259319276,0.12215001652164337,2297
负负无,负无正,5,0.05144662855192546,0.034220532319391594,0.03955470324994078,1.0,0.02672955974842761,0.09097958128715433,5,0.06903646678289217,0.0484391819160388,0.049975173429053055,1.0,0.03489273714138008,0.07688679245283003,5,0.1152337188384902,0.01981132075471681,0.208582767037156,0.6,-0.004435994930291454,0.1033653846153848,5,0.18764634090630675,0.029874213836477814,0.34992195278048216,0.6,-0.03245192307692302,0.32319391634980965,5
负负无,负无负,90,0.006800037212105919,0.0027551980648288232,0.06882222253855202,0.5222222222222223,-0.033970884795773454,0.045528395934135546,89,0.003846735309680062,0.006554621848739561,0.0790827200967665,0.5168539325842697,-0.0374951490909089,0.05765534913517012,89,4.651849629223242e-05,0.006240249609984483,0.12499368244359402,0.5056179775280899,-0.07278481012658211,0.06185159060832435,88,0.030306331438712798,0.012553406466512707,0.17524147197380893,0.5227272727272727,-0.08312328727771884,0.11131418178975239,90
负负无,负负正,2,-0.016701540006695714,-0.016701540006695714,0.04434508797648817,0.5,-0.032379896216940124,-0.0010231837964513046,2,-0.07665299631737532,-0.07665299631737532,0.09377391151574194,0.0,-0.10980708068295952,-0.04349891195179112,2,-0.023497656511550058,-0.023497656511550058,0.12466692622777564,0.5,-0.06757407097422166,0.020578757951121546,2,-0.07064989956478068,-0.07064989956478068,0.18464494492492212,0.5,-0.1359317458988952,-0.005368053230666164,2
负负无,负负负,3446,0.007401713346160886,0.004989024284850041,0.06883869748311552,0.5443993035403366,-0.02717264048890175,0.03869179232477954,3444,0.01125433754812486,0.004238874265196868,0.09425596966076472,0.5255516840882695,-0.03986591604690973,0.050547940046697215,3441,0.030750932667580545,0.015909090909090873,0.1364934639877458,0.5637895960476605,-0.04677060133630295,0.0878859857482186,3384,0.045302507378811384,0.021295378977509882,0.19463669847925147,0.5694444444444444,-0.05989795918367341,0.11690707287501728,3456
负负正,无无无,14,0.0033256764750382467,0.01279371229457038,0.04517723014333376,0.6428571428571429,-0.025085962303156906,0.02427378016843129,14,0.023361738236000462,0.010887772194304812,0.0832088531122096,0.5,-0.03935178358520222,0.0707717421896989,14,0.041094185599153,0.032175678312782785,0.15356483576556554,0.6428571428571429,-0.046115206412244286,0.08872093421525129,14,0.14995622129903755,0.022068963521310048,0.5077980798174393,0.5714285714285714,-0.09813724103021937,0.2112860904638056,14
负负正,无无正,35,0.008277303565840735,0.002706883217324041,0.08778343823266027,0.5428571428571428,-0.03471769250104839,0.05966810966810976,35,0.002537904819774745,0.009671179883945946,0.11168911125165985,0.5714285714285714,-0.04899739322577562,0.06998157423507123,35,0.017178261644645632,0.012389380530973382,0.15043523210114537,0.6285714285714286,-0.06216322442407418,0.09165933103879831,32,0.0759837725722654,-0.006703250796655069,0.33416141857669396,0.5,-0.16462032535498558,0.13674977473174615,35
负负正,无负无,6,-0.021279874867330833,-0.0024045630445536093,0.08254397736505893,0.3333333333333333,-0.03710412067909985,0.023150019482103712,6,-0.043247699549346076,-0.009750135826926298,0.09111063238990133,0.3333333333333333,-0.04285934958042914,0.009913052298225478,6,0.007790891921134746,0.04927773296687443,0.23148898933616782,0.8333333333333334,0.024350629451206862,0.12354240639990088,6,0.09168253604573735,0.06470971665373926,0.40752694371497994,0.8333333333333334,0.0501471489007585,0.24265811237858548,6
负负正,无负正,14,0.0117749674551998,-0.001726027948327269,0.05916550265248459,0.5,-0.01135597095253954,0.06330535471400955,14,-0.001405392435099557,-0.02576768404406965,0.09472688894576195,0.35714285714285715,-0.056125277161862636,0.01603220699944402,14,0.016666428771592103,-0.013959243652635567,0.15535385537203455,0.42857142857142855,-0.030954795027497484,0.09512755005844864,14,-0.0753044890559159,-0.04836362556426704,0.1976106977867663,0.35714285714285715,-0.11746980254214853,0.047363605810523235,14
负负正,正无正,1,-0.09293680297397777,-0.09293680297397777,,0.0,-0.09293680297397777,-0.09293680297397777,1,-0.16852540272614625,-0.16852540272614625,,0.0,-0.16852540272614625,-0.16852540272614625,1,-0.18215613382899631,-0.18215613382899631,,0.0,-0.18215613382899631,-0.18215613382899631,1,-0.161090458488228,-0.161090458488228,,0.0,-0.161090458488228,-0.161090458488228,1
负负正,负无无,8,-0.07411310085318097,-0.04680642888996933,0.132054684468213,0.375,-0.12138320826574553,0.020770855300262292,8,-0.0847614880953879,-0.05349614678079756,0.12283140904861198,0.125,-0.11025788540544998,-0.01999191984486101,8,0.040726102940671735,0.004797887396444267,0.2520977673660648,0.5,-0.05956287445768202,0.048037342508080005,8,-0.0751858788692043,-0.07179277577538051,0.08737802769880797,0.125,-0.12364270612135397,-0.03670538951627009,8
负负正,负无正,13,0.0003796123337492198,0.004173913043478361,0.0429209671061941,0.5384615384615384,-0.02314196706720062,0.026468455402465674,13,-0.021945466412183277,-0.0031152647975075665,0.07707570043416082,0.3076923076923077,-0.043740038958739236,0.014432989690721598,13,-0.049628631543197854,0.002103049421661396,0.12339169896386747,0.5384615384615384,-0.1116751269035533,0.04104347826086974,13,-0.043968825420731765,-0.03656238220882024,0.1925310741871198,0.46153846153846156,-0.12825112107623315,0.11725293132328307,13
负负正,负负无,43,-0.0289187891179972,-0.004562275054493914,0.0990879452912061,0.46511627906976744,-0.09160184876748839,0.03430952890537675,43,-0.04603169398179661,-0.020740740740740615,0.1168882375802538,0.37209302325581395,-0.09204777945575093,0.02207777327585636,43,0.004894649534073613,-0.006389776357827448,0.18155703058730085,0.46511627906976744,-0.11392426507253206,0.09824547475389012,39,0.000679846664481979,0.012422360248447006,0.2854002349771555,0.5384615384615384,-0.16244454365134842,0.09478261663971643,43
负负负,无无无,825,0.008471670990340357,0.001538123489343013,0.07276899949383829,0.5139393939393939,-0.02764015645371598,0.0344827586206895,825,0.008174641061554301,0.006492416186265393,0.08908210854360354,0.536969696969697,-0.04600694444444453,0.04790874524714828,822,0.026122853145317218,0.009618688871266268,0.1469793372968295,0.5535279805352799,-0.06250661764705884,0.08256940725902367,811,0.044524951934703315,0.0076548364648574285,0.2262489920212682,0.5117139334155364,-0.0784525806442698,0.1199231456294162,828
负负负,无无负,2740,0.014239105797185988,0.0047101364946458,0.08100947551651247,0.5412408759124088,-0.025257083470079905,0.041392328796253486,2731,0.016168347767596524,0.004456861571209947,0.09923115708309464,0.522885389967045,-0.039683951776335935,0.05748644702122652,2725,0.03625569806737221,0.01631701631701632,0.152536441487696,0.5662385321100918,-0.05420560747663561,0.09859154929577474,2696,0.054362203309479606,0.015456496718200707,0.2087256657100819,0.5508160237388724,-0.07164215892070203,0.1351379040017105,2750
负负负,无负无,1577,0.005119629970025957,0.002525252525252597,0.0664220719483916,0.5225110970196576,-0.026917900403768402,0.031818181818181746,1576,0.011302104163343412,0.006517362644830271,0.09542321888555802,0.5329949238578681,-0.03966440159870263,0.052706719509998334,1574,0.030345391518955742,0.015925229741019176,0.1315949480446272,0.5603557814485387,-0.04857212907192046,0.08732115380131966,1555,0.051587054904679845,0.01962843373493972,0.199150526209912,0.5627009646302251,-0.06041078453278076,0.12535285022327414,1579
负负负,无负负,11556,0.00867489766270874,0.0052441004688196236,0.06611766734615453,0.5374697127033575,-0.026717314166135903,0.039332344985434864,11544,0.017388451075101233,0.008007562722865291,0.09643985833482555,0.5424462924462925,-0.03711454817689547,0.06107930449533494,11537,0.04158377455266129,0.023498694516971286,0.14897212937598817,0.5862009187830458,-0.04644724700092273,0.10447761194029859,11393,0.061066947823480884,0.032315978456014305,0.22450144948753753,0.599139822698148,-0.05415410164679135,0.13528591352859132,11569
负负负,正无无,265,0.005944317057515586,0.0,0.07214192686432064,0.49056603773584906,-0.029689608636977005,0.03361574200601236,265,0.009385257237149431,-0.0013377926421404007,0.08328172447160592,0.49056603773584906,-0.03980099502487555,0.0488997555012225,265,0.018577791423547256,0.0069013112491373985,0.12891889711358231,0.5169811320754717,-0.06056129985228931,0.08847352024922084,264,0.03127305751184488,0.01307944069115563,0.17300817293369394,0.5454545454545454,-0.06015208072368633,0.11853830853309444,265
负负负,正无负,406,0.02464836999487776,0.005630516430224386,0.11615543310352819,0.5344827586206896,-0.027890272163060975,0.038683951308999764,406,0.018104023796512634,0.010361195028325443,0.10874437586614326,0.5443349753694581,-0.044835249042145614,0.060028140642603145,405,0.023421616278743198,0.009534153994690042,0.15036238926122875,0.5358024691358024,-0.060377358490566135,0.08761061946902626,404,0.0349008546480851,0.0017294278511070793,0.18125718820080586,0.504950495049505,-0.07621629481906189,0.14372768731768903,406
负负负,正正无,6,0.0014691992943786092,-0.004528527939700544,0.028210160364105143,0.3333333333333333,-0.01404950080550102,0.0003765811005723152,6,-0.02717831191706836,-0.03366603190006795,0.031238618097231306,0.16666666666666666,-0.05088329357748003,-0.011553651861805236,6,-0.04880642695082519,-0.049916278384480206,0.04967780346149732,0.16666666666666666,-0.08243611143252036,-0.018182689194959134,6,-0.052952261610009065,-0.0461104490399426,0.043586249157377556,0.0,-0.07294918286463378,-0.025380205723717214,6
负负负,正负无,175,0.0011137514525259423,-0.0022095959595960224,0.06459567073024541,0.46285714285714286,-0.02477667183197224,0.036069682349512466,175,-0.0019057946212977166,-0.0028409090909091717,0.08124028463521114,0.46285714285714286,-0.05226295101420253,0.04485037841166817,175,0.011388642986451538,-0.00038565368299270375,0.11917595114616102,0.49142857142857144,-0.07415252407852263,0.07587072167017972,174,0.031223850436522586,0.022960916939136045,0.1758648646610416,0.5574712643678161,-0.07614972032165057,0.12238046044864226,175
负负负,正负负,1061,0.01908607934550805,0.010150812064965375,0.0776508581885645,0.5749293119698398,-0.021889494670030096,0.04950495049504955,1061,0.0349969753858462,0.023564386317907582,0.10370861412284058,0.6211121583411876,-0.024622716441620507,0.07821229050279332,1061,0.06597914446166901,0.04084838963079318,0.16086507088075022,0.647502356267672,-0.03399158303658145,0.13554987212276215,1057,0.06462628955822441,0.04513064133016642,0.18524268241215253,0.6263008514664143,-0.04780876494023889,0.14642953885074084,1061
负负负,负无无,86,0.011729950108678647,0.007069338096606259,0.05062323683671855,0.5697674418604651,-0.011705825977881529,0.038008151776986354,86,0.009477652220186861,0.009112330179301242,0.08285507294190358,0.5581395348837209,-0.03094529568190446,0.040229709208766784,86,0.008712594237194799,-0.01392084226944823,0.1178697603774245,0.45348837209302323,-0.05486602048484507,0.06714485805874021,86,-0.003489719113450586,-0.000975653841317814,0.21389503995332193,0.4883720930232558,-0.09341580149539352,0.058394662267901576,86
负负负,负无负,765,0.0034670784237561315,-0.0008476970895734404,0.06529096195604375,0.4888888888888889,-0.03240740740740755,0.03446153846153832,763,0.004238853369936399,-0.0019833399444665334,0.08857077510573313,0.48230668414154654,-0.04418471128608925,0.04639884367872871,760,0.024124717122674194,0.007912303735158277,0.15373902468585834,0.531578947368421,-0.05732249590780586,0.08175558939709227,756,0.06417698737755986,0.029208742457381254,0.21420205887342234,0.58994708994709,-0.058839566360895296,0.15189250588132036,766
负负负,负负无,1225,0.004172112862845643,0.0037037037037037646,0.06118738920882279,0.5395918367346939,-0.027200000000000002,0.03372093023255829,1224,0.006072536268705222,0.004167454753735034,0.08698250378198796,0.5245098039215687,-0.035923508115958735,0.04388675395087649,1221,0.022432749507796036,0.013735443415945126,0.12295077684294055,0.5528255528255528,-0.05331340308918775,0.08685446009389675,1213,0.034091280355647145,0.0160349854227404,0.17070181599747147,0.5523495465787304,-0.06511359025163455,0.10443864229765043,1236
