from_combo,to_combo,1w_n,1w_mean,1w_median,1w_std,1w_win,1w_p25,1w_p75,2w_n,2w_mean,2w_median,2w_std,2w_win,2w_p25,2w_p75,1m_n,1m_mean,1m_median,1m_std,1m_win,1m_p25,1m_p75,2m_n,2m_mean,2m_median,2m_std,2m_win,2m_p25,2m_p75,events
无无无,无无正,7252,0.0026304830051201962,-0.0024040684234858944,0.07621002388982868,0.48000551571980143,-0.04022562414796424,0.03732032408992353,7244,0.009029994821737185,-0.0010586329533456285,0.1151354663564486,0.49268360022087243,-0.05429999593434501,0.05563357154946591,7201,0.02283896298541836,-0.0027510316368637433,0.17471109624648007,0.4899319538952923,-0.07741167129813431,0.084710743801653,7121,0.05281341779158826,0.007239819004524861,0.2565648079463571,0.5163600617890746,-0.09076369452219124,0.13555555555555565,7259
无无无,无无负,2816,0.003976735639329394,0.000668272536044956,0.06884115739435956,0.5003551136363636,-0.03334175935288172,0.03759185968267459,2804,0.009509423469033646,0.004233036498181408,0.0975322758669479,0.5192582025677603,-0.044879309077207385,0.055720744849876935,2756,0.014686792704463592,0.0,0.14670470776275937,0.4960087082728592,-0.07128792921018504,0.08142378536327849,2659,0.03866050528137011,0.009646302250803984,0.2191506479392768,0.529522376833396,-0.08472867299746573,0.11801520154750977,2822
无无无,无正无,6283,0.006714271101063969,0.0,0.06889786219530479,0.49387235397103296,-0.03159975036405255,0.03607111833958643,6266,0.011665166661541831,0.0,0.09810590026287873,0.4992020427705075,-0.04333282991976739,0.050642339069551234,6244,0.0207117039268859,-0.0017127355377959952,0.16159970416644442,0.49151185137732223,-0.06410062838191663,0.07600928088356929,6181,0.03151312025290085,-0.006738794117646885,0.22688929161180982,0.4798576282154991,-0.09774436090225569,0.10402355250245354,6303
无无无,无正正,1262,0.006600962208593846,-0.0031662077415119394,0.0819641819336572,0.46513470681458,-0.03621944915385736,0.03967279026810905,1262,0.012090299770817733,-0.004065886862278545,0.11968841855674622,0.4857369255150555,-0.047655913880050055,0.052433442783270556,1259,0.016680953829845604,-0.008435852372583597,0.16929189638096004,0.46386020651310567,-0.08013062125461773,0.07249433485199053,1256,0.03067828356525172,-0.01645868511110915,0.24772344930101248,0.4625796178343949,-0.1156120509968383,0.10727289945885021,1264
无无无,无负无,6982,0.0024047887528039413,0.0,0.061227711326260995,0.49641936407906045,-0.030274425454338033,0.03145318038850814,6972,0.009248056288083522,0.0010797543580691737,0.08922247581010391,0.5028686173264486,-0.04057196710867289,0.04760526118414132,6964,0.01926822875639614,0.0043274707782581245,0.13381147499373472,0.5156519241815049,-0.05618388447406633,0.07516049131112967,6876,0.04262983184560367,0.014966347040383576,0.21401635362946034,0.547847585805701,-0.0704783374089257,0.11366329168461864,6992
无无无,无负正,3,-0.053863121736965947,-0.032835820895522394,0.058711025732172795,0.0,-0.07651406429391505,-0.020698528759295065,2,-0.07119553332239897,-0.07119553332239897,0.06832060230285135,0.0,-0.0953505139139467,-0.047040552730851254,2,-0.06522640916297634,-0.06522640916297634,0.032994740523096325,0.0,-0.07689181154666233,-0.05356100677929035,2,-0.1223566234760265,-0.1223566234760265,0.10698996076063796,0.0,-0.16018328686239136,-0.08452996008966163,3
无无无,无负负,583,0.0011101540737688874,-0.0025085518814138563,0.06301487507051072,0.46826758147512865,-0.034737850185875385,0.03561987869085892,583,0.013331896432451189,0.010173121542031094,0.08527828276146947,0.5471698113207547,-0.04006351321450896,0.05609647333244261,582,0.021176092956542675,0.008521941428311086,0.12709260193534608,0.5309278350515464,-0.06055116381203332,0.08593245220630163,566,0.05137829294224976,0.026060548809754835,0.17183047681411642,0.5795053003533569,-0.06359041568906762,0.1331240728661286,585
无无无,正无无,55657,0.005859983528414337,0.0,0.06557119349587746,0.49537344808379896,-0.027661993179234567,0.029780564263323095,55513,0.010482005230197025,0.0028818443804032867,0.09300380127416331,0.5170140327490858,-0.0390334572490707,0.046979865771812124,54997,0.022961701264885313,0.006485849056603765,0.14706833471209008,0.5258468643744204,-0.0576923076923076,0.07886754297269949,54180,0.044285605892876556,0.008735744265909173,0.22296123466591597,0.5241786637135475,-0.07999999999999996,0.12005370983824903,55785
无无无,正无正,2999,0.007637605178267428,0.0013667425968109104,0.07902357163621136,0.5105035011670557,-0.03692657839028446,0.040865745095633454,2993,0.012908124285442326,0.0012987012987013546,0.11454396741766193,0.5075175409288339,-0.05434782608695654,0.06218592964824121,2960,0.029993889692637155,0.00389470856835894,0.17486253154459935,0.5121621621621621,-0.0761710710111462,0.1015051392424911,2931,0.06936167642534997,0.01667550327980094,0.27657393093376414,0.539065165472535,-0.09060696953080888,0.16287610376385342,3005
无无无,正无负,9,0.06358411829147582,0.06413994169096204,0.11231027439271013,0.7777777777777778,0.01742627345844494,0.0818385650224216,9,0.024323950685257428,0.02252010723860587,0.10733423389845445,0.5555555555555556,-0.04950495049504955,0.0745283018867926,9,0.023543641717645867,0.02815013404825728,0.16380442965673503,0.5555555555555556,-0.09452736318407962,0.11547085201793728,9,-0.08622998381108041,-0.09918699186991875,0.22013388545208265,0.3333333333333333,-0.22263868065967019,0.012868632707774719,9
无无无,正正无,11188,0.008090313103550083,-0.0014117725219239263,0.07856738406479362,0.4839113335716839,-0.031916739262037225,0.03269754768392358,11138,0.011945182122677462,0.0007527287479490719,0.11440441334994066,0.5014365236128568,-0.04441581665767119,0.04726277638174681,11083,0.019770081742428728,0.00036563071298001404,0.16052156180715113,0.5003157989713977,-0.06603492979246406,0.07479093219805866,10974,0.037181114108396515,-0.00045849249323759445,0.2462898923152988,0.49763076362310915,-0.09462766962766958,0.11593282025578983,11209
无无无,正正正,3008,0.014543542738583753,0.0029719531239458252,0.10956722153839962,0.5152925531914894,-0.03733559833754596,0.04768963463415837,3005,0.02182599925475177,0.0026923939869867297,0.14410302794477237,0.5098169717138104,-0.05067755708186372,0.067821067821068,2994,0.03309153112028548,0.0,0.19791741118209338,0.49966599866399464,-0.07657127905821265,0.10106206452789723,2975,0.0643834939331011,0.004215851602023646,0.2890535655338764,0.508235294117647,-0.10341199358935044,0.15219875857142862,3012
无无无,正负无,5,-0.06596161890818777,-0.04802955665024611,0.08905409665182155,0.2,-0.08888888888888902,-0.017509727626459193,5,-0.018202322128777416,-0.025213675213675124,0.0364571987370027,0.4,-0.028325123152709297,0.006864988558352492,5,0.030808763079665357,0.03325123152709364,0.043853752826772716,0.6,-0.007407407407407307,0.054474708171206254,5,0.08962893860110921,0.0632295719844358,0.12952229329237128,0.8,0.021481481481481435,0.16730520000000015,5
无无无,负无无,58085,0.0021366057360047304,-0.0006793478260869179,0.05958318760731226,0.48890419213222003,-0.028818443804034644,0.02931034482758621,57810,0.004671771918090718,-0.002189573437381964,0.08574769963618112,0.4813700051894136,-0.04166666666666674,0.04157899307058982,57337,0.012908696527026505,-0.002589555459646231,0.1309113304527831,0.48600380208242494,-0.060507737288739816,0.06632653061224492,56943,0.03335661926681702,0.0010699338235293787,0.20694090363955886,0.5019229756071861,-0.08344828373500962,0.10847256307717312,58448
无无无,负无正,5,-0.009522268081704467,0.009905076351630182,0.05514479280944181,0.6,-0.0434782608695653,0.03064351378958108,5,-0.02408964883409579,-0.03425505571605458,0.10597974049338264,0.4,-0.062318840579710155,0.054136874361593534,5,0.06131164514911245,0.1210418794688457,0.16948029990271185,0.6,-0.04492753623188406,0.19611558503079118,5,0.05202967441777904,0.049275362318840665,0.14476299480236246,0.8,0.022264329701563224,0.12216260833677284,5
无无无,负无负,1329,0.0031105558618089208,-0.0017391304347826875,0.07548245826728216,0.48306997742663654,-0.03436426116838476,0.04071661237785018,1321,0.01155744231354602,0.004378283712784592,0.10593937072193088,0.5162755488266465,-0.04567307692307687,0.06329113924050644,1280,0.01697575118355757,0.0018653887062977104,0.1463748660003777,0.50234375,-0.07523774202731853,0.08732463938532486,1239,0.0501301072366334,0.011278195488721998,0.24328369207485334,0.5230024213075061,-0.09326330121384657,0.13738812248946575,1333
无无无,负正无,4,0.00311758985908156,0.010616548185365282,0.029225986120964064,0.75,-0.004284744588472833,0.018018882632919675,4,-0.0074478019148190855,0.01581124057940031,0.08838223832950319,0.75,-0.024594520686024857,0.03295795935060608,4,-0.07030610301558857,-0.08324536319418463,0.18107178028973223,0.5,-0.20295781969820284,0.049406353488429644,4,0.043229580558743236,0.10166898284248227,0.2395973344123718,0.75,-0.04370235969742084,0.18860092309864634,4
无无无,负正正,2,-0.018150788716057076,-0.018150788716057076,0.04853043863093478,0.5,-0.03530888984100286,-0.000992687591111291,2,0.11009054951485725,0.11009054951485725,0.16011403676804145,0.5,0.05348168893394009,0.1666994100957744,2,0.36445631103470977,0.36445631103470977,0.5861788748381309,0.5,0.15721078234153835,0.5717018397278812,2,0.18102849200833898,0.18102849200833898,0.45109383261240477,0.5,0.021542738012508583,0.34051424600416935,2
无无无,负负无,10386,0.002072574032955013,0.0007453582237918477,0.060837604834912226,0.5022145195455421,-0.031089612530461608,0.032984222364566385,10343,0.006941478434499592,0.0015955325089749284,0.08838199517841117,0.5065261529536885,-0.04203082922818602,0.04625543478260863,10338,0.019537448579338177,0.005278248299752875,0.13196618688688574,0.5220545560069646,-0.055444161140461024,0.07385076001842467,10257,0.04179843697665956,0.010597117382707077,0.20008809970424815,0.5347567514867895,-0.07112970711297073,0.11255115961800821,10416
无无无,负负正,2,0.03387394785464992,0.03387394785464992,0.04790499646716492,0.5,0.01693697392732496,0.05081092178197488,2,-0.019341537650602092,-0.019341537650602092,0.031874930769499814,0.5,-0.03061102749908462,-0.008072047802119564,2,-0.08657512503649306,-0.08657512503649306,0.053917054377112986,0.0,-0.10563768242232327,-0.06751256765066285,2,-0.059207243115382446,-0.059207243115382446,0.07792501996605056,0.0,-0.08675789813642817,-0.03165658809433672,2
无无无,负负负,1273,0.0026816769198139898,-0.002339181286549752,0.07305209586081234,0.4838963079340141,-0.037735849056603654,0.037649979313198134,1273,0.011952224164806612,0.0031746031746031633,0.11012783808362649,0.5106048703849175,-0.04158415841584162,0.05676516329704495,1272,0.029780092566220013,0.015964260176363543,0.18110974599269053,0.5542452830188679,-0.053148123823284654,0.09014292716338745,1240,0.05085101768080853,0.01944247578549496,0.20651537026220515,0.5604838709677419,-0.06235553868975746,0.11829478174387337,1274
无无正,无无无,9427,0.004410134104318501,-0.0020368327251124585,0.089565528461155,0.4805346345603055,-0.03801411241602626,0.03935763311967466,9397,0.009561646532651413,-0.000853970964987294,0.11696225071169389,0.4935617750345855,-0.052769297863061504,0.05570530098831994,9356,0.023420778744375453,-0.0009342094190111783,0.1704125354515868,0.4961522017956392,-0.07347058354347272,0.08356421100826983,9258,0.05109646659784713,0.00735751856296063,0.25149189426734386,0.5183624972996328,-0.09070073250332858,0.13255367862884038,9433
无无正,无无负,2,-0.06847189598772363,-0.06847189598772363,0.12549790786830464,0.5,-0.11284210682692503,-0.024101685148522234,2,-0.0322057790270589,-0.0322057790270589,0.07822648822488822,0.5,-0.05986301917317294,-0.0045485388809448635,2,-0.06382989583445797,-0.06382989583445797,0.11548198798190057,0.5,-0.10465894423791061,-0.023000847431005333,2,-0.07369584883754504,-0.07369584883754504,0.216533604988423,0.5,-0.1502520390585866,0.0028603413834965286,2
无无正,无正无,156,0.0025710684648789215,-0.007877214439497626,0.054283507026374994,0.42948717948717946,-0.027540130058115647,0.026964947297015096,156,0.00578095312207683,-0.01163255295846699,0.08454655261745989,0.4358974358974359,-0.04677024211571251,0.03825494528619511,156,0.02914781333469045,0.008281539077798161,0.13816050889767628,0.5384615384615384,-0.06437662050116208,0.10037708118169125,156,0.04261813421545468,0.00845742205677058,0.23355827653071407,0.5192307692307693,-0.10464309194771157,0.10454545454545477,156
无无正,无正正,6690,0.0035685432317708807,-0.0023255813953487747,0.09057052954668807,0.48251121076233183,-0.049591816166095676,0.04480747522889755,6690,0.009289909756262794,-0.0066731690906306484,0.1349776010843908,0.4695067264573991,-0.06747396204879436,0.06680746111682745,6680,0.0206691307604153,-0.010266776378423936,0.20786505348623543,0.46467065868263474,-0.09423436587216019,0.09551593184340701,6647,0.03441041716170643,-0.017391304347826098,0.2846365538321408,0.45795095531818863,-0.1254898517682641,0.12480508272493573,6690
无无正,无负无,159,0.002718258108169582,0.0011834319526629056,0.08232248045812005,0.5031446540880503,-0.038332325322061434,0.048712695648069126,159,0.016928734590293558,0.008239340852731925,0.11069668766958522,0.5471698113207547,-0.05353602904296745,0.06699547408777451,159,0.021829257532509586,0.005703422053231932,0.1292979305574847,0.5220125786163522,-0.06829597017636707,0.08691041698282465,151,0.06672672658956148,0.006894049346879649,0.23762248864085977,0.5099337748344371,-0.10097380995584587,0.18539047983153623,159
无无正,无负正,713,0.007548046346537712,0.002598960415833629,0.10671159410076854,0.5161290322580645,-0.044884608395420744,0.05176732535485651,713,0.010195078255796765,0.01127813602731953,0.14683175579031174,0.5427769985974754,-0.06300000000000006,0.08213820078226863,713,0.014576082492516377,-0.00340954673084648,0.18253280313463846,0.4894810659186536,-0.09213325824652774,0.10512273212379952,703,0.031661090563803417,-0.01501117853720857,0.29510602708400935,0.45803698435277385,-0.11620689655172417,0.11355079938112411,713
无无正,正无无,297,0.016660880126039633,0.007425742574257654,0.06751669478899605,0.569023569023569,-0.01777777777777767,0.04054054054054057,297,0.016663015356930908,0.010737294201861092,0.10054952941088267,0.5925925925925926,-0.033333333333333326,0.0462633451957295,297,0.025172266267605395,0.008200922603792904,0.16716059766559796,0.5488215488215489,-0.05616224648985946,0.07683024939662086,297,0.05643495055642075,0.017556017556017656,0.20840627078444973,0.5488215488215489,-0.05139833711262276,0.1233333333333333,297
无无正,正无正,3478,0.002669288542234378,-0.001310615989515096,0.08072077024481475,0.49252443933295,-0.043279976881662935,0.039165297491379536,3474,0.010228731924818175,0.002810092597538616,0.11882623035663804,0.51237766263673,-0.05666068360607748,0.062381341061745754,3452,0.023668656356979935,0.0008179764880248408,0.17321576741918435,0.5023174971031287,-0.08323060515737371,0.10423152747196485,3445,0.06571702887393077,0.013558748735244652,0.27287466874780314,0.534978229317852,-0.09519354838709682,0.16484517304189428,3482
无无正,正正无,159,0.00508923953587806,-0.0033167495854063977,0.06294131302763309,0.4591194968553459,-0.027908046303255052,0.035256050175376474,157,0.012749725464867119,-0.0007037297677691123,0.09730932248531249,0.4968152866242038,-0.0368294635708567,0.043209876543209846,157,0.04339877405548148,0.007001166861143382,0.15181575130455752,0.5477707006369427,-0.04797601199400314,0.12152454071839869,157,0.06599914724029761,0.018886198547215516,0.2106092538142256,0.554140127388535,-0.08125000000000004,0.17918676774638165,159
无无正,正正正,5399,0.009841934919401774,0.0006321112515801364,0.09190875128783829,0.5023152435636229,-0.04393410980237328,0.051987103566258686,5397,0.021800286570153326,0.0030211480362536403,0.13566242225091077,0.5108393551973318,-0.05843469063987328,0.07984607984607983,5381,0.03240870779309494,-0.0011173184357542443,0.21468914248300977,0.497677011707861,-0.0914737436476567,0.1222598467296383,5364,0.059181969486518625,0.0021316030417865006,0.2920179129125518,0.5035421327367636,-0.11481676434865101,0.1605921927222958,5403
无无正,负无无,3029,0.002622883150891902,0.00032435939020447613,0.09581826558830188,0.5001650709805217,-0.03745454545454552,0.041577825159914816,3023,0.006643416794256163,-0.0010183299389002753,0.12003137372304892,0.49189546807806817,-0.05458365164247514,0.05547229283172339,3012,0.031067190849546733,0.005247391833623327,0.19612686569640647,0.5136122177954847,-0.06650177921455921,0.08738901013847244,2986,0.0504927653246937,0.005888608827108177,0.2570826178277332,0.5170797052913597,-0.09422279435400596,0.1314410700382413,3031
无无正,负无正,3423,0.006245406541747986,0.0032775573572536576,0.08220498153543487,0.5217645340344726,-0.03568094083582135,0.04796172107779939,3423,0.004716381146273369,-0.001082690485857185,0.12180292891386296,0.4934268185801928,-0.055694362496099714,0.058727514887098264,3412,0.018559493322985107,-0.004011518679355619,0.17870689936510034,0.48651817116060964,-0.0811209309774644,0.0856062103295433,3405,0.03519098012320636,-0.005486968449931573,0.255219658833686,0.4878120411160059,-0.11003420752565563,0.12771376260545408,3426
无无正,负无负,3,0.18306036812718748,0.17144268774703564,0.04582556633125553,1.0,0.15780223102289814,0.2025096650414009,3,0.27105038061034853,0.2319664031620554,0.17261278205096914,1.0,0.1766485636162528,0.34591020888029766,3,0.23993988235281494,0.31702544031311164,0.22393128857552844,0.6666666666666666,0.1523368308284926,0.36608571285728564,3,0.40955394197700495,0.17717203913894353,0.4359013152477741,1.0,0.15812653340346383,0.5447903991315154,3
无无正,负负无,537,0.01387755155441518,0.011976047904191711,0.08191060656556431,0.595903165735568,-0.025996533795493826,0.05648635710866445,537,0.013854522066183978,0.012558869701726705,0.11558995984977606,0.5623836126629422,-0.047131147540983465,0.06217616580310881,537,0.02292843699644586,0.004972972972972833,0.15649392910218082,0.5139664804469274,-0.061666666666666536,0.0929061784897025,531,0.036154400414451886,0.0016025641025640969,0.22525538633236009,0.5028248587570622,-0.09019613416714034,0.11458089668615978,537
无无正,负负正,859,-0.006846959645917132,0.0,0.10221146643419808,0.49825378346915017,-0.05656289830381628,0.04563307293013952,858,-0.01214106186573985,0.0,0.15107727032529697,0.4988344988344988,-0.07774381675489417,0.06268717912150579,858,0.0022228946192628407,-0.006420852941804334,0.19710296449019668,0.47202797202797203,-0.1086802871940373,0.08390211063723807,847,0.01643408885949731,-0.02309142318567381,0.2906482517841755,0.4557260920897285,-0.138888576377877,0.11368441853926137,860
无无正,负负负,1,-0.15151959204009258,-0.15151959204009258,,0.0,-0.15151959204009258,-0.15151959204009258,1,-0.3336068696697049,-0.3336068696697049,,0.0,-0.3336068696697049,-0.3336068696697049,1,-0.024413118021159974,-0.024413118021159974,,0.0,-0.024413118021159974,-0.024413118021159974,0,,,,,,,1
无无负,无无无,3559,0.009998461447127708,0.0033055249488429528,0.07638060320592195,0.5237426243326777,-0.02899358647638467,0.04136634690173724,3518,0.011638601097986498,0.005843147004889637,0.10081213062777003,0.5255827174530984,-0.04396896778530063,0.058779431164126816,3481,0.019687187431094877,0.005720823798627039,0.1436192608863019,0.5205400746911807,-0.06542056074766356,0.09202453987730075,3328,0.030991799850855088,0.004260671245747805,0.21801396826536218,0.5105168269230769,-0.09467663794195247,0.1184676521923122,3559
无无负,无正无,13,0.0017090953701874088,-0.0032017075773745907,0.0499992477971524,0.46153846153846156,-0.03753241435785448,0.030470914127423976,13,0.01300576290991339,0.016766467065868262,0.05299377034206354,0.6923076923076923,-0.02889378095762274,0.05336426914153147,13,0.01856113477243661,-0.019107410945816805,0.13898425981929394,0.46153846153846156,-0.06169031462060459,0.13850415512465375,11,0.044684488582844704,0.054016620498615,0.21973044129058544,0.8181818181818182,0.030201510444611057,0.13845279594604898,13
无无负,无正负,19,0.018957750165692743,0.008503401360544283,0.04587914517785115,0.631578947368421,-0.01048415757675164,0.05548523779134851,19,0.04034413372489115,0.03231292517006801,0.07534299887971574,0.7368421052631579,-0.0011974881857201303,0.06094233947515981,19,0.05212120076730365,0.04770992366412208,0.11313137303034586,0.631578947368421,-0.027717010630270156,0.09850570683106263,15,0.06705788297282309,0.054493307839388105,0.10566208530939061,0.7333333333333333,0.0051549169977517795,0.15225309546900034,19
无无负,无负无,103,0.018177560231212305,0.021709006928406493,0.07525392455320819,0.5922330097087378,-0.022746185852981937,0.05899217741323004,103,0.01851410220867349,0.01333333333333342,0.09420147399428566,0.5631067961165048,-0.0473952662758812,0.0679687952838326,103,0.010232169926218618,-0.0009633911368016612,0.1308512457025176,0.49514563106796117,-0.053030886005106914,0.05948695267580706,101,0.04478999218503367,0.010933557611438216,0.1890444905610528,0.5445544554455446,-0.08838821490467941,0.12976406533575324,103
无无负,无负负,1914,0.0032011927393209563,0.0029124849443243894,0.06872609454031901,0.5193312434691745,-0.033213368662587256,0.03687201040102345,1914,0.016894331984085038,0.00960024331412801,0.10027750951717106,0.5470219435736677,-0.04011444594228514,0.06351391602975764,1913,0.022587546495325662,0.011200000000000099,0.1347672234846707,0.5488761108207004,-0.05599999999999994,0.08620065193770365,1821,0.036858103089798956,0.014776184267709658,0.18980013078305338,0.5398132894014278,-0.07669819432502156,0.11389003611111104,1915
无无负,正无无,1176,0.017748046838539307,0.0021858576206402747,0.09347427573386549,0.5178571428571429,-0.028450509332862306,0.03853743912337637,1172,0.016670428478969743,0.008471170750959711,0.10144380154224343,0.5418088737201365,-0.03805438142703935,0.05791060597551384,1161,0.0301217243418559,0.014139827179890041,0.15518582929786132,0.5460809646856158,-0.06064657267865814,0.09068010075566746,1115,0.05669465170362126,0.02489019033674955,0.23544897118903027,0.5650224215246636,-0.076659561561493,0.1425696998357553,1177
无无负,正无正,1,-0.022281879194630982,-0.022281879194630982,,0.0,-0.022281879194630982,-0.022281879194630982,1,-0.0775838926174498,-0.0775838926174498,,0.0,-0.0775838926174498,-0.0775838926174498,1,-0.06174496644295302,-0.06174496644295302,,0.0,-0.06174496644295302,-0.06174496644295302,1,-0.2655033557046981,-0.2655033557046981,,0.0,-0.2655033557046981,-0.2655033557046981,1
无无负,正无负,1063,0.016346580942964747,0.002808988764044784,0.0960243086746012,0.5136406396989652,-0.03072817945179479,0.03993899998214523,1061,0.016412310581148806,0.00990099009900991,0.09663704321444395,0.5655042412818096,-0.03874538745387457,0.056955810147299335,1054,0.02937786733162857,0.011521305618320876,0.1480216440809501,0.5351043643263758,-0.060427448497091474,0.0990865353463356,994,0.052238227815673735,0.017709361352274744,0.22574958958593871,0.5442655935613682,-0.07795096762738937,0.14524457031396515,1063
无无负,正正无,169,0.03627772586720894,0.0015220700152207556,0.11975967537053711,0.5029585798816568,-0.024667931688804545,0.060760931289040254,169,0.03338865453656713,0.016190881976992033,0.08609571860197703,0.6331360946745562,-0.017201834862385246,0.07262247838616709,169,0.04415235839555405,0.032849503437738514,0.1391638599006018,0.6153846153846154,-0.03377947737412357,0.0965923020348125,156,0.04795105128006371,0.020482336478026886,0.19960235492875494,0.5641025641025641,-0.05828256538782858,0.09638852328269032,169
无无负,正正负,98,0.03845533674423399,0.01981122490941023,0.0956284621893892,0.6122448979591837,-0.018794906244523624,0.054381428679473764,98,0.03482655159021769,0.024287535548449424,0.09110946495660475,0.673469387755102,-0.012573048782815704,0.06966034245761699,98,0.04241997855172435,0.047317089301038284,0.11664093285291097,0.6632653061224489,-0.027804745601080816,0.1085767962043242,80,0.05156368719300982,0.020418270255078252,0.1667018749316548,0.6,-0.050706804835380564,0.14472750930066525,98
无无负,正负负,1,0.22626112759643902,0.22626112759643902,,1.0,0.22626112759643902,0.22626112759643902,1,0.16468842729970312,0.16468842729970312,,1.0,0.16468842729970312,0.16468842729970312,1,0.13427299703264084,0.13427299703264084,,1.0,0.13427299703264084,0.13427299703264084,1,0.3278931750741838,0.3278931750741838,,1.0,0.3278931750741838,0.3278931750741838,1
无无负,负无无,146,0.01401786119243257,-0.007036644687539451,0.11797223602675809,0.4520547945205479,-0.046821939823943115,0.05329625432737356,139,0.029664443564989235,0.010372872258064492,0.1619115241531671,0.5179856115107914,-0.06456072892769754,0.07661713977554829,139,0.027957993045833834,-0.01717557251908397,0.17772070077823407,0.460431654676259,-0.0936557802188534,0.11125648401638444,132,0.07288259327434832,0.020783977084505523,0.23701887158790116,0.5984848484848485,-0.0830025017812612,0.21362937470680965,146
无无负,负无负,1207,0.009503935803919313,0.0021082220660575413,0.07599188351751636,0.512013256006628,-0.030594687267619713,0.039004645501919954,1186,0.020780234485701897,0.004172813532170472,0.11398254933906354,0.5227655986509275,-0.042187711871995465,0.06286089820925889,1149,0.024783388534408278,-0.0018552875695733162,0.1645234537495518,0.48738033072236725,-0.0758569939289877,0.09318996415770608,1103,0.06040374774601858,0.01552795031055898,0.23855078513628028,0.5421577515865821,-0.08981965535363601,0.1724873269488978,1213
无无负,负负无,70,0.0030857899504922854,-0.00015472376734626536,0.07506469746973496,0.5,-0.05461122798525528,0.05970213996529783,70,-0.010161881590551267,-0.02191219217046353,0.08972785840257462,0.4,-0.06629747519990234,0.053807513104251636,70,0.02924677792047543,0.045289015889316,0.14977190013140657,0.5857142857142857,-0.05494072172331313,0.0960589914416562,68,0.10895932948087031,0.09061773854296162,0.2278095785276992,0.6470588235294118,-0.06980350402049465,0.2550225171977506,70
无无负,负负负,1540,0.003000262202009574,0.0,0.06807217237139343,0.4967532467532468,-0.03538765558815646,0.0373751387347393,1540,0.021100740432843823,0.007231876690848349,0.11073186947865885,0.5422077922077922,-0.03805727874276249,0.06826504851449111,1537,0.039524853567512626,0.02024911538461538,0.1416100692793813,0.5666883539362394,-0.04761904761904767,0.10334190231362483,1462,0.07029144678162533,0.03489137339611714,0.20177113742828953,0.6025991792065664,-0.05864246039894405,0.16686051167401633,1543
无正无,无无无,10621,0.005235019846375889,-0.00038175224279435316,0.06333449792821973,0.4919499105545617,-0.030303030303030276,0.0341655716162943,10595,0.008960888084896914,-0.0019999999999998908,0.0935297311067727,0.4837187352524776,-0.043682308187860786,0.04900255754475702,10560,0.017587480595947502,-0.002035279091442521,0.15086418090730258,0.48977272727272725,-0.06374099205642197,0.07170305690545692,10449,0.028493881443972233,-0.007015650296815945,0.22202152610400666,0.4766963345774715,-0.09623893805309724,0.10154607297464469,10673
无正无,无无正,134,0.017188617357184008,-0.0011576065805533609,0.07894248711534366,0.4701492537313433,-0.02320378927065095,0.04096258005755432,134,0.013521231172838358,-0.002347757955886709,0.09409359951705926,0.4701492537313433,-0.03858677345709041,0.04979733267102765,134,0.0090857364385357,-0.006398984057577273,0.13127647862742725,0.4701492537313433,-0.05748595521753602,0.054550883611739376,134,0.0018785399959700005,-0.023506372320310387,0.1788896132415435,0.44029850746268656,-0.10594583987441139,0.06676000249740077,134
无正无,无无负,20,0.031473004938396595,0.03217798388265469,0.08109662702428748,0.75,0.007791353602762646,0.06434340554922086,20,0.025579456371445625,0.042680279169270086,0.06064402513065154,0.7,-0.010108652348291086,0.06639724011771264,20,0.04190449844712985,0.027137617931230373,0.09362799871969854,0.6,-0.030013307104836934,0.10303395922881625,16,0.08053438975858451,0.06911410504393467,0.14706647294108738,0.6875,-0.01737068965517244,0.13606569665799312,20
无正无,无正正,961,0.004574778358994434,-0.006074411541381997,0.08013041884461862,0.4588969823100936,-0.039105339105338865,0.035846267553584665,957,0.014511281023936446,0.0010944910616561554,0.11291199016069081,0.5036572622779519,-0.046762589928057596,0.06115107913669093,956,0.03141952451653624,0.005348745178500813,0.17202037392889102,0.5177824267782427,-0.06645756316122997,0.09622387514112596,954,0.04339269329029675,-0.005600219786575655,0.27238791085850894,0.4769392033542977,-0.10708813368450387,0.12058468278110879,961
无正无,无正负,8,0.032927571279354376,0.038399152250472635,0.051789935132771574,0.75,0.0014903478863674546,0.06581439393939392,8,0.010414013455601709,0.006545404437095226,0.03389952108681462,0.5,-0.014215046984039137,0.04128902531243084,8,0.015183843034214883,0.013319120982164478,0.05818322338096345,0.625,-0.020169131415950392,0.025608601256467134,3,0.0702925107658398,0.08874709976798156,0.04924888016298984,1.0,0.05161440354252733,0.09819791249022314,8
无正无,无负无,8,-0.03119111021047731,-0.013020186977744763,0.08621918929472906,0.375,-0.06469620643569449,0.018618699135701244,8,0.024204880351619038,0.021634549373502232,0.1729133827569807,0.5,-0.057086299789747275,0.1529818784435263,8,0.12726082403448408,0.04449374945020568,0.3220513663959643,0.5,-0.09326187777579423,0.3866850321395777,8,0.11255499639461339,0.13874555265874144,0.18419799056328204,0.875,0.05172998776975579,0.23226178901312583,8
无正无,无负负,1,-0.02063273727647852,-0.02063273727647852,,0.0,-0.02063273727647852,-0.02063273727647852,1,0.030261348005502287,0.030261348005502287,,1.0,0.030261348005502287,0.030261348005502287,1,0.06877579092159558,0.06877579092159558,,1.0,0.06877579092159558,0.06877579092159558,1,0.1320495185694639,0.1320495185694639,,1.0,0.1320495185694639,0.1320495185694639,1
无正无,正无无,525,2.3915175322162147e-05,-0.003056404556821435,0.053958635356672696,0.46476190476190476,-0.02962129733783292,0.030652603823335456,525,0.006695453356673616,0.0048084380331938625,0.07811100267784185,0.5371428571428571,-0.03712871287128716,0.043374135178286366,524,0.013657759097288821,-0.00044762757385857777,0.13138477493106215,0.4961832061068702,-0.059281191356615914,0.07419681487618529,505,0.03251930885021813,0.006484149855907839,0.2003161852979254,0.5168316831683168,-0.06958561376075056,0.10632383599722028,525
无正无,正无正,45,-0.006592808042278464,-0.015957446808510745,0.06058071988062446,0.4666666666666667,-0.03575989782886335,0.024368066921258702,45,0.0011451888539912242,0.0005012531328323355,0.10323523518124056,0.5111111111111111,-0.05844155844155863,0.06676783004552367,45,0.0009187564884842564,-0.006149116064565807,0.11057253539916305,0.4666666666666667,-0.07151979565772681,0.07184466019417446,45,0.012717695974614952,-0.023684210526315752,0.20878488747820365,0.4444444444444444,-0.1303588955594145,0.10247823174815784,45
无正无,正正无,5315,0.004494570682317926,-0.0035612535612534746,0.07151679564576012,0.4635936030103481,-0.034911778770763735,0.03272086824067022,5294,0.0088640485095657,-0.0025559366323697486,0.09948258601958167,0.48394408764639213,-0.04698341954634058,0.04974609180523759,5278,0.021388759495675754,-0.00048654287631383353,0.15125406835975813,0.4960212201591512,-0.06333953000811551,0.07865113819780717,5236,0.03744436733613343,-0.0017278646727432179,0.2392806679902055,0.49541634835752485,-0.09947812207514375,0.11774905898560906,5324
无正无,正正正,1762,0.008927560542264458,-0.0035720257669981104,0.0870239908108758,0.47048808172531215,-0.04174255301926502,0.04166336355585343,1761,0.014549512391361187,-0.006074766355140038,0.12790677904516554,0.4696195343554798,-0.05482041587901698,0.05679862306368322,1760,0.02675817626859361,-0.0009529198590822463,0.17525566570347978,0.4954545454545455,-0.07088486707027172,0.08771169885678376,1752,0.055894800084776416,-0.007665461102837723,0.28689699542593555,0.4777397260273973,-0.10539021394230785,0.13618533225647234,1766
无正无,负无无,1565,0.011379671351173955,0.00554785020804438,0.05894447020346383,0.5456869009584665,-0.021573410580881358,0.04220183486238516,1562,0.018020712808131008,0.003994342487883995,0.09365700049022711,0.5249679897567221,-0.036779663115276556,0.06515627231155557,1555,0.04361705979877177,0.01379310344827589,0.17186511838149662,0.5601286173633441,-0.04873702238437522,0.10064943663783632,1549,0.04693855365185064,0.0053050397877985045,0.237710211792102,0.5158166559070368,-0.08147679324894519,0.11614743606998656,1571
无正无,负无正,4,0.06437442344649408,0.0684102277504639,0.017739316442087424,1.0,0.058475818270640134,0.07430883292631785,4,0.027003854256632598,0.024244625759099858,0.054675525330813664,0.5,-0.017049340498290155,0.06829782051402261,4,-0.024829171184421156,-0.02420317546628803,0.054125109854925205,0.5,-0.06802638006839276,0.018994033417683576,4,-0.06923840242699225,-0.07089093297265864,0.01198673240814637,0.0,-0.07906826740041084,-0.06106106799924005,4
无正无,负无负,6,0.03107578307660776,0.04556353593417406,0.063528547687006,0.8333333333333334,0.03367461442408293,0.06487321066093954,6,0.044027480367822634,0.03633870327542288,0.057674040413131414,0.8333333333333334,0.01621872103799815,0.05983131299315253,6,0.01805226561161379,0.03505511206733192,0.11192977445744484,0.6666666666666666,-0.018964566301830077,0.09809901502252305,5,0.1128664599455079,0.1512605042016808,0.16436628391811617,0.8,0.04172308545269576,0.16960148285449494,6
无正无,负正无,634,0.021151802588301488,0.008519591832378048,0.07414515807677398,0.6009463722397477,-0.017583276458026154,0.048636406198792226,632,0.03385273406635493,0.01790531234862225,0.11824346147836526,0.5981012658227848,-0.027547371341117094,0.07452671664116856,631,0.08310794405792866,0.044652128764278265,0.23037900480181125,0.6354992076069731,-0.039492574257425805,0.1541327380137767,631,0.07160660900826452,0.03217737870232784,0.24975160677165645,0.5689381933438986,-0.06357119774988651,0.15665527048185235,636
无正无,负正正,5,0.008479318149780668,0.003072196620584,0.03353677326614483,0.6,-0.001953125,0.02431118314424663,5,0.006563663388852681,0.0036127167630057855,0.0321500163101157,0.6,-0.016897081413210446,0.024461839530332652,5,0.02064882774223962,-0.007827788649706457,0.06799862939543792,0.4,-0.03225806451612889,0.050578034682080775,5,-0.007020670632588266,-0.017578125,0.11187502963726678,0.2,-0.05222734254992312,-0.0009261403102567289,5
无正无,负正负,1,0.06986899563318771,0.06986899563318771,,1.0,0.06986899563318771,0.06986899563318771,1,0.03711790393013081,0.03711790393013081,,1.0,0.03711790393013081,0.03711790393013081,1,0.01091703056768556,0.01091703056768556,,1.0,0.01091703056768556,0.01091703056768556,0,,,,,,,1
无正无,负负无,34,0.006667405348732049,0.002532449071511511,0.06000239680065394,0.5588235294117647,-0.027483099596909616,0.03508257652402247,34,0.006295363369186866,-0.004817002838913953,0.08150203246893407,0.4411764705882353,-0.037582522099138455,0.0492567700156985,33,0.06113033351141949,0.05142537730575736,0.1314707607313939,0.6666666666666666,-0.016528925619834656,0.11055276381909551,33,0.09653455579362584,0.05371739976644618,0.21249737229529392,0.6666666666666666,-0.040756914119359555,0.1652003910068427,34
无正正,无无无,1952,0.008109281970907838,0.0008059931589342595,0.07689669346004221,0.5035860655737705,-0.0371368149158284,0.04091195359068972,1950,0.014699850134716443,0.0009222787258139631,0.11702925622334377,0.502051282051282,-0.05229542022341441,0.06156721056445069,1948,0.025030887869659,-0.002861262468242254,0.1730864874376779,0.48921971252566737,-0.07379729701804055,0.09219135053883215,1915,0.03585296387033194,-0.007696254489481746,0.2518246191680807,0.4825065274151436,-0.10357029296789766,0.108499450635693,1955
无正正,无无正,10830,0.004259801916746488,-0.002813270219699515,0.08684291742452664,0.48005540166204985,-0.04630889830981735,0.04739020220852769,10825,0.00828386731919841,-0.004862236628849326,0.12839917022905456,0.4778752886836028,-0.06148867313915862,0.0655528631552098,10812,0.018562817846342547,-0.009012701225815878,0.1928849901002543,0.4697558268590455,-0.09023613161310656,0.09263005177987538,10777,0.03617544452696231,-0.013249348392701976,0.27147043085124034,0.4660851814048437,-0.11945392491467566,0.12578442266187073,10834
无正正,无正无,1035,0.0073629971884442615,-0.002454991816693952,0.07783463101303036,0.4792270531400966,-0.03144945454292669,0.03324566840644849,1033,0.006656706557461949,-0.0023246803564510587,0.10644658048604978,0.4791868344627299,-0.04854368932038822,0.04728132387706818,1033,0.0283131575107785,0.008447729672650617,0.17172390843723895,0.5246853823814134,-0.06863636363636372,0.09549400578751555,1031,0.031786348317846734,-0.017751479289940808,0.24684127894118335,0.44907856450048494,-0.11302468181237535,0.10918827787970431,1036
无正正,无负无,8,0.04520063197391044,0.012513605512919135,0.1018413430859162,0.5,-0.011289164032696558,0.11751752270477478,8,0.04751753208102194,0.02756157594505143,0.16117006090218544,0.5,-0.07430458280371352,0.15696822398755633,8,0.005640788718115075,-0.062081384652981575,0.2072532368012909,0.25,-0.09951873461507191,0.00961101256319799,8,-0.10591196114405821,-0.04170056702707947,0.19594611995806904,0.375,-0.2837497781438597,0.029636540003061762,8
无正正,无负正,32,-0.02635456817907387,-0.02664402441425484,0.09933007731557762,0.46875,-0.08583374661710985,0.040993422088877185,32,-0.039747837540593314,-0.02782432306400967,0.12601105102646226,0.4375,-0.10926813785269207,0.05176974419618524,32,-0.03495832906416829,-0.006710937372746695,0.17005951399180944,0.40625,-0.10317476889250599,0.03705249222976853,32,-0.016790619637308976,-0.03559266320426008,0.2168295832217936,0.40625,-0.18971514870694453,0.08078683894148925,32
无正正,正无无,36,0.021099298950092712,0.005924855491329484,0.09253421617330432,0.5833333333333334,-0.04003563450696723,0.057441446712573285,36,0.011059354161297663,-0.009892400538338841,0.1589840995890515,0.4444444444444444,-0.06343455592237698,0.0339925074063554,36,-0.014581059093877469,-0.032734730244561916,0.1938951527433412,0.4444444444444444,-0.12129698278195736,0.0619948130538146,35,0.026764420433068495,0.004266666666666641,0.2206060084325423,0.5142857142857142,-0.1017947434493871,0.07108776364486391,36
无正正,正无正,256,0.01133966849791146,0.006341372733050132,0.08464799591618649,0.5390625,-0.038407281588101916,0.044067032967033015,255,0.019819463042623674,0.006844626967830392,0.12832026889143924,0.5333333333333333,-0.04149128659728357,0.06140486545209689,254,0.03266613442425887,0.0,0.18791884319139124,0.49606299212598426,-0.07150129814771755,0.09240670065537665,254,0.06688893090745601,0.009451713756368663,0.2890463244675082,0.515748031496063,-0.1127503337783711,0.14648083360453767,256
无正正,正正无,227,0.01142953454901204,0.00046630916297507596,0.08090940723106305,0.5066079295154186,-0.03004144370999884,0.039508735152888774,226,0.01670785154270216,0.006582777951543384,0.0900507561541753,0.5353982300884956,-0.03510619897606193,0.04929443621394086,226,0.04165803520205411,0.02052755323083444,0.16224508970778456,0.5752212389380531,-0.058247378157188195,0.10967421518566645,226,0.06736371242638083,0.014113914190874155,0.23900799181547464,0.5309734513274337,-0.0879791488154632,0.15037772559543777,227
无正正,正正正,11929,0.009125889246787764,-0.0024330900243310083,0.10323714666781661,0.48294073266828735,-0.05130361648444093,0.0543130990415337,11922,0.01813070206381713,0.0,0.1517335781916455,0.49756752222781414,-0.06812472794307117,0.0759437882343888,11909,0.028688598678146705,-0.003937007874015852,0.21416009765866306,0.48820220001679404,-0.09465424227562547,0.1121014741172437,11891,0.04417154962266508,-0.01701665459811741,0.302260706176427,0.4669077453536288,-0.1336796560161198,0.1480238234102914,11932
无正正,负无无,613,0.015073689582519536,0.011538161538461544,0.08236134277733322,0.5628058727569332,-0.03392857142857131,0.05639756864807999,612,0.022161499426300905,0.013592096483343252,0.1137557072139021,0.5620915032679739,-0.04122975319115352,0.07177488768041063,610,0.0402554977202452,0.013195345237375866,0.1813327504607938,0.5491803278688525,-0.056111063133898964,0.09597857661583142,606,0.02532258430898675,-0.008343277645186997,0.227453397829415,0.4735973597359736,-0.10347362872946503,0.09499909065934065,614
无正正,负无正,1688,0.009863971360140321,0.003082152867207033,0.08945774991185926,0.518957345971564,-0.033766858415827244,0.05296319377477088,1688,0.013708673628058509,0.002287294666290185,0.13228591213672936,0.5124407582938388,-0.05511650252221964,0.06831328591523417,1684,0.026839510486039376,-0.0032575775908009197,0.20200679335542138,0.49406175771971494,-0.07484605506967973,0.09039696438607736,1681,0.0380958081987678,-0.015555555555555656,0.3086063613434303,0.4640095181439619,-0.12184332457711433,0.11091068322698261,1688
无正正,负正无,188,0.020470564452562203,0.016217087630631788,0.06692713304928793,0.6436170212765957,-0.012450076845065633,0.04870050121153785,188,0.017535898063765664,0.018538583509513762,0.09026088155028239,0.601063829787234,-0.03552333571900354,0.06242669195097478,188,0.06464331331908614,0.03469946909966126,0.1892383226364825,0.6223404255319149,-0.03961559249662233,0.13762121037324,188,0.07150940937769541,0.037168247588536873,0.24080153592076914,0.5797872340425532,-0.08726312140003625,0.18189048145182263,188
无正正,负正正,1680,0.021756964604327668,0.008171050355520348,0.096377572915047,0.5589285714285714,-0.03280752295757619,0.0598029429162969,1679,0.020165870321320896,0.0047244094488190225,0.13420483451593176,0.5175699821322216,-0.05230432729894269,0.07696675937800601,1678,0.03503576961986323,-0.0016978269599749463,0.22363531898354708,0.49523241954707986,-0.08457542041101729,0.12128285842770126,1676,0.04404146198787219,-0.013893245188634495,0.2955245806730098,0.47613365155131265,-0.13198581201375348,0.13377452741569096,1680
无正正,负负无,42,0.0314573797916366,0.03567091087169438,0.07395449649926819,0.6666666666666666,-0.01738601015494093,0.06637673217326767,42,0.058421314559101344,0.031504640725085964,0.11108866457018024,0.6904761904761905,-0.011849264934998188,0.12127477683129706,42,0.08021992513642996,0.04032062665427594,0.1535130659761076,0.7142857142857143,-0.0037160426422985504,0.12624481525512166,42,0.0616763585228784,0.0226690724216837,0.16840996759942764,0.6190476190476191,-0.05426772868547847,0.12188781773126617,42
无正正,负负正,82,0.010901271797703772,0.0009726300631280882,0.12936142036318451,0.5,-0.06695881632268394,0.07456920212892909,82,-0.014130462129152347,-0.019415730035916512,0.16927569618296412,0.4268292682926829,-0.09067817817817819,0.03383480549303153,82,-0.0008667448507276271,-0.027342598194002754,0.18283028326193626,0.4634146341463415,-0.10953501603926996,0.07576075756336587,82,0.038229125269572825,0.008451779796160852,0.2446697080669528,0.524390243902439,-0.1138988668628545,0.16742066933167277,82
无正负,无无无,6,-0.01011657711012598,-0.013261732042960717,0.04376312087022116,0.3333333333333333,-0.03809885831880558,0.012338090638081334,6,-0.02144295527705044,-0.003974256465376025,0.07207476164928349,0.5,-0.021370936602402885,0.009726548978885474,6,-0.02225983734436195,0.0022332468813602846,0.10667172115962413,0.5,-0.040685209556761415,0.02032808588168994,2,0.030075187969924866,0.030075187969924866,0.3016673875738766,0.5,-0.07658033973823444,0.13673071567808415,6
无正负,无无负,36,0.02057534079611487,0.024560546064072875,0.08435503287216604,0.6111111111111112,-0.019000635675728683,0.05488052513468766,36,0.024377968915604495,0.029086143699830536,0.07664157339375222,0.6111111111111112,-0.028953322219576055,0.06065624146408083,36,0.013051811683150026,0.00896195198749894,0.09353201861237993,0.5833333333333334,-0.04105852867462775,0.0701011613334967,22,0.02470853885097376,0.025484013718331755,0.14220318260619674,0.5454545454545454,-0.05045068818488632,0.10209607365105061,36
无正负,无正无,4,-0.023859431879157234,-0.015997224577904534,0.07022323006310555,0.25,-0.04685998252512019,0.007003326068058424,4,-0.04842629506416243,-0.031377688690155,0.08288394287173619,0.25,-0.08416394335511987,0.004359959600802432,4,-0.007433013747154715,-0.020133053221288555,0.044831198723288675,0.5,-0.04173492791612066,0.014168860947677386,4,0.07364062889918083,0.11845862782894279,0.13095453314185515,0.75,0.04226190476190478,0.14983735196621883,4
无正负,正无无,12,0.006371262768335671,-0.010934890361510685,0.045698864785667495,0.3333333333333333,-0.02546839901980799,0.02512589568243956,12,0.02846202280123612,0.030321764767355708,0.0317139424442674,0.8333333333333334,0.0171480532639971,0.04441826428867246,12,-0.006269040170156744,-0.003698224852070997,0.04801025271507994,0.4166666666666667,-0.02331230859378783,0.02279762928468415,6,0.05712750389966875,0.05484537682750845,0.10904391198039651,0.5,-0.040614627901129546,0.15507017144321156,12
无正负,正无负,4,0.036741936650693974,0.033079832897347505,0.040806005297274635,0.75,0.003093694755450682,0.0667280747925908,4,0.0568313452689973,0.05697655035670879,0.016960315141305506,1.0,0.0472315508235549,0.06657634480215119,4,0.023296384584529428,0.0190759061726804,0.054058375519428256,0.75,-0.005501216603628123,0.04787350736083795,3,-0.008210335077482034,-0.005772005772005762,0.014300467571015127,0.3333333333333333,-0.014672603382280824,-0.0005289021199451072,4
无正负,正正无,13,0.005219907629496543,-0.008275862068965467,0.053460582972082116,0.38461538461538464,-0.025396825396825418,0.016474654377880205,13,0.024009006812056637,0.018363939899833204,0.042001919233437164,0.6923076923076923,-0.006479481641468721,0.05450500556173532,13,0.01852462827145103,0.034303368455443684,0.08864209058121345,0.6153846153846154,-0.050754458161865634,0.05924855491329484,10,0.04718741065547989,0.048128113785442905,0.1229097153429031,0.8,0.010509102385223512,0.10513589969035525,13
无正负,正正负,5,-0.03928741602226906,-0.039772727272727404,0.036260039114443206,0.2,-0.04752475247524757,-0.03541666666666654,5,0.009045519634815969,0.016279069767441978,0.08670135418026491,0.6,-0.0014204545454546968,0.05729166666666652,5,-0.0031053122746675264,0.0009164782794648385,0.0910606995662136,0.6,-0.009302325581395321,0.038541666666666696,4,-0.07035551684693583,-0.06931561290179244,0.0806026876122525,0.25,-0.12653192520327367,-0.013139204545454614,5
无正负,负无负,2,0.020773677054771122,0.020773677054771122,0.08099204949446767,0.5,-0.007861336655096168,0.04940869076463841,2,0.06977221112436105,0.06977221112436105,0.026413720120278275,1.0,0.06043355081765489,0.07911087143106721,2,0.03879588628025865,0.03879588628025865,0.008413398244899412,1.0,0.035821300804362965,0.04177047175615434,2,0.023428302331057194,0.023428302331057194,0.012487169434657648,1.0,0.01901342123852129,0.0278431834235931,2
无负无,无无无,10363,0.003381927340720135,0.0,0.06224069401294843,0.49985525426999905,-0.029316397806055827,0.03040935672514622,10356,0.009787916380729322,0.0026637102734662355,0.08820178674873841,0.5156431054461182,-0.039212039929718695,0.047809926474858544,10351,0.01998648467749034,0.0074823943661972425,0.13177396644396255,0.5299004927060187,-0.05605819657275157,0.07513304834869161,10160,0.04458900342815336,0.01830809772438602,0.20382225480043145,0.5579724409448819,-0.06718552026722804,0.11586331732039107,10374
无负无,无无正,194,0.00879978135131057,0.009582213496305725,0.08098193062840141,0.5463917525773195,-0.03509646319934426,0.041890574259739966,194,0.028884284972238786,0.010169746790558043,0.11846402926237844,0.5412371134020618,-0.042333348409608174,0.0916515934003656,194,0.0650158426869093,0.009412074208334564,0.4310237297620476,0.5309278350515464,-0.0535649702638466,0.09934952634865479,190,0.04881683900964964,-0.0062557493524413865,0.36551509863937387,0.4789473684210526,-0.11452328347343216,0.1396906292293395,194
无负无,无无负,147,0.006567708232474485,0.0,0.07751881321215225,0.4965986394557823,-0.025845147219193065,0.04383167485912953,147,0.026612638449855962,0.012523191094619746,0.12790585112271258,0.5578231292517006,-0.03642135595805235,0.06285103637115252,147,0.03521429555261473,0.027184466019417375,0.14914454818767978,0.6054421768707483,-0.06618592935823697,0.10715102647681118,143,0.059406211672428856,0.03529411764705892,0.19480476922279916,0.6013986013986014,-0.07644944408054838,0.13884890272902328,147
无负无,无正无,4,0.03424121479085265,0.041556134708904735,0.04154348547611275,0.75,0.016245673270901012,0.059551676228856376,4,0.07486113072136472,0.08556998556998552,0.09779979327236342,0.75,0.011226136629079814,0.14920497966227042,4,0.14968845414237913,0.12960332122910956,0.08582333945531338,1.0,0.10062874297679103,0.17866303239469766,4,-0.02254868917051811,-0.01796623986956325,0.07084179586139717,0.5,-0.06243756349507129,0.02192263445498993,4
无负无,无正正,7,0.03888053978900395,0.008571428571428674,0.11905085271240227,0.7142857142857143,0.0038503850385038785,0.1272968379318875,7,0.05796078297623118,0.04180418041804179,0.25425061426556983,0.5714285714285714,-0.036468129571577745,0.19250246590800502,7,-0.04031541219437824,-0.00626959247648895,0.16879279895737104,0.42857142857142855,-0.11049206692852498,0.014287152462305164,7,-0.11324912698447398,-0.12933410457516337,0.14166970422785688,0.2857142857142857,-0.18321624163364802,-0.030703455158240245,7
无负无,无负正,48,0.002906580693267396,-0.0035930504037760547,0.10768171834973753,0.4583333333333333,-0.06863879049549412,0.058203662915698895,48,0.021082759453801354,-0.008472697733249657,0.15525906169701056,0.4375,-0.07790781698546898,0.08880260348981922,48,0.020335607705427906,-0.001895345138373472,0.184290193795547,0.4791666666666667,-0.08164832518039086,0.06989073241455712,42,0.049372108183944885,0.008575429128129142,0.2584659189420307,0.5238095238095238,-0.06375767777519897,0.1541127338031988,48
无负无,无负负,483,0.00881360316456894,0.004934210526315708,0.06553705247306917,0.5279503105590062,-0.025609291698400594,0.03772256275539998,483,0.020148113466513667,0.013765978367748177,0.08350623167860832,0.5838509316770186,-0.027768227449867622,0.062345130019676565,483,0.030775197543160736,0.023346303501945664,0.11881136068039366,0.5900621118012422,-0.04469879779995206,0.09260599238891565,462,0.04274410336623466,0.025002273460040803,0.16433951977499345,0.5670995670995671,-0.053059024955041445,0.11837804783440053,483
无负无,正无无,1834,0.005195494112619287,0.0008422646518421173,0.06083953152761075,0.504907306434024,-0.025695101790499664,0.030057640263052132,1833,0.012809609868549253,0.006185567010309478,0.08890870269857126,0.5450081833060556,-0.03381818181818186,0.051867219917012264,1833,0.029940756480732657,0.011126160990712064,0.1644617454220575,0.547190398254228,-0.04726890756302515,0.0847457627118644,1824,0.03673661349951944,0.00915258526284568,0.22048846694361723,0.5290570175438597,-0.07650513729495884,0.10798771121351775,1835
无负无,正无正,26,0.036216471586970084,0.014120424849419888,0.09749610668153136,0.5769230769230769,-0.035650551045931095,0.08717265033019522,26,0.04823832827353311,0.03172833388393359,0.14671451122401633,0.6923076923076923,-0.0513274256533493,0.12521070933571699,26,0.051563053628727915,0.01485192549061276,0.22932706239547865,0.5384615384615384,-0.07314542274303429,0.11879970222285963,26,0.07872362358770187,0.04758805059230109,0.22991033372971387,0.6538461538461539,-0.05359933328431363,0.16613431151773933,26
无负无,正无负,6,0.08930533009587917,0.10127125976110263,0.07950664319062782,0.8333333333333334,0.030654196470523143,0.12343378014349032,6,0.06781534784619898,0.06242224890754522,0.05751292772306174,1.0,0.017599946672888167,0.10926525307559876,6,0.11464917530439943,0.08583715758011545,0.149631183562285,0.6666666666666666,0.004195453332238475,0.20223177126322467,6,0.005294447256377899,0.05735851791299906,0.1304771767987611,0.6666666666666666,-0.00840108728833372,0.07655446965916368,6
无负无,正正无,24,0.009675361354027065,0.0009148174285790178,0.06346646326745628,0.5,-0.017928744820614295,0.033689922480620194,24,0.04529380781048078,0.009931185363535322,0.19034161677654718,0.5416666666666666,-0.03121342074932268,0.05510154902822212,24,0.1609121589323774,0.03673519432060479,0.42541754456754155,0.6666666666666666,-0.023228467806259312,0.13659407494604664,24,0.36743035425520526,0.02215852460317458,1.3432763259976974,0.5416666666666666,-0.06653222520981028,0.08629300557813652,24
无负无,正正正,4,-0.023381704762161365,-0.030687344993075016,0.05352811968339482,0.25,-0.04872132204588467,-0.005347727709351713,4,-0.04723830624678868,-0.045411823543614005,0.06295984505116177,0.25,-0.06946323316262443,-0.02318689662777826,4,-0.09055871205748414,-0.09612834619464611,0.10599366528892902,0.25,-0.17304610751441363,-0.013640950737716623,4,-0.02221874638823018,-0.027877921803419525,0.12300108132909496,0.25,-0.07515012937193458,0.02505346118028487,4
无负无,正负无,542,0.006477157948986651,0.0029376257644457837,0.06041908760356423,0.522140221402214,-0.02422112462006079,0.037151554071086945,542,0.023131283089017452,0.014112869762613833,0.09376567817084114,0.6143911439114391,-0.027760714123403696,0.06209935897435892,542,0.04872150487309797,0.03347031963470337,0.13243420353867372,0.6476014760147601,-0.028905968132140303,0.10600005812601732,540,0.0572413361970399,0.034650268520672656,0.19260756264656545,0.6129629629629629,-0.05106063272258882,0.1275031289111389,542
无负无,正负正,1,-0.009369895985558374,-0.009369895985558374,,0.0,-0.009369895985558374,-0.009369895985558374,1,-0.06962950227800213,-0.06962950227800213,,0.0,-0.06962950227800213,-0.06962950227800213,1,-0.10229519470471915,-0.10229519470471915,,0.0,-0.10229519470471915,-0.10229519470471915,1,-0.05218019522049333,-0.05218019522049333,,0.0,-0.05218019522049333,-0.05218019522049333,1
无负无,正负负,3,0.015427577460664291,0.014571563065781667,0.07876757002545187,0.6666666666666666,-0.024168466833122182,0.05459561455700945,3,0.06393312488344789,0.039019070609535245,0.07519484400658105,1.0,0.02168818454224053,0.09372103808769894,3,0.09666754360902992,0.09640522875817004,0.05533534598215608,1.0,0.06893452506104025,0.12426940473158965,3,0.06121948617556128,0.06307977736549164,0.18018627145306595,0.6666666666666666,-0.02840497552968635,0.15177409347577409,3
无负无,负无无,1091,0.007728156622311472,0.0058651026392961825,0.07252375870167724,0.5545371219065078,-0.028686437844908375,0.04379864764118513,1090,0.014693511991767983,0.005591920118404925,0.09047884057022752,0.5339449541284403,-0.03612499937192984,0.055846850722473806,1090,0.029473784264132198,0.01339841478596493,0.14447530191567984,0.5669724770642202,-0.052441604118614066,0.090114010989011,1086,0.05522685076985157,0.026473095268956137,0.21530742554043225,0.572744014732965,-0.06752180399757376,0.1278587313705314,1091
无负无,负无负,91,0.01031950840921103,0.001831501831501825,0.08151648591747071,0.5164835164835165,-0.02696764118150824,0.03247464428368951,91,0.023769698274757927,0.012562814070351758,0.09969168006876278,0.5604395604395604,-0.02867678172036514,0.04843563530004191,91,0.02398516491902826,0.018732782369145884,0.1282219342425052,0.5604395604395604,-0.05350260639683069,0.07094681389608648,90,0.05299594465767659,0.03296735879949142,0.18899973126401584,0.6,-0.0689860374349868,0.14083912832170342,91
无负无,负负无,4615,0.005058083457155738,0.0035385704175514565,0.0650830660397322,0.5282773564463705,-0.028635756219110353,0.036367620109951426,4607,0.014562924076490603,0.0060344827586207295,0.09496505199785539,0.5361406555242023,-0.03773584905660371,0.05297720871479206,4607,0.02802150863949208,0.013765182186234792,0.12676524434379796,0.5574126329498589,-0.046953367304502946,0.0819433050770213,4531,0.044177014741739226,0.01924759405074372,0.1996311759649268,0.5588170381814169,-0.062486154186973786,0.11245010175142123,4622
无负无,负负负,912,0.010147288828961229,0.00767825215631579,0.07575558798544195,0.5493421052631579,-0.030931067706052445,0.045454545454545414,912,0.019292527342971422,0.010009008107296546,0.10421491956294204,0.543859649122807,-0.03943044257427489,0.06309964027872111,912,0.0400018599535709,0.021085593843654382,0.14400056542916584,0.5953947368421053,-0.04439480830686762,0.09714799058279272,895,0.06891683774421295,0.034378230884557714,0.2909377174151692,0.6,-0.04856267109152412,0.13881852082406987,914
无负正,无无无,101,-0.011158403574483906,-0.016933207902163683,0.06945364214096839,0.39603960396039606,-0.05151418552757403,0.02389622212107434,101,-0.008936706946408829,-0.016478429920385285,0.08374392942908604,0.4158415841584158,-0.05192178017532023,0.0371584699453551,101,0.0014921189387020362,-0.0018157058556513839,0.1453094745358707,0.48514851485148514,-0.0688300349243306,0.05342237061769595,101,0.03609272935410647,-0.005774088776614894,0.18370902920379467,0.46534653465346537,-0.08846025939474556,0.10850439882697938,101
无负正,无无正,736,0.004112930914302474,-0.002926725291826804,0.09424373747873245,0.48641304347826086,-0.047366353626551644,0.050129799021821575,735,0.009255176364553745,0.0021132713440406015,0.13175519875817854,0.507482993197279,-0.06386417512686632,0.07388965118798296,735,0.013110153687907439,-0.011917659804983605,0.17296457580440514,0.46122448979591835,-0.08472779495713612,0.08393858616630889,726,0.02610959386188431,-0.012542493724685688,0.2410510306874161,0.4641873278236915,-0.11631276901004292,0.10267884538223698,736
无负正,无正正,15,0.04353035803111403,0.03170458784035812,0.10736835103410207,0.7333333333333333,-0.00652125318109914,0.0674154364385694,15,0.04628243229227366,-0.012999518536350618,0.15459561504036237,0.4666666666666667,-0.08058643657523923,0.15574381781306568,15,0.09210907582950754,0.022821576763485396,0.19697959811499235,0.6666666666666666,-0.014702748683227018,0.17487484829697497,15,-0.02113120843316223,-0.10645604395604402,0.24718868001697275,0.3333333333333333,-0.14220401290641793,0.0046109315508824356,15
无负正,无负无,64,-0.0037341885758101906,-0.002326444069936151,0.09263052498257135,0.46875,-0.05025266785553614,0.03908015323298808,64,0.0008721078142628295,-0.005191333850770807,0.1099039473077629,0.4375,-0.06649234852333838,0.05100376488334135,64,0.00426038140774555,-0.013973530370766096,0.10997230963678227,0.46875,-0.060866669548715,0.08201388419182087,61,0.025957363743160298,0.013239875389408073,0.18993655792977368,0.5245901639344263,-0.1103431251542829,0.1490745372686344,64
无负正,正无无,4,0.01186899584504797,0.01829295823565158,0.023213423882843812,0.75,0.00752588464851367,0.02263606943218588,4,0.031105540205948495,0.03326425014604828,0.04472738307372471,0.5,-0.004407831900668652,0.06877762225266543,4,0.04676480148861817,0.0910112152161302,0.13493446316301233,0.75,0.025875162669641127,0.11190085403510724,4,0.06562947669756494,0.02862288396294399,0.20608525993596183,0.75,-0.017839747164900582,0.11209210782540951,4
无负正,正无正,41,-0.020544725697044606,-0.019568151147098645,0.12555444846975902,0.3902439024390244,-0.07253521126760565,0.01049685094471653,41,-0.015261271533451214,-0.02538672193027902,0.133970631293542,0.4146341463414634,-0.08082975679542215,0.055212355212355124,41,0.007371145828814005,-0.00040112314480544864,0.20571758656734,0.4878048780487805,-0.13455497382198955,0.09972513919233217,40,-0.007087062614919379,-0.04446238368268457,0.21237940841366088,0.475,-0.1749682209846135,0.08371066126855597,41
无负正,正正正,11,0.03245234572322611,0.02138821630347043,0.11438773707087481,0.7272727272727273,-0.03709334627802602,0.09486272723626843,11,0.042217029447651606,0.012008733624454093,0.14973335768312912,0.6363636363636364,-0.06337740747154613,0.14405213990669474,11,-0.06507578241861531,-0.07021791767554486,0.12212777877695659,0.18181818181818182,-0.09377653503677086,-0.010597218427453925,11,-0.07280485393133015,-0.11543287327478058,0.15833503528518902,0.2727272727272727,-0.15964371652857012,-0.014138892911272682,11
无负正,正负正,6,0.07880815337415893,0.0709646584460839,0.10364964367344437,0.8333333333333334,0.016245620393862514,0.09224718240309404,6,0.08985815774601356,0.057267620180703305,0.1817086407569361,0.8333333333333334,0.01727228868585412,0.23543977851859343,6,0.004463054828458528,0.028194851685118816,0.11194126124151743,0.6666666666666666,-0.005709417360208413,0.07150618416169524,5,0.18160624103388295,0.1899706744868035,0.2756243438104614,0.6,-0.05370496261046909,0.29568302779420463,6
无负正,负无无,77,0.001775841736634741,-0.018975332068311257,0.11282174375109451,0.4805194805194805,-0.07035928143712578,0.06961943109494739,77,-0.0009999386540023585,-0.013388429752066111,0.13164533895090744,0.45454545454545453,-0.0913738019169329,0.07347721822541975,77,0.04680144610988171,0.035447761194029814,0.16758983313028158,0.6493506493506493,-0.08032128514056214,0.1512,73,0.12446013594190045,0.0717230008244023,0.49933569894794005,0.589041095890411,-0.08265582655826553,0.15555555555555567,77
无负正,负无正,47,0.01845236103234242,0.030414071088310735,0.11885252978461264,0.5957446808510638,-0.03209305655234396,0.08070257726868757,47,-0.01123529080635648,-0.0057505453103311455,0.15399873887034568,0.44680851063829785,-0.10704599946095317,0.05509084578458079,47,0.02997098801468305,-0.008486855723452758,0.22355273875262452,0.46808510638297873,-0.10380786165365624,0.12862407309589974,46,0.05796013070574406,-0.02289919152735942,0.3755057225042065,0.4782608695652174,-0.12648248079727026,0.13166304855844096,47
无负正,负负无,129,-0.0040075914912659875,0.01031730582051793,0.11197224854028703,0.5891472868217055,-0.04495335029686165,0.06527777777777777,129,0.014085326923405498,0.028761061946902755,0.15895904201159247,0.5813953488372093,-0.049838187702265446,0.09183673469387754,129,0.04424596766880936,0.01616628175519641,0.17923034427030712,0.5581395348837209,-0.03894967177242892,0.10186915887850456,122,0.04100109423769025,0.022849842767295403,0.24522459129809493,0.5737704918032787,-0.09953039255265284,0.10458532947204807,129
无负正,负负正,203,-0.0177558213037539,-0.007457212713936401,0.11577519569408293,0.458128078817734,-0.0677479321355749,0.052156380671828595,203,-0.030780861460839956,-0.016422547714158853,0.15783524037660265,0.4433497536945813,-0.10191220563559411,0.0652758401400112,203,-0.0016001259792128,-0.01590744757772955,0.18765447706409688,0.42857142857142855,-0.09504530347679185,0.079445258706901,196,0.030813496246329817,-0.008527258510014568,0.2813657195617869,0.4846938775510204,-0.13971340345459812,0.1545108617311185,203
无负负,无无无,1030,0.02092028364794168,0.006836263551864286,0.08439132391608102,0.5475728155339806,-0.023686614373156778,0.05009077335505113,1030,0.03637580066690598,0.011358718268830614,0.12369780585927147,0.5640776699029126,-0.036345865148663364,0.06914990832348766,1030,0.03870032037674119,0.01832190812040857,0.14875852555281788,0.5563106796116505,-0.04770583256386571,0.10362264141452981,940,0.041842607597263264,0.013795333418731626,0.19186726568633905,0.5340425531914894,-0.08033955828466427,0.12934397830835287,1030
无负负,无无负,2792,0.0051149746510284365,0.0012649304753930002,0.0731855809657888,0.5046561604584527,-0.030497966921587405,0.03600120392109807,2790,0.01571815211761688,0.01103056296622329,0.09126146037095352,0.5551971326164875,-0.036292793991755834,0.05757552621687656,2789,0.027930388305977147,0.017452006980802626,0.12830205302430076,0.5589817138759412,-0.04796163069544368,0.08926673751328384,2666,0.0467407116644434,0.026134743816487505,0.1911025396210856,0.5832708177044261,-0.06270016295565839,0.13296733832352342,2793
无负负,无正无,1,0.14226375908618882,0.14226375908618882,,1.0,0.14226375908618882,0.14226375908618882,1,0.11111111111111094,0.11111111111111094,,1.0,0.11111111111111094,0.11111111111111094,1,0.21079958463136017,0.21079958463136017,,1.0,0.21079958463136017,0.21079958463136017,1,0.25233644859813054,0.25233644859813054,,1.0,0.25233644859813054,0.25233644859813054,1
无负负,无负无,591,0.017840736009536576,0.009296148738379806,0.07884424086220863,0.5668358714043993,-0.0252672743284848,0.047320173880816,591,0.03228783178542208,0.012084592145015005,0.11532023413250234,0.5736040609137056,-0.03308756666420898,0.07343504075711393,591,0.04087192396190566,0.02863881401617241,0.1656780227645343,0.5989847715736041,-0.04469575200918491,0.10144108150214215,560,0.0726058241574372,0.03344086021505377,0.3701579982518797,0.6071428571428571,-0.04840357951069904,0.1296785210885829,591
无负负,正无无,373,0.004111390660238057,-0.0030229746070133956,0.0705335350767745,0.46648793565683644,-0.0317700453857791,0.03055555555555567,373,0.010137677066622644,-0.0026041666666667407,0.09337345995018495,0.4772117962466488,-0.04247787610619469,0.04508196721311464,373,0.024203317913972736,0.007429420505200568,0.13607157252672342,0.5254691689008043,-0.05339805825242738,0.07604166666666679,372,0.030172536632726194,0.014507832592938974,0.16852898132748065,0.5241935483870968,-0.07814333341425328,0.12712175875906784,373
无负负,正无正,1,0.0476795931341385,0.0476795931341385,,1.0,0.0476795931341385,0.0476795931341385,1,0.13159567705022246,0.13159567705022246,,1.0,0.13159567705022246,0.13159567705022246,1,0.0527654164017799,0.0527654164017799,,1.0,0.0527654164017799,0.0527654164017799,1,-0.0371900826446282,-0.0371900826446282,,0.0,-0.0371900826446282,-0.0371900826446282,1
无负负,正无负,545,-0.00044074051909231553,-0.0050890585241729624,0.07456361391448879,0.43119266055045874,-0.03970223325062017,0.02737665463297212,545,0.00984172699972745,0.003262300205620461,0.09081813274838162,0.5174311926605505,-0.038674033149171394,0.050100200400801764,545,0.04171716859378499,0.021966527196652708,0.15386677633536874,0.5706422018348624,-0.05013927576601662,0.1016691957511382,540,0.043622442513580564,0.011658706497516658,0.2033757311387918,0.5314814814814814,-0.06881908709738882,0.11720613154005305,545
无负负,正正无,16,0.012770169707603127,0.007629183365598147,0.04768198349227424,0.5625,-0.01750540152788138,0.028590897043759556,16,0.01300595505091652,0.022352074573373515,0.04492991912337514,0.625,-0.004559902553591955,0.02917291354322854,16,-0.005093067620181316,0.01010201893195517,0.06747203597898599,0.5625,-0.02490139457585555,0.044026614944001174,16,-0.009329153632259363,0.013058349141171433,0.1390134242852047,0.5625,-0.05939794062954032,0.04053746095150301,16
无负负,正正负,12,0.05203036253357073,0.04620638923917619,0.09117714248657456,0.75,0.0074271998550790586,0.09170421395755335,12,0.02655910947630699,0.02187368642286669,0.053670935383324146,0.75,0.01143292682926822,0.06862248839093243,12,0.03047654305341947,0.03163734506197524,0.10302460941938021,0.8333333333333334,0.028746433585435438,0.07118336463094399,12,0.07573726808334787,0.07384498123827388,0.12270212946274271,0.9166666666666666,0.06547217367340646,0.12418121497205636,12
无负负,正负无,116,0.01761543335444094,0.01514115030560459,0.06347435133292414,0.6551724137931034,-0.025351158077832198,0.051123808645415214,116,0.03489438891071373,0.028658918570865888,0.09817220246490337,0.6551724137931034,-0.023351645578664426,0.07777327779063486,116,0.05310219506532853,0.03368776274773355,0.13631806866231388,0.6637931034482759,-0.01978704667593953,0.13009632272451727,115,0.041552490855370265,0.02680965147453085,0.16072825678333771,0.5565217391304348,-0.07704710623678657,0.14226487075677352,116
无负负,正负负,558,0.004708802920439482,0.004052565692760024,0.0709552918793234,0.5286738351254481,-0.03322368421052638,0.046197745158229664,558,0.02715054407771989,0.015197264201619709,0.09083112892865114,0.5770609318996416,-0.026763472656562565,0.06906410610104613,558,0.06874802864649111,0.0363133568381252,0.1459524018122844,0.6666666666666666,-0.02139171341912907,0.14092548076923073,547,0.07202450369447086,0.047945205479452024,0.18985039205446497,0.6307129798903108,-0.04376400245444306,0.14868713832528357,558
无负负,负无无,49,0.04009297769536484,0.030792529025744475,0.09679922370946609,0.5918367346938775,-0.029629629629629672,0.10510510510510507,49,0.033031599482204424,0.007162534435261714,0.12414935217024506,0.5102040816326531,-0.040257648953301195,0.1061902365374936,49,0.02629171923368723,0.0021980472440943366,0.17626771201680386,0.5102040816326531,-0.09466019417475724,0.17539026629935717,48,0.05821352556113666,0.01977471815598142,0.21049417618475535,0.5208333333333334,-0.07800303454715216,0.1870912641072272,49
无负负,负无负,222,0.004149237299308478,0.007225863961995427,0.07690950428216832,0.5585585585585585,-0.031388320855799734,0.04012465373961227,222,0.006484470533639428,-0.0015855698687678998,0.09319979346465056,0.49099099099099097,-0.04380467715601624,0.04309770164913207,222,0.01039021283465538,0.004063129063129112,0.13769444345038784,0.5180180180180181,-0.07945058222348828,0.07195902446413671,221,0.06864320050668778,0.021299836155106666,0.2175681449008895,0.5475113122171946,-0.05439330543933052,0.1634877384196185,222
无负负,负负无,180,0.03246256690927418,0.025317755168290046,0.0884202714733652,0.6222222222222222,-0.022429351374882306,0.08627499245188164,180,0.04127466921970672,0.017794579973094082,0.1371922441661583,0.5722222222222222,-0.039981406879454645,0.08425949089130158,180,0.10475953786863834,0.07874437144755286,0.32297992731333647,0.6611111111111111,-0.03241703626915804,0.15970719100747705,174,0.14865256552921607,0.06296367141496206,0.5238415404331114,0.6666666666666666,-0.04352430411498212,0.20860004741583682,180
无负负,负负负,2889,0.0013094430379975107,0.001293661060802087,0.07738747560891437,0.5084804430598823,-0.03724394785847307,0.03719546215361724,2889,0.01804137468078292,0.007106737734043911,0.10226046881339014,0.540325372101073,-0.03950617283950619,0.06101694915254252,2887,0.04053468765788739,0.026315789473684292,0.12658220478997118,0.5981988223068929,-0.03782607915605146,0.09832859447068076,2791,0.06701280379869268,0.04603960396039608,0.1848069456400466,0.6352561805804371,-0.037453285911145495,0.13780780780780777,2892
正无无,无无无,53295,0.003966767801643148,0.0,0.05916973930645638,0.4972323857772774,-0.027443057162232276,0.029779171020550388,53156,0.008718866402392238,0.0020997381114040703,0.08890905360446966,0.5110994055233652,-0.03890631927681165,0.046132445710893144,52717,0.01961513367333187,0.005093378607809784,0.1421055101564693,0.5199271582222054,-0.057503506311360364,0.07582938388625604,51869,0.039838678278031885,0.006480881399870464,0.21750887779302153,0.5175923962289615,-0.08055235903337166,0.11489361702127665,53455
正无无,无无正,117,-0.004545078580640698,-0.00924499229583986,0.06393591644562786,0.4188034188034188,-0.047436291065397596,0.027855153203342642,117,0.004411738568316494,-0.0037523452157598447,0.1275075897739132,0.47863247863247865,-0.05851755526657998,0.058217270194986126,117,0.030064360908251122,0.012648809523809534,0.17647211423430287,0.5384615384615384,-0.08686468646864676,0.12492546213476441,117,0.09905580537122274,0.04288631722260039,0.30038147691917877,0.5811965811965812,-0.10413030831879,0.23402919478888706,117
正无无,无无负,481,0.007856589248243066,0.003284072249589487,0.07345929968180917,0.5135135135135135,-0.029096477794793296,0.03926234384295069,480,0.01807623723322483,0.01352702920968607,0.09690637543487642,0.5770833333333333,-0.035890072386253746,0.0681681420011585,477,0.021180517142163485,0.008356545961002881,0.14297347153740947,0.5324947589098532,-0.06663196251952119,0.08434975892857133,462,0.025111587038902095,0.0051996176289155205,0.1931236171415711,0.512987012987013,-0.09675360997254906,0.11052946501088734,481
正无无,无正无,425,0.009336198177361798,0.0043604651162791885,0.06130625465553186,0.5435294117647059,-0.022817025010969716,0.03340101522842631,425,0.017517794071882496,0.011134307585247027,0.09074079661469296,0.5647058823529412,-0.032783073703789745,0.05540355677154585,425,0.03149363026203823,0.013692579505300229,0.14099332289282743,0.56,-0.05344398340248968,0.09756550826983812,411,0.0722614974431842,0.020460358056265893,0.2574968295601395,0.5693430656934306,-0.06267303655819823,0.14257660107350023,426
正无无,无正正,26,-0.005045159214594782,-0.0007491146826478223,0.06698693347316305,0.46153846153846156,-0.030703576057499654,0.027303106585921222,26,-0.01744959369051467,-0.005998785730320144,0.08593444358176922,0.46153846153846156,-0.03738823259057758,0.03321781367679966,25,0.0067910451777957355,0.015358361774744145,0.13696823174246242,0.72,-0.06374501992031845,0.08951175406871625,25,0.05229469427472996,0.0625,0.16179057536354421,0.6,-0.043375680580762244,0.14528101802757187,26
正无无,无正负,2,0.016325910791446296,0.016325910791446296,0.0064505178432026225,1.0,0.014045308336899598,0.018606513245992995,2,0.04276157212474274,0.04276157212474274,0.007233014075513545,1.0,0.040204315474136054,0.04531882877534943,2,-0.004224360478760902,-0.004224360478760902,0.005974147881416569,0.0,-0.0063365407181413536,-0.002112180239380451,0,,,,,,,2
正无无,无负无,469,0.002516922347914517,0.0017094017094019254,0.05969768287566285,0.5181236673773987,-0.026887280248190093,0.03237095363079612,469,0.011055571811052418,0.006862933844678842,0.07728332561316369,0.5437100213219617,-0.02685851318944843,0.04924242424242431,469,0.019236083290254908,0.013281249999999911,0.1149010180467694,0.5501066098081023,-0.04355400696864109,0.07376283846872078,467,0.026776666152553686,0.012345679012345734,0.15198579783017152,0.5481798715203426,-0.059916844486368304,0.10927318295739352,469
正无无,无负负,55,-0.0027298216031433533,-0.003636363636363771,0.06099937363404998,0.43636363636363634,-0.042088728449843626,0.029462822423609203,55,0.01615549117134159,0.020432406747445953,0.0979824051925739,0.6,-0.0384175515272871,0.05962562567051388,55,0.029701988459611788,0.014447884416924461,0.11979599349025943,0.5636363636363636,-0.05353198693277256,0.10283480333488337,55,0.02968779925650027,0.007692307692307665,0.15615920962746965,0.5272727272727272,-0.08416734713482865,0.09876125277902637,55
正无无,正无正,1314,0.004594175100045121,-0.0028305584452080756,0.07907697119293448,0.4786910197869102,-0.034411239290654344,0.03582884406800363,1313,0.019970616042124266,0.008012820512820484,0.11575971155309778,0.5361766945925361,-0.043041606886657036,0.06738396448303074,1292,0.04176202024802175,0.01973256300289028,0.18861035295374953,0.5750773993808049,-0.05942121750026111,0.1147504807214137,1274,0.09145689241709236,0.032223023551405605,0.30482833633998296,0.5643642072213501,-0.07853595828900037,0.18139268283351656,1315
正无无,正无负,35,0.017521673284073756,0.010405323653962517,0.08330344774158764,0.6285714285714286,-0.02059918843318309,0.062255780005991856,35,0.05428692118797674,0.04562737642585546,0.14471189520171232,0.6,-0.03353557180851052,0.11570941060790096,35,0.06865942555816455,0.07815275310834813,0.138277273721896,0.7142857142857143,-0.03213295668783489,0.1336322914494006,35,0.06646370572795689,0.03524229074889895,0.19027056749329643,0.6857142857142857,-0.014134859033761604,0.13631678514575107,35
正无无,正正无,8597,0.009885573612374065,-0.0008176614881441058,0.0764805070268287,0.48924043270908457,-0.030303030303030276,0.03523316062176174,8578,0.016672597137787442,0.00369631996138009,0.10226268805372193,0.5212170669153648,-0.03726804679233456,0.052297299528480445,8552,0.02864299423522463,0.0076725411311053815,0.15689086172408093,0.5279466791393826,-0.05694387612374685,0.0857018488350389,8451,0.049288168156444156,0.009580111489361665,0.2253672800652007,0.5288131582061294,-0.08202804001677216,0.12880176045484126,8614
正无无,正正正,1322,0.009728204603922956,0.0,0.08725751420433889,0.49546142208774585,-0.038094487312657715,0.04079106682211353,1320,0.027313927539554517,0.006719550450226874,0.13086148160142083,0.5393939393939394,-0.045106108913514215,0.07770544011694691,1316,0.04641921654797779,0.015224350235038653,0.1986958719198268,0.5531914893617021,-0.062081761200686175,0.10465234653364558,1306,0.07776315631976484,0.016898190901521448,0.301514656281829,0.5490045941807045,-0.08763209159146065,0.15757388127518085,1324
正无无,正正负,1,-0.02507374631268433,-0.02507374631268433,,0.0,-0.02507374631268433,-0.02507374631268433,1,-0.0663716814159292,-0.0663716814159292,,0.0,-0.0663716814159292,-0.0663716814159292,1,-0.09587020648967559,-0.09587020648967559,,0.0,-0.09587020648967559,-0.09587020648967559,1,-0.08849557522123896,-0.08849557522123896,,0.0,-0.08849557522123896,-0.08849557522123896,1
正无无,正负无,17,0.002563199600382916,0.008583690987124415,0.0681633327573938,0.6470588235294118,-0.008116883116883078,0.02874432677760952,17,0.016341218178360244,0.010300429184549431,0.10014943537150559,0.6470588235294118,-0.014610389610389518,0.07972665148063807,17,0.019209676615397454,0.020583190394511064,0.10514994945832168,0.5882352941176471,-0.060810810810810856,0.0724919093851133,17,0.016741189410437764,0.032362459546925626,0.2211738938426794,0.5882352941176471,-0.1339449515151515,0.14876033057851257,17
正无无,正负负,2,-0.009551127023517125,-0.009551127023517125,0.1721974778481033,0.5,-0.0704321291683242,0.05132987512128995,2,0.07498187603417861,0.07498187603417861,0.1652210401449945,0.5,0.016567417093568404,0.1333963349747888,2,0.05954613560364763,0.05954613560364763,0.016867449587438448,1.0,0.05358259161134765,0.06550967959594761,2,0.09419388118075345,0.09419388118075345,0.012808243796602658,1.0,0.08966548315891931,0.09872227920258758,2
正无无,负无无,1714,0.014945362076239269,0.007062576302426016,0.06644513908769552,0.558926487747958,-0.022419591773619962,0.04342294501604166,1703,0.02260395959070336,0.01281503630926939,0.0909330725514519,0.5631238990017616,-0.03378032587346819,0.06594856331004084,1655,0.03356398411003772,0.00990099009900991,0.1428162183955851,0.538368580060423,-0.057184959206886266,0.09592600651875993,1635,0.055692291472138986,0.018547140649149974,0.22510905824037786,0.5486238532110091,-0.07169783964042326,0.1395417357715888,1714
正无无,负无负,72,0.02472528255436833,0.021852902942214536,0.05968688633051289,0.6666666666666666,-0.009697669425805966,0.052218441346090105,71,0.046634673030277525,0.045347003154574184,0.10309645377590647,0.7183098591549296,-0.003867416259812295,0.10343760814622938,68,0.018544207025502007,0.009349836757843288,0.11833897229539016,0.5147058823529411,-0.04755083540617025,0.09014356627809861,68,0.06714524706267792,0.03652865786840731,0.2855249271441802,0.5882352941176471,-0.05588767972353881,0.11180581098828712,72
正无无,负正无,11,0.00015379911822426868,-0.0001811594202899558,0.05313383725601204,0.45454545454545453,-0.031204621503882757,0.034008663040921205,11,0.00868075732994406,-0.03745318352059923,0.13365159676438787,0.36363636363636365,-0.09270767841885513,0.08273988273988275,11,0.03959182788906713,0.006519967400163029,0.26362726703354034,0.6363636363636364,-0.09074420504881092,0.041645642532112115,11,0.22646193990660982,0.05481481481481465,0.8030391784167776,0.6363636363636364,-0.14682064887547902,0.15953278416186434,11
正无无,负负无,154,0.0002944123954427882,0.0030741898277336643,0.054837705381543714,0.5324675324675324,-0.02813893079993693,0.0305118673148414,154,0.007375845712476566,0.002631497423576379,0.08045570471653773,0.525974025974026,-0.04080592481640977,0.046323947121954256,154,0.0362031050721118,0.01606265356265346,0.13339046966506357,0.5454545454545454,-0.04492990940255928,0.08855462420351123,154,0.08346414973435001,0.03771416053255694,0.2513585376118711,0.5974025974025974,-0.06127076507316903,0.168301947036872,154
正无无,负负负,38,-0.0017867404345515703,-0.007932986195376024,0.04739058064991269,0.42105263157894735,-0.02892517503608369,0.03300285527764768,38,0.008749280422848478,0.002801615233959276,0.061088806121159946,0.5263157894736842,-0.020014835513415485,0.03883201593439606,38,0.032309120714303634,-0.0002931357132738288,0.12177704950383005,0.5,-0.04092895550271358,0.07074318701893079,38,0.030764670602915434,0.013699267258328485,0.13318040797545647,0.5789473684210527,-0.05233641342051895,0.05017767833732045,38
正无正,无无无,1488,0.006674406422443179,0.0,0.08283063692226982,0.4986559139784946,-0.0356217887295002,0.041208749986602844,1481,0.01121974240160793,0.00013385089010853335,0.11186327481018767,0.50033760972316,-0.052908199018920854,0.06196840826245453,1452,0.022115372288748027,0.002733269056271914,0.16545134092735117,0.509641873278237,-0.07247199322531928,0.09274113864404904,1423,0.062238796870476266,0.014925373134328401,0.2656206809357887,0.5411103302881237,-0.09002595465182162,0.14828204510162857,1489
正无正,无无正,4526,0.00392023732251559,-0.0005067233601137588,0.07619879202747885,0.49469730446310206,-0.03900165052162377,0.04019951383982068,4524,0.011452874058914427,0.004707138253303267,0.11050515140266536,0.5229885057471264,-0.05403561647876737,0.06385298837980902,4487,0.026954181441280485,0.0032414910858995505,0.179407589683983,0.5099175395587252,-0.07715697520390091,0.0967610899259349,4468,0.06797295531181226,0.015691152425563293,0.2742305697523773,0.5418531781557744,-0.0924123206352789,0.16130865102639286,4532
正无正,无正无,8,-0.018397008964761527,0.003116374163326996,0.07361890362037359,0.5,-0.08691442016359052,0.041065783531537,8,-0.03920113768460021,-0.039858595715941136,0.08644971262058282,0.5,-0.09996529743266974,0.014921252280802821,8,-0.07798392540950905,-0.06576689261412827,0.10545842622739193,0.125,-0.1459259764913924,-0.007329488659561623,8,-0.1130423828202643,-0.1264995755853784,0.12964625655605186,0.125,-0.1681556835893632,-0.05913147027753762,8
正无正,无正正,169,0.005424755623948595,0.0,0.08145181326178148,0.4970414201183432,-0.04030054644808745,0.04431434220963171,169,0.010926890012373467,-0.005444028581150118,0.12518465853378188,0.46153846153846156,-0.05729017473503295,0.05555555555555558,168,0.01764130424497576,-0.00983640055556484,0.16908385487068683,0.4880952380952381,-0.09158399040630091,0.1038533560379728,168,0.0519124383484047,-0.005572887758439171,0.26833886795782547,0.49404761904761907,-0.11629527719712945,0.18397126684706594,169
正无正,无负无,4,-0.081542981886875,-0.08198138430110152,0.08088265142295123,0.0,-0.15088307965569614,-0.012641286532280388,4,-0.10303592420582575,-0.11307155331645624,0.06348675820745518,0.0,-0.14464762311925075,-0.07145985440303124,4,-0.08039806315366232,-0.11654906362140205,0.09732599257717492,0.25,-0.13847286167789327,-0.0584742650971711,4,-0.054333075740037484,-0.13353098470342994,0.18033654952861847,0.25,-0.16128372699317034,-0.02658033345029709,4
正无正,无负正,7,-0.04134561498569121,-0.024369016536118226,0.08532255319924975,0.14285714285714285,-0.08425485062180649,-0.02207131678962665,7,-0.04747432786136515,-0.06428571428571439,0.1230625596539267,0.42857142857142855,-0.15794772724655382,0.05054955424074137,7,-0.035655525170858314,-0.13968253968253963,0.17786587075318283,0.2857142857142857,-0.15745761893491872,0.06339256961746403,7,-0.05780913095582026,-0.11428571428571432,0.18166263875698507,0.14285714285714285,-0.13997691756013192,-0.10739968537387706,7
正无正,正无无,390,0.0021741004184545137,-0.006092671965789831,0.06779917621658542,0.44871794871794873,-0.03373027282601762,0.03235190798755949,388,0.011446935728069875,0.004184163169455579,0.0994644492987125,0.5231958762886598,-0.04520991539531591,0.05825467488588432,387,0.03281575132040918,0.020060180541624728,0.15180075256185394,0.5658914728682171,-0.06394825218432332,0.1048649442860432,386,0.08770508745239208,0.039641585102504484,0.255344251753084,0.5880829015544041,-0.07951332772838349,0.18092864206639947,391
正无正,正正无,76,0.00654929140023424,-3.448724520588309e-05,0.06995956941770008,0.5,-0.033494177312060336,0.04092514124293806,73,0.005956684656641768,0.0024937655860348684,0.08892298453482192,0.5068493150684932,-0.0409407665505227,0.046937607326846154,73,0.01868836466812875,0.020075963103635353,0.140288568000171,0.589041095890411,-0.06144393241167423,0.07231493367565234,72,0.05669431019682306,0.04141251403512425,0.2225081938925459,0.5694444444444444,-0.05775723233194496,0.14826972618766188,76
正无正,正正正,2522,0.010736232536513332,0.002376086711076031,0.08893639472895407,0.5154639175257731,-0.03537855333520973,0.04252074569238745,2521,0.02607848754583258,0.00954838709677408,0.12838496244070358,0.5450218167393891,-0.04513540621865608,0.07949125596184414,2509,0.04446035950758,0.017845117845117775,0.19275446537530533,0.552809884416102,-0.07142857142857162,0.12860310421286014,2497,0.0795985116228413,0.021879140808603648,0.29490784256274627,0.5454545454545454,-0.0980392156862746,0.1861167002012074,2524
正无正,负无无,196,0.014549143336397598,0.007637256010693427,0.08453221360830962,0.5561224489795918,-0.03238814173724572,0.0501128009718238,196,0.023760665371905604,0.013345668709944913,0.11582701973992923,0.5867346938775511,-0.041989954689067216,0.08302040996828591,190,0.034175071316281586,0.030804750383478074,0.16405268854277752,0.5789473684210527,-0.07350754496585096,0.10902910590485299,188,0.045341679816110626,0.0065384795980654165,0.22510242793109567,0.5106382978723404,-0.08481786602825891,0.1594385792678012,196
正无正,负无正,142,0.006489947194027736,0.004688194421861525,0.07478307125999054,0.528169014084507,-0.030523351299516915,0.04903237103355851,142,0.018729882274063202,0.01770575757706383,0.10393678461268949,0.5633802816901409,-0.03295864380252467,0.07316707867408251,141,0.04148906995779497,0.016853932584269593,0.15161134596861428,0.5815602836879432,-0.040566037735849214,0.11311184377377637,140,0.03972069773342088,-0.005061988567884368,0.1972477815504613,0.4928571428571429,-0.07911488635977004,0.15115379780660404,142
正无正,负负无,5,-0.015509275778619625,-0.04349046015712654,0.11202725327779217,0.4,-0.1046819868736174,0.046405170092451264,5,-0.007882718355449491,-0.043392018135614885,0.09724626426996527,0.2,-0.04855937528049559,-0.01879910213243552,5,-0.044192501614488885,-0.007629476707656346,0.09798466263229504,0.4,-0.05226558995065056,0.013692946058091238,5,-0.042389999629634946,-0.030290456431535273,0.12417396716202417,0.4,-0.1502525252525252,0.016375056078959283,5
正无正,负负正,3,-0.05692992730378873,-0.02721999107541262,0.0782146898276602,0.3333333333333333,-0.08643321453506769,-0.012571671958321706,3,-0.0627998609321619,-0.0639984897111574,0.13226262988299858,0.3333333333333333,-0.12922879630676598,0.003029760052944419,3,0.13110357441849196,0.017557107796866145,0.46694980604781144,0.6666666666666666,-0.12552223765829512,0.33095615318446614,3,0.3825169764000172,0.0054747970549366975,0.8651065869192093,0.6666666666666666,-0.11230217930894326,0.6888150424364374,3
正无负,无无无,268,-0.007715749124482084,-0.008656145880856558,0.058399343442928776,0.40671641791044777,-0.03806818181818186,0.015643807412100197,267,-0.003011816613692754,-0.014010507880910739,0.07729589242700156,0.3970037453183521,-0.05038565785838556,0.022529889465373487,267,0.03398575309366316,-0.009314703925482282,0.18105898000829265,0.4606741573033708,-0.07760330733463316,0.11256055287245981,266,0.10767952214810103,0.042980683734339165,0.23881407884963632,0.6127819548872181,-0.041400809218729684,0.20677615571776148,268
正无负,无无负,1101,0.012919932952318892,0.009195402298850519,0.08009303439024408,0.55858310626703,-0.027665657584931225,0.044258373205741774,1101,0.02543274446557332,0.0228013029315961,0.09842958733890965,0.6085376930063578,-0.02990654205607468,0.07670454545454519,1098,0.035973706219238025,0.022629003634453526,0.14447106646406993,0.5837887067395264,-0.05257343168527387,0.11115874376806067,1052,0.028451991454850716,0.0024669066912357263,0.208781707923196,0.5047528517110266,-0.08739188875140547,0.11040349704488506,1101
正无负,无正无,2,0.06223967659799934,0.06223967659799934,0.04848690585255765,1.0,0.04509696663445073,0.07938238656154795,2,0.05895676035447317,0.05895676035447317,0.029468419754992106,1.0,0.0485381006346699,0.06937542007427644,2,0.04479974619745908,0.04479974619745908,0.00944737833143487,1.0,0.041459593556162855,0.0481398988387553,2,-0.005278831200051071,-0.005278831200051071,0.03621687752026196,0.5,-0.018083431044041004,0.007525768643938863,2
正无负,无正负,4,0.005264315020805932,0.013262445107613818,0.07198182358238592,0.5,-0.025543320068582953,0.0440700801970027,4,-0.022643128901968956,-0.009406355790716303,0.09097845192026861,0.5,-0.05573904064622631,0.023689555953541053,4,-0.020386539650225605,-0.03297750309693154,0.05867757391327463,0.25,-0.0646240509117125,0.011260008164555357,3,-0.068932820900092,-0.033975084937712396,0.06872930222532954,0.0,-0.0910445801873474,-0.029342193631646807,4
正无负,无负无,11,0.008051000309888751,0.01815311760063154,0.0362962711264972,0.7272727272727273,0.002146543027857606,0.02955026239778691,11,-0.002726059185460115,0.0022857142857142243,0.05381577339563465,0.5454545454545454,-0.026031639070722645,0.005570366190753906,11,-0.02140815239834065,-0.023837902264600697,0.044619388663468186,0.2727272727272727,-0.039439102254971936,-0.005314732816745549,11,0.12958984997785014,0.1466030989272944,0.061332661845137304,1.0,0.11440720815467997,0.16167130701195298,11
正无负,无负负,209,0.001996028355893664,-0.002808988764045117,0.07689127446402153,0.4688995215311005,-0.03703703703703687,0.03696991663646254,209,0.015480531587871337,0.010802469135802406,0.09408688206641037,0.5406698564593302,-0.03940886699507373,0.06362153344208799,209,0.03449728788434251,0.024494142705005384,0.1370361430351559,0.5789473684210527,-0.057096247960848334,0.10470085470085477,209,0.011655294510784262,0.002777777777777768,0.16230831361320666,0.5119617224880383,-0.07133757961783449,0.10569550930996718,209
正无负,正无无,286,0.010528404123940389,0.00454656707275658,0.07749867913932877,0.5244755244755245,-0.02903046811945109,0.032964650267339024,284,0.023578662240149203,0.008403534367131815,0.10212910018923148,0.5492957746478874,-0.03536016613860177,0.06339027031367839,282,0.027563454843866478,0.016465157601977753,0.139051289661623,0.5460992907801419,-0.05985852634474928,0.10021114991877544,267,0.04711657525368702,0.02986932171748613,0.20545535198319906,0.5842696629213483,-0.0714770274323624,0.12756105665392914,286
正无负,正正无,100,0.05043004107905658,0.022310190115395923,0.10580846048007264,0.62,-0.014134745165490126,0.09863203082917604,100,0.040516840674810733,0.02374507632359446,0.09771452962861818,0.68,-0.011646989414293873,0.08641231626529278,100,0.05727380426069748,0.04496642035059706,0.14815098664229806,0.59,-0.05321008284948095,0.15042179777283882,91,0.09989598217940959,0.07079318013343205,0.21973969853833122,0.6373626373626373,-0.04344883010970746,0.20000179103408333,100
正无负,正正负,89,0.015889801590446256,-0.004098360655737654,0.09350542861966796,0.47191011235955055,-0.04914110429447849,0.05591054313099053,89,0.012464497107951807,-0.0013805798435343464,0.0814229136306975,0.4606741573033708,-0.03257170636849782,0.0498960498960499,89,0.008104663071854548,-0.005741601029601084,0.11636878019859653,0.47191011235955055,-0.06362815884476536,0.08624407072013796,77,0.06225543539420149,0.05122950819672134,0.16398193081827483,0.6103896103896104,-0.07126141979102629,0.1750483558994198,89
正无负,正负无,1,-0.04200700116686107,-0.04200700116686107,,0.0,-0.04200700116686107,-0.04200700116686107,1,0.012835472578763163,0.012835472578763163,,1.0,0.012835472578763163,0.012835472578763163,1,0.13768961493582266,0.13768961493582266,,1.0,0.13768961493582266,0.13768961493582266,1,-0.017502917152858788,-0.017502917152858788,,0.0,-0.017502917152858788,-0.017502917152858788,1
正无负,正负负,6,0.006878719813920686,0.006100261999297807,0.01484246471307563,0.6666666666666666,-0.0039323179979777745,0.018450944542257097,6,0.08501463531623366,0.09771338409136454,0.05016524689612027,0.8333333333333334,0.06411921317027891,0.1209658198009429,6,0.12480719060425305,0.12556292249193424,0.06833722238640184,1.0,0.08575983645562013,0.17391692004273146,6,0.08639149464672731,0.1024829067321178,0.08587560191531689,0.8333333333333334,0.03148533213442739,0.15686329557359874,6
正无负,负无无,14,-0.022449057093737727,-0.020421930577701475,0.023443328872036307,0.14285714285714285,-0.046070703396456025,-0.005969803925126832,14,-0.0356483513850143,-0.015369507245600933,0.04859189942295871,0.21428571428571427,-0.05618483295958612,-0.0039292279411764774,14,0.11787612268811018,0.1396177500758432,0.17564996554286905,0.6428571428571429,-0.03301589558627177,0.2637411999579701,14,0.1963649563562241,0.24062241303311682,0.1645659140696992,0.9285714285714286,0.028041373659336455,0.3103387348381139,14
正无负,负无负,19,0.028436972833842764,0.03994673768308932,0.05791709602832077,0.631578947368421,-0.009473543093123704,0.06544014912320872,19,0.04423970679221261,0.08252178370066621,0.14337783603468687,0.6842105263157895,-0.013219187436860902,0.0989924625028552,18,0.04917294381212808,0.03129626698201926,0.2165699274494837,0.5555555555555556,-0.039857008355233176,0.10669092335177988,18,0.09538048082436666,0.050972666334140104,0.29650753191148427,0.6111111111111112,-0.07036945479250589,0.16380494505494514,19
正无负,负负无,3,-0.029195697539795562,-0.044971333014811266,0.02874372440175716,0.3333333333333333,-0.04578425632960048,-0.020494956487498495,3,-0.049081058781467214,-0.027896995708154293,0.060529582792950655,0.0,-0.07262623316224731,-0.01494385286403066,3,0.36258319808759554,0.39484978540772553,0.1001295164341552,1.0,0.3225741999183873,0.41872548991686875,3,0.42717444565451124,0.41692213366033126,0.08244563508179532,1.0,0.38362829091043305,0.46559444440149944,3
正无负,负负负,50,0.012204648787106219,-0.0016747127637889991,0.06014246385107545,0.48,-0.02156344905301047,0.030012962081808703,50,0.046223084718454495,0.03382202654367228,0.08712247206838082,0.68,-0.00710746140210558,0.08003046966126298,50,0.05431807327182195,0.02409181024792051,0.13377715689144953,0.64,-0.018967451457647805,0.1169792000753257,50,0.04462126043964396,0.02612077336870955,0.1604099502892292,0.54,-0.061791525191899205,0.08625441696113073,50
正正无,无无无,7311,0.00500891483341597,-0.00043047783039174004,0.0631754108516488,0.48830529339351664,-0.02905774845860365,0.03320408447975709,7282,0.009334363557084464,0.0007250604436035424,0.09169908245391946,0.5016478989288657,-0.04133293755408424,0.04744899313210499,7254,0.01582811687367073,0.0,0.1406929794882741,0.4993107251171767,-0.06348207237160194,0.07121523674068114,7154,0.03455951267985821,-0.0011331437488449891,0.2360783113475201,0.4944087223930668,-0.08939254262194127,0.11050860830914788,7345
正正无,无无正,15,0.01613232933600363,-0.0011198208286674616,0.08448379330631131,0.4666666666666667,-0.03723045462175889,0.04518517020286816,15,0.020243819052231056,0.010575793184488758,0.08781630948802004,0.5333333333333333,-0.048651940972429086,0.08989034990815148,15,0.04692776207906483,0.03393665158371051,0.11600679890152249,0.6666666666666666,-0.05432901927515921,0.13891308754959608,15,0.09097671336969994,0.08078994614003587,0.23989167789644128,0.6,-0.0540705358096662,0.2407753395523129,15
正正无,无无负,57,0.01204631643207513,0.015503875968992276,0.08226049313932587,0.5964912280701754,-0.015109890109890056,0.045454545454545414,57,0.045088048498182036,0.03040540540540526,0.10317191224814799,0.6666666666666666,-0.01379310344827589,0.08084358523725821,57,0.02517094576145631,0.007867132867132698,0.13602586447190393,0.5263157894736842,-0.028095238095238173,0.05493482309124764,47,0.048436947780254654,0.022587268993840004,0.22320088942595354,0.5319148936170213,-0.05489744222133158,0.13175459288332358,57
正正无,无正无,11147,0.0028909300918267267,-0.0036790273611110313,0.06400243752609798,0.4617385843724769,-0.03222236512873283,0.0300892080901487,11098,0.007858971121766402,-0.0012334268957805983,0.09090348504804806,0.490448729500811,-0.044270913620647306,0.04614399264271157,11058,0.02271721109988253,0.0021607531901650656,0.15012181777701125,0.5085006330258637,-0.059219878068788034,0.07712160613655505,10941,0.038418888008052,-0.0009466335344928689,0.2333133932225296,0.49739511927611735,-0.09103641456582623,0.11755952380952395,11179
正正无,无正正,115,-0.0016867828104665172,-0.008849557522124019,0.07859413300637406,0.4434782608695652,-0.04159343645802149,0.02982482946999876,114,0.009971676268820413,0.0030661859735341412,0.10702384999651196,0.5175438596491229,-0.04735257224096279,0.05098895024268135,114,-0.00026011710978977306,-0.019144331037534768,0.16784565928605552,0.40350877192982454,-0.09474391315523614,0.05021189812284199,113,-0.0074871369967751625,-0.041143216080401945,0.19808253132099946,0.4424778761061947,-0.12372188139059304,0.07589025102159952,115
正正无,无正负,13,0.01639096611558285,0.01473684210526316,0.06697811441664965,0.6923076923076923,-0.024242424242424288,0.052514587385384726,13,0.021060107577495206,0.014348785871964864,0.06246818804505443,0.6923076923076923,-0.005279244234509872,0.05977011494252893,13,0.007988219206038299,0.015151515151515138,0.0973883975705324,0.6923076923076923,-0.027759635761589574,0.0215337593776046,9,0.08582064312176738,0.07126979716587933,0.14113190803075723,0.5555555555555556,-0.020202020202020443,0.2396551724137932,13
正正无,无负无,2,0.05152365967430772,0.05152365967430772,0.16247695132178464,0.5,-0.005920617358767533,0.10896793670738297,2,0.005806085743037814,0.005806085743037814,0.08031224648842471,0.5,-0.022588581309107486,0.034200752795183115,2,0.021392671088550697,0.021392671088550697,0.25582756389887207,0.5,-0.06905603153511292,0.11184137371221431,2,0.015536547260970923,0.015536547260970923,0.02952886221274121,0.5,0.005096517905294667,0.02597657661664718,2
正正无,正无无,3531,0.0016351978014174306,-0.004968944099378869,0.06458361790544455,0.45143018974794674,-0.03191004480304105,0.028039688576758093,3524,0.008692946271756463,0.0010493888175019395,0.08781627514763696,0.5042565266742338,-0.03933748444994367,0.04411304010285244,3518,0.013876419984982846,0.0024522845401609983,0.13285667191597847,0.5076748152359295,-0.06219941225518244,0.07355292863414015,3464,0.027023075223755317,-0.003408879644907159,0.20470666442000868,0.48412240184757505,-0.09111052030713565,0.10532566511679153,3542
正正无,正无正,113,0.0037021168531427627,-0.008230452674897082,0.09766417950899729,0.415929203539823,-0.04022191400832176,0.044303797468354444,112,0.007772522839758427,-0.010258208364800292,0.1396571750866677,0.4375,-0.05237793232318147,0.05181880073010253,112,0.017455825742980012,-0.003179370125016623,0.2072487551521524,0.48214285714285715,-0.07774730887935397,0.08119193149175308,110,0.07030798158017781,0.024919185523377907,0.2781729393845601,0.5363636363636364,-0.11177430657281093,0.15182619676166348,113
正正无,正无负,4,0.028101013688773074,0.0281437584006915,0.046885806832995584,0.5,-0.009388602420299624,0.0656333745097642,4,0.08621344160888422,0.06852269390847121,0.0615633528107946,1.0,0.058825239746440494,0.09591089577091494,4,0.0346398977922634,0.041848862671092335,0.09163224561881847,0.5,-0.024046633969725784,0.10053539443308152,4,-0.009143295400110774,-0.005517875599927002,0.05477723292781168,0.5,-0.033336665764844176,0.0186754947648064,4
正正无,正正正,3795,0.006034211119360225,-0.006774361646691096,0.10863838528092608,0.4490118577075099,-0.046199050406772135,0.037255832151415924,3792,0.015872497613929004,-0.0036512823768410363,0.1414068824401491,0.4796940928270042,-0.05753726743319226,0.05774162663651966,3784,0.032588362766467274,0.0009831780752714847,0.19967888882668078,0.5010570824524313,-0.07376440512903737,0.09162076541919523,3767,0.055039426434727416,-0.0017574692442882123,0.29837588797382153,0.4958853198831962,-0.102679018787738,0.1323023545008576,3799
正正无,正正负,14,0.004141323816006047,0.010282092565256029,0.04343806368743095,0.6428571428571429,-0.014742661185295575,0.026170524974417297,14,0.021307322802056074,0.024867737927743327,0.05275419750730168,0.5714285714285714,-0.01865285988333404,0.05593542591959477,14,0.006518671443821122,0.021299285641242838,0.075317716879747,0.5714285714285714,-0.026870670624952325,0.04201056482725124,11,0.015290119771150901,0.03498542274052485,0.10613900713672658,0.6363636363636364,-0.03902243276044309,0.08366743712574853,14
正正无,负无无,879,0.011619954619188622,0.005353955978584013,0.06746024168385371,0.5449374288964732,-0.02650876322751322,0.037540765902089546,877,0.015495816404733423,0.006373117033603881,0.08884253570316011,0.5393386545039909,-0.03418290854572714,0.05597014925373123,875,0.032117514707571154,0.019905213270142053,0.1307048043085184,0.5737142857142857,-0.044730596776916876,0.09140640541078182,867,0.03608292281071369,0.007366482504604033,0.19162226643806815,0.5213379469434832,-0.06944975098479972,0.10501356982670751,886
正正无,负无正,1,-0.07098214285714288,-0.07098214285714288,,0.0,-0.07098214285714288,-0.07098214285714288,1,-0.17232142857142851,-0.17232142857142851,,0.0,-0.17232142857142851,-0.17232142857142851,1,-0.3504464285714285,-0.3504464285714285,,0.0,-0.3504464285714285,-0.3504464285714285,1,-0.3129464285714285,-0.3129464285714285,,0.0,-0.3129464285714285,-0.3129464285714285,1
正正无,负无负,12,0.04964772102633228,0.04982512697302388,0.051197386938625356,0.9166666666666666,0.02873615125240847,0.07371711760892552,12,0.09558973836157647,0.1082210426024226,0.060903831335361445,0.9166666666666666,0.07772244751908419,0.1332529413824498,12,0.03618156964697161,0.05356817006782033,0.09271896539159563,0.75,-0.009889714203411393,0.09151822936405674,11,0.054616757384763126,0.07544910179640718,0.13955544038985868,0.5454545454545454,-0.037182462809313255,0.13332722510548511,12
正正无,负正无,531,0.011290756741887075,0.0034552260293696513,0.062012361489600376,0.5386064030131826,-0.028596301319839423,0.04132080217694534,529,0.025421589066832513,0.014382402707275865,0.0978248895448496,0.5992438563327032,-0.03285291639116994,0.06296296296296289,529,0.06078941540116065,0.02587991718426519,0.16141587477009003,0.5992438563327032,-0.043034605146406446,0.1286596830513027,526,0.05250938556499026,0.01009291078019603,0.2079418015619107,0.5304182509505704,-0.07029916183491469,0.12323762823545464,533
正正无,负正正,5,0.027322225309202475,0.015625,0.032215792148447386,1.0,0.008503401360544283,0.02614107883817418,5,0.017805137356908852,0.024096385542168752,0.06973464352985562,0.6,-0.028911564625850317,0.06924715909090917,5,-0.022160533997648522,0.04130808950086062,0.17250882746368337,0.8,0.00340136054421758,0.056431535269709565,5,-0.12386309879175843,-0.09863945578231281,0.1468087944286402,0.2,-0.10499139414802061,-0.05237926136363624,5
正正无,负正负,1,0.03887195121951237,0.03887195121951237,,1.0,0.03887195121951237,0.03887195121951237,1,0.07621951219512191,0.07621951219512191,,1.0,0.07621951219512191,0.07621951219512191,1,0.03277439024390261,0.03277439024390261,,1.0,0.03277439024390261,0.03277439024390261,1,0.1707317073170731,0.1707317073170731,,1.0,0.1707317073170731,0.1707317073170731,1
正正无,负负无,4,0.050836192122207746,0.03764196885603588,0.051290198458137135,1.0,0.01905627740659621,0.06942188357164741,4,0.05961524211629282,0.0624603700458104,0.016578760842769057,1.0,0.04998257796361283,0.07209303419849039,4,0.05652647066148936,0.05492556134836524,0.008180995477104673,1.0,0.052309997722361445,0.05914203428749315,4,0.07863379167432294,0.0719468714662237,0.018048138069999917,1.0,0.07000858657507647,0.08057207656547016,4
正正无,负负负,1,0.116222760290557,0.116222760290557,,1.0,0.116222760290557,0.116222760290557,1,0.15823244552058124,0.15823244552058124,,1.0,0.15823244552058124,0.15823244552058124,1,0.2819447730024216,0.2819447730024216,,1.0,0.2819447730024216,0.2819447730024216,1,0.43989976489104143,0.43989976489104143,,1.0,0.43989976489104143,0.43989976489104143,1
正正正,无无无,1198,0.006663234490951461,-0.0011518482764960591,0.08840457881820926,0.48831385642737896,-0.04002862678851138,0.04338733910278231,1191,0.012671966805385779,-0.002393776181926932,0.11512443217398767,0.4827875734676742,-0.05501077841999796,0.06146770352181308,1185,0.021266192509735157,-0.0017452006980804846,0.17560037119496896,0.48945147679324896,-0.08192378235174258,0.08790436005625879,1166,0.04564193861326866,-9.94629003381875e-05,0.2665588161021564,0.49828473413379076,-0.10366774541531826,0.13353722078445496,1199
正正正,无无正,3915,0.005579902374361145,-0.0009196811771916558,0.0859271076710397,0.4909323116219668,-0.044176175112508986,0.04460077732892642,3913,0.01606588911661815,0.0,0.14503027711712702,0.49884998722208024,-0.058641975308642125,0.0680628272251309,3900,0.032224898491180105,0.0,0.21030349543690996,0.49923076923076926,-0.08154890716789437,0.1090244169432153,3884,0.06098157832324489,0.005820584343657065,0.2968805997267919,0.5133882595262615,-0.10650699358051932,0.15431542699360223,3916
正正正,无正无,1424,0.004349805681702923,-0.005556627435847894,0.0726234389731382,0.45575842696629215,-0.03760982166273269,0.03763226056064556,1419,0.013087662114533242,-0.00246002460024608,0.11051772937061383,0.4883720930232558,-0.05179933093961153,0.055771994433347016,1417,0.03157543930148731,0.005931198102016699,0.17201454991139836,0.5123500352858151,-0.06296863354037263,0.09579439252336441,1410,0.0561642184346451,-0.0020162392038255428,0.29602295735513345,0.4929078014184397,-0.10288734740191591,0.1374690414094602,1426
正正正,无正正,18602,0.008042064461869879,-0.002907570004746063,0.09340814065341986,0.48059348457155143,-0.04582323900068014,0.04854875196047981,18596,0.016199479481070946,-0.0006100354317361001,0.1361328864836864,0.4956442245644225,-0.06441078269125844,0.07281733268552115,18568,0.027502239964229444,-0.003119577467144252,0.2032398230494349,0.4883132270573029,-0.08659217877094966,0.10847448649332964,18516,0.045393357762383936,-0.012410350338140308,0.29121237717801585,0.472402246705552,-0.12429218118018917,0.14371257485029926,18612
正正正,无负正,3,0.01307892831382799,0.0013793103448276334,0.08640882734640999,0.6666666666666666,-0.03275234123046383,0.053060388873619635,3,0.03169353071212233,0.05013489208633093,0.08659876659018656,0.6666666666666666,-0.006252807380092207,0.07886054949144117,3,0.056309489861333994,-0.0029226618705036067,0.10413662390035931,0.3333333333333333,-0.0038116272769644355,0.08681453113371362,3,0.12646808211844549,0.1618638871857756,0.11433528499123159,0.6666666666666666,0.08024228842047398,0.19039177835008203,3
正正正,正无无,164,0.010800442342699071,-0.005391378765442489,0.09049801388407042,0.4634146341463415,-0.042564807912392505,0.04246703734711116,163,0.02303271343546583,0.009797372522823533,0.10779278196351898,0.5460122699386503,-0.03901135287860724,0.07877302436125966,163,0.032594357489882916,0.0036900369003691758,0.17045634213482685,0.5153374233128835,-0.06835520554922825,0.11847652111367035,163,0.0870489387318879,0.032258064516129004,0.25847292736720107,0.558282208588957,-0.09288749111951095,0.1851127418846359,164
正正正,正无正,1091,0.003894057915903449,-0.0012987012987011326,0.07967532442131077,0.4912923923006416,-0.0417078950238447,0.041350656312375,1089,0.018812203886277096,0.006369426751592355,0.12079499271757538,0.527089072543618,-0.04586815099999997,0.06841927873272668,1084,0.04007495289453353,0.011919290019357875,0.18747490877318201,0.5341328413284133,-0.07074852470220219,0.12037354600383521,1076,0.06435239035846933,0.01136818919497562,0.2688271621482504,0.5278810408921933,-0.10098233017971661,0.17324879428208384,1091
正正正,正正无,1191,-0.004153275158287269,-0.009683426443203191,0.08258257944782896,0.42233417296389586,-0.04955933805601509,0.02885403176784629,1177,0.005252696249775774,-0.009826860084230282,0.11256270535295033,0.44519966015293116,-0.0563230605738575,0.04668567355666431,1175,0.02339138374373415,-0.004143646408839796,0.18579431124967302,0.4808510638297872,-0.07364766081871343,0.07666511574237778,1167,0.05367985370850499,-0.006072874493927016,0.2857259782094207,0.4824335904027421,-0.09616365167300372,0.114419409656914,1191
正正正,负无无,350,0.024215185044736305,0.015621693573159456,0.08419016348535369,0.5942857142857143,-0.020400900900900937,0.0620401731252509,350,0.035033348598844306,0.02144866555624414,0.11905625281662412,0.5914285714285714,-0.03903549630581429,0.08854425875840838,350,0.042767463447032764,0.020917230594649894,0.1683061999838216,0.58,-0.053914604586817544,0.10739017211157525,349,0.05414402692046703,0.02289186580882352,0.21848351845291952,0.5444126074498568,-0.07887628309022154,0.14727272727272722,350
正正正,负无正,616,0.013990542809522158,0.00883820127241175,0.08568277137865023,0.5584415584415584,-0.03572526989646965,0.056496337759356696,616,0.025016406215980218,0.01401074604902397,0.12263879242114276,0.564935064935065,-0.05396134267874536,0.08707580333546122,616,0.03331626477889546,0.004101334103606469,0.19904055856873676,0.512987012987013,-0.07433820105466721,0.10535688466599608,615,0.06630240777935335,0.010242085661080091,0.29055533744837353,0.5203252032520326,-0.11091758591136547,0.17323506439817138,616
正正正,负正无,265,0.020318931343235747,0.006259780907668322,0.07598301181716205,0.5433962264150943,-0.03191489361702149,0.06133333333333302,265,0.025523941586922002,0.009745533297238707,0.10147364633704209,0.5773584905660377,-0.03453343130051423,0.07535771065182817,265,0.054688414690116316,0.0185185185185186,0.1646382117582027,0.5773584905660377,-0.05634674922600613,0.12483221476510065,264,0.05434054975271927,0.0024448461253245846,0.2483089396126816,0.5075757575757576,-0.07617707767517654,0.10905878846320322,265
正正正,负正正,1719,0.018374926191662755,0.004672897196261516,0.11385382033752083,0.5311227457824317,-0.03820599360746729,0.06114635934186097,1719,0.019808864152646793,0.005030181086519203,0.1493755414455989,0.5125072716695753,-0.06273034541372513,0.08199172274703947,1717,0.03204438904594181,0.0,0.23290347397227762,0.49854397204426326,-0.09186628060015789,0.11948420679048843,1717,0.03076780880687672,-0.02103049421661407,0.2793239499305966,0.45835760046592894,-0.1339805825242717,0.12894473821989516,1720
正正正,负负无,6,0.008207638898142059,0.0015250030414107885,0.03280989817769018,0.5,-0.013259376908404591,0.03629835094501499,6,0.029485870356331212,0.03726286732803963,0.044605020259243476,0.8333333333333334,0.007449083427716829,0.0618161556336963,6,0.03267404608864777,0.01430959922871422,0.08019861344303737,0.6666666666666666,-0.01956189010697898,0.0559476059950712,6,0.033106549516207506,0.020933577762407896,0.10737327277172051,0.5,-0.04097459552124155,0.0424271488206005,6
正正正,负负正,6,0.08587245248950907,0.08716556133819886,0.10653391301639334,0.8333333333333334,0.032814548215920114,0.094316291324891,6,0.06337271946968508,0.06066720220158661,0.058330096418467516,1.0,0.01357290184008586,0.09808645632703461,6,0.04830350120291632,0.031749187647177046,0.09644544301658095,0.6666666666666666,-0.010263402573289754,0.09425567047939071,6,0.06814138332556241,0.07800412192426287,0.13720238970896909,0.6666666666666666,0.008953500672917253,0.15813278072475306,6
正正负,无无无,13,0.0012990404381363425,-0.0036511156186612714,0.06994081248729699,0.3076923076923077,-0.022187004754358308,0.014314928425357865,13,-0.000363907282262159,0.007923930269413404,0.0732152144797872,0.6153846153846154,-0.012759170653907415,0.04571428571428582,13,-0.03601320565807887,-0.07981040225467595,0.10470609405030111,0.3076923076923077,-0.11494027731092427,0.054501076210526245,8,0.03356257437858762,0.03639710790149686,0.11419473975705204,0.625,-0.033121758372287174,0.10693969856722729,13
正正负,无无负,58,0.018663906391452916,0.030859297744198377,0.07569044127790912,0.603448275862069,-0.02653074751633666,0.06274535591207858,58,0.03937204801646475,0.04678914451641725,0.09457342834580913,0.7068965517241379,-0.009119000333057847,0.09571028360135242,58,0.032023602780353905,0.03814042110145299,0.10974480385383971,0.603448275862069,-0.036236466098686554,0.1001351374614815,51,0.062361600447321336,0.08477508650519039,0.14948491990977267,0.6862745098039216,-0.06262311816391009,0.16393227762677953,58
正正负,无正无,1,-0.0467001335605397,-0.0467001335605397,,0.0,-0.0467001335605397,-0.0467001335605397,1,-0.024639616819416954,-0.024639616819416954,,0.0,-0.024639616819416954,-0.024639616819416954,1,-0.09501220467001337,-0.09501220467001337,,0.0,-0.09501220467001337,-0.09501220467001337,1,-0.07778750057569195,-0.07778750057569195,,0.0,-0.07778750057569195,-0.07778750057569195,1
正正负,无正负,32,0.0023051210041196667,0.006120042904124601,0.04556058456292397,0.65625,-0.03202590622211943,0.026730154364492886,32,0.018242690816746503,0.02050887021475256,0.06304184012096582,0.5625,-0.01526886616715653,0.06393051411867534,32,-0.005621630287297456,0.03198640998533575,0.07136868895808979,0.53125,-0.04296985066215833,0.045467066283219615,19,-0.007562742046481563,-0.023255813953488413,0.1407704765740215,0.42105263157894735,-0.09887086201245487,0.0976062290475993,32
正正负,正无无,24,0.008509277969457316,0.0061184879129668746,0.06045903107382624,0.5416666666666666,-0.03228594973918067,0.03172028204676203,24,-0.01049521198409715,-0.024697789580753582,0.06663045056590815,0.2916666666666667,-0.04223914786861546,0.00780864788652047,24,-0.001271839100599928,-0.007855181048283144,0.09182028711992445,0.4166666666666667,-0.049249571068933656,0.037070795076290686,16,0.03733290176398671,0.0020992977995148987,0.1588649562669889,0.5,-0.030299163444424793,0.13785947544036076,24
正正负,正无负,22,-0.020463721538049862,-0.03855017626086432,0.0722415603494769,0.36363636363636365,-0.06921304248253743,0.023578508951235644,22,-0.002894973157519394,0.0038787422146528416,0.10627211126293513,0.5,-0.04926461174060559,0.042951340691870676,22,-0.03831515508348368,-0.031466491855876244,0.12889398002204028,0.3181818181818182,-0.08216368122909032,0.011095140141743454,21,0.0021811632323896677,-0.02914110429447858,0.15754054236637294,0.38095238095238093,-0.10007856409016735,0.059259259259259345,22
正正负,正正无,65,0.026262901029932013,0.008084891359272373,0.07760927077407836,0.5692307692307692,-0.0267857142857143,0.05984555984555984,65,0.029540949330865325,0.019722583441699193,0.08423435054900638,0.676923076923077,-0.01869631126831739,0.052175772479418514,65,0.042166845806183594,0.037691144721233805,0.11187407779687093,0.6461538461538462,-0.033919022154316414,0.10638297872340408,57,0.06750165145897755,0.051837477170095125,0.1474567057876785,0.6666666666666666,-0.01827882529065128,0.13525072169357433,65
正正负,负无负,5,0.04567213330748643,0.06331471135940414,0.05063121858541016,0.8,0.048231511254019255,0.07077326343381385,5,0.10852351431935787,0.094855305466238,0.10408289356722403,0.8,0.031284916201117285,0.18096723868954778,5,0.11881895509209253,0.19774919614147923,0.12136818637364283,0.8,0.011918063314711347,0.21060842433697347,4,0.12304833958027472,0.1015119061354095,0.194090389580492,0.75,0.045135441781307795,0.17942480393437643,5
正负无,无无无,327,0.008013129483701083,0.006225240520656428,0.06322150375092403,0.5535168195718655,-0.0226572708605563,0.03319715707156046,327,0.012011996015633474,0.0042613636363635354,0.08414498793226238,0.5412844036697247,-0.029635539732143834,0.05510258035867832,327,0.031246310634800503,0.019704433497536922,0.12502342485559773,0.5871559633027523,-0.04053055707508979,0.09248051050952266,327,0.04065499100527705,0.028955010504201795,0.16385270807277305,0.6055045871559633,-0.06014486531062063,0.1113175169614925,327
正负无,无无正,1,0.0448823207443898,0.0448823207443898,,1.0,0.0448823207443898,0.0448823207443898,1,0.010399562123700079,0.010399562123700079,,1.0,0.010399562123700079,0.010399562123700079,1,-0.04269293924466344,-0.04269293924466344,,0.0,-0.04269293924466344,-0.04269293924466344,1,-0.08757525998905302,-0.08757525998905302,,0.0,-0.08757525998905302,-0.08757525998905302,1
正负无,无无负,12,-0.03456991099986093,-0.04655828101211673,0.05401274688594817,0.25,-0.07377256222325987,-0.00962270547469532,12,-0.025806744253488435,-0.02034373773533299,0.07172315078422754,0.4166666666666667,-0.08872238840312927,0.04367545577347964,12,0.005783599556264563,0.007269724097147212,0.07924848498049586,0.75,-0.006243052034913932,0.027939918017372056,12,0.02137596677215779,0.040212221594307485,0.12292813801059675,0.5833333333333334,-0.06734100667665158,0.08550646862214006,12
正负无,无负无,476,0.00601590947183339,0.009869109175145385,0.06273452914611519,0.6071428571428571,-0.019133524778207484,0.039092592592592734,476,0.019003968169353822,0.013798892356359338,0.07820294731995396,0.6029411764705882,-0.026186496864554154,0.06179725561231997,476,0.0337922467871914,0.027227036647992642,0.11627696562806285,0.6134453781512605,-0.03301421204855712,0.09693627450980374,472,0.047858117011464724,0.03657689457868529,0.17101743225829222,0.6101694915254238,-0.054813463734875,0.12796853137492892,476
正负无,无负负,49,0.0038184088048389664,0.021625652498135528,0.07660502878457959,0.6326530612244898,-0.010657193605683846,0.04064171122994664,49,0.038628340032209066,0.03824451410658303,0.07418538983121804,0.7551020408163265,0.006323593545573436,0.08554125662376988,49,0.07696695282463116,0.0532407407407407,0.13488130308740717,0.6938775510204082,-0.004005340453938744,0.16358024691358053,48,0.08225082671241409,0.048592498107668636,0.1769216807716509,0.6458333333333334,-0.05243082827351689,0.2180069945705621,49
正负无,正无无,346,0.009178203960773094,0.009700587153367413,0.06132171956673484,0.5895953757225434,-0.020474372628436543,0.03801018358574698,346,0.03647155961110717,0.02335690390079126,0.10487769070701172,0.6329479768786127,-0.016329497092849005,0.07380540368474608,346,0.07415322142532224,0.056137950958141,0.15167186571357155,0.7341040462427746,-0.005419674838948396,0.1387094673165028,345,0.07180396861746567,0.04680982542870393,0.21191089659678977,0.6057971014492753,-0.06098579782790314,0.1578947368421053,346
正负无,正无正,1,-0.028523676880222948,-0.028523676880222948,,0.0,-0.028523676880222948,-0.028523676880222948,1,0.0027855153203342198,0.0027855153203342198,,1.0,0.0027855153203342198,0.0027855153203342198,1,0.08403899721448482,0.08403899721448482,,1.0,0.08403899721448482,0.08403899721448482,1,-0.04250696378830088,-0.04250696378830088,,0.0,-0.04250696378830088,-0.04250696378830088,1
正负无,正无负,4,0.10258592727989443,0.09534547726429643,0.09722678361900841,0.75,0.06156632517911151,0.13636507936507936,4,0.13475046086918463,0.060831917842988026,0.1795150502072007,1.0,0.03578053369372253,0.15980184501845013,4,0.21724460598847178,0.1426691061568377,0.2551971806503342,1.0,0.042559468602874295,0.3173542435424352,4,0.3520193657788395,0.25496719576719595,0.4009640473493871,0.75,0.08824351697273236,0.5187430445733031,4
正负无,正正无,5,0.03301579140928956,0.04849498327759183,0.05256419132099354,0.8,0.024069028156221695,0.05294117647058805,5,0.0732703872372273,0.029743589743589816,0.09599119539663056,0.8,0.014235294117647124,0.097813439446367,5,0.07961613343891312,0.10978623702422152,0.14217434099054035,0.6,-0.06235294117647061,0.20779487179487188,5,-0.04774579549391931,-0.12352406902815616,0.2020558591240544,0.4,-0.20468227424749164,0.02687179487179492,5
正负无,正负负,4,-0.04753036610557135,-0.055744895292844154,0.08133757271233037,0.25,-0.10569837961511944,0.0024231182167039345,4,0.009693036815298567,-0.0001404494382021837,0.07137844301380199,0.5,-0.03453073089700984,0.04408331827410622,4,0.0754080895928072,0.07755458978164098,0.11822265981661242,0.75,0.036918138041733606,0.11604454133271458,4,0.02261669491362997,0.07375069170489629,0.20191398531512758,0.5,-0.07078292484172247,0.16715031146024872,4
正负无,负无无,5,-0.029712511947651878,-0.02429149797570851,0.08055593807627713,0.4,-0.035989717223650186,0.007679648930334793,5,-0.08400666460536015,-0.10179948586118248,0.07358899303804417,0.2,-0.12068019747668679,-0.05821817112613925,5,-0.0021123811428083615,0.03116730373419596,0.1932931107290851,0.6,-0.09348546190651463,0.06034009873834334,5,0.16959581352488973,0.2353263850795393,0.39020292823192204,0.6,-0.11004784688995228,0.4707438988532786,5
正负无,负无负,1,0.038345105953582204,0.038345105953582204,,1.0,0.038345105953582204,0.038345105953582204,1,0.04137235116044402,0.04137235116044402,,1.0,0.04137235116044402,0.04137235116044402,1,-0.04540867810292626,-0.04540867810292626,,0.0,-0.04540867810292626,-0.04540867810292626,1,-0.03733602421796167,-0.03733602421796167,,0.0,-0.03733602421796167,-0.03733602421796167,1
正负无,负负无,40,-0.010706576936928319,-0.0012284879081224664,0.06737760483755284,0.5,-0.031196317893424225,0.03135640710621501,40,0.022507416763751526,0.009193310028223212,0.07964947397873141,0.625,-0.018277080062794326,0.06866204352937855,40,0.050855912809799175,0.05182821127618975,0.0970457531480426,0.7,-0.01258400470292731,0.12117441201287965,40,0.055985525102732435,0.04638547507675017,0.11228292544738361,0.7,-0.010037585741643457,0.10016214622641517,40
正负无,负负负,12,0.0013232236863029805,-0.0006404951730379915,0.11629438823518043,0.5,-0.030075151808448414,0.02735410905121427,12,0.017634043132238236,0.016565009871415737,0.06356065863214098,0.5833333333333334,-0.014185082751633077,0.054912831202597656,12,0.04188717347408352,0.03778284506614049,0.07590766608166385,0.9166666666666666,0.005173745761486437,0.08788590183885608,12,0.10322328933123583,0.09833871901433389,0.13816230398408047,0.75,0.015063892310634874,0.18619539442922972,12
正负正,无无正,5,0.038780892731794504,0.01416765053128688,0.07852491831135822,0.6,-0.026306497175141108,0.07785336356764927,5,-0.04419547672656292,-0.018449858757062176,0.11175599804915617,0.4,-0.12811767213813685,0.044864226682408415,5,-0.125330846161119,-0.07035663841807904,0.1929823951829278,0.2,-0.21617535903250207,-0.014167650531287102,5,-0.006904222801099302,-0.048960500590318645,0.356701448874314,0.2,-0.09901738473167054,-0.0313947362288135,5
正负正,无负无,1,-0.0282728948985862,-0.0282728948985862,,0.0,-0.0282728948985862,-0.0282728948985862,1,-0.07897971727105091,-0.07897971727105091,,0.0,-0.07897971727105091,-0.07897971727105091,1,-0.12692573939766438,-0.12692573939766438,,0.0,-0.12692573939766438,-0.12692573939766438,1,-0.10053908358942842,-0.10053908358942842,,0.0,-0.10053908358942842,-0.10053908358942842,1
正负正,无负正,1,-0.03458498023715395,-0.03458498023715395,,0.0,-0.03458498023715395,-0.03458498023715395,1,-0.02766798418972327,-0.02766798418972327,,0.0,-0.02766798418972327,-0.02766798418972327,1,-0.0019762845849802257,-0.0019762845849802257,,0.0,-0.0019762845849802257,-0.0019762845849802257,1,0.0652173913043479,0.0652173913043479,,1.0,0.0652173913043479,0.0652173913043479,1
正负正,正无正,3,0.04828822424384364,0.06959219858156018,0.16832682718147318,0.6666666666666666,-0.03004211226252934,0.1372705479190749,3,0.07819784218687564,0.06724045185583649,0.05873889852242705,1.0,0.0464748358569963,0.10444215335123541,3,-0.057441533817794675,-0.03873050026896163,0.06830375017742515,0.0,-0.08594066952101831,-0.019586881340154516,2,0.05950207730076795,0.05950207730076795,0.16689518293207609,0.5,0.0004957195014477778,0.11850843510008813,3
正负正,负无正,1,0.02993749999999995,0.02993749999999995,,1.0,0.02993749999999995,0.02993749999999995,1,0.11287500000000006,0.11287500000000006,,1.0,0.11287500000000006,0.11287500000000006,1,0.1886874999999999,0.1886874999999999,,1.0,0.1886874999999999,0.1886874999999999,1,0.33568750000000014,0.33568750000000014,,1.0,0.33568750000000014,0.33568750000000014,1
正负正,负负正,1,0.1117824773413898,0.1117824773413898,,1.0,0.1117824773413898,0.1117824773413898,1,0.14577039274924464,0.14577039274924464,,1.0,0.14577039274924464,0.14577039274924464,1,0.1083836858006042,0.1083836858006042,,1.0,0.1083836858006042,0.1083836858006042,1,0.020770392749244637,0.020770392749244637,,1.0,0.020770392749244637,0.020770392749244637,1
正负负,无无无,58,-0.006163452748994282,-0.006759017802792144,0.040751972744657645,0.3448275862068966,-0.029426782068761592,0.013797130694382986,58,0.001977319589685753,-0.002579852579852715,0.062175479396528725,0.4482758620689655,-0.030906053459119426,0.016756406077625186,58,0.04602891213339721,0.0208539772362335,0.16264351155985907,0.5517241379310345,-0.053802577014218006,0.0660004055087483,58,0.07236450931604976,0.041456643491695644,0.2207330318730153,0.6379310344827587,-0.02858147807818573,0.1680345092551257,58
正负负,无无负,165,0.007921479673563233,0.011034482758620845,0.06696556388389845,0.6,-0.01680672268907568,0.03837953091684443,165,0.016884539104839027,0.004464285714285587,0.08338951325280618,0.5333333333333333,-0.02810077519379839,0.06382978723404253,165,0.0334891731170157,0.002941176470588225,0.12502387917850635,0.503030303030303,-0.046225614927905,0.11340206185567014,163,0.04864276443058269,0.027428571428571358,0.17104713288921294,0.5460122699386503,-0.07061722018851269,0.14242876276577932,165
正负负,无负无,55,0.0042267122429867675,0.0,0.03611892402425584,0.4727272727272727,-0.016510871633903246,0.017970890715632848,55,0.0015109563794341958,-0.0035842293906810374,0.059686029696304356,0.4727272727272727,-0.03033404965937664,0.03144109396914452,55,0.06265043112559553,0.03996447602131448,0.11986680695438474,0.6545454545454545,-0.020701560193970014,0.13562487269225776,55,0.12258873419778597,0.10215053763440851,0.14690332651249938,0.8727272727272727,0.04706584664254443,0.17804181919712103,55
正负负,无负负,403,-0.016718128299701294,-0.004705882352941004,0.08298380824700613,0.456575682382134,-0.04770090424686513,0.023834225353343452,403,0.006690969739096144,0.005882352941176672,0.07149672636540941,0.5533498759305211,-0.03512823288964162,0.044591104935932546,403,0.036632583942656075,0.020544427324088455,0.11646152000295978,0.5955334987593052,-0.03636924789673984,0.09681372874851657,393,0.02140077214514804,-0.0014662756598241566,0.15908197773166788,0.49363867684478374,-0.07299270072992681,0.10395010395010384,403
正负负,正无无,111,0.02319941880108935,0.019914651493598834,0.04776114833924045,0.7207207207207207,-0.004183581810970283,0.045287125397622696,111,0.048057156232615895,0.037735849056603765,0.08731741848931257,0.7027027027027027,-0.002041963282128134,0.1010551914273824,111,0.09064914978318862,0.08219178082191791,0.12675755264585753,0.7657657657657657,0.004610527807468623,0.16203356759835674,111,0.08781941472561978,0.06274509803921569,0.1741519186531418,0.6756756756756757,-0.023862446952252314,0.1572388791871292,111
正负负,正无负,174,0.019174775464719757,0.021559372628747298,0.073786095761016,0.6436781609195402,-0.021414054522714637,0.05774438241404373,174,0.05117789782170911,0.03947403268095018,0.11615712900563081,0.6781609195402298,-0.021167729023062853,0.11328917826672652,174,0.09276757957845058,0.09653673163418297,0.18294266192289954,0.7183908045977011,-0.009051643040963647,0.16532676961360965,174,0.047204909603880144,0.019883614963948748,0.17851731664048537,0.5459770114942529,-0.06528947298015667,0.12609149813314685,174
正负负,正正无,2,-0.057131567117646165,-0.057131567117646165,0.13016379710874842,0.5,-0.10315141891793914,-0.011111715317353194,2,-0.043370890793346994,-0.043370890793346994,0.0464883154905465,0.0,-0.05980699235799952,-0.026934789228694467,2,0.003109003639738317,0.003109003639738317,0.021586131230027585,0.5,-0.004522846246429291,0.010740853525905925,2,0.008684618842534075,0.008684618842534075,0.36119548806892404,0.5,-0.11901727063122639,0.1363865083162945,2
正负负,正负无,37,0.030024606768106598,0.03557312252964451,0.053184255797174104,0.7837837837837838,0.006105006105006305,0.06240369799691825,37,0.046600765797772635,0.03963414634146356,0.07661006318789948,0.7837837837837838,0.00468499568487224,0.07112774918109488,37,0.14563147502341006,0.11601513240857475,0.1673104323083082,0.8918918918918919,0.046141392336751075,0.18489984591679498,37,0.14671825249484277,0.12571225071225078,0.2193210491507587,0.8648648648648649,0.059163059163059195,0.15975590674385853,37
正负负,负无无,3,0.0055107115305551195,0.007042253521126751,0.0091239773661403,0.6666666666666666,0.0013800688260545702,0.010407125230341485,3,0.014615942962703484,-0.005415617128463612,0.048936554522596536,0.3333333333333333,-0.013271188845921877,0.0324872947257453,3,0.4010745012810976,0.41057934508816096,0.08685386488778755,1.0,0.36021925000886923,0.44668217445685765,3,0.7378696067136495,0.4241813602015112,0.6512619232388627,1.0,0.363499130804981,0.9553959593662491,3
正负负,负负无,13,0.014950559727538174,0.004550898203592668,0.036517446692098346,0.6153846153846154,-0.014265335235378096,0.03362255965292826,13,-0.006985873471462494,0.008612440191387627,0.03610477338317611,0.6153846153846154,-0.04539877300613493,0.019401197604790532,13,0.1992336243089621,0.1376623376623376,0.24400921855541868,0.7692307692307693,0.005029940119760434,0.2850889991245986,13,0.2508802373559101,0.26390870185449367,0.26190185882306216,0.8461538461538461,0.04306220095693791,0.3930551502772104,13
正负负,负负负,42,-0.008803027749762413,-0.018399097709442536,0.09999431929171619,0.30952380952380953,-0.06729790842283778,0.04368495602919792,42,0.017050445666820513,-0.011445819718321038,0.09276383541545771,0.42857142857142855,-0.028675519812142503,0.03762188777855746,42,0.06657225040932954,0.02241230360197588,0.1682782314222379,0.6428571428571429,-0.03497895544908278,0.08039842416096538,42,0.0911398617962367,0.06194187664911999,0.21085561804250538,0.5952380952380952,-0.039179068184028776,0.18307593187070842,42
负无无,无无无,57618,0.0037905811541004,0.0,0.06087855852934114,0.4983338540039571,-0.0277423648696139,0.030753175870987304,57435,0.005409326510769264,-0.0015084294587400793,0.08765209994331134,0.4870201096892139,-0.042415004553923275,0.04319715011859371,56875,0.016078174572421396,-0.0006574621959238858,0.13668137390443164,0.4949978021978022,-0.06122145737938556,0.0697949092683613,56474,0.0365190927764902,0.0029793767402549465,0.21241777202940285,0.5082338775365655,-0.08357988849208389,0.11144047275137225,57806
负无无,无无正,1313,0.002978656917374033,0.0008051529790662482,0.08349094007801022,0.5026656511805027,-0.03849372384937222,0.04303510758776907,1313,0.00457344553660333,-0.00018921475875122162,0.12330740128157203,0.49428789032749426,-0.06086387434554985,0.060991339598304606,1304,0.02264377099374768,-0.003929000891763457,0.17885835129927913,0.4854294478527607,-0.07936969603982669,0.08693320036313218,1279,0.03746956332625625,-0.0071258907363421775,0.2398516928623062,0.48162627052384677,-0.10089266182603263,0.1279736646767684,1313
负无无,无无负,54,-0.005058496334960484,0.00011370396947718575,0.08281978250964923,0.5,-0.030650530048120544,0.03426875167121568,54,-0.006029832543649628,-0.0012259768408551808,0.11757658746636311,0.48148148148148145,-0.06838129246716382,0.0562594044881044,53,-0.0024303601425042605,0.008599508599508754,0.17508381956683164,0.5283018867924528,-0.11280101394169839,0.09430604982206403,51,0.049450190139364705,0.0382513661202184,0.22203681281498414,0.5490196078431373,-0.11620424162141874,0.19131619496992214,54
负无无,无正无,437,0.011720742340075821,0.003584974178403977,0.0721566817975725,0.5308924485125858,-0.03244552058111383,0.042735042735042805,437,0.02205858986201995,0.009541984732824416,0.09607736067753156,0.5377574370709383,-0.03668171557562072,0.06975717439293616,437,0.031051316422053613,0.005110732538330609,0.1482879780411019,0.5217391304347826,-0.05248306997742669,0.08626887131560013,436,0.038540551414456906,-0.00841968192621223,0.22491498913583768,0.4701834862385321,-0.08125618130006676,0.098853247326883,439
负无无,无正正,142,0.02622403607004735,0.016903890329038496,0.09612817988265328,0.6197183098591549,-0.022703801362338016,0.06145392400136224,142,0.05001857569793849,0.026751276642344224,0.1440234774373106,0.647887323943662,-0.018977774101036765,0.08073891661437838,142,0.05146895406678793,0.018866105786554344,0.15369890336936978,0.5563380281690141,-0.04711075906298959,0.12127914319757643,140,0.014105875761873993,0.0027573193365396653,0.16507189966924815,0.5142857142857142,-0.0806897131331242,0.08904370378545418,142
负无无,无负无,624,0.004270099296926022,0.0018359384592273598,0.06300849577546,0.5128205128205128,-0.02875107354077444,0.03387958363495658,623,-0.000223342451706689,-0.001266114180478839,0.09167115965877902,0.48796147672552165,-0.0462034414971465,0.04444448593384753,621,0.013746291574245157,0.003069838833461347,0.13072898982891396,0.5072463768115942,-0.05703259005145811,0.07626262626262625,611,0.02821743261981973,0.01403508771929829,0.16334289812455088,0.5482815057283142,-0.0629734541098314,0.10577031954163563,625
负无无,无负正,6,-0.06632517773771586,-0.033564006518104705,0.07707168647147436,0.0,-0.09192537575003365,-0.013800405415188649,6,-0.09972352498988946,-0.07597585792248635,0.11890005772221168,0.0,-0.1178719150612938,-0.01424115929147357,6,-0.03276451937743106,-0.015390465702278366,0.12263441407037465,0.5,-0.06997155674775682,0.010376845144717373,5,-0.0426570086904988,-0.026315789473684292,0.2955383525407946,0.4,-0.05008787346221433,0.06824228696549595,6
负无无,无负负,21,0.006319163120383926,-0.0007632041884816365,0.060082442688372414,0.47619047619047616,-0.029508196721311553,0.013913043478260834,21,-0.014445317723970433,-0.021812080536912748,0.08973661778474175,0.23809523809523808,-0.06846210252649809,0.0,21,-0.06050546341967993,-0.059633027522935866,0.1309468748567409,0.42857142857142855,-0.17739130434782602,0.043859649122807154,21,0.053801162150033624,0.015544041450777257,0.19936866582623514,0.5238095238095238,-0.046969696969696995,0.07524536532170112,21
负无无,正无无,2076,0.008107266034153323,0.00205298462114345,0.06839427040279589,0.5130057803468208,-0.02533459098187013,0.032556477208471046,2071,0.009411275630026653,0.002450980392156632,0.08989624295192972,0.5132786093674553,-0.03807981134126348,0.044874805564345976,2065,0.022847652839449808,0.005813953488372103,0.16506556857814203,0.52590799031477,-0.055288461538461564,0.07916666666666661,2062,0.03509564581335132,0.0051328179312288835,0.21794058624889384,0.51454898157129,-0.07926465737043575,0.10901244413586397,2078
负无无,正无正,102,0.02503719111316252,0.02025641025641023,0.0841415612424037,0.6176470588235294,-0.02448680351906163,0.05192460905654789,102,0.027372254685443034,0.005919557570521206,0.14386092114127816,0.5294117647058824,-0.050517014270032856,0.06596719570760906,101,0.026325717822074816,-0.0036452004860270115,0.17185334479897954,0.48514851485148514,-0.08400000000000007,0.07402912621359214,101,0.06590622297875313,-0.006206896551724128,0.2510400728497535,0.46534653465346537,-0.08883025505716802,0.16570188133140373,102
负无无,正无负,1,0.04495977283483188,0.04495977283483188,,1.0,0.04495977283483188,0.04495977283483188,1,0.06720302886890694,0.06720302886890694,,1.0,0.06720302886890694,0.06720302886890694,1,-0.0352579271178417,-0.0352579271178417,,0.0,-0.0352579271178417,-0.0352579271178417,1,-0.04614292475153792,-0.04614292475153792,,0.0,-0.04614292475153792,-0.04614292475153792,1
负无无,正正无,304,0.016892939479664894,0.005538964445700012,0.07868269391806318,0.5526315789473685,-0.03196066483706442,0.04846744752053561,304,0.019890720042236645,0.008838139624845143,0.10280738685753771,0.5493421052631579,-0.03727956487787937,0.05653235608106072,301,0.036335881645326674,0.01192504258943794,0.15255763586080662,0.5647840531561462,-0.053140677600749586,0.09250663129973491,301,0.05206458994223398,0.006709973404255498,0.2361280191038716,0.5182724252491694,-0.08394068861522996,0.1464646464646464,304
负无无,正正正,118,0.0076754323489304594,0.0016730314602656504,0.06682018327042319,0.5084745762711864,-0.037150032715012604,0.04263806152179844,118,0.009795432048962558,-0.00014556040756907862,0.10036979052948036,0.4830508474576271,-0.04331880999387294,0.05078462928863814,118,0.03057443507691881,-0.0008517887563883608,0.15133524436825393,0.4915254237288136,-0.06388534568790605,0.10142936058555452,118,0.06397260541876318,0.003520995912300373,0.2725852432054103,0.5084745762711864,-0.10367022310656743,0.13229760448957123,118
负无无,正负无,3,0.004288693912469517,-0.0008354218880535225,0.017550471551421767,0.3333333333333333,-0.005482426757195069,0.011497756681872584,3,-0.03624544812355609,-0.03882948790095675,0.00958872520128548,0.0,-0.04155342398389533,-0.03222949215191717,3,0.01439804993794421,0.01294316263365225,0.02267931698242005,0.6666666666666666,0.002712182820585385,0.025356473403157054,3,-0.0069866909399889,-0.030910609857978555,0.047097423843684934,0.3333333333333333,-0.03411537687143523,0.008180035532462604,3
负无无,负无正,50,-0.052649350756621034,-0.014445490733210664,0.12326341519578538,0.28,-0.07260101010101006,0.005783660870480989,50,-0.030390946047744737,-0.02600887918766326,0.11784100617653485,0.34,-0.10484108190247257,0.018366019512740694,50,-0.017747920897204384,-0.012116530408379067,0.18556595705050133,0.42,-0.15064803371155835,0.06280524206859883,50,-0.07030070277388824,-0.09497397262595836,0.22466668615521437,0.38,-0.21472641951023716,0.052798992648236065,50
负无无,负无负,810,0.005036865379469138,0.0020062634566451187,0.0820719761319272,0.5098765432098765,-0.03507340898410122,0.04099699995915784,807,0.012815250931368384,-0.0007745933384972759,0.11369446193044005,0.49566294919454773,-0.050501768665239866,0.05790684227064624,783,0.04062177644932562,0.017106200997861754,0.1586768557458643,0.561941251596424,-0.05023005376576922,0.10643465684528053,753,0.06330374758153147,0.025270758122743597,0.2483522138698587,0.5644090305444888,-0.08289156626506033,0.16123907863383624,815
负无无,负正无,7,-0.020796786369333797,-0.03346080305927368,0.05570034583401305,0.42857142857142855,-0.05832375633769604,0.003686890181428426,7,-0.010358286404481363,0.000996336054509106,0.03371858723743854,0.5714285714285714,-0.034833873220601,0.011352300656005232,7,0.06049679437690246,0.0485053581500281,0.09110341169757094,0.8571428571428571,0.02275909954929045,0.10319636350517691,7,0.007317455412110644,-0.002868068833652093,0.06960955962758589,0.42857142857142855,-0.04044201412622467,0.06399433531964982,7
负无无,负正正,3,0.050018957084347226,0.008612873980054614,0.1651031712520184,0.6666666666666666,-0.040913593358986367,0.12024846597553451,3,0.032456055239624214,0.06280193236715004,0.06696500583587867,0.6666666666666666,0.00924618621392398,0.07083886282908736,3,-0.11900380109141699,-0.048861911987860496,0.13781274837456528,0.0,-0.1633198448828191,-0.03961681274823664,3,-0.20118998552422276,-0.1823975720789075,0.07148431115921977,0.0,-0.23129540439694163,-0.16168835992884628,3
负无无,负负无,9640,0.004024612248993572,0.002190982289726584,0.06321771355927278,0.5152489626556016,-0.028501878648843487,0.033424432856600794,9613,0.007341220425959648,0.0019175455417064224,0.08936124645914172,0.5106626443357952,-0.03846153846153855,0.04609101516919489,9598,0.021414180177853213,0.007143458135230096,0.15045702477154785,0.5318816420087519,-0.053869164071995934,0.07674401585264268,9535,0.037767855852703196,0.013114754098360715,0.19981576109212457,0.5367593078133194,-0.0768919893630729,0.11252263158893361,9676
负无无,负负正,4,-0.06700722015756047,-0.08448613842832853,0.3155908638674467,0.5,-0.2841936626187962,0.13270030403290722,4,-0.09112140049630024,-0.021267018800574022,0.30855200351253226,0.5,-0.2082487653578598,0.09586034606098554,4,0.15352868716866366,0.24967916331336248,0.2531621317702837,0.75,0.0962431918330271,0.306964658648999,3,-0.1451506557649019,-0.09732824427480913,0.16104998838019785,0.0,-0.21101192361575727,-0.055378182169000145,4
负无无,负负负,879,0.004641932896742994,0.003124186409789287,0.07065197079170399,0.5255972696245734,-0.03595620188513665,0.03983734461782584,879,0.007582678662043758,0.003053435114503733,0.091646266892171,0.5290102389078498,-0.04494383955836845,0.05086800076641218,879,0.03056486250764443,0.013750954927425507,0.13354559181449951,0.5437997724687145,-0.0534226060756427,0.10497774511960534,850,0.05829152979843492,0.032526180349547795,0.20943544197035915,0.58,-0.06302250045662638,0.14421313733098984,882
负无正,无无无,382,0.015389360838273053,0.005559193075058255,0.0779979388414964,0.5445026178010471,-0.03172022829453067,0.05189207347702185,382,0.013618598123932216,-0.003183198380566743,0.10073288211911122,0.4816753926701571,-0.046580228229336135,0.05255190074496063,381,0.014080597008260406,-0.013876040703052706,0.13389606623276545,0.43832020997375326,-0.061962134251290824,0.07472178060413359,381,0.03403188478317988,0.0038765371900828516,0.2198529908773249,0.5144356955380578,-0.07929997265518185,0.09746109746109743,382
负无正,无无正,4123,0.005232463564133375,0.0013386880856760541,0.08431427646754243,0.5076400679117148,-0.03870178659775969,0.046540536537728716,4122,0.0062863530705002495,0.00016600265604249653,0.12722569443767257,0.5,-0.05759338765564345,0.059347181008901906,4111,0.02202247005402395,0.0,0.18784022220636792,0.49768912673315496,-0.08051727782902834,0.08749922794100184,4101,0.03684154141060041,-0.013972055888223478,0.27022041862757923,0.46622774932943184,-0.1157407407407407,0.1321195144724554,4125
负无正,无正无,17,0.012561711077237928,0.008623787279913753,0.05180578436888874,0.7058823529411765,-0.00040700040700047957,0.050181818181818105,17,-0.0038541988076746412,-0.0024691358024691024,0.07314730045234624,0.47058823529411764,-0.019975031210986316,0.02837489251934655,17,0.01277459085652029,0.01499286054259863,0.12449388407143702,0.6470588235294118,-0.017094017094017144,0.061538584261588314,17,0.06987332600155666,0.043921378306236214,0.19990006669743535,0.6470588235294118,-0.04673196761530907,0.1398895749912188,17
负无正,无正正,599,0.008340854956833892,0.004640371229698292,0.08874012484043534,0.5225375626043406,-0.040468411440825136,0.05470756233950136,599,0.015335574584824247,0.006048387096774244,0.13288631640539084,0.5225375626043406,-0.05658913307273217,0.08252987405608048,597,0.031208879687533914,0.0030816640986133237,0.231524414747788,0.509212730318258,-0.08825396825396825,0.10842207163601159,597,0.04973626614432324,-0.012483857081360239,0.35739106009165345,0.47571189279731996,-0.13364207740654965,0.14759816671191972,599
负无正,无负无,7,-0.02840092931811289,-0.006320417697169511,0.10881906681049656,0.42857142857142855,-0.06254209405386457,0.030631707529883978,7,-0.03291663095237528,-0.07180910099889004,0.2310213154368219,0.14285714285714285,-0.09491319004657145,-0.009784985901145238,7,0.07314647945764148,-0.03599890079692225,0.35130434644944475,0.2857142857142857,-0.09784340995370167,0.03599987836954377,6,-0.02650559709628268,-0.04296656277464189,0.15814739691036378,0.16666666666666666,-0.08518638321089653,-0.017486747864167845,7
负无正,无负正,54,-0.007321545732447345,-0.0031133250311332628,0.06560463665762821,0.48148148148148145,-0.04932176133887051,0.026521511330213576,54,-0.012112727551364222,-0.013348906266149096,0.13474863753687444,0.4444444444444444,-0.06955465194897939,0.04274839109563766,54,-0.026035894889857327,-0.050374196782841385,0.15997176816042855,0.4444444444444444,-0.11033709215725049,0.080981646802043,53,0.008855152939548923,-0.02342225113858154,0.20153926130541225,0.4716981132075472,-0.11879160266257038,0.0660112359550562,54
负无正,正无无,1,0.05363984674329503,0.05363984674329503,,1.0,0.05363984674329503,0.05363984674329503,1,0.09578544061302696,0.09578544061302696,,1.0,0.09578544061302696,0.09578544061302696,1,0.012771392081736943,0.012771392081736943,,1.0,0.012771392081736943,0.012771392081736943,1,0.09195402298850586,0.09195402298850586,,1.0,0.09195402298850586,0.09195402298850586,1
负无正,正无正,51,0.020979023627251524,0.0004943153732077654,0.12259817390525206,0.5098039215686274,-0.04100081948474987,0.07695380916795602,51,0.026441925642306928,-0.006960556844547439,0.1433381835332928,0.43137254901960786,-0.054957407301058525,0.09059017148707449,51,0.014800606785688014,-0.015175404020496663,0.16950278962059162,0.47058823529411764,-0.1144305935186995,0.12095717344753765,51,0.04400186093484145,0.03546099290780136,0.2431477410636895,0.5490196078431373,-0.12356901887348082,0.17064013885152873,51
负无正,正正无,3,-0.00909547675176344,-0.012269938650306678,0.0068061299183414265,0.0,-0.013002189486619575,-0.006775994966178922,3,-0.016383234223245984,-0.02051282051282033,0.012980344964800139,0.0,-0.023654605936095974,-0.011176655655183165,3,-0.03915448545283647,-0.00797546012269934,0.06335074679261578,0.3333333333333333,-0.06001377946130598,-0.0027056787792983927,3,0.0052238031883955855,0.023926380368098243,0.03889277260247743,0.6666666666666666,-0.0077803995595406295,0.02757929452618313,3
负无正,正正正,141,0.02995871556662561,0.014905716851241868,0.09938579742428358,0.5886524822695035,-0.028225806451612878,0.07055650198750718,141,0.050075042797678576,0.02105934907466489,0.1375691036740869,0.5673758865248227,-0.04071146245059287,0.13306451612903225,140,0.03797584218786525,0.012736661946243566,0.185397110577255,0.5357142857142857,-0.09987682696841119,0.15368063234565582,140,0.07333402728715371,0.02462780811080212,0.3143811609316215,0.5357142857142857,-0.1545062631307303,0.18765221013258626,141
负无正,负无无,708,-0.0009119240327737657,0.00598788338203371,0.09214339147927325,0.536723163841808,-0.038726388948109036,0.04317771034336215,708,0.002550129919432059,0.005635241022819315,0.1182925812524241,0.5268361581920904,-0.05054909347137604,0.05662957169702698,708,0.019680771940716817,9.090909090903043e-05,0.17872100538495433,0.5,-0.06998440333741984,0.09135474927099757,704,0.025563009871224354,0.0013754837595206792,0.22041068134396613,0.5028409090909091,-0.10583984038243213,0.12246457525913707,708
负无正,负正正,13,0.01863122586841705,-0.0379620379620379,0.16114960766357178,0.3076923076923077,-0.05854177754124512,0.009983609000149052,13,0.024966828535881145,-0.0009990009990008542,0.21300883845013455,0.46153846153846156,-0.08568387440127712,0.011256190904997743,13,0.0699231678331229,-0.01400562799361349,0.4007318965852224,0.38461538461538464,-0.12435233160621761,0.044244322631166844,13,0.14823535199338497,-0.07976190476190481,0.787758801208062,0.38461538461538464,-0.16960364395955285,0.14326348739495764,13
负无正,负负无,148,-0.005391406938294851,0.009267531643338156,0.08720695183342515,0.5743243243243243,-0.03500187783763381,0.045811432159531595,148,-0.01029310024361934,-0.003907180623184514,0.10703759147485888,0.47297297297297297,-0.06351562892305959,0.04341867581443859,148,0.012768062396390972,0.011330203996613886,0.12640446233323632,0.5405405405405406,-0.05041055133624975,0.07670245741237858,141,0.04550955947115513,0.02484489871231177,0.26234052110311057,0.5531914893617021,-0.08113391984359741,0.12716153521720774,148
负无正,负负正,346,-0.004399359240970109,-0.0006920863418982681,0.10370207243160678,0.4884393063583815,-0.05312872571709096,0.044394841269841334,346,-0.019788195238271775,-0.015636296014609363,0.14248033567528137,0.4393063583815029,-0.08864296059743684,0.05773223924097337,346,-0.009218288073026616,-0.020448816976989914,0.15887338563956638,0.4277456647398844,-0.08415807835496097,0.07692282355191504,340,-0.014915790008133542,-0.030927289862746843,0.21062786765377628,0.4470588235294118,-0.15301354691436872,0.07251301541709076,346
负无负,无无无,940,0.009828732366071933,0.002507313434086833,0.0970862774379349,0.5148936170212766,-0.03706227522241154,0.04422029580666059,922,0.015376165459319592,0.009603896899342157,0.1146476036581773,0.5466377440347071,-0.04331730769230771,0.06614141020165065,898,0.03148553136269462,0.01518321513002352,0.16151555443942006,0.5467706013363028,-0.06911096426409027,0.10138248847926284,869,0.06036276314891667,0.009734606185566985,0.26286335528387494,0.5270425776754891,-0.09219624629568657,0.15090506095308465,941
负无负,无无负,1941,0.007689662634102223,0.0012229922543822713,0.08146072457645416,0.5038639876352395,-0.03384494293585194,0.036961819658813955,1938,0.015632689827810582,0.0013585768958904731,0.10762418020208793,0.5036119711042312,-0.044935628364806385,0.058466505716294526,1855,0.025061499150984108,0.0,0.16352934660773802,0.49595687331536387,-0.07432709033556384,0.09601226413207065,1779,0.048417991820661435,0.00952380952380949,0.24131699362726897,0.5250140528386734,-0.09740235483967374,0.15307273405445743,1942
负无负,无正无,3,0.00912413307225605,0.0035012119579853618,0.014758131823104212,0.6666666666666666,0.000752601986976742,0.014684203600400014,3,-0.03836989246840461,0.003964321110009994,0.0821445093594856,0.6666666666666666,-0.06454086664671876,0.008968188499116847,3,0.003758950045620361,-0.01924707373637269,0.04886459395397191,0.3333333333333333,-0.024301694692048514,0.02031658289229271,3,-0.04292805523459997,-0.037699435084241895,0.11748594603391488,0.3333333333333333,-0.10032022656447487,0.017078426170453964,3
负无负,无正负,2,-0.029621289673951667,-0.029621289673951667,0.027426534672215543,0.0,-0.039318033999537455,-0.01992454534836588,2,0.031162215764004908,0.031162215764004908,0.00922422676966769,1.0,0.027900959113987656,0.03442347241402216,2,-0.059488942020322844,-0.059488942020322844,0.10779891484855271,0.5,-0.09760161386730426,-0.021376270173341427,2,-0.06981687976493911,-0.06981687976493911,0.16251036948287134,0.5,-0.12727297190217396,-0.012360787627704262,2
负无负,无负无,11,0.005979732628658676,0.02384004101512449,0.0715759054822466,0.6363636363636364,-0.025243736686869578,0.058067472363823924,11,0.008366150710936493,0.008588957055214674,0.096873977405462,0.5454545454545454,-0.028975219411460973,0.06791519567360615,11,0.003352569893607599,-0.07918552036199089,0.14540232947524193,0.45454545454545453,-0.08625951980636443,0.08089649197382032,11,0.014000057836909415,0.035335689045936425,0.19212326830227325,0.7272727272727273,-0.059695199621238315,0.052962646579172046,11
负无负,无负负,116,0.004872360934586441,0.01100306115784122,0.072631997348193,0.5603448275862069,-0.028556965040795662,0.04210767696997081,116,0.0066692007390008355,0.006134112541090975,0.08484633899335621,0.5172413793103449,-0.041867728107777114,0.05809098999302997,116,0.0025613633525933687,0.00030845157310299687,0.1275152272563652,0.5,-0.07002554507726766,0.06421138992994069,114,0.020373539407670213,-0.005914516787263124,0.16043626084319965,0.49122807017543857,-0.08580542264752783,0.10825418924966435,116
负无负,正无无,110,0.030489387961796902,0.008054797624839183,0.1326476725997662,0.5545454545454546,-0.03038665879574967,0.04780537616345615,110,0.024086254535439153,0.022336353620545424,0.09140022059363727,0.6181818181818182,-0.03176525917075518,0.06797473199615212,109,0.036166432253090186,0.019670814933761438,0.1482066181756521,0.5596330275229358,-0.053906250000000155,0.0950721752115482,108,0.03356733232194033,-0.00110248608510366,0.1965908608197501,0.48148148148148145,-0.0759219467525076,0.09875592794262938,110
负无负,正无负,47,0.05366456701956267,-0.004195804195804342,0.19351455432127504,0.44680851063829785,-0.04591369334619094,0.05004324099542057,47,0.04809707714624663,0.01346615015679764,0.1282924874466292,0.5319148936170213,-0.049547803617570996,0.11417633510357583,47,0.04376706777930984,0.0037783375314861534,0.20019880429799916,0.5106382978723404,-0.09985765837832938,0.16889711346964287,46,0.03949513729886066,-0.033689366385097785,0.22239429129049618,0.43478260869565216,-0.1116977746824648,0.1112181674058415,47
负无负,正正无,9,-0.04916347820309238,-0.02499999999999991,0.05763452454233732,0.0,-0.06161971830985913,-0.01487146802634387,9,-0.008887602140620812,-0.0004975124378109319,0.07780002875076035,0.4444444444444444,-0.023538344722854876,0.016381236038719438,9,-0.03740111535154617,-0.0402061855670105,0.09030174847340776,0.2222222222222222,-0.06716915384615374,-0.03201787043931481,9,-0.07893759766582581,-0.04583333333333328,0.18487879364251109,0.3333333333333333,-0.19398625429553273,0.03356702783089016,9
负无负,正正负,1,-0.09065934065934067,-0.09065934065934067,,0.0,-0.09065934065934067,-0.09065934065934067,1,0.3369963369963369,0.3369963369963369,,1.0,0.3369963369963369,0.3369963369963369,1,0.28846153846153855,0.28846153846153855,,1.0,0.28846153846153855,0.28846153846153855,1,0.2225274725274724,0.2225274725274724,,1.0,0.2225274725274724,0.2225274725274724,1
负无负,负无无,173,-0.0008814973997207757,-0.005458515283842891,0.09001945591590835,0.4393063583815029,-0.04230769230769238,0.04312412485549144,160,0.009898606680137083,0.005305731339290909,0.11354919534387596,0.51875,-0.04673069183644693,0.05215220385674929,160,0.02440895865251839,0.0017155561710017198,0.16113696471494943,0.5125,-0.07013515641340809,0.1156508195628998,156,0.02952225350989349,-0.005584577992476691,0.23033483102748145,0.4807692307692308,-0.10468098270579809,0.15359085175511045,173
负无负,负负无,55,0.03513349164971739,0.019565217391304568,0.10008093969614479,0.6,-0.03448370539146328,0.07311311688132704,55,0.03021934494767163,0.014342629482071656,0.1163583988388552,0.6,-0.025337898077814724,0.0914973885606215,55,0.05239660470616592,0.05338645418326693,0.11988401796271908,0.6545454545454545,-0.029234215360814886,0.12885948582047513,52,0.10703327880095342,0.07713288521192263,0.36491385871778464,0.6153846153846154,-0.11742492155983861,0.20938956272619352,55
负无负,负负负,1267,0.006195841725133265,-0.000877577885037395,0.07668797097220564,0.489344909234412,-0.03616486012131498,0.03976629028908063,1265,0.01328320799638827,0.0,0.10387972648245658,0.4932806324110672,-0.04609218436873763,0.05508474576271194,1259,0.03659720014078888,0.01333333333333342,0.14660060972512406,0.5496425734710088,-0.0547103036044721,0.10054800576365275,1207,0.06918324170576023,0.03174603174603163,0.21856679398863726,0.5824357912178956,-0.0629839990797994,0.1541876021174181,1271
负正无,无无无,324,0.016242893543995048,0.009283502038084035,0.057843605965268385,0.5987654320987654,-0.016758676122597682,0.040436388882893304,323,0.028680269769979963,0.02188701567583551,0.09752792616915477,0.6130030959752322,-0.028735351893246663,0.07383364666829229,323,0.05808779010143092,0.017699115044247815,0.18731191386774196,0.5758513931888545,-0.05028801277327438,0.12153099606627038,322,0.061483811088199905,0.018612337981005034,0.2691410941287843,0.5341614906832298,-0.08033614138071257,0.13176018488537022,325
负正无,无无正,13,0.05626500272867708,0.04883720930232549,0.05581737062778705,0.9230769230769231,0.009266495478396974,0.07520325203252032,13,0.029952567287941934,-0.0025839793281654533,0.1114169937188711,0.46153846153846156,-0.0119999999999999,0.01856435643564347,13,0.04016050538980504,0.03438661710037172,0.09748065599642551,0.6923076923076923,-0.03896103896103886,0.09069767441860477,13,0.060447667500409294,-0.04254699999999989,0.20896831675670896,0.46153846153846156,-0.11046511627906974,0.18555319861560782,13
负正无,无正无,671,0.017346612646056764,0.010289733858938943,0.0713229646404382,0.5678092399403875,-0.02379992037882922,0.051092976164336834,670,0.021789169302978677,0.014135385867156791,0.10915094922018849,0.5761194029850746,-0.036270017320541914,0.06342832631745471,669,0.05650274233391421,0.026264210113680964,0.17310393533208496,0.6068759342301944,-0.048054919908466776,0.12457531143827838,668,0.0482737038708091,0.016078295230699258,0.2141978024827937,0.531437125748503,-0.08160596264942635,0.12449707694366513,673
负正无,无正正,107,0.010772116259769036,0.0,0.07013340960308385,0.48598130841121495,-0.028640732057445106,0.04645781140415095,107,0.023765269201269416,0.008525852585258509,0.10169825470937069,0.5700934579439252,-0.0363719122725053,0.06714185134465978,107,0.07943723940189505,0.038115391366223994,0.20171905949312266,0.6261682242990654,-0.04732017404941202,0.15944227514327292,107,0.0893845010804326,0.023383084577114355,0.2697575034698398,0.5607476635514018,-0.09017440848030878,0.15503300330032999,107
负正无,正无无,4,-0.04165040346982063,-0.017378951997407743,0.0936418636217941,0.5,-0.07417698062769051,0.015147625160462141,4,0.001973158510053419,0.0041067791510439045,0.04655962261705506,0.5,-0.0337171052631578,0.03979704292425512,4,0.055858757125534786,0.05509868421052633,0.07373787234311914,0.75,-0.0009167563532843093,0.11187419768934542,3,0.044276850663243605,0.04111842105263164,0.012024948834831722,1.0,0.03763238125802326,0.049342105263157965,4
负正无,正正无,103,0.01871525579448202,0.0038781163434902233,0.11302725655221645,0.5242718446601942,-0.03218625498007949,0.0493468910180338,103,0.03442824242512767,0.010714285714285898,0.15672255037001964,0.5631067961165048,-0.022338962534336204,0.0558129820051414,103,0.07334313619635614,0.012235817575083408,0.2864206087523912,0.5436893203883495,-0.04668374875908882,0.11520436431078396,103,0.0714147469339545,0.020491803278688492,0.2598628533364154,0.5242718446601942,-0.07628885069368624,0.1357888220728687,103
负正无,正正正,75,0.02640138070308306,0.008810572687224738,0.1095890203367201,0.56,-0.04030514849124778,0.050799637899819006,75,0.019395139518461123,-0.0030441400304414,0.12589631412995156,0.48,-0.061225002592330324,0.06226554423275732,75,0.05628553886823453,0.011074197120708673,0.1795110012896801,0.5466666666666666,-0.03424368682362178,0.1142846074380165,75,0.0849902389387578,0.020044543429844186,0.32220824248916247,0.5333333333333333,-0.0956413626294973,0.0995624791836981,75
负正无,负无无,383,0.023735254244973487,0.013812154696132506,0.06585448756839679,0.6109660574412533,-0.013371493399339851,0.052613466839488754,382,0.034430764268977114,0.025788149809006455,0.09637133354712436,0.6387434554973822,-0.025511866336121902,0.07841903305343256,382,0.06957212326224091,0.0476825947016587,0.15742764994192396,0.6492146596858639,-0.033039070290725864,0.15829761175750157,381,0.06352438871214973,0.020477815699658786,0.22091791354082016,0.5774278215223098,-0.06481481481481488,0.13401476433844395,385
负正无,负无正,4,0.02905047768191657,0.04156267841122252,0.030145371844687612,0.75,0.025560828300258825,0.045052327792880265,4,0.04041895563936057,0.05396408369532668,0.028287127657355842,0.75,0.03965913942096852,0.05472389991371873,4,0.0574169633928254,0.06774024613773233,0.06975722524841751,0.75,0.010051768766177777,0.11510544076437995,4,0.39474202195568886,0.4235009164702802,0.2697815131575942,1.0,0.20869831172008807,0.609544626705881,4
负正无,负正正,7,-0.00048388976707274586,0.0,0.06337104983908931,0.42857142857142855,-0.038088636492996986,0.04605321496329129,7,0.014870889863230707,0.02967244701348748,0.051540681854569045,0.5714285714285714,-0.03323825472955655,0.05435614756326479,7,0.019557466685606744,-0.039215686274509665,0.15562175561311528,0.42857142857142855,-0.10636681532404801,0.1289054927142309,7,0.013378795452238015,0.05921248746646457,0.08899158313269728,0.5714285714285714,-0.06345425915243069,0.07724794229806908,7
负正正,无无无,88,0.0009446286887297479,0.0016818024276211707,0.07922810787735952,0.5340909090909091,-0.032139745916515444,0.0398934132195386,88,0.005181667463613666,-0.004474979599357776,0.122281283661348,0.48863636363636365,-0.05758091692708664,0.06742581275068188,88,0.04811717912051295,-0.006283310940315812,0.19971715175430357,0.45454545454545453,-0.06534778805873961,0.12389593322056586,88,0.003075846775373815,-0.038408259560273994,0.21680521072630193,0.38636363636363635,-0.10841707516339869,0.0434437274390545,88
负正正,无无正,455,0.007359718808340456,0.005251312828207011,0.08174627389083695,0.5186813186813187,-0.040173734690758356,0.04768421052631566,455,0.005265809698980286,0.001615508885298933,0.11752725468045272,0.5076923076923077,-0.05995608531994984,0.05433079906112881,454,0.007622765661106991,-0.01489623340745222,0.18229627151262837,0.4581497797356828,-0.09158764754947898,0.08886661995759743,453,0.017810956614693202,-0.025539300768658624,0.24857243123326514,0.4326710816777042,-0.12762476138532863,0.10737281714595759,456
负正正,无正无,31,0.019048789385906397,0.01437483048548982,0.046778324516925915,0.7096774193548387,-0.006657008471889991,0.048671028655344006,31,0.03839747992103118,0.012515139281388699,0.07828025867789412,0.6774193548387096,-0.0064698273206988954,0.06369189112903217,31,0.07789501621925603,0.08391003460207602,0.10799754878678766,0.8064516129032258,0.007220238095238196,0.11595290724023655,31,0.12284745379457376,0.08776201566800768,0.20035088966561623,0.6774193548387096,-0.01306833723334555,0.18224524457786906,31
负正正,无正正,1878,0.013842788462202682,0.0,0.09785691462381294,0.4989350372736954,-0.04431538598680684,0.054934274023929586,1877,0.012812082503901978,-0.0009090909090907484,0.13623162672387365,0.4922749067661161,-0.061310782241014716,0.06976744186046502,1877,0.02380167432686097,-0.001602050624799789,0.22213721099551714,0.4938732019179542,-0.10080350620891154,0.09801488833746874,1876,0.033500318077716945,-0.026016338068658162,0.3032741060098194,0.4509594882729211,-0.14291392232568711,0.12690737697251503,1878
负正正,无负无,1,0.02256568778979906,0.02256568778979906,,1.0,0.02256568778979906,0.02256568778979906,1,-0.01700154559505407,-0.01700154559505407,,0.0,-0.01700154559505407,-0.01700154559505407,1,-0.014219474497681572,-0.014219474497681572,,0.0,-0.014219474497681572,-0.014219474497681572,1,-0.1725529959814528,-0.1725529959814528,,0.0,-0.1725529959814528,-0.1725529959814528,1
负正正,无负正,2,-0.06378349064153876,-0.06378349064153876,0.04370588981710661,0.0,-0.07923585617527285,-0.048331125107804684,2,-0.04979724736167013,-0.04979724736167013,0.09288016392187344,0.5,-0.08263534423510754,-0.01695915048823271,2,0.19823198748494836,0.19823198748494836,0.5285646070919725,0.5,0.011356178499979913,0.3851077964699168,2,0.2881456147488468,0.2881456147488468,0.6638868835362167,0.5,0.05342615610421553,0.5228650733934781,2
负正正,正无正,4,0.032947162413862224,0.02894642254058205,0.04223969773687444,0.5,-0.0016923770334889288,0.0635859619879332,4,0.0255494386997491,0.02952367148007884,0.07850154227106577,0.75,0.002491015014503467,0.05258209516532447,4,0.02324475275465132,0.04571214787128086,0.14770787191978232,0.5,-0.07542218789717892,0.1443790885231111,4,0.005844671516731292,-0.08845777544253802,0.24107784105907767,0.25,-0.15228410189672895,0.06967099797092222,4
负正正,正正无,5,8.356149798232071e-05,-0.011570247933884281,0.04377623317813273,0.4,-0.01631701631701643,0.016371077762619368,5,-0.03915630710091127,-0.034710743801652955,0.08648490286629629,0.4,-0.06759906759906753,0.03069577080491137,5,-0.09791157925011348,-0.00991735537190086,0.1837072324984053,0.4,-0.11188811188811187,0.010030864197530853,5,-0.16523515918179693,-0.14214876033057844,0.15553546569504872,0.0,-0.19191919191919193,-0.05092592592592593,5
负正正,正正正,415,0.02756531280121313,0.008762886597938113,0.1714956551646317,0.5301204819277109,-0.04854751725909018,0.07641776511365495,415,0.03276449783733771,0.010715021636101385,0.19124468551088972,0.5301204819277109,-0.059035084327370535,0.07876045037756207,414,0.048864569787109007,0.0019294664084711366,0.28927448180646453,0.5024154589371981,-0.10779198134987383,0.13775896886883732,413,0.04338588090269719,-0.012535612535612639,0.31078585766966577,0.48184019370460046,-0.13641663427905182,0.1363907087552112,415
负正正,负无无,99,0.03875143388819208,0.029004614370468085,0.08339651982437955,0.7272727272727273,-0.0025235135883688864,0.0866466749431728,99,0.041680511751845534,0.05612244897959173,0.10951451767437723,0.6464646464646465,-0.023150214229700594,0.10618021252283139,99,0.08545064919858283,0.05781057810578116,0.1895648417974399,0.6464646464646465,-0.023199846779433986,0.19881099084636367,98,0.05772862874431178,0.04513739286180829,0.18886774953025484,0.6122448979591837,-0.06465084343134472,0.14184611270542435,99
负正正,负无正,395,0.023807680967210348,0.020270270270270396,0.08258466341200048,0.6303797468354431,-0.02011390466839641,0.0650747527117026,395,0.021447106038315084,0.016068559185859588,0.11821540342206198,0.5822784810126582,-0.04492619352214805,0.08274927199186743,395,0.02685912154969434,0.006191950464396134,0.21936992788666537,0.5215189873417722,-0.07494518273022965,0.09472193802829965,395,0.029219137675600172,-0.026876737720111232,0.27598266680233513,0.4253164556962025,-0.12536142431593922,0.13218993221091813,396
负正正,负正无,51,0.027876827958760647,0.02066532258064524,0.05753006848343159,0.7058823529411765,-0.00770444738714543,0.055368072787427614,51,0.05388596287773561,0.0320320320320322,0.11143585668939054,0.6862745098039216,-0.0141138234625513,0.09812365807928114,51,0.12604606635923585,0.07467911318553089,0.21244270159363116,0.6862745098039216,-0.02839727524076535,0.2221422965433052,51,0.10637414055974023,0.04398826979472137,0.22301182206729994,0.6470588235294118,-0.039754756216595355,0.22789191575200685,51
负正正,负负无,3,0.03392048610118096,0.0335675253708041,0.017042138711872493,1.0,0.025312547333589563,0.04235194450358393,3,0.053506794499576404,0.05492424242424243,0.05494398118647332,0.6666666666666666,0.02639602313109768,0.08132628983038814,3,0.06259927917011347,0.04166666666666674,0.06908969425374867,1.0,0.024031627576403647,0.09070062451209993,3,-0.007510560796895567,-0.0028409090909091717,0.10750149434585768,0.3333333333333333,-0.060055849001744654,0.04736955326094672,3
负正正,负负正,9,0.03130236022344141,0.04259438528557613,0.031001844378497553,0.7777777777777778,0.011199809364947022,0.0540079590676521,9,0.040019688818942085,0.06953339432753891,0.04986421796227247,0.7777777777777778,0.013613861386138515,0.07363420427553447,9,0.05407606139991607,0.07066795740561482,0.08221202111972278,0.7777777777777778,0.0606754082137555,0.07885985748218527,9,-0.015740322666704665,-0.00822846079380446,0.08582158232797509,0.3333333333333333,-0.02330869812393399,0.01663780306778806,9
负正负,无无负,1,0.05652173913043468,0.05652173913043468,,1.0,0.05652173913043468,0.05652173913043468,1,0.05869565217391304,0.05869565217391304,,1.0,0.05869565217391304,0.05869565217391304,1,0.008695652173912993,0.008695652173912993,,1.0,0.008695652173912993,0.008695652173912993,0,,,,,,,1
负正负,无正负,1,0.08136882129277567,0.08136882129277567,,1.0,0.08136882129277567,0.08136882129277567,1,0.06692015209125457,0.06692015209125457,,1.0,0.06692015209125457,0.06692015209125457,1,0.03117870722433458,0.03117870722433458,,1.0,0.03117870722433458,0.03117870722433458,1,0.16197718631178692,0.16197718631178692,,1.0,0.16197718631178692,0.16197718631178692,1
负负无,无无无,7853,0.008685939679992448,0.00428527701254966,0.0646657650055218,0.5372469120081498,-0.0239726027397259,0.03509749303621179,7850,0.012709329671773453,0.005028509865117714,0.09412331447794167,0.5307006369426751,-0.03738194753661192,0.04976246626907649,7839,0.026071274622421727,0.008333333333333082,0.14566652508027858,0.5336139813751754,-0.05383113164726355,0.0779067509988044,7750,0.04546509818841859,0.01428253805796853,0.20823979659899705,0.5401290322580645,-0.07140040351109983,0.11606489282873861,7909
负负无,无无正,195,0.01559992636294551,0.015655577299412915,0.07862442471422101,0.6051282051282051,-0.03387593957792123,0.06411532052547442,195,0.021016716535485386,0.011814744801512234,0.13037314682495127,0.558974358974359,-0.04676429864430426,0.0805400315786593,195,0.02844305300097732,0.007171886206072342,0.16824643452873028,0.517948717948718,-0.06454488792054769,0.10506937558223028,193,0.05167441976866454,0.012225094325441388,0.2714992596215302,0.533678756476684,-0.06867196367763895,0.12012987012987009,195
负负无,无无负,18,-0.016804780374288047,-0.028928058493275843,0.10929801616774913,0.3333333333333333,-0.09697101521328422,0.08123131852532395,18,-0.034483309852747286,-0.040472369006989806,0.15510698594982014,0.3333333333333333,-0.11685503048671794,0.015373423004279296,18,-0.008386962413856502,-0.08031480840413724,0.2958281080113847,0.3888888888888889,-0.1072201380293488,0.0572223028192852,15,-0.031168205580149974,-0.08641542925755463,0.3379101607783334,0.26666666666666666,-0.16384413309982482,0.0168812730693918,18
负负无,无正正,5,-0.0017390316718575826,0.008771929824561209,0.07276069980886407,0.6,-0.002873563218390829,0.013618677042801508,5,0.05046143757004309,0.04573657152987076,0.07447079141965618,0.6,-0.00793650793650802,0.10393563818221341,5,0.033753913573713976,-0.000652315720808927,0.09362726004456959,0.4,-0.012740183792815385,0.09165041659280271,5,0.006504176558176677,0.012315270935960632,0.11825871656424952,0.6,-0.09014267185473412,0.0793650793650793,5
负负无,无负无,9853,0.006702402861182318,0.0035885167464115852,0.06044480898302109,0.5299908657261748,-0.024960000000000093,0.03333333333333344,9843,0.009763750836708723,0.00263991552270304,0.08949852158862517,0.5162044092248298,-0.0377724211858218,0.048371498096961396,9841,0.027917231836830442,0.010952902519167473,0.1498255430739595,0.5478101818920842,-0.049732211170619656,0.08266033254156757,9712,0.046578233080921475,0.018566394529341945,0.21643010609582838,0.5564250411861614,-0.06583468038697313,0.11525812790629697,9855
负负无,无负正,137,0.006116033770870482,0.00591715976331364,0.08727634325316873,0.5401459854014599,-0.02950108459869849,0.05642023346303504,137,0.00456853522648838,0.011093502377178988,0.1295123374867562,0.5182481751824818,-0.0648967551622418,0.0916715888954518,137,0.0360030340179292,0.011929824561403457,0.16308249533785313,0.5620437956204379,-0.04735632183908045,0.10041841004184127,135,0.04469398844612327,0.01195720578980497,0.25577620035485865,0.5259259259259259,-0.10742388144954135,0.1352146481964066,137
负负无,无负负,97,0.03663855939810965,0.02499999999999991,0.09379712342574273,0.6082474226804123,-0.01980530379321921,0.09110298598415612,97,0.05054093250865706,0.04688011267605652,0.14050515634946786,0.6494845360824743,-0.03300000000000003,0.10980966325036623,97,0.06386114894764973,0.04226618705035978,0.1741803942183159,0.6288659793814433,-0.03746835443037955,0.144728823887873,86,0.0685907908263961,0.06305748860169347,0.15929085672027263,0.6744186046511628,-0.024362676828992458,0.13468624703942728,97
负负无,正无无,906,0.005193355285580816,0.0010261805024651682,0.06032662396210846,0.5077262693156733,-0.027045556932087073,0.032559003201089065,906,0.008560984134228974,-0.002545114519405478,0.08932883684679334,0.4878587196467991,-0.040827775294304924,0.046076058772688,905,0.022532467128720177,0.002564102564102555,0.14086887693258862,0.5104972375690607,-0.05640535372848965,0.07499999999999996,904,0.04345672556015863,0.00780035472972973,0.24277746667974243,0.5221238938053098,-0.07452454076794776,0.10468950660756454,906
负负无,正无正,6,-0.0779545803578333,-0.07608331202483548,0.022381633743725017,0.0,-0.08917916948550464,-0.06431215087267339,6,-0.07868004272557455,-0.09217812227056138,0.09476992035605654,0.3333333333333333,-0.16222336605163687,-0.003482894763414568,6,-0.07962515960884654,-0.11232505428624939,0.10617296233724595,0.3333333333333333,-0.16347496778889858,0.009308682364082416,6,-0.07022609611700564,-0.12203987666161265,0.12959627868741563,0.3333333333333333,-0.1524746485998988,0.006473043877324058,6
负负无,正正无,6,-0.03151441446870599,-0.016674663193889105,0.10122388915108566,0.3333333333333333,-0.0469939203216011,0.035478540083036914,6,-0.06372176801046546,-0.043431564302782555,0.10770974671240931,0.3333333333333333,-0.08675335119906155,0.01152356690808562,6,-0.042223912394117734,-0.05361418431549697,0.15036654451483816,0.16666666666666666,-0.0926433471575015,-0.03159485023646874,6,-0.043541798129581775,-0.08491070726233624,0.20011370988257687,0.3333333333333333,-0.1099038587466426,0.03527184293870256,6
负负无,正正正,3,0.17753877977993185,0.18438538205980048,0.10790083972475992,1.0,0.12538152874325703,0.233119331956541,3,0.17486818255555345,0.22733744660654942,0.1124374070769926,1.0,0.13656224809330453,0.23940874904330034,3,0.31023234646414316,0.37425997425997415,0.2765200311417254,1.0,0.19078753251064273,0.46169097431555906,3,0.28714200244428656,0.2752728998576175,0.2715967906517667,1.0,0.14847362142704768,0.4198758321681909,3
负负无,正负无,421,0.009162401118659487,0.004905660377358512,0.06641822274043806,0.5415676959619953,-0.022831050228310668,0.032786885245901676,421,0.01595096285945368,0.009183673469387754,0.10051806472096096,0.5558194774346793,-0.033781329458772325,0.05901162790697678,421,0.03917202813878757,0.02554136590782896,0.14985397599904784,0.5890736342042755,-0.037735849056603765,0.09392486011191048,418,0.05935723161741558,0.03921872205261678,0.18734435348478826,0.5813397129186603,-0.05115341584312527,0.1329249708152755,421
负负无,正负正,4,0.007305709165381313,-0.016133035492678083,0.06288896602438196,0.25,-0.024379401095383668,0.015552074768086899,4,-0.013261376258628471,0.011382251404589316,0.07528113206168746,0.5,-0.04328297825267205,0.041403853398632895,4,-0.013873072117941004,-0.03209571515602788,0.09146845016092403,0.25,-0.05695550892666623,0.010986721652697345,4,-0.045316677617559836,-0.06761215453924274,0.09522244954085407,0.25,-0.08685672444821138,-0.026072107708591197,4
负负无,正负负,5,-0.027921428372844392,0.002846507554193023,0.06366551987294644,0.6,-0.01151631477927062,0.004506065857885488,5,-0.018949468900914757,0.04298093587521645,0.11330161531395849,0.6,-0.030710172744721764,0.04685789358440973,5,0.023885360761510932,0.010526315789473717,0.04307209679240946,0.8,0.00853952266257929,0.030502599653379425,5,0.07895060141886559,0.03222748815165888,0.09154183913277836,0.8,0.0249520153550864,0.15984234727392144,5
负负无,负无无,4817,0.011053285772570018,0.007649158592554883,0.06622648910844917,0.5632136184347104,-0.02529411764705869,0.044642857142856984,4816,0.013964269218520092,0.009113296566674145,0.0926489809791325,0.5568936877076412,-0.0341527317294652,0.053415495886059705,4810,0.030108725982201795,0.013576673184243826,0.13095251186722498,0.5557172557172557,-0.045509417002863845,0.08930145207319123,4733,0.045112673136516665,0.018493701420530417,0.1872212649037123,0.5552503697443482,-0.0670735653872283,0.12198391420911547,4825
负负无,负无正,5,0.010486210510240257,0.012520868113522488,0.035418037307409535,0.6,-0.020101925254813358,0.029310882444652187,5,0.0012518143569040907,0.005096262740656554,0.10189421835399527,0.6,-0.0033388981636061077,0.07109448082319947,5,0.02469480937151609,-0.003397508493771406,0.09733153986977633,0.4,-0.036638603055815455,0.10517529215358934,5,0.06190426831226163,-0.048980747451868756,0.21629537090375117,0.4,-0.08766564729867476,0.15109586462882119,5
负负无,负无负,184,0.013219862549415696,0.004207709773535018,0.09624627951754798,0.5271739130434783,-0.03540813242818372,0.0688058076709877,184,0.013547001295594463,0.007653563863849078,0.1317386039324767,0.5163043478260869,-0.05724788446744533,0.07751409044512497,184,0.051477923078726145,0.02943438897557149,0.17198156900438194,0.5597826086956522,-0.06298273415857747,0.13736611788736103,172,0.07081881767543921,0.015658232489915713,0.25067504881740815,0.5406976744186046,-0.07396072676719892,0.14086392897521155,186
负负无,负负正,14,-0.014287198606584117,-0.027370232296338393,0.08819811939508845,0.42857142857142855,-0.06949956417866213,0.019030710172744714,14,-0.029079504054031553,-0.049080903833111145,0.11093958439080981,0.2857142857142857,-0.09680460911942909,0.03551310043668124,14,-0.07442814281340139,-0.09163216342199065,0.10661969704734639,0.2857142857142857,-0.1333705216602337,0.0015095540894219661,14,-0.05073941227264466,-0.08246587572812941,0.19636781485068877,0.21428571428571427,-0.14759047163665961,-0.028642535846508277,14
负负无,负负负,2803,0.020061864907428662,0.010975818898988132,0.08337766794541658,0.5829468426685694,-0.02730017043649069,0.05361800383752313,2802,0.031117391659061366,0.015441042787108117,0.12145919184852462,0.5710206995003569,-0.03585164835164842,0.07448977796622125,2802,0.05398986578892381,0.02914480155816468,0.15386067698734454,0.6092077087794433,-0.04192439983317636,0.12143303162757435,2760,0.06293453393334307,0.03688389426644467,0.19081234540449524,0.5945652173913043,-0.053784167542440586,0.1467912163934451,2808
负负正,无无无,53,-0.029827293643334418,-0.03754266211604118,0.06072987760702179,0.2641509433962264,-0.07535211267605635,0.005249343832020914,53,-0.033905378336760994,-0.04905736874113131,0.08882475478272406,0.32075471698113206,-0.08713692946058094,0.016305613789890483,53,-0.052713124358947684,-0.06236323851203507,0.12184169016368414,0.3018867924528302,-0.1220472440944882,0.03315649867374004,53,-0.03768229488037262,-0.04761904761904767,0.1589201192332133,0.32075471698113206,-0.11568509615384626,0.029506093649775522,53
负负正,无无正,488,0.0023534264341769566,-0.002484856133265989,0.1009731615051846,0.48975409836065575,-0.05298650224725496,0.0570735525543804,488,-0.003005964811780993,0.0035524987380111117,0.15626940965068473,0.514344262295082,-0.07514253962118289,0.07161607595430258,488,0.01121893068882108,-0.008171899724075393,0.1856640574205185,0.4692622950819672,-0.09025881058826773,0.09045288553108244,485,0.025701268749729292,-0.026271660145332554,0.30358797231786594,0.4536082474226804,-0.13852980899093192,0.11959827238750176,489
负负正,无正正,7,0.051482043338993706,0.07093292212798774,0.1753734922548677,0.5714285714285714,-0.06844998326115836,0.1704940834360037,7,-0.02419590050556015,-0.026214340786430146,0.2372382022561687,0.42857142857142855,-0.19858421797211634,0.05601806622944783,7,-0.10389387864752116,-0.203584229390681,0.16971759143760623,0.2857142857142857,-0.2339355716584413,-0.0031804188760046204,7,-0.14254784993306188,-0.13578826237054098,0.10700607764390792,0.14285714285714285,-0.2056939613518144,-0.11735266672286832,7
负负正,无负无,22,0.04554646864492267,0.006952084097298639,0.11425056839851826,0.6363636363636364,-0.004996978226923132,0.02967107697631194,22,0.05278742081591859,0.00837034334355058,0.13154842952783996,0.5909090909090909,-0.014150489889468154,0.0681681030445232,22,0.04947755556951264,0.022785410124087524,0.14025680774535884,0.6818181818181818,-0.030274942218798062,0.08455322705607976,21,0.07488237702167908,0.058011049723756924,0.19317072843022984,0.7619047619047619,0.0021186440677967155,0.1821986537257354,22
负负正,无负正,428,-0.002997378067947551,-0.0021599922614840006,0.088380528826409,0.47897196261682246,-0.04618298871562054,0.0376576813537306,428,-0.009292953768214133,-0.007910535086326498,0.13405451030706145,0.4696261682242991,-0.07580418111146137,0.06327614785195951,428,0.01062530074441545,-0.01282611489525759,0.17306535013731222,0.45093457943925236,-0.08464824704427479,0.09210139107210619,424,0.02666602121065006,-0.000771144844859073,0.23030681982569068,0.4882075471698113,-0.11050005565260057,0.1111950687915721,428
负负正,正无正,3,0.09102317150968801,0.11710037174721188,0.04784104375279764,1.0,0.07645485560503595,0.118630087533102,3,0.1607741117503044,0.1640454875393178,0.01809761252680774,1.0,0.15265471402988195,0.17052919736523353,3,0.1550966899820895,0.17100371747211884,0.06412891872965323,1.0,0.12775754404644657,0.19038934966274712,3,0.08213585305763256,-0.04016452939753201,0.21217778516264116,0.3333333333333333,-0.04036499364775187,0.1434865085354347,3
负负正,正正正,1,-0.026389290185880765,-0.026389290185880765,,0.0,-0.026389290185880765,-0.026389290185880765,1,-0.010208995473369953,-0.010208995473369953,,0.0,-0.010208995473369953,-0.010208995473369953,1,-0.12183376673408453,-0.12183376673408453,,0.0,-0.12183376673408453,-0.12183376673408453,1,0.12876817875373203,0.12876817875373203,,1.0,0.12876817875373203,0.12876817875373203,1
负负正,正负正,1,-0.04421768707482987,-0.04421768707482987,,0.0,-0.04421768707482987,-0.04421768707482987,1,-0.02916924345495786,-0.02916924345495786,,0.0,-0.02916924345495786,-0.02916924345495786,1,-0.4528963100391672,-0.4528963100391672,,0.0,-0.4528963100391672,-0.4528963100391672,1,-0.4573283858998145,-0.4573283858998145,,0.0,-0.4573283858998145,-0.4573283858998145,1
负负正,负无无,107,-0.048535862382132984,-0.04503311258278142,0.16085363094875665,0.38317757009345793,-0.1437421383647799,0.04591761537465222,107,-0.04906747535588036,-0.04599056603773599,0.16369954399468492,0.35514018691588783,-0.1422596336537817,0.026723555980010083,106,-0.014981653094486222,-0.06499360208275529,0.21952184874651173,0.37735849056603776,-0.14678699241800777,0.06591973671883145,100,-0.04475405316253852,-0.0949225334226142,0.2737928719796441,0.38,-0.22507284776230244,0.12637639965546948,107
负负正,负无正,210,-0.011165333626292233,-0.0005137100605889233,0.11072173773903767,0.49523809523809526,-0.06051377650976547,0.05008119808906847,210,-0.03681996990053825,0.007265438951356784,0.17015282121721306,0.5238095238095238,-0.12804271639608694,0.05409174314363974,210,0.004756862699427023,0.004700936506066622,0.18169873855208776,0.5142857142857142,-0.09222248962080518,0.09640033033294654,208,0.007420814515488197,-0.019761742423062056,0.26728956048376623,0.44711538461538464,-0.15460435504133255,0.10111034284733583,210
负负正,负无负,1,-0.06425702811244982,-0.06425702811244982,,0.0,-0.06425702811244982,-0.06425702811244982,1,0.015261044176706706,0.015261044176706706,,1.0,0.015261044176706706,0.015261044176706706,1,-0.0381526104417671,-0.0381526104417671,,0.0,-0.0381526104417671,-0.0381526104417671,1,-0.3012048192771085,-0.3012048192771085,,0.0,-0.3012048192771085,-0.3012048192771085,1
负负正,负负无,206,-0.011429091698976322,-0.005820282658517972,0.10912640202092225,0.46116504854368934,-0.055877685969713486,0.04754659278436363,206,-0.020830212054380744,-0.025293024756412708,0.14310893348403322,0.4223300970873786,-0.09686610403903759,0.0599586319519918,206,0.0071494262870662574,-0.013813491701075209,0.1710829295854309,0.46116504854368934,-0.09742792855995383,0.0886708039741737,182,0.012271859555373724,-0.026570397111913224,0.2437881597442695,0.43956043956043955,-0.14215048981780604,0.11847989055627817,206
负负正,负负负,1,-0.19047619047619058,-0.19047619047619058,,0.0,-0.19047619047619058,-0.19047619047619058,1,-0.11372238095238107,-0.11372238095238107,,0.0,-0.11372238095238107,-0.11372238095238107,1,-0.1989023809523811,-0.1989023809523811,,0.0,-0.1989023809523811,-0.1989023809523811,1,-0.31450380952380963,-0.31450380952380963,,0.0,-0.31450380952380963,-0.31450380952380963,1
负负负,无无无,897,0.007188225579924187,0.0014385532264693524,0.07415802490142202,0.5072463768115942,-0.033264033264033155,0.04219823356231589,897,0.01689685510647143,0.006658005846053916,0.10508883401271285,0.5384615384615384,-0.03790612508497637,0.05724299065420557,897,0.02855995208133519,0.005330490405117239,0.18134696322211072,0.5284280936454849,-0.06339787632729554,0.09228971962616805,865,0.04635262038834181,0.006012658227848133,0.21079369185177893,0.522543352601156,-0.07894736842105265,0.11194029850746268,897
负负负,无无正,2,-0.1742792151550278,-0.1742792151550278,0.04587930855468893,0.0,-0.19050000025261307,-0.15805843005744255,2,-0.08238934667040082,-0.08238934667040082,0.012437078025670229,0.0,-0.08678651777544963,-0.07799217556535201,2,-0.11203798558320849,-0.11203798558320849,0.002011667495728683,0.0,-0.11274921744706964,-0.11132675371934733,2,-0.28869822549481405,-0.28869822549481405,0.021296101808323354,0.0,-0.2962275344955663,-0.2811689164940618,2
负负负,无无负,1377,0.010076931241445378,0.004995004995005159,0.0830571770230606,0.533042846768337,-0.03149001536098317,0.046012269938650485,1377,0.01905851297782687,0.008310249307479367,0.10451440241356112,0.5439360929557008,-0.03922894825836998,0.06237288135593211,1375,0.039261851321753596,0.024205748865355536,0.13429253659227053,0.5949090909090909,-0.04838051092119938,0.10721881958213397,1281,0.07408455911769143,0.04082092307692342,0.21535951060006417,0.5925058548009368,-0.06332057128539215,0.165289256198347,1378
负负负,无正负,1,0.059392872855257295,0.059392872855257295,,1.0,0.059392872855257295,0.059392872855257295,1,0.04663440387153539,0.04663440387153539,,1.0,0.04663440387153539,0.04663440387153539,1,0.012579871535415732,0.012579871535415732,,1.0,0.012579871535415732,0.012579871535415732,1,0.023323424549054117,0.023323424549054117,,1.0,0.023323424549054117,0.023323424549054117,1
负负负,无负无,919,0.016794445471083636,0.01178010471204205,0.0699645709933491,0.602829162132753,-0.021555174971012336,0.048093730881122676,919,0.030286657435084872,0.021235521235521304,0.0944593592354367,0.6158868335146899,-0.024070971696690202,0.07638508828327151,919,0.05127166790941116,0.03585657370517947,0.14206950504504243,0.6365614798694232,-0.031962920934693606,0.12017726697482223,901,0.0639622839689767,0.04146669226339017,0.17880151794242655,0.6270810210876804,-0.04438356164383561,0.13432835820895517,919
负负负,无负负,5426,0.010862412764542658,0.004474001140949646,0.06979538561708724,0.5307777368227055,-0.02698795389591413,0.0409192225477964,5425,0.01892180760337846,0.00806952203600253,0.10114700348535269,0.5421198156682028,-0.038202247191011285,0.06274768824306465,5422,0.048724888226052976,0.02955596630711843,0.14737581505325364,0.6099225378089266,-0.0407645584930752,0.10887849967083968,5243,0.06793444944447986,0.04095563139931735,0.22573807661786424,0.6234979973297731,-0.04686831087935461,0.1446650563059233,5426
负负负,正无无,221,0.019222149471624858,0.009643916913946393,0.07038619135775834,0.5927601809954751,-0.021889494670030096,0.04045861887190316,221,0.022864352482645144,0.00985244804318497,0.07417699205571679,0.5701357466063348,-0.02681388012618302,0.060081466395111915,221,0.03422624909813465,0.023297491039426355,0.12777629002732294,0.583710407239819,-0.05179282868525892,0.09988901220865709,220,0.04962840225143422,0.026492701633989868,0.1830442103958172,0.5681818181818182,-0.07179776154204881,0.11929797648047202,221
负负负,正无负,247,0.00831428573924321,-0.002865329512893977,0.08875756812041255,0.46153846153846156,-0.03911133041966253,0.039407307494449983,247,0.01668341473440296,0.008264462809917328,0.08821138516004766,0.5384615384615384,-0.03381860075408466,0.06917560116901667,247,0.025277762102268952,0.017154389505549927,0.12951407270698947,0.5425101214574899,-0.06587707808055643,0.10053191489361701,245,0.035632094260534215,0.018949763975155243,0.18629031411083252,0.5510204081632653,-0.07422489588153636,0.12859304084720113,247
负负负,正正无,5,-0.014890820046755748,-0.01007446342531737,0.02693888841264223,0.2,-0.01697210436038632,-0.005281690140845119,5,-0.06516852049619792,-0.058694699956197915,0.014612089494055413,0.0,-0.06261977229173699,-0.05809859154929564,5,-0.11732171017378794,-0.11091549295774639,0.03372244731522135,0.0,-0.11578041322314037,-0.10291962574681546,5,-0.10980026923927022,-0.12323943661971826,0.11063398311880486,0.2,-0.1887047683462968,-0.05940236526135234,5
负负负,正负无,138,0.015864393446147852,0.01843938730348993,0.0660613056651302,0.6014492753623188,-0.018553569001999504,0.04639694993225574,138,0.03440352002044819,0.028684630309400383,0.10218765080962111,0.6521739130434783,-0.018267966695880905,0.08259994659342329,138,0.06190552731274669,0.07240613734282941,0.1426965657424494,0.7318840579710145,-0.006704848463445046,0.13231671979136478,138,0.06822292952095246,0.06157902642222857,0.14285185397082642,0.7101449275362319,-0.03190603867855457,0.15840498890332938,138
负负负,正负负,479,0.013494885748846195,0.0044767767207609666,0.07182387433154336,0.5386221294363257,-0.024886706948640536,0.05116867627594446,479,0.021684072061596643,0.012917115177610183,0.10203129989564172,0.5553235908141962,-0.03452667929292924,0.06793345043219046,479,0.05940617400053514,0.02614896988906512,0.15863805929376948,0.6075156576200418,-0.04532457531984374,0.1416680738425029,478,0.061823844253439536,0.04076281775520685,0.1760255553116667,0.608786610878661,-0.05459020859277705,0.14934340468547497,479
负负负,负无无,184,0.01700860704174428,0.012777168278763629,0.10330428800889668,0.5434782608695652,-0.034648539120465977,0.06848673771576513,184,0.04028332507418248,0.013854907266150573,0.1319329210337342,0.5597826086956522,-0.027132220216606606,0.07123614148437823,184,0.04958724155212719,0.027926904842035416,0.15312933890672994,0.6141304347826086,-0.04726906707914463,0.11754166263613408,179,0.02980939067337565,0.005847953216374213,0.18147584591880705,0.5139664804469274,-0.06626999064738953,0.12489824989824994,184
负负负,负无负,711,0.010392360772526602,0.004629629629629539,0.07966358929451749,0.5344585091420534,-0.031467732683764515,0.04363129331049331,711,0.022911056492897947,0.007211538461538547,0.11645860785656907,0.530239099859353,-0.045461577236620254,0.06420532559799907,704,0.04222582272426276,0.010068436100042821,0.15187433432734868,0.5397727272727273,-0.05987630843450356,0.11645680297571692,675,0.05334665685879222,0.027643979057591528,0.19688086462061932,0.5644444444444444,-0.07728488165235542,0.15084726508010304,711
负负负,负负无,1102,0.029686023263535748,0.027368062690359962,0.0843883074053928,0.6388384754990926,-0.020829987646074744,0.06958201058201063,1100,0.04989174789906523,0.044749419272154256,0.10890733641044914,0.6863636363636364,-0.0165244903926825,0.1026473526473527,1100,0.08806207102553998,0.070679401693999,0.1619438895124731,0.72,-0.00982324198745188,0.16551547272213185,1080,0.07698894203617927,0.06706997145112548,0.18730960753445602,0.6592592592592592,-0.03750975273416754,0.16064662118719786,1102
