from_combo,to_combo,1w_n,1w_mean,1w_median,1w_std,1w_win,1w_p25,1w_p75,2w_n,2w_mean,2w_median,2w_std,2w_win,2w_p25,2w_p75,1m_n,1m_mean,1m_median,1m_std,1m_win,1m_p25,1m_p75,2m_n,2m_mean,2m_median,2m_std,2m_win,2m_p25,2m_p75,events
无无无,无无正,9649,0.002528043864505532,-0.0016542597187758634,0.06518429398682843,0.48108612291429165,-0.03359348489989811,0.03141361256544495,9639,0.005583644742387701,-0.0023931623931624513,0.09387277203075439,0.4839713663243075,-0.0487733234755372,0.04761048304213766,9595,0.012003378540926033,-0.006111111111111067,0.1480510187745422,0.475039082855654,-0.07579071145513128,0.07198143136140278,9539,0.032175292382832885,-0.004081632653061273,0.21923005601437925,0.48841597651745466,-0.09528146413392308,0.10909090909090902,9663
无无无,无无负,9458,0.0007769604140355875,-0.0005491569340337898,0.059124865990841304,0.48868682596743496,-0.029942513748867028,0.02917537542074833,9377,0.0033109246911704328,-0.0006968641114982743,0.0863807615139516,0.49141516476485014,-0.04271356783919589,0.042394315307719976,9223,0.0057396227187934915,-0.004657179818887469,0.13804087366183135,0.4750081318443023,-0.06578064288237373,0.06135299688035767,9074,0.027209758549899866,-0.0004088680106007492,0.21607079028566828,0.497134670487106,-0.0856355174413578,0.10235051010641094,9532
无无无,无正无,12138,0.004809883353670374,0.0,0.06452851669358194,0.49876421156697975,-0.029189284876298044,0.031074985088809293,12089,0.008415333031731238,0.0012919896640828377,0.0924926458009877,0.5057490280420217,-0.042961608775137106,0.04634282523729749,11958,0.015877684042415154,-0.0009812499774335959,0.14626833542741943,0.49439705636394043,-0.06252846083788705,0.06913824830106735,11741,0.034259618980667934,-0.00302826379542398,0.22348449459729117,0.4887147602418874,-0.09035136642498598,0.10726829563086993,12168
无无无,无正正,1355,0.006861768383977419,-0.0017543859649121751,0.07404954426035593,0.48044280442804427,-0.033196010285100774,0.037489151987520786,1354,0.013972716108941045,-0.002805744263965626,0.1161910028119717,0.4815361890694239,-0.045898538495089125,0.05154199017831623,1347,0.02521039300039085,0.0,0.1707786103603047,0.49962880475129917,-0.06632376424229347,0.0776336607446323,1341,0.03666193828809035,-0.006128133704735306,0.2415964314176031,0.48322147651006714,-0.0982271202683277,0.10865874363327688,1360
无无无,无正负,43,-0.0009199930217892217,0.004739336492891155,0.05947840008005573,0.5116279069767442,-0.019108307007803915,0.032419307373791284,43,-0.004930201530038936,0.0013831258644536604,0.07262664545651495,0.5581395348837209,-0.036598232726036406,0.04356264894017314,41,-0.01967228944636913,-0.00746268656716409,0.10810841085622383,0.4146341463414634,-0.08814102564102566,0.04676258992805771,38,-0.020564113477155362,-0.031051121439036156,0.11464216089913477,0.34210526315789475,-0.0775978301768468,0.02808373923785451,43
无无无,无负无,15905,0.0005847041153844537,-0.0016920473773265332,0.05818044429694159,0.47708267840301793,-0.031287726358148915,0.0286885245901638,15848,0.0036592287013686793,-0.0024183832216256307,0.08348383372115024,0.4806284704694599,-0.04427645788336931,0.0425363088753028,15811,0.011648695385531387,-0.002305918524212136,0.1303296559593891,0.4870027196255771,-0.06201079145166227,0.06544982721565695,15705,0.034899666149901386,0.0040036957191254,0.20583526887537068,0.511238459089462,-0.08115942028985512,0.102928870292887,16018
无无无,无负正,79,0.007987067569141375,0.001263157894736855,0.05314066946577828,0.5063291139240507,-0.02100642066991576,0.040066558366820604,79,0.017617909001098966,0.01001669449081799,0.07047365425639064,0.5569620253164557,-0.030045736703977477,0.0667343614738597,79,0.030415058846362954,0.010463378176382543,0.16071725212824733,0.5443037974683544,-0.03965566011308408,0.0504727770735901,79,0.04607496799955813,0.006050129645635227,0.21438432636974802,0.5189873417721519,-0.06900620779452454,0.10270644457667699,79
无无无,无负负,1593,-0.003169469942691285,-0.004098360655737654,0.05982512218685547,0.4595103578154426,-0.03260146373918826,0.024922118380062308,1580,-0.0016452921139855643,-0.006232520198881264,0.08752345675508351,0.45126582278481014,-0.04650610244097644,0.03670736575953154,1573,0.005716556442315943,-0.007692307692307665,0.13087371939540793,0.4659885568976478,-0.0717299578059073,0.06656891495601158,1559,0.025608944786299496,-0.006102068965517127,0.20467145137700482,0.4804361770365619,-0.09001626140556912,0.10038841649045449,1609
无无无,正无无,19938,0.003328086214470324,-0.0002518261358366858,0.06359780529593238,0.4902698364931287,-0.028968625818554583,0.02808112180418637,19853,0.009521877191545514,0.003058000000000005,0.0981612701148052,0.5185614264846623,-0.039623381718320694,0.04674127715602383,19602,0.021206246767084765,0.006132618762193509,0.14991641209260362,0.522191613100704,-0.06007391365612022,0.07884094668650482,19330,0.040042322851119604,0.007802066016590947,0.2263877977270009,0.5213140196585618,-0.08687074890202956,0.11645619705220966,19994
无无无,正无正,2843,0.004620225443053559,0.0,0.07272352684329479,0.49208582483292296,-0.03445252270910715,0.03407299987915313,2841,0.01289680414631869,0.0018820577164366803,0.11090672588818624,0.5086237240408307,-0.048736462093863064,0.05306122448979611,2817,0.018486122038262554,-0.000410677618069899,0.16569742822761677,0.49733759318423854,-0.07716371220020846,0.0841225626740949,2797,0.04410689594681727,-0.0007570022710069457,0.2602919309077623,0.4966035037540222,-0.095166163141994,0.12007168458781381,2847
无无无,正无负,130,0.008845387172299731,0.0009090066716087586,0.07471234129649053,0.5076923076923077,-0.02271144497258265,0.02418296697875838,129,0.014210189416751836,0.00411522633744843,0.08752644560609919,0.5348837209302325,-0.04124860646599793,0.05595193390912501,129,0.029264358375738157,0.02280130293159588,0.13303074268161813,0.5658914728682171,-0.057350363135487026,0.07629173016729607,125,0.05290582835131674,0.008765339343851819,0.20166961760946123,0.544,-0.06976744186046524,0.14639397201291704,130
无无无,正正无,11465,0.006386927859805506,0.0,0.06711065429251216,0.4957697339729612,-0.02882483370288247,0.031594415870683346,11414,0.00936452815849433,0.0021553404694664158,0.09435835871462302,0.5101629577711583,-0.042408813182743865,0.04774624581438047,11301,0.021198538196324335,0.0035087719298245723,0.1509309576198256,0.5139368197504646,-0.06281407035175879,0.07645149657410744,11182,0.04541293990140836,0.0035360961898188714,0.24102313372265677,0.5086746556966554,-0.08897495534225836,0.12611064638981834,11498
无无无,正正正,2824,0.012961636245167786,0.0028987029354619054,0.08678251259381688,0.5184135977337111,-0.031255771361733575,0.04029341027054789,2818,0.019661668691063283,0.0029121057936268846,0.13935265167783992,0.5156139105748758,-0.0462201214396282,0.06196855231795728,2805,0.02662319783788412,0.0036900369003689537,0.1805075316786425,0.5083778966131908,-0.07196870925684484,0.0878524945770065,2792,0.048018922815342896,0.0024995574046206004,0.26917970281052456,0.5075214899713467,-0.10336681763635663,0.1257881462799495,2827
无无无,正正负,9,0.013459333729529751,0.004514672686230403,0.03427074845037589,0.6666666666666666,-0.0033388981636061077,0.020642201834862428,9,-0.0020526622872038855,-0.00959232613908867,0.04523857178240491,0.4444444444444444,-0.0273972602739726,0.0064743967039437855,9,-0.01867672023773217,-0.018332756831546226,0.08383876132073718,0.2222222222222222,-0.03255425709515858,-0.011591975169300106,9,-0.020243674215039094,-0.016806722689075793,0.12378892215448216,0.3333333333333333,-0.07402282947077132,0.008367632721202112,9
无无无,正负无,8,0.03027332579222715,0.015112216696857028,0.11711330240769902,0.625,-0.02461779175661344,0.06462646900223401,8,0.058141089748763,0.03978114087453999,0.124053378819516,0.75,0.017704218514269038,0.11670766837278185,8,0.09105752824444648,0.04940846184070902,0.18552431045527734,0.75,-0.005258512534197068,0.11751366766334154,8,0.026706135737140382,-0.009224407336318241,0.17252373130552276,0.5,-0.0806633300799165,0.0468940169940788,8
无无无,正负正,1,0.024729520865533372,0.024729520865533372,,1.0,0.024729520865533372,0.024729520865533372,1,0.18856259659969088,0.18856259659969088,,1.0,0.18856259659969088,0.18856259659969088,1,0.35316846986089656,0.35316846986089656,,1.0,0.35316846986089656,0.35316846986089656,1,1.482225656877898,1.482225656877898,,1.0,1.482225656877898,1.482225656877898,1
无无无,负无无,18460,0.0020915861845283443,-0.001233844327056255,0.05931047092044321,0.4844528710725894,-0.02836545231556395,0.02901822068889215,18321,0.0029534083003849823,-0.0037974683544304,0.08521404698204425,0.46809671961137495,-0.04275559259259276,0.03944636678200686,18074,0.009175032720824957,-0.007310479076606202,0.13538312861601853,0.465143299767622,-0.0637720169241269,0.0621110456667987,17954,0.021893606614127134,-0.007755279337075649,0.19933034293758714,0.47432327058037205,-0.09285111844334012,0.09765419957880883,18570
无无无,负无正,86,-0.0011638190017430024,-0.001400165046540669,0.05949512726184973,0.4883720930232558,-0.03099673127672492,0.025357412066591145,86,0.004459316538387203,0.004666421875877069,0.07917783413786689,0.5581395348837209,-0.04070746688535523,0.04268770638228764,86,0.007836876611962027,-0.0023358036455606856,0.12248668417653201,0.4883720930232558,-0.06500479082023125,0.06972695245688276,86,0.04395304843807941,0.015941951542829402,0.2038873990659796,0.5813953488372093,-0.08058291596539335,0.13260850892907677,86
无无无,负无负,2486,0.0015616845528200712,-0.0016302385893265936,0.060403207639275036,0.48149637972646825,-0.029297601063030504,0.030533367359959263,2481,0.004584628496580469,-0.002307692307692344,0.08893910895974398,0.4788391777509069,-0.040983606557377095,0.04221635883905006,2413,0.0060016043586960345,-0.007114135477884198,0.13119325378190858,0.47617074181516783,-0.06338426711941147,0.06386986301369868,2383,0.02911361754845645,-0.0009803921568627416,0.24168909977207995,0.4960134284515317,-0.08446888783982331,0.10679288147097055,2489
无无无,负正无,11,0.04545669884106513,-0.03183885640025996,0.17245509646080406,0.36363636363636365,-0.046293856107575526,0.04822459809583268,11,0.062300619148243024,-0.005547565235257901,0.217621796598124,0.45454545454545453,-0.028080820724820876,0.04765881067582345,10,0.0639814385163501,-0.014517227001591193,0.27600939185540213,0.3,-0.07902657044448091,0.00950407546386925,10,0.018786620299143186,-0.036210494931425086,0.21307211801391113,0.4,-0.10451377267652642,0.06763695289264621,11
无无无,负正正,1,0.04661016949152552,0.04661016949152552,,1.0,0.04661016949152552,0.04661016949152552,1,0.10593220338983045,0.10593220338983045,,1.0,0.10593220338983045,0.10593220338983045,1,-0.03389830508474578,-0.03389830508474578,,0.0,-0.03389830508474578,-0.03389830508474578,1,-0.05508474576271183,-0.05508474576271183,,0.0,-0.05508474576271183,-0.05508474576271183,1
无无无,负正负,1,-0.027450980392156987,-0.027450980392156987,,0.0,-0.027450980392156987,-0.027450980392156987,1,-0.03585434173669466,-0.03585434173669466,,0.0,-0.03585434173669466,-0.03585434173669466,1,-0.1523809523809524,-0.1523809523809524,,0.0,-0.1523809523809524,-0.1523809523809524,1,-0.3260504201680673,-0.3260504201680673,,0.0,-0.3260504201680673,-0.3260504201680673,1
无无无,负负无,10918,-0.00013720096331498472,-0.001936110236456512,0.05967332703356796,0.4770104414727972,-0.03095653238859769,0.02767824172217126,10840,0.0015723955789486174,-0.004137378277606074,0.08266093066180821,0.4677121771217712,-0.042894295530771925,0.03913946057787365,10806,0.01013820023078244,-0.0031471457789618573,0.12677429794021436,0.48149176383490655,-0.06294389317075655,0.06511428639365197,10728,0.032108369321291005,0.0,0.20884153666746422,0.4993475018642804,-0.08483835082129312,0.105577828608938,11003
无无无,负负正,11,0.020550213429609457,0.010344827586206806,0.06157895733952337,0.5454545454545454,-0.015015391223423269,0.03362809672493572,11,0.03350644656905624,-0.008196721311475419,0.09022248948826826,0.45454545454545453,-0.01782215316119501,0.05609810758863809,11,0.004577596015088761,-0.011235955056179692,0.10050242444499577,0.45454545454545453,-0.05826933694724695,0.10267833722113406,10,-0.0362111489733475,0.006912346623216936,0.12050501763993907,0.5,-0.15247320160144645,0.06642941774718136,11
无无无,负负负,2305,-3.902571818600525e-05,-0.0019819819819819617,0.06093346874499452,0.4767895878524946,-0.033212560386473244,0.03168831168831154,2287,0.0026633716398149544,0.0,0.08697627010431111,0.4940970703979012,-0.04413674560733394,0.04490951494235318,2277,0.014473309172485335,0.003969829297340244,0.136278382759065,0.515590689503733,-0.05785123966942152,0.06899641577060955,2254,0.0350663833317427,0.008633254384947997,0.21813039982472676,0.5261756876663709,-0.07672483937347407,0.1084821022697734,2316
无无正,无无无,11694,0.002353796316895924,-0.0017145460825598313,0.0660468826177834,0.4781084316743629,-0.03387137371778348,0.03261344356942075,11672,0.004136165435186929,-0.005474972555065127,0.09581210755288659,0.46264564770390676,-0.050520252909856456,0.04585443861339,11623,0.01165246896138962,-0.010000000000000009,0.14858218039051685,0.4606383894003269,-0.07451785904708397,0.06983771319178556,11536,0.03359650807683534,-0.00430430244980895,0.22449386680211056,0.4868238557558946,-0.09330244530244516,0.10556017446795596,11713
无无正,无正无,217,0.006831293196542144,0.0011204481792717047,0.06799196092214484,0.5023041474654378,-0.0293609671848013,0.032568467801628476,217,0.015065467552329147,0.0035353535353535026,0.08789416330983786,0.5161290322580645,-0.03326488706365516,0.049367088607594756,214,0.02010530826912571,0.0033976553584397218,0.13678860951428612,0.5280373831775701,-0.06089812603561187,0.08152708300953793,212,0.028291797230376253,-0.009845375233555498,0.19663913714729758,0.47641509433962265,-0.09465841920388973,0.0985027322547622,218
无无正,无正正,10979,0.004161244028649563,-0.0024154589371980784,0.08372687995376474,0.4790964568722106,-0.04084321475625824,0.03894197109178388,10974,0.009258241081014607,-0.00337419867051042,0.11996779939029521,0.4811372334609076,-0.05567200027351843,0.05525710984546417,10952,0.01933961735556106,-0.005883961799193926,0.1839413561095493,0.47616873630387146,-0.0825620038007776,0.08132811947326907,10926,0.030995612256945027,-0.010826191129480023,0.2521607901773169,0.4690646165110745,-0.11240603658636447,0.1093413754303319,10992
无无正,无负无,813,0.0003652538825848629,-0.0007042253521126751,0.07009143238282506,0.4956949569495695,-0.03925967470555258,0.034595524956970714,813,0.005995856552237213,-0.0038037276530999975,0.0983309770670634,0.4735547355473555,-0.04590570719602982,0.045432098765432194,813,0.01682516114685169,-0.001796407185628679,0.1386411984526621,0.4870848708487085,-0.06401525469899205,0.06956521739130439,791,0.03698909134385007,-0.0031509596104268844,0.22125463102150297,0.49304677623261695,-0.09689821546118071,0.11850831321940081,814
无无正,无负正,1251,0.0022881427917624854,-0.001953125,0.0808848743637512,0.48201438848920863,-0.04124869364398431,0.03901540320144958,1251,0.01031841604570914,0.003869407496976951,0.11308593401696436,0.5147881694644284,-0.05162478635604023,0.0599446219247981,1251,0.02248268176277019,-0.0021616315264384456,0.2189089475347028,0.49000799360511593,-0.07203844607869586,0.07903991417570455,1218,0.059815163817196135,0.00795974777576236,0.27347696791232495,0.5180623973727422,-0.09083065338457902,0.13322693984690376,1252
无无正,正无无,104,0.014728592452693283,0.0019025875190258335,0.07839550669895247,0.5,-0.031131972514146955,0.03336731076219834,104,0.028248082436919196,-0.0011561496979715646,0.11318901991425906,0.4807692307692308,-0.027876189542147795,0.06269443734037738,103,0.01975504745281237,-0.01279317697228155,0.1630088596147427,0.42718446601941745,-0.06564431504450102,0.06542083460194847,101,0.03184582795544427,-0.013063840276066219,0.2074405271294011,0.46534653465346537,-0.09484404837683003,0.09489166630901291,104
无无正,正无正,5991,0.0006875895614079664,-0.004993669995779992,0.07774455356818408,0.45768652979469204,-0.04166409482129846,0.03425566372690658,5979,0.004974284858995069,-0.005641748942172176,0.11503689029257338,0.4706472654290015,-0.05594979663062377,0.049398723168344705,5943,0.010256022239035116,-0.011904761904761862,0.18784155886088055,0.45667171462224465,-0.09375189909131515,0.07865569182891485,5924,0.03897427713023196,-0.004507911706797152,0.24922638917594248,0.48700202565833894,-0.10578447969156571,0.12570492544962458,5997
无无正,正正无,50,0.005450566123875915,-0.0020950968856692787,0.07833256659059255,0.46,-0.03613644799394719,0.04302294136797552,50,0.005512680105313845,-0.011427847296501925,0.09212950741969476,0.48,-0.04049336203506987,0.047699449882486644,50,0.009371468741712423,0.0010556401814817429,0.11648954847109799,0.52,-0.07237166059971922,0.062263441265868025,50,0.02910084729648288,-0.004688097971680127,0.2359290977064495,0.5,-0.10571837130746276,0.08750714090559097,50
无无正,正正正,7353,0.00789462970103686,0.0,0.08685370670749154,0.49585203318373455,-0.039177277179236136,0.04270462633451966,7344,0.01288344982729994,0.0,0.12411460776733095,0.49931917211328974,-0.055913859704079694,0.061802590294651794,7325,0.020440131191761374,-0.004531045685279289,0.1858534059431639,0.48464163822525597,-0.08472012102874438,0.09178743961352653,7315,0.03981510120195202,-0.006272401433691788,0.25904851571056414,0.48489405331510593,-0.11298572475956359,0.1270258749798392,7359
无无正,负无无,3244,0.003089190338261464,8.017117117131711e-05,0.06928571187717306,0.5,-0.032665070818977376,0.033835388994307325,3242,0.003332588515709505,-0.001658944153457964,0.09409191112257331,0.4833436150524368,-0.04611025838553151,0.04223954931981466,3226,0.013083750838381886,-0.005265138014336146,0.14221570558953492,0.47241165530068197,-0.06570942927498968,0.06706836518545872,3215,0.030752033703127853,-0.004367720465890179,0.2159574247603647,0.4867807153965785,-0.08899118604164741,0.10501281891063863,3255
无无正,负无正,8378,0.0027744699812890608,0.002106008592574149,0.07765724381520968,0.5132489854380521,-0.0340075207184842,0.04047498947718736,8373,0.0016974016729334345,-0.00189753320683117,0.11262493714735,0.48656395557147974,-0.05138140161725069,0.050139275766016844,8366,0.013957848638498747,-0.006286963630176612,0.16643127934850044,0.47442027253167585,-0.07174599225177208,0.0705348753096584,8336,0.028961377320999255,-0.007561463693539161,0.2294293499744524,0.4812859884836852,-0.09751947729114341,0.10876002054769968,8386
无无正,负正无,4,-0.012147598964570017,-0.006041023779270349,0.038142999048362144,0.5,-0.036388847715718875,0.01820022497187851,4,-0.027899800372557126,-0.027070611726266125,0.05384141475585929,0.5,-0.07346535023155665,0.018494938132733396,4,-0.022990957315466604,-0.019838020247469113,0.024730573943766432,0.25,-0.029210535014378813,-0.013618442548556903,4,-0.01162997866986204,-0.018166645464953612,0.022429270592629922,0.25,-0.027883014623172137,-0.001913609511643516,4
无无正,负正正,5,0.04124557416132919,0.052197802197802234,0.07977558007455648,0.6,-0.020098258150960113,0.07859531772575257,5,0.0626064102227358,0.016483516483516647,0.09297110558178781,0.6,-0.003127171646977067,0.15802675585284276,5,0.021581584618449966,-0.023671281822241985,0.09965815110559709,0.4,-0.050034746351633075,0.06605351170568552,5,-0.007287602469782417,0.028428093645485042,0.09551208141166596,0.6,-0.07592675301473861,0.06933333333333347,5
无无正,负负无,1864,0.0029992368350091176,-0.00025548206102754545,0.0659911815114597,0.49302575107296137,-0.03141560244834432,0.03503341741944688,1863,0.009066966225951954,-0.001225490196078427,0.09201341001371004,0.4927536231884058,-0.03928319975309352,0.05092517509400407,1861,0.028885173749754932,0.008562691131498212,0.14522291049323238,0.5346587855991403,-0.05062166962699821,0.08671439936356418,1835,0.0469269019779756,0.012398921832884158,0.2007121610952941,0.5389645776566757,-0.07101773553269763,0.1277534677708041,1866
无无正,负负正,975,0.00045809016836900686,0.003884655610339127,0.08766879188168152,0.5230769230769231,-0.038339836855873166,0.041534588518951976,975,0.002559144233142642,0.003923076923076918,0.11896506795554285,0.5117948717948718,-0.0508733143691647,0.06028957059477491,975,0.022651516911901426,0.006924069944842293,0.15452766511130506,0.5353846153846153,-0.06134157466425799,0.08476924780911432,962,0.06931407757026493,0.02405929949640684,0.29423134437954945,0.5602910602910602,-0.0742498618805579,0.15041429356151526,975
无无正,负负负,1,-0.007306889352818313,-0.007306889352818313,,0.0,-0.007306889352818313,-0.007306889352818313,1,-0.019832985386221247,-0.019832985386221247,,0.0,-0.019832985386221247,-0.019832985386221247,1,-0.016701461377870652,-0.016701461377870652,,0.0,-0.016701461377870652,-0.016701461377870652,1,-0.014613778705636848,-0.014613778705636848,,0.0,-0.014613778705636848,-0.014613778705636848,1
无无负,无无无,9750,0.00383443117424613,0.0,0.05909786712089194,0.49835897435897436,-0.02702051135030878,0.029045643153526868,9696,0.004110854451043945,-8.168273444353336e-06,0.08270938318926455,0.4949463696369637,-0.04033027333680997,0.0409896812026177,9514,0.008558885584356706,-0.0005093745577674502,0.13079129221271765,0.4937986125709481,-0.0626731459625206,0.06461425505478363,9333,0.029071810895915776,0.002109704641350074,0.21811886013218346,0.50391085395907,-0.08516495452347994,0.10275689223057638,9819
无无负,无正无,612,0.011977347380339004,0.0065777742815188445,0.06791424700050942,0.5571895424836601,-0.024944660910538347,0.03951467394890007,611,0.008548376589613027,0.002424883608147299,0.0848509716872662,0.5204582651391162,-0.03919144789488632,0.04937861606010918,604,0.009201325762007002,-0.0033229423121202695,0.12173296020899514,0.48013245033112584,-0.05966894851254917,0.06214502517878079,580,0.03538960246115242,-0.0006510416666666852,0.20772294722165272,0.496551724137931,-0.07336809723889542,0.10074232363689578,612
无无负,无正负,812,0.010920212448401375,0.005911640652119909,0.06276117345388744,0.5591133004926109,-0.02246468797763468,0.037631856995203994,812,0.009067448646526153,0.00942142792864209,0.08129809595371128,0.5492610837438424,-0.039058485079484784,0.04876681100218533,795,0.0038618614375816825,-0.009485094850948506,0.12169607940656742,0.45031446540880504,-0.06903906377531932,0.06283670777954631,745,0.0389846887245808,0.011385199240986799,0.22416179891731597,0.5221476510067115,-0.07968127490039845,0.11466165413533824,812
无无负,无负无,393,0.0021842843798854463,-0.0011312217194570096,0.0574419803946713,0.4860050890585242,-0.027275947573503267,0.02936241610738244,389,0.005116882131154403,0.001295672454003638,0.09358521124030043,0.5038560411311054,-0.038548752834467126,0.03540669856459355,385,0.017054475837985927,0.00871313672922236,0.13495335212451645,0.5194805194805194,-0.06463195691202872,0.06804024916147577,381,0.03673881541677269,0.017945383615084465,0.19512677764507483,0.5459317585301837,-0.06190823015294966,0.1010526315789475,403
无无负,无负负,9449,0.001080856282158077,-0.0020060180541626726,0.06047975522914768,0.47719335379405226,-0.030612244897959218,0.02944572748267893,9406,0.0065956354300843725,0.0,0.09154919454530866,0.49596002551562834,-0.043924693433193635,0.048667604389572516,9378,0.017917691441094837,0.0034582419772772877,0.14430094303232704,0.510130091703988,-0.06444278761094979,0.0793650793650793,9277,0.03945778100329252,0.008418254319893848,0.21426880456675512,0.5267866767273903,-0.07779030439684331,0.11349659464285722,9512
无无负,正无无,3102,0.008420209106908853,0.0009667158201246417,0.07712177382514504,0.5061250805931657,-0.028846677438179008,0.029978182455146996,3090,0.00974914525939022,0.0035089447310423516,0.09345144343868765,0.5184466019417475,-0.04081819279179749,0.04865440507620966,3057,0.023982693559949423,0.007162753680859835,0.15362979452123438,0.5318940137389597,-0.05999999999999994,0.08193624557260915,2996,0.03730350255225089,0.006381958965446244,0.22139083550301566,0.514018691588785,-0.08206697480072567,0.11568487850177983,3120
无无负,正无负,7208,0.011004483903068787,0.0021322349368284588,0.07268210726057309,0.5167869034406215,-0.02503580618125384,0.03460956575143431,7195,0.015424226238945144,0.00907852927825692,0.0891047347064205,0.5573314801945796,-0.03338818714628772,0.05315464680645332,7154,0.029671751563595,0.016393442622950838,0.13886225627014107,0.561084707855745,-0.04855311043789129,0.08997781245340014,6895,0.0408021031879483,0.012268337248760197,0.2182578850710806,0.5357505438723713,-0.07372493491265508,0.11846013518254317,7213
无无负,正正无,1963,0.015210927111867677,-0.0003401360544217358,0.09211102962883112,0.4905756495160469,-0.028485900869327507,0.033880903125315776,1963,0.010668245739308592,0.003912937148446982,0.10034905273858634,0.5257259296994397,-0.04383259201348039,0.0469684218680676,1937,0.015921420446473048,-0.002680965147453085,0.15131728318987583,0.48373773877129583,-0.06456953642384111,0.06548175865294681,1887,0.028207462533259408,-0.013207547169811318,0.2199017522698797,0.4615792262851086,-0.09004290911358542,0.10216052604112302,1965
无无负,正正正,2,-0.03402605889371901,-0.03402605889371901,0.09531646696643102,0.5,-0.06772551896907247,-0.00032659881836555327,2,-0.08718742422256592,-0.08718742422256592,0.03633576906914442,0.0,-0.10003405857677614,-0.07434078986835571,2,-0.10378499867254143,-0.10378499867254143,0.20786587866429823,0.5,-0.17727668486295411,-0.030293312482128743,2,-0.029479172201865855,-0.029479172201865855,0.24651935620879295,0.5,-0.11663692643635562,0.05767858203262388,2
无无负,正正负,976,0.016332140970459878,0.003523269971169918,0.07917317427090863,0.5204918032786885,-0.024065241963683176,0.040063505139588784,976,0.012040207800941434,0.009049013337515954,0.08158916519476833,0.5625,-0.03581005421970754,0.053513837853484236,963,0.014527339664706167,0.010465116279069653,0.1204781459039674,0.5379023883696781,-0.06199813944379151,0.07550217806152526,916,0.027295113867031262,0.008666120554304046,0.17746280242036724,0.5283842794759825,-0.07095400048633174,0.10313958921451372,976
无无负,正负无,3,-0.03144818900639416,-0.030716561266701525,0.044858716258063154,0.3333333333333333,-0.0536924027346285,-0.008838161408313505,3,0.01504883013520475,0.010888688127050461,0.04189366555172235,0.6666666666666666,-0.006860435870218229,0.03487802513655058,3,0.06079130195063779,0.10455993533355512,0.08434512875067415,0.6666666666666666,0.03405942814950358,0.10940749244323067,3,0.13523121903349952,0.08244109388971688,0.10788613104424233,1.0,0.07317337847926009,0.17089399701584762,3
无无负,正负负,8,0.024279014827795597,0.006762886024107129,0.06939984046212769,0.875,0.003030159718488301,0.049150122703247034,8,0.04395807063473477,0.03707462479789192,0.09419951454782739,0.75,0.003493296553257502,0.10019674850653082,8,0.029564974146596312,-0.005264486236589094,0.12146108697012213,0.5,-0.05430493531168745,0.08949314034570227,8,0.07901421849611508,-0.005869073429782046,0.3519753818177856,0.5,-0.11222587046437885,0.13967569608262076,8
无无负,负无无,115,0.0029731499544883933,0.003432494279176135,0.041817592887165425,0.5217391304347826,-0.01594320018471479,0.02312785893463165,115,0.00832627807589001,-0.002079318384815787,0.07835971865995887,0.4608695652173913,-0.03496581166915402,0.04315912895651741,109,0.013582714385463738,-0.007067137809187329,0.11743809558145908,0.46788990825688076,-0.05529756082148496,0.07189901207464344,109,0.02174145751051816,0.0,0.1677308409778973,0.4954128440366973,-0.0834206979182266,0.09968847352024923,116
无无负,负无负,4893,0.0017082952246469695,0.0,0.060047339565846125,0.49192724300020435,-0.02995169082125615,0.03195371606586561,4861,0.006424972757860768,0.00040404040404040664,0.09250300200064858,0.5009257354453817,-0.043010752688172005,0.04632152588555849,4733,0.0031825910469449907,-0.007680491551459334,0.12322532182168125,0.46122966406084936,-0.06725274725274732,0.06291834002677388,4674,0.03058941239435165,0.00261127984248799,0.20037570870360646,0.5066324347454001,-0.08372421643475356,0.11374399936165303,4900
无无负,负正负,1,0.012222222222222134,0.012222222222222134,,1.0,0.012222222222222134,0.012222222222222134,1,0.0033333333333334103,0.0033333333333334103,,1.0,0.0033333333333334103,0.0033333333333334103,1,-0.030000000000000027,-0.030000000000000027,,0.0,-0.030000000000000027,-0.030000000000000027,1,-0.08333333333333337,-0.08333333333333337,,0.0,-0.08333333333333337,-0.08333333333333337,1
无无负,负负无,64,0.009028012148103262,0.0038446707797042956,0.046074250737815826,0.53125,-0.015824970257340892,0.031153765854167847,62,0.00825732703107941,-0.0006592728748023302,0.07153571354152484,0.5,-0.03629149553142644,0.041114269163743555,60,0.03080840436539575,0.015241129306377776,0.1265669163306167,0.55,-0.05909698590179874,0.11223522251940932,60,0.016677708794312348,-0.017997830261981207,0.16830737777643587,0.4666666666666667,-0.0875036464410735,0.12886738534975334,66
无无负,负负负,5286,-0.0023670315973621024,-0.004880695578523886,0.06455614027675698,0.4519485433219826,-0.03803674092705714,0.0284074098977945,5246,0.004753287351336973,-0.0034130090392320844,0.10088020709548315,0.47598170034311854,-0.04769303050074908,0.04390384349384474,5224,0.015008607267863136,0.0008222479255584059,0.13438674791528202,0.5005742725880551,-0.06397181312972852,0.07553956834532394,5208,0.04051662178099005,0.01041337220124805,0.19981268237621874,0.5324500768049155,-0.07726989662473532,0.11662920837198265,5319
无正无,无无无,18911,0.004086698764246087,0.0,0.06031360033768057,0.4981227856802919,-0.02935834330010112,0.03165383662278076,18819,0.005964649566809803,-0.0017825311942960553,0.08934442319310121,0.48530740209362877,-0.0436989097568653,0.04416882446370385,18666,0.01162142730437579,-0.005167657174030671,0.13663015095225448,0.4751419693560484,-0.06391367290322342,0.06453341425377773,18296,0.02858548750153802,-0.0070387147002617945,0.21777848639529418,0.4784105815478793,-0.0915059451387723,0.10468849325217339,18984
无正无,无无正,356,0.0017322711474043895,-0.003767195495449238,0.054756521575083254,0.46348314606741575,-0.02866830377726376,0.028862191366824386,356,0.009763140118133408,0.003959051757868592,0.0776018526643953,0.5112359550561798,-0.037990493037381695,0.047881051504698346,351,0.022199574754580564,0.0,0.1533936180505343,0.49572649572649574,-0.058412092871109045,0.08151701788533539,349,0.03949569771480332,0.0005120286532949159,0.22986531620465078,0.501432664756447,-0.0974174566851912,0.11567164179104461,360
无正无,无无负,532,0.004214420084652538,0.003789817345361879,0.05394528033198311,0.5375939849624061,-0.028499641062455117,0.032476497570280205,532,0.005056340991015444,0.003488490011155032,0.08156619714591012,0.5075187969924813,-0.04930793378995438,0.05336744024314849,520,-0.005902730890303519,-0.004265474928312418,0.11369438331712335,0.4826923076923077,-0.06698597620674354,0.05411993042047625,492,0.01504116212523853,0.0036150207132682466,0.16883362283589487,0.5121951219512195,-0.07362198458965982,0.08282946513259226,532
无正无,无正正,2153,0.004889988038616561,-0.0014513788098694524,0.06721016823983127,0.4862981885740827,-0.0326923076923078,0.03349397590361436,2149,0.010058615942775772,0.0,0.09742706157667615,0.4960446719404374,-0.045515394912985285,0.04887091338051919,2136,0.023450227954896426,0.0002034746416694766,0.14937406059379948,0.5004681647940075,-0.06514927768860354,0.07786605486964066,2125,0.03941033460817266,-0.0028386451219512,0.2231970365874356,0.4912941176470588,-0.09552969993876304,0.1227544910179641,2155
无正无,无正负,150,0.004784784207043104,0.002478810548999455,0.06337124045317037,0.5066666666666667,-0.03454136156738574,0.037996264171400285,150,0.01619395648208411,0.007552132149531654,0.10432806459087648,0.5333333333333333,-0.042495411706974656,0.05535511638014312,149,0.02074633143716315,0.002716049382716079,0.14817168773007872,0.5167785234899329,-0.06523040095751043,0.07988826815642458,142,0.06061795095336213,0.018798729682955928,0.253939827211074,0.528169014084507,-0.07788301108449475,0.149439578612115,150
无正无,无负无,2,0.0316826630795089,0.0316826630795089,0.11035638459185626,0.5,-0.007334210866557195,0.070699537025575,2,0.05986825998090872,0.05986825998090872,0.036671344805414265,1.0,0.04690298168733947,0.07283353827447797,2,0.06346435812158363,0.06346435812158363,0.1929590629015933,0.5,-0.004756972812975463,0.13168568905614272,2,0.30768886908249626,0.30768886908249626,0.2663805319562422,1.0,0.21350912882132694,0.4018686093436656,2
无正无,正无无,146,-0.0038827307316836954,-0.0014289302643696877,0.0544282174118494,0.4794520547945205,-0.027426864874148443,0.022526359778834992,146,0.0037193586575469933,0.004346974168733642,0.07759416400047348,0.547945205479452,-0.03306255671672373,0.04088263245426477,144,0.015547362223212005,0.0012983045454545428,0.11180506715818135,0.5069444444444444,-0.044956172788375104,0.0790052125817517,144,0.01219781973453763,-0.0002462641960549461,0.16430859947883059,0.5,-0.08783125440145093,0.08770548410470053,148
无正无,正无正,17,0.005905195486332497,-0.004079879750912507,0.04876834636184708,0.4117647058823529,-0.02157598499061908,0.045454545454545636,17,0.016193853656053348,0.009060223840824166,0.08924745696698813,0.6470588235294118,-0.010431154381084773,0.045351985559566765,17,0.04770258148278317,-0.014020329477742677,0.16590948826681465,0.29411764705882354,-0.038808664259927794,0.04193389245189949,17,0.048067737347046904,0.001953339246119512,0.29104337730047947,0.5294117647058824,-0.11354581673306763,0.044449216233626965,17
无正无,正正无,11892,0.005343433609464634,-0.0007852434655534757,0.06621938284758644,0.4886478304742684,-0.029614485549674052,0.03157381584923924,11855,0.009834244187815967,0.001335113484646211,0.09373357929769174,0.5041754533951919,-0.04070320466860722,0.04619554552590277,11770,0.02136579190305823,0.0034645209178918446,0.1458739563876018,0.5132540356839422,-0.059431904728934365,0.07573971170748839,11542,0.050003156544487684,0.008686877566846052,0.23843658236738713,0.5230462658118177,-0.08361790232004082,0.12447210696173355,11911
无正无,正正正,2956,0.01137028186877743,0.0,0.0792528842269121,0.4949255751014885,-0.033838145615039894,0.039323285470757974,2953,0.019850542010417832,0.0022434099831742937,0.1136734086260549,0.5123603115475788,-0.043243243243243246,0.05840071877807729,2940,0.033764070140667686,0.0020972019961346122,0.1694888526724773,0.508843537414966,-0.05883191365623011,0.09042818911685996,2919,0.06159468365955088,0.007361963190184007,0.28185232560007706,0.5149023638232272,-0.09395847116843692,0.13625962138547953,2961
无正无,正正负,2,0.022416191403533126,0.022416191403533126,0.013052311846356215,1.0,0.017801502295173133,0.02703088051189312,2,0.04052487596791399,0.04052487596791399,0.026229212451858625,1.0,0.031251448972968054,0.04979830296285992,2,0.12644433625446294,0.12644433625446294,0.02108009018240332,1.0,0.11899139889646226,0.13389727361246362,2,0.14921523624055266,0.14921523624055266,0.06482713790054688,1.0,0.1262953818333566,0.17213509064774873,2
无正无,负无无,2403,0.00927103813412077,0.004363347877826218,0.06444762115732693,0.529338327091136,-0.024054557471609728,0.03724942490962868,2399,0.013546184405164701,0.0008771929824562541,0.0959995185367704,0.503959983326386,-0.040795160129036556,0.05555555555555558,2378,0.021302268496078823,0.002237222430712449,0.14258320712068173,0.5079899074852817,-0.05879500954119307,0.07413905370669965,2347,0.03264756298737936,-0.009447674418604501,0.22683183426440634,0.4708138048572646,-0.09039245640269811,0.11022272301311076,2408
无正无,负无正,5,0.0010114011411289868,-0.005313496280552665,0.0778616665076519,0.4,-0.01156069364161838,0.0626168224299064,5,0.019237456518314655,0.040462427745664664,0.05871458159242241,0.6,-0.0006695681285570076,0.0523364485981308,5,0.03076381739564582,0.06069364161849733,0.13626982168232946,0.8,0.024299065420560817,0.07499163039839307,5,-0.0006964096739986214,0.015887850467289688,0.07829820456734954,0.8,0.00867052023121384,0.024439236692333388,5
无正无,负无负,203,0.014635959841409358,0.007692307692307887,0.06719957495869414,0.5566502463054187,-0.02517497923975126,0.046934900005934366,203,0.017144986064894133,0.01503006012024044,0.09767797614133024,0.5665024630541872,-0.043777255025783,0.07289680243977348,197,0.03222437836534779,0.02813852813852802,0.13894234145899934,0.5736040609137056,-0.05036630036630041,0.09219858156028349,195,0.03022635127079329,0.016778523489932695,0.1667864601787909,0.558974358974359,-0.05959449810214579,0.10775076872691547,203
无正无,负正无,1267,0.015654278998957615,0.006387735547748408,0.06725569159061039,0.56353591160221,-0.021101191491946447,0.04426631013857296,1264,0.02361643624228893,0.008139073295530097,0.10000863625135831,0.5490506329113924,-0.035952595619375416,0.06320480015238578,1262,0.045016095954328865,0.021883787284302958,0.15650581584603449,0.5776545166402536,-0.048857282600237834,0.10204082000366133,1244,0.0517067575906965,0.015161053205069108,0.23320567620699353,0.5361736334405145,-0.09050345988238001,0.14106498792506167,1268
无正无,负正正,13,-0.001616023959859987,0.009990917347865613,0.0502273976775584,0.5384615384615384,-0.04130434782608694,0.01669195751138086,13,-0.003494681668716761,-0.015297906602254385,0.08210535819068045,0.38461538461538464,-0.05069124423963134,0.037238873751135326,13,0.00413878534485526,0.004347826086956497,0.13309569511807165,0.5384615384615384,-0.04423963133640563,0.08047813504033674,13,0.03643803448078823,-0.03410138248847927,0.2009245024361246,0.46153846153846156,-0.059551886792452935,0.12141776020892703,13
无正无,负正负,19,0.011985333795596912,0.019461077844311392,0.06646351156922459,0.5789473684210527,-0.02360200307687521,0.053967716221602124,19,0.011634991507322202,0.012048192771084265,0.073568632507769,0.5789473684210527,-0.03394810336954479,0.058443113772455146,19,-0.009816285745914644,-0.02395209580838331,0.10440390501079688,0.42105263157894735,-0.08891014874252223,0.06357817677084265,17,0.011425708837087503,-0.02735978112175097,0.18925765741106795,0.4117647058823529,-0.1586826347305389,0.11990686845168796,19
无正无,负负无,21,0.013129813619887229,0.005502063273727709,0.05974370208777594,0.5238095238095238,-0.020102339181286566,0.032786885245901676,21,0.02777660132875906,0.030172413793103425,0.08162984893038529,0.5238095238095238,-0.0292397660818714,0.10595717168375773,21,0.024238462151115154,0.0377588306942751,0.0773915750125806,0.6190476190476191,-0.019253910950661868,0.07718120805369133,21,0.03378263578173569,0.04897660818713456,0.1221043232105837,0.6666666666666666,-0.033898305084745894,0.09192387826662252,21
无正无,负负负,16,0.017530278829503677,0.04298927118017026,0.07430463529477592,0.75,0.004426534918239605,0.05148688526666434,16,0.011004395034419426,0.04703572598037553,0.08230118571646024,0.6875,-0.06950030543347227,0.06910830405859936,16,0.04297101517945183,0.061087405827055186,0.0952174813347122,0.75,-0.007722219818318998,0.09577803170138599,16,0.06385379923597918,0.09009973186041675,0.11096362576976028,0.75,-0.0031604255425168037,0.13516460905349792,16
无正正,无无无,2074,0.008553510196172917,0.0013233317641624387,0.0691051025887575,0.5072324011571842,-0.030913986358197143,0.03883219884539468,2066,0.012334452555926068,-0.001405075894360619,0.09850920289521412,0.4898354307841239,-0.042531331973185704,0.054113569873610545,2057,0.023694420369568064,-0.0005527915975678255,0.15313399679344442,0.4948954788526981,-0.06379310344827593,0.08189349112426036,2044,0.0313740854723151,-0.010069602997430593,0.22443759395156437,0.46771037181996084,-0.09999999999999987,0.10900865012519917,2081
无正正,无无正,18935,0.005677781788960667,-0.0014144271570015743,0.07904875428900693,0.4862424082387114,-0.037257053291536,0.04173554396443613,18917,0.009230064652940522,-0.002742230347349217,0.11355439071068474,0.48321615478141355,-0.05126502913623954,0.05586592178770933,18885,0.019282053384086312,-0.005961251862891093,0.1779311640965755,0.47418586179507544,-0.07629704984740582,0.0822711471610662,18839,0.02927671647260195,-0.012287168685272909,0.24784321313113472,0.465364403630766,-0.1085457550003674,0.10681059067656484,18960
无正正,无正无,1924,0.005334503646879551,-0.0013981982686182004,0.06746721181976577,0.47713097713097713,-0.03362022131879758,0.033306501140126066,1921,0.012471894243597082,0.0010787486515642097,0.09952828422314539,0.504424778761062,-0.04471808165910551,0.05287713841368569,1911,0.023508493168809635,-0.0026990553306340814,0.15153916813956633,0.4856096284667713,-0.062124967079522586,0.07393995825318223,1901,0.041831095537528104,-0.0033222591362125353,0.2414208613113483,0.48816412414518673,-0.09325246398786946,0.11295418641390187,1928
无正正,正无无,4,-0.030836871064372995,-0.016310657596371847,0.054278473549600505,0.25,-0.04611107032741152,-0.0010364583333333233,4,0.0281494885724074,-0.01938129496402874,0.15417620571525528,0.5,-0.059731806391621345,0.0685,4,0.07435044184040518,-0.01851318944844127,0.23426526663882438,0.5,-0.059240872608035955,0.11507812499999986,4,0.07163776045490136,0.07301360544217689,0.15893094441256497,0.5,-0.030978417266187025,0.17562978316326527,4
无正正,正无正,179,0.017573946551839494,0.012139605462822445,0.07763797464023733,0.5698324022346368,-0.024698828455844812,0.049631872161261636,179,0.020855300890984755,0.008379888268156499,0.09999552113503955,0.6033519553072626,-0.03404179351298525,0.06085870340569988,178,0.029210706144912595,0.0009217343000323952,0.1530439653571514,0.5056179775280899,-0.057487895727345195,0.07697288325611146,178,0.020877760490114528,-0.027850979477611948,0.21412382821310136,0.4438202247191011,-0.11099563222493258,0.10441780821917818,179
无正正,正正无,143,0.0005948002652621901,-0.0034843205574913716,0.05456377026878659,0.4825174825174825,-0.030301785253931512,0.030385622341005614,143,0.0015466267274495784,-0.0028929604628735728,0.0832735183686907,0.4825174825174825,-0.053296206913797994,0.050496946069849336,142,0.00678280713995339,0.00020920505046262416,0.12069873576666268,0.5,-0.06521691670116944,0.051263279161390174,142,0.025438391299757106,-0.0004368258531785574,0.19499820762679865,0.5,-0.1061832042119864,0.0972836503477037,143
无正正,正正正,20332,0.008585035398418964,-0.0010982676872732244,0.09467502924338637,0.4902616565020657,-0.042431932544056944,0.044857552213013796,20315,0.017478964238112547,0.0012142620598301068,0.13722507437607154,0.5040118139305931,-0.055540724921397666,0.06508615530332607,20278,0.02888808374951229,0.0020191827457216593,0.19151066776317038,0.5061150014794359,-0.07638096520863316,0.09931148690267205,20247,0.04581095183127777,-0.005592841163310713,0.28144153046461096,0.4865412159826147,-0.11310465178686196,0.13490743840827535,20351
无正正,负无无,675,0.014395993484516407,0.005701254275940704,0.06870354360004959,0.5511111111111111,-0.023494911160945375,0.04659776954259964,675,0.017547189468929882,0.0050544323483672216,0.09987608607964864,0.522962962962963,-0.03833189282627486,0.05617303694226772,671,0.027228403727819688,0.005370086877000357,0.14595411012794357,0.5305514157973175,-0.06026820970779423,0.07950338600451479,665,0.02506255431180101,-0.0025172466501242052,0.21931632700913184,0.4917293233082707,-0.09564571994062354,0.09940145361265484,676
无正正,负无正,2879,0.009734262376381576,0.003566333808844524,0.08204998001725053,0.5234456408475165,-0.03238395076646877,0.04671455853031081,2879,0.012083377882366374,0.002120328650941028,0.11841776292826477,0.5088572420979507,-0.04676877417077996,0.06205232010570849,2869,0.026160618218816385,-0.0020703933747412417,0.19041439416920494,0.4918089926803764,-0.06972928630024611,0.08852459016393444,2860,0.033317210835125594,-0.008889064475347597,0.2534390081852853,0.4755244755244755,-0.10932904177904429,0.11287522420804547,2884
无正正,负正无,316,0.01821666956046657,0.011335626974505852,0.06026272357615797,0.5886075949367089,-0.01776161802068532,0.044721771284271405,315,0.03732221715620653,0.018417122946739806,0.1056053828509261,0.5714285714285714,-0.025218234315608268,0.08031370286589934,315,0.08109341729946407,0.03700848111025423,0.18189435966641054,0.6253968253968254,-0.03457471264367812,0.14427625354777662,310,0.09237570316841977,0.02147447862605345,0.2733487121892527,0.5774193548387097,-0.05417554333465449,0.146121006942241,316
无正正,负正正,3163,0.02062817591160929,0.010268562401263726,0.08652960375862975,0.5807777426493835,-0.027156827946740958,0.055981515978303587,3161,0.023857904910706298,0.01144854181730559,0.12442522599733782,0.5542549826004429,-0.0434782608695653,0.07328174783796082,3157,0.04823646175559657,0.015037593984962294,0.21701378778983024,0.548305353183402,-0.06457257852830534,0.12310606060606033,3155,0.0500312119805065,0.002538071065989911,0.29635635798848836,0.5036450079239303,-0.11205353335075585,0.13163395129043987,3166
无正正,负负无,16,0.018329587615132592,0.036235489220563855,0.06689634760445938,0.625,-0.02235078904813645,0.05948737939771942,16,0.011834281327753916,0.02314198877713336,0.09312513282962026,0.5625,-0.031193924939900836,0.08218622838250256,16,0.026881019643074544,0.05745160705381025,0.09823601998634256,0.6875,-0.02300556370323803,0.0955993788819875,16,0.04244385198662154,0.0068489948574100845,0.16618925619228647,0.5625,-0.058972235122880745,0.2050940270309548,16
无正正,负负正,8,0.02118709798531819,0.0060182725414043015,0.0488483110189183,0.5,-0.012734426068160276,0.05094899378488299,8,0.051052435475209476,0.003972075549450449,0.1400322786320047,0.5,-0.010156559944576343,0.03522682144792477,8,0.1268765406289206,0.04388578398378584,0.21945937582408584,0.875,0.02171441384894235,0.15176091113585838,8,0.1281965446495214,0.009579517629825951,0.3020440059140259,0.5,-0.10870457984203313,0.32041816480323104,8
无正负,无无无,121,0.009485446300256281,0.0023419203747072626,0.05533688529498689,0.512396694214876,-0.019955654101995512,0.03359013867488447,121,0.006935052634500174,0.005307262569832716,0.07947371736614271,0.5289256198347108,-0.046564711253138436,0.04897533865925663,121,-0.0050796954640588265,-0.001315789473684159,0.12061708804686105,0.48760330578512395,-0.06537530266343838,0.04649196956889279,110,0.054097605150780576,0.006175994017200592,0.4012597634410443,0.5363636363636364,-0.08568845080558293,0.09086515326977279,121
无正负,无无负,854,0.0070919461595191045,0.0018807607705226825,0.06309023721455162,0.5140515222482436,-0.030806889489906175,0.037869051601204184,851,0.009852022739876115,0.0013749754468670439,0.08484772545028463,0.5052878965922444,-0.04203088076720124,0.05131661424187128,843,-0.0008325136429751696,-0.01363636363636378,0.11465435993446264,0.4377224199288256,-0.06995327307827309,0.053196746976736375,784,0.04195702709008952,0.007514020381836906,0.20104139912637425,0.5191326530612245,-0.08394008120916019,0.12687081170158404,854
无正负,无正无,333,0.011290291801973579,0.003729796933278129,0.06070103962806099,0.5405405405405406,-0.02302302302302306,0.03649635036496357,333,0.018347663562281503,0.007759456838021261,0.08444302085267698,0.5495495495495496,-0.03095975232198145,0.0551136363636362,331,0.01515674138249356,0.004326450344149579,0.12299753540473804,0.5166163141993958,-0.05818404041774389,0.07578967773273848,308,0.04665151839610023,0.01722194945943545,0.21363247374275496,0.5357142857142857,-0.06806609464665206,0.11714621992957863,333
无正负,正无无,5,0.04192807040325146,0.02516556291390737,0.04331069469335832,0.8,0.009356725146199008,0.08823229750382078,5,0.07009350252927651,0.058889454915945105,0.06349224508381779,1.0,0.022267206477732948,0.10021786492374729,5,-0.0196759965332741,0.014844804318488558,0.09316980373143342,0.6,-0.06432748538011701,0.04302832244008714,5,0.014735783172827598,-0.004867443708609254,0.20723635402070933,0.4,-0.08344370860927142,0.14161220043572986,5
无正负,正无负,15,-0.0062414740668711366,-0.015523932729624823,0.05297163535944189,0.3333333333333333,-0.04643045663904749,0.03126161306789177,15,-0.021193250423237334,-0.023285899094437346,0.054477016160565994,0.4,-0.058919638796855744,0.02164165390505357,15,-0.024437330506560533,-0.028649386084583894,0.06911492970530954,0.4,-0.07764122466580436,0.018854128746889742,15,-0.07469600797504865,-0.08759842519685035,0.07021206427292272,0.13333333333333333,-0.1341632125425804,-0.026081035681429776,15
无正负,正正无,402,0.007405582175823436,0.0,0.06609864320087534,0.4900497512437811,-0.023161729170694034,0.03185273400419192,402,0.0038730916089138867,0.0040023564679882995,0.07525204804828618,0.5124378109452736,-0.04240584038493453,0.0394381393861894,392,0.01373305277791951,-0.003907457367121725,0.13617372468220215,0.46683673469387754,-0.05366693683880919,0.06007382749897977,362,0.04021575141466021,0.010601544342002334,0.1977761864956026,0.5276243093922652,-0.07252861813824707,0.10444039290155216,402
无正负,正正负,170,0.007936560271359189,0.004754398050021202,0.05215162441547869,0.5470588235294118,-0.01910593690866033,0.03133662755373284,170,0.011943553277237102,0.011681397738951715,0.07271979775579081,0.5882352941176471,-0.02713271896934641,0.05042595407483086,167,0.01687460254501481,0.0027700831024930483,0.12852115297359706,0.5209580838323353,-0.04840971608212996,0.06704122062988582,152,0.026866595179940177,0.004212245984922869,0.1942733934127345,0.506578947368421,-0.07741386484479035,0.12373134062661079,170
无正负,负无无,3,-0.01521827825377394,-0.0052631578947368585,0.07333594642710489,0.3333333333333333,-0.0491432068543452,0.023684210526315863,3,0.0002496855025160283,0.0,0.06335939336234925,0.3333333333333333,-0.03149224806201545,0.03186677631578949,3,-0.061348046715626325,-0.05813953488372092,0.06013824047996846,0.0,-0.09058292533659734,-0.030508912178702607,3,-0.04410359717122262,-0.014802631578947345,0.10169938238155898,0.3333333333333333,-0.08601973684210529,0.01246302529579768,3
无正负,负无负,100,0.013798612859198818,0.005325701371715508,0.06115771832602545,0.56,-0.02429611262198042,0.039261640473312154,100,0.013148601511031685,0.015015335782996853,0.08855647915329647,0.57,-0.03677160781764141,0.051848969857187954,99,-0.006973982210007516,-0.00042034468263973945,0.1329866121890353,0.494949494949495,-0.08003268763019777,0.058756197091079376,95,0.034600110282222145,0.018087855297157507,0.18770491009867904,0.5578947368421052,-0.09607887220279182,0.16060999980597968,100
无正负,负正无,2,-0.0252039204462583,-0.0252039204462583,0.04472928068560496,0.5,-0.041018109291452165,-0.009389731601064433,2,-0.061113457923864245,-0.061113457923864245,0.015466166932776663,0.0,-0.06658157368242901,-0.05564534216529948,2,-0.08031706739832195,-0.08031706739832195,0.0894296642871879,0.0,-0.11193522842667544,-0.04869890636996846,2,0.06917994259405508,0.06917994259405508,0.22190002712799464,0.5,-0.009273564369786852,0.147633449557897,2
无正负,负正负,18,0.02271440353311511,0.012803180343867626,0.05508747046271803,0.6111111111111112,-0.01194105931521619,0.04174807921521956,18,0.021534493802631387,-0.015184179272470011,0.11107933281154245,0.4444444444444444,-0.03537428195704573,0.03685702673165708,18,0.006345683182714649,0.004412287097799394,0.1521720378108461,0.5555555555555556,-0.10574082396653062,0.07078870594500553,17,0.06120991477486807,0.0049261083743843415,0.2576167996924164,0.5294117647058824,-0.05093167701863377,0.2412324649298596,18
无负无,无无无,21094,0.0005336137786362233,-0.0020904115275789947,0.05910979409712475,0.47411586233052055,-0.031095448227765526,0.028037383177570152,21059,0.004732902565020845,-0.0007052186177715081,0.08531236590417027,0.4916662709530367,-0.042743616927290395,0.04251681387245754,21007,0.012613897029365936,-0.002277904328018221,0.13176733183375122,0.4896939115532918,-0.06312282776950268,0.06735879610025985,20676,0.03631834604676373,0.005787169647688772,0.20975859275278727,0.517459856838847,-0.08342618950115013,0.10869945221693122,21176
无负无,无无正,597,0.0013905419910709932,-0.002327057330230642,0.07260130289750702,0.4807370184254606,-0.036088099608115654,0.0330065359477123,597,0.009544424155687126,-0.0060240963855421326,0.12391108780557372,0.4656616415410385,-0.0535506402793946,0.053696819496076076,597,0.019383945844641277,-0.012345679012345623,0.18031661172396032,0.46063651591289784,-0.07200606366851947,0.0714285714285714,587,0.04896823075933775,-0.00484764542936289,0.2709584792274259,0.4838160136286201,-0.1011581754473006,0.1332715788145331,597
无负无,无无负,572,0.0019942923413512432,-0.0023054946515181363,0.062382657683529956,0.47027972027972026,-0.027669408728605793,0.024776312538202616,570,0.00553970238638445,0.0013645754906127516,0.08057389453087867,0.5070175438596491,-0.03969150344008626,0.041113036058458896,569,0.01490680031082982,0.0036310820624547713,0.12546255538464257,0.5184534270650264,-0.05631067961165048,0.06404958677685979,563,0.037795249008977946,0.016339869281045694,0.19541331902610606,0.5435168738898757,-0.07373515807543751,0.11713637232211116,574
无负无,无负正,130,0.0012093071345178144,0.002618783740302444,0.08128447457078447,0.5153846153846153,-0.04381768177390705,0.039275240455537874,130,0.017067402686622272,0.014975300720733165,0.10951357120736442,0.5615384615384615,-0.04508694042090136,0.056360414138020065,130,0.05173988984443079,0.024814608621247625,0.14839516537020908,0.5846153846153846,-0.03045784462687054,0.10919068754713535,127,0.07209782825113227,0.03383458646616533,0.2472353182697302,0.5826771653543307,-0.05750242395843663,0.15988901989980087,130
无负无,无负负,2850,0.0012842792069981833,0.0,0.06183853037300725,0.4901754385964912,-0.029518323446834638,0.03002252252252252,2839,0.006203068582585015,0.0009199632014720294,0.08669457787144987,0.502289538569919,-0.0421917108266921,0.04560118158865656,2837,0.014690444745739658,0.0034891835310537633,0.1313037659226376,0.5153330983433204,-0.05838150289017341,0.06994818652849744,2793,0.035261720501118664,0.008914100486223875,0.19832614500918697,0.5270318653777301,-0.07587253414264039,0.10527402992957757,2866
无负无,正无无,3075,0.0026096278167532724,-0.0016600265604249653,0.0634512638860503,0.4767479674796748,-0.028959045848429676,0.0262003464129702,3070,0.008209321153396964,0.0016627986000861128,0.08760919312389051,0.509771986970684,-0.0412671606152796,0.04576007833465767,3063,0.023402220775076737,0.0066225165562914245,0.14371843787652272,0.5282402873000327,-0.06059559549052135,0.08078486371368843,3042,0.03783968534078693,0.007618350093482884,0.2043149894515953,0.5190664036817882,-0.07890749601275915,0.10919783705634223,3078
无负无,正无正,233,0.006684807405091015,-0.00990099009900991,0.07698843845320184,0.4206008583690987,-0.04077994428969367,0.03557312252964406,233,0.007021684466432951,-0.009879253567508295,0.11592689960104,0.4592274678111588,-0.052000000000000046,0.039787798408487784,233,0.005077768838646251,-0.018003273322422242,0.16588149542085723,0.43776824034334766,-0.0920745920745919,0.0724742020638347,232,0.030405825979916454,-0.016578845710252033,0.22830160322415816,0.45689655172413796,-0.10576077591743185,0.12094084542001216,233
无负无,正无负,21,0.011689332147888466,-0.012241452089489346,0.09406063112814114,0.42857142857142855,-0.03786982248520687,0.032509752925877766,21,0.029288311286796525,0.008968609865470878,0.09935998209389278,0.5238095238095238,-0.019146608315098734,0.06892067620286091,21,0.06165667691580278,0.024634334103156297,0.145939960993228,0.6666666666666666,-0.03753351206434319,0.10186915887850456,21,0.1346645956584703,0.06306892067620296,0.2921655076295297,0.6190476190476191,-0.04656732304417244,0.17514792899408294,21
无负无,正正无,39,0.027060294877183904,0.0030816640986131016,0.08781303385822944,0.5897435897435898,-0.013131617169284793,0.049105225483178194,39,0.04335570590030478,0.0069637883008357715,0.11453820848856991,0.5897435897435898,-0.02655883282180893,0.07254204454914503,39,0.09625327514902746,0.02833158447009443,0.22024030880130502,0.6410256410256411,-0.04460360624661491,0.1442656366563002,39,0.12814193221925946,-0.015408320493066396,0.37201759056575856,0.41025641025641024,-0.06451472983624074,0.2151560081887277,39
无负无,正正正,13,0.013725544733295373,0.016919889502762242,0.059895399007101974,0.6923076923076923,-0.01934235976789167,0.05078124999999978,13,0.03879900585046988,0.054973821989528826,0.09981961885909504,0.7692307692307693,0.0069803516028954515,0.06441717791411072,13,0.02548917406461148,0.04043545878693644,0.0721794890927189,0.6923076923076923,-0.001404494382022503,0.068359375,13,0.04431199285598443,0.025390625,0.11625225117596347,0.6923076923076923,-0.005235602094240788,0.13432320441988943,13
无负无,正负无,1210,-0.001002020483126712,-0.003845158906134627,0.06061894515101099,0.4644628099173554,-0.03293212087566483,0.02525659795347973,1210,0.005664417370232695,0.0011782187809215028,0.08908048025004241,0.5041322314049587,-0.04328259860788858,0.041228760977472356,1210,0.023002743130006272,0.012537197703172742,0.1377282123118522,0.5545454545454546,-0.05689175402429206,0.0800001147002487,1190,0.031073458623503636,0.007366804222580403,0.20847658382997605,0.5252100840336135,-0.08064104243156861,0.10388127144348858,1210
无负无,正负正,13,0.02441349048682192,0.011025358324145529,0.09965759773816595,0.6153846153846154,-0.036437246963562764,0.08275328692962103,13,0.07408113121167598,0.021615472127417545,0.21855608703071025,0.5384615384615384,-0.08338278931750742,0.13510693792383943,12,0.019243504860478062,-0.0010445852016646717,0.19506797379759702,0.5,-0.07991286858885235,0.07742250494497765,11,0.027946159182197935,-0.010954616588419452,0.23119001478776396,0.36363636363636365,-0.15204795212966082,0.12556013543850408,13
无负无,正负负,24,-0.0030489971263622704,-0.006376813603499343,0.06998779650715847,0.4583333333333333,-0.04898149004020888,0.02571404756612594,24,0.024968561218270777,0.020786119989261276,0.11306253134786828,0.5833333333333334,-0.05148618209121522,0.045181169717933845,24,0.020840602135008265,0.012195121951219412,0.18651870477277746,0.5,-0.09337636544190667,0.057092949982838315,24,0.012890278639165581,-0.007706385132090654,0.16584178058658552,0.4583333333333333,-0.06888504752605581,0.058809376063072294,24
无负无,负无无,276,-0.014994502083752635,-0.006776804590758079,0.06788765910827996,0.4311594202898551,-0.043433506296861824,0.02647606185654433,276,-0.014722157900989831,-0.016198722994839487,0.07952904282957463,0.37681159420289856,-0.06271629028524006,0.028228370614157394,275,-0.0023737599495702606,-0.016438356164383494,0.11893672494024285,0.4254545454545455,-0.06955943897749117,0.04530290692414063,275,0.037901156940495,0.011850501367365318,0.17591296805493156,0.5381818181818182,-0.07256841937285557,0.12358406516482134,276
无负无,负无正,1,0.004964539007092261,0.004964539007092261,,1.0,0.004964539007092261,0.004964539007092261,1,0.04964539007092217,0.04964539007092217,,1.0,0.04964539007092217,0.04964539007092217,1,0.08156028368794344,0.08156028368794344,,1.0,0.08156028368794344,0.08156028368794344,1,0.16428446808510633,0.16428446808510633,,1.0,0.16428446808510633,0.16428446808510633,1
无负无,负无负,32,0.008167498533510988,0.0009077371271679069,0.053522199668646006,0.5,-0.029139814491016047,0.04188537586271218,32,0.00639857660532683,0.008456925114289748,0.0722274315214446,0.5625,-0.041717462601620486,0.04779032379069681,32,-0.009649178545540392,-0.020091302452725113,0.11634813494902853,0.4375,-0.08192501135475672,0.0654612411860282,31,0.003421381020840005,-0.012594458438286993,0.19605003525163953,0.41935483870967744,-0.11235772848232489,0.10889205816795189,32
无负无,负负无,12716,0.004062649988589741,0.0022701504844362397,0.06436820227354335,0.5176156023906889,-0.028198881439120083,0.03207348028276791,12700,0.00814167966974805,0.0017627799874737615,0.08800114140534626,0.5091338582677165,-0.04132859624967217,0.046417090760785484,12688,0.01993318358134468,0.005302027842422952,0.13189038392569954,0.5215163934426229,-0.053835573968878975,0.07251028102886287,12425,0.03773764437732631,0.006045949214026569,0.2071427097474571,0.5157344064386318,-0.07997762863534674,0.10901467505241103,12787
无负无,负负正,2,-0.005091824900353481,-0.005091824900353481,0.003427175830313406,0.0,-0.006303514535320104,-0.003880135265386858,2,0.05062403316662306,0.05062403316662306,0.13574697830318866,0.5,0.002630228724739142,0.09861783760850698,2,0.02857074133986809,0.02857074133986809,0.19795927593146068,0.5,-0.041418431865089284,0.09855991454482546,2,-0.0695025904903877,-0.0695025904903877,0.017751367939044617,0.0,-0.07577864681290566,-0.06322653416786975,2
无负无,负负负,2615,0.003370167373639292,0.00230237912509601,0.063892558341042,0.518546845124283,-0.028828896353538858,0.03289012375253264,2612,0.009406085619801111,0.002269691412247532,0.0889902357809948,0.5141653905053599,-0.04045483954202178,0.0502760058136319,2612,0.025642611163286734,0.014112047269941974,0.13597466071976486,0.5493874425727412,-0.05123987915407857,0.08141868384877793,2570,0.04933114488942951,0.023482506929026425,0.2095585254839873,0.5750972762645914,-0.0645393758890469,0.12122685063255051,2619
无负正,无无无,228,-0.0005603236382387884,-0.005544166552776619,0.06607613370550515,0.4780701754385965,-0.03639016530316708,0.03276114866632257,228,0.010340414830817175,-0.0020792907827921203,0.10563493407720208,0.49122807017543857,-0.03939437940991933,0.05737150484119069,228,0.006920757734029936,-0.017275290232269203,0.15425169040835343,0.4166666666666667,-0.07312885802469143,0.05800968398664136,228,0.06272562900318139,0.02201716934521314,0.23430476442508755,0.5482456140350878,-0.06292626668680948,0.11874650034087308,228
无负正,无无正,1057,0.004559035490781064,0.0008449514152937265,0.0776300264804315,0.5023651844843898,-0.038846153846153864,0.038953488372093226,1057,0.008613327344027168,0.00021800741225197484,0.10927121121833905,0.5004730368968779,-0.053268765133171914,0.05507246376811592,1057,0.02429332910593932,-0.0027338129496400354,0.23192633406891286,0.4853358561967833,-0.07154149428145218,0.07793190416141238,1042,0.06477920830703443,0.01363102712525388,0.2788099644681511,0.5326295585412668,-0.09214029202216889,0.14042232820973444,1057
无负正,无正正,1,-0.021212121212121127,-0.021212121212121127,,0.0,-0.021212121212121127,-0.021212121212121127,1,0.028282828282828243,0.028282828282828243,,1.0,0.028282828282828243,0.028282828282828243,1,0.14848484848484844,0.14848484848484844,,1.0,0.14848484848484844,0.14848484848484844,1,0.011111111111111072,0.011111111111111072,,1.0,0.011111111111111072,0.011111111111111072,1
无负正,无负无,474,0.0013261068528694219,0.002069209510210279,0.08267053199401432,0.5126582278481012,-0.038573939344396346,0.04181402677222773,474,0.00726473960781981,0.004942800788954815,0.11197180975459929,0.5337552742616034,-0.060718814625570966,0.06407036170524405,474,0.03696395031878294,0.0064522961177900795,0.17070524075155355,0.5274261603375527,-0.0633124446116439,0.10379124905600112,452,0.07720552808759774,0.03309381281588064,0.26930432506885826,0.5597345132743363,-0.07437857061626937,0.14797777662271644,474
无负正,正无无,2,0.01846382506951183,0.01846382506951183,0.013270869650076777,1.0,0.013771864108605814,0.023155786030417846,2,-0.018164380553912285,-0.018164380553912285,0.018839821503976024,0.0,-0.024825263324815078,-0.011503497783009492,2,-0.01060091891799253,-0.01060091891799253,0.02012833217804691,0.5,-0.01771735900652871,-0.00348447882945635,2,0.007428391255192457,0.007428391255192457,0.043426541481640143,0.5,-0.007925209727380866,0.02278199223776578,2
无负正,正无正,100,-0.0034051371884905755,-0.008956021485566734,0.0851798336264981,0.43,-0.04579373050029434,0.030902806842448283,100,-0.006237539023887034,-0.0015285081656763455,0.10982894737114121,0.49,-0.06808305124517627,0.05544044681015725,100,-0.004045068959468514,-0.009758793407366406,0.1435132070672434,0.45,-0.09974506939441197,0.06286549313315715,99,0.010872020320087737,-0.014909478168264156,0.17691692993602307,0.48484848484848486,-0.1137879680998311,0.11040992748174427,100
无负正,正正正,1,0.2929419113054339,0.2929419113054339,,1.0,0.2929419113054339,0.2929419113054339,1,0.19269206745783873,0.19269206745783873,,1.0,0.19269206745783873,0.19269206745783873,1,0.15459088069956262,0.15459088069956262,,1.0,0.15459088069956262,0.15459088069956262,1,0.10024984384759517,0.10024984384759517,,1.0,0.10024984384759517,0.10024984384759517,1
无负正,正负正,8,0.006680240816766728,0.005284066647495145,0.05859768927172437,0.625,-0.03159670984314364,0.030569231373686778,8,-0.004953354435759741,-0.023399494064993143,0.10145274206692943,0.5,-0.07356488835465758,0.04666049496196295,8,0.009996925100297413,-0.04263668430335099,0.19989034940291595,0.375,-0.09297709616572933,0.0518013936672182,8,0.011924458084737813,-0.0925638082386997,0.34505929559707427,0.375,-0.14513726730232854,0.04238212526389873,8
无负正,负无无,19,-0.0530533445975185,-0.0605828220858895,0.12464830402447741,0.3684210526315789,-0.10081478709557012,0.004289235160137572,19,-0.016233751583529694,-0.014592933947772502,0.12897611117016614,0.42105263157894735,-0.08063724271118644,0.046214592230931606,19,0.010138322391524405,0.020334059549745875,0.12425990103546275,0.631578947368421,-0.04656631735021166,0.05829258694999029,19,-0.03584831330586289,-0.03075365724381618,0.19459248327263762,0.47368421052631576,-0.1350676238536146,0.06930306346831605,19
无负正,负无正,13,-0.06585655407285633,-0.03993006993007009,0.08910905984528243,0.23076923076923078,-0.08482799176712719,-0.02298850574712641,13,-0.04617691321813023,-0.037552447552447576,0.10399413071502332,0.3076923076923077,-0.059247280211702225,0.028137432188065192,13,-0.04108383179903657,-0.05593731163351401,0.12352092848893348,0.3076923076923077,-0.14823529411764713,0.017964071856287456,13,-0.004314687369570755,0.00017482517482525495,0.17975603667476633,0.5384615384615384,-0.09683794466403162,0.16858237547892707,13
无负正,负负无,379,0.002586391940663991,0.0032030749519540436,0.08850327186023793,0.525065963060686,-0.039554531490015366,0.04154923043460401,379,0.008083499861739351,0.007413743940690054,0.11384880889208468,0.5224274406332454,-0.04612245508086937,0.05447741469764067,379,0.022843460823355418,0.008196721311475308,0.14651944852297744,0.5197889182058048,-0.06750923379103713,0.0892400076262172,364,0.044693886225483634,0.010473665935598397,0.2440663178241155,0.521978021978022,-0.09096803529926908,0.1285729230417359,380
无负正,负负正,121,-0.00914553706113901,-0.0027752081406108298,0.10012021401589138,0.47107438016528924,-0.051088405153265404,0.035219399538106266,121,-0.0036372107580283607,-0.007847533632287074,0.12167144736417454,0.47107438016528924,-0.051562499999999956,0.04903604358759428,121,0.010349877585359272,-0.0037907505686125553,0.1573210919424191,0.48760330578512395,-0.08030803080308035,0.07465825446898022,117,0.030044443544049806,0.0,0.2802282801463305,0.49572649572649574,-0.1283255086071987,0.10566426364572612,121
无负负,无无无,2008,0.00425989984116014,-0.0003729198617659635,0.06583431625758658,0.48406374501992033,-0.0289079210394802,0.027697044659069803,1999,0.0054632493202835045,-0.0011534025374856371,0.08538897145436304,0.4882441220610305,-0.04223442216672135,0.04331937535567765,1985,0.019647820204660407,0.004641350210970341,0.15380575727932919,0.5193954659949622,-0.05698529411764708,0.07550077041602465,1964,0.037654936137146405,0.003700023938267516,0.24021168475244567,0.5096741344195519,-0.07560731989330405,0.10639036388952178,2016
无负负,无无负,14014,0.004803060683790696,0.0007677634828698876,0.06408423236093293,0.5031397174254317,-0.02832033714386653,0.030936643661829077,13976,0.009061145708684687,0.0029769289849934655,0.08887925368216804,0.5160274756725816,-0.040737806585449565,0.04873233887371953,13943,0.02588448085802261,0.010273972602739656,0.1402084395111713,0.5407731478161084,-0.055094330945872017,0.08508475501204149,13697,0.043979110308509414,0.014784394250513477,0.2116172137305768,0.5445718040446813,-0.07335380416240189,0.12050622731037741,14059
无负负,无正无,1,-0.18269947800149144,-0.18269947800149144,,0.0,-0.18269947800149144,-0.18269947800149144,1,-0.18493661446681586,-0.18493661446681586,,0.0,-0.18493661446681586,-0.18493661446681586,1,-0.25950782997762867,-0.25950782997762867,,0.0,-0.25950782997762867,-0.25950782997762867,1,-0.41834451901565994,-0.41834451901565994,,0.0,-0.41834451901565994,-0.41834451901565994,1
无负负,无负无,2405,0.0009621455898195059,0.0,0.05765038631956279,0.4914760914760915,-0.02857142857142847,0.026275115919629055,2397,0.0053066922964891995,0.0019442644199612058,0.08435206646165937,0.5073007926574885,-0.04132231404958686,0.04236610711430866,2391,0.014809447532122958,0.005963183821622975,0.12412262902946795,0.5227938101212881,-0.055929862738533676,0.07129290704569458,2341,0.03037196592387381,0.011904761904761862,0.16944652748290298,0.5395130286202477,-0.07126436781609191,0.10405405405405399,2410
无负负,正无无,838,0.007616981248421025,0.0,0.07700466893355991,0.4964200477326969,-0.02978090660980129,0.030341575930260267,837,0.009136182029708553,-0.0007089438339438203,0.09926064960550271,0.4922341696535245,-0.0460893854748603,0.04549854791868335,837,0.025886117087795972,0.0073710073710073765,0.15585738265922808,0.5304659498207885,-0.06155819172811805,0.08624488511174055,830,0.040603088471391775,0.0009093299017381984,0.23618670262080188,0.5036144578313253,-0.08422297744528465,0.12580357169253542,841
无负负,正无负,2886,0.013470035669411552,0.0,0.08333817893880861,0.49514899514899513,-0.027474105005055816,0.034140459830866776,2883,0.014333853493211231,0.005410566518141202,0.094031723801997,0.5327783558792925,-0.03865773605995704,0.05212640698589588,2883,0.032578453489212615,0.011952662721893548,0.16432677495873463,0.5435310440513355,-0.049192455543571434,0.09063214013709064,2850,0.04128691196274149,0.011774976249775304,0.2432136320861721,0.5343859649122807,-0.07773626099432343,0.12159461711427033,2890
无负负,正正无,41,0.001417130070541361,0.002940455770644501,0.05043301149923587,0.5121951219512195,-0.02300206428782048,0.03146916022298152,41,-0.0025004450286811187,-0.007497656982192957,0.07888957014476909,0.4146341463414634,-0.054537225616655305,0.04905239687848373,41,0.0020988943201092456,-0.03790412486064654,0.1806157850461985,0.34146341463414637,-0.07142857142857151,0.04379562043795615,41,-0.018016145511712506,-0.022857142857142798,0.1666166827826838,0.3902439024390244,-0.1339285714285715,0.06281078251766559,41
无负负,正正负,15,0.019875672855957423,-0.01711529484985208,0.14404099230051207,0.4666666666666667,-0.05306360306360308,0.053153345025211185,15,0.024760774388083957,0.04806991988346687,0.10381327724802233,0.7333333333333333,-0.0028328662081133493,0.09061383267378431,15,0.0434791313314555,0.032849503437738514,0.10396763856133986,0.6,-0.03200129593631407,0.15152210672642008,15,0.07660152039561903,0.00838879645036017,0.20819444302564422,0.5333333333333333,-0.07181992781217927,0.19389160462692656,15
无负负,正负无,281,-0.003975169732260937,-0.0034746351633079264,0.053644457923407385,0.4412811387900356,-0.030653266331658324,0.020779220779220564,281,-0.0032509041135748372,-0.010639678214609982,0.07628012593219778,0.44483985765124556,-0.041077441077441046,0.036856745479832975,281,0.033277880406481476,0.02782324058919805,0.13759427742636707,0.594306049822064,-0.04214675560946024,0.08132605958875372,277,0.042945787327781364,0.008754208754208737,0.19357890576449321,0.5234657039711191,-0.06556051282051278,0.10299378648088875,281
无负负,正负负,2549,0.0062343028647043105,0.0026109660574411553,0.06797326054512141,0.5174578265986661,-0.02930790960451979,0.03942181340341655,2548,0.021498846532200164,0.011242977528089892,0.09467865843777537,0.5655416012558869,-0.03127312615699132,0.06388409573929765,2548,0.05518008443627054,0.033005741619118734,0.16885933857230542,0.6322605965463108,-0.03152967004979429,0.12119390497347504,2524,0.06027406513121345,0.03254716363862864,0.22189644961109298,0.5903328050713154,-0.062242502046783665,0.1438215897672132,2549
无负负,负无无,1,-0.01635563011113428,-0.01635563011113428,,0.0,-0.01635563011113428,-0.01635563011113428,1,-0.02285594464248264,-0.02285594464248264,,0.0,-0.02285594464248264,-0.02285594464248264,1,-0.030614384566995168,-0.030614384566995168,,0.0,-0.030614384566995168,-0.030614384566995168,1,-0.033969385615432945,-0.033969385615432945,,0.0,-0.033969385615432945,-0.033969385615432945,1
无负负,负无负,189,0.0055093064408703995,0.0033333333333334103,0.049823588587190035,0.5555555555555556,-0.01927525057825763,0.034507809662186695,189,0.006792171116111524,0.004978906304728525,0.07300826478044846,0.5502645502645502,-0.03247440875397101,0.039999999999999813,187,0.006401614603190651,-0.008779631255487308,0.10914772061968857,0.46524064171123,-0.059750161185572304,0.0693972139005784,186,0.0558499016093191,0.022337184036897884,0.2119276282847045,0.5860215053763441,-0.055788425815261056,0.1327308864549151,190
无负负,负负无,201,0.016423342493108825,0.011245674740484546,0.05839779265883747,0.6169154228855721,-0.017689906347554518,0.04468949506674402,200,0.01005799613338476,0.008221450735813707,0.0688083705538588,0.555,-0.03389323842306782,0.045973127274862025,200,0.03703900999415797,0.02584236476349344,0.18328913277323924,0.61,-0.036408081640446455,0.08200864925041618,200,0.06582777402253351,0.045232335922708033,0.19213978087926417,0.63,-0.05127054389046992,0.15465337607693846,205
无负负,负负负,15554,0.0017529598936568134,-0.0009923125929908738,0.06811542218266958,0.4870772791564871,-0.03478092870102825,0.03322048091532759,15523,0.011634055866988008,0.0014416146083613413,0.10056953372179557,0.5053146943245507,-0.04444444444444445,0.05107305450744892,15515,0.02807530546680997,0.0117647058823529,0.14182921219492906,0.5477280051563004,-0.05487804878048774,0.08676982939239752,15336,0.05386354703036041,0.02332918136040396,0.21544569814375267,0.568792383933229,-0.06204836223084387,0.12548002814606246,15636
正无无,无无无,19281,0.002879501022577288,0.0,0.061503293917589935,0.4904309942430372,-0.02902374670184682,0.030100334448160737,19207,0.008243569672637603,0.0029239766081872176,0.0943639532434901,0.5155932732857812,-0.03954802259887008,0.04695377809582668,19001,0.019717878424611895,0.0050968399592252744,0.15212183122395137,0.5195516025472343,-0.060629921259842345,0.07908611599297011,18745,0.036798923441619426,0.006202618883528688,0.2227981223019963,0.5166177647372633,-0.08564675427069635,0.11334120425029526,19363
正无无,无无正,292,-0.0011165454193706314,-0.006344530593537678,0.06613050859075129,0.4486301369863014,-0.03706719374140188,0.036917697376025904,291,0.008764067048774514,-0.002873563218390607,0.09756213231311608,0.49140893470790376,-0.042305309531457946,0.04929624109951969,285,0.018644269118196208,0.0066360387953035005,0.14532085036982031,0.5333333333333333,-0.05623471882640585,0.07720020586721565,282,0.052824066205906975,0.013310201617532935,0.23999385387327118,0.5390070921985816,-0.07424689846166505,0.11734693877551017,293
正无无,无无负,1627,0.0007365684522251844,-0.0009702457956014543,0.056280611849416975,0.4855562384757222,-0.029531993075881835,0.02584827438757542,1619,0.004904376449768982,0.0007864726700745894,0.08166716560422718,0.5021618282890673,-0.03896488732708614,0.043640159691683,1612,0.014515567038288879,0.0014990382698238935,0.13155366417455916,0.5024813895781638,-0.060486547585542755,0.071677677763204,1576,0.032893324360953234,0.004518798036477145,0.21409189845150592,0.5139593908629442,-0.08222507605521329,0.1041691342887966,1634
正无无,无正无,805,0.0007037213125609744,0.0,0.05893609455497665,0.4956521739130435,-0.026613439787092408,0.025316455696202445,803,0.008499533619090404,0.005366726296958779,0.09692690241212795,0.526774595267746,-0.040464727080065765,0.04263791662313243,792,0.027123094581983653,0.004311023698486127,0.15692929557188645,0.5202020202020202,-0.052369971320052805,0.07331233032473372,782,0.03499296885350738,0.0034833587465166183,0.21498597785488258,0.5166240409207161,-0.08399451755340165,0.09908456870128046,809
正无无,无正正,36,0.0032480690363919096,0.0017543859649122862,0.06676395650418684,0.5,-0.03504945795750372,0.03717640582200965,36,0.029544971292168883,-0.0012690355329949,0.10198974547243875,0.4722222222222222,-0.03809007232084158,0.07567314616370974,36,0.03639057715421438,0.006109298657925755,0.12622469864970565,0.5277777777777778,-0.04708774878234756,0.09989205857447964,36,0.056511561958612205,-0.02523291998902799,0.2686760775434447,0.4166666666666667,-0.10676637723590635,0.11560083382649228,36
正无无,无正负,35,0.01627096905787281,0.008595988538682153,0.04894483647708215,0.6,-0.018763087467218165,0.04056297847012702,35,0.031182881199483755,0.028375370919881515,0.07157584035826633,0.5714285714285714,-0.01864735020451319,0.07927906126312168,35,0.049355822032779786,0.017608897126969447,0.1543697136939291,0.6571428571428571,-0.044865475241571195,0.09867678064140184,32,0.09568458656533696,0.032661445059082306,0.27416990956939313,0.5625,-0.06329889025773877,0.12896101518389746,35
正无无,无负无,614,-0.001243681241114949,-0.0030930568339370135,0.05782568843429642,0.46742671009771986,-0.03392925021496629,0.025663279761998503,614,0.0030354791557349785,-0.001195554382469599,0.08355438633785214,0.48859934853420195,-0.04499361606545807,0.03762588710394149,614,0.016537251899117346,0.00523238629343914,0.13159565388451183,0.5211726384364821,-0.06189295969508382,0.07314952195085905,610,0.03808400713047172,0.0002368896103895901,0.22909854430915016,0.5,-0.08686380160458088,0.099530892470025,617
正无无,无负负,114,-0.0024944070258254504,-0.013462416515107434,0.06337345782480225,0.4298245614035088,-0.038252454277382525,0.03356262894269557,113,-0.006325823283792424,-0.014018691588785215,0.08268965056951601,0.3805309734513274,-0.04484304932735428,0.019882891566265215,113,0.00020981922819759697,-0.00233644859813098,0.1378880805713825,0.49557522123893805,-0.07329296304030064,0.05623471882640585,113,0.0017876554556740306,-0.011199999999999988,0.15284648497886516,0.4247787610619469,-0.08280254777070073,0.07834101382488479,114
正无无,正无正,864,0.000374829391094141,-0.0035633088434653404,0.06972107929428754,0.4722222222222222,-0.03587742233721497,0.029816688314324158,863,0.009417401577055815,0.0022421524663676085,0.09937717354916673,0.5121668597914253,-0.047457934363149046,0.05396074206432622,851,0.017073899228572515,0.00015929908403022885,0.1592128336584489,0.500587544065805,-0.08398377736281398,0.08555722933420506,841,0.04635434934418024,-0.004315358778626099,0.25436340624321535,0.4839476813317479,-0.09540229885057472,0.12408759124087587,864
正无无,正无负,312,0.00852164148039682,0.003271911655013615,0.06477229930380202,0.5256410256410257,-0.022261012368926025,0.030039365904090343,312,0.018092923041534602,0.009888021055453389,0.10064220441802714,0.5512820512820513,-0.031891636643464394,0.04701365876275598,311,0.03548903613637524,0.015369836695485084,0.15204804873181146,0.5562700964630225,-0.04555169800653763,0.07717732027972024,307,0.030999657953614413,-0.002375296912113911,0.22017223247272405,0.49185667752442996,-0.09153010177678117,0.09404249274015153,312
正无无,正正无,5809,0.0070910162649793105,-0.0008165487207404398,0.07074176870605961,0.48906868652091584,-0.02828964443290949,0.03063457330415753,5791,0.014781171785988515,0.003471967529768527,0.09652949821681323,0.520290105335866,-0.03543820672887921,0.05194607046769295,5725,0.027660526713450633,0.010057222125888554,0.1433271294841685,0.5446288209606986,-0.056016597510373356,0.08626410086264102,5668,0.04766828442005837,0.010855156123838583,0.22826312738827856,0.5250529287226535,-0.08718100920993743,0.13069225333445678,5827
正无无,正正正,904,0.010214746337830613,0.0010973800084055352,0.08077940606851011,0.504424778761062,-0.03369612401050062,0.037736020489315014,903,0.026618036985946544,0.010615220027806682,0.1474389195692278,0.5514950166112956,-0.03805145565335144,0.06551028037383189,895,0.03516122840608206,0.008714596949891185,0.19273572008995288,0.5273743016759777,-0.06625671714124831,0.08835931949611542,894,0.04753229040399756,0.0006733193756752742,0.27172359481896463,0.5011185682326622,-0.09970283542245706,0.12760808797271161,904
正无无,正正负,22,-0.0005638164827300022,-0.022310163454176357,0.0611173339338434,0.36363636363636365,-0.03904139029787865,0.02105096256592126,22,0.007352085563332742,-0.020025764275219404,0.10957024180561052,0.4090909090909091,-0.04633497508781495,0.04184577884773871,22,0.0034963106769095864,-0.050119107738830104,0.1715145217059717,0.3181818181818182,-0.08950911240861148,0.0378219564945394,22,-0.00774344609771061,-0.0032401776550737282,0.16538207270227961,0.45454545454545453,-0.1097200169365937,0.08221725232762683,22
正无无,正负无,4,-0.08112012462589699,-0.07935734604054528,0.09483513468367566,0.25,-0.15336247337893666,-0.0071149972875056144,4,0.009946198931286815,-0.05157835533997179,0.19422078053443959,0.25,-0.09330314643792997,0.051670990029244995,4,-0.031613815626129416,-0.11605434131883441,0.22902251863830198,0.25,-0.1650904712588513,0.017422314313887466,4,0.08036085325855258,-0.010978559743830663,0.24567575932857122,0.5,-0.08338301043219071,0.15276530394691262,4
正无无,正负负,1,-0.09308510638297862,-0.09308510638297862,,0.0,-0.09308510638297862,-0.09308510638297862,1,-0.031914893617021156,-0.031914893617021156,,0.0,-0.031914893617021156,-0.031914893617021156,1,0.018617021276595924,0.018617021276595924,,1.0,0.018617021276595924,0.018617021276595924,1,0.30585106382978733,0.30585106382978733,,1.0,0.30585106382978733,0.30585106382978733,1
正无无,负无无,272,0.0058654737171998815,0.004287039549110361,0.06012108835466534,0.5367647058823529,-0.024860079717863498,0.031918129954001895,265,0.01512867451079579,0.010471204188481797,0.09116859452464185,0.5509433962264151,-0.03176229508196726,0.054651162790697816,250,0.0115952505301285,-0.0003322745670893412,0.13069877802088425,0.5,-0.064890889935065,0.05866845848277319,249,0.02478436608337827,0.0036620582047686145,0.18589096583649625,0.5100401606425703,-0.09153952843273239,0.11620795107033621,272
正无无,负无负,68,0.008112140401326061,-0.00040908688588503495,0.06949634631404776,0.5,-0.024517913593256058,0.03627516817302279,68,0.009302432485358296,0.005128162536082725,0.09189082553363423,0.5147058823529411,-0.030237997121070226,0.04683829574817944,61,0.007345165211478111,0.0,0.11366813529581621,0.4918032786885246,-0.049382716049382824,0.05094189440169816,60,0.008243278412161919,-0.0136863124092369,0.17092928554588038,0.45,-0.10652170582877257,0.07837827959459209,68
正无无,负正无,1,0.015665796344647376,0.015665796344647376,,1.0,0.015665796344647376,0.015665796344647376,1,0.1409921671018275,0.1409921671018275,,1.0,0.1409921671018275,0.1409921671018275,1,0.2819843342036552,0.2819843342036552,,1.0,0.2819843342036552,0.2819843342036552,1,0.2245430809399478,0.2245430809399478,,1.0,0.2245430809399478,0.2245430809399478,1
正无无,负正负,1,-0.03121852970795569,-0.03121852970795569,,0.0,-0.03121852970795569,-0.03121852970795569,1,-0.0585004119747321,-0.0585004119747321,,0.0,-0.0585004119747321,-0.0585004119747321,1,-0.04824681863956792,-0.04824681863956792,,0.0,-0.04824681863956792,-0.04824681863956792,1,-0.08953584180170282,-0.08953584180170282,,0.0,-0.08953584180170282,-0.08953584180170282,1
正无无,负负无,137,0.0010627409346466005,-0.005794701986754913,0.05939248400860214,0.4306569343065693,-0.03201465521001445,0.022904737116085316,135,-0.0028668276611268522,-0.005842827928717487,0.08211939034189482,0.4666666666666667,-0.05843969529190679,0.04264903592132696,135,0.02473407786966338,-0.012211057512676815,0.17268025404743934,0.4666666666666667,-0.07416411653582222,0.06730456203705881,135,0.053224384930920354,0.006699147381242332,0.20349497882615267,0.5185185185185185,-0.07473212876299312,0.13413922520192767,137
正无无,负负负,61,-0.0018102639724855334,-0.007588254701418662,0.051322644464556484,0.45901639344262296,-0.039416058394160514,0.0422459893048126,61,0.0044806555479252105,-0.005087620124364034,0.07568051416406193,0.45901639344262296,-0.042079207920792006,0.04194260485651191,61,0.030741821029238198,-0.0131386861313868,0.13940417525480914,0.4098360655737705,-0.05753424657534245,0.09253731343283578,61,0.053679829359201875,0.0022883295194509046,0.20035216527276667,0.5081967213114754,-0.06030150753768837,0.18024691358024691,61
正无正,无无无,1514,0.0019785906417166153,-0.003562524375500642,0.0648962714886491,0.4663143989431968,-0.03267543202009221,0.02993137395803408,1512,0.0057124736769648245,-0.00452660984072345,0.09327138314514465,0.4748677248677249,-0.046771540237843745,0.0463263298496418,1487,0.00797412756386691,-0.015789473684210353,0.14495633225717408,0.4525891055817081,-0.07990435358241005,0.07582982145507378,1478,0.03223016382495315,-0.004205956856659032,0.22266828978408174,0.4824086603518268,-0.09548830331627564,0.10916849854792249,1515
正无正,无无正,5423,0.0013473746501632864,-0.0032435129740517876,0.0739959734764791,0.4726166328600406,-0.038539276649042775,0.03343705292480337,5418,0.0020468018434828864,-0.00553301440094045,0.10868722355150924,0.46677740863787376,-0.05890460406357753,0.04775741623005009,5378,0.0067027069941448915,-0.009877085162423194,0.15978279389661953,0.4626255113425065,-0.08918649757070748,0.07455301008039489,5351,0.04055466662309081,-0.0012101653892696573,0.23521306354703167,0.49560829751448326,-0.09930715633429066,0.12648728359897377,5427
正无正,无正无,42,0.007590624715351718,-0.0009887936717203893,0.06613665705876619,0.5,-0.023031731409979966,0.03906625988916823,42,-0.004168983350088251,-0.013818827174419679,0.09189006799109717,0.35714285714285715,-0.05751248916349419,0.0369679474671033,42,0.017494754052018696,0.008563932520894935,0.1589628765205436,0.5714285714285714,-0.05400262518154911,0.04734155881324137,42,0.0014534263336247453,-0.01972658440099273,0.22178432916763235,0.38095238095238093,-0.13504143037250704,0.03899569415947701,42
正无正,无正正,515,0.0021039510533248018,-0.003867265469061909,0.07933056002707428,0.4601941747572815,-0.034777656829543535,0.029489494751625767,515,0.013813938966268736,-0.0018530351437698878,0.1443792787108466,0.4854368932038835,-0.05492956917603664,0.04888515505798863,514,0.02455284262195775,-0.00396297842429949,0.20268784755677818,0.4766536964980545,-0.07830592611120732,0.06882741561710748,513,0.05927051602059289,-0.016574585635359074,0.3636851330448182,0.4619883040935672,-0.1047662905825465,0.10398230088495564,517
正无正,无负无,26,-0.012721220457057083,-0.008297610185589277,0.05669122529299935,0.46153846153846156,-0.02801895932207532,0.020902141453329637,26,-0.005423317313983826,0.00030589791531537847,0.07265954935187387,0.5,-0.041959943806058886,0.029362942014848292,26,-0.015269860377607879,-0.015160936259543956,0.10306771210337858,0.4230769230769231,-0.07059770295064419,0.04092929779135129,25,0.025608615981324086,0.03800702650910259,0.12124254643943429,0.68,-0.04001416430594895,0.058960927265655494,26
正无正,无负正,15,0.007109866916185277,-0.014500537056928109,0.058772131309894254,0.4,-0.02371662886926068,0.023075945351677007,15,0.013942021099885633,0.00793650793650813,0.07833257849806284,0.5333333333333333,-0.020038078167458506,0.050841272562513806,15,0.021507778099248056,0.001682085786375076,0.1306232931990356,0.5333333333333333,-0.04759162050227572,0.07035856573705179,15,0.09646438762752389,0.10633727175080554,0.19207660272561192,0.6666666666666666,-0.03714396189068936,0.20483912572439034,15
正无正,正无无,271,-0.005798207118207318,-0.005617977528089901,0.06395821460795449,0.4575645756457565,-0.04007640600258483,0.024714573633891068,271,0.002730458344268939,-0.002311248073960104,0.08662997005229801,0.4870848708487085,-0.05077652833229557,0.05234126420751106,271,0.016168837968589322,-0.0004140786749480263,0.15327492227579562,0.4944649446494465,-0.07853300216541997,0.06732008185164018,270,0.04739332876759209,0.013568856351833913,0.2311048440138906,0.5259259259259259,-0.08710934355621183,0.13066912398673186,271
正无正,正正无,60,0.01484016434372387,0.010256423130802439,0.05972125486521693,0.6,-0.023881167478392334,0.03742565728581504,60,0.01751704013293754,0.02991695498699154,0.08609924457444658,0.6,-0.03477203416861813,0.06734720758693358,60,0.023464481949133236,0.006597037197569655,0.1534982717547939,0.5166666666666667,-0.07296286680208175,0.08834091272449512,60,0.02782569164613229,-0.004055188263518528,0.16949936856592307,0.5,-0.09090054396209668,0.11236923870075527,60
正无正,正正正,3133,0.008872350738771094,0.0003987240829346206,0.08319328345935023,0.5011171401212895,-0.03553546202225444,0.039151712887439016,3124,0.01845424940750588,0.0027459639957451154,0.13328627598296083,0.512483994878361,-0.04979918980097289,0.06449448181039047,3113,0.0222214198013675,-0.002323330106485999,0.20751031883969925,0.4889174429810472,-0.08346153846153848,0.08934426229508197,3103,0.04067481459536766,-0.013368983957219416,0.2764262005642165,0.4666451820818563,-0.11443154767122315,0.12013329225380653,3134
正无正,负无无,96,0.0017855122614443806,-0.003620576617598681,0.06746647115476004,0.4791666666666667,-0.03724800414035101,0.03856308082230353,96,0.00780853811696025,-0.0016325544747082255,0.09690546521151208,0.4895833333333333,-0.05234147531437397,0.056417873056206824,92,0.01266014911877086,-0.02018962862619811,0.1373492644821306,0.45652173913043476,-0.07607393012113159,0.09895251586890774,92,0.0439000090901105,0.01945590929827845,0.1804938454418812,0.5543478260869565,-0.08730744018354644,0.13840505158314165,96
正无正,负无正,102,0.0019718110101018733,-0.0018014301430142599,0.08811333260007674,0.49019607843137253,-0.05079512728342897,0.04581190941919122,102,0.0060559847642539305,0.006132218569517955,0.1084247776400148,0.5196078431372549,-0.062231211045811335,0.06969795891221903,101,0.012346709556817055,-0.017073170731707332,0.18430028864472703,0.4752475247524752,-0.08988764044943831,0.09928229665071764,101,0.06876005856199123,-0.022111269614835782,0.2885311750652126,0.45544554455445546,-0.10526657918648785,0.1972222222222222,102
正无正,负正正,1,0.008014247551201947,0.008014247551201947,,1.0,0.008014247551201947,0.008014247551201947,1,-0.04719501335707921,-0.04719501335707921,,0.0,-0.04719501335707921,-0.04719501335707921,1,-0.07479964381121995,-0.07479964381121995,,0.0,-0.07479964381121995,-0.07479964381121995,1,-0.05253784505788062,-0.05253784505788062,,0.0,-0.05253784505788062,-0.05253784505788062,1
正无正,负负无,23,0.010034221526873109,0.0057405281285876075,0.05906947215575719,0.6086956521739131,-0.034206958073148996,0.04922809337404688,23,0.02107678562407341,0.014033109571788493,0.08817575598527143,0.5652173913043478,-0.030173646676845134,0.07202482129135901,23,0.030244066650762874,-0.007760269521410512,0.13251633391165774,0.4782608695652174,-0.051836355183635496,0.10307386983395939,23,0.03571386882338922,0.022146507666098714,0.1454160857266061,0.5217391304347826,-0.07538179319952476,0.11603642616023846,23
正无正,负负正,9,-0.021357625257921495,0.020270270270270174,0.0738295780412516,0.5555555555555556,-0.04349046015712654,0.03172804532577911,9,-0.03979346127515774,-0.01879910213243552,0.0867915084880786,0.1111111111111111,-0.07252124645892344,-0.013513513513513487,9,-0.031228117544243286,-0.010135135135135198,0.09863996734722005,0.3333333333333333,-0.029875067897881524,0.019116397621070647,9,0.007128287120654349,0.018266779949022816,0.12292324658498277,0.6666666666666666,-0.010320478001086375,0.0973504967602592,9
正无负,无无无,471,0.005458693956646834,0.0023696682464455776,0.06190705194041862,0.5222929936305732,-0.02827631233456096,0.030464746858198888,470,0.01229494067143732,0.0031172454645690406,0.09154107730700914,0.5127659574468085,-0.03699693855517841,0.05122720050635082,463,0.025610549930168515,0.008234217749313766,0.13931048454379616,0.5399568034557235,-0.05782089445502253,0.0885896890723874,454,0.0412478738047398,0.006395370053022376,0.20706854719624235,0.5176211453744494,-0.08103926179826504,0.13064791133844839,472
正无负,无无负,7620,0.007831589757926324,0.003405513767851809,0.0635560147095366,0.5251968503937008,-0.02620347472000728,0.034999902299745644,7610,0.014497959891120038,0.008371120655674469,0.08662282275075266,0.5542706964520367,-0.03332466181061394,0.054762282830027986,7593,0.026401932127725205,0.012875536480686733,0.1325369310865734,0.5518240484656921,-0.05008593174564202,0.08808530366249423,7332,0.035485485657273746,0.01097444022537597,0.2090710457632107,0.5309601745771959,-0.07454987211514705,0.11313888438438441,7630
正无负,无正无,19,0.0018410202370150277,-0.002941176470588114,0.05093198299941226,0.47368421052631576,-0.029557235894651368,0.042598778870455156,19,-0.0012534788647664845,0.0021645021645020357,0.04596430237896001,0.5263157894736842,-0.01836600626352508,0.027984189723320285,18,-0.014327232230916235,-0.005891931643087267,0.09232933223429013,0.5,-0.057456378279453296,0.037875604787369344,18,-0.07247237510552816,-0.04157559276214834,0.1569874254812508,0.3333333333333333,-0.169884908547594,0.047245651027938707,19
正无负,无正负,132,0.007477784077654826,0.00021748586341885368,0.06822582135474431,0.5,-0.023291003508573938,0.028359617373319712,132,0.014474248896002372,0.0037721320458796725,0.08289744935883384,0.5378787878787878,-0.036232959826500155,0.04964071171119627,131,0.018284498545334957,0.007168458781362075,0.11730893306419495,0.549618320610687,-0.048254434818481795,0.07367785380818592,124,0.03079817753279216,0.020383868411296246,0.17517196811730018,0.5645161290322581,-0.06341174773137526,0.10380872213049563,132
正无负,无负无,11,-0.02079886359477434,-0.012490241998438734,0.03978879655231355,0.45454545454545453,-0.048980937640364264,0.007625257659514717,11,-0.02560494477053178,-0.01651534126487164,0.04729948299236204,0.2727272727272727,-0.05032063819446908,0.00422753799154002,11,-0.05918591933533901,-0.03143585386576042,0.08139243321811422,0.36363636363636365,-0.114534647599219,0.0067186077174759,11,0.04850804579406386,0.01636520241171424,0.09130676964275726,0.6363636363636364,-0.02216249967984757,0.10663067628857903,11
正无负,无负负,595,0.0005346059584711609,0.0,0.05679599224998591,0.49747899159663866,-0.03008775344774256,0.02857664292131945,593,0.007524525888245033,0.0056657223796034994,0.08539219701035929,0.5227655986509275,-0.04438081603435928,0.04980842911877392,593,0.024856762143047505,0.010075566750629594,0.14039903653092167,0.5430016863406408,-0.062094531974050016,0.08837209302325588,591,0.038300634242288085,0.015814266487214068,0.18923034318439177,0.5313028764805414,-0.07389628155702027,0.12281686946508719,597
正无负,正无无,1138,0.010386011873760597,-0.001532567949717789,0.07410054749693674,0.48242530755711777,-0.026797337213658956,0.03108498647895469,1137,0.01978034986374161,0.007081947960970503,0.09350359739907056,0.5479331574318381,-0.0320443320081919,0.05252764612954186,1130,0.03787267651679591,0.020105890530487835,0.14138234110008524,0.5707964601769911,-0.048907004830917894,0.09399523873843435,1103,0.04340079233925833,0.010615711252653703,0.21612138323492752,0.5330915684496826,-0.08229447516336891,0.12702797509427344,1142
正无负,正正无,848,0.026047816187886385,0.007608334139386885,0.09570429290674677,0.5424528301886793,-0.02700734151261608,0.05176818685100398,848,0.028075888284945352,0.014332194700117817,0.11466541786577461,0.5766509433962265,-0.034343477242483406,0.07253358238047375,844,0.047435947541310364,0.014647334582599925,0.20106626931292468,0.5639810426540285,-0.04438813109753492,0.10386395855026281,818,0.06322340285819235,0.026604505357864516,0.24163000722927322,0.5757946210268948,-0.06949330293530923,0.14026779391648697,848
正无负,正正负,778,0.01454289485775683,0.004907139961487839,0.08907689078134796,0.5347043701799485,-0.028554428807947063,0.03458172202001808,778,0.02178901843849014,0.007308694326381704,0.10293324204801195,0.5475578406169666,-0.03180014430014444,0.05265667695630999,770,0.033243649284409475,0.016103801169590426,0.16024715539010545,0.5532467532467532,-0.04965371365332086,0.08839953654403837,719,0.056194894639455616,0.021906999151823703,0.3575846578689161,0.564673157162726,-0.06622408836191485,0.1272953613759914,778
正无负,正负负,19,-0.008419514813332333,-0.011933174224343923,0.060109075836893164,0.47368421052631576,-0.041971467755492875,0.029919678714859343,19,0.017183523510439128,-0.009800796812749035,0.0812828832566896,0.42105263157894735,-0.022115275356912323,0.05804842280817779,19,0.0237164572470598,0.0016064257028112205,0.10932936551265524,0.5263157894736842,-0.014625923357453108,0.05759605399792311,19,0.04224647443998951,0.004990019960080083,0.14746476942182488,0.5263157894736842,-0.06230588047808766,0.13548076029895784,19
正无负,负无无,1,0.017006802721088565,0.017006802721088565,,1.0,0.017006802721088565,0.017006802721088565,1,0.023951020408163215,0.023951020408163215,,1.0,0.023951020408163215,0.023951020408163215,1,0.07514857142857134,0.07514857142857134,,1.0,0.07514857142857134,0.07514857142857134,1,0.020537850340135888,0.020537850340135888,,1.0,0.020537850340135888,0.020537850340135888,1
正无负,负无负,184,0.03708507306968417,0.0393538476633164,0.06249471299501928,0.7228260869565217,-0.0033638523561926315,0.07157364094742025,184,0.06272206700769621,0.07392204542124536,0.08827593471397119,0.7445652173913043,-0.0016432766341923366,0.11270072098454137,183,0.05339117666179373,0.03366336633663369,0.1258601230779389,0.6338797814207651,-0.03175989582780292,0.1323490300776894,180,0.06891708609590028,0.04621753289654229,0.18111423501814589,0.6833333333333333,-0.03891843377615395,0.13812520741478207,184
正无负,负正负,2,0.018857449798078685,0.018857449798078685,0.006561159421524053,1.0,0.016537729638375853,0.021177169957781516,2,-0.0012601656638837055,-0.0012601656638837055,0.038432460296675824,0.5,-0.014848092310614819,0.012327760982847408,2,0.055629978295099636,0.055629978295099636,0.03191749031133621,1.0,0.044345441376298755,0.06691451521390052,2,0.06682894409949325,0.06682894409949325,0.12802256882905758,0.5,0.02156613081751918,0.11209175738146732,2
正无负,负负负,91,0.0011004796297601766,0.0,0.04817663819132138,0.4945054945054945,-0.023721050812305577,0.028064104240805632,91,0.00041658829573408963,-0.008791208791208871,0.05768541288275714,0.42857142857142855,-0.03426684462444762,0.0288777472322721,90,0.05876044724498529,0.032446727274188736,0.15358488924111469,0.6444444444444445,-0.045874689978035454,0.12704983451415597,90,0.09558717737285326,0.04375176485429566,0.22070050343176917,0.5777777777777777,-0.05095732957849955,0.20375882971302822,91
正正无,无无无,5934,0.0029128640069149333,0.0,0.06228024065977127,0.4924165824064712,-0.029613925539630576,0.030731611973516426,5897,0.004104192698425311,0.0,0.08976045720655547,0.4968628115991182,-0.044787644787644854,0.04367469879518082,5821,0.015419413023099104,0.0026560424966799445,0.14287221935185554,0.5095344442535646,-0.061433447098976024,0.07047387606318334,5733,0.0360780941540647,0.001550387596898961,0.22546699894933406,0.5021803593232165,-0.09051987767584102,0.11258660508083129,5967
正正无,无无正,52,0.010802409227035762,0.0057586687918755874,0.06094922570888811,0.5384615384615384,-0.016544057291958403,0.027968209160869728,52,0.022021766357660125,0.007313168866533659,0.09726590356901933,0.5192307692307693,-0.01760785596516093,0.050421226167152555,52,0.02555934014926869,-5.1763144032546116e-05,0.13703878513447515,0.5,-0.05424696406939017,0.0815404302068296,52,0.03499787814829442,-0.018277679193637653,0.21497440470608825,0.38461538461538464,-0.07776234224755535,0.04704701611431117,52
正正无,无无负,421,0.0038754986186352552,0.002356637863315081,0.06363613104139706,0.505938242280285,-0.03100775193798444,0.03324538258575194,421,0.009203287719045864,-0.001666111296234507,0.09011301728153061,0.47030878859857483,-0.044230769230769296,0.05161895823557017,410,0.008441935120274125,-0.0021208103130754274,0.1207333826350441,0.4878048780487805,-0.06277686354741155,0.06630574491037206,393,0.022914108727110465,-0.0056529112492934575,0.24930269070516486,0.4707379134860051,-0.0955438465217393,0.07887817703768629,421
正正无,无正无,20350,0.004587026616436396,0.0,0.0597977167464305,0.49862407862407865,-0.02734173873104284,0.03039668508287291,20290,0.009363479507893083,0.001993524151299275,0.08773522200344225,0.5097092163627402,-0.040268308534412434,0.04735216171274148,20159,0.0183792555055146,0.0021998742928974746,0.13921810465375384,0.5066223522992211,-0.0594978311096927,0.07215171211060445,19755,0.042437847783054754,0.0030030030030030463,0.22902383610848867,0.5068084029359656,-0.08768045122385709,0.12090885638809112,20406
正正无,无正正,443,0.008047598655097304,0.0063525674960296374,0.060023369134029544,0.54627539503386,-0.02685110835340776,0.03831760225202829,441,0.023945365806127106,0.009114583333333481,0.10289458224994452,0.5510204081632653,-0.032258064516129004,0.06301050175029155,438,0.03512339808138495,0.015688686659615314,0.1603459446270801,0.5684931506849316,-0.05246213769079258,0.08763636363636373,433,0.06015733666617903,0.00868055555555558,0.25287839461815614,0.5242494226327945,-0.07868020304568535,0.12934782608695672,445
正正无,无正负,291,0.0014041382068031418,0.004901960784313708,0.051670484862047915,0.5257731958762887,-0.02784973536975227,0.033140579397973324,291,0.006003454232705819,0.004268292682926944,0.07795934767655431,0.5154639175257731,-0.04135081341767072,0.04903062491282595,290,0.003959451314489737,-0.0012530641190741654,0.12884240699359212,0.4862068965517241,-0.060670053985392075,0.05545266736876081,265,0.02679380027192763,-0.008117389946924791,0.17737304753544592,0.47924528301886793,-0.08101512933138111,0.09500306804123726,291
正正无,无负无,3,-0.1324072389483362,-0.09668624161073824,0.07832266653324693,0.0,-0.15945423191648017,-0.08749974731139326,3,-0.15484286753864687,-0.1433192686357243,0.03415876191439076,0.0,-0.16829618050260114,-0.13562775512323133,3,-0.10826542347757835,-0.11136744966442957,0.08517044308878119,0.0,-0.15160496252560435,-0.06647689752297797,3,0.023610381854199208,0.09362970180722874,0.17906787501441432,0.6666666666666666,-0.043128890305949574,0.12535931399086275,3
正正无,正无无,1013,0.0033996943736376785,-0.0016393442622949506,0.058476281463894726,0.47877591312931883,-0.025380710659898553,0.026565464895635715,1012,0.0073394618213703305,0.0017034975947588515,0.08508248284016046,0.5069169960474308,-0.03578895778727753,0.04482070193285842,990,0.019288998686429297,0.006734893746231374,0.12733303167524862,0.5262626262626262,-0.0541438146758593,0.07605259201613046,983,0.02885969043453091,0.0009276437847867136,0.19525542321011718,0.5005086469989827,-0.0846231032637661,0.11660252777194857,1017
正正无,正无正,28,0.014711439486627478,0.013643857576899343,0.08469304572408914,0.6071428571428571,-0.02559416598789291,0.03737787909155582,28,0.00605783063107161,-0.010350934615232954,0.11581942259912648,0.4642857142857143,-0.052804072628659826,0.045755204943110084,28,-0.015038189490393126,-0.020371756089344162,0.14591863758648557,0.4642857142857143,-0.11864955357142865,0.05522207022792602,28,-0.0306439904720753,-0.07383214323607423,0.18140116504917,0.39285714285714285,-0.1536726705883428,0.1049367004864386,28
正正无,正无负,29,-0.011439694373780635,-0.013483146067415852,0.07102615900509779,0.3448275862068966,-0.03861342694164105,0.02995061335032667,29,-0.018443797960306315,-0.020038028375018335,0.10623148986900209,0.3448275862068966,-0.061224489795918324,0.010091743119265972,29,-0.028418001091622073,-0.01508620689655149,0.12344965221131848,0.3793103448275862,-0.10455311973018544,0.04685212298682284,29,-0.05006389714067976,-0.0657759506680371,0.1694785622283722,0.41379310344827586,-0.14468332364904124,0.06067415730337089,29
正正无,正正正,4980,0.006958844997445458,-0.003466765276878947,0.08766557161853593,0.4738955823293173,-0.03822882904905173,0.038580368253360586,4970,0.019844831640658853,0.0027493616878319083,0.12115278776338109,0.5114688128772635,-0.04748780325935806,0.0629427462396896,4955,0.03902379882509729,0.008874546187979115,0.18400905758163635,0.5283551967709385,-0.060570910239506115,0.09818469490293047,4926,0.06929527404251379,0.011091269841269846,0.30676036114334193,0.5272025984571661,-0.08935398294196606,0.14736725180843108,4993
正正无,正正负,94,-0.0036857327964041064,0.0,0.06033420954499661,0.48936170212765956,-0.03574694682350549,0.027716327880182134,94,0.0019039213838936402,0.007032085886587103,0.08211886136749508,0.5212765957446809,-0.034322731764447556,0.05524999599557906,94,0.0026472985048051046,0.0033063961783513784,0.11263347770088022,0.5106382978723404,-0.05314537758931198,0.06907218574650642,92,0.016968209600618383,-0.020912270475080152,0.23960227509631543,0.42391304347826086,-0.06505585557292151,0.09884587457484595,94
正正无,负无无,562,0.016810249226398198,0.00929867120692307,0.07211153193782516,0.5782918149466192,-0.02101708364451088,0.044229111712027425,560,0.02456052528338764,0.013982965595868646,0.10177781785393647,0.5642857142857143,-0.0339068181291832,0.06631032358879013,538,0.040282191137699645,0.011212383122495506,0.1489865077941396,0.5371747211895911,-0.04744877208269138,0.09773543380053273,534,0.06508879015864794,0.01429500278655027,0.2818656410468868,0.5355805243445693,-0.07862405979726453,0.14134731860539856,564
正正无,负无正,1,-0.0054102795311091745,-0.0054102795311091745,,0.0,-0.0054102795311091745,-0.0054102795311091745,1,0.0054102795311092855,0.0054102795311092855,,1.0,0.0054102795311092855,0.0054102795311092855,1,0.0748422001803426,0.0748422001803426,,1.0,0.0748422001803426,0.0748422001803426,1,-0.03336339044183945,-0.03336339044183945,,0.0,-0.03336339044183945,-0.03336339044183945,1
正正无,负无负,97,0.025081079068876466,0.008639308855291405,0.08655490181601555,0.5360824742268041,-0.029288702928870425,0.06261859582542684,97,0.023429460458067763,0.01029866117404743,0.10629471022206145,0.5360824742268041,-0.04037267080745355,0.07717041800643099,94,0.011832565008816767,-0.005920518570314837,0.12227323468951716,0.46808510638297873,-0.04463452264657092,0.0737369791666666,89,0.03820017907170719,0.007846214201647994,0.2853601294650421,0.5056179775280899,-0.0864197530864198,0.07657657657657646,97
正正无,负正无,983,0.01784126213531401,0.010305028854080689,0.06731333397974604,0.5768056968463886,-0.022554930735149636,0.04677628952333246,981,0.026495341133176892,0.0172064777327936,0.0956909600548378,0.5942915392456677,-0.030598052851182445,0.06692015209125457,977,0.035256816545327654,0.013706453455168521,0.1443042210800797,0.5629477993858751,-0.049664429530201226,0.09821428571428581,962,0.04902080841781592,0.012414034378596894,0.22926954373174135,0.5311850311850311,-0.07924890169251941,0.1375626566416041,984
正正无,负正正,4,-0.010907522548751492,-0.010266015197285316,0.01758361350137021,0.25,-0.02045894741916346,-0.0007145903268733489,4,-0.004677550237395911,-0.004340147528325566,0.04887692808237655,0.5,-0.0321965889464757,0.023178891180754224,4,-0.02302523993030628,-0.003899183484345259,0.08078750603272486,0.5,-0.0520311923034418,0.025106768888790265,4,0.10146881890043907,0.0983462836047837,0.1751486465679426,0.75,0.01063134921716502,0.18918375328805775,4
正正无,负正负,29,0.025568749586496395,0.022861308850532502,0.047860626209997564,0.6896551724137931,-0.005802707930367634,0.058008658008658065,29,0.04392481276566141,0.056451612903225756,0.07270023470644342,0.5862068965517241,-0.01859799713876953,0.09345794392523366,29,0.03291669300813515,0.02822580645161299,0.11231404262111211,0.5517241379310345,-0.03973509933774855,0.06801909307875875,28,0.04793990383444844,0.049482462595045185,0.16254033844958837,0.6071428571428571,-0.06203140830800413,0.09579075383215518,29
正正无,负负无,10,0.009271180170107352,0.013422964633217238,0.03611994722929473,0.6,-0.006857700363132324,0.022758131675819193,10,0.001468636654393185,0.02558695232077668,0.05677520697055925,0.7,-0.02950827286238855,0.03882969207719311,10,0.006044558558833668,0.036811404451566276,0.06587429418130002,0.6,-0.021887760483372737,0.05323128871396943,10,0.05805060020454067,0.06273342318240038,0.09991137331752063,0.8,0.011525871291455103,0.08724073467605487,10
正正无,负负负,10,-0.0022759750595045423,0.01954758424263292,0.05464753473473691,0.6,-0.04210190725095067,0.04136941687344925,10,0.005355829367064979,0.017267425109600554,0.04629957272071653,0.7,-0.0080201572462677,0.04034683295279479,10,0.0030277444438905343,0.02246582543059339,0.08813728567878766,0.6,-0.055572812315767606,0.04705936106067787,10,0.04681239499766726,0.053658543770547795,0.23213276927491597,0.6,-0.09943139758679403,0.07073634253299826,10
正正正,无无无,823,0.0024866548357636905,-0.0016722408026758062,0.06658349325141551,0.4738760631834751,-0.03235133513056154,0.03414255016275447,822,0.0023971089115004435,-0.004186491742294629,0.09992149364823162,0.4708029197080292,-0.05225662271164283,0.03998916771980515,816,0.007892801392449144,-0.00507355885589561,0.15685212123044975,0.4681372549019608,-0.07721017273901126,0.06797229978354191,809,0.027269650842914668,-0.0035211267605632646,0.23466938816449115,0.4857849196538937,-0.10175438596491215,0.10394265232974909,825
正正正,无无正,3984,0.0054526491701061075,-0.0019691518924624396,0.08079188865480683,0.48268072289156627,-0.03768992410174743,0.04001053740779764,3982,0.007201222631702617,-0.003604811061004798,0.11426371803468553,0.47513812154696133,-0.058161416059358984,0.0534722848212692,3964,0.01247964592646274,-0.008728556512664187,0.16922162224659584,0.4636730575176589,-0.08433266256714816,0.07928124784080726,3953,0.03496777943974438,-0.004660880174291782,0.2505745179603403,0.4852011130786744,-0.1071428571428571,0.11578947368421066,3988
正正正,无正无,2373,0.005535264799134959,-0.001697792869269965,0.07074609412313629,0.4778761061946903,-0.03323558162267837,0.035871964679911716,2365,0.011436017415807596,-0.0021141649048627142,0.10161567693988836,0.48498942917547566,-0.045966228893058125,0.050861361771944225,2354,0.025081962578187848,0.0030035850367278183,0.15455337210529208,0.5093457943925234,-0.06382068701775687,0.07960956384205908,2334,0.04452586283889186,-0.000416146265706685,0.2615277880992,0.49828620394173095,-0.09679397402343726,0.11867745481371195,2376
正正正,无正正,30477,0.006670027050275622,-0.002622759726067181,0.08408763973502399,0.47849197755684614,-0.039643780522838346,0.04113924050632933,30438,0.01473510747820955,0.0004225529373854675,0.12444455716710767,0.5005256587160786,-0.054407149869261734,0.06319661315943614,30374,0.027868075794929715,0.0011345425681400512,0.18825140169851337,0.5028642918285375,-0.073282445025116,0.09641362585796331,30307,0.04361206799344656,-0.006763285024154464,0.27512744837950154,0.48289174118190514,-0.11087087816298075,0.1289286973039464,30513
正正正,正无无,44,-0.004114498766242528,-0.0038599725712554767,0.05828453778344391,0.4772727272727273,-0.04332996979634696,0.02825612853047499,44,0.014369645232458105,0.0038991698573985767,0.07427597602439205,0.5227272727272727,-0.021047874876401362,0.05024430432794874,44,0.034579667252975295,0.040080061671191713,0.11571507835997162,0.6590909090909091,-0.02425932589660551,0.08938922622481921,44,0.02951636373628864,-0.011001514168288873,0.18322781086776696,0.4772727272727273,-0.08085344850957205,0.1398943288526902,44
正正正,正无正,710,0.012657914486154564,0.004215080126496851,0.0798800725492355,0.5253521126760563,-0.029381465138941826,0.043316320803110264,710,0.014894260284714174,0.00034602076124568004,0.1192220885383538,0.5,-0.0498737373737374,0.05236143877435284,707,0.013176193396926711,-0.0023041474654379446,0.16935246401469525,0.48514851485148514,-0.07861284508097294,0.08544197467066272,706,0.04022989841871894,-0.00901131023894064,0.26419602551994714,0.471671388101983,-0.11154838709677423,0.12345466103457392,710
正正正,正正无,1267,-0.0005626614503762237,-0.004206629648325744,0.06768523933417453,0.46250986582478293,-0.03625641614155162,0.029729664103601783,1265,0.015465427951841441,0.004448038819247824,0.10203128633294793,0.5217391304347826,-0.04206098843322814,0.0589622641509433,1258,0.03254072106977388,0.008909859476017079,0.16053130966259493,0.5421303656597775,-0.06111183351559751,0.09614837887105088,1254,0.06893847531257843,0.010036999913452083,0.295598003038469,0.5231259968102073,-0.09356870592469513,0.14189033822484215,1271
正正正,负无无,205,0.013609721343329315,0.0030991735537189147,0.07518333862859869,0.5317073170731708,-0.03559939952820079,0.04808743169398921,204,0.013438588084955466,0.002375469213271031,0.09745565486217954,0.5147058823529411,-0.04281298803295677,0.06557797353059336,201,0.012129322328266662,-0.005185278866826848,0.13992033730679462,0.48756218905472637,-0.07531237785388134,0.07669470559129143,200,0.01813378499501944,-0.0004441279199109416,0.17986832729135988,0.495,-0.08608115543094455,0.11476366227202905,205
正正正,负无正,462,0.011020271044772486,0.004887748112413659,0.08187334519082999,0.5432900432900433,-0.03163032797358645,0.051353296323295716,462,0.023018914091466686,0.007920110192837448,0.11994676669070906,0.5432900432900433,-0.04936373194592625,0.07821289121566682,462,0.021184704728485555,0.003668673655956467,0.1822567242067695,0.512987012987013,-0.08719103739867784,0.0958538587848935,462,0.03513513659336029,-0.0046338788563521915,0.2383819071196295,0.487012987012987,-0.10722625573978334,0.11289937612741335,462
正正正,负正无,431,0.021245632830064046,0.008830022075055455,0.07776703482663942,0.5568445475638051,-0.02407568418001932,0.05094525025099883,429,0.035893917056793644,0.020926756352765308,0.10437349111282487,0.6153846153846154,-0.024964672633066454,0.07665094339622636,428,0.0670747628377742,0.04445732257882351,0.15890864377917235,0.647196261682243,-0.03385285572881444,0.14071041210919555,424,0.06122776230022118,0.014333129737609362,0.23189493140921033,0.5495283018867925,-0.07485617032136038,0.14295015334213657,434
正正正,负正正,2824,0.017437300521114345,0.007055504853563432,0.09921184549711239,0.5474504249291785,-0.03307303861532354,0.05405405405405417,2824,0.021900350273289307,0.009778975203312834,0.13219722151422794,0.5478045325779037,-0.050912506197795526,0.07464951197870451,2823,0.0410486585359919,0.00968992248061995,0.21064904317772484,0.5356004250797024,-0.07063930160737297,0.12136873909418333,2819,0.03927053425174978,-0.007566204287515754,0.25641458886466584,0.4813763746009223,-0.1107026708028333,0.12985970250169032,2828
正正正,负负无,9,0.04424853324603369,0.03834355828220848,0.06773039192029223,0.7777777777777778,0.014279134039612895,0.056872037914692086,9,0.07516409550503929,0.0638852672750978,0.10851740325948424,0.6666666666666666,-0.031782588668816336,0.1464779460171166,9,0.19606035531348567,0.16516746411483263,0.2545706629978934,0.7777777777777778,0.06779661016949157,0.20309414088215916,9,0.16540530400131384,0.1673606830151415,0.15636235185936764,0.7777777777777778,0.04247457627118645,0.2229387379087977,9
正正正,负负正,1,-0.046666666666666634,-0.046666666666666634,,0.0,-0.046666666666666634,-0.046666666666666634,1,-0.033333333333333326,-0.033333333333333326,,0.0,-0.033333333333333326,-0.033333333333333326,1,0.011666666666666714,0.011666666666666714,,1.0,0.011666666666666714,0.011666666666666714,1,0.04000000000000026,0.04000000000000026,,1.0,0.04000000000000026,0.04000000000000026,1
正正正,负负负,1,0.444764096662831,0.444764096662831,,1.0,0.444764096662831,0.444764096662831,1,0.4444764096662832,0.4444764096662832,,1.0,0.4444764096662832,0.4444764096662832,1,0.3250863060989646,0.3250863060989646,,1.0,0.3250863060989646,0.3250863060989646,1,0.03682393555811281,0.03682393555811281,,1.0,0.03682393555811281,0.03682393555811281,1
正正负,无无无,34,-0.016426866266954807,-0.004511797584001831,0.04962284051558012,0.47058823529411764,-0.04780874203858279,0.01282292942938218,34,-0.009093612411746348,-0.002709833504781489,0.06632944754794574,0.5,-0.055023778152921254,0.017402512470552745,33,-0.004718078885669047,0.0058422590068158975,0.11168161067482117,0.5454545454545454,-0.06503067484662572,0.06125574272588041,33,-0.009104310165936677,0.0030464584920029125,0.1594940328612796,0.5151515151515151,-0.11073825503355705,0.07235338918507228,34
正正负,无无负,525,0.009142945318511082,0.006319115323854652,0.05875665085269072,0.5485714285714286,-0.024471474080509426,0.04211087420042636,524,0.016486016019918354,0.018395623402015393,0.0823890132437618,0.6068702290076335,-0.031133851080838215,0.06767896303258136,519,0.012418967149124596,0.010905125408942284,0.12554737926368925,0.5433526011560693,-0.05376483362402096,0.07715874985196969,492,0.03532996844309714,0.0186045103939676,0.17684897388160173,0.5609756097560976,-0.05543195217125815,0.11080214218455742,525
正正负,无正无,82,0.009958965457942419,0.004691833695399605,0.06800667000165776,0.5365853658536586,-0.029783196610241452,0.04673670654128054,82,0.007006713544489588,0.013568614670896872,0.08135997163118737,0.5609756097560976,-0.033789084664429425,0.05033056556478149,79,0.0016578144038969153,0.00339558573853993,0.12027587616291485,0.5189873417721519,-0.06364861630557478,0.07358246181539208,78,-0.021405627298507427,-0.045630016922587224,0.18790239810419757,0.3717948717948718,-0.10822547795808435,0.057179579049800366,82
正正负,无正负,498,0.0089149155980826,0.003953601953601837,0.05708631212027932,0.536144578313253,-0.024640268715686142,0.0399699715190302,497,0.012857981185391332,0.007361268403170973,0.07758343048397648,0.5472837022132797,-0.036573146292585124,0.05207485760781139,494,0.010091234419862745,0.0030399044863846925,0.11987691070770903,0.5182186234817814,-0.06551794804587419,0.06211636597010872,449,0.03296120968306378,0.0039002933151432995,0.18765638436797627,0.5077951002227171,-0.06840750275836716,0.12416666666666676,498
正正负,正无无,31,0.014474696083450237,0.002525252525252597,0.054713664200268006,0.5483870967741935,-0.020972574124107135,0.04992334881873384,31,0.035020571245540026,0.009003215434083556,0.1135507272860236,0.5483870967741935,-0.023741373006078925,0.05320787408032901,30,0.0564981901598914,0.024271775383887695,0.1495471014538456,0.5333333333333333,-0.03567361180579515,0.08513039988223864,30,0.08763113507747249,0.02383569872243485,0.30866489284114296,0.6,-0.03661431080123764,0.08906921664093587,31
正正负,正无负,107,0.002964982026995488,-0.005102040816326481,0.049734229227683724,0.45794392523364486,-0.026700326700326737,0.028884606665155244,107,0.02344126238338357,0.014423076923076872,0.08405706661636717,0.5700934579439252,-0.027964545537767282,0.06244260727894546,106,0.029204039360279006,0.014863474097506213,0.10752609285315637,0.5566037735849056,-0.04944725380186038,0.09806595400969265,103,0.02910917372068194,0.01629696695337257,0.14399198237098598,0.6019417475728155,-0.06157926874861991,0.07678542902196794,107
正正负,正正无,740,0.014712799901702725,-0.0026585330668337237,0.08721136164521846,0.47702702702702704,-0.02947969573847084,0.03585683184739763,740,0.015599916515069935,0.000975872294468827,0.10448223064060809,0.5027027027027027,-0.035589695146709066,0.0495735096798926,732,0.02336416733131533,0.006351621004115793,0.150726658065831,0.5163934426229508,-0.058770087608223415,0.08603131418039733,681,0.0480020098504197,0.00932642487046631,0.3796656134854015,0.5330396475770925,-0.07814992025518341,0.12018504531722041,740
正正负,负无负,60,0.03841831499871708,0.04254354533087168,0.06677059343109153,0.8166666666666667,0.011806886758963575,0.07688420230949367,60,0.07799992392384317,0.08852690503807559,0.10405938574027766,0.7666666666666667,0.014827282007636056,0.13882785693796973,58,0.09163104913968252,0.08467787276833749,0.15533219075188023,0.7413793103448276,-0.007333333333333386,0.19008426949734952,57,0.09607637025687024,0.090483619344774,0.1878203494996543,0.6666666666666666,-0.035321100917431236,0.20543806646525686,60
正正负,负正无,1,0.10749185667752448,0.10749185667752448,,1.0,0.10749185667752448,0.10749185667752448,1,0.22149837133550498,0.22149837133550498,,1.0,0.22149837133550498,0.22149837133550498,1,0.4104234527687296,0.4104234527687296,,1.0,0.4104234527687296,0.4104234527687296,1,0.6172638436482085,0.6172638436482085,,1.0,0.6172638436482085,0.6172638436482085,1
正正负,负正负,17,0.03704963820300262,0.027065527065527117,0.0614881024327691,0.7647058823529411,0.01040832666132907,0.04726368159203975,17,0.04217402522200026,0.020270270270270396,0.0787931390211303,0.7058823529411765,-0.0034843205574913716,0.06578947368421062,17,0.08049716825866039,0.04643714971977575,0.11857047382313436,0.8235294117647058,0.026666666666666616,0.09307875894988049,17,0.1430242296733035,0.07407407407407418,0.24991067922043833,0.8235294117647058,0.05044035228182553,0.1766169154228856,17
正负无,无无无,599,-0.0014944231252237551,0.0,0.055757858492927435,0.49081803005008345,-0.02908688235941448,0.02411934906079216,599,0.004220726541077523,0.0025430359937401725,0.08156494572870468,0.5075125208681135,-0.04307943537997638,0.04080197479835812,599,0.021678562623372945,0.010164190774042403,0.14557080578326534,0.5325542570951586,-0.0658160822689059,0.07816693730951996,591,0.030296836618417124,0.0016474781021895701,0.240596485166545,0.505922165820643,-0.09038866922395994,0.10242360678155382,599
正负无,无无正,6,-0.04152636690967335,-0.0279198767334361,0.047731838599581446,0.16666666666666666,-0.059743456479997514,-0.0230138925426234,6,-0.06044598385997996,-0.04018992255841386,0.1151868725493205,0.3333333333333333,-0.06247228381374728,0.015104595261813153,6,-0.037260091946801445,-0.03535781544256106,0.12122487531099033,0.3333333333333333,-0.1333949873194505,0.04450862844740891,6,-0.04212671131780423,-0.0853605131832858,0.3311360415193752,0.5,-0.22973638827297357,0.06229063880298119,6
正负无,无无负,24,-0.006592327302161184,-0.011487760573194561,0.0605684432883596,0.4166666666666667,-0.041680443807634304,0.013651302174947755,24,-0.016160074684979205,-0.003547437712026258,0.07119891296865238,0.4583333333333333,-0.04868898795845203,0.016675877827497243,24,-0.021643712757950965,-0.023800482875084683,0.1720663269907795,0.4166666666666667,-0.11142404252593827,0.053670156789947965,24,-0.013152155551377045,-0.047408743750439575,0.2022629446534309,0.4166666666666667,-0.12428931755831787,0.06296043994648376,24
正负无,无负无,1146,0.0012831609481670718,0.0008346537945689292,0.06063197962062998,0.506108202443281,-0.026479093138063375,0.029333780443106472,1146,0.009245329900451734,0.007931751467710413,0.08271643725444526,0.5462478184991274,-0.034453441365829535,0.04742934153953593,1146,0.02751655561156886,0.01751569017959087,0.1250752152992657,0.5828970331588132,-0.04211566091954025,0.08339396407714728,1130,0.029423996777736727,0.015485134271099765,0.18171657407646455,0.5486725663716814,-0.07393267897557323,0.09446785668009683,1146
正负无,无负负,167,-0.012148325503142621,-0.0075301204819276935,0.0732491495093171,0.38323353293413176,-0.04529232887715867,0.01759557321002858,167,-0.007614644569344747,-0.0064446831364126655,0.07807772250803321,0.46107784431137727,-0.04881009642914408,0.027965186012366194,167,0.025232102867982647,0.014285714285714235,0.1599644955315383,0.5508982035928144,-0.06371484716680448,0.08220235971431855,167,0.022968189490511264,0.012966601178782122,0.1951435842091301,0.5149700598802395,-0.08252331104855731,0.09375516745742019,167
正负无,正无无,326,-0.0057028190172754055,-0.01061708968335473,0.06296918408259516,0.37116564417177916,-0.04255366726296958,0.022875195160031336,326,-0.0045661206081563524,-0.012265990359018653,0.08928989601869472,0.39263803680981596,-0.058512856404969255,0.029574337082729274,326,0.007886684395944846,-0.005127295124140396,0.1396198063011935,0.4662576687116564,-0.07506967253906643,0.06371143775725646,324,0.018666836695062274,-0.00498234284230209,0.19324718878884456,0.4660493827160494,-0.10532609377316524,0.10138089192475502,326
正负无,正无正,8,-0.02048466972968896,-0.023974958275683023,0.041212870504410054,0.375,-0.037274754757494755,0.01565234666944182,8,-0.025373668622983445,-0.022551082856900384,0.09024097448987352,0.125,-0.0562133602507065,-0.0072876451307865575,8,0.0458660255325547,0.024378430293671705,0.1792962187740334,0.625,-0.033589121604707145,0.11909203216418418,8,0.0014150492071641901,0.04329230899119052,0.17041042500730266,0.625,-0.09496427914035815,0.10442341437899683,8
正负无,正无负,2,-0.016728233659002334,-0.016728233659002334,0.05034948341488328,0.5,-0.03452946423495412,0.0010729969169494535,2,-0.06503557106066371,-0.06503557106066371,0.12102851570564735,0.5,-0.10782561314686662,-0.022245528974460804,2,-0.13110589627050706,-0.13110589627050706,0.13249978772831933,0.0,-0.1779516454747434,-0.08426014706627072,2,-0.2585050897525296,-0.2585050897525296,0.1736089498313416,0.0,-0.319885122602738,-0.19712505690232124,2
正负无,正负负,9,-0.012374895307734847,-0.020497803806734938,0.050582477880508334,0.3333333333333333,-0.031496062992125706,0.009101251422070522,9,0.019958873405648392,-0.008368200836819994,0.06128128783051889,0.4444444444444444,-0.025032092426187535,0.05067635776297186,9,0.057306824115727975,-0.026150627615062705,0.21944586748182773,0.4444444444444444,-0.08317929759704246,0.13765642775881703,9,0.061217951796396615,-0.049780380673499214,0.40081653652510746,0.4444444444444444,-0.09937238493723854,0.01742228195033313,9
正负无,负负无,61,-0.009249571469369387,-0.007128969539857533,0.06376347556746984,0.4262295081967213,-0.03642936596218016,0.026250000000000107,61,0.007122606358751453,0.0032206119162641045,0.09653560079674263,0.5245901639344263,-0.04296440489432707,0.043973941368078195,61,0.039687276635015055,0.008051529790660261,0.1746189514091783,0.5081967213114754,-0.05734058329214031,0.08918406072106277,61,0.07840426090102631,0.024667931688804767,0.2391674336420881,0.5573770491803278,-0.07061790668348056,0.17689530685920563,61
正负无,负负负,35,0.002086236335233384,0.0016025641025640969,0.07176100621609557,0.5142857142857142,-0.019614671391135485,0.042565589417613015,35,-0.001853689631473194,-0.008620689655172376,0.08417330443414225,0.42857142857142855,-0.053043992499294534,0.028145362191119294,35,0.05277068418080314,0.014388489208633004,0.12681351561714488,0.5714285714285714,-0.025566779853782695,0.13123951257450328,35,0.09670110977534911,0.04201680672268937,0.23896935196440297,0.6,-0.0717784304007466,0.2178610110063519,35
正负正,无无无,5,-0.04634325185033741,-0.0546047269763652,0.04594160671863947,0.2,-0.07708161582852435,-0.01934984520123828,5,-0.06668143614240349,-0.08353708231458845,0.08081025119447355,0.2,-0.13848117421825146,-0.00696594427244579,5,-0.0015764450761276416,0.02425015954052334,0.11477405976262159,0.6,-0.009287925696594423,0.035044824775876116,5,0.07065081478654156,-0.023227383863080764,0.2373426613656017,0.4,-0.04166733746130025,0.10274409700063813,5
正负正,无无正,9,-0.005889064268864523,0.015408320493066174,0.05752022095342153,0.5555555555555556,-0.047804335742078874,0.030446549391069055,9,0.05877166726339116,0.05002779321845474,0.11351394901801855,0.7777777777777778,0.006346106907493265,0.16024653312788906,8,0.10077118783728932,0.07580283244946417,0.26977172902716534,0.75,-0.040974222368654695,0.26456121147048367,8,0.36545148990245147,0.2277739254887169,0.5753779421791437,0.75,0.08148634135725946,0.6181147019024118,9
正负正,无负无,4,-0.0294167860717659,-0.03597925799109175,0.02826610484789899,0.25,-0.05161317715955835,-0.013782866903299301,4,-0.08088645434193392,-0.05751658879767513,0.10210577983696742,0.25,-0.12178498362691936,-0.016618059512689687,4,-0.1004575928860515,-0.10238378849414304,0.11458006409408814,0.25,-0.18367103470746945,-0.019170346672725075,4,-0.09199224705276104,-0.08328358405528952,0.0811800549906492,0.0,-0.14193325069160315,-0.033342580416447415,4
正负正,无负正,9,-0.012407549305319152,0.0015313935681469104,0.12303950407101132,0.5555555555555556,-0.02813898955446592,0.024277456647398887,9,-0.011286945363839847,-0.011396011396011319,0.09103339049955254,0.4444444444444444,-0.0662983425414364,0.02114353782013101,9,-0.05711890726453027,-0.006125574272588086,0.1687132691450814,0.4444444444444444,-0.0683198380566804,0.03782013103037518,9,-0.07505849927204022,0.033353186420488345,0.2416314916648771,0.5555555555555556,-0.06431852986217468,0.06153846153846154,9
正负正,正无无,1,-0.010382513661202242,-0.010382513661202242,,0.0,-0.010382513661202242,-0.010382513661202242,1,-0.05737704918032782,-0.05737704918032782,,0.0,-0.05737704918032782,-0.05737704918032782,1,0.04153005464480852,0.04153005464480852,,1.0,0.04153005464480852,0.04153005464480852,1,-0.1622950819672131,-0.1622950819672131,,0.0,-0.1622950819672131,-0.1622950819672131,1
正负正,正无正,9,0.015993517081906647,0.010181818181818292,0.14647927366165084,0.5555555555555556,-0.042553191489361764,0.018900343642611617,9,0.10834726832304369,0.000954198473282375,0.25723178627021565,0.5555555555555556,-0.05974477958236646,0.14164385484663433,9,0.10186289606057716,-0.04041164255319163,0.32544430545627145,0.4444444444444444,-0.054524361948955824,0.13230240549828176,8,0.09299549586293053,-0.03932028302722235,0.43535592759685854,0.375,-0.11977881911902524,0.1727937615040706,9
正负正,正负无,1,0.265625,0.265625,,1.0,0.265625,0.265625,1,0.48958333333333326,0.48958333333333326,,1.0,0.48958333333333326,0.48958333333333326,1,0.7583333333333335,0.7583333333333335,,1.0,0.7583333333333335,0.7583333333333335,1,0.6018749999999999,0.6018749999999999,,1.0,0.6018749999999999,0.6018749999999999,1
正负正,负负无,1,-0.017957351290684653,-0.017957351290684653,,0.0,-0.017957351290684653,-0.017957351290684653,1,-0.047138047138047146,-0.047138047138047146,,0.0,-0.047138047138047146,-0.047138047138047146,1,-0.09764309764309764,-0.09764309764309764,,0.0,-0.09764309764309764,-0.09764309764309764,1,-0.13468013468013462,-0.13468013468013462,,0.0,-0.13468013468013462,-0.13468013468013462,1
正负负,无无无,75,0.0010289509619069782,-0.0025210084033611135,0.06449324591598417,0.48,-0.03447845666467636,0.03719652180979671,75,0.00434708242037949,0.011323003575685275,0.08736835201016138,0.56,-0.04790728228228214,0.046527039354988364,75,0.026906662735488716,0.01154891304347827,0.1440103074689131,0.52,-0.053005180073111224,0.10713632682914087,75,0.05599369198793479,0.03291384317521784,0.18942182872409374,0.56,-0.07641671354500074,0.156158745390231,75
正负负,无无负,741,0.018782168055679165,0.010726072607260884,0.07866263113877485,0.5843454790823212,-0.02185273159144896,0.0458041958041957,741,0.0259686955635142,0.012676530649588402,0.09278842928701464,0.5775978407557355,-0.029847715736040614,0.06636948984645863,741,0.056567509053165106,0.034574468085106336,0.15199003111429088,0.6234817813765182,-0.03806228373702403,0.1260923845193509,739,0.045122074441475785,0.020061728395061706,0.1983277334486848,0.5520974289580515,-0.0781886410315144,0.13461897736747874,741
正负负,无负无,45,0.012912562118069244,0.007751937984496138,0.051481673289513905,0.5777777777777777,-0.02076677316293918,0.052079692415239576,45,0.017122601745752638,0.004975124378109541,0.07179852052114997,0.5777777777777777,-0.03819918144611201,0.04705882352941182,45,0.028831948165660457,0.00038270187523914423,0.12117845639202994,0.5111111111111111,-0.05907172995780596,0.09179415855354667,45,0.04556590986123344,0.023210831721470093,0.15761317612161288,0.5555555555555556,-0.046277851279575066,0.09999999999999987,45
正负负,无负负,2523,0.002243734991789399,0.003273322422258751,0.07047204412704268,0.5263575108997226,-0.0298160674506478,0.031116047073493802,2522,0.014477321227330732,0.007079668195373645,0.08559762498384377,0.5452022204599524,-0.03522232870264405,0.05636407876407651,2522,0.04208401295360418,0.025946388377327545,0.16609009251257498,0.5979381443298969,-0.040961145902792095,0.10753392609649381,2493,0.04583909215834176,0.025291365356622686,0.220566877607246,0.5691937424789411,-0.0672097759674134,0.12861421360544223,2523
正负负,正无无,82,-0.00530161613392147,-0.004393070489844664,0.06673102520547133,0.4634146341463415,-0.045402071523770654,0.03365431877440672,81,0.006313372864352438,0.0026525198938991412,0.09472423135337867,0.5061728395061729,-0.051975051975052144,0.047945205479452024,81,0.03336411558979273,0.01689545934530101,0.14880724734312056,0.5925925925925926,-0.04392236976506625,0.09086722967090388,80,0.029181359378923855,0.006899241910826026,0.16976321940622285,0.5375,-0.0830136924257136,0.13268107112233185,82
正负负,正无负,624,0.01827753855087317,0.012313676549488117,0.06454738459562608,0.6153846153846154,-0.017715571892561094,0.045223808440450486,624,0.036116557531361795,0.02869050652486138,0.10037211808406958,0.6634615384615384,-0.01683035158755236,0.08060401002506262,624,0.07665833198120292,0.06438723559003567,0.1537430323437761,0.7067307692307693,-0.012062276163947422,0.14641984757686272,624,0.07410198835155542,0.04007024566305417,0.19864918925521788,0.6266025641025641,-0.05071730329167384,0.1599653781010788,624
正负负,正正无,1,0.008463817181548983,0.008463817181548983,,1.0,0.008463817181548983,0.008463817181548983,1,0.000846381718154765,0.000846381718154765,,1.0,0.000846381718154765,0.000846381718154765,1,-0.15827338129496404,-0.15827338129496404,,0.0,-0.15827338129496404,-0.15827338129496404,1,-0.1371138383410917,-0.1371138383410917,,0.0,-0.1371138383410917,-0.1371138383410917,1
正负负,正负无,39,0.000976532782137883,0.009250693802035137,0.06161646020217902,0.5641025641025641,-0.024281534150343786,0.03465493417427501,39,0.010891685719509415,0.009960159362549792,0.09113614276837721,0.5128205128205128,-0.046766963635344994,0.058792766373411576,39,0.042711909552288575,0.026200873362445476,0.1448934202421232,0.6410256410256411,-0.0295287530006757,0.09043734329281838,39,0.04054642197341055,-0.005339185692292525,0.19713818742273584,0.41025641025641024,-0.09376738346803487,0.07221172815518928,39
正负负,负负负,224,-0.002507854032271887,-0.008042102898826564,0.06889324797752024,0.41517857142857145,-0.031036072355044436,0.02972074291521931,224,0.006182852161451292,-0.0005172413793102515,0.0785575949657506,0.4955357142857143,-0.03583548804137038,0.04018393659647701,224,0.056974368942746594,0.026060109950712285,0.15459962863091223,0.625,-0.03611215638556217,0.1049465656074362,224,0.097114933999643,0.046577487365536685,0.23203616955646458,0.6339285714285714,-0.03950921543212746,0.15075155696925685,224
负无无,无无无,17724,0.003816902475481573,0.0,0.06110149506191044,0.4924396298803882,-0.02773576131535488,0.030806356980005778,17638,0.004173514833342949,-0.0032858746976850983,0.08720598106227608,0.4752239482934573,-0.04353835402222517,0.0425763725588299,17352,0.011389702847861503,-0.005228134239751381,0.1365465427937306,0.4754495159059474,-0.06535302549515098,0.0658792955275252,17247,0.02427279426463835,-0.007334963325183463,0.20613648937224502,0.47706847567692934,-0.09328712188888771,0.10093264359169807,17798
负无无,无无正,1632,0.002378846845965237,-0.002284908812474007,0.0681431680773354,0.47487745098039214,-0.033572787920613995,0.03251971548166299,1631,0.004050996054466571,-0.0036429872495445936,0.09804491923453079,0.47884733292458614,-0.05096358874519086,0.042984107542490824,1620,0.019316237457111612,-0.00697144319069426,0.15212702107266826,0.4722222222222222,-0.06663302999222942,0.07431201043581409,1610,0.03013926135685439,-0.006656957261432006,0.23304477844423832,0.4863354037267081,-0.10320179360412676,0.09780552400888798,1633
负无无,无无负,333,0.003199961053766142,0.0019267822736031004,0.052830162152042344,0.5225225225225225,-0.02585034013605425,0.0305039787798409,330,-0.0030541289462657478,-0.004734353237802191,0.07003965536569015,0.4696969696969697,-0.03779261240136486,0.033236140842991146,318,-0.002596608210506671,-0.008701080844183584,0.11012337703583229,0.4779874213836478,-0.07037898444305454,0.05471979496095564,318,0.0012690226609267045,-0.005597879885223034,0.16975784889850265,0.49056603773584906,-0.10685933991775817,0.08559667027931789,335
负无无,无正无,559,0.01644461904821221,0.005794701986755024,0.07962123899592677,0.5456171735241503,-0.025944283527491452,0.04685142135220377,558,0.02748813870564509,0.014198026521348939,0.12137133028175055,0.5931899641577061,-0.03387524731821159,0.07412964747802214,550,0.03327183323948735,0.01637253387768367,0.16316282013463876,0.5654545454545454,-0.05443088691756762,0.08522361300685077,545,0.06646077925618905,0.0338600451467268,0.2533255720951247,0.5761467889908257,-0.07134894091415844,0.14260407440212575,562
负无无,无正正,130,0.018423102979740796,0.013620072428284113,0.08894856153252353,0.5692307692307692,-0.029869243747518898,0.05642566069395327,130,0.029053457217037646,0.009243833017077763,0.13665709099346046,0.5384615384615384,-0.048681145519320235,0.06956260720411667,129,0.04014539769005685,-0.001697792869269854,0.18438879936598965,0.49612403100775193,-0.07149240393208223,0.10097087378640768,128,0.04909932116852821,-0.009371616607666333,0.2978896415278395,0.4765625,-0.12962524296074773,0.14310254937010553,130
负无无,无正负,1,0.021645021645021467,0.021645021645021467,,1.0,0.021645021645021467,0.021645021645021467,1,0.021645021645021467,0.021645021645021467,,1.0,0.021645021645021467,0.021645021645021467,1,-0.017316017316017285,-0.017316017316017285,,0.0,-0.017316017316017285,-0.017316017316017285,1,0.07359307359307365,0.07359307359307365,,1.0,0.07359307359307365,0.07359307359307365,1
负无无,无负无,1088,-0.004831145446714423,-0.004810974692479653,0.05310123168360616,0.4540441176470588,-0.03280961920295003,0.023182196001192423,1085,-0.005538687294099128,-0.011656441717791566,0.08100906908870086,0.4202764976958525,-0.05180442374854477,0.03200000000000003,1080,0.0007773381405582347,-0.018200715274955315,0.12526504041960346,0.42685185185185187,-0.07008773193154272,0.04742219395605518,1079,0.025821025741360353,-0.0031328320802005427,0.21836855519414705,0.4911955514365153,-0.09892518869320699,0.09412922368103427,1090
负无无,无负正,56,-0.022618650873543204,-0.0079031927470129,0.06665652264184495,0.375,-0.0460712696087478,0.014108108668868025,56,-0.02912537241854098,-0.005133434321723196,0.09651257431528158,0.44642857142857145,-0.062128142698739564,0.02309887633053964,56,-0.0002914488092197663,0.0045824611719536,0.09553140471411802,0.5178571428571429,-0.06033035412844956,0.06929931423351665,56,0.03938333283706923,0.007337913180440303,0.23755970402027532,0.5178571428571429,-0.09478259178356194,0.08629760532905023,56
负无无,无负负,26,0.00997360151229722,0.0013274336283185528,0.05047002484605038,0.5,-0.02581985029873332,0.05458093726989016,26,0.015840115941201778,0.009552894849728655,0.09372732433038188,0.5769230769230769,-0.04689973533487912,0.06890048281557704,25,0.002634245089224976,0.03245560318432328,0.14009943227372537,0.64,-0.08748824082784556,0.08356545961002793,25,0.023722195386951733,0.012658227848101333,0.15334013536472788,0.56,-0.08307480179248539,0.110759493670886,26
负无无,正无无,294,0.008497222103185712,0.00514095786468427,0.05843415880656859,0.5340136054421769,-0.02498735670937291,0.03566626924735539,291,0.011799181103119052,0.0060606060606061,0.09350434374515282,0.5360824742268041,-0.04022340493458981,0.047761567933981675,291,0.016062670983547873,0.0036014405762305746,0.13090819147225932,0.5189003436426117,-0.06874668064995393,0.08189617901469048,291,0.01692114854535609,-0.011893636904256266,0.18612522683922758,0.46048109965635736,-0.08681442334437506,0.09274539777989876,294
负无无,正无正,83,0.0009009068271897208,-0.007006071929005042,0.07843993564347557,0.42168674698795183,-0.03768256469612297,0.037864782197068236,83,0.0120858715215371,0.0019553463732682186,0.1075121632567874,0.5060240963855421,-0.03313920896695022,0.06947873409318117,82,0.008371122945356664,-0.006561554845930628,0.12617817286624913,0.47560975609756095,-0.07870327506890193,0.0773639369122186,82,0.04673582477478624,0.004008124477591246,0.1898235757703591,0.524390243902439,-0.07026474245917774,0.12182606351517272,83
负无无,正正无,282,0.012263296893329825,0.009817904964132818,0.06745129227532641,0.5673758865248227,-0.0252770975561184,0.039569805194805185,282,0.012053558323245688,0.009568690497354648,0.08122671006352186,0.549645390070922,-0.029863975355216565,0.044584046123509746,280,0.013171995138268326,-0.0011973227559606836,0.12041527615739034,0.4714285714285714,-0.05558849038800634,0.06187889083289255,279,0.021628987203770288,-0.01786896095301116,0.19874228883037146,0.4444444444444444,-0.11007882597290441,0.11343095314157225,282
负无无,正正正,118,0.01997198805728864,0.005900506253033844,0.08176207480150408,0.5508474576271186,-0.02855950936199722,0.05358673989618096,118,0.01768129980549889,0.0024827615048351737,0.11113250870878127,0.5338983050847458,-0.0400466675186649,0.06316463036660158,117,0.03486131194969494,-0.0062227753578095735,0.21510304367291488,0.4700854700854701,-0.07023933402705507,0.08047337278106514,117,0.0535854451014216,0.012427421281783202,0.2865297501387893,0.5213675213675214,-0.10064935064935066,0.13440000000000007,118
负无无,正负无,2,-0.10314267072640276,-0.10314267072640276,0.03036363522570745,0.0,-0.113877836911189,-0.09240750454161653,2,-0.08551352250339023,-0.08551352250339023,0.0728084963843606,0.0,-0.11125521326407903,-0.059771831742701426,2,-0.09673323439858755,-0.09673323439858755,0.03504957684552467,0.0,-0.1091251311311823,-0.0843413376659928,2,-0.10942417419338335,-0.10942417419338335,0.03981693443943131,0.0,-0.12350158636747438,-0.09534676201929232,2
负无无,正负正,1,-0.023467804499612166,-0.023467804499612166,,0.0,-0.023467804499612166,-0.023467804499612166,1,-0.11462373933281622,-0.11462373933281622,,0.0,-0.11462373933281622,-0.11462373933281622,1,-0.2226532195500388,-0.2226532195500388,,0.0,-0.2226532195500388,-0.2226532195500388,1,-0.0009697439875873126,-0.0009697439875873126,,0.0,-0.0009697439875873126,-0.0009697439875873126,1
负无无,负无正,203,0.00357432211044585,0.0028562361155188842,0.05931313808121535,0.5320197044334976,-0.025303487787356305,0.03451904695061647,203,0.0033941768900102344,-0.0017271157167529916,0.08300064687465973,0.47783251231527096,-0.03793494241936979,0.04575027953036026,202,0.016090863092950474,0.0011562518159294877,0.13328740403802294,0.5099009900990099,-0.06098998459167937,0.07208834123195035,202,0.025369583385998394,-0.0054781138199078705,0.18826894665019378,0.4801980198019802,-0.09048771198271355,0.09755076407787322,204
负无无,负无负,834,0.007187808662032319,0.0016670918744637886,0.05917366971647123,0.5179856115107914,-0.022201722017220177,0.03343753714489489,832,0.00979459288088262,-0.0005375843620886167,0.08752183323014037,0.49158653846153844,-0.0350107776965293,0.04444444444444451,802,0.010742032885958784,-0.0027497156116045862,0.12379423428561956,0.47880299251870323,-0.0661292664403145,0.06580428084968382,796,0.020629932004068912,-0.015969590984164006,0.19510185706993266,0.44974874371859297,-0.08908450952937425,0.09591171683934385,834
负无无,负正无,9,0.016730655086722335,0.034605146406388565,0.029925855609501655,0.6666666666666666,-0.0014673514306677848,0.03993055555555558,9,-0.0007531831719516349,0.006242197253433224,0.044645622366603764,0.5555555555555556,-0.040938864628820903,0.02430859966525878,9,-0.0029415451802013376,-0.017631004366812086,0.08404368871955388,0.4444444444444444,-0.08191785179750544,0.06832298136645942,9,-0.024344805040226243,-0.022871179039301248,0.1385719772232084,0.4444444444444444,-0.1303949757887014,0.0746527777777779,9
负无无,负正正,2,-0.05671814955251697,-0.05671814955251697,0.134772284754763,0.5,-0.10436734778556561,-0.009068951319468332,2,-0.13352994497427462,-0.13352994497427462,0.2586775659494085,0.5,-0.22498627548610317,-0.04207361446244606,2,-0.18462343763963895,-0.18462343763963895,0.2785563961378847,0.5,-0.2831079959656312,-0.08613887931364672,2,0.008453343036245453,0.008453343036245453,0.4550848317477901,0.5,-0.15244344223575523,0.16935012830824614,2
负无无,负负无,4900,-0.00034197113990979766,-0.0008444440642248474,0.060567702088241804,0.48836734693877554,-0.030108654513341326,0.028909069233941542,4883,0.00028911318547502555,-0.0032467532467533866,0.08532227910014589,0.4726602498464059,-0.04289149618174576,0.0375227089220832,4863,0.011343390309910457,-0.0031372549019605955,0.13010245880575877,0.4834464322434711,-0.06236155299988788,0.06425148334094022,4826,0.032489996984712714,-0.0013761622048243383,0.20003720035243416,0.49481972648155825,-0.08021183276663127,0.10290110819486814,4912
负无无,负负正,29,0.011636181845359375,0.019529159978598054,0.088269807526078,0.6206896551724138,-0.0068728522336769515,0.0513903555086237,29,0.007173707844249575,0.008623724040830671,0.09726102225687235,0.5517241379310345,-0.027272727272727226,0.06605504587155964,29,0.005790304573241911,-0.0072727272727272085,0.13652555624589954,0.4482758620689655,-0.08245321474893452,0.051687303504042825,29,0.03287036137545947,0.021268057784911587,0.16897818482018662,0.5517241379310345,-0.0769246113207549,0.14972527472527464,29
负无无,负负负,736,0.003939957222411481,0.0019408454099779648,0.06484727030030017,0.5176630434782609,-0.03396315488016616,0.03601346599764327,736,0.009754022287918744,0.003049564923571002,0.08711473574681233,0.5217391304347826,-0.03900566635324387,0.04856388342863599,726,0.015750509263395475,0.0012919702047677895,0.12380638851086032,0.5013774104683195,-0.05927274627706819,0.07766271023470633,722,0.014486658834133892,-0.004620759487493853,0.1836760093602511,0.4778393351800554,-0.09719109890949859,0.08892822863411115,736
负无正,无无无,406,0.008924663422537754,0.0049781228771398345,0.06228226373245288,0.5394088669950738,-0.024062186509438033,0.03721729248753142,403,0.014233956108636715,0.0006912442396314056,0.09326739900334977,0.5037220843672456,-0.041875067544479505,0.05435547517658945,401,0.021122880172605857,0.0,0.15623115363590928,0.49625935162094764,-0.06994693680656061,0.07153729071537285,400,0.030224734366693828,-0.0038150264370603315,0.19741558083007624,0.49,-0.09292773727636444,0.10544060257123711,407
负无正,无无正,8995,0.003804908672154929,0.0005640157924422518,0.07685992449086648,0.5013896609227348,-0.034132884931137364,0.03858383193582504,8993,0.003458953989270071,-0.0010121457489878916,0.11500056777343454,0.49204937173357055,-0.051004636785162316,0.05368974183230524,8983,0.015767689800898276,-0.005820298290287407,0.1693554464842121,0.47222531448291216,-0.07247528132108327,0.07396552991641492,8954,0.028635237576725224,-0.010234761830796357,0.2334591919738824,0.47129774402501673,-0.1007842148682882,0.10546735342605212,9005
负无正,无正无,12,0.010953502081315939,-0.008321513076551323,0.0519054058391465,0.4166666666666667,-0.027277628255045677,0.04482417881968126,12,0.020216390733043543,0.020668414622334486,0.06938475514569958,0.5833333333333334,-0.004765915401487186,0.04983644175373492,12,0.07357353914560656,0.07071206132470964,0.14242701920076387,0.75,-0.0027802114605446626,0.20708065261820696,12,0.07615390090632905,0.016435288849081964,0.2105561062664038,0.5833333333333334,-0.05142169929254489,0.10533520948616598,12
负无正,无正正,637,0.011564804201458098,0.007069408740359773,0.08530269946870334,0.5416012558869702,-0.03677058706467662,0.05220417633410701,637,0.018068595855142974,0.008663366336633782,0.1257528819662143,0.5416012558869702,-0.05194029850746262,0.07298410829899926,636,0.020865086604088805,-1.6509772727268945e-05,0.18989525917078998,0.4968553459119497,-0.07597803087048954,0.09758320388174818,632,0.028465106229608485,-0.007646073428873967,0.23932539216982376,0.47310126582278483,-0.10697003201327102,0.10636683773923028,637
负无正,无负无,25,0.017338333151857722,0.001529051987767538,0.0536812670681405,0.52,-0.018539325842696797,0.04260651629072676,25,0.019641153997284208,-0.008498583569405138,0.0782071101752758,0.44,-0.02752808988764055,0.04812455767869772,25,-0.01535936066433166,-0.027042096459436893,0.13625282863877328,0.32,-0.07307987290456885,0.0665137614678899,25,-0.018099350698679705,-0.06027397260273981,0.1766767940621712,0.32,-0.12402738012508696,0.05657492354740046,25
负无正,无负正,204,-0.005317531078160884,-0.005429620651805467,0.0751697049917203,0.45588235294117646,-0.04282335198175255,0.032563051101923646,204,-0.009459736092611519,-0.013703135265782818,0.10519845969145294,0.4264705882352941,-0.06582830410205465,0.04816466669708436,204,0.00939063031292104,-0.026719865935858456,0.1568829804146568,0.4117647058823529,-0.08924556009361675,0.07877761331729188,202,0.038398822428379824,-0.006034164971000233,0.22620117049286703,0.4801980198019802,-0.09232049132085815,0.10921328409601272,204
负无正,正无正,76,0.006129876691024473,-0.00845808111311408,0.07999472355579192,0.42105263157894735,-0.03232687838884596,0.04000440092419416,76,0.015234110364614476,-0.012997734460085175,0.14379636185329006,0.4473684210526316,-0.0573677427572413,0.05091924217005378,76,0.0130683721675026,-0.01496475119057622,0.1371996937677023,0.47368421052631576,-0.08523093564088702,0.09877473822707089,76,0.07682333522455656,0.010262677092422678,0.23378671168580928,0.5263157894736842,-0.10813848757727917,0.18591607323534975,76
负无正,正正正,161,0.021700541629751442,0.00013819789939195637,0.10378721007021127,0.5031055900621118,-0.032178217821782096,0.05359715685332822,161,0.038019760299214035,0.01187932655328594,0.1276068658599181,0.5403726708074534,-0.04227129337539426,0.09167767503302482,159,0.028158184097113768,0.0008375209380235837,0.24476412512860407,0.5031446540880503,-0.10815574202630274,0.1325396450469175,159,0.03587183282452728,0.0022099447513812542,0.28792461068404795,0.5031446540880503,-0.14421891866420522,0.11424357868172819,161
负无正,负无无,942,-0.0011670555575335254,0.0,0.07713041945955738,0.49363057324840764,-0.03310819666020265,0.03676966562811168,942,-0.0014960284209519464,-0.0023292852094231598,0.09917462369485733,0.4840764331210191,-0.051155600766317366,0.045859878307109636,938,0.01758251087002548,-0.005655473583484616,0.14866725557479415,0.4722814498933902,-0.06625902388527685,0.0765494505494505,931,0.03200161318730222,0.0019646365422396617,0.2340501696256872,0.5080558539205156,-0.09411799246411318,0.10196453381704196,943
负无正,负正无,3,0.02550761875916015,0.026631158455392878,0.022229927471127512,1.0,0.01468419236638252,0.03689281500005415,3,0.017418588757213322,0.024390243902439046,0.016415005921704313,0.6666666666666666,0.011529342989834712,0.026793662097204796,3,0.0413025381359395,0.05691056910569103,0.03697053115092078,0.6666666666666666,0.027999080173283397,0.06241001158347137,3,0.07107881238661522,0.06478102189781021,0.037230987640447834,1.0,0.051089697940775,0.08791903158805292,3
负无正,负正正,29,0.024061179849098096,0.03214596003475223,0.08844034240294145,0.6551724137931034,-0.02990970654627545,0.05545454545454542,29,0.005453393763103349,0.021840873634945357,0.09877259991344566,0.6896551724137931,-0.015183246073298462,0.06102620087336241,29,0.009222506756374276,0.02867072111207647,0.17544742857126125,0.7241379310344828,-0.006802721088435382,0.12117903930131013,29,0.033834804753449854,0.03432137285491432,0.14318071639070462,0.6206896551724138,-0.04009433962264153,0.09400513179379533,29
负无正,负负无,720,-0.001334505351434437,0.0,0.08866285197389163,0.49722222222222223,-0.04015831532171227,0.04098273339186426,720,-0.003943848966784555,-0.0059975236031574175,0.11477005897325583,0.46805555555555556,-0.06263387994580252,0.0465388770163746,720,0.024393866937159607,0.012118814142831558,0.14909482083869893,0.5486111111111112,-0.058519812155179346,0.0794903086395648,692,0.02978857769793431,0.0,0.22759605021469004,0.4985549132947977,-0.0951642854718413,0.12069447920305387,720
负无正,负负正,639,0.0014323063098626969,0.004979628791308199,0.08898181634712621,0.539906103286385,-0.04014717435259013,0.04636742612936218,639,-0.008731892424813372,-0.0047483380816712994,0.1341524738212301,0.4757433489827856,-0.06588758178060267,0.051742728555778106,639,0.010795488008498572,-0.007437457741717224,0.1824520937351134,0.4726134585289515,-0.07732031745391832,0.07916503954727483,604,0.03917326052124899,-0.0017482517482516613,0.2734661469582596,0.49337748344370863,-0.10041374183221544,0.1314317091190907,639
负无正,负负负,2,0.051972736257440255,0.051972736257440255,0.020033117019229475,1.0,0.04488995981113986,0.059055512703740654,2,0.08149295838196136,0.08149295838196136,0.041285166781948886,1.0,0.06689644768499453,0.09608946907892818,2,0.07768184481971507,0.07768184481971507,0.05015342001972467,1.0,0.05994993312189284,0.09541375651753731,2,0.03215883770034378,0.03215883770034378,0.040068425925510395,1.0,0.017992509858644146,0.04632516554204341,2
负无负,无无无,1360,0.0062926887530125285,0.003670033670033823,0.06135840939645353,0.5308823529411765,-0.02623303541873548,0.034212528631738626,1358,0.00721082251265146,-0.0011975087296367537,0.08679220404463144,0.49116347569955815,-0.03998645903859177,0.04696711423127914,1335,0.011528843832086917,-0.004196642685851293,0.14128315272735006,0.4801498127340824,-0.06400664662373001,0.06725053776800083,1322,0.03266721930953843,-0.00410060660370859,0.2860665938297836,0.481089258698941,-0.08339152222130936,0.09660875553301995,1361
负无负,无无负,4779,0.003185981061122081,0.0,0.06277971675982903,0.49550115086838253,-0.028437023744951717,0.03250831622053296,4769,0.003357846915173444,-0.0021413276231263545,0.08740653708219241,0.48039421262319143,-0.04280595889119376,0.041973908111174074,4567,0.00160521739793429,-0.010888960873521314,0.1250516103737414,0.45719290562732645,-0.07043602959433493,0.062236817528669275,4506,0.026291355366447364,0.0005280232936109019,0.19751896611876624,0.5006657789613849,-0.08806842556842556,0.10894464321853647,4784
负无负,无正无,43,0.03183352883726351,0.01597051597051591,0.08056542874819368,0.6046511627906976,-0.023711622807017607,0.058528449510135916,43,0.03859939691816438,0.023716444930952818,0.11382592736685719,0.6511627906976745,-0.023605614106255945,0.07894387342649278,42,0.04122736010230739,0.007167965451636449,0.1425938916346046,0.5476190476190477,-0.02908041442872361,0.11513331476049232,41,0.0647496103716869,0.016921871977240377,0.1788893302207141,0.6097560975609756,-0.04341534008683079,0.10304568527918789,43
负无负,无正负,33,0.001962167195544314,-0.001612903225806428,0.0752124640110286,0.45454545454545453,-0.032786885245901676,0.04616144161935343,33,0.04959008768231075,0.042580645161290454,0.1001882578904485,0.7575757575757576,0.003964321110009994,0.09228097490867704,32,0.05431744864853165,0.027271924791455127,0.13690776960237375,0.5625,-0.01959676639280361,0.11077102231066638,32,0.10406707800664307,0.11194792843749934,0.18380046178592066,0.71875,-0.011024703446583045,0.2033847099728629,33
负无负,无负无,62,-0.011849552354370343,-0.002476765001593939,0.0630432315077336,0.45161290322580644,-0.053471123204245186,0.014174310267937862,62,-0.0025855953375510513,-0.016917536608647976,0.09726847215256522,0.45161290322580644,-0.06664836678180089,0.04433656461609781,58,0.006502368623428759,0.006856780032527543,0.11491074694282814,0.5344827586206896,-0.07499139306923547,0.06989007214015813,58,0.03197736345155066,-0.02159408059698048,0.15873207068684964,0.4482758620689655,-0.07583999211573797,0.11615681793794613,62
负无负,无负负,468,0.0022613111191527417,0.0033952996031301197,0.058517978077443335,0.532051282051282,-0.026779594028697895,0.03382033167490722,466,-0.0005049363603231165,-0.0030564494815228938,0.08362624857766728,0.47854077253218885,-0.04612400597797006,0.03537196047935537,459,0.013929409672849693,0.0,0.14696500845838525,0.4989106753812636,-0.06726534360400843,0.07440964378837345,457,0.06313667826472455,0.010245901639344135,0.27743790304359134,0.5185995623632386,-0.07514450867052014,0.12189054726368154,469
负无负,正无无,110,0.013605496147377555,0.009486343711363476,0.07367830129396827,0.6,-0.020380759566006212,0.029807533879254278,110,0.019580233778777944,0.005957294389760004,0.11781148485317118,0.5636363636363636,-0.030624734184342667,0.0495461121157324,109,0.024175202172474354,0.007712082262210762,0.15235087713103104,0.5321100917431193,-0.05035971223021585,0.09070341423282602,109,0.008306434936816098,-0.014229249011857625,0.16270192716364407,0.44036697247706424,-0.09317630758572915,0.102502979737783,110
负无负,正无负,120,0.012722652601241861,0.000425194172005261,0.09188004953303178,0.5,-0.026664686516963604,0.027847590889305884,120,0.02081611377425967,0.012889943095513279,0.08446902199377257,0.625,-0.01692742893064203,0.0455288175876411,120,0.028635476084710107,0.02188983215799023,0.1128688732609796,0.5666666666666667,-0.03780716048757296,0.08526661540272867,120,0.025429825654903187,-0.0006887052341597588,0.1705237522823746,0.49166666666666664,-0.0712130202524004,0.08901736296269058,120
负无负,正正无,82,0.01231012267049925,0.008112784651246208,0.06213167502440357,0.573170731707317,-0.023595270266745322,0.03912832963763435,82,0.018138069140017542,0.013691071131101018,0.09011804796904885,0.5975609756097561,-0.016352310507263268,0.06276597233248954,82,0.002998759116528551,-0.000962281730780834,0.10282917166104365,0.4878048780487805,-0.05088264129579256,0.05298077002281737,81,0.009752014176339833,-0.01680672268907568,0.14953630043674404,0.41975308641975306,-0.06115107913669071,0.07333333333333347,82
负无负,正正负,18,-0.004778857787239983,-0.016592391672126616,0.094256358309217,0.2222222222222222,-0.058281620415562674,-0.003140520362715893,18,0.023037278755571964,0.006084192723312565,0.07644339099202806,0.5,-0.02643027980333043,0.059236522913628686,18,0.05658564091568833,0.06357276399836242,0.1324015702478677,0.7777777777777778,0.014911331727727017,0.11920095238150885,18,0.02537825903226917,0.02481292142243874,0.1628311012090535,0.6111111111111112,-0.023151315630609293,0.08490849324617061,18
负无负,负无无,217,0.008796665633031442,0.00881612090680095,0.055854278362950864,0.5806451612903226,-0.023338735818476564,0.03521379805964786,216,0.01327249575865507,0.004237472972671297,0.07644003052260347,0.5138888888888888,-0.023813052044547617,0.04704629609080663,215,0.0012177652004626812,-0.004255319148936176,0.11251611680287192,0.4697674418604651,-0.07430069525678912,0.06127440266781348,212,0.015882864022326672,-0.01205856108351322,0.17780541811111206,0.4528301886792453,-0.07857453089493263,0.07779282121387382,219
负无负,负负无,75,-0.00032694819839512945,0.0,0.0507899136688958,0.48,-0.026264999368447617,0.025273928852201144,75,-0.005169534025119469,-0.010973936899862813,0.067465742935646,0.48,-0.04145258816539088,0.026968841823524214,73,-0.0161547337586474,-0.012522361359570633,0.11482063305126285,0.4931506849315068,-0.08621291448516577,0.053375196232338995,73,-0.0018562242110852526,-0.012518409425625987,0.15732572107592102,0.4657534246575342,-0.10899653979238755,0.08108108108108114,75
负无负,负负负,2491,0.0032569728227503135,0.0005668934240361523,0.06326444885860531,0.5026093938177438,-0.03210399085563842,0.03471066915941867,2471,0.0045981291892402245,-0.0009000900090008201,0.09055839179434994,0.4917037636584379,-0.04248478121952037,0.04314070829859029,2423,0.013137336392652233,-0.0013157894736842701,0.12391599745175427,0.49112670243499795,-0.06021217427129466,0.07611543315508018,2419,0.04266353154282121,0.01730103806228378,0.20189931742071987,0.5431996692848284,-0.0773306458855107,0.12686247538476614,2491
负正无,无无无,600,0.012760820473879013,0.006018503613798409,0.06923528775669985,0.5416666666666666,-0.027131982022283174,0.04367283529090399,597,0.017128647761602216,0.0032467532467532756,0.08877913030244533,0.5226130653266332,-0.03903903903903905,0.061224489795918435,594,0.04026844808505496,0.015186093264470624,0.1516394736729511,0.5454545454545454,-0.04653849244615876,0.09786318077023842,580,0.04508139675662099,0.008440598391174947,0.22544965326916913,0.5189655172413793,-0.09320503766117519,0.12979393801411065,602
负正无,无无正,38,0.020556566049758553,0.01221621794392791,0.0745209998585426,0.6052631578947368,-0.01275744083390451,0.025366073469218042,38,0.020302195492324728,0.005111915023484737,0.08137550385493321,0.5526315789473685,-0.011722386331151385,0.05986678455927069,38,0.05122230247513144,0.0278992041764774,0.12061521517567758,0.6842105263157895,-0.006670619626445218,0.11220186154741135,36,0.07120048556252036,0.037130243870198476,0.1512834237131983,0.5833333333333334,-0.03632552721249649,0.1547293072522017,38
负正无,无无负,9,-0.009056237233893507,-0.004768392370572139,0.039188280638037656,0.4444444444444444,-0.015404364569961526,0.014473684210526194,9,0.00857706360962809,0.0043057050592034685,0.06454808604179407,0.6666666666666666,-0.017094017094017033,0.025974025974025983,9,0.017507855135167432,0.01558441558441559,0.04777721048227958,0.5555555555555556,-0.012820512820512664,0.05648267008985863,9,0.012684741749386694,-0.011550741854636781,0.12190941807427495,0.4444444444444444,-0.03632478632478631,0.07012987012987004,9
负正无,无正无,1468,0.012016439028289532,0.0036460552078304564,0.06453870117626079,0.529291553133515,-0.026655214751691914,0.041244926181764174,1465,0.02383333939827781,0.009692132269099263,0.09729513725808957,0.5535836177474402,-0.03278688524590179,0.06251648641519414,1460,0.04035080269626878,0.012660083905299935,0.15100916668526132,0.5472602739726027,-0.0499202985588022,0.10663736364190385,1442,0.05584604599477105,0.012682176064995221,0.2451812666434019,0.5319001386962552,-0.08215615729255579,0.13549832832834124,1471
负正无,无正正,228,0.024676300388973584,0.01384229532267256,0.07510567179487253,0.6052631578947368,-0.015650395329578737,0.05882845019738431,228,0.041404725449174506,0.02574888520868579,0.11950467421446782,0.6491228070175439,-0.02112838026205746,0.07638463760113512,228,0.07851801501546217,0.04160899653979233,0.17556270486900555,0.6710526315789473,-0.021353607002546404,0.1540717347168961,228,0.09015929658931948,0.02318755431523012,0.26964344158426323,0.5570175438596491,-0.07732124006204413,0.17122443951712235,229
负正无,无正负,1,-0.07307386814932482,-0.07307386814932482,,0.0,-0.07307386814932482,-0.07307386814932482,1,-0.04765687053216838,-0.04765687053216838,,0.0,-0.04765687053216838,-0.04765687053216838,1,0.015091342335186608,0.015091342335186608,,1.0,0.015091342335186608,0.015091342335186608,1,-0.030976965845909477,-0.030976965845909477,,0.0,-0.030976965845909477,-0.030976965845909477,1
负正无,正正无,217,0.02326426396973071,0.014563106796116276,0.08045775411865352,0.5852534562211982,-0.020998996371497047,0.04824561403508798,217,0.018481572471015253,0.011135857461024523,0.09835412044421465,0.5622119815668203,-0.042166184373708115,0.0693488618316569,213,0.02794451862131292,0.010355029585799036,0.1380344596484954,0.5586854460093896,-0.05420711974110015,0.09141445336627552,213,0.03945949978530551,-0.0008257638315442017,0.20642920841634324,0.49295774647887325,-0.09295426452410405,0.12797281993205,217
负正无,正正正,106,0.028213230107416703,0.008827339483734598,0.09068455159339957,0.5754716981132075,-0.02474945777611079,0.06593058441881572,106,0.033573180408766154,0.010749892385516935,0.11837168776374503,0.5660377358490566,-0.02573660204821443,0.0640803645401824,106,0.06002506429074044,0.03470840426277533,0.17701133293396598,0.6037735849056604,-0.04587691833297744,0.12754281617436208,106,0.06632764693980331,0.03858479863868425,0.25334293439710837,0.5660377358490566,-0.06599519509715451,0.17298466902884158,106
负正无,负无无,392,0.017068299716327777,0.00840262005003134,0.06794725277264502,0.576530612244898,-0.019163440892606326,0.044929829623638395,391,0.011261590583274316,0.006767731456415849,0.09318913331267008,0.5242966751918159,-0.04213440661723383,0.05555125139795447,390,0.025972155582660507,0.009376620778997369,0.14095984608237072,0.5358974358974359,-0.056589818482981,0.08069498947477849,387,0.021616851710362296,-0.012066365007541657,0.20416168829601453,0.4418604651162791,-0.09954083747927034,0.09394726793578245,392
负正无,负无正,4,0.013834411473402752,0.006516190220487994,0.04268444806092513,0.5,-0.021028679481204682,0.04137928117509543,4,0.0628919528755251,0.0903871787834194,0.06683990194941998,0.75,0.05520257443492557,0.09807655722401892,4,0.046700825560552245,0.0741872600003648,0.11835027093271486,0.75,0.018452805298626612,0.10243528026229043,4,0.054877588170062275,0.11017544719733319,0.3670220432487648,0.75,-0.05104625798898016,0.21609929335637562,4
负正无,负无负,16,0.004111330774445782,0.003644982020268084,0.07932395934491113,0.5625,-0.01672845522530822,0.03196257517322154,16,-0.026627294382830208,-0.04060165632609258,0.11016105220720085,0.3125,-0.09741162101301959,0.028452151061639896,16,0.02421941239150495,0.006617740677208828,0.3193610424589368,0.5,-0.17542990160300775,0.06496469122126836,16,0.0567717569110299,-0.007532389624271663,0.3030933976299978,0.5,-0.10596038325035423,0.15096263149347733,16
负正无,负正正,18,0.040100594403924356,0.05597438618045092,0.07200201899651823,0.6111111111111112,-0.0051771714462555685,0.08886486066507837,18,0.04520470389640113,0.04071914674787791,0.08216369381224517,0.7777777777777778,0.0063379433959245834,0.09514029823608983,18,0.11807025418932783,0.05741594438113651,0.21974930900957054,0.6666666666666666,-0.025134743315484626,0.19129721250345083,18,0.1287800032785024,0.12394889740114778,0.19924902139581244,0.7222222222222222,-0.019413668636515974,0.2751113291952785,18
负正无,负正负,3,-0.0502914391865665,-0.03924050632911402,0.021077850971612352,0.0,-0.056918640261331255,-0.0381387716830755,3,-0.04745009945641591,-0.01636520241171402,0.07318674986816871,0.3333333333333333,-0.07370679475424413,-0.005650955636236743,3,-0.06186916220381874,-0.061392405063291244,0.08708698636996393,0.3333333333333333,-0.10529297672519405,-0.01820696911217967,3,-0.14776448888358987,-0.09810126582278489,0.13484987243106406,0.0,-0.19925224581461826,-0.071445120422159,3
负正无,负负负,1,0.03510895883777265,0.03510895883777265,,1.0,0.03510895883777265,0.03510895883777265,1,0.053268765133172025,0.053268765133172025,,1.0,0.053268765133172025,0.053268765133172025,1,0.06234866828087182,0.06234866828087182,,1.0,0.06234866828087182,0.06234866828087182,1,-0.07687651331719125,-0.07687651331719125,,0.0,-0.07687651331719125,-0.07687651331719125,1
负正正,无无无,70,0.020119397558589703,0.01742845837492968,0.0632159106542479,0.5857142857142857,-0.019075417631996078,0.05358966292458939,70,0.016448467286820055,0.019356677622536234,0.08755583220092836,0.5857142857142857,-0.04313271052568779,0.06503593653126372,70,0.026792627072929516,0.01782476071765271,0.12955834022336332,0.5714285714285714,-0.048424429682279446,0.09472618418735701,70,0.04327595883928089,-0.019497816593886386,0.2198937942970924,0.4714285714285714,-0.10751304838657536,0.13484868432678615,70
负正正,无无正,868,0.009130510023190519,0.004846334844517131,0.07676810954271754,0.532258064516129,-0.02823897194476352,0.0449020372631484,868,0.010711214446764837,0.0,0.1258457233302087,0.4976958525345622,-0.04868608481249287,0.06041456470134948,868,0.024103156864108015,-0.0038285323906939173,0.20378780823041306,0.4873271889400922,-0.07133974266991905,0.08353479082586529,866,0.031045216334002958,-0.015198118825727414,0.26541262920241404,0.45381062355658197,-0.10734882092743939,0.09779745713222376,869
负正正,无正无,45,0.01858909353620535,-0.0011947431302270495,0.06934827904858079,0.4888888888888889,-0.019108280254777066,0.05449330783938788,45,0.03242319498556901,0.021505376344086002,0.09438019390543374,0.6,-0.0264423076923076,0.07622739018087832,45,0.059038723337597354,0.020733652312599826,0.1621181508770356,0.5555555555555556,-0.02524768296580371,0.1317725752508363,45,0.1428144743694954,0.09171075837742504,0.27059703073301244,0.6666666666666666,-0.014354066985645786,0.2473572938689217,45
负正正,无正正,3650,0.014811513893343713,0.006778327519626148,0.08662594629446393,0.5391780821917809,-0.0339291217257319,0.052947907964355334,3649,0.017677124272823558,0.00875273522975939,0.12086860150069996,0.5360372704850644,-0.047382372432074216,0.06976201586560893,3646,0.03802248534655096,0.01089471949927967,0.20148841500888415,0.5351069665386725,-0.0669547696007371,0.11166310024662696,3641,0.03791669483873618,-0.005249343832021025,0.2774997107207947,0.48750343312276845,-0.11585014409221916,0.12133891213389125,3655
负正正,正正正,676,0.02257959049634931,0.007751985336131528,0.14618232160769026,0.5369822485207101,-0.041891001900619174,0.06540310298876828,676,0.030218361052934455,0.007521829219781062,0.17316257403172788,0.5251479289940828,-0.05218051933352802,0.07564554262667467,675,0.051474453580686814,0.006300630063006407,0.25463041258246255,0.5244444444444445,-0.07769375326447814,0.1295136598610238,674,0.059324481795013435,0.008219298933500596,0.29752181096734726,0.5118694362017804,-0.11677412798147699,0.14855568856965495,676
负正正,负无无,89,0.022733197081639046,0.021126760563380254,0.06515895236183923,0.6292134831460674,-0.02310564804730042,0.062291963861150546,89,0.0337496717411296,0.022222222222222143,0.10282611729517178,0.5955056179775281,-0.03601108033240996,0.08993902439024404,89,0.05140466199901931,0.03106009453072245,0.16837607829659992,0.5842696629213483,-0.08446866485013627,0.1442687747035576,89,0.06472916551427398,0.04122990915443747,0.23590039961660006,0.5842696629213483,-0.08269018743109147,0.17343659018987312,89
负正正,负无正,594,0.02122418577000847,0.014271948368205112,0.07680055517376753,0.6161616161616161,-0.01810383577656438,0.05858082628275557,594,0.02281313215279894,0.020064256050962403,0.10561311472099033,0.6161616161616161,-0.030378959370968628,0.07310438254466745,594,0.03359233965974654,0.011699677878998616,0.20942362677437773,0.5286195286195287,-0.05660768356339291,0.10161538461538466,594,0.025656455892017642,-0.0068390260372291345,0.23715314902975446,0.47474747474747475,-0.10971749148467244,0.10619100487962657,596
负正正,负正无,70,0.02549148218672758,0.010024062140706946,0.07302298104081426,0.5571428571428572,-0.019811184037461294,0.08118988474828676,70,0.04234681831291399,0.03447793447479386,0.08144423800437989,0.6714285714285714,-0.008033475401345108,0.08816718586606193,70,0.09989803902217771,0.05780928177278766,0.17537414658074638,0.7285714285714285,-0.0005446623093681158,0.19818507209012265,70,0.13002942806620787,0.03803366710658784,0.3001139702157798,0.5714285714285714,-0.051609351045533464,0.2330244942182858,70
负正正,负负无,1,-0.02416666666666656,-0.02416666666666656,,0.0,-0.02416666666666656,-0.02416666666666656,1,-0.04749999999999999,-0.04749999999999999,,0.0,-0.04749999999999999,-0.04749999999999999,1,-0.0792303858333332,-0.0792303858333332,,0.0,-0.0792303858333332,-0.0792303858333332,1,-0.15757583333333325,-0.15757583333333325,,0.0,-0.15757583333333325,-0.15757583333333325,1
负正负,无无无,5,-0.013407868633071019,-0.017711171662125325,0.035252110256349854,0.2,-0.02298850574712652,-0.0043177892918826455,5,-0.022604142296539287,-0.02588555858310626,0.03758205738648218,0.4,-0.05120167189132707,0.012476370510396961,5,-0.0553996321557453,-0.05994550408719357,0.0495190104319886,0.0,-0.07488679902473006,-0.017013232514177745,5,0.006105733761038223,0.002438174851967956,0.17891876369787987,0.6,-0.024179620034542326,0.05722070844686655,5
负正负,无无负,16,0.01967110110670755,0.018659227094041997,0.06614507443616982,0.75,0.008188949923885469,0.03382017225277556,16,0.033789692750114786,0.050021991650383235,0.11352244817872027,0.625,-0.03956593921327148,0.06665704434789399,16,0.015309675002294618,0.0026732092189974965,0.13345044739346168,0.5,-0.07809830607385326,0.09088459465701743,15,0.030144603092920337,0.018981018981018893,0.2069776630448629,0.5333333333333333,-0.12165762989936174,0.19597854989725028,16
负正负,无正无,19,0.017927226825405936,0.019255455712451797,0.052150202718289795,0.6842105263157895,-0.0012897678417885805,0.03224423291312928,19,0.010053094946099253,-0.009861932938856177,0.0789385106870432,0.42105263157894735,-0.04697786543054705,0.05037005559101426,19,-0.031551998663564326,-0.037889908256880545,0.09750678807356523,0.42105263157894735,-0.1097645209198504,0.033124185136896966,17,-0.015760200331892103,-0.09598853868194857,0.24242947407943327,0.29411764705882354,-0.14223871366728513,0.08187134502923987,19
负正负,无正负,25,0.0027914953247889594,0.004801920768307433,0.05067818350541085,0.6,-0.004672897196261738,0.01675257731958757,25,0.011846988160912564,0.02280912364945986,0.08415199615199316,0.56,-0.035050546988516396,0.04768583450210384,25,0.015672095244388954,-0.0024009603841536054,0.12684714361151195,0.4,-0.024793388429751984,0.03682393555811281,24,0.09778461154528297,0.0494989185900373,0.2182186131474177,0.7916666666666666,0.03431036118506986,0.17448240406598764,25
负正负,正正无,12,0.007438010177063183,0.01210628452007756,0.040537760100739555,0.5833333333333334,-0.011182412325363156,0.025352289686591867,12,0.016121961708713595,0.03741966570722899,0.058632313488453824,0.6666666666666666,-0.02036382784678198,0.046908924408924246,12,0.0003845872721111217,0.0009031479412296983,0.12594827004255826,0.5,-0.06276779090660373,0.04606394281850684,12,0.013479248810852116,-0.016642552849449377,0.16176885640101282,0.5,-0.07945132819152978,0.06342041392447906,12
负正负,正正负,1,-0.07457627118644072,-0.07457627118644072,,0.0,-0.07457627118644072,-0.07457627118644072,1,-0.0016949152542373724,-0.0016949152542373724,,0.0,-0.0016949152542373724,-0.0016949152542373724,1,0.2779661016949153,0.2779661016949153,,1.0,0.2779661016949153,0.2779661016949153,1,0.3305084745762712,0.3305084745762712,,1.0,0.3305084745762712,0.3305084745762712,1
负正负,负无负,12,0.023545284203827965,0.008439338205506242,0.05967012332384149,0.6666666666666666,-0.0175694279207316,0.03494102901600027,12,0.03811176353133212,0.02813010048571385,0.09053015192034006,0.5833333333333334,-0.02724614893251112,0.042861634988819675,12,0.02600428465528477,-0.00959551502700201,0.127379433327965,0.4166666666666667,-0.018381761363154947,0.048682883008853706,12,0.0217519037288527,0.003588086081335373,0.1516484096194129,0.5,-0.05374180809854859,0.15862166919728454,12
负正负,负正无,1,-0.00554528650646946,-0.00554528650646946,,0.0,-0.00554528650646946,-0.00554528650646946,1,0.0,0.0,,0.0,0.0,0.0,1,0.020332717190387983,0.020332717190387983,,1.0,0.020332717190387983,0.020332717190387983,1,0.06561922365988893,0.06561922365988893,,1.0,0.06561922365988893,0.06561922365988893,1
负负无,无无无,6109,0.0035452813994099855,-0.000645161290322549,0.061008723596977496,0.4891144213455557,-0.028903654485049834,0.030758714969241208,6093,0.0058086996210398095,-0.0016233766233765268,0.0882817751987398,0.48629574922041685,-0.04451682953311631,0.04370860927152331,6067,0.01690062511580581,0.0,0.13650053657158684,0.4971155431020274,-0.06231952888289877,0.07131710278335068,6015,0.04027805219773037,0.004807692307692291,0.21265036955094957,0.513715710723192,-0.0851259395617987,0.11760573081691683,6164
负负无,无无正,429,0.00033965456143480414,-0.002835538752362976,0.07851801215943426,0.46853146853146854,-0.042659974905897124,0.0345188284518827,429,0.004602453313600908,-0.00648298217179899,0.10628064388843818,0.47785547785547783,-0.056654195617317105,0.050837666088966005,428,0.03589513926358923,0.0041310502949706285,0.3134555020077611,0.514018691588785,-0.06334996498599443,0.08861801516597789,410,0.061310503045378204,0.020708500457846002,0.28944866938284974,0.5609756097560976,-0.08642050654989133,0.1477941727540905,429
负负无,无无负,84,0.0016937029629234268,-0.003766545593056725,0.045769656941166095,0.4523809523809524,-0.023523364485981357,0.028102130665110414,83,-0.003740141259944132,-0.013925152306353383,0.06517331258595517,0.40963855421686746,-0.040231213872832405,0.028131868131868076,82,-0.0027327372192718163,-0.00957338438818539,0.10601200847354417,0.43902439024390244,-0.06615713405841941,0.04123999492041225,82,0.020240892797956975,-0.002823155219005724,0.16578444377338172,0.47560975609756095,-0.08122758070944594,0.0940906549433202,86
负负无,无正无,1,-0.040983606557376984,-0.040983606557376984,,0.0,-0.040983606557376984,-0.040983606557376984,1,-0.02732240437158462,-0.02732240437158462,,0.0,-0.02732240437158462,-0.02732240437158462,1,-0.07526080476900154,-0.07526080476900154,,0.0,-0.07526080476900154,-0.07526080476900154,1,-0.07687521808246378,-0.07687521808246378,,0.0,-0.07687521808246378,-0.07687521808246378,1
负负无,无正正,1,0.08877721943048567,0.08877721943048567,,1.0,0.08877721943048567,0.08877721943048567,1,0.21831379117811278,0.21831379117811278,,1.0,0.21831379117811278,0.21831379117811278,1,0.7688442211055277,0.7688442211055277,,1.0,0.7688442211055277,0.7688442211055277,1,0.36850921273031845,0.36850921273031845,,1.0,0.36850921273031845,0.36850921273031845,1
负负无,无负无,20120,0.004201381527806443,0.0011929616331014525,0.06275698709909473,0.5076540755467197,-0.027494622137011898,0.030631224258726053,20094,0.005761701027388341,0.0,0.08787974571074456,0.494824325669354,-0.04205402356423038,0.04364092846227635,20060,0.018448585347470136,0.003684231309167507,0.13474127038125713,0.5136590229312064,-0.059387419568508765,0.07202726808721249,19643,0.037880038797397535,0.0065359477124184995,0.20793509215387337,0.5186580461233009,-0.07983929247627164,0.11090712500351074,20142
负负无,无负正,224,-0.0006251776689778782,0.00771246204409104,0.08430044123936152,0.5401785714285714,-0.02939924385153178,0.039116747200579616,224,0.00034752783637291513,0.00247341143880897,0.09570630061353522,0.5223214285714286,-0.049613014062555416,0.05260008445706027,224,0.02275866791321095,0.00422384107842344,0.15059873699275347,0.5133928571428571,-0.06032126596642731,0.09060057589469361,222,0.04856054948568676,0.014093644622049428,0.24324216782456776,0.5405405405405406,-0.09613407218360973,0.13444410851898875,224
负负无,无负负,597,0.0048158273050461714,0.004990019960080083,0.05434233601756624,0.5376884422110553,-0.02367780482407622,0.03044096728307255,593,0.0008379490531284129,-0.002928257686676483,0.07520617823901808,0.4856661045531197,-0.0423692174664938,0.03571428571428559,593,0.01550200294673552,0.007692307692307665,0.10699236492038171,0.5463743676222597,-0.05439814814814825,0.0734032411820782,591,0.04790295511135118,0.02493074792243788,0.1755871821812851,0.5769881556683587,-0.05759421158584799,0.13034790899916593,598
负负无,正无无,518,0.007082111823149351,0.001898688571840279,0.06878904549843397,0.5193050193050193,-0.02848984531598653,0.03383236030025011,517,0.005692199955735409,-0.0008591065292096189,0.09726238865993596,0.4912959381044487,-0.049663928304704896,0.05034965034965033,516,0.030125489103826952,0.005178110991350571,0.24101444680768966,0.5174418604651163,-0.06432624741091655,0.08824380822629718,514,0.06154676123301543,0.016126959094047932,0.30066472041154807,0.5428015564202334,-0.07050224093774629,0.12554618556316338,520
负负无,正无正,61,0.013343094058628022,0.010244735344336897,0.07040331165203229,0.5409836065573771,-0.027272727272727337,0.038181818181818095,61,0.02650354030862864,0.006219765031098667,0.14157358993352825,0.5245901639344263,-0.06390823433019244,0.042739443872296556,61,0.02650183817879378,0.015748031496063186,0.1584576529149454,0.6065573770491803,-0.04052684903748749,0.0620155038759691,61,0.0880072096338823,-0.03288062902072919,0.39580402936218767,0.45901639344262296,-0.10278514588859422,0.1115819209039548,61
负负无,正无负,2,0.014537257162067996,0.014537257162067996,0.06923255105522787,0.5,-0.00994014600292975,0.03901466032706574,2,-0.008912919681236031,-0.008912919681236031,0.10560294266184506,0.5,-0.04624919811595843,0.028423358753486366,2,-0.03990680992518053,-0.03990680992518053,0.0756777526758488,0.5,-0.06666293597620607,-0.013150683874154995,2,-0.15198918700107372,-0.15198918700107372,0.01612149415530574,0.0,-0.1576889959211117,-0.14628937808103573,2
负负无,正正无,11,0.024094163044809592,0.010372465818010213,0.04855867086062507,0.5454545454545454,-0.014893399399945384,0.0540410694217317,11,0.01969821724375731,0.047889853337324206,0.06464416617818912,0.5454545454545454,-0.028063673768620123,0.07260780328391514,11,0.051620707666425875,0.07726864330637917,0.11799885576000975,0.8181818181818182,0.022565082050193253,0.1372430001009075,11,-0.029304329949653606,-0.04471544715447151,0.0986977379515397,0.36363636363636365,-0.05799365308296106,0.04784546851483329,11
负负无,正正正,8,-0.022144076248023878,-0.01641360581340079,0.10989824311339084,0.25,-0.05246584100422699,0.000589247080440447,8,-0.02486263442808223,-0.003306027004227996,0.12546732493101398,0.5,-0.07387917532647578,0.06355247608344644,8,-0.034319386673430236,-0.03756860792355082,0.11941433616621182,0.375,-0.079502761370071,0.057632063835667546,8,0.005336077421635485,-0.05388242310030472,0.2389939219741063,0.375,-0.14347092656038452,0.21533428960282824,8
负负无,正负无,596,-0.0018656627378955785,-0.0010494334931159255,0.05014132177020428,0.4848993288590604,-0.027215097967542845,0.022047754731047642,596,-0.002413534866084782,-0.0037860405366828,0.07569174320202117,0.47315436241610737,-0.042905047127654194,0.035999283332813936,596,0.015168552019253705,0.005577904716947524,0.12277356762929187,0.5251677852348994,-0.055438662685577705,0.06340442044837324,594,0.014618634750969733,0.005200292580547883,0.1877165024714296,0.5151515151515151,-0.09072334440468888,0.08552308388190227,596
负负无,正负正,11,-0.0043525589732731455,-0.0061823802163832875,0.1733536294492809,0.45454545454545453,-0.06532147547164907,0.021497584541062764,11,0.06161739670899857,-0.00695517774343124,0.26578583283891377,0.45454545454545453,-0.08548483813437946,0.04362417531131335,11,0.10905852904562353,0.007143993978494523,0.34039265679113995,0.5454545454545454,-0.019390064993534295,0.11298181972464405,11,0.13303563454587045,0.0009661835748793202,0.4534444111776343,0.5454545454545454,-0.11027014438751748,0.2953547314725625,11
负负无,正负负,4,0.001996191946215642,0.005675983311879906,0.0215186162997339,0.5,-0.012093578952590445,0.019765754210685993,4,-0.0033743484984074534,0.0032658167912839042,0.06157477271991036,0.5,-0.030614489110842913,0.030505957403719364,4,-0.0036065453874609132,0.04059850835425083,0.12013591922401876,0.75,-0.037109123079721584,0.0741010860465115,4,0.06044410677511952,0.05484283076923069,0.04550722919161333,1.0,0.03086428253371809,0.08442265501063212,4
负负无,负无无,1024,7.652364816823902e-05,-0.0025053187104551178,0.06273103199822867,0.4736328125,-0.0334023374330647,0.0334608866742927,1022,0.0010158704912816732,-0.005177678221913007,0.08350728942003048,0.4657534246575342,-0.045054125908998016,0.04064705111942046,1017,0.012527784259620926,-0.005486968449931462,0.13194278856275732,0.4768928220255654,-0.06409984705882343,0.0673234811165846,1012,0.029489036714399737,-0.007082161486502814,0.1975048963511788,0.47134387351778656,-0.08454284545697377,0.10658601182776434,1026
负负无,负无正,19,-0.012357648149427828,0.009149623250807482,0.10497604778549997,0.5789473684210527,-0.03900966363406244,0.05193729411173309,19,0.007606720461192344,-0.0029548332629802943,0.09244549445123783,0.47368421052631576,-0.039832512392668995,0.062228770533463984,19,0.0499115486161029,0.023170731707317094,0.15370636162425286,0.5789473684210527,-0.02712895081764294,0.12131431854309227,19,0.0020337455838055235,-0.032871465333333294,0.20968128746204373,0.3684210526315789,-0.1078186435867714,0.12154543876399615,19
负负无,负无负,56,0.005689339693712938,0.004067012035409712,0.052461711524833546,0.5357142857142857,-0.02082397172303241,0.027271044839255687,56,-0.005609262555484722,-0.011720715324719855,0.07404512492854684,0.42857142857142855,-0.044559934048036126,0.035956019962570085,54,-0.016686863398252753,-0.02631539384271603,0.09641066592054139,0.3333333333333333,-0.08133773062297531,0.040822047694092756,54,0.01634962134094652,-0.03117263348232774,0.20035043944709255,0.42592592592592593,-0.0654161722563325,0.06024287856854743,56
负负无,负负正,54,0.004525242826961299,0.01956181402264978,0.13609298925362995,0.6296296296296297,-0.030552448058417142,0.054548095044604394,54,0.021392599682150043,0.020568725015944533,0.12163939711430641,0.6666666666666666,-0.04007717887631526,0.08055772860443011,54,0.024694244931452107,0.0048241566238071965,0.14485810268177063,0.5370370370370371,-0.07017576342534393,0.1212862570572536,54,0.057386961513471384,0.020598465593141713,0.21428006535420427,0.5185185185185185,-0.06814843448009275,0.17676854115729412,54
负负无,负负负,4066,0.007073028139159748,0.00448430493273555,0.06667567342489121,0.5388588293162814,-0.025055309734513365,0.03529284412352518,4060,0.010239296558185864,0.0029998585881959583,0.09217015042768638,0.5201970443349754,-0.03765434530642919,0.04715225431902231,4053,0.026259582873948067,0.011867088607594889,0.1318549013267486,0.5516901060942512,-0.04893617021276586,0.08327299058653148,3978,0.03657159443087578,0.016325068507753726,0.18215021231026343,0.5467571644042232,-0.06722074419488538,0.10874491002233022,4080
负负正,无无无,57,0.007586341939070752,-0.003694581280787923,0.06628199435875706,0.45614035087719296,-0.024445312127236885,0.03298969072164959,57,0.008827311841597523,-0.004102096627164875,0.07969873400805354,0.45614035087719296,-0.036834427425237126,0.04981253347616499,57,-0.007186699723295516,-0.029174147217235213,0.11180371311014942,0.3684210526315789,-0.06487809854126281,0.012315270935960632,57,0.030628382544243687,-0.01856148491879328,0.25528818620578914,0.38596491228070173,-0.07855670103092793,0.044700590385155836,57
负负正,无无正,546,0.00706221962306516,0.00463281625107359,0.0763696633512956,0.5201465201465202,-0.031691172476314144,0.03845388650183745,546,0.009332043686565221,0.00957421940223746,0.11075689971414196,0.5402930402930403,-0.04284158151846845,0.057010851945728414,546,0.01781931606520936,0.008292806112889739,0.14588782974341258,0.5274725274725275,-0.060351286373701324,0.0782004187245533,537,0.05256305168336088,0.013478486262312073,0.23604319766334866,0.527001862197393,-0.08574610244988856,0.13512035010940915,546
负负正,无负无,89,0.010205828735950346,-0.00042680324370458766,0.10240353446265489,0.48314606741573035,-0.03389830508474578,0.03186859469324732,89,0.025937721710253648,-0.0007320644216690653,0.1912128710805411,0.48314606741573035,-0.05363528009535157,0.0776271186440678,89,0.03410182617815729,-0.009852216748768572,0.3013969399872498,0.4606741573033708,-0.07430617726051936,0.09214092140921415,88,0.06881068544877138,0.012473087588448784,0.38669278930050566,0.5454545454545454,-0.09421832612188971,0.13444802660446648,89
负负正,无负正,433,0.0031585483126962293,0.002866593164277731,0.0925879126102527,0.5173210161662818,-0.03776824034334758,0.042063492063492136,433,4.45612163927502e-05,0.0,0.12363600362680259,0.49884526558891457,-0.05915100904662485,0.06371681415929209,433,0.016187661410524298,0.005364238410595856,0.16438150328711276,0.5150115473441108,-0.07945542064777322,0.085558370687975,426,0.0627739583822792,0.03119081853195005,0.2704692465031245,0.5516431924882629,-0.09098120955699357,0.15218497717757257,433
负负正,正无无,1,0.01690249408137423,0.01690249408137423,,1.0,0.01690249408137423,0.01690249408137423,1,0.011947365523316655,0.011947365523316655,,1.0,0.011947365523316655,0.011947365523316655,1,0.018003633760942606,0.018003633760942606,,1.0,0.018003633760942606,0.018003633760942606,1,-0.07252105929637176,-0.07252105929637176,,0.0,-0.07252105929637176,-0.07252105929637176,1
负负正,正无正,18,-0.02185669785957352,-0.025810019129603012,0.07666407694201734,0.3888888888888889,-0.07754559184869594,0.0161463329104653,18,-0.047216238734455816,-0.04612171093652584,0.07813479421727339,0.2777777777777778,-0.09959884843825328,0.008817513987236597,18,-0.025188517129666674,-0.054685824947262984,0.12653644059324293,0.2777777777777778,-0.10898752638422898,0.01550489652623796,18,0.012809087286149427,-0.03470925057452834,0.19682028303517338,0.4444444444444444,-0.12433354779826189,0.051513449496739694,18
负负正,正负正,5,-0.02664771785625004,-0.016377937076861637,0.02499183116283472,0.0,-0.04421768707482987,-0.010129431626336616,5,-0.0007999982469056865,0.0007587253414262918,0.03356326564478929,0.6,-0.02916924345495786,0.02294902429311052,5,-0.05512946681339055,0.01294316263365225,0.23009039971643366,0.6,-0.015174506828528056,0.03805260212646888,5,-0.03120165497268146,0.04727068092290376,0.260310100676398,0.6,-0.0796661608497724,0.13150531617235584,5
负负正,负无无,30,0.008006903511892819,0.015526117071637535,0.04844554700091617,0.6666666666666666,-0.021758128569701246,0.036863810165160715,30,0.019629561196920126,0.010039864891402517,0.08866613156673255,0.6,-0.018815867742331793,0.038521991891541374,30,0.05888597758439881,0.045725876567870305,0.1378799091691779,0.7,-0.010874340949033418,0.10925346236084987,30,0.06019430721985801,0.012943727239579261,0.2516651326429724,0.5666666666666667,-0.06383405033601905,0.1084427659583691,30
负负正,负无正,91,-0.002467347773628893,-0.006146281499692652,0.07344538211237915,0.4725274725274725,-0.02834422125524677,0.03996449270597513,91,-0.011745605595968746,-0.01364877161055511,0.1077098408281099,0.43956043956043955,-0.0691524787269468,0.039480832978740166,91,-0.002071875791292768,-0.02789171452009842,0.15007872244745796,0.38461538461538464,-0.0685144881150514,0.04933421320291942,90,0.03265543635682813,0.015228681675851341,0.2322387356188142,0.5111111111111111,-0.1188418145563152,0.11148591459887991,91
负负正,负负无,582,-0.004007873342209586,0.0031046030546622028,0.09959070811114906,0.5154639175257731,-0.0377381811348064,0.04335737867321038,582,-0.007376278266210669,-0.0020875064229529117,0.12636317375896003,0.49140893470790376,-0.060229238949829234,0.05550749304716357,582,0.04615800727069236,0.01603944757695641,0.3145553893598021,0.5412371134020618,-0.05856704821482825,0.10152585287846488,533,0.07422061609339026,0.03848127244740884,0.345569235070189,0.6041275797373359,-0.07605985037406482,0.1528205128205129,582
负负负,无无无,823,0.008258522124991015,0.004545454545454408,0.07147704204974198,0.534629404617254,-0.026089320336725286,0.03117571315372425,823,0.009525637346620602,0.0026478375992939895,0.08494720849944092,0.5164034021871203,-0.03637434026668601,0.044734794096705666,816,0.018185133610331628,0.007921203476350058,0.12575607493037166,0.5318627450980392,-0.052643426983456615,0.07011502367029765,809,0.030753812820475335,0.006134969325153339,0.18282449029408102,0.5265760197775031,-0.07964601769911517,0.10909090909090913,825
负负负,无无负,3040,0.010261645802550274,0.0023682660758856944,0.08113507723269293,0.5157894736842106,-0.027096231281139443,0.03560841332580483,3029,0.012719554878556052,0.0025090604962365592,0.10553850232628163,0.5130406074612083,-0.044298605414273884,0.052579365079365115,2998,0.02640477127840165,0.008290495723511926,0.14992619451805253,0.5276851234156104,-0.06110551615366075,0.0871922222092274,2975,0.0443071065596967,0.008742957062366497,0.21481252700045333,0.5267226890756302,-0.07765454473756056,0.12017026181218671,3069
负负负,无正无,1,-0.016572176188399457,-0.016572176188399457,,0.0,-0.016572176188399457,-0.016572176188399457,1,-0.003706934147405083,-0.003706934147405083,,0.0,-0.003706934147405083,-0.003706934147405083,1,-0.046227649367640455,-0.046227649367640455,,0.0,-0.046227649367640455,-0.046227649367640455,1,-0.15394679459223737,-0.15394679459223737,,0.0,-0.15394679459223737,-0.15394679459223737,1
负负负,无正正,1,0.03993344425956735,0.03993344425956735,,1.0,0.03993344425956735,0.03993344425956735,1,0.05823627287853572,0.05823627287853572,,1.0,0.05823627287853572,0.05823627287853572,1,0.06489184692179695,0.06489184692179695,,1.0,0.06489184692179695,0.06489184692179695,1,-0.002218524681087075,-0.002218524681087075,,0.0,-0.002218524681087075,-0.002218524681087075,1
负负负,无负无,2299,0.004889523707495436,0.0,0.06346409425871508,0.49760765550239233,-0.02853263099164738,0.02999867422492375,2294,0.010008207983221482,0.0017395256059229425,0.09146230566133602,0.50871839581517,-0.03803634984779425,0.04819331983805658,2290,0.02211243568324635,0.008321919389341126,0.13295657764365507,0.5327510917030568,-0.05580917948577316,0.07785928394031738,2236,0.03649906459400594,0.011031580370648997,0.2090992697955028,0.5290697674418605,-0.07974060939734731,0.10574372450434061,2303
负负负,无负负,22613,0.0065652964313035935,0.0032102728731941976,0.0652509448840557,0.52332728961217,-0.027654867256637128,0.03539823008849541,22570,0.012621214086209597,0.003862069259420231,0.09475471940459837,0.5209127159946833,-0.03953450692549995,0.05305319767249128,22530,0.03293120026956842,0.015250544662309351,0.14542615133200018,0.5597869507323568,-0.0516372400263613,0.09262584798137896,22233,0.05382840351408205,0.024431339511373107,0.21612830473409178,0.5730670624746997,-0.06235100916459191,0.1279999999999999,22649
负负负,正无无,236,0.009261870129157199,0.0046840681376020266,0.05813348852440289,0.5550847457627118,-0.03220172594514456,0.040660839614502176,236,0.012472643710788274,0.003011702938208405,0.0870595595807661,0.5084745762711864,-0.03873352060348509,0.04975243204245022,236,0.026871355501507294,0.006114053491544813,0.14352399127407664,0.5169491525423728,-0.06040906928809267,0.08874336842455388,236,0.055046336867669785,-0.0019140720483119544,0.27747566739420804,0.4872881355932203,-0.07893164602940786,0.11525574641245945,236
负负负,正无负,448,0.027130179828182024,0.007260322108345596,0.11861213399377799,0.546875,-0.02323957601081658,0.042647743136342564,447,0.023068702130915473,0.008960573476702205,0.10386091210436676,0.5369127516778524,-0.03438609715638613,0.06704738044001146,447,0.029434481911790083,0.009124087591240837,0.14314905172503864,0.5324384787472036,-0.05967140755272199,0.08740671641791031,445,0.04766518000309722,0.013461538461538414,0.1841232868748174,0.5415730337078651,-0.06847133757961787,0.12850082372322902,448
负负负,正正无,22,0.018343678750723638,0.0008802816901408717,0.05319182688387785,0.5,-0.01868476842791922,0.04952898144739176,22,0.017536776624606898,-0.00926847027073402,0.09278668225061654,0.4090909090909091,-0.04118656902422335,0.045242155783567106,21,0.004952788547825231,-0.007163323782235054,0.11016258170870946,0.42857142857142855,-0.04792332268370603,0.054589082183563065,21,0.055667165401019,-0.022900763358778664,0.2036621714043789,0.42857142857142855,-0.06670822942643384,0.11086535803151776,22
负负负,正正负,4,0.030545515924877198,0.03242588351080411,0.041789536237180056,0.75,0.0028146903465408046,0.0601567090891405,4,0.002154501285928173,0.003321793194303424,0.05222719116065313,0.5,-0.033834686894997384,0.03931098137522898,4,-0.031823184926063536,-0.043007887413858636,0.09888908728288301,0.25,-0.0960496306399127,0.02121855829999053,4,-0.02601653869392717,-0.02123192290671122,0.0974934562767134,0.5,-0.08048623209007655,0.033237770489438156,4
负负负,正负无,239,0.0002945645550860024,-0.0028975009054690304,0.06233518873603368,0.4309623430962343,-0.02597857248642721,0.02209309969251627,239,0.002831678134193562,-0.006101281269066616,0.07964088462199817,0.4476987447698745,-0.03956071913161463,0.03382843365320998,239,0.01332267750538305,0.004045307443365731,0.12593807182610722,0.5313807531380753,-0.05990884183033318,0.061793137877825144,239,0.02852905493934495,0.0,0.18508545615001873,0.497907949790795,-0.07590054997396756,0.0889409315638825,239
负负负,正负负,1737,0.013098058201179121,0.0045045045045044585,0.07708975220759794,0.5365572826712723,-0.025670945157526215,0.041728763040238315,1737,0.022176073251217527,0.014475271411338975,0.09947316161807672,0.565342544617156,-0.033726812816188834,0.06483516483516483,1736,0.0476769358543703,0.027215191242410564,0.15519152297401445,0.5961981566820277,-0.04827082211712927,0.11691967990882857,1730,0.05296576035017996,0.0340386616255981,0.1962616087222753,0.5861271676300578,-0.06072118334209134,0.1377887066066536,1737
负负负,负无无,44,-0.008567277178470929,0.004254723397914328,0.05058273042530623,0.5909090909090909,-0.027606563108030335,0.01859375140024422,44,-0.01842534341387972,-0.005062172128577458,0.08056419860106433,0.4318181818181818,-0.05749123196972353,0.02487060395765267,44,-0.0328125653269026,-0.025689854996224837,0.08602639432324828,0.3409090909090909,-0.08884307389221197,0.031091131091131097,44,-0.030861933744658822,-0.011745454545454614,0.13713637514153945,0.45454545454545453,-0.1361702234236352,0.06095912186597818,44
负负负,负无负,625,0.006469681421096405,0.0030991735537189147,0.06856977095504796,0.5248,-0.02746636771300437,0.031590413943355156,625,0.011045549829153452,0.0047433508385565926,0.09536132695225116,0.5344,-0.04146039603960394,0.047222222222222276,615,0.019554235350387382,-0.0012345679012346622,0.13107566290404246,0.4991869918699187,-0.05892807499229269,0.0809396838214741,614,0.05051779588726178,0.022557695955435997,0.19587570837502283,0.5814332247557004,-0.07285582698813528,0.1283674048790745,625
负负负,负负无,1340,0.006497423407255835,0.006108608537486515,0.0584385018756507,0.558955223880597,-0.02229811320754721,0.03364854070660511,1338,0.0066726076223008295,0.0044947451883499134,0.08312439027032555,0.5298953662182362,-0.038050421819871755,0.045531247237589834,1331,0.02219791002961825,0.015130674002751032,0.11727616051663813,0.5627347858752817,-0.04898812319259682,0.07992723996880546,1323,0.040235720678124434,0.02230483271375472,0.17578766088896605,0.5774754346182918,-0.06253745341666461,0.11348774545983287,1349
