,random,rank:trend_score,rank:trend_score:asc,random_sub:0.2|random,pct:trend_score:0.2|rank:trend_score,pct:trend_score:0.5|rank:trend_score,young_golden:20|pct:trend_score:0.2|rank:trend_score,rank:er,rank:atr_pct
2019-01-02,100000.0,100000.0,100000.0,100000.0,100000.0,100000.0,100000.0,100000.0,100000.0
2019-01-03,100000.0,100000.0,100000.0,100000.0,100000.0,100000.0,100000.0,100000.0,100000.0
2019-01-04,99955.20640000001,99955.20640000001,99955.20640000001,99955.20640000001,99955.20640000001,99955.20640000001,99955.20640000001,99955.20640000001,99955.20640000001
2019-01-07,100545.48622161837,100545.48743813674,100545.48622161837,100680.0796503,100680.09390894369,100635.63665669376,100680.09390894369,100545.48743813674,100545.5458762183
2019-01-08,99662.6478629073,99662.19425891573,99662.6478629073,100190.2901660673,99931.84355868264,99889.27266212252,99931.84355868264,99662.19425891573,99662.2704504433
2019-01-09,99853.92797881312,99852.53660159025,99853.92797881312,100490.14967132706,100481.68289464223,100037.73430478906,100481.68289464223,99852.53660159025,99852.51084962908
2019-01-10,99472.40768140722,99470.64489918077,99472.40768140722,100161.96990622306,100449.62627393998,99780.75539953496,100449.62627393998,99470.59689918076,99470.88947930053
2019-01-11,100245.72472148223,100310.2304464819,100245.72472148223,101456.27525872015,101315.65704335767,100601.80771529711,101315.65704335767,100242.98244648191,100243.09245829144
2019-01-14,99275.76611853222,99704.40333630578,99275.76611853222,100275.76635667527,100391.37598541948,100037.20511101445,100391.37598541948,99271.55533630577,99271.6389229375
2019-01-15,100948.24229755317,100974.75078339205,100948.24229755317,102434.72267396939,101490.69736727327,101170.7506164535,101490.69736727327,100945.10278339205,100945.17406041033
2019-01-16,100948.85144347706,100889.69280250944,100948.85144347706,102170.30022541287,101506.03426424891,101245.24699798098,101506.03426424891,100947.24480250943,100947.16579021022
2019-01-17,100352.5392164118,100521.21344863763,100352.5392164118,101359.41224104608,101086.82415036303,100538.91200014738,101086.82415036303,100350.76544863763,100350.936717873
2019-01-18,101887.68028793111,101702.49084439944,101887.68028793111,102954.1512365461,102291.54381874684,101584.96732565115,102291.54381874684,101888.04284439943,101887.61483497618
2019-01-21,102308.30226829267,102272.47995156751,102308.30226829267,103626.6276231669,103142.76283544913,102251.95993768077,103142.76283544913,102309.2319515675,102308.69298960167
2019-01-22,100841.4683830661,100953.676868905,100841.4683830661,102134.4316373484,101818.13312781994,100874.33584874224,101818.13312781994,100840.828868905,100840.44732669921
2019-01-23,100749.50755910408,100915.84857303154,100749.50755910408,102120.11325288667,101583.96276080866,100957.42830388606,101583.96276080866,100748.60057303154,100747.88200599319
2019-01-24,101823.51701553895,101749.86113541055,101823.51701553895,102988.00712795818,102093.1862662394,101547.91387110943,102093.1862662394,101822.61313541053,101821.92065622797
2019-01-25,101927.94633932854,101937.32540302299,101927.94633932854,103309.15128738225,102599.25059798629,101400.24922094287,102599.25059798629,101926.077403023,101924.85726094944
2019-01-28,101504.10775633513,101941.62003832796,101504.10775633513,103314.5110723986,102679.46799351217,101375.98558557243,102679.46799351217,101500.77203832795,101499.51867795605
2019-01-29,100925.92984131671,101295.00925011607,100925.92984131671,102748.74210610993,102009.88617300506,100462.25733477314,102009.88617300506,100922.16125011607,100920.81435332561
2019-01-30,100374.21181404291,100791.59978880959,100374.21181404291,101902.84997775237,101742.03245754458,100106.61718727229,101742.03245754458,100370.67498880958,100369.15137752384
2019-01-31,101014.48973862271,101401.3808193335,101014.48973862271,102574.36506524848,102538.98625547683,100366.87098520454,102538.98625547683,101010.05601933348,101007.82701869548
2019-02-01,101458.70363895578,102051.62040731232,101458.70363895578,103603.84552001483,103437.59425340909,100898.09998313681,103437.59425340909,101453.33980731231,101451.43135468848
2019-02-11,102542.55840131149,103319.72689018799,102542.55840131149,105949.79886475403,105099.6482138059,102332.45926680563,105099.6482138059,102536.4305488056,102534.71138495213
2019-02-12,102975.9754138916,103934.91484308142,102975.89989718646,106605.75686766021,105778.60292606117,102900.60664355854,105778.60292606117,102969.48123329715,102967.68480404421
2019-02-13,105085.68083471394,105819.03184191912,105201.80930713881,108496.99750248666,107329.4869182762,104651.59958822538,107329.4869182762,105079.02539409629,105098.0008608384
2019-02-14,105053.91675925217,105665.66278586417,105081.81973303581,109093.61241495304,107247.28050004001,104769.04810158731,107247.28050004001,105047.66028331983,105145.78510785667
2019-02-15,103743.18246226598,104468.88392778605,103901.172686729,107740.73215535362,106161.06203743964,103895.89625527014,106161.06203743964,103737.65471826827,103759.35366513066
2019-02-18,107767.14644526434,108126.7190582613,107758.27890681927,111755.53071985702,109416.54506625171,107628.30113426427,109416.54506625171,107761.92732888919,107719.2878134048
2019-02-19,108189.63463710083,108227.17504095312,107974.19259729699,111217.22957920947,108828.65111476308,107639.42675801774,108828.65111476308,108184.41897177466,107926.51476338122
2019-02-20,108174.72084099523,108379.29678089006,108431.1190437183,111639.43945872734,109108.17979398218,107631.02797143777,109108.17979398218,108168.93873907236,108018.6655641756
2019-02-21,108039.04754368865,108486.70571556222,108479.13299709107,111553.42177555981,109261.6520255075,107474.76393586263,109261.6520255075,108032.49866006414,108283.08384423303
2019-02-22,112645.06525954002,112671.36649792413,112809.91445954557,114544.23122176444,111321.29363431182,109858.10675771214,111321.29363431182,112635.10041286223,113278.42283202805
2019-02-25,121543.60463685283,121261.67168084414,122410.55704405784,122248.52693603907,117196.47957371446,116544.36477402246,117196.47957371446,121531.46325730837,122339.18783788393
2019-02-26,118278.43189663906,119135.25463443401,119301.68230927906,120075.91232149198,116530.8917242017,115695.44642417657,116530.8917242017,118268.34181063173,119745.26463192659
2019-02-27,118219.42693748025,119092.34815762396,118521.81160895212,119373.46962815468,116270.59474010943,115791.10133714837,116270.59474010943,118210.53685147292,119231.53269230372
2019-02-28,118028.28004856236,118655.55028238645,118318.92647207234,119395.56772806078,116107.33733864606,115429.70766858451,116107.33733864606,118019.08996255502,118989.66167718197
2019-03-01,119724.45864518947,119723.19625412236,120030.75606598196,121419.59703680067,117086.60682749879,116432.49293855122,117086.60682749879,119715.66855918213,120840.22671350473
2019-03-04,121423.92333374122,121168.22634514369,121803.97374638122,123431.17789022333,119342.87171960421,118711.20107756965,119342.87171960421,121416.23324773388,122906.7121732204
2019-03-05,123406.07781037099,122677.44925954554,123514.80471893474,125388.4155385174,121669.61482319774,121311.68363394812,121669.61482319774,123400.08772436366,125043.32396581823
2019-03-06,124808.0589172976,124061.57847017652,125462.37906023576,126739.63259521485,123205.30146240164,122565.38514352153,123205.30146240164,124802.66883129027,126892.19379584867
2019-03-07,124384.67504585756,123894.87532733203,125775.51192724638,126127.15153495988,122405.6482457415,121909.53101611696,122405.6482457415,124378.48495985023,127081.4588177407
2019-03-08,121357.45563489977,120909.37919104776,121919.92944923117,122908.27277614104,118941.11598973288,118429.02296676644,118941.11598973288,121349.06554889244,123640.99751945041
2019-03-11,124213.12390768982,122954.02682746934,124025.19772202123,125703.283386978,121630.7196134438,121922.65238593792,121630.7196134438,124207.53382168249,126461.76579224048
2019-03-12,126051.91752863668,123961.25170834336,125059.99134296809,126932.88529664157,122900.45324950162,124022.5969470868,122900.45324950162,126049.32744262935,128689.05941318732
2019-03-13,123627.95850829393,122111.72030495007,123172.03232262534,124497.84961534098,120582.10650293037,121145.46567932874,120582.10650293037,123623.3684222866,125847.10039284459
2019-03-14,121881.36231010628,120995.80073739223,122015.0361244377,123092.78659796546,119192.64774458078,119123.7861326919,119192.64774458078,121874.57222409896,123921.60419465692
2019-03-15,122219.70130482949,121341.06750175211,122380.17511916091,123955.17019162864,120098.1955564954,120024.92423256068,120098.1955564954,122212.81121882217,124074.74318938015
2019-03-18,124040.84713560114,122653.97415789512,123750.42159151251,126298.79048921337,122505.01459685566,122894.20023819938,122505.01459685566,124035.45704959381,126154.83340956258
2019-03-19,123722.29988899994,121813.73328970397,122902.07665909026,125620.68620429278,122038.2067331514,122783.81496961924,122038.2067331514,123718.00980299262,125798.18097522382
2019-03-20,123084.80385320936,121480.45859473641,122555.7534628635,125141.50408094114,121725.79830850125,122102.35355263285,121725.79830850125,123079.31376720204,125615.34427066945
2019-03-21,123527.62223651042,121731.33174180794,122848.72593806099,125779.54525333442,121737.23283232894,122536.90620636998,121737.23283232894,123522.63215050308,126715.49669168876
2019-03-22,124051.01356562412,121981.35378599087,123140.1687597362,126454.22062717602,121706.6547376253,122725.05858314253,121706.6547376253,124046.42347961679,126790.27807495801
2019-03-25,123087.07784363008,119737.97390671552,120893.36121266057,124306.0355901056,119515.39162978591,121783.31787640498,119515.39162978591,123086.08775762274,124154.01202102611
2019-03-26,120562.33642115002,118383.28769791583,119467.82473141566,121829.82777131359,118183.56981182715,119283.54079222301,118183.56981182715,120557.24633514267,121876.83106866459
2019-03-27,120605.2572957524,118664.61576677958,119772.59680601806,123038.73503671888,118916.00912667158,119781.51711424072,118916.00912667158,120599.20880974506,122140.67576826697
2019-03-28,120253.26701240879,118339.7016590778,119420.60652267445,122697.02157926015,118582.63165463306,119414.29442264994,118582.63165463306,120247.21852640146,121788.68548492336
2019-03-29,120988.09281539165,119011.35737345903,120156.0761872785,125176.00881109625,120523.89713456677,121436.07522250921,120523.89713456677,120982.04432938431,122522.22080863324
2019-04-01,123416.02889233048,121335.51797773557,122575.0610629578,128734.9066022826,122991.14468569763,124005.31274155193,122991.14468569763,123409.83424207862,124968.52763113656
2019-04-02,122493.23378901006,120419.27606798519,121659.53837622658,127698.74272531789,122249.66967175968,123262.87000327895,122249.66967175968,122489.5033092917,124038.12709671608
2019-04-03,123423.39452419055,121499.3410285205,122583.87135918427,129023.74751557191,123307.95638202988,124337.578631527,123307.95638202988,123588.55035267034,125155.50409474873
2019-04-04,124857.03750309424,123259.25836302106,124010.1542749553,130783.79253265157,124311.31661829952,125365.15447724026,124311.31661829952,125390.21457692893,126953.35958459444
2019-04-08,124589.41651785388,123191.1836782235,123745.09464091444,130484.32947299941,123504.46138970113,124545.39532138492,123504.46138970113,125321.3584293765,126865.29319036295
2019-04-09,125151.72141081412,123808.82107210225,124301.29594797263,131271.56888142452,124683.55281824475,125739.20061961857,124683.55281824475,125935.56299668048,127477.84284769717
2019-04-10,126457.80720167063,124923.04791320577,125593.92862706174,131948.17216883015,125924.2120464167,126981.27879242161,125924.2120464167,127032.8811398421,128617.58067170158
2019-04-11,122845.1950393043,121358.80333189249,122007.85595616224,128295.07115109227,123141.44062414495,124143.07839178137,123141.44062414495,123432.76656104915,124954.23620521161
2019-04-12,122341.56307371329,120854.33840144819,121508.61824508014,127813.12047778713,122568.79301414425,123561.8793545819,122568.79301414425,122927.86449598934,124441.76361962059
2019-04-15,121004.02191762079,119776.69063317067,120180.21803391361,126783.8812153041,121582.84493318963,122538.15635489408,121582.84493318963,121831.2090135174,123311.37765813599
2019-04-16,123352.18978146154,122258.62665490927,122513.8962280482,129475.50992542325,123696.36150660043,124721.26517101948,123696.36150660043,124365.97769897323,125863.6277468923
2019-04-17,123861.67113765264,122826.5799003344,123020.29942052183,130016.47445335292,123839.16057104082,124880.73383499237,123839.16057104082,124944.15998005087,126449.6885990105
2019-04-18,123553.8256518043,122575.28553558898,122715.18408470618,129445.91006944436,123506.66311849377,124550.74265468106,123506.66311849377,124697.64391461677,126187.9320949149
2019-04-19,124134.92531167672,123585.7219340998,123293.0377292666,130854.41426158874,124900.4929983789,125941.54498960685,124900.4929983789,125730.009456177,127198.3981588048
2019-04-22,122795.88719394992,121940.2644952908,121962.64105510688,128775.78758520837,122625.20776771847,123671.09039776845,122625.20776771847,124053.59505508449,125521.27133325697
2019-04-23,122377.18824788278,121506.80722566988,121544.86784539277,128140.35589933148,122089.20509703814,123080.33339602657,122089.20509703814,123595.10854308703,125050.03782457301
2019-04-24,122822.47022446207,121964.07062816007,121988.82630572529,128767.40228773224,122522.35925636561,123536.88247037253,122522.35925636561,124075.14281559431,125525.67118828256
2019-04-25,121489.8190821019,120209.27739179046,120662.7258609034,126615.92608948602,120791.64081605004,121787.14078448829,120791.64081605004,122271.73624458475,123750.42872430105
2019-04-26,121283.4020170806,119612.9427144234,120457.80598160262,125817.93889685468,120180.90834196878,121175.21233933457,120180.90834196878,121667.09677856817,123165.58434806557
2019-04-29,121986.10945643671,120304.40681865592,121155.59458757576,126087.12438734509,120621.22502514234,121619.04218753346,120621.22502514234,122369.80421792428,123877.66123335803
2019-04-30,122397.3737399181,120709.06659867936,121564.15904862431,126317.85480776543,120808.59382649278,121807.90595272448,120808.59382649278,122781.06850140567,124294.42926972103
2019-05-06,119985.4363293045,118335.64620393234,119168.4008223215,125133.47386034497,119547.6865142509,120536.97810341683,119547.6865142509,120369.13109079207,121850.3943458853
2019-05-07,119985.4363293045,118335.64620393234,119168.4008223215,125133.47386034497,119547.6865142509,120536.97810341683,119547.6865142509,120369.13109079207,121850.3943458853
2019-05-08,119985.4363293045,118335.64620393234,119168.4008223215,125133.47386034497,119547.6865142509,120536.97810341683,119547.6865142509,120369.13109079207,121850.3943458853
2019-05-09,119985.4363293045,118335.64620393234,119168.4008223215,125133.47386034497,119547.6865142509,120536.97810341683,119547.6865142509,120369.13109079207,121850.3943458853
2019-05-10,119985.4363293045,118335.64620393234,119168.4008223215,125133.47386034497,119547.6865142509,120536.97810341683,119547.6865142509,120369.13109079207,121850.3943458853
2019-05-13,119985.4363293045,118335.64620393234,119168.4008223215,125133.47386034497,119547.6865142509,120536.97810341683,119547.6865142509,120369.13109079207,121850.3943458853
2019-05-14,119985.4363293045,118335.64620393234,119168.4008223215,125133.47386034497,119547.6865142509,120536.97810341683,119547.6865142509,120369.13109079207,121850.3943458853
2019-05-15,119985.4363293045,118335.64620393234,119168.4008223215,125133.47386034497,119547.6865142509,120536.97810341683,119547.6865142509,120369.13109079207,121850.3943458853
2019-05-16,119879.77192513556,118231.4064160861,119063.30626468164,125078.58392705773,119494.97963626542,120483.97854519832,119494.97963626542,120263.1817633586,121743.30532539365
2019-05-17,119000.07613887501,117364.84618464606,118188.8647003493,124665.97390706258,119012.18275785321,119998.21972274678,119012.18275785321,119380.85886613396,120850.47398431262
2019-05-20,117917.79085265115,116298.66969599345,117113.02293315393,124190.57540576384,118387.38891016241,119369.62345881246,118387.38891016241,118295.35182039585,119752.07990051752
2019-05-21,117968.46564993766,116348.28793906406,117163.45220706306,124297.41573753524,118335.23053164178,119316.99700705588,118335.23053164178,118346.09087021656,119803.54403371096
2019-05-22,117317.66634862256,115705.80258622904,116517.23211419591,123744.01918738832,117894.49802210304,118871.88998129345,117894.49802210304,117692.4551501495,119142.93715485983
2019-05-23,116396.12618919818,114796.15957612694,115601.90444355638,123071.63217660565,117453.76551256432,118426.78295553103,117453.76551256432,116767.26193180475,118207.50621705728
2019-05-24,115554.03063298568,113964.67889001657,114765.41780940516,122810.97119194371,117205.76698233139,118176.37252921637,117205.76698233139,115922.06042755139,117352.29281672218
2019-05-27,116316.48063298568,114717.34689001658,115522.97680940517,122757.04619194371,117154.00498233139,118124.30152921638,117154.00498233139,116686.90442755139,118127.02181672219
2019-05-28,116024.12769881013,114428.63427482659,115232.66373569594,122655.82185316131,117005.50895359466,117870.44963396026,117005.50895359466,116393.50870236804,117829.97932367156
2019-05-29,116064.51876535916,114582.50808277124,115361.13460969218,122629.95800726677,116965.70752938639,117960.23005258953,116965.70752938639,116656.34758410524,117952.5610183237
2019-05-30,115179.33884938326,113681.9651181103,114570.72496109456,122080.19253085421,116221.78910242047,117222.66881483226,116221.78910242047,115902.18554247177,117052.7384763455
2019-05-31,115151.98109306837,113610.09590902082,114426.77541332095,121859.2631894766,116038.46979723926,117105.04035596931,116038.46979723926,115732.51212419957,117019.79762901943
2019-06-03,114025.43462592171,112825.75363820995,113345.13729111233,121351.00874649764,115817.1401201151,116415.46322708303,115817.1401201151,114859.95047963041,115673.3708504109
2019-06-04,112300.30212293814,111502.14073823272,111680.50806816862,119724.06488589985,114589.85451742818,115477.42120085956,114589.85451742818,113833.17967029416,114149.07689797203
2019-06-05,112812.45094435697,112042.20503987925,111517.82765354446,119358.49264313967,114919.04760815029,116130.37366547514,114919.04760815029,114179.55098596564,114255.25859262416
2019-06-06,111472.44320421762,110990.13893813093,110225.5900489276,118217.7117398074,113735.36373457374,114811.1304104395,113735.36373457374,113095.3614025456,112693.60064158292
2019-06-10,111697.15027691028,111482.08902009159,110030.35230307147,118824.13757484933,114787.88547636336,115578.49182041637,114787.88547636336,113584.71880994021,112655.4572243314
2019-06-11,115277.74168430359,114711.06543217995,112297.42140375586,120586.4020951583,117921.40119572172,118511.5103389373,117921.40119572172,116073.14088117292,115872.44924005566
2019-06-12,113657.38397207425,113214.65403048668,111235.07593693894,119442.65099096447,116490.88989636063,117039.03615005332,116490.88989636063,115144.55505904144,114766.42481661278
2019-06-13,113542.77977272103,113157.17206258238,111012.5668515447,119285.83152450642,116282.67646434423,117072.76584848703,116282.67646434423,115216.26494778496,114643.04466003904
2019-06-14,112218.80709627664,111987.3169048463,109997.94611190876,118441.59823055036,115333.37532325397,115895.93105301663,115333.37532325397,114211.13825592415,113319.68053392749
2019-06-17,111812.68630150714,111716.0242463046,109645.56037084514,118257.0531128823,115235.13896809102,115819.30782015648,115235.13896809102,114094.01109891312,112807.86282183876
2019-06-18,111803.81280083537,111751.19589837677,109649.95991050113,118328.18193465938,115249.76290890756,115775.79691365761,115249.76290890756,114178.0725652634,113265.89822538623
2019-06-19,112870.69544051461,112896.96573757673,110943.14007870691,120121.76231699623,116458.52020661696,116833.74362238764,116458.52020661696,115539.891283208,114427.8790772387
2019-06-20,115635.19857595605,116043.01405339912,113308.91624170808,123165.69643755908,119830.48471517417,119758.03819496708,119830.48471517417,117972.87415955157,116967.69010849632
2019-06-21,116690.73502961345,117063.65395320201,114403.46195769665,124144.2339887965,120458.54874865117,120784.53149704223,120458.54874865117,119254.70952264676,117905.86636880453
2019-06-24,116430.3091065636,116800.39955344172,114271.52727328261,124025.17667139551,120351.36268147656,120621.4884934483,120351.36268147656,119096.3094765632,117801.96168988293
2019-06-25,115313.14649704377,115570.24074536226,113375.12669493673,123002.89216692877,119287.21478699971,119385.17959703741,119287.21478699971,117930.60574372474,116704.04514728962
2019-06-26,115578.25847094649,115568.47340507935,113606.14408983995,123582.89551390187,119376.4024652599,119435.8170019482,119376.4024652599,117925.39492798402,116461.48625800182
2019-06-27,116718.04084346163,116612.98061255612,114470.06466585552,124747.23397383021,120722.29293774815,120426.0246529655,120722.29293774815,118504.49257819813,117487.77998906531
2019-06-28,116139.86017024067,116010.03829869593,113798.06978881454,124046.61852645766,120334.87266994684,119734.45212992106,120334.87266994684,117674.30135410055,117063.65234690963
2019-07-01,119744.65746497575,118989.99456713784,117167.18981047826,127680.62071317744,124048.71498040331,122124.32738192327,124048.71498040331,119217.2405949462,120324.28124033943
2019-07-02,120176.64464457044,119261.56856465622,118386.40829876554,128350.38874748322,124281.0308225773,122398.36720256739,124281.0308225773,120373.29029540293,121485.1652015732
2019-07-03,119380.648846278,118629.65535556554,117341.20233461307,127441.08447700868,123356.21390416476,122120.66334136424,123356.21390416476,119969.25149595452,119918.31495794638
2019-07-04,118924.17702232409,118306.45376582223,116999.7918912077,126954.81961451734,122918.15131111447,121909.94347027277,122918.15131111447,119974.09886433961,118872.73393434631
2019-07-05,120055.14285970105,119178.47928070973,117713.03858972594,127891.733509172,123788.62592243352,122415.17285883972,123788.62592243352,119948.0445756785,120145.78720825262
2019-07-08,117901.54549120387,117073.34869841766,115049.45445240143,124550.61020616346,121013.30935733239,120240.84424597597,121013.30935733239,118072.15607736725,118774.01977134764
2019-07-09,117750.23391523834,116976.58185041332,114825.17432472124,124208.07165791525,120888.00322421553,120129.64036117839,120888.00322421553,117939.19807257461,118621.73647610919
2019-07-10,117741.29820918398,116925.69556352164,114816.46093240971,124282.75424660876,120908.10538232616,120129.64036117839,120908.10538232616,117939.19807257461,118612.85700228502
2019-07-11,117679.97663940096,116911.78686993464,114817.3688058299,124306.1951107149,120842.62044906121,120089.4828557879,120842.62044906121,117962.49807257461,118550.25807627373
2019-07-12,118825.14428978815,117825.81407225161,115716.1658461114,125162.91040362016,121870.76523618253,120700.16631282841,121870.76523618253,118335.2980725746,119707.13850760364
2019-07-15,119022.14199229247,117789.19974168052,115777.04234940172,125176.64276564408,122157.58707806462,120611.00947995968,122157.58707806462,118109.20217919172,119907.49546321764
2019-07-16,118529.1342407153,117243.16348834576,115553.85149085955,124904.62324679425,121673.20931747637,120248.59238108958,121673.20931747637,118081.60980909025,119406.79647893162
2019-07-17,118527.3616964866,117285.62460755257,115596.33055655184,124694.97952916345,121745.8652522806,120264.13940112609,121745.8652522806,118096.5654717429,119405.13182429323
2019-07-18,116761.06740553782,115588.17911546087,113903.16515693671,122912.90316649037,120084.89243393496,118426.58233230033,120084.89243393496,116260.12067184619,117626.15930206628
2019-07-19,117613.56130210761,116559.37024312651,114811.28903660766,123693.7881068585,120748.87222676625,119444.99886583492,120748.87222676625,117218.60114939646,118485.41228472572
2019-07-22,116654.41213208249,115770.98829467749,113595.15591142792,122389.49172404943,119916.91501747553,118258.47920043,119916.91501747553,115583.60288711128,117525.49934954118
2019-07-23,116704.36319461513,116133.56951310416,114091.67771033564,122493.89043769975,120008.06141527514,119032.74655356201,120008.06141527514,116506.61904231511,117574.46938394642
2019-07-24,117208.64188009214,116944.87984486944,114879.2914843471,123218.95007006376,120826.13247723447,120094.90066454081,120826.13247723447,117550.5063437429,118083.35504150378
2019-07-25,118027.87503757187,117759.08313721936,115685.56409453442,123817.53609244584,121452.74542589825,120890.92936280229,121452.74542589825,118328.44291680322,118908.55706894782
2019-07-26,118153.9823560994,117875.38816091613,115799.40504384981,124154.16723145664,121625.55366853111,121119.54606646189,121625.55366853111,118556.39108394583,119036.28126663224
2019-07-29,117882.68413564016,117602.16080445233,115524.64008808343,123777.95846836292,121165.02972025181,120660.7674791792,121165.02972025181,118108.49901231327,118762.84087200036
2019-07-30,118701.14616534587,118421.97361701081,116324.83839640259,124922.94667087111,122128.8708430425,121759.26277012148,122128.8708430425,119183.73925108842,119587.24998419611
2019-07-31,117479.75252697256,117194.30259240083,115108.35067921816,123850.54538187178,120744.50332476132,120554.01681816365,120744.50332476132,118010.15473545868,118357.48994144831
2019-08-01,116742.15339618863,116359.55724777684,114379.95680329914,123078.20758038931,120168.3473438017,119948.11235929502,120168.3473438017,117417.60443150206,117509.66199095047
2019-08-02,114244.34620436355,114388.04499174701,111920.18454001247,121630.06861120285,118773.8326809977,118276.6795130159,118773.8326809977,115774.99545716544,115475.416669653
2019-08-05,113505.74977936356,114088.03386653788,111213.79446501247,120953.0502491928,118488.06594255962,117623.80402883209,118488.06594255962,115128.26322487577,115164.40815388461
2019-08-06,113505.74977936356,113479.42929691431,111213.79446501247,120319.83902581087,117817.1245167482,116979.10970036293,117817.1245167482,114504.89466299719,114575.48890726773
2019-08-07,113505.74977936356,114358.52478637059,111213.79446501247,121234.47745958477,118786.26213180914,117910.33484148506,118786.26213180914,115405.31591904403,115426.15004126988
2019-08-08,113505.74977936356,114324.7134213915,111213.79446501247,121199.29905828577,118748.98760815297,117874.51848990345,118748.98760815297,115370.684332273,115393.43230534672
2019-08-09,113505.74977936356,114155.65659649606,111213.79446501247,121023.4070517908,118562.614989872,117695.43673199535,118562.614989872,115197.52639841785,115229.84362573092
2019-08-12,113505.74977936356,113986.59977160062,111213.79446501247,120847.51504529582,118376.24237159106,117516.35497408724,118376.24237159106,115024.36846456268,115066.25494611512
2019-08-13,113455.64897936356,114308.00638637059,111164.52886501247,121181.24465958477,118733.86453180914,117858.35484148505,118733.86453180914,115354.37991904403,115375.21404126988
2019-08-14,113643.05778423614,114413.1532202315,111348.52223583791,121402.89329346581,118940.88510967242,117964.1478537601,118940.88510967242,115458.60635652549,115487.09231919835
2019-08-15,114558.66063898943,114764.27641729586,111855.79145617368,121378.93968609304,119323.71297154648,118322.14164623016,119323.71297154648,115811.0547019904,115926.65271184765
2019-08-16,115592.00211922986,115816.71011290501,113123.04060972543,122188.51589782648,119803.81442782366,119409.68105044702,119803.81442782366,116874.47882133689,117150.04413704103
2019-08-19,117920.55936666884,117777.1461534049,115187.61566246602,124280.5815946039,122380.80200050173,121434.79762145624,122380.80200050173,118856.40792762687,119055.04004285442
2019-08-20,117635.07715342524,118065.2963801384,115015.69977840454,124291.00565163238,122380.73643587882,121739.81848452552,122380.73643587882,119150.69555863038,119435.44132303823
2019-08-21,116932.20498592839,117142.89732922096,114279.93458926844,123505.80729127061,121434.38453272782,120781.6668954099,121434.38453272782,118215.84683639304,118482.97065649218
2019-08-22,117713.0691815787,118010.0733319039,115465.48450451193,124205.41747058989,122016.16824073489,121673.12795113679,122016.16824073489,119090.1701815219,119285.50167654875
2019-08-23,120629.51622338865,119764.32296254754,117875.37209210177,124803.75055177772,123147.63146101942,123473.61271420706,123147.63146101942,120859.02108649991,120811.46057199925
2019-08-26,121188.63994608121,119609.17402784174,117881.07628885195,124027.41796424755,122815.16791351786,123317.21473626798,122815.16791351786,120704.78337257501,120805.77188387813
2019-08-27,122539.15625350481,121123.68256011148,119524.61426816118,125951.18139470284,124632.52765465394,124882.39657999793,124632.52765465394,122235.45867352288,122346.21954006885
2019-08-28,121309.58614107601,120224.4824997831,118501.96938100483,125276.42626524623,124081.3473815106,123952.58213087119,124081.3473815106,121325.94733802813,121392.42199848336
2019-08-29,121012.47834040596,120393.50115245781,118544.2210974474,125463.29649936341,123901.63599482586,124128.78282918839,123901.63599482586,121497.3554498551,121506.35019401697
2019-08-30,120843.33857728791,120989.93467617579,118901.09559237135,125694.24699523448,124051.99126530555,124742.36930047386,124051.99126530555,122098.93816751723,121875.64619926487
2019-09-02,123115.64512290066,122739.85608028577,120599.31849530489,128039.61789541066,126518.15465509826,126553.22472293687,126518.15465509826,123869.11659667683,123724.55986031897
2019-09-03,122165.27358923061,121974.66863518584,119621.32454436016,127934.55114276902,126266.72152982348,125766.64075619928,126266.72152982348,123097.52294435591,122961.93464036915
2019-09-04,121967.55018722043,121800.3574819915,119257.30039863856,128429.25004435648,126361.48329009705,125595.19807606144,126361.48329009705,122925.83515745889,122858.47940289625
2019-09-05,122422.12028770398,122311.38745823764,119725.72526223118,129353.83551494929,127231.22790834101,126128.19959760117,127231.22790834101,123445.07818735582,123443.78212065095
2019-09-06,123551.06205188032,122742.49103360361,120668.34968185726,129672.17649080572,127507.53003519228,126563.64521907421,127507.53003519228,123876.08831640422,123867.672987861
2019-09-09,124439.73247745354,123735.0335123353,121254.23410426709,131695.49964519413,129228.98895479836,127597.05072068897,129228.98895479836,124883.42043783194,124872.96160835265
2019-09-10,125876.3140691411,124522.3279520545,122374.56658292437,131680.89383497796,129541.02640379661,128406.53906730775,129541.02640379661,125678.00605696066,125566.32601725055
2019-09-11,123439.63741175059,122187.66529739018,119765.99008061472,129833.30257068234,127531.29140267309,125999.46859540258,127531.29140267309,123320.23131068218,123372.45795321571
2019-09-12,123881.32957465957,122629.09200137212,119954.07607691363,130119.6223974055,128003.53103189969,126455.27856461854,128003.53103189969,123766.2889627155,123746.98229089523
2019-09-16,124197.59843669807,123008.44120065888,120141.49872453327,130292.68152599139,128306.01167930965,126849.59661257565,128306.01167930965,124151.1858595861,124026.75653546605
2019-09-17,122202.55358628054,121166.74027685198,118675.89014634278,128096.40023517389,126142.14488002646,124934.32178198018,126142.14488002646,122282.77323765248,122156.55278148118
2019-09-18,123125.10162874595,121767.84709137763,119376.20464060488,128279.59128195366,126526.84913466848,125553.32717242923,126526.84913466848,122889.44155882914,122773.05828294481
2019-09-19,124293.07641950819,122576.26770732852,120112.82411184811,129120.92936670088,127539.3576439525,126385.8498061034,127539.3576439525,123705.38705957301,123540.76928587207
2019-09-20,125080.73603042682,122984.70163708273,120792.99157024057,129155.22714866535,127580.44297971023,126805.07820749634,127580.44297971023,124117.54768078306,123807.36850660596
2019-09-23,123406.04622378507,122637.99164085515,120148.65441438739,129141.03032181368,127343.96795947067,126450.37774686275,127343.96795947067,123768.20408907857,123566.37004658155
2019-09-24,125173.84345042858,123920.58586919098,121261.35593579449,129863.38928294391,128722.01696630083,127771.77013588122,128722.01696630083,125062.89040314092,124868.57848906107
2019-09-25,123817.37553503578,121713.4592341039,118982.7406466645,127258.10213952021,126307.11113586875,125495.99479309646,126307.11113586875,122834.68642644904,122616.80876854493
2019-09-26,121841.28064439085,119222.3612655803,117088.14670704375,125455.79275480511,124008.08458756609,122928.05715880307,124008.08458756609,120320.6918409455,120393.72568407979
2019-09-27,122244.65197578151,119706.22350095992,117300.14670704375,125768.39275635997,124514.93387288661,123427.70554318052,124514.93387288661,120808.93770283785,120882.26827325052
2019-09-30,122052.59486531795,119182.43939662224,117172.94670704374,125281.56617701995,123955.80529226288,122885.87544069639,123955.80529226288,120280.86068121056,120352.94315497109
2019-10-08,122175.94715988744,119306.45253383229,117130.54670704374,125235.36617701995,124084.6486959765,123013.79279110928,124084.6486959765,120406.06508238146,120478.14755614198
2019-10-09,122071.0710126027,119200.84596522727,117109.34670704375,125212.26617701995,123974.82699411969,122904.83411590285,123974.82699411969,120299.46288179602,120371.54535555653
2019-10-10,123907.2916052755,121053.0672963741,118075.1965899007,126265.94234008309,125902.30060121507,124816.39365980262,125902.30060121507,122168.95748077167,122241.03995453219
2019-10-11,124353.59097796267,121500.55403958187,118347.1599877185,126560.86289032071,126367.86455516634,125277.99482439319,126367.86455516634,122620.67222400029,122692.7546977608
2019-10-14,124671.61255814382,121820.12432887212,118458.30322056347,126789.56507589083,126748.62971898585,125607.83145842465,126748.62971898585,122943.3671906028,123015.44966436332
2019-10-15,124262.85666850992,121413.36620383435,118054.86572266708,126455.46430710313,126270.34863968844,125188.35396425988,126270.34863968844,122532.78741502104,122604.86988878156
2019-10-16,124841.51047933455,122003.65227295573,118573.6290152376,126638.45920844056,127008.59602301463,125797.71483207127,127008.59602301463,123128.38448639265,123200.46696015316
2019-10-17,124840.96811735487,121998.981795421,118345.65144508854,126617.47943615011,126900.61958155384,125792.76873260854,126900.61958155384,123123.7999121214,123195.88238588191
2019-10-18,123745.26032589351,120955.71554672383,117198.36872410643,125407.59335124466,126130.2280761129,124719.73871333904,126130.2280761129,122069.55575303134,122141.63822679187
2019-10-21,122448.32729490033,119655.46956648865,115927.10593524306,124647.96649610125,124519.90891420696,123378.3279868939,124519.90891420696,120756.94034893316,120829.02282269369
2019-10-22,123296.01766311217,120507.48598800122,116800.89429974435,125317.43964095783,125675.88347452582,124257.47467491002,125675.88347452582,121616.94585039679,121689.02832415732
2019-10-23,121704.71492216695,118914.15642688818,115107.98597756533,124103.70721420665,123737.37987151858,122614.05769815797,123737.37987151858,120008.51350063206,120080.59597439259
2019-10-24,121575.11492216695,118783.35642688817,114980.78597756533,124064.40262078418,123449.04013352732,122479.05769815797,123449.04013352732,119876.51350063206,119948.59597439259
2019-10-25,121619.74239001301,118831.29644784307,115027.55610758287,124171.96903174036,124068.7410423001,122582.89654747031,124068.7410423001,119925.05852443195,119997.14099819248
2019-10-28,122218.30624924472,119432.74244283361,115611.98057301814,124883.88352237371,124977.57452976209,123086.14877113276,124977.57452976209,120532.13540781154,120603.94193752017
2019-10-29,121782.60997030497,118730.35086578509,115117.42634392683,124365.74638084508,124060.0647421761,122185.11129583094,124060.0647421761,120057.6181903558,119810.05700034693
2019-10-30,120930.25639496467,117839.42700228633,114283.2671887601,123623.59909517912,123118.30577580261,121250.47337350792,123118.30577580261,119362.73922103309,118998.40189685395
2019-10-31,120977.42063133739,117842.69774842757,114348.88063329487,123869.52707091456,123427.28672747214,121513.86053140325,123427.28672747214,119538.02038970924,118952.06293882374
2019-11-01,123281.43991113291,119835.91054466987,116412.96103473793,125271.18941758636,124918.50134212748,123178.73242269974,124918.50134212748,121392.21074725215,120849.7182709472
2019-11-04,124194.69476517894,120804.72059058698,117338.04770393852,126519.5667914347,125745.7217363359,124208.35331053597,125745.7217363359,122313.35022341521,121899.84227342799
2019-11-05,124863.05586963694,121625.6566058053,118060.05454606221,127328.39281848744,126337.54820625883,124977.59019228317,126337.54820625883,123297.5754874168,122827.65473440445
2019-11-06,123914.6708422678,120407.95079975852,116669.63612970406,126082.92033475648,125600.66867931202,123793.97811766509,125600.66867931202,122053.0472028192,121084.62180134282
2019-11-07,124559.28730480217,121016.78671320862,117312.41942049743,126606.76398342305,126209.7456990105,124476.38072970677,126209.7456990105,122564.45073116702,121723.72227153661
2019-11-08,124429.73450030258,120929.89678941807,117316.69347408877,126385.7105506752,126074.37653574115,124513.57342093771,126074.37653574115,122779.32423720647,121762.50111889027
2019-11-11,121773.21319598671,118517.47460452383,114591.74093469766,124027.40128758976,123674.1513350126,121953.18306275911,123674.1513350126,120506.74542648598,119070.87653812696
2019-11-12,121952.30095410156,118572.69214377302,114435.53482512882,124075.00581432217,124028.9567070901,122165.74406440744,124028.9567070901,120662.22945305158,118786.57946387705
2019-11-13,122214.61787963405,119744.04400434537,115474.96367655444,125359.6152203324,124716.7718749748,123805.3547918614,124716.7718749748,121673.0434385308,120794.55989634631
2019-11-14,124102.98350681222,121537.57054615188,117255.66949370384,127115.4906034664,125471.17399737617,125298.25043538937,125471.17399737617,123140.59525642057,122581.7554309213
2019-11-15,123408.64293704202,120865.72547316185,116425.96726098147,126049.45611074995,124663.74744208521,124592.73343341146,124663.74744208521,122564.0227007379,121710.38654104815
2019-11-18,123594.455778778,121056.73049390677,116588.99238812111,126259.78443731439,125043.79678015312,124878.10745238242,125043.79678015312,122980.3929510057,121876.8754498874
2019-11-19,125865.05474419877,123278.07485487242,119044.0927018172,128447.07241083877,127734.95383281639,127290.12668502342,127734.95383281639,125033.46454260118,124466.88689442056
2019-11-20,125185.83007196677,122638.2762245039,118336.84943135339,127542.66791500757,127483.21756524628,126836.29415242704,127483.21756524628,124245.71832713576,123745.91752886155
2019-11-21,124454.97328671918,121917.02030410907,117601.24790447918,127121.04476724629,126107.30960457915,125606.36162582395,126107.30960457915,123320.02942914912,122955.24251991218
2019-11-22,121542.72335428525,119081.64322468247,114600.8543004788,124070.35518664887,123329.92840159623,122839.6748813245,123329.92840159623,120735.59252175907,119820.94128661917
2019-11-25,120411.54453265417,118263.88696687364,113926.54119231632,123288.09502126799,124046.89482347333,123026.77363468395,124046.89482347333,120462.14123232162,119429.84417063327
2019-11-26,120036.70068885433,117903.05473581268,113471.40067761923,122995.71243874702,123722.32668612734,122703.89469719527,123722.32668612734,120157.0013573218,118952.07472392489
2019-11-27,119572.96610345272,117448.49468934986,113049.93628388454,122596.40940619961,123242.83902130125,122228.30617829945,123242.83902130125,120010.9092241697,118510.42141205791
2019-11-28,118918.57890982505,116805.30082859441,112464.04849346596,122079.78638641996,122998.53121860832,121989.2643836002,122998.53121860832,119788.84625141334,117895.83746123713
2019-11-29,118499.35815445617,116386.80558358837,112226.70337444682,121437.8719422305,122337.20049663892,121332.17417273024,122337.20049663892,119271.99417186296,117646.73998924618
2019-12-02,118536.03854945881,116419.26888547385,112380.90542169487,121705.2132848279,122411.45116100769,121406.09740705731,122411.45116100769,119412.56104518578,117808.26658826621
2019-12-03,119460.12336939202,117331.13249548746,112791.92718911829,121958.58487704155,122984.50716995323,121974.3776380693,122984.50716995323,119641.59830825063,118640.415245992
2019-12-04,119338.71770473981,117213.18016309547,112453.7646645438,121391.1798404108,123031.17782495319,122019.10329652272,123031.17782495319,119224.81297343748,118538.80926917898
2019-12-05,120384.7053198992,118251.82892795844,113257.49639464491,122020.01388930046,124051.6770974171,123027.3144722959,124051.6770974171,119930.45170085607,119361.73258149909
2019-12-06,121122.21954692744,118982.40983739859,113702.96511971865,122499.52326647232,125616.95370674251,124576.76451469923,125616.95370674251,120526.9126333713,120113.46640768019
2019-12-09,121865.68148130123,119710.09969236818,114051.50191631955,122853.91871705627,126491.48444464245,125440.60630000531,126491.48444464245,120807.92374176829,120878.33000941608
2019-12-10,122949.45554172237,120786.63101140338,114467.17795527902,123086.92661317493,127880.71946740273,126810.05905614144,127880.71946740273,121070.97462004007,121718.37338191464
2019-12-11,122903.62909689659,120734.67944962846,114614.33747039389,123272.46321289922,127694.56427045658,126628.06315304936,127694.56427045658,121408.02421437451,121673.14488027188
2019-12-12,123714.62198281974,121538.58205287096,114511.61339426444,122993.20804684017,129575.121698461,128487.47330581743,129575.121698461,121704.88110996995,122266.64035216815
2019-12-13,124729.36950490289,122527.74907070714,115713.19921237486,124568.04348381316,130695.34579725433,129600.03588722437,130695.34579725433,122986.13965785925,123482.48361184058
2019-12-16,126196.18275793814,123980.72108442156,116980.48171470685,125937.06316088502,132086.3901270694,130976.30028583342,132086.3901270694,123998.91528885116,124904.90469989595
2019-12-17,126935.85856882918,124712.4974017257,118232.33395188351,127218.60444030448,132527.6805526646,131417.0130529433,132527.6805526646,125184.90171002524,125682.98180253328
2019-12-18,126627.89827097478,124410.23976551366,117955.61214415336,126942.32279330512,132196.7810676654,131089.92379967586,132196.7810676654,124949.60980391174,125379.54495390743
2019-12-19,126120.06125907335,123907.09009410042,118148.38976358582,127437.27029461527,131209.71594085052,130117.40540975519,131209.71594085052,125178.96287366559,125008.3093786678
2019-12-20,125255.80875210036,123044.78909011968,117349.2733223341,126718.9896035764,130923.10016727856,129837.01652066642,130923.10016727856,124751.86242862995,124383.60197507132
2019-12-23,123497.69411951763,121317.58795843081,115981.41166251569,125070.6181213779,128950.94682674673,127891.85163323132,128950.94682674673,123997.52887170797,122439.03804090104
2019-12-24,123808.93623172645,121620.21198483114,116275.00453380053,125389.1848540487,129636.94471453302,128575.70278834435,129636.94471453302,124661.8865614745,122746.64899799434
2019-12-25,123642.49411951764,121459.58795843081,116117.81166251568,125218.6181213779,129226.94682674673,128167.0516332313,129226.94682674673,124265.42887170796,122581.83804090103
2019-12-26,123962.31768398827,121767.0418699049,116419.68913522207,125602.7966514244,129977.64461466944,128914.79920510568,129977.64461466944,124938.22172940175,122898.15014252198
2019-12-27,122663.11143228969,120491.11465033362,115198.92317222219,124723.47478107456,129966.5704799418,128907.43366256432,129966.5704799418,124164.91038545159,121610.37323056842
2019-12-30,123772.51852813734,121574.55957283896,116242.90002305503,125640.60136443432,130471.81257801421,129405.21570857264,130471.81257801421,124442.62262890096,122708.59740264167
2019-12-31,124117.180313146,121909.36150499024,116567.63344787745,125814.92199445066,130619.47998080506,129549.19560816453,130619.47998080506,124424.64686565594,123049.38856284178
2020-01-02,126068.45788539201,123818.23807599396,118402.46690514655,127071.94418444205,131635.17055897912,130556.9775060784,131635.17055897912,126131.58226531665,124983.48283013667
2020-01-03,126172.30115452522,123919.14198267294,118501.49241306738,126771.66951382498,131683.07817916837,130605.40466496357,131683.07817916837,126457.19152669121,125084.13265784131
2020-01-06,127066.09525661853,124797.86224340231,119342.50881072597,127622.69979623759,132168.88231985996,131089.2186683905,132168.88231985996,127366.61677524519,125966.36230458014
2020-01-07,127451.90536905092,125173.42133935582,119704.66751090574,127987.97144491933,133097.4828858011,132009.89107187034,133097.4828858011,127865.77061007389,126350.06176525977
2020-01-08,126120.99383229745,123874.84283299703,118451.8923167657,126467.07273316165,132110.95106328576,131030.98163171153,132110.95106328576,126371.71651791663,125031.42208093958
2020-01-09,127817.38795323994,125537.47367834995,120045.09205623463,128267.84063224803,134160.08783031895,133063.63487511798,134160.08783031895,128661.66195058032,126713.89685655152
2020-01-10,128560.23526144995,126266.90631571406,120742.39886024434,129005.64600235951,134191.71072754214,133094.45613739823,134191.71072754214,129212.85832209313,127451.97341393807
2020-01-13,130792.200507985,128458.25784035293,122838.86553605381,131068.37235272405,135546.9814541438,134439.5060866924,135546.9814541438,131444.09660245525,129664.1780757856
2020-01-14,130160.65334036872,127838.56599679127,122245.78689591782,130272.42664262257,134858.99576923155,133756.8135690886,134858.99576923155,130791.75870338363,129038.184442928
2020-01-15,131049.34227336737,128717.72405750157,123078.67061540249,130835.46719141427,134992.47134127095,133889.48802702563,134992.47134127095,131874.69658052965,129919.23319087067
2020-01-16,130948.91099682706,128621.17101461253,122983.44168748464,130653.27617693706,135405.80584131193,134299.67040646667,135405.80584131193,132217.27671213256,129819.3109866312
2020-01-17,130956.74955967054,128628.92985977925,122990.73913406041,130625.95659948916,135649.30006992578,134541.27119017427,135649.30006992578,132429.38263165503,129826.9219591826
2020-01-20,133292.724091547,130923.29407737142,125185.22630945996,132956.8724936858,136765.631767393,135649.24896206587,136765.631767393,135149.27842081,132142.13700939252
2020-01-21,132506.5227193938,130152.20066840255,124446.90577536731,132231.08759957523,136250.77735651215,135138.12184975378,136250.77735651215,135112.32511279732,131363.0016019161
2020-01-22,134984.29793183884,132585.6445805531,126774.63225679673,134369.44771525892,136820.86457437457,135704.19714606454,136820.86457437457,137342.69975842943,133818.9443801822
2020-01-23,133233.60270794883,130866.27793077186,125130.38605651194,132445.08796707986,135232.52442736638,134127.89890951378,135232.52442736638,134984.5197533139,132084.41738377244
2020-02-03,127360.88338460274,125098.46706007991,119613.81173589802,126845.00449789227,132155.97712157096,131073.92183787975,132155.97712157096,128957.39594391304,126265.27173048114
2020-02-04,127360.88338460274,125098.46706007991,119613.81173589802,126845.00449789227,132155.97712157096,131073.92183787975,132155.97712157096,128957.39594391304,126265.27173048114
2020-02-05,127249.39826932937,124988.90552896068,119508.55216516418,126789.52257733693,132098.37283798927,131016.62074901612,132098.37283798927,128844.62843920357,126154.57940728484
2020-02-06,128812.07062696147,126521.77355567054,120974.50913375115,127638.6449299226,132983.4483237167,131896.70987286614,132983.4483237167,130427.17035078385,127704.94983027304
2020-02-07,127452.32557286699,125186.79054317248,119697.7625296599,127046.12466228215,132366.30491523264,131283.283297211,132366.30491523264,129050.49332938629,126356.54434539663
2020-02-10,126969.88357240401,123820.75759701489,119244.50282053795,126316.78545955037,131606.59484621335,130528.08552812402,131606.59484621335,127641.4066453003,124978.4176937168
2020-02-11,126644.8372823408,123887.26714777667,118939.71834603025,126224.19800433083,131510.3231168359,130432.59684585301,131510.3231168359,127709.8915660491,125044.64581043046
2020-02-12,129102.07628100376,126471.5863564749,121245.73784894924,128108.26382920556,133472.16999701606,132379.4274814536,133472.16999701606,130372.9632333625,127650.46935488458
2020-02-13,127754.39355183548,126115.06496193973,119980.6333179579,128626.59106396453,134011.42891811876,132915.00671716788,134011.42891811876,130004.63018003028,127287.1815038335
2020-02-14,127915.84144368107,126495.72683961528,120132.2591966319,128726.72232841006,134115.6419153202,133018.61947065775,134115.6419153202,130397.17051935123,127671.02021120302
2020-02-17,131544.43759632288,129854.23922521903,123537.37519101377,132308.41423518624,137847.33456422927,136718.6678419053,137847.33456422927,133858.3650004486,131058.8783523785
2020-02-18,131661.57716548792,131136.93931805374,123646.9193684845,133878.9480158327,139482.70678739474,138340.64919449855,139482.70678739474,135179.76629512428,132348.91810966382
2020-02-19,129120.54612055483,129329.10243621987,121261.91732973493,132722.0246393112,138277.0664506568,137144.74084887843,138277.0664506568,133315.71170945128,130522.0784945685
2020-02-20,131437.00023608797,131863.37768443458,123435.93535362798,135519.53844976635,141191.67427557433,140034.0217765911,141191.67427557433,135927.2358135552,133077.43198007814
2020-02-21,132917.8813634739,133505.6004320499,124825.39848045302,137585.94922781189,143344.63931069904,142168.46459394728,143344.63931069904,137619.604833118,134733.16347752005
2020-02-24,134079.29530248092,135970.6844046899,125915.02722634492,140767.48586317082,146659.44968493833,145454.0487793987,146659.44968493833,140159.796578843,137216.07292791415
2020-02-25,135862.18057288427,137827.80758221884,127588.76207308818,142390.13533261916,148350.08116549492,147130.85654593876,148350.08116549492,142074.84360069668,139091.1622701767
2020-02-26,130577.30216996197,130810.18054417487,122628.32056884943,135192.48373750455,140851.5555777641,139695.69435037908,140851.5555777641,134841.8291638767,132015.3450901493
2020-02-27,131269.1849174531,130589.82398390747,123277.69423052424,134857.20678251336,140503.22334932588,139349.67859472605,140503.22334932588,134615.2701655596,131795.80112323808
2020-02-28,126583.95508104897,127248.44630364366,118880.01990630059,131151.03302137024,136641.68427512725,135521.06612095275,136641.68427512725,131171.1228917286,128421.47759921476
2020-03-02,127638.57720624277,128279.7027050827,119868.92289818215,131696.9685897607,137210.65633227886,136028.08441619604,137210.65633227886,132235.89035304627,129464.6670470714
2020-03-03,129011.26300488852,129628.61300643173,121157.64553930936,132195.11148972838,137729.80528860452,136559.68802700695,137729.80528860452,133628.35250672142,130828.79043823488
2020-03-04,129157.97002847993,129781.0398977328,121295.6832453529,132027.50883184216,137160.19129711186,136291.6815742968,137160.19129711186,133785.91629113312,130982.7973976678
2020-03-05,131495.46752147068,132097.26984051068,123491.02867922274,133217.860415016,138048.4180943625,138510.12208069724,138048.4180943625,136177.92741827053,133324.95064910926
2020-03-06,130698.5788714134,131295.06330951472,122742.0074603975,132341.68615598397,138286.8040954295,137920.7975299423,138286.8040954295,135348.7134694481,132513.82398545233
2020-03-09,127860.66078680227,128478.12382609064,120075.29129791285,129739.11384156682,135345.7486200814,135096.62587645045,135345.7486200814,132439.09199582887,129664.96026249582
2020-03-10,127995.66078680227,128610.42382609064,120202.19129791284,130036.91384156683,135769.28066956083,135213.50652170798,135769.28066956083,132575.8919958289,129799.06026249583
2020-03-11,127349.02501002686,127976.12182442166,119595.12373400992,128939.01934316024,134084.1756157725,134004.16069057805,134084.1756157725,131921.03370231585,129157.39137327363
2020-03-12,126520.83983133626,127163.26020117028,118817.36699935664,128057.8124162827,133214.32159136765,132746.52072443292,133214.32159136765,131082.6328199991,128335.79997230264
2020-03-13,126465.39643133625,127107.6250011703,118764.99239935665,128001.7936162827,133156.19299136766,132688.58392443293,133156.19299136766,131025.4632199991,128279.58937230265
2020-03-16,126465.39643133625,127107.6250011703,118764.99239935665,128001.7936162827,133156.19299136766,132688.58392443293,133156.19299136766,131025.4632199991,128279.58937230265
2020-03-17,126491.69643133626,127134.02500117029,118789.69239935665,128028.3936162827,133183.89299136767,132716.18392443293,133183.89299136767,131052.6632199991,128306.28937230265
2020-03-18,126439.09643133625,127081.22500117029,118740.29239935664,127975.1936162827,133128.49299136765,132660.98392443292,133128.49299136765,130998.26321999909,128252.88937230266
2020-03-19,126202.39643133625,126843.6250011703,118517.99239935665,127735.7936162827,132879.19299136766,132412.58392443293,132879.19299136766,130753.4632199991,128012.58937230265
2020-03-20,126938.79643133626,127582.82500117029,119209.59239935664,128480.5936162827,133654.79299136766,133185.38392443294,133654.79299136766,131515.0632199991,128760.18937230264
2020-03-23,128306.39643133625,128955.6250011703,120493.99239935665,129863.7936162827,135095.19299136766,134620.58392443293,135095.19299136766,132929.4632199991,130148.58937230265
2020-03-24,127938.19643133626,128586.02500117029,120148.19239935665,129491.3936162827,134707.39299136764,134234.18392443293,134707.39299136764,132548.66321999909,129774.78937230265
2020-03-25,128329.32683133625,128978.57380117028,120515.22039935665,129886.7792162827,135119.50739136763,134644.87992443293,135119.50739136763,132953.1224199991,130171.87497230264
2020-03-26,127561.89810404774,128208.17063281484,119793.52639617216,129222.48674298424,134427.63939136764,133897.02788475732,134427.63939136764,132160.04932409592,129393.5714472869
2020-03-27,128113.23069469896,128408.69442226386,120475.72024752184,129496.18217972969,134541.44519515074,134039.64944282605,134541.44519515074,132366.92122976048,129972.69059879528
2020-03-30,127641.68561566142,127902.69207538122,120446.18146970758,129279.47642259218,133870.86387594603,133021.42051924605,133870.86387594603,131860.13817244372,129513.14283038961
2020-03-31,129263.40546515107,128687.48444313744,121747.7874770626,129608.54312545946,135537.91040531994,134022.74000302615,135537.91040531994,132658.48111394074,131179.3850464995
2020-04-01,126464.38653962695,125908.71964429128,119111.65365266251,127259.8845018506,132882.67952786759,131174.10579731868,132882.67952786759,129795.10381978583,128338.32107562583
2020-04-02,127589.95639711786,127151.95414973162,120015.3285033822,128298.49074882484,133970.3686635762,132500.5796614084,133970.3686635762,131072.35403666334,129469.25611617783
2020-04-03,127920.95369132036,127461.09546919029,119971.36701737998,127874.50067987014,134686.27475505037,133309.77256344233,134686.27475505037,131344.53925267822,130100.48798834102
2020-04-07,131259.0359086915,131136.83813558068,123117.4302050359,131385.72619612585,138631.18762914056,136992.8631174064,138631.18762914056,135061.4388910528,133653.83730963536
2020-04-08,130352.54078434412,130349.37583383673,122204.22276040925,130648.34444605772,137791.38419738016,136361.62814737434,137791.38419738016,134259.3677218032,132625.87329699856
2020-04-09,131982.80497596232,132428.01554762817,123123.52765934578,131716.4188903299,139862.24828293576,139033.7968950999,139862.24828293576,136966.9323990207,135224.7482337007
2020-04-10,130924.92126379466,131035.36941458026,122406.84519891853,130977.08138505163,138387.0390365643,137230.74633984265,138387.0390365643,135651.13273049134,133859.7914852795
2020-04-13,130661.07857414591,130693.54276522163,121917.88344149444,130505.91379345857,137827.7459898414,137133.5188523777,137827.7459898414,135716.04937774478,133861.16171550183
2020-04-14,132875.42500974113,133049.19948212637,123722.6262501677,132776.96327564234,140521.63079120207,139687.01795066876,140521.63079120207,137865.54913415443,136019.16068568133
2020-04-15,132394.4358487413,132686.46046005902,123106.21290838855,132336.48278391152,140311.3855211658,139594.99156469433,140311.3855211658,137590.2500663618,135642.56535121708
2020-04-16,133316.31477610976,133701.61092904003,123398.91802572158,132997.12254242878,141683.91891058406,141073.46217067938,141683.91891058406,138774.50384491048,136943.1096476576
2020-04-17,133804.8222570696,134344.16199769115,124312.34386384713,134149.968903065,142134.34138185845,141106.11464273251,142134.34138185845,139060.6638189186,137103.18252204734
2020-04-20,134617.63098082537,135148.19227175403,124717.64821909137,134765.955624521,143361.36214090203,142328.507626918,143361.36214090203,140371.4380716996,138617.86137340282
2020-04-21,133457.1011526676,133722.37760643836,123531.68553617693,133299.54825433635,141982.38103777944,141115.08738991452,141982.38103777944,138939.1940005968,137446.95589096303
2020-04-22,135552.79919142326,135351.40254562392,124987.9545286849,134432.37107415224,144281.0203177228,143078.7318234174,144281.0203177228,140480.41697915865,139597.0266051099
2020-04-23,135427.5363069411,135083.3356360727,124889.99526831266,134323.18848884985,144096.1343735024,142789.78764908775,144096.1343735024,140438.5169619038,139581.18498433597
2020-04-24,134037.2695492211,133466.49204436064,124071.80511610703,132911.5128885173,142306.3088594303,140529.3992988668,142306.3088594303,138456.74926053907,137789.94352516066
2020-04-27,135450.27857244105,135373.68177609902,125522.15138222533,134257.25552477362,143758.7674024704,142425.48880316416,143758.7674024704,140324.65538471448,139492.82578417595
2020-04-28,136509.06049820172,136392.21163534743,126505.9538147291,135202.0348737046,144961.03107522475,143094.40890632896,144961.03107522475,141143.30108992994,140662.96028215036
2020-04-29,135133.70095278803,135560.56136938152,125397.6920324381,135005.59799829463,143467.87995801162,141917.9531976755,143467.87995801162,140038.17526801952,138844.3817661599
2020-04-30,135895.17606073013,136562.92464845823,126692.3158029369,136343.77248341517,144039.80190812552,142442.75678853685,144039.80190812552,140442.93521691096,138890.68023264824
2020-05-06,137310.99696248514,137468.93445733722,126764.35426127641,136254.69116391594,145763.89144218323,144461.95905152266,145763.89144218323,141223.23648423847,140653.00265716735
2020-05-07,137445.78106783036,137304.88491901418,126602.51802823493,135904.04408197186,146284.62616303377,144617.495276396,146284.62616303377,141072.7598629769,141006.6568983716
2020-05-08,138617.55857765803,138233.66901836498,127783.37250444222,136919.5564795428,147208.78829858592,145675.85415144253,147208.78829858592,142206.63158467747,142270.04721052363
2020-05-11,138004.19572236406,138024.6393728877,127697.6950027354,137337.4026935234,146457.5214012654,144851.4154584088,146457.5214012654,141879.48604502834,141335.72968609576
2020-05-12,139263.6104459054,138804.79891353217,128283.45050589457,137418.38510106277,147812.99930938793,146290.16094257036,147812.99930938793,142758.70561453048,143182.8817652567
2020-05-13,140867.10521937424,140467.4415784136,129209.62836603423,138241.48513250492,149872.20021141105,148381.0485878461,149872.20021141105,145210.12934102223,145856.5433558534
2020-05-14,140005.86285260934,139359.62142605387,128170.32116299302,137114.5780555658,148678.17544162885,147570.58105669968,148678.17544162885,143810.15998902795,144715.45948218572
2020-05-15,139011.18834227487,138526.72464660913,127317.68899233,136402.79850325352,147869.343075487,146687.19190057626,147869.343075487,142641.71739031933,143568.91431847212
2020-05-18,140912.08357712976,139934.92636102703,128927.5028650648,137251.35291845255,149631.96097548457,148175.47055683826,149631.96097548457,144712.92656527384,146086.12428536217
2020-05-19,142524.30449834352,141996.7519625015,130383.29222574994,138796.81204543723,151639.73384639982,150340.07269023743,151639.73384639982,146336.9771500551,147595.30314514166
2020-05-20,141764.604238411,140851.5951759445,129659.08619556612,138756.33569347239,150411.3051618804,149128.14047153306,150411.3051618804,145213.16228542323,146404.50718237975
2020-05-21,141603.1082813319,140722.75752799978,129532.14232361985,138122.52229811638,150051.75479150342,149002.90487956264,150051.75479150342,145534.95246416942,146626.6235421105
2020-05-22,139116.35893223406,137625.3771437823,127624.0541237949,136299.81839046293,146760.2043240336,145736.24409540655,146760.2043240336,142188.03051750915,143656.38718787016
2020-05-25,139416.5290507618,138160.02923564502,127942.84195880234,136535.9621127116,147516.54089575043,146308.227812655,147516.54089575043,143039.03195519364,144254.00885031992
2020-05-26,141264.82886361273,140593.81137831372,129636.40237810471,138000.38996092498,149792.18048823578,148882.29944724528,149792.18048823578,146466.68928352208,147009.90565301536
2020-05-27,139888.87502705626,138853.00823525336,128451.92811364686,137548.9429201437,148224.24023854214,147044.61625027156,148224.24023854214,143870.25744905305,144834.32256906203
2020-05-28,138706.5181085285,137337.06695634307,127330.60118343588,136436.39804972924,146919.4995156339,145438.78207357237,146919.4995156339,142136.04199880565,143478.97695820042
2020-05-29,139971.6828621155,138922.35153113757,128555.31271951509,137412.41249244194,148655.80789194352,147126.58171845603,148655.80789194352,144131.6734457248,145098.1870595314
2020-06-01,143546.86102805438,142013.75228420246,131821.67596276975,139976.55414864892,152166.58725661252,150390.2978739447,152166.58725661252,147484.66469582697,148886.96806009882
2020-06-02,142947.29895693774,141142.29784203725,131229.33636656174,139072.570031506,151375.34872705303,149463.55518414493,151375.34872705303,146179.06309172852,147887.7066633411
2020-06-03,143422.37999249605,141710.3989037675,131709.60781990556,139655.80099249122,151699.0214781165,150060.7699060723,151699.0214781165,147063.42733312113,148663.32378840412
2020-06-04,145090.82041670068,143235.47195632887,133274.75024006586,141549.5923609118,153246.65310690095,151669.95711677053,153246.65310690095,148591.83494789197,150312.81323462198
2020-06-05,145491.50681719973,143886.54386533677,133735.92185130605,142232.499367789,153677.87800082646,152364.96056779937,153677.87800082646,149414.51194682505,150861.72869640574
2020-06-08,145278.31236928958,143388.92662533614,133521.69869078678,141972.93676007862,153697.170810789,151838.42933526693,153697.170810789,148265.38734663298,150018.44159968052
2020-06-09,146981.83919399325,145243.9623120864,134990.42596410585,143165.3416470302,155359.08882627086,153803.06701321373,155359.08882627086,150163.297408629,151718.566693197
2020-06-10,148539.49034807933,147164.52474049837,136377.37201053853,144238.6916277104,157028.54307265326,155832.31843616982,157028.54307265326,152772.78588388523,153905.28088706225
2020-06-11,148271.05797128583,146337.1202059773,136240.34803486086,143143.94428864468,155740.03309266473,154954.3914664259,155740.03309266473,152296.83988293627,154028.11922419773
2020-06-12,148217.27943104875,147131.70823249748,136283.94204548709,143671.884826594,156178.94967727485,155810.77287472194,156178.94967727485,153945.54011116555,154768.57660818356
2020-06-15,146822.4619117256,146253.21689858654,135087.39088152666,141925.02863430107,155264.68058964825,154903.3154911281,155264.68058964825,154231.00015889163,154510.57409334768
2020-06-16,148671.63290256495,147791.57815413552,136798.28802067344,143134.17999085807,156558.06633240866,156602.62417485955,156558.06633240866,156664.4189710034,157223.63207433946
2020-06-17,150224.54336257497,150282.56672898398,137971.1936010797,143400.29176201503,158415.01854958816,159146.44109708615,158415.01854958816,159592.1170379762,159116.04649257287
2020-06-18,150261.7224974647,149360.61266855095,137968.41081892367,143058.7588217678,157501.9005090296,157810.2892514471,157501.9005090296,157416.99141645542,158003.6928443717
2020-06-19,152626.33940009252,151322.8304393201,140100.41244093433,144819.18591073598,160018.2922718196,160552.2312704036,160018.2922718196,160312.91532541628,161274.08492944823
2020-06-22,153727.03215383223,152175.31695615748,141068.92434917588,145234.6563349512,160733.31935163715,161532.8372772481,160733.31935163715,161622.58367940228,162824.2931306103
2020-06-23,155077.90102258348,154021.96548631994,142300.19878022396,147250.4541280039,163168.09422667525,164187.2812797384,163168.09422667525,164366.89254539495,165009.60721072773
2020-06-24,154860.6053315516,153595.79618587755,141955.40253141522,147193.07734315947,163203.36630576465,163777.27811707294,163203.36630576465,163653.11011785036,164527.793807584
2020-06-29,154190.11271489735,153424.52832543862,141427.44983721845,147392.58467429198,163528.8368784273,163936.5070226217,163528.8368784273,164285.1104056529,164614.0853419561
2020-06-30,156260.8100782589,155453.6489197348,143168.4976056621,149444.36733686106,166027.65478692288,166280.41669179683,166027.65478692288,166872.7776234912,167196.56510605034
2020-07-01,156732.25689723663,155329.68456432305,143583.3028222727,152463.1469327576,167314.84886685992,166239.00476744067,167314.84886685992,165477.08680398777,166481.84276707156
2020-07-02,157355.632888336,155822.18432341798,144337.29146267957,153807.98055430673,168024.8572075929,166110.67352413776,168024.8572075929,164586.36208228415,165774.51825824502
2020-07-03,159882.371807806,158050.40152844074,146795.23127014644,153993.7082603757,169492.26089208227,168019.98462779872,169492.26089208227,167460.02545537092,168951.1882386923
2020-07-06,166610.38198033685,163610.8141308131,152905.22177347506,158025.73186933092,175422.3994227106,172889.67838815312,175422.3994227106,171331.30329754954,174108.32766406995
2020-07-07,168985.30643264303,165226.32696413095,155189.30824085837,159520.02605766838,177708.34221541922,175502.19159026758,177708.34221541922,174142.72480413964,177643.01258852065
2020-07-08,169983.98930326063,165352.7862972883,156024.77702582616,159914.5019421684,178683.786861307,176065.84081512043,178683.786861307,174469.79460930504,178863.44172349462
2020-07-09,174411.02935316705,170213.48189850143,160088.09987322483,163536.97672114655,183700.20952515636,181839.59154469575,183700.20952515636,181012.6212313624,184872.64588819252
2020-07-10,176094.672459842,172387.12812757783,161550.72416469528,165753.25420799296,186193.68123042065,184509.78729437754,186193.68123042065,183939.309014088,187257.83577926282
2020-07-13,182584.6071448077,177859.6992556085,167324.58064460466,171560.73153438067,193855.21725299855,191477.3877665967,193855.21725299855,191014.6351926513,195278.3214217251
2020-07-14,181167.10427518823,177723.77706709565,166040.27505938453,170523.97631750922,192779.4728909143,191123.1500637858,192779.4728909143,189935.7732866113,192895.64863649692
2020-07-15,180739.27975865675,178375.5675443694,165591.70939900336,171910.32231706232,194132.50145563844,192501.00028892554,194132.50145563844,190844.41462864494,192673.96515510895
2020-07-16,174674.16745191938,171726.16217463094,160310.71882766666,164484.21705680166,184971.86098489055,183799.98166901007,184971.86098489055,181741.5730045514,184306.2180128955
2020-07-17,174674.16745191938,171726.16217463094,160310.71882766666,164597.41705680167,184971.86098489055,183799.98166901007,184971.86098489055,182442.32587131287,184997.9205658796
2020-07-20,174599.4698519194,171652.68377463095,160241.91402766664,164767.21705680166,184893.09938489052,183721.62646901008,184893.09938489052,182400.5163157622,184954.63089167367
2020-07-21,174599.4698519194,171652.68377463095,160241.91402766664,164767.21705680166,184893.09938489052,183721.62646901008,184893.09938489052,183496.56567146603,186036.52462839242
2020-07-22,174587.28555552452,171640.51959862577,160229.90580525924,164809.61125680167,184959.64918489056,183787.81206901008,184959.64918489056,183950.28030358723,186484.33266964465
2020-07-23,177032.43410786425,174041.91980488368,162464.96080230738,166322.01525680168,186694.12998489052,185433.21584257475,186694.12998489052,187375.7020528516,189931.55532955212
2020-07-24,169839.1188778169,166752.02078637682,155691.1420538492,162951.4754398017,182990.21774649055,180052.60125267718,182990.21774649055,178958.4266827121,181419.47253886
2020-07-27,171297.7829008936,167705.1816974529,157024.96310427575,163732.61943980167,183888.25774649053,180945.79725267718,183888.25774649053,180146.5341446012,182615.69922037137
2020-07-28,171893.9125589042,167464.90068701043,157571.24454256345,163186.62633980167,183171.81812149056,180234.3103526772,183171.81812149056,180400.82287633562,182853.21428444175
2020-07-29,175710.55234767526,170753.0822167591,161064.90898079344,165013.72633980168,185216.71812149056,182267.11035267718,185216.71812149056,184909.52288056508,187393.63728176834
2020-07-30,176243.27720574813,170948.99729935377,161551.00202168274,165380.64493980168,185627.73792149057,182676.42115267718,185627.73792149057,184956.60469760894,187444.9335057208
2020-07-31,178065.81061707056,172406.0105756669,163219.43665558577,166162.55773980168,186503.52863889543,183468.54721980132,186503.52863889543,187138.69843724323,189638.7888852607
2020-08-03,181804.57741220915,176640.01921327985,166641.77836585243,168740.10816688818,189514.12305572498,187256.86567579646,189514.12305572498,190970.22649129003,193988.86395723978
2020-08-04,179870.41264618357,174819.72054804862,164870.1109501718,166571.97110733026,188021.84536946728,185549.59732936873,188021.84536946728,189105.4206451711,192161.36604618665
2020-08-05,182104.01742895416,177261.5418672238,166915.00186993214,169202.38411933216,190565.1161394093,188213.90538035607,190565.1161394093,191308.08159901385,194556.1095348128
2020-08-06,178120.5244492966,173068.81000429406,163267.6574695218,168191.01318426483,187210.6679546954,184049.48628787344,187210.6679546954,187115.75559727088,190185.6574331012
2020-08-07,176671.23145605988,171124.54398716547,161939.9983382052,168445.36819712064,185289.21283682476,182288.0161490536,185289.21283682476,185236.22362690608,188035.09212027094
2020-08-10,177174.9639287336,171242.2227214699,162400.4535161442,168408.32559039857,185868.4419926756,182715.91719702826,185868.4419926756,185888.27028540912,188569.19771836489
2020-08-11,175036.38538309137,169058.73658433955,160442.5173786467,166106.23273667513,182979.8924174916,180207.81619144592,182979.8924174916,183425.6423566401,185751.98710362805
2020-08-12,170676.68403095086,164444.8083665989,156452.53946277488,161725.09158712273,178686.42767944804,175385.71118099452,178686.42767944804,178963.6529385923,180802.29111965757
2020-08-13,170757.66258266894,164386.85342339892,156526.56598388852,161527.40784050722,178978.11537164476,175301.4097563945,178978.11537164476,179164.1552054349,180662.6166511805
2020-08-14,171877.68563508074,164975.35990729908,157551.15129079414,162657.08101747787,180248.7377331864,176008.02707173253,180248.7377331864,180247.2834035309,181309.71268314705
2020-08-17,174179.3912211457,166954.23551152027,159644.2708911041,164414.59097043757,182411.8259431679,177920.83224505582,182411.8259431679,182682.97883151207,183486.9217741105
2020-08-18,174688.4709275228,166314.5380513131,160114.1676454243,164470.2660219183,182183.67516119598,177195.69891700798,182183.67516119598,183077.95822000733,182783.99699242876
2020-08-19,173595.6021344557,164919.30902305222,159052.92305047356,162518.63926080632,180753.05212214787,175923.1738532515,180753.05212214787,181894.55481811755,181250.49748184645
2020-08-20,171122.6495036729,162561.52903578785,156788.96443965688,160584.24015846002,178015.55411054095,173567.31473256063,178015.55411054095,179336.89875600775,178660.49742499806
2020-08-21,172425.78269121557,163090.70075280734,157991.20687195336,161686.18465166408,178792.2662514178,174346.8521985253,178792.2662514178,180599.1186698829,179242.7373391915
2020-08-24,172699.15581738768,163649.31474586943,158238.7069777269,161786.36321182223,179092.64093704725,174179.52745069185,179092.64093704725,180816.4232038167,179853.886764953
2020-08-25,172689.91459457856,164542.8059998894,158235.55263339274,161623.5548098478,178638.9232795837,173763.60035077576,178638.9232795837,180762.42266398604,180831.28306107727
2020-08-26,171209.9221127987,163217.4703395546,156866.29303774872,158741.11253644014,176384.61238501992,172165.75464161392,176384.61238501992,179190.41194739263,179374.64101664664
2020-08-27,171268.98145599233,163697.35173601558,156896.7915047573,158709.54797214962,177133.00661161516,172225.4990656483,177133.00661161516,179240.10720592708,179901.19720235467
2020-08-28,173836.11479930626,167354.6007748087,159231.59801906158,160707.52251395624,179382.7111655998,174863.97120516747,179382.7111655998,181946.6639600558,183916.34156636262
2020-08-31,174310.63517180656,167674.62258970848,159694.75873164556,161217.800059942,179328.35848473175,175286.951571146,179328.35848473175,182427.69119683583,184267.11839416026
2020-09-01,175009.13721952302,168048.99120764554,160316.6442779923,161069.40360598834,180226.34538476286,176044.8854978077,180226.34538476286,183185.76061092922,184681.17249283177
2020-09-02,174839.52259970392,167643.77637579144,160201.72451643937,161651.87217097887,179762.35926131145,175883.21539706504,179762.35926131145,183009.45902735437,184236.31283964234
2020-09-03,173476.23034859984,167006.76235774928,158931.13960000162,160290.1687312538,178588.44310777055,174494.89264496116,178588.44310777055,181574.99033002846,183534.6420571467
2020-09-04,172450.27438692097,164536.87461419555,157963.17297047566,158859.14091295877,178709.32197299047,173364.14509840263,178709.32197299047,180455.5607883535,180822.86261659488
2020-09-07,171706.1605245901,163034.9828991359,157288.4981200502,157641.47898369245,177659.24084636412,172576.08755707162,177659.24084636412,179667.85865150613,179175.2591858808
2020-09-08,172283.47313483246,163144.39151757743,157770.75214889186,157665.9932263348,178638.94233119086,173154.14939420676,178638.94233119086,180270.0574573973,179298.41565688513
2020-09-09,170419.51885718992,161627.69259457482,156078.99736760085,156755.07152266733,176159.41535982452,171277.42696210003,176159.41535982452,178315.6769898262,177632.57295497274
2020-09-10,169087.95136016264,160112.29506742267,154842.72653418354,155652.40272478564,175356.49041177172,169897.79509418216,175356.49041177172,176903.975983197,175966.45656343107
2020-09-11,169224.980551448,159514.41763968143,154931.54045688795,155722.13503712323,176133.97463872773,169951.92519135578,176133.97463872773,177011.84758835216,175309.50409031782
2020-09-14,169816.65050377208,159508.3161032652,155467.36159564057,156209.21351273946,176735.03137770802,170494.6158659841,176735.03137770802,177609.4463995629,175303.59469494736
2020-09-15,170087.18382503936,159669.4648993215,155708.4878522774,156399.31971353406,177014.119307514,170758.16990955558,177014.119307514,177888.07640159928,175480.49388310843
2020-09-16,169412.51284645492,159663.53001500294,155082.05431166265,155685.61351273945,176329.8525124881,170141.63001442753,176329.8525124881,177208.02271491903,175474.43655203166
2020-09-17,169037.82805585646,159243.0620538042,154744.45401622634,155492.35857274986,176009.15982413176,169826.9999403727,176009.15982413176,176812.62031821706,175013.74630445932
2020-09-18,171368.12467023387,160397.03322091032,156851.86577625663,156896.48971104485,178110.8802448578,171789.49856949766,178110.8802448578,179230.8453804487,176283.02217692594
2020-09-21,170050.3698590145,158974.3826450377,155635.23451703016,156138.49060103952,176562.80213315488,170286.74473230846,176562.80213315488,177840.11380202137,175050.41416380828
2020-09-22,167464.89417950434,156596.54417483715,153275.63159551503,153662.5896295071,174012.78898953,167830.16371845876,174012.78898953,175125.11996887758,172095.59662715654
2020-09-23,167305.21137950436,156403.203418812,153145.92397791953,154017.38070638635,173582.02563423256,167344.31597541715,173582.02563423256,174977.38596887758,172595.47711946716
2020-09-24,164618.97285390436,153441.18397480325,150422.1850888661,151873.15512916818,171851.33903143258,165048.43749556981,171851.33903143258,172380.7212378776,169264.64059860123
2020-09-25,165118.17285390434,154061.6043553712,150862.10693754238,151829.06421614578,172207.33903143258,165562.89579093058,172207.33903143258,172741.12123787758,169367.5457678294
2020-09-28,165084.07285390433,152991.43651400326,150715.10861849913,151455.56107370084,171494.00236423258,164695.43428076984,171494.00236423258,172014.47341987758,168125.626963108
2020-09-29,165212.23933177727,153286.40181740694,151514.7227478462,151519.92631224645,171127.8683889342,164807.7256556682,171127.8683889342,171580.86061497193,167922.09583386264
2020-09-30,165213.88966711191,153471.61192862966,151393.2397766333,151122.83982378707,171167.28321281308,165253.61505130772,171167.28321281308,171598.9923359427,168575.20206620378
2020-10-09,171521.06160748887,159323.26480371703,156307.67011543261,155948.48993865924,177585.60732032527,172180.09757088224,177585.60732032527,177731.8819029152,173539.15058945416
2020-10-12,176160.7852245391,164583.68148816546,161706.75342618453,160899.97400119225,182798.87554723187,177204.56733492113,182798.87554723187,182280.42870231473,180249.28351135386
2020-10-13,175189.6248834089,164678.2641333822,160949.19712353707,159842.53778809428,182213.56466365576,176828.73929783382,182213.56466365576,181432.84493675368,180687.5084136496
2020-10-14,173365.87504936795,162761.1020512175,159574.74365150163,157984.8232361602,180730.65260989967,175426.5923559157,180730.65260989967,179522.25387826803,179256.2011639258
2020-10-15,172884.31831759858,162327.41403961656,159091.14429378157,157500.27680097535,180238.19672929414,174995.061115615,180238.19672929414,179032.87495128898,178201.68057201084
2020-10-16,172791.18773784084,161057.47499515678,158679.15688346713,157203.1830813021,179379.58526062802,174465.01438372972,179379.58526062802,179375.8396656711,178030.39754085705
2020-10-19,171738.42748334928,159709.2184516986,157450.92695667408,156332.8708883351,178109.14026359862,172990.63155932512,178109.14026359862,177734.98943324623,174972.73721847098
2020-10-20,173384.53253844535,162279.32559501127,158748.92020994515,157134.37023817524,180050.3520248097,175453.95233528723,180050.3520248097,178918.80545094237,176828.38282385218
2020-10-21,171447.70318878925,159695.21413887286,156652.68408235506,155161.3708928879,177895.8767045282,173316.10428873106,177895.8767045282,177478.84034766516,175292.71490044263
2020-10-22,171191.70318878925,159784.4264573583,156434.88408235504,155310.1708928879,178440.67670452822,173409.94883443578,178440.67670452822,177068.70385359155,174196.61607414234
2020-10-23,169482.94598878923,158124.0644579141,154900.93088235505,154457.3708928879,176893.37670452823,171207.02979542705,176893.37670452823,175572.5980893994,171717.2380998204
2020-10-26,169309.39776378922,158499.8057829141,154741.89708235505,154300.7370928879,177582.5737545282,171846.67659542704,177582.5737545282,175380.5851893994,171264.4500748204
2020-10-27,169176.19776378924,158837.0057829141,154619.89708235505,154177.5370928879,177822.9737545282,172083.47659542706,177822.9737545282,175246.1851893994,171264.4500748204
2020-10-28,168792.77862007526,159502.1737597984,154268.2091657159,153957.55021805989,178548.0169543611,172710.47044347375,178548.0169543611,174854.42908165941,171044.99257531977
2020-10-29,169725.72981817153,160647.54729281922,155115.92739779767,154139.57431768323,178848.50828017414,173752.73499231637,178848.50828017414,175824.5590206206,172278.21710748159
2020-10-30,167055.9114554674,157756.0309405046,152529.00653781442,152377.3077700723,175967.31580118882,171061.38025420054,175967.31580118882,172870.51844419457,169041.0482190904
2020-11-02,167759.1135236894,160179.04629823138,153672.07161980832,152739.09417496674,177251.68299079733,172837.92372613304,177251.68299079733,174179.66951073322,170912.19528683517
2020-11-03,169614.91790316824,161415.1100087607,155652.7204930164,153473.57005789457,177845.5619576387,174260.11989652732,177845.5619576387,176211.42791786641,172772.04041580248
2020-11-04,170066.85450564657,162786.88785370396,155798.04750250687,153088.76397359365,178244.9030036722,175862.83156981113,178244.9030036722,176867.4322299512,173573.5555429264
2020-11-05,171412.1276804856,166355.10746399956,158115.5468617188,154372.0765405369,182344.84124938166,179556.37859885834,182344.84124938166,179739.92666102538,174952.13298024962
2020-11-06,170573.97508420047,164979.3478625161,158228.4979643523,154437.1417785626,180450.25784971367,176903.92545480002,180450.25784971367,178605.9952575139,172707.18516487163
2020-11-09,176891.8700716061,169394.29211244904,164576.47856174823,159967.31316549162,185178.12753106173,181616.99040343123,185178.12753106173,184116.044640855,177792.95571791974
2020-11-10,173992.49705579385,166501.45196087362,161252.85459547918,157715.57013328225,182152.98137465338,178396.6807054433,182152.98137465338,180851.73906180906,174929.33492230723
2020-11-11,170124.508653327,161768.06821804174,157216.57919940827,155074.54511473275,177408.4165598622,173066.91130681906,177408.4165598622,176348.2074176063,170473.43708928756
2020-11-12,169870.58954762702,162308.10654360655,157127.3287797875,155201.83734408751,177859.6165598622,173668.12993645866,177859.6165598622,176438.02323354228,170610.59120081412
2020-11-13,168864.42205411155,162751.53218835063,156717.37912798347,154036.310851812,177899.54780986218,174141.01235016197,177899.54780986218,176006.79947138263,170292.80156916933
2020-11-16,169320.20961664713,162775.1268007204,156776.8520826685,154688.2975162074,177796.11705066223,174184.73986748004,177796.11705066223,176200.85840632184,170844.1663431997
2020-11-17,169113.6186852075,161415.57604164205,156578.8878650248,154733.19367426937,176363.8911590972,172656.07078741534,176363.8911590972,175383.54180444096,169590.5015592058
2020-11-18,169058.15026425768,160404.01110815027,156488.71491771407,154787.5433830277,175615.36542573883,171639.61484677464,175615.36542573883,175279.3667203214,169556.4741248294
2020-11-19,170065.08606094687,161004.1354160724,157126.42807064776,155220.81346318757,175633.459540517,172136.9946869129,175633.459540517,176001.28968122578,170506.8873879217
2020-11-20,169778.93655542366,161904.66399040437,157215.8335146027,155380.75248406024,176871.35944884148,173377.3028360623,176871.35944884148,175950.58166145114,170419.45990544622
2020-11-23,172132.44838936045,164439.71956911363,158871.872346782,156940.9886365135,179211.3587976872,175574.34194514452,179211.3587976872,177771.94067878718,172527.9829117539
2020-11-24,170735.21877559324,163892.13712284435,157999.095384432,156036.78690057228,179021.31486685146,175222.93639467715,179021.31486685146,176599.45326406072,171251.22936103187
2020-11-25,169646.5589861611,162314.70624788298,156364.25355979995,154368.70669229247,176743.87407292554,173070.85914554383,176743.87407292554,174878.37365310895,169866.94652445192
2020-11-26,171143.37122571416,162765.70293683955,158122.84294876043,155567.26468077238,177599.12693190144,173771.2195114105,177599.12693190144,176782.54606099625,170845.18625353993
2020-11-27,173537.17065188132,164217.08349173586,160412.85354787455,157305.2685418197,179617.2048439399,175208.3448066294,179617.2048439399,179199.97965823094,172779.04923447018
2020-11-30,173384.80664860687,164123.3083590416,160754.77810085416,157226.25832326867,179589.32162579487,175203.9710985559,179589.32162579487,179525.50794787245,172758.09704505734
2020-12-01,178466.60538326533,168306.3366080832,165320.62915360837,160641.47932698752,183677.72862411285,179148.88768554875,183677.72862411285,184408.068547931,177527.3053996009
2020-12-02,177917.793282946,167581.13402868574,164919.89913594897,160412.90864258568,183076.07671639128,178501.89243043246,183076.07671639128,183982.70070505183,177128.23599396792
2020-12-03,177459.91910728058,167401.4568465261,164019.06452623665,159530.26286329544,182347.80172474336,177920.75086109983,182347.80172474336,183217.02798085762,176667.69232740934
2020-12-04,176319.77409305135,167316.10665446863,163238.20276354457,159592.8169288396,183091.91139141866,178527.49688762813,183091.91139141866,182771.7863294903,175759.48849519296
2020-12-07,173367.45767837614,165642.889104203,160947.36259092114,157800.59513423924,181896.0451626004,177261.23208718374,181896.0451626004,180532.53097185557,173009.04813132394
2020-12-08,173270.86146798622,166190.36069888956,160802.655617677,156927.83177133717,182571.27184147981,177705.56118852817,182571.27184147981,179582.47520759742,172950.50171871582
2020-12-09,171765.4890328194,164660.52646028556,158870.83139691447,155205.60310526777,180407.70616729412,175674.3957155581,180407.70616729412,177704.70137991657,171471.67154573955
2020-12-10,171270.33223468997,164593.03492624953,158635.33539691445,155247.09507705978,180480.157346646,175678.96525729162,180480.157346646,177939.25757901045,171294.45045990637
2020-12-11,171490.34232956512,164981.4716467787,158228.98687211447,154405.63656880218,180175.38015666744,175356.2915663746,180175.38015666744,177636.1404822592,172323.98224708243
2020-12-14,171417.13372956513,167140.6342103515,158702.17087211445,155027.7941259588,183626.39313169062,178310.5381312071,183626.39313169062,179397.13968922547,173256.26081171253
2020-12-15,171507.25695372178,167026.59222380712,158899.36153551022,155490.82217803207,184100.40693191916,178558.9073857559,184100.40693191916,179580.11023787427,173081.94424042804
2020-12-16,171371.44433684944,167687.04265703543,158516.71006975003,155286.0150940686,184808.7237988243,179183.50606153754,184808.7237988243,180258.9191803984,173775.2479670936
2020-12-17,173597.15120927524,170611.24157646555,160322.8063110357,156600.2536951895,187014.0917709116,181596.90296996012,187014.0917709116,182550.31255837515,176779.93229546884
2020-12-18,174824.49395618998,172132.90476016726,161462.15832463268,156571.84174351857,189220.8327201004,183244.5153647874,189220.8327201004,184184.75469065525,178029.9668676688
2020-12-21,180289.11387923284,178061.44666909578,167992.504163199,160814.15853104444,196925.31778397696,190402.38419977936,196925.31778397696,191419.9611087601,183814.09190725198
2020-12-22,176498.06883808353,175363.90032381972,164428.40926431125,158252.842932256,193667.13948154857,187884.19666118946,193667.13948154857,188235.83210563916,181308.98908029776
2020-12-23,178837.36044301995,177350.96031601008,168114.4060425561,163165.07298468298,197656.40220009867,191305.70505060672,197656.40220009867,192236.5777188592,183191.60685061105
2020-12-24,177913.5566261476,175395.32875202995,167485.8561767959,162764.22199592963,195659.3726758064,189249.25278121477,195659.3726758064,190356.3923965745,181225.4533781091
2020-12-25,181528.6100623605,178967.97984091463,171186.05429743876,165649.0890204192,199946.26260453544,193258.41875489312,199946.26260453544,194311.62959699708,184644.61517104652
2020-12-28,182156.21845742408,180928.73042108977,171583.95751919388,166195.53948155523,202340.41293815122,196203.89026944988,202340.41293815122,196037.1292355421,186852.72397466912
2020-12-29,177875.1566261476,176172.9567754771,167408.45617679594,163623.26907502767,196452.63846413582,190553.7605050629,196452.63846413582,191139.5133489906,182304.78940292448
2020-12-30,183524.49785042458,182225.81087666107,173198.90120992344,168626.9354466894,203198.572279992,197230.92036513737,203198.572279992,197663.19783917314,188334.91008001682
2020-12-31,187370.18182161628,185957.24488855302,177673.4982566479,174303.03100990466,209043.8261939478,202807.57154946585,209043.8261939478,203009.62305181404,192231.0660562999
2021-01-04,195611.2734265527,195374.94709693294,187460.9950348928,183891.0453403518,221458.82111030526,214745.70729003652,221458.82111030526,214453.75784954688,201558.5900448085
2021-01-05,199660.2520582343,200080.68593685588,190718.83523538767,186684.62104487544,224750.84353545093,218991.67597773354,224750.84353545093,218723.55425769687,206758.8241291769
2021-01-06,198938.94060761726,199068.46148455224,190283.88563810702,187250.10715575202,224160.69749117247,218488.92898747046,224160.69749117247,218070.34628729758,205917.00595468178
2021-01-07,203462.5673257237,203137.86012829668,194854.63469842845,191580.05705999897,229360.40501928382,223832.89343258704,229360.40501928382,222351.31353885357,210115.8139509424
2021-01-08,201631.62839568133,200606.80410550488,192173.4325505917,188297.29648740633,225919.52584109007,219647.303519472,225919.52584109007,219512.57196445198,207309.54044587302
2021-01-11,197352.98946563894,195444.26625787016,187398.43040275498,184326.6470002255,219127.76735821448,212712.15565634155,219127.76735821448,213970.00138913834,202037.885115572
2021-01-12,202245.2917598735,200373.50800060268,192602.77328804578,189765.99470768543,224993.0477396159,218495.64245394323,224993.0477396159,219852.093742703,207231.95595356793
2021-01-13,198594.72687304355,196268.06844769078,188726.82557012228,186252.83193778302,220119.3221946045,213616.36900997328,220119.3221946045,215176.4468490851,203172.8079737276
2021-01-14,193891.39503445418,191175.35211935753,182877.2155167722,179105.59265833476,212758.34858981054,206349.0538426704,212758.34858981054,208359.37878000247,197861.34786676618
2021-01-15,195708.0089849541,192830.30422141607,184344.5883487586,179780.37710824335,214545.53496706882,208381.7969667875,214545.53496706882,209540.85413682755,199407.40790455698
2021-01-18,197748.85293510804,194365.22344692555,186668.20700711766,181756.62751158356,216497.77030026642,209940.9116901455,216497.77030026642,211991.84274496982,200979.25145826448
2021-01-19,194159.03580931743,190800.95501697293,183062.78696435134,178976.91090227422,211961.37398909914,206229.12605763949,211961.37398909914,207521.18540460966,197541.25203411537
2021-01-20,198616.16020319198,195425.02214208705,187570.93437547446,181865.4217364052,217728.63019205377,211347.0300985843,217728.63019205377,212830.39978467685,201915.33572477184
2021-01-21,202239.32439897567,198887.0626512027,190720.8285455649,184430.22412746915,221898.56099804767,214743.42651520314,221898.56099804767,217002.1828286607,205341.6719221605
2021-01-22,204587.4545123187,201276.1917008862,192790.8278172363,185721.93254499117,225131.3385709693,217291.55111964408,225131.3385709693,220043.08813759952,207488.84537322514
2021-01-25,204369.7802695529,200335.47494272562,192267.4415332544,184766.9308666914,225389.62026644454,216555.5086067485,225389.62026644454,219761.27544061752,206418.14410382
2021-01-26,199147.0616570296,195297.36568806408,186711.13127033066,178485.56762321896,218511.88072847118,210151.329001169,218511.88072847118,212452.90930850597,201468.03477436534
2021-01-27,200580.05194389628,196527.15316768538,187541.52299534582,179173.30992235514,219492.5261251418,210999.21138540114,219492.5261251418,213659.21802399968,202336.96258966657
2021-01-28,194670.27961322194,191033.36807197687,182183.63950363421,175901.65638731368,214083.1980652072,206121.08831838254,214083.1980652072,208541.89109703506,196116.74242322822
2021-01-29,192888.96168822193,189210.20504697686,180469.08709666648,175170.81101231367,211995.4022402072,204180.75684338252,211995.4022402072,206769.03689703505,194255.82979635982
2021-02-01,193230.76168822192,189117.70504697686,180381.08709666648,175170.81101231367,212271.9022402072,204082.25684338252,212271.9022402072,206670.03689703505,194160.32979635982
2021-02-02,195956.56168822193,191245.20504697686,182405.08709666648,175170.81101231367,215074.4022402072,206347.75684338252,215074.4022402072,208947.03689703505,196356.82979635982
2021-02-03,195916.81802642986,191145.47065440836,182309.79848979885,175095.98630928132,215017.321501521,206240.82189039717,215017.321501521,208838.91093306482,196254.44975819468
2021-02-04,194087.05098903546,189463.6214119939,180708.26372377574,174452.81723572814,213062.98328420665,204440.52414947422,213062.98328420665,207023.30673786762,194522.2721640159
2021-02-05,193163.14132448833,188604.8242427078,179890.16584934574,174874.2100721724,212186.1101644635,203618.81272617288,212186.1101644635,206114.60956376506,193632.9441813873
2021-02-08,195738.55831065198,190431.05743313686,181627.12161845117,176470.63576832053,214672.5264723755,205402.35068947112,214672.5264723755,208111.84114010664,195506.10851289937
2021-02-09,200268.00741042307,194756.10566101765,185633.0921157606,179290.2484560232,219257.310450015,210070.2993997445,219257.310450015,213032.52183883952,199947.34297538808
2021-02-10,206509.79992497218,201053.82706492947,191882.19041055912,184628.80632034692,224975.98284123035,215909.10812208458,224975.98284123035,219882.7470076427,206413.94894018047
2021-02-18,203021.0216092716,195979.59583412524,187332.3973404494,179978.9316623864,220727.03498671378,211119.33654190216,220727.03498671378,215457.603563795,201201.14905973518
2021-02-19,204173.44854209636,197201.57978004945,189488.0752525209,181751.48942132253,222290.3447116064,213212.47227399517,222290.3447116064,217311.40516631474,202454.99126959287
2021-02-22,202680.53977436826,194885.66778388276,185912.01405341385,178286.36092254036,220371.58498824315,210978.02314865554,220371.58498824315,212682.04838783576,200070.73387287318
2021-02-23,201666.64817296123,193690.57950598103,185362.42294932902,178084.2058360097,219113.13192585265,209772.95154632218,219113.13192585265,212492.83782338334,198845.02479774208
2021-02-24,199010.31811128015,190391.3738697912,184146.46217610582,176398.76359579462,216039.80528724717,206831.4207900997,216039.80528724717,209381.60999596238,195410.55906200357
2021-02-25,199124.00152423896,189602.00199146976,186186.3735779833,175978.22472253127,215452.35377018465,206269.9026877234,215452.35377018465,208902.54738335172,194591.17375383485
2021-02-26,194611.92179201404,184961.98994599975,181776.88862810176,173030.39120250533,210941.8296398669,201948.7097615205,210941.8296398669,203824.7276236519,189887.46001868317
2021-03-01,198487.53894132774,187368.78043508276,183774.8892274893,175955.45427195705,213745.2135788772,204633.7167173603,213745.2135788772,206457.2045532749,192360.60712058947
2021-03-02,198118.5725383794,187726.97365200208,183594.81042431825,175946.62232409205,213828.9218529431,204713.71937224068,213828.9218529431,206858.9063667148,192732.35355075955
2021-03-03,202583.00576418042,188833.13702934768,185017.01735953178,176984.06562026215,215120.62867211972,205951.4028656387,215120.62867211972,208067.37959824846,193840.84114260477
2021-03-04,200408.57043486214,184721.40748551846,181192.65540368532,173643.28068301806,210168.13235735765,201211.5365407634,210168.13235735765,203528.079817308,189653.23114138434
2021-03-05,197571.76734693337,184114.41591325964,180721.5207847725,173128.93177299693,209287.70560225117,200367.81206274667,209287.70560225117,202857.60805476794,188975.3075819583
2021-03-08,194816.768687358,181193.33270612342,177863.62263318794,170751.3039600761,206491.05912143455,197689.53229127318,206491.05912143455,199635.25410461766,185991.3325611048
2021-03-09,194520.74709104985,180457.8358841743,176741.10240760853,169315.53629128874,205664.08684772078,196896.53661392914,205664.08684772078,198831.8040899291,185236.2338566347
2021-03-10,193635.72448012832,180457.8358841743,176297.69498380853,169315.53629128874,205664.08684772078,196896.53661392914,205664.08684772078,198831.8040899291,185236.2338566347
2021-03-11,195833.02199689904,180457.8358841743,176297.69498380853,169315.53629128874,205664.08684772078,196896.53661392914,205664.08684772078,198831.8040899291,185236.2338566347
2021-03-12,195819.31053315414,180304.030875555,176147.05882447888,169243.01804849267,205577.03100231034,196812.9764211259,205577.03100231034,198663.26387017278,185078.69776354852
2021-03-15,196636.55871890523,180320.94103027074,176163.08491969982,169229.02075820285,205701.07238844354,196847.86904686328,205701.07238844354,198682.63981067028,185095.67226531016
2021-03-16,195492.99314570805,179778.69989393136,175634.90277705932,169424.8475611959,204637.3826631421,195861.36777546263,204637.3826631421,198085.7516099634,184539.87688727013
2021-03-17,194522.24305873865,179640.7913221645,175500.3867097041,169217.66347034115,204163.52411575196,195592.90567882315,204163.52411575196,197935.4148514741,184399.7816536503
2021-03-18,195299.41576062422,180219.86021395292,176067.8651059767,169597.08924862405,203902.05303279954,195707.99401833152,203902.05303279954,198577.01678887656,184996.81023831334
2021-03-19,193313.1595920714,178477.0688629448,174364.27174675977,167613.42518548563,200196.6148088953,192637.731967673,200196.6148088953,196654.2240859586,183207.2556566154
2021-03-22,194575.12105664672,179131.07927289399,175003.1679742032,168506.53122730588,202175.75249728846,193822.16017180006,202175.75249728846,197372.71060136775,183876.09118328104
2021-03-23,191767.9066077798,178201.8863868474,174095.62306876824,166761.97230930597,199543.3662032431,191825.94413238482,199543.3662032431,196352.17859159183,182925.10889153514
2021-03-24,188715.97749544482,177005.35224285704,172943.61147767992,164644.38143081224,197796.0379123921,190099.1679911006,197796.0379123921,195215.46112135862,181716.83270506712
2021-03-25,188279.18345410578,177223.8094127134,173245.9716544867,164895.53782566273,197762.86243281193,190471.5653581786,197762.86243281193,195594.29069649015,182036.36024455214
2021-03-26,190204.49022664392,178553.7794531613,175577.13916776725,167764.95749593835,201528.9466018601,193042.28064927875,201528.9466018601,197512.2984927204,184483.93431564255
2021-03-29,190857.9779930074,178785.10290339065,176477.8137032549,168839.63044618056,200969.53268922892,191920.0064720669,200969.53268922892,197966.04791659032,185429.9939378488
2021-03-30,190036.10321166913,177570.55990298226,176379.55649939697,168977.2803416077,201746.4022523849,192271.17735812627,201746.4022523849,196879.5752529811,185324.2180784802
2021-03-31,188425.72559507217,176888.32922957785,174652.17740959005,167690.96961515397,201348.1121669126,191228.10784953716,201348.1121669126,195573.06146093708,183637.93703977083
2021-04-01,191822.98696565605,179178.94336696737,177268.44482971885,170111.69054171344,204514.99233785723,194276.41114815822,204514.99233785723,198824.44096688164,186437.84139669582
2021-04-02,192872.43911985483,179369.71204830927,179075.81632380036,172053.40791089105,205047.2373805934,194601.71312565042,205047.2373805934,199173.46842936066,188645.29820983252
2021-04-06,192114.03989810112,180770.378833785,179019.1743910312,171780.64299866668,204883.07842522603,195316.97926350049,204883.07842522603,199661.06294555386,188426.6515240692
2021-04-07,191542.68285817292,179877.6537038908,177126.80841029342,170497.86713318754,204486.3817300686,194433.640263966,204486.3817300686,198966.8951862082,186465.19288857095
2021-04-08,191859.0867970739,178922.0059120116,177699.40781383996,171077.28680740407,204806.5512932246,194339.2542330037,204806.5512932246,198582.26770905842,186923.6580323339
2021-04-09,190206.74059957956,177525.20167158014,175195.92007632577,169418.42562948907,203212.99233006858,192320.29790155325,203212.99233006858,196901.699935042,184374.12135373527
2021-04-12,187997.81516358446,175291.25169817076,172411.98765588825,166364.06221814576,199561.95796035643,188676.29114727996,199561.95796035643,193956.04940962454,181077.40754211386
2021-04-13,186392.97320287564,174964.44122415045,171937.34563328556,165791.39448313415,198064.01734510466,187664.77403219353,198064.01734510466,194152.40382750516,180579.50631447334
2021-04-14,186909.22729201295,175518.21316839603,173038.7948052774,167342.88140358834,198788.44937300237,188354.56863825308,198788.44937300237,194880.23400507012,181738.07077516397
2021-04-15,186939.15489934888,175961.32353237135,172659.75870772608,167228.85291744978,198546.76943946187,188132.62587099674,198546.76943946187,195201.59849804256,181339.7710834661
2021-04-16,188664.7497824747,177283.04777937318,173333.6746571653,168098.2149197503,199890.70832108377,189422.00568278585,199890.70832108377,196709.8674498913,182046.83454233324
2021-04-19,191208.22411701636,179789.09406442966,177085.6812377865,171245.87871032642,203149.05268951046,192504.0926721169,203149.05268951046,199315.102681234,185989.60106018936
2021-04-20,190888.03799914318,179684.51415193538,177187.7449680201,171522.62688461423,202943.2814264865,192300.47886486014,202943.2814264865,199117.22975233186,186097.05285944822
2021-04-21,190854.13649196998,179450.24229157774,177768.03259591662,172187.09350919555,203814.38166631927,193108.7337240828,203814.38166631927,198973.9564026121,186707.07017458125
2021-04-22,191464.38321917574,179859.57821265893,178440.07527408915,172801.53638714494,204407.74631965812,193670.04555664805,204407.74631965812,199258.7271409824,187412.93638413525
2021-04-23,191645.5571974719,180628.65006455925,180184.20552275315,174384.59419980418,205296.0494084766,194498.53248405672,205296.0494084766,200358.3797723414,189247.27040580785
2021-04-26,190626.8019828001,179967.82933660859,179157.77771785576,173702.362951231,204476.93310271652,193719.74515781854,204476.93310271652,199586.85078639656,188169.5697892036
2021-04-27,191187.3898432231,180331.9212760147,180565.1716967534,175091.28540443315,206093.09275377347,195235.1666323942,206093.09275377347,199921.63048885344,189648.85561013507
2021-04-28,193579.87115805762,182196.28505758307,183028.65103199598,177457.65479144908,208857.23267066843,197864.71703794439,208857.23267066843,201537.75166805089,192237.47385017452
2021-04-29,194729.3646124691,183016.35689974535,183937.836388341,177516.67468232752,209552.30632682127,198530.7439942274,209552.30632682127,202570.1931447915,193191.8062692825
2021-04-30,193791.2196278132,182879.233005576,184695.3514192997,178374.03536437824,209508.87110614812,198453.19213278775,209508.87110614812,202401.22917997593,193988.17767991882
2021-05-06,194528.64743447685,182380.08799167135,182461.72809568708,176573.96097850704,208147.97644072742,197226.96865449558,208147.97644072742,202025.78662370876,191640.30719418888
2021-05-07,194966.36721069945,182204.52091391655,180327.72400410115,174686.87875668734,207491.05816879676,196637.54057976467,207491.05816879676,201477.49137140941,189397.8793987619
2021-05-10,199153.33450405317,184200.7174264042,182647.83551975043,177190.49603713417,211484.79172549697,200461.61371089247,211484.79172549697,203668.95540226594,191831.22832870457
2021-05-11,196308.81836215523,181560.84309226222,180980.53075525578,175165.83989120857,207779.1922771754,196928.44446172233,207779.1922771754,200758.65123397883,189017.27652800968
2021-05-12,198163.30123535142,182814.87552804002,182005.1271485025,176746.6294117289,209705.94616604102,198773.5411490473,209705.94616604102,202141.8150718113,190333.3710985999
2021-05-13,193336.85453404114,179029.92620194476,178708.66915712814,173266.91851155183,204275.45858628248,193591.4833513127,204275.45858628248,197968.59480644052,186349.05207663449
2021-05-14,195668.72891034005,181624.0229127757,181134.25378823123,173889.00758138142,206622.40858838422,195812.81387910276,206622.40858838422,200848.85433827044,188853.1849040799
2021-05-17,195753.1465230367,180420.58115952392,180996.61355818575,173818.9607566496,205776.16263636306,195018.6060723554,205776.16263636306,199658.07943886262,188977.56812046483
2021-05-18,196807.66873571184,180896.45624286297,181443.62334557128,174662.1949148235,206793.01292121387,195999.42480854908,206793.01292121387,200324.75864634605,189425.95103655837
2021-05-19,195753.30348025833,180533.41391438636,180806.78121743462,173795.21015754933,205532.48316110804,194786.18577481227,205532.48316110804,199716.6525448364,188839.70635725942
2021-05-20,193797.30799398758,180915.28353207168,180152.29825108277,172740.20872809214,205315.64715966294,194470.60532711772,205315.64715966294,199648.06013927632,189235.08787202448
2021-05-21,192529.62314599907,179744.83954065858,179086.51129315473,172573.33895628137,203715.51595966294,192833.57901529988,203715.51595966294,198250.96496019608,188234.28666086597
2021-05-24,194170.73709663528,181413.0379526802,180033.66689858912,173664.9251169003,205184.11595966294,194882.8621636627,205184.11595966294,199296.8418934515,190730.3380011352
2021-05-25,198517.08802830998,186052.80597844085,183749.3774439238,176329.98662813596,210907.11595966294,200357.96319802478,210907.11595966294,203533.035321856,195512.26043944198
2021-05-26,198068.1765152614,186391.8179956146,183861.03923762712,176801.06877886257,211571.71595966295,200076.94109911623,211571.71595966295,204708.63094079233,195263.7857051135
2021-05-27,199829.87531947787,187069.18760935363,184850.17173529963,178301.36893313352,211849.31595966293,201334.64634638757,211849.31595966293,205139.54743594138,197079.43139909944
2021-05-28,199465.04683149717,188064.33001278836,184652.62093232793,177697.59491818285,212417.31595966296,202028.62424747902,212417.31595966296,205172.62655972864,196950.28785067043
2021-05-31,200928.0819952068,188582.71323167946,185514.4994202644,179133.74356586963,213302.91595966296,202576.61160875115,213302.91595966296,206382.0617405586,197946.48206600713
2021-06-01,201316.1068541215,188526.82524885325,185561.0188707424,179823.77346650616,214345.71595966295,202481.06844529614,214345.71595966295,208291.85735949493,198401.06499159272
2021-06-02,198826.86623283345,186339.65563511424,183942.84861729265,178471.84042946613,211910.51595966294,199651.5937227519,211910.51595966294,206484.54086434585,195797.2469855953
2021-06-03,197809.83774485276,186472.59803854895,183372.18454698927,178376.9775963477,210646.71595966295,199397.07162384337,210646.71595966295,205370.9199881331,196172.90343716627
2021-06-04,198847.2098672339,187203.24202996213,183876.92252802622,178853.09456118994,210636.00235966293,200674.0937227519,210636.00235966293,204792.84537866496,197428.3961803076
2021-06-07,199692.7401591334,187919.42842481,184154.0970143826,179545.3093077243,211467.24235966292,202100.80739584184,211467.24235966292,205274.42669298407,198834.73919093967
2021-06-08,198799.7613610233,187991.50998607097,183609.1956388214,178717.51221406827,211790.67530966294,202077.61443456972,211790.67530966294,205292.90189783502,197078.89578089069
2021-06-09,198836.467427677,187264.46599465786,183586.7954135617,179449.18889556348,210740.87530966295,201310.84074638758,210740.87530966295,204849.29970730317,197297.5330096749
2021-06-10,199869.78804285865,188304.53560839687,184217.20342278865,180670.74575880892,211689.27530966295,202458.99758293256,211689.27530966295,205945.51620245224,198757.94873173532
2021-06-11,198065.9219703559,185827.86599465786,182953.97092511615,179436.82837134364,209302.67530966294,199545.31443456974,209302.67530966294,203977.3997073032,196122.51378970352
2021-06-15,196901.51494046825,184576.75045763626,181351.64475903788,178793.2684450145,206780.62585966295,198780.04942084185,206780.62585966295,201529.68707404775,195253.785373314
2021-06-16,194299.50170560455,183098.67437770078,179896.99152150104,176364.0003703275,205558.22717486296,196544.84514102552,205558.22717486296,199905.9640539189,192661.6242235349
2021-06-17,197954.50274710165,183131.78220139904,181740.47287307098,177937.41037645566,205858.92637486296,198421.58416029537,205858.92637486296,199943.49778305006,194462.17107129423
2021-06-18,198862.25608654134,183948.7858896391,182556.6666310711,177509.55657834574,205231.17917486298,198671.30524629465,205231.17917486298,200836.82347008045,195343.7733552312
2021-06-21,201077.22639345756,185993.49732761006,184565.42629525304,179131.9660303758,206819.51517486296,200974.36208283962,206819.51517486296,203068.88527091796,197512.5202631911
2021-06-22,201830.15124305262,186704.41011941127,185273.2766754955,179823.0473647729,207252.78417486296,201878.69260756677,207252.78417486296,203843.5172140144,198259.74795117966
2021-06-23,205845.61974511,190416.37505899696,189009.0409025868,182595.10750627576,208840.78417486296,205696.7157408374,208840.78417486296,207894.16233200912,202207.22711500205
2021-06-24,205648.0652024311,190241.4737051667,188869.4501865263,181806.88561423225,207420.48417486297,205428.9420526552,207420.48417486297,207702.4921897502,202023.7463349734
2021-06-25,207860.45611707325,192295.27099750616,190882.4687544052,183507.4011801624,209063.48417486297,207508.4946762909,209063.48417486297,209943.65190523237,204204.18477491612
2021-06-28,208710.01369838213,193057.40162317897,191640.7539889508,184641.04941427588,209864.384174863,208806.04729992658,209864.384174863,210777.51162071456,205029.12321485885
2021-06-29,206650.23975121643,191151.6120805704,189715.70132725366,183029.41673257924,207252.119416863,206692.93362683663,207252.119416863,208698.28801903952,203008.12939893905
2021-06-30,210130.4379463576,194368.3655821851,192923.10589016305,186036.36498020604,210097.61941686296,210450.89992356228,210097.61941686296,212208.9713361967,206430.16165480154
2021-07-01,207499.2809666684,191936.1837893074,190490.51913464768,183986.4498463761,208221.9522845186,208106.12520101806,208221.9522845186,209554.7838483288,203845.01246290468
2021-07-02,203824.4954971345,188547.6110999908,187120.08900137455,181226.09593124536,203774.67296290843,204473.5631172017,203774.67296290843,205855.40261652693,200231.58867505935
2021-07-05,209255.34763333504,193586.01712264074,192111.48580131432,185696.44785092626,208864.68256334937,209786.62520101806,208864.68256334937,211353.48384832882,205578.81246290467
2021-07-06,207400.0688426806,191876.4518098043,190458.84318404153,184191.46284447503,207417.3894096546,208051.2988892002,207417.3894096546,209486.5539905877,203760.5932429333
2021-07-07,209123.17188131053,193446.58108164684,192022.93770252657,185944.02875322313,209857.86338959963,210103.0778246537,209857.86338959963,211200.84356381098,205435.55090284738
2021-07-08,212570.1615927135,196623.98070839612,195175.9593123451,188111.7603306969,211162.76202012305,213380.2746461065,211162.76202012305,214669.05882406462,208821.61084669843
2021-07-09,210756.3876455478,194963.99116578753,193522.00665064796,187948.95832173375,215096.80724105996,212443.66097301655,215096.80724105996,212856.33522238958,207050.21703077861
2021-07-12,213637.87856018997,197631.288458127,196173.62521852687,190530.5372285808,219426.13190574327,215074.31359665224,219426.13190574327,215767.59493787176,209876.45547072132
2021-07-13,211176.16824106104,195376.8029770092,193877.7447050113,189971.6870987587,219768.73190574328,213067.32098810875,219768.73190574328,213306.38176297344,207464.90399488746
2021-07-14,209960.15611707326,194260.67099750618,192804.0687544052,187937.90408775737,216048.51408844287,211220.49467629092,216048.51408844287,212086.55190523237,206270.08477491612
2021-07-15,208810.21854187082,193178.4773934068,191738.34394452642,186775.51753146976,216987.88669891132,210041.65993865448,216987.88669891132,210906.31787678058,205131.8486189104
2021-07-16,208052.80641788308,192492.8454139037,191080.7679939203,186107.3978613853,216036.93464469645,209067.93362683663,216036.93464469645,210156.5880190395,204394.42939893904
2021-07-19,209645.9852085375,193978.1107267401,192571.1106111931,186820.11753146976,215719.9428615559,210059.35993865447,215719.9428615559,211777.7178767806,205968.14861891037
2021-07-20,210603.67612317967,194848.90801907956,193461.22917907202,187356.06576558328,215400.49080734103,210846.81256229014,215400.49080734103,212728.27759226278,206895.88705885308
2021-07-21,213622.85795246396,197641.5026037585,196215.76631482987,190837.4949019937,221087.69492987572,214742.11780956152,221087.69492987572,215775.6970232271,209866.66393873852
2021-07-22,215949.37371670123,199784.01268789917,198364.03526295125,192029.10269171538,223454.42507246532,216692.30095792434,223454.42507246532,218112.8886818057,212131.23006666976
2021-07-23,214323.04522685666,198285.12179146035,196865.29188519355,190575.72234828657,222008.2250724653,214834.7135966522,222008.2250724653,216477.09493787173,210541.35547072135
2021-07-26,213111.59552766645,197146.79620785787,195756.89112470864,188511.39794409624,220555.56914717614,213143.40724719796,220555.56914717614,215234.53105167887,209329.50009474423
2021-07-27,211734.60037115513,195882.0719780857,194483.58108028426,186524.98227713467,216846.31844833292,212254.56988592583,216846.31844833292,213855.43730774493,207994.3254987958
2021-07-28,209520.7809666684,193845.38378930738,192459.71913464766,184991.68595871492,213187.6817629016,209184.77990101805,213187.6817629016,211631.88384832884,205818.91246290467
2021-07-29,217321.28584068903,201062.74466740226,199617.11121355736,191944.87410492398,218956.3817629016,218303.33196974217,218956.3817629016,219509.2185395468,213493.54928664112
2021-07-30,218517.24826548656,202169.65106330288,200722.4864036786,192937.70831600385,220026.19456290163,219648.94723210574,220026.19456290163,220717.384511095,214661.5131306354
2021-08-02,217904.34826548654,201581.75106330286,200140.8864036786,190003.3729101603,217780.64819435266,217309.59723210573,217780.64819435266,220077.684511095,214049.11313063538
2021-08-03,212488.54482236985,196577.80580268204,195140.0917395569,184424.8115234486,210371.5120402109,209797.4643117444,210371.5120402109,214618.34407845564,208739.8586348302
2021-08-04,217939.93393215322,201283.85659663618,200155.61487034525,188476.35155941074,216432.890080403,215020.78323210572,216432.890080403,219753.987111095,214081.1293306354
2021-08-05,217997.46302361743,200597.89632587016,200210.15672713314,188933.91930640122,216092.66175416054,214608.8484944693,216092.66175416054,219003.55308264325,214148.29317462968
2021-08-06,215245.5054423086,198543.23063886177,197682.27149258755,186553.7102313118,215004.04820014111,212078.37161835615,215004.04820014111,216758.5686882261,211433.25473468695
2021-08-09,213869.20604392822,197324.6525780743,196426.86997161777,185776.2711467138,212775.52339988222,209929.4654415741,212775.52339988222,216382.21625563866,210080.8439827328
2021-08-10,214001.49391994043,197559.51642797905,196522.4940210116,185971.39263110328,213241.48077082142,209886.95743636508,213241.48077082142,216934.1720127799,210200.32476276142
2021-08-11,212827.48967807135,198869.49059372157,195454.70254446618,185295.3519035175,213710.90171739648,211047.79194096677,213710.90171739648,216153.14106685334,209050.58860675571
2021-08-12,213272.6207188689,200105.51554202038,195858.60104498742,185115.87999673173,214080.33399806925,211376.0409944215,214080.33399806925,216422.0219372734,209471.34382194997
2021-08-13,208053.42356085533,195686.80751086248,191043.590785519,181706.8386236843,212518.36128337256,208022.56924258108,212518.36128337256,211172.61664464403,204359.2375128964
2021-08-16,207651.69449418865,195408.3010711117,190677.1041188523,181618.66138420277,212100.114409874,208190.1033204546,212100.114409874,211194.8073970684,203953.60871289636
2021-08-17,205359.09361918864,192112.15470549004,188613.5684438523,178040.33457223864,207236.50347652365,203911.821048137,207236.50347652365,208568.84480338142,201725.11888789636
2021-08-18,205125.20340321923,192282.4604808303,188384.06833346435,177733.02057223866,206463.86542786978,204183.83102633196,206463.86542786978,211057.4987271881,201465.05960610762
2021-08-19,203731.9535312363,190829.3998009514,187083.95885614428,176822.11357223865,206422.23543065847,202798.17550120622,206422.23543065847,209171.11626535386,200050.98590189576
2021-08-20,202579.85115783682,189319.78820594735,186025.46384450907,176135.20059723864,206367.016341524,201051.32891056282,206367.016341524,207773.02306872615,198918.88480006772
2021-08-23,203469.7689406739,191737.37546148637,186842.67905054626,176553.35059723863,209479.92436565814,203634.63729923515,209479.92436565814,208722.4623773559,199793.3031676592
2021-08-24,203975.18553188563,192860.41755540995,187306.2164913168,176412.5650657414,210259.89776812226,204132.91333681054,210259.89776812226,209942.72405395724,200109.78010108334
2021-08-25,203724.06366020069,194526.51390717042,187076.65231025184,176583.81980685223,213358.04723804118,205542.46454638362,213358.04723804118,209609.39896024016,199650.23750524822
2021-08-26,201884.97374641412,194385.94758122446,185387.86884697754,175700.75308403146,213835.51614130172,205353.1125727914,213835.51614130172,207226.57356992908,197782.21374861838
2021-08-27,202754.53950352236,195756.2349596486,186019.00311476953,176574.49440789773,214659.96773843258,205587.31480641197,214659.96773843258,210175.7727588862,198372.81977446043
2021-08-30,206395.35470664897,198412.86802353684,188445.31911890468,178742.1928751378,220947.34524339385,209716.46617968543,220947.34524339385,210491.64808939974,201087.63846432045
2021-08-31,205304.2296143187,202049.26234344803,187541.4410910241,179519.7612804865,222737.29774023558,213522.45105726767,222737.29774023558,211293.65719256958,202293.3572416568
2021-09-01,204323.85965125082,200211.33326340962,186793.23025841144,178439.70730256388,215594.9265631064,209801.0814530678,215594.9265631064,209387.61355130165,200302.6859816392
2021-09-02,205957.4045219884,203225.5244960093,187224.7311902593,178766.0181355282,221785.20257543714,213417.29594128238,221785.20257543714,209036.36629573937,200516.69226991007
2021-09-03,204237.66824398842,200565.2074773196,185810.22163366183,176931.10707181197,217848.4389195102,210655.84010076776,217848.4389195102,207663.53924897837,199646.4922699101
2021-09-06,205310.49370563976,202889.94436684443,187808.35240864346,178475.82991352023,219220.88288879127,212950.61438381183,219220.88288879127,210662.8728611279,201969.6983832284
2021-09-07,207714.18839171686,208368.99173559563,189983.66103049868,180058.88238099363,224585.84769543738,219477.91489673816,224585.84769543738,212821.6867916186,204847.44222617193
2021-09-08,208811.00823722078,212305.2182188948,191766.9152812831,182332.06037302205,224152.12353813337,224344.43219213808,224152.12353813337,215072.1797955099,207032.62898779844
2021-09-09,206066.05063722082,214057.40165583685,189546.00677333833,179568.04542825322,227355.02911541937,226391.39427278712,227355.02911541937,211782.9300315106,205328.20296793338
2021-09-10,206497.0506372208,212855.6224898131,189409.75966211205,179226.0301135202,227655.22370207508,225556.96116721968,227655.22370207508,212722.9782292243,206768.2870066563
2021-09-13,204709.40498722083,218619.3292833495,189424.7118527857,179552.62852519267,230287.11370050337,231694.66923647161,230287.11370050337,211608.47479665308,209334.1914941261
2021-09-14,202686.60498722078,214158.135367323,188745.70169389097,178748.17095280826,225958.59212395234,226070.87669944705,225958.59212395234,209712.40411351027,206426.27428866108
2021-09-15,203157.5049872208,214745.37419166171,189076.56543965946,177929.11217512624,227584.15771245206,226151.0848660794,227584.15771245206,207845.51454951096,205133.2588271575
2021-09-16,202282.8313584208,210440.36015481505,187402.71947195672,177098.71217512625,223259.4080120049,222595.88683603905,223259.4080120049,205721.6926883615,201439.3161857021
2021-09-17,203371.61295842082,204290.97417950828,187381.21947195672,179239.71217512625,218239.2090815119,215936.09607487248,218239.2090815119,207778.7354883615,201588.6794565115
2021-09-22,201296.07024565063,206692.69916513687,185511.98457913587,177325.808774534,221521.88271188625,218323.14543462213,221521.88271188625,205661.0257763834,199787.66100450038
2021-09-23,201987.61049316422,206456.27171416007,187502.4929985736,178070.94204185094,220937.71503114438,217891.15297990607,220937.71503114438,205829.49666746115,200263.29874376327
2021-09-24,201556.79163179608,200824.80749543634,188102.59711209242,178581.61907156973,216018.48523853187,213060.94456931963,216018.48523853187,206032.2667664894,200062.50701110778
2021-09-27,203216.39942555944,196667.52001099873,188861.63552474053,179724.96769430104,213938.90532336128,208706.66494319675,213938.90532336128,207667.67104522645,198765.33838523843
2021-09-28,202722.39942555944,195641.3761697853,186873.73191941268,178867.56829430105,212833.26620797126,207516.15545931627,212833.26620797126,207610.77104522646,197872.03838523844
2021-09-29,199813.88107555942,192204.10656872814,184710.6336826852,177733.36329823,210138.53277449607,204102.3577369121,210138.53277449607,204587.57104522648,195598.2383852384
2021-09-30,201399.28747555945,194479.422569723,187904.53280104895,179414.04823143812,212323.35769716115,206417.4150023989,212323.35769716115,206468.47104522647,198640.33838523843
2021-10-08,200892.71566435942,196808.18020487938,189401.6979736799,180560.92848288978,215349.95290829148,208797.76218493376,215349.95290829148,206633.76749682648,197591.13861083842
2021-10-11,199061.81566435943,195607.9982762386,188000.7577825675,179261.66921216738,214214.91769393015,207290.52943886595,214214.91769393015,204887.2674968265,197158.33861083843
2021-10-12,195745.2248007814,191979.55985089636,184115.36817931331,177506.69171384996,211013.86877839302,203470.33954310592,211013.86877839302,202708.6290558265,194565.7073359194
2021-10-13,196506.78099906025,193684.3631296425,185427.76817931334,179205.98708831804,213385.97816674208,205232.8727230435,213385.97816674208,205094.1290558265,198314.0073359194
2021-10-14,196979.23400603427,194721.67244408693,186139.09012868186,178003.68869110936,214523.42557704885,206457.55154516883,214523.42557704885,205444.52905582645,198839.6028751931
2021-10-15,196160.9198647014,196165.9477843959,186909.0511033661,177539.64166637493,215787.0340647411,208236.04730934155,215787.0340647411,205278.00465582646,198903.90064482996
2021-10-18,197839.01340781013,196340.97417036866,189017.91695147165,177524.5447527377,214903.7251599162,207966.95287585302,214903.7251599162,204064.67179168307,196156.8097126511
2021-10-19,200337.29792512528,197640.9668554471,191513.6511033661,180450.42376708207,216158.91244199505,209506.50397929558,216158.91244199505,205408.13388533535,197738.42309482995
2021-10-20,197856.64110121978,195111.07473800777,188508.41757678738,180240.29001865105,214300.19833582305,206952.38035330345,214300.19833582305,203679.59954396385,199752.21194301423
2021-10-21,195973.0560471352,193613.09400213943,187164.73219705123,179132.7055427464,212801.76712927056,206303.45680310082,212801.76712927056,203461.18482530897,198525.7784875671
2021-10-22,195239.28561488717,194406.2141040546,186377.04927299847,179769.34000171584,212983.3990514744,207386.2395092567,212983.3990514744,203621.97628200735,199596.18517865654
2021-10-25,198053.97439277236,195627.63582668346,187538.51757678736,180893.41905478574,215606.1256186456,208464.5790767563,215606.1256186456,205526.3477594712,202419.71194301423
2021-10-26,197559.28013585915,196151.81472740046,187538.0078299448,179778.91678949483,216045.54471023282,208914.62765625687,216045.54471023282,205726.51801720913,201723.63424664564
2021-10-27,197677.22088777818,194269.2278560483,186840.39562741885,179342.99844672743,215336.1567511787,206721.47775054583,215336.1567511787,204480.89958371854,200374.91640374053
2021-10-28,195001.95006157947,192336.06951742189,183327.0853751457,177900.07581842737,213469.91567158033,205378.82942339266,213469.91567158033,202016.80460035807,198738.99186974595
2021-10-29,198527.0051730103,194799.060693314,186899.5317295661,180888.95108199373,217662.40011051059,208774.34736345315,217662.40011051059,204806.07538840797,200954.18099482995
2021-11-01,198694.46330566055,196749.42765804427,186495.84798588097,181491.2734980012,217513.2782199714,208812.87247411616,217513.2782199714,204189.26112765836,200885.0256020928
2021-11-02,199281.28955265373,196977.4324369607,187539.1992137226,181533.66834477283,217772.26063053182,208840.93722979896,217772.26063053182,203075.28170622297,200841.4456753611
2021-11-03,199438.89199708705,197062.20613789657,188850.5601884069,182700.74441923475,216309.78139622163,208351.0094326981,216309.78139622163,201988.86461730755,199834.84344499794
2021-11-04,203579.27602766262,201519.0771016726,192241.1528972477,184784.34441923475,220048.43982803955,211931.2000730114,220048.43982803955,205278.63392843987,204377.40589516595
2021-11-05,202016.60417712195,202478.93701472232,191520.6967959847,183882.14441923477,219375.08953869063,211216.53149066734,219375.08953869063,205140.32671095984,204228.3969737134
2021-11-08,202007.50808315974,202100.6774096624,190890.557770669,183650.14441923477,219579.22862852103,209999.34827591054,219579.22862852103,205729.43067765835,207541.89474335022
2021-11-09,203079.34094595193,202313.1375959533,192062.13094787917,186435.64441923474,220492.14618943728,210841.5516329592,220492.14618943728,206686.97219274606,207996.21035589222
2021-11-10,201165.9282479069,201671.11165703897,190987.7480238264,185617.04441923476,218338.5592975068,208998.9113483755,218338.5592975068,205709.15811574453,206154.31704698165
2021-11-11,202488.81663000112,205033.6719775024,192429.17242887832,186594.34441923475,220223.37803459374,210990.48376207432,220223.37803459374,207413.1891625707,208782.65273279193
2021-11-12,203794.88958570792,205312.5498413751,193410.17488456168,189079.04441923476,220297.1227225975,211495.6868819699,220297.1227225975,208463.98230304912,209272.01107932848
2021-11-15,203140.22889635433,206940.12918562582,193889.57488456165,188183.64441923477,219761.66822197507,212625.5933589141,219761.66822197507,209078.32996174134,208050.51107932848
2021-11-16,202679.40101310267,208024.81953585404,194085.74806177185,185958.83446923477,219344.93562421497,212465.2700967267,219344.93562421497,207896.33884429536,208528.82669187046
2021-11-17,203092.91185498872,208746.61947376782,194856.97246682376,186547.87655589022,219678.3429944174,212629.29191754287,219678.3429944174,208340.05741503142,210665.46237768076
2021-11-18,201445.22304434027,204924.43658004486,192858.19196050888,185257.97305768394,218183.09632151795,210607.68640766377,218183.09632151795,205609.0337703503,206961.71777041792
2021-11-19,202393.69342829206,206932.91308281582,193849.42123898206,186244.2939119968,220552.55663397943,212311.60870278606,220552.55663397943,207082.65997545738,207812.94230441249
2021-11-22,203007.39352528652,209442.6109616356,195683.2627199812,188770.23821054606,224081.6192626698,214110.9475459985,224081.6192626698,208149.14687290386,212209.78468131222
2021-11-23,202653.86343174812,208631.01112804166,194739.1407706127,187701.8564749354,222971.42095573506,212681.85234441838,222971.42095573506,207677.9047043936,211408.18914203846
2021-11-24,203236.7211391854,209778.21593429567,194577.09781514798,187528.11629795044,223437.36489402328,212228.8131328905,223437.36489402328,208172.7787990747,210994.40921530675
2021-11-25,202278.58342780612,207403.38177382777,193519.39264680436,187308.92847421,222997.97815738744,211672.08963355,222997.97815738744,206619.9340701385,209658.17129913333
2021-11-26,199576.79117506123,204978.42690724175,191978.12294396208,187215.8432403931,221953.98089167225,209821.61433710868,221953.98089167225,204208.2315097125,209532.34507404934
2021-11-29,198115.51215303736,206013.09955255067,192534.68800966552,186923.59453535482,221736.09998696175,209644.08459639695,221736.09998696175,203501.08043864873,211994.13615259677
2021-11-30,198598.6751753061,206001.55959725784,192126.6343640859,187279.87976917176,220917.74688014865,208535.44454896633,220917.74688014865,203408.98043864872,211278.05950268076
2021-12-01,199703.54367904633,206221.76935134953,191731.96364255907,187533.02238608024,220647.47933368312,208541.1944303898,220647.47933368312,204415.1277280109,209923.98403667533
2021-12-02,198455.60832215764,205260.92750644413,191236.44116155995,185799.6848140802,220303.63897015472,208299.6924230114,220303.63897015472,203828.3302884369,209490.64165977563
2021-12-03,199545.88897022972,206718.51332365948,192019.29238940164,186831.19349213352,221784.6839631648,210329.08786174457,221784.6839631648,205704.29068035263,210627.2617330439
2021-12-06,197976.73381504754,204550.44758096235,188992.4070096655,184839.59775598865,219818.3935230673,208964.46580377533,219818.3935230673,203546.91313822503,206593.22827759676
2021-12-07,198793.7358302622,202840.14770144798,187787.62549983908,185282.83604106514,218821.43645748586,208948.7686735357,218821.43645748586,204367.56944568563,201447.0383232
2021-12-08,199688.89864948497,206573.65890368418,188912.92917542916,186484.5459259504,222777.98348373777,213213.48617023812,222777.98348373777,207529.75634313212,202320.73800348619
2021-12-09,202188.7337353232,210307.3510622067,191755.57733763417,188064.75201408018,225434.35047740498,216673.54203584683,225434.35047740498,210669.89309036674,205554.4085633431
2021-12-10,201031.98183194426,208955.4113627438,190864.05693212175,187728.8667802633,224617.51745373706,215475.1868816973,224617.51745373706,209666.9799878132,204871.88216370085
2021-12-13,201010.58484382168,210554.52251030496,191554.7846888143,188105.0606921335,226501.2425250227,217276.10054704497,226501.2425250227,210586.2116141959,205337.52632391552
2021-12-14,199306.4739037622,209079.4732753164,189636.80838901567,185383.81040671407,224094.77623655772,216240.8636195099,224094.77623655772,209899.56574057858,203769.08918534254
2021-12-15,198860.75407434412,207505.67479988065,187868.45738901565,183599.131518765,222133.6216183126,214447.04019263442,222133.6216183126,208314.557758877,201098.0601853425
2021-12-16,199221.62901874044,207921.6842889815,187125.67490826832,183358.98572735285,223318.562473986,214878.93962978743,223318.562473986,208291.794119303,200073.6625365897
2021-12-17,196967.88533158723,204895.3728361964,185374.23896376858,182035.91839409858,219963.20262997894,211524.02511472168,219963.20262997894,205343.68620109203,197577.1187067188
2021-12-20,195546.12922956827,203005.31848131467,184040.91484215425,181423.79013851553,218319.14824252282,210089.115384728,218319.14824252282,203505.70306527513,196153.13436332776
2021-12-21,195286.22488009493,202078.88333546603,183756.5675821681,181072.44532931552,217895.53964565406,209307.05550291695,217895.53964565406,203756.70393303677,195848.80047804504
2021-12-22,194880.97041663728,201519.27757994586,183622.66183817087,180718.0853293155,217598.43990932137,208643.61476985016,217598.43990932137,203021.7885322559,195821.1999412054
2021-12-23,195148.71733253484,201381.75198726755,183872.43859975314,180161.6563293155,218745.38375476561,210064.6349262976,218745.38375476561,204159.24625333742,196193.93979965613
2021-12-24,195782.8286702095,202058.36864058053,184602.4077901487,179872.89252669422,219538.6221972105,210960.24538935695,219538.6221972105,204012.16730999047,196893.39382751187
2021-12-27,196426.01210793815,202149.18252583622,184209.3821932063,179957.0665256381,218735.60181082107,210283.44336379628,218735.60181082107,203318.69716611702,196941.48172452257
2021-12-28,195834.26463315546,201992.67144797932,184441.7302348024,180352.10205331026,218541.71486387716,210408.10874362238,218541.71486387716,203364.48044372007,197035.54368664403
2021-12-29,194697.4108638172,200652.42171230324,183407.7057258182,179128.7117219835,215331.2811609887,207778.93823269315,215331.2811609887,202020.71377574097,196128.79773231043
2021-12-30,195444.69568210095,201373.90521216745,184116.19138112364,180231.76460755055,215974.82877459927,208256.9820568747,215974.82877459927,202619.1984727497,196882.31347939617
2021-12-31,197090.5002060895,202755.18020584973,185371.74776271,181368.08440312117,218402.73600182042,211046.64474652274,218402.73600182042,204674.20214449166,198093.68614858895
2022-01-04,197217.7051001418,202897.01028192355,184417.7743275486,180103.9815225383,220483.69684265213,213148.53577538088,220483.69684265213,203111.23151773584,197940.14097439428
2022-01-05,197070.94997508902,202093.63430771505,184063.28464547766,178390.42531623886,218971.77901245214,212672.26997123862,218971.77901245214,202550.36728111634,198041.45762037835
2022-01-06,196034.03824423434,201087.664037798,182576.2305704391,176832.54295271065,218403.81100844106,211939.00096375667,218403.81100844106,201281.45512569888,196928.87964401045
2022-01-07,196837.23808175555,201662.48151711156,183556.30485055238,177947.75958977093,217555.1905261236,210622.15765690585,217555.1905261236,202756.18434357387,197475.50642708462
2022-01-10,197648.9190853828,202158.10999886488,184066.51659127104,178388.9212111131,217892.87957315193,211245.16691059642,217892.87957315193,202786.86336384277,198361.04687364574
2022-01-11,198071.79456958253,202663.80892419055,184748.74764389507,178881.3200329214,218409.18182214923,212010.52823740593,218409.18182214923,203865.81107206055,198739.48672781204
2022-01-12,198761.02138982047,203353.83594069784,186653.51091857572,179931.72606642038,219621.66098024804,213812.20097411273,219621.66098024804,204075.6239959835,200731.2740828569
2022-01-13,198005.28170579765,201903.523937629,186205.31666257296,178375.38414678926,217992.12094881295,213149.18691872267,217992.12094881295,202932.1211849238,200098.83232984622
2022-01-14,195011.0742061046,198288.96264409652,184165.43248072176,175905.26530971032,214432.9674849938,210843.6058135663,214432.9674849938,200426.55339699963,197865.26403718808
2022-01-17,195155.3367734688,199079.5712771074,183425.2471745858,175038.63228234497,214656.21789867722,211912.71961957775,214656.21789867722,201333.50409921072,198569.03060099878
2022-01-18,193816.67548599074,198079.76245421288,183104.0541525403,174151.07193065673,213888.91587873863,210585.21690518348,213888.91587873863,200495.47945031628,198576.56388290413
2022-01-19,191607.34761087113,195613.9624542129,182162.67417697626,170976.72806200234,210677.7077380172,207034.71690518345,210677.7077380172,196811.27038041962,195891.1638829041
2022-01-20,191905.409865867,196231.7333976832,185158.09874776818,171389.95514498223,211011.77332540927,208436.46265548567,211011.77332540927,197672.15631749973,197961.60490364162
2022-01-21,191533.40762334838,196393.43339768317,185138.8716796739,170661.25589282895,210552.2143059888,208222.56265548567,210552.2143059888,196996.51026753162,198307.60490364162
2022-01-24,192198.44517394502,198270.00581969044,184754.38918410707,171831.44406871422,212374.18803410232,209448.6718594933,212374.18803410232,198538.177402339,199755.88261284877
2022-01-25,190507.70781907224,196340.55542118498,183431.25221182586,168401.96276846412,207452.31674976833,205809.22353248758,207452.31674976833,196231.25802623347,197434.6915809434
2022-01-26,190067.17936756936,196066.75857868194,182729.05000033687,169196.33927035108,208399.92655556372,206463.93636415107,208399.92655556372,196108.80505339705,197188.15086877378
2022-01-27,187234.61382691114,192480.77368582622,180758.2676222415,166848.07329281603,205179.28175891525,202501.45576666412,205179.28175891525,192353.72091920883,193649.50318245054
2022-01-28,187442.9393493157,192692.08863383107,180590.5355725176,167107.07329281603,205498.28175891525,202723.59523600253,205498.28175891525,192563.3656757471,193864.48832192196
2022-02-07,190864.99209377734,196216.24609916477,183895.70167025726,170012.73229281604,209078.36775891526,206511.35426165457,209078.36775891526,196092.3249415472,197405.82861333882
2022-02-08,190964.53487721755,196328.40791984723,183993.73885455634,170021.62429281604,209002.27335891526,206694.56012097394,209002.27335891526,196210.85338876274,197510.78310918662
2022-02-09,192994.21995219725,198271.47271305436,186879.76399250215,170989.53429600896,210251.60067659334,208183.4811822971,210251.60067659334,198824.45856490303,200609.3983126668
2022-02-10,193737.0133828665,199147.36109586788,187650.67912891708,172740.01971074461,212192.34866697338,209851.1242792914,212192.34866697338,200890.22591311642,201436.60952029034
2022-02-11,192763.31668804048,198096.88339774305,186788.8907534263,171257.68484604993,212243.5242698594,209544.3234564248,212243.5242698594,199309.36302184855,200515.25868570118
2022-02-14,190146.8713680177,195348.56146904876,185847.83429682528,169546.6939901708,210534.5218583154,206409.44443125033,210534.5218583154,198547.13204886328,198861.60486663494
2022-02-15,188865.46667817605,193919.11792544747,185339.11268452602,168311.8391345669,208607.08844773343,204658.39982822724,208607.08844773343,196678.46403195066,198174.71055158076
2022-02-16,189392.3500946961,193903.61034410034,186808.707574849,168777.47223952698,209091.31204099944,204351.64699025877,209091.31204099944,198162.76867724015,198512.1666065003
2022-02-17,189742.0281046785,194800.22798151427,188651.95107988286,169068.908814887,211112.02759578553,205337.22972423694,211112.02759578553,197013.8168346749,200539.13756382331
2022-02-18,189467.73805476647,194671.82739765715,188199.83315294047,170167.4578952071,211756.6536005955,206363.58803771937,211756.6536005955,196293.5940475012,199808.7714456926
2022-02-21,187922.2234235576,193299.6525102389,187106.7131332553,169782.3961891271,211472.6438383675,206201.07532622002,211472.6438383675,193719.180656749,199286.0739076069
2022-02-22,185051.09650928417,192165.91646688074,185548.69882768998,167532.149887687,211408.76260854557,205672.88248069392,211408.76260854557,188898.75205434902,196182.54472823613
2022-02-23,187658.1109092805,194030.7394768998,187992.66382896635,170216.52303840706,212667.33660373557,206440.0816412139,212667.33660373557,190596.952054349,199220.00299447883
2022-02-24,184785.92653073795,192471.54929451563,184923.21800542297,167953.2209838469,211181.37415612757,206397.68796356054,211181.37415612757,186016.50746474904,195092.17947029872
2022-02-25,184673.09133073795,191469.81838321994,185844.42954414233,169021.41267472698,209813.9237388116,204214.50222670007,209813.9237388116,186493.51786474904,195733.59760404262
2022-02-28,185583.49133073795,192211.11838321993,187278.73706098966,169879.016843047,212227.91730802768,205595.00222670007,212227.91730802768,186720.91786474903,197617.32416204517
2022-03-01,187462.69133073796,193307.72738321993,186679.41598788643,170966.881657127,213040.8741407356,207264.27422670007,213040.8741407356,188344.11786474905,197023.88716204514
2022-03-02,186307.09133073795,192125.02738321995,185701.17464522622,170128.28165712702,213955.89532245765,207081.67422670004,213955.89532245765,187655.81786474903,196070.38716204514
2022-03-03,184608.90845973796,190575.99797182984,184236.38833269442,170339.19138320704,214905.99612630566,207141.68149070005,214905.99612630566,186678.60677854903,193614.14406804516
2022-03-04,182720.07599453794,188031.98877299047,182306.3320618745,168768.180267687,212148.37655227957,204079.88149070006,212148.37655227957,184473.30677854904,190692.22643444518
2022-03-07,182301.280428978,191820.75218552668,182596.07207724714,168204.68359235296,213448.27055577948,208652.53089299274,213448.27055577948,186967.4898564765,193020.93687913188
2022-03-08,181921.46244273116,191079.77917861665,183587.8309018003,167486.6177888052,211068.9373771384,206370.6887531306,211068.9373771384,186688.1661828705,191961.52205002692
2022-03-09,182371.1019323222,192454.43654423684,184042.27039139133,167898.2169798488,211589.3694328316,207849.69338630553,211589.3694328316,188029.2096104761,193294.64790015077
2022-03-10,181363.02193232218,189334.0605442368,183025.42639139132,166973.8649798488,210422.22143283157,204491.80138630554,210422.22143283157,184983.3136104761,190265.79590015078
2022-03-11,180974.14070400712,189140.63854423683,182633.94067175026,166755.9673798488,210062.6832328316,204283.23538630555,210062.6832328316,184794.1870212438,190064.3452369404
2022-03-14,178413.10083481472,187295.4056572368,179279.96509488084,165609.71417984882,209212.14883283162,202380.96047050552,209212.14883283162,182090.39613716205,186434.56413882776
2022-03-15,173115.0606582458,181237.10674963682,174155.65652436443,162617.4707894488,204077.71380123158,197389.2521337055,204077.71380123158,176768.7071538685,181110.06300009156
2022-03-16,176019.78585824583,184219.6595496368,176006.98172436442,163150.58638944878,207391.03420123158,200609.56013370553,207391.03420123158,179648.57795386855,183045.07940009155
2022-03-17,179738.44825824583,188177.3603496368,178444.98812436443,164141.1737894488,211811.66460123158,204893.5641337055,211811.66460123158,183475.77095386852,185590.98400009156
2022-03-18,182188.5482582458,190744.8603496368,180192.88812436443,164925.6037894488,214674.5646012316,207675.26413370552,214674.5646012316,185768.3709538685,186845.08400009156
2022-03-21,183934.14825824584,191911.8603496368,181025.0881243644,166004.6037894488,215975.0646012316,208937.76413370552,215975.0646012316,187010.97095386853,188308.58400009156
2022-03-22,181537.14825824584,189464.4603496368,179063.68812436442,165082.9037894488,213201.46460123156,206267.0641337055,213201.46460123156,184264.77095386852,186412.68400009157
2022-03-23,183587.54825824584,191823.0603496368,180800.98812436443,165835.9037894488,215856.7646012316,208835.0641337055,215856.7646012316,187333.3709538685,188658.28400009157
2022-03-24,186304.84825824582,194497.0603496368,182216.18812436442,165311.50378944882,218837.7646012316,211726.0641337055,218837.7646012316,190784.3709538685,190645.08400009156
2022-03-25,181453.04825824584,189857.9603496368,177868.0881243644,162201.2037894488,213617.16460123158,206675.66413370552,213617.16460123158,185734.3709538685,185730.28400009157
2022-03-28,179070.12658304584,186961.5603496368,175452.0275243644,159302.2227996488,210345.96460123156,203512.16413370552,210345.96460123156,183586.67095386854,183180.83701829155
2022-03-29,179336.06858304582,187498.1603496368,175584.0915243644,159008.1647996488,210946.3646012316,204092.96413370554,210946.3646012316,184244.97095386853,183118.11701829155
2022-03-30,180502.38136516098,189717.73946274986,177366.4881243644,160467.95984734996,213522.2933953073,206555.5340795245,213522.2933953073,186334.59121872485,185224.96101829153
2022-03-31,178780.11386764725,189248.3946041347,175684.5881243644,159309.1134879569,212969.61774176802,206028.53997129833,212969.61774176802,186082.62790542282,183362.46101829153
2022-04-01,177396.6014531683,188467.22895502028,174697.5881243644,159685.86646053626,212100.07121422602,205185.71501133702,212100.07121422602,185068.68382388906,183750.96101829156
2022-04-06,178273.3748158374,190594.7904266785,174645.8881243644,161612.22404221923,214429.4898835946,207462.6784279828,214429.4898835946,187262.49004282453,184317.86101829156
2022-04-07,175080.08248936568,186850.35913943007,171661.23019976442,158181.13858575016,210219.26267978753,203386.80164324475,210219.26267978753,183704.0231758451,180865.26101829155
2022-04-08,174302.86983031634,187695.2624170467,171888.4301997644,159220.88360908817,211217.3965853214,204336.1340480007,211217.3965853214,183187.52495268377,180394.96101829153
2022-04-11,171219.2530261056,183884.22205577482,167683.31841576443,154662.93243095698,206901.2042644081,200170.15586965845,206901.2042644081,180123.29053398292,176056.08682829156
2022-04-12,172129.8662261056,183913.1120850824,167670.57881576443,155641.33361065353,206892.83689117778,200176.01852377155,206892.83689117778,182200.77219063393,181534.38682829158
2022-04-13,170290.34441181715,182250.33415145683,165960.3503951892,154129.5872512604,205020.5615282518,198364.99742462495,205020.5615282518,180510.81204181025,178279.6233556377
2022-04-14,172641.97385366244,184664.80603262928,169472.81798438306,157216.30114566052,207782.25665949075,201022.13243758393,207782.25665949075,181718.84135256935,181584.32900300616
2022-04-15,172597.1693850697,185991.01012920495,169666.68648318632,158265.7547862674,209291.49858054117,202476.71900774777,209291.49858054117,182780.64802905824,180919.4673067612
2022-04-18,171619.79494803888,184104.98623369762,167116.02583118604,156469.8713527777,207112.96340177953,200389.30040363618,207112.96340177953,182456.83373473404,179915.97907261676
2022-04-19,169979.44841038558,182783.23842239566,165787.304856186,155571.0136511157,205616.90855103,198944.7459932082,205616.90855103,180889.0385196873,178202.685668864
2022-04-20,167455.37801874202,178004.57125909245,162035.37203398603,152037.41164936544,200289.34593893844,193719.54733624242,200289.34593893844,177660.89087817623,176628.3073072213
2022-04-21,164437.27077631987,177071.62800146805,158953.07493558605,150617.30951051455,200346.438174111,192707.18236981583,200346.438174111,174964.72437724128,172848.29463759827
2022-04-22,163415.12239391156,175929.67695665892,156808.22133078604,149600.96551978297,199444.35874870073,191462.66304820584,199444.35874870073,173087.80735035276,171002.44876578965
2022-04-25,161034.63004912264,172441.3660830711,154224.94086758603,145918.5594040554,194771.24207191446,187668.20867701914,194771.24207191446,170666.77422091027,167677.39912820118
2022-04-26,160775.75037180365,172156.5984380202,154224.94086758603,145918.5594040554,194450.8784712322,187357.55306423633,194450.8784712322,170385.24257182586,167408.8114629827
2022-04-27,160742.34654247214,172119.85422575555,154224.94086758603,145918.5594040554,194409.54123243448,187317.46846903855,194409.54123243448,170348.91590742787,167374.1549900513
2022-04-28,160391.70452647633,171745.58934816014,153958.86846758603,145855.41440405542,194234.2678451396,187067.92592984354,194234.2678451396,169978.2389125324,167009.9913259556
2022-04-29,169360.15622245136,181291.4362137327,162099.50826758603,147892.82720405541,194643.91527195016,191290.5028929368,194643.91527195016,179438.64888190525,176379.2537105297
2022-05-05,166036.79952112125,177748.73384226958,158995.40826758603,147452.11340405542,193016.02041664708,188912.29066585467,193016.02041664708,175930.97721920878,172914.10488289973
2022-05-06,160697.61051846106,172066.24229934334,153335.29146758604,143738.9634040554,189844.39065265504,185003.26898266244,189844.39065265504,170302.6490938158,167345.64002763978
2022-05-09,159411.83455045274,170066.29713267766,151311.19966758604,143666.8134040554,187733.22575867502,182441.25559646814,187733.22575867502,168604.13021626225,165579.86175583117
2022-05-10,159698.06061713098,171038.24269691526,153820.39966758603,145819.11340405542,190293.86081617535,184825.0878366311,190293.86081617535,169621.1031233909,166832.75880000982
2022-05-11,162453.88668380916,172774.15572937566,158949.89966758603,150148.2134040554,191382.11273082352,185669.8543663283,191382.11273082352,172331.43718848357,170181.25584418845
2022-05-12,162306.4759344569,173074.09337594337,158670.39966758603,149957.7134040554,192616.2025713522,186732.0369546879,192616.2025713522,172361.80127967693,170044.28469173546
2022-05-13,163455.58859847492,174373.98203248766,159585.69966758604,151388.5134040554,192087.46089306753,186813.5901260764,192087.46089306753,173405.16986228325,170906.78408065415
2022-05-16,162758.10109499656,173505.296332431,158544.79966758605,150112.5634040554,190797.38955690517,185820.32460970682,190797.38955690517,172031.066295834,170187.77250257396
2022-05-17,165176.30109499654,175489.24311991772,162641.49966758603,154677.1634040554,191570.0004993654,186402.0538329258,191570.0004993654,174457.55159462625,172771.2369781078
2022-05-18,164523.30109499654,174961.7461476222,162896.19966758604,154857.2634040554,191743.25808246952,186423.0940298413,191743.25808246952,173938.42414247154,172322.7692158747
2022-05-19,163785.30109499654,174648.84301398537,162772.59966758604,155294.2134040554,191704.51562772936,186817.82697366696,191704.51562772936,173672.4821028124,172477.4671296128
2022-05-20,166989.30109499654,177502.28814242632,165583.49966758603,156429.5634040554,194185.1881210697,189416.87023111212,194185.1881210697,176590.34549879425,174625.12085922432
2022-05-23,166579.60109499653,177678.4740245723,164817.49966758603,156298.2134040554,195420.60681159637,190434.98910182295,195420.60681159637,176188.6447345334,173595.40145364162
2022-05-24,161038.50109499652,171442.02372396906,158446.39966758603,151091.4134040554,187199.88915129192,183135.38041126687,187199.88915129192,170288.96619075217,166990.70891286468
2022-05-25,163248.10109499656,173784.94989180934,159527.99966758603,152245.86340405542,189907.788782655,185675.50056031288,189907.788782655,171994.0250376787,169814.57667509778
2022-05-26,164076.70109499653,175272.3947391157,159705.79966758602,153370.5634040554,192097.72664501017,187932.4277974618,192097.72664501017,172906.54094111742,170393.3390643697
2022-05-27,165485.80109499654,175848.6354825612,160326.39966758603,153377.8134040554,191714.14801885444,187622.85477187677,191714.14801885444,173589.5263718679,170720.86055621432
2022-05-30,166898.30109499654,178049.71901016773,162699.99966758603,155540.36340405542,194910.60104741788,189958.47621133155,194910.60104741788,175572.71999588844,172600.69816694237
2022-05-31,169655.60109499656,180883.0154937793,167131.49966758603,159600.7134040554,198329.879966522,192940.58802279405,198329.879966522,178744.22226078267,175843.79816694238
2022-06-01,169382.40109499654,181334.99588740675,168011.59966758604,160009.0634040554,198652.0488976996,193128.1712960279,198652.0488976996,179387.53818247633,176811.6874210201
2022-06-02,169831.80109499654,182466.0581030803,170796.09966758604,163128.7634040554,201015.8035045378,195142.2644368431,201015.8035045378,180671.48811599126,178371.76596710752
2022-06-06,174097.80109499654,186580.28293883274,177362.49966758603,167606.7634040554,206504.03574515373,199547.8885333786,206504.03574515373,185329.87929802804,183804.4659671075
2022-06-07,173791.00109499655,186641.26749607106,176345.69966758604,166121.1634040554,205869.92638096825,199221.25422973983,205869.92638096825,185138.30296538825,183214.66596710752
2022-06-08,176271.10109499656,188624.42055825272,177958.39966758605,166592.11340405542,207484.5425765308,200587.43497185345,207484.5425765308,187195.03192780973,185282.3659671075
2022-06-09,173892.30109499654,185244.98263748505,173258.599667586,161655.8134040554,202660.20673590785,196676.3662439508,202660.20673590785,183593.03649512,181841.3659671075
2022-06-10,177442.80109499654,188790.31382613906,176665.19966758604,165191.36340405542,205851.8461386935,199970.53866411315,205851.8461386935,186782.40793517075,184633.69447637856
2022-06-13,175621.60109499656,187645.7707629421,176807.39966758603,164174.0634040554,205768.11918095427,199666.69091361645,205768.11918095427,184952.72390098378,184049.1501561429
2022-06-14,176113.60109499656,188319.24595913928,176821.39966758603,163100.61195405544,205541.34253868653,199851.6122399504,205541.34253868653,185902.04890253322,185034.85908579017
2022-06-15,175861.14109499654,189062.22385605652,177051.19966758604,163892.9587540554,207897.4584413007,201243.99395127234,207897.4584413007,186710.65223110263,186082.6034060258
2022-06-16,175617.84109499655,188028.3481711754,176948.99966758603,163092.55875405544,207546.37158577668,201112.9246333164,207546.37158577668,185722.30204229275,185985.66217167274
2022-06-17,177412.54109499656,189242.88891175608,181313.19966758604,163559.05875405544,208079.29450005142,202081.63047676237,208079.29450005142,187425.15666544272,188756.5680154374
2022-06-20,179105.94109499652,190479.1482372383,182981.69966758604,165289.85875405543,210329.0963712745,203566.09469407942,210329.0963712745,188709.44408093995,190841.87110131996
2022-06-21,179390.2410949965,189959.8762155643,182644.19966758604,165124.25875405542,209614.50808798493,202616.2203497429,209614.50808798493,188505.70538810515,191102.11817943765
2022-06-22,176062.7410949965,186812.6458600597,180014.69966758604,161396.95875405543,205308.79971165681,199001.58830715012,205308.79971165681,185731.42679492524,187795.33571073157
2022-06-23,178829.84109499655,190284.67044740243,184474.49966758603,166123.55875405544,210623.07536877674,203451.07182969467,210623.07536877674,188754.2486094582,192276.4652575553
2022-06-24,181265.14109499654,193579.858531325,188089.09966758604,168897.55875405544,213412.39828305147,206209.85445492077,213412.39828305147,192827.35057595008,194475.15048414347
2022-06-27,183394.44109499652,195322.63933543954,189919.19966758604,170884.45875405543,213544.1211973262,206720.47911785686,213544.1211973262,194565.84526263387,196067.34464037878
2022-06-28,184869.54109499656,198504.95114417037,192829.599667586,173837.55875405544,216419.9573687418,209788.84911862575,216419.9573687418,197478.37347803745,197971.8769450846
2022-06-29,182835.7410949965,194820.64963124206,187503.59966758604,171389.55875405544,213810.7115401923,206967.32802198883,213810.7115401923,193597.94419997063,194508.94188249676
2022-06-30,184726.34109499655,195287.17943952727,189310.59966758604,173007.25875405542,214230.16456875578,207765.5969559359,214230.16456875578,194706.18410466987,195722.93019496748
2022-07-01,183788.44109499652,194420.29462247575,188405.79966758602,172517.95875405543,212304.4344544671,206277.25101458645,212304.4344544671,193681.60307377353,194436.66249967326
2022-07-04,184867.2410949965,196883.08416783856,189373.99966758603,171781.05875405544,215170.64411160094,209413.15506172905,215170.64411160094,196112.20397760216,195495.24188249675
2022-07-05,183732.34109499655,195227.45639176588,187484.99966758603,169425.35875405543,212429.37422588965,207361.4966043489,212429.37422588965,194501.17241537423,193283.68003096723
2022-07-06,180397.40829499654,192948.17040105048,186265.30446758604,167694.9689540554,210826.13805447405,205464.34481078436,210826.13805447405,192675.63981798606,190816.89540602578
2022-07-07,181106.45949499652,194428.05154311328,189188.709267586,169576.47135405542,212282.0175973192,207118.49411911823,212282.0175973192,194043.18890466983,193217.7694060258
2022-07-08,179229.95949499652,192197.9821357919,186710.509267586,168289.6713540554,210816.03445446707,205545.29745102604,210816.03445446707,191686.01318708976,190590.51648414345
2022-07-11,176402.44069499656,189912.3267629572,183057.945967586,165345.05427905542,208861.1270259106,203443.75283954723,208861.1270259106,189327.99588347878,187936.52037149534
2022-07-12,174671.79026800132,187515.99822526338,180594.2794197764,163671.93721548485,207048.7173001737,201124.10443605587,207048.7173001737,186609.90257545543,186496.5218120724
2022-07-13,173788.8414659546,186476.56422223288,180703.0288431098,162703.9057413579,205885.26954293106,199996.83103272197,205885.26954293106,185269.92177949892,186616.2410161159
2022-07-14,173959.28611718316,188189.61171093336,183277.7351180194,163673.21618056184,207791.30963021953,201861.95899074676,207791.30963021953,186407.99241925523,189466.9116558722
2022-07-15,173513.28611718316,186898.72559350263,181926.9351180194,162721.21618056184,206364.38671594483,200465.8878913711,206364.38671594483,185568.99241925523,187975.31165587218
2022-07-18,174093.08611718315,188006.40666272637,182939.9351180194,163324.01618056183,207574.53614450127,201653.1575723379,207574.53614450127,186066.09241925523,189100.31165587218
2022-07-19,173401.78611718316,187400.1953042606,181473.13511801942,162869.61618056183,206893.14580163514,200995.279380918,206893.14580163514,185118.09241925523,187475.21165587218
2022-07-20,172283.52330193864,188262.97474797978,180122.4944768259,163346.77118056183,208040.16918008772,202036.14237083314,208040.16918008772,185386.9806940958,185987.7245750805
2022-07-21,172505.22592284,187695.2999929582,179986.37478441067,163168.42958056182,206411.92721502128,201108.4740708267,206411.92721502128,185001.49624967555,185823.06097890204
2022-07-22,170990.45161192445,186560.59280083643,178703.02861651007,162161.10118056182,205037.08197912603,199301.59717815238,205037.08197912603,183690.36958504448,184518.9033449703
2022-07-25,169134.99486924842,184020.70306038455,176365.74950257718,159908.87838056183,202100.1180056743,196473.93280324375,202100.1180056743,181441.66415643762,182090.09134290362
2022-07-26,172483.2633861456,188056.88286755653,178935.84950257718,161453.4783805618,205800.2439817546,200393.56074893946,205800.2439817546,185500.06415643764,185913.3913429036
2022-07-27,171692.58180575023,187555.7715090908,179161.6753675798,162119.87838056183,206221.4800615815,199991.43314410682,206221.4800615815,184710.9641564376,185870.09134290356
2022-07-28,173084.36953810306,190137.06141267676,179929.99431256158,163508.4783805618,209160.4322771775,202082.4156863821,209160.4322771775,187315.36415643763,187354.79134290357
2022-07-29,172490.5968286619,188787.66646088375,179339.6356625356,163356.37838056183,208307.48259207257,200192.22500183174,208307.48259207257,185519.36415643763,186181.3913429036
2022-08-01,173434.89286827933,189376.75888857327,181933.42531653456,164302.37838056183,209102.9719570114,200367.71556376494,209102.9719570114,186154.7641564376,188611.3913429036
2022-08-02,170482.87498300127,186537.14438907406,179411.2793565205,161830.03445236184,205100.89868111673,196784.61893707907,205100.89868111673,183440.47420063763,185772.21476270357
2022-08-03,169939.71509167718,187503.18998548808,177543.2350781129,162713.45374339132,206008.2331525533,197978.880055407,206008.2331525533,184621.17568432423,184113.34874049504
2022-08-04,171511.0537725273,186540.4836752293,177927.29012602454,162167.04499859386,205043.21629540544,198025.5840539495,205043.21629540544,184031.27888989443,183455.81876235537
2022-08-05,180332.22921899275,191254.50464803906,183813.31764173854,166487.60060525732,209575.86875252533,204475.1021226985,209575.86875252533,190505.9321981448,190832.3531844116
2022-08-08,179016.02320485644,192959.444551625,183221.99595376579,167252.1335264772,212169.97178108877,206187.83207830274,212169.97178108877,191584.09646919044,190734.09497820213
2022-08-09,179973.88025312443,194119.58824136626,183691.03093274956,167991.04491233063,213303.00492394093,207698.38344367704,213303.00492394093,192715.83695516002,191390.63943205928
2022-08-10,178981.0993099634,193308.53824136627,182762.3601468001,166655.46644769705,211695.8549239409,206345.13809771364,211695.8549239409,191434.4107402361,189476.63587468464
2022-08-11,181379.5605707583,195618.72057264176,186447.77178762903,168952.35250289956,213865.64772392693,208453.3639048363,213865.64772392693,193860.21394580638,192587.85657211827
2022-08-12,179305.70248281967,193794.43319315923,184927.17382772485,166174.69936891695,210703.28143822262,205241.31947172678,210703.28143822262,191586.52501128183,190763.8365917055
2022-08-15,177625.2368741145,193169.67435879703,183491.97494878227,165906.13608542125,210807.82783821566,205338.41749472835,210807.82783821566,190384.95277765073,189488.30480198617
2022-08-16,176884.25441118883,192656.61678648647,182858.9765848401,165448.66521135665,210120.3176096382,204227.60544674192,210120.3176096382,189309.35355337325,188064.53802574723
2022-08-17,176963.05779440043,191981.04752443475,183834.99098278425,166375.92090428335,209875.41583820863,203586.9843613324,209875.41583820863,188697.869596358,187931.57274240663
2022-08-18,177491.4561402806,192493.391214176,183954.47800475467,167737.2031642014,211621.5489810608,205138.14564707986,211621.5489810608,189519.45930660504,188955.265228734
2022-08-19,174918.0217368796,189228.21393110752,182014.25541186775,164123.29433729203,206379.22966679308,200405.46498159537,206379.22966679308,186031.97512909575,185389.35293166185
2022-08-22,175550.84404257502,191431.30635879704,183182.66038284928,164975.81584300738,208414.36943821562,202172.85921037963,208414.36943821562,188069.50687675734,186945.87685775338
2022-08-23,174967.94314279853,191824.40004853826,182816.65023886724,164113.16053886333,208696.6525810678,202142.31887339297,208696.6525810678,187949.78940014145,187069.83311029788
2022-08-24,173620.26070933294,187752.83374903264,180270.27400128552,159608.91834361368,203035.9272830217,196969.66319822782,203035.9272830217,184814.2049428997,183712.59640127406
2022-08-25,173739.62263947038,186810.52303606158,180398.52366027667,159540.6339032558,201973.23557535408,195769.1907652319,201973.23557535408,183906.95956312618,182774.56666367405
2022-08-26,174337.96217739178,187521.22620915814,181622.90814127517,159483.47501896613,201933.62677490065,196267.61417405764,201933.62677490065,184581.9638521144,184414.66666367406
2022-08-29,172331.9879962393,185862.79609108146,180245.98919629335,158992.20747333905,200781.27770847525,195026.237790909,200781.27770847525,182850.82948022732,183584.96666367404
2022-08-30,172351.12549767172,185192.67925348884,179324.59090928343,158565.09101049774,200107.00351388182,194464.42082839925,200107.00351388182,182170.35553546814,182330.16666367406
2022-08-31,172696.53317747274,185698.49086962827,180614.82540729694,159588.6518289384,201370.29061927772,195458.136965105,201370.29061927772,182673.35688973154,183959.36666367407
2022-09-01,170875.03571292802,182211.62070027596,177436.54560281438,158229.26982047,199338.11915442033,191806.50860879137,199338.11915442033,179338.15434879673,179471.94713867406
2022-09-02,169616.81700090197,180686.47665691812,176092.44560281438,156938.92513013256,197574.84984090802,190019.00732216012,197574.84984090802,177839.13819043132,178122.94713867406
2022-09-05,167631.50219882978,178970.50535353832,174042.11908864556,155991.64609558997,196728.46893642412,188587.44910457375,196728.46893642412,175344.10984234355,176069.38593810526
2022-09-06,168265.85093048817,178888.82716969613,174497.78602286303,156467.44627884802,197408.04968497733,189437.47732822673,197408.04968497733,175124.16002470892,176512.1528723227
2022-09-07,167384.5433183182,177734.21292357164,172938.31336110903,156225.69301807985,197181.2112843273,188437.29426321667,197181.2112843273,174020.6726118168,174884.53365527643
2022-09-08,166634.38871453336,176999.30422048035,172391.64462720332,155690.41950410226,196155.32767481956,187127.3589311677,196155.32767481956,173238.83304632758,174025.50220058984
2022-09-09,168971.7409025723,179878.94893871766,173981.1605707005,156569.05608125182,197917.96807750955,190057.28350554348,197917.96807750955,176113.83002244262,176185.87683730168
2022-09-13,167474.15625510627,179576.29704657113,173018.3217413341,155830.91354177706,197280.71181431683,189148.57039907778,197280.71181431683,175498.0174956873,175506.2185917905
2022-09-14,165692.28307727168,178367.39039535564,171175.92507282083,155035.6020797488,196228.141421589,187694.40577503925,196228.141421589,174061.77285569132,173852.06305520993
2022-09-15,164601.63711925325,177063.75602127067,170423.27851221463,153814.42775682703,193991.0603163999,186745.94821600118,193991.0603163999,172579.58874608413,172397.62543441707
2022-09-16,162301.09310976634,174376.2172025183,167932.44248580557,151328.5403181524,190356.99881507366,183078.50522660647,190356.99881507366,170507.5985531606,169558.95221240647
2022-09-19,161827.24206276634,174449.1204025183,167860.46648580558,150979.4619181524,189835.68681507368,183155.41402660648,189835.68681507368,170018.7844931606,169486.39381240646
2022-09-20,162023.48646276633,174926.6744025183,168064.4778858056,151575.86191815243,190447.17721507367,183657.29962660646,190447.17721507367,170225.4226931606,169692.15641240648
2022-09-21,161281.32006276632,173653.9820025183,167294.41268580558,150606.56471815243,188694.9736150737,182320.35902660646,188694.9736150737,169444.7722931606,168915.03441240647
2022-09-22,160198.82006276632,172202.84569751832,166171.0126858056,150329.3647181524,187903.1003350737,180796.00053660647,187903.1003350737,168305.7722931606,167781.23441240648
2022-09-23,159780.82006276632,171753.84569751832,165738.71268580557,149878.16471815243,187370.50033507368,180325.00053660647,187370.50033507368,167866.87229316062,167344.53441240647
2022-09-26,160221.69446276632,172232.99909751827,166198.16708580562,149498.11671815242,186977.92392067367,180829.44193660645,186977.92392067367,168332.3316931606,167807.79641240646
2022-09-27,162222.39446276633,174394.0990975183,169492.4670858056,151915.51671815242,189294.50312067365,183100.24193660647,189294.50312067365,170537.5316931606,169944.29641240646
2022-09-28,158698.18989876634,170609.6732245183,167070.90061180558,149257.52883215243,185993.53842987368,179126.05549820646,185993.53842987368,166834.32691616061,166210.01979240647
2022-09-29,158217.77369876634,170093.84982451831,166524.97961180558,148805.1638321524,184892.98560827365,178585.29449820647,184892.98560827365,166329.66828935445,165707.22019240647
2022-09-30,157944.87369876634,169750.84982451831,165825.27961180557,148162.36383215242,184518.58560827366,178224.79449820647,184518.58560827366,165766.560644053,164971.92019240648
2022-10-10,153079.81629596633,165505.76601491828,159830.05884760554,142662.3235011524,179905.64285707363,173771.77331500646,179905.64285707363,161007.58065754006,159015.7960466065
2022-10-11,151706.72693296632,164340.26601491828,159183.65884760555,142086.3235011524,178643.44285707365,172552.87331500647,178643.44285707365,160280.0035934444,158208.12033460647
2022-10-12,151378.4443541663,164069.1233705183,158612.28914440554,141758.01501315238,178425.15016387362,172268.36415460648,178425.15016387362,159785.20795440782,157640.05112652614
2022-10-13,151230.84435416633,164553.8233705183,158960.68914440554,141760.70685932395,179352.71016387365,172770.5641546065,179352.71016387365,159303.3005259342,156973.5801017282
2022-10-14,157167.2443541663,169056.2233705183,163449.88914440555,145082.56877091312,184468.81016387366,177473.46415460645,184468.81016387366,161616.9708448916,159856.54289348057
2022-10-17,156405.14435416632,168843.2233705183,163086.48914440555,146856.35781711468,185067.71016387365,177246.2641546065,185067.71016387365,160845.47026948823,158870.95766372303
2022-10-18,157704.0443541663,169979.6233705183,163765.18914440554,146140.6952286263,185823.71016387365,178437.46415460645,185823.71016387365,161600.13752469234,159850.27186868264
2022-10-19,157453.5443541663,168175.42337051829,162606.18914440554,145321.0590978511,183604.41016387366,176545.7641546065,183604.41016387366,160119.2606774245,158690.00084388469
2022-10-20,154648.24435416632,166231.72857051832,160689.68914440554,145527.9590978511,182997.82936387366,174499.83730460648,182997.82936387366,157083.56816194535,154995.59487197065
2022-10-21,154234.84435416633,165963.42857051833,159954.48914440552,145858.1868363007,183177.62936387365,174215.73730460647,183177.62936387365,156517.83130679707,154368.16646205148
2022-10-24,151019.24435416632,163923.0910205183,156964.77694440554,143779.42424781233,181306.93371387367,172080.36875460646,181306.93371387367,155115.2548913522,152020.03083229397
2022-10-25,150543.57803708152,163863.0910205183,156608.72217589698,141661.38663199046,180333.43371387367,172026.66875460648,180333.43371387367,156434.52073951947,153490.65867693027
2022-10-26,152406.7145906832,165499.1910205183,157787.4102422988,145022.13748132542,183797.53371387365,173733.06875460647,183797.53371387365,157020.19051875142,154333.4510091676
2022-10-27,150678.48286748404,164129.5910205183,157081.12587549968,146073.43222876568,184044.93371387367,172296.9687546065,184044.93371387367,155903.51680845485,152838.39418932924
2022-10-28,148596.2744898857,162038.7370205183,154271.2898467015,142180.8021957956,181641.06651387364,170107.25595460652,181641.06651387364,153598.07272014764,149914.64030222417
2022-10-31,148693.8524274915,161503.29070371832,154707.2992791078,146140.89150998203,182526.75044987368,169541.3747642065,182526.75044987368,152898.96127694764,149639.07341662416
2022-11-01,148681.72914793226,161448.5073037183,157838.64201229118,150568.3669390372,183153.81644987364,169483.53556420648,183153.81644987364,152635.28904381653,149315.67137003472
2022-11-02,150608.63765565984,162436.60730371834,159101.3353837579,151309.0909699629,183739.41644987365,170516.63556420652,183739.41644987365,153482.07148969566,152599.39856102178
2022-11-03,149879.60179703272,161886.90730371833,159056.70929736338,148617.5172742931,182006.21644987364,169939.03556420654,182006.21644987364,153774.2756601291,150797.3677445698
2022-11-04,154341.90111769864,164365.80730371832,162615.622455004,153015.96101640514,184008.31644987364,172534.33556420653,184008.31644987364,157080.7257294311,157246.64931753094
2022-11-07,155242.59765768825,164169.90730371833,164238.85180282863,154768.13331997127,184177.61644987366,172334.33556420653,184177.61644987366,157684.77586746152,158967.09101037777
2022-11-08,154447.3089155894,163700.2073037183,163743.18051529222,154950.11508676867,184518.21644987364,171846.03556420648,184518.21644987364,157898.0888149554,156963.68194671543
2022-11-09,153170.60335579317,164051.6073037183,163552.61644309066,153380.34764519965,184436.01644987366,172222.9355642065,184436.01644987366,157525.11580976684,154502.7420666011
2022-11-10,151740.7171418585,163932.90730371833,162434.5519979569,151792.73599556572,183864.21644987367,172101.13556420652,183864.21644987367,156672.78877217518,153196.91306288156
2022-11-11,154731.95584892877,164145.71010371833,165686.76121024686,155519.98152861118,183959.55564987366,172328.5579642065,183959.55564987366,157552.22769180124,158282.40732497
2022-11-14,154693.49365402714,161899.49572871832,164998.3315183466,156024.99781743324,183410.01187487366,169970.2325642065,183410.01187487366,155134.9149212148,159391.4254522947
2022-11-15,158246.5711121136,163144.2957287183,168018.27318351628,160241.32938421282,185121.41867487365,171275.90776420652,185121.41867487365,156959.80072858653,164150.80702525587
2022-11-16,156710.00176534738,162996.99572871832,167180.05067184725,159437.84741309416,185003.01867487366,171123.40776420652,185003.01867487366,155518.5415542344,163942.00158705845
2022-11-17,156872.80176534737,162840.19572871833,166436.93266251206,160365.96544197554,185770.91867487365,170959.7077642065,185770.91867487365,155167.00509021233,163609.39614886104
2022-11-18,157373.80176534737,163181.2957287183,166722.00564850925,160573.42281381733,186335.81867487365,171316.8077642065,186335.81867487365,155600.65039417916,163864.28889793117
2022-11-21,156128.90176534737,161754.92595371834,166093.8056485093,159366.25558638235,185421.71867487367,169820.3103642065,185421.71867487367,155463.1503941792,161261.26128287398
2022-11-22,153793.00176534738,160754.32595371833,163339.46690434375,155746.91127591915,183687.71867487367,168771.4103642065,183687.71867487367,154132.27318419298,156835.5942117726
2022-11-23,153460.90996534738,159550.9503537183,162868.17551834657,155436.24076039367,181905.34647487366,167510.3735642065,181905.34647487366,153549.66508022614,156445.41116456222
2022-11-24,153092.51830562003,159928.730493991,163216.82776951347,154814.81144206205,181897.21159841688,167908.64603901093,181897.21159841688,153968.1696382289,156008.2002881674
2022-11-25,153987.3013762114,161245.07216458232,163727.72530384868,155317.74479378233,183418.95735079766,169285.8086001745,183418.95735079766,154742.461702251,155655.66252264532
2022-11-28,151364.7963738566,159615.26716222754,161574.08478284447,152119.93087711028,181583.8698993692,167579.99106347634,181583.8698993692,152775.6796582013,151747.47677629755
2022-11-29,153832.8874373883,161995.65822575925,163605.92080151488,155235.79856115775,184218.42400568942,170070.588609071,184218.42400568942,154495.75258624548,152498.37897629754
2022-11-30,154385.27092444888,162306.2417128198,163309.65504334657,156834.64181007168,184586.96979339494,170393.51114354504,184586.96979339494,154577.52068022615,153471.11437629754
2022-12-01,153889.21274091813,162462.28352928907,163464.42080151488,158647.46316575122,184698.0698287197,170559.47111685548,184698.0698287197,154572.15258624547,156211.11437629754
2022-12-02,152843.49001150465,161471.7607998756,162741.49378751207,156824.61486035064,183571.64487287562,169525.74608349352,183571.64487287562,153755.39789021233,155691.41437629753
2022-12-05,153139.12385974216,162220.3562481131,163277.6291583514,160732.07940737138,184402.91896547293,170304.52232686407,184402.91896547293,154299.36871230623,161223.31437629755
2022-12-06,152205.5415868008,161978.20487517174,162449.9429094783,159600.7945768313,184086.7463948885,170047.55084852787,184086.7463948885,153890.08474828838,159574.21437629755
2022-12-07,151372.36186209216,160430.0277504631,160994.33953668908,158228.24234467704,182315.62563367654,168428.07329403667,182315.62563367654,153368.00210501225,158580.39377629754
2022-12-08,152628.55807385658,160154.82396222753,160223.28900496179,159139.6676271103,182039.32147436918,168140.78578847635,182039.32147436918,154249.68519592396,161080.19377629756
2022-12-09,152962.09592326908,161111.11381164,160433.82942298843,160909.10189278386,183105.19228856827,169142.6533029332,183105.19228856827,155215.21186314622,163115.59377629755
2022-12-12,151544.7662734427,159685.85567427348,159198.38857372032,157911.26720383257,181472.28989274148,167652.46728134307,181472.28989274148,153108.57037716726,159673.49097629753
2022-12-13,149582.4382742427,158271.9179633736,157459.17364813562,157640.22240383257,179897.29754980095,166168.85722367992,179897.29754980095,152348.16506834724,160325.39097629755
2022-12-14,149455.2382742427,157005.23353564861,156800.01904752874,158359.58821883256,178461.7244640658,164838.50470926415,178461.7244640658,151840.414778726,159534.59097629754
2022-12-15,150413.9382742427,157381.90239109859,157768.56371172363,157894.86939383257,178872.27063553606,165233.50973809572,178872.27063553606,151855.07257680476,156807.25265129755
2022-12-16,149485.4382742427,156113.16468019868,157039.4488941327,156570.2098386326,177428.67829259555,163902.09968043258,177428.67829259555,150871.98060447036,156671.30265129753
2022-12-19,145842.0959012427,154113.68730698907,155135.62573848804,155552.8319482326,175190.0365891771,161803.95540821538,175190.0365891771,149564.70356583106,153380.52977309754
2022-12-20,145750.33590124268,153893.02810698908,155199.82573848806,155608.6319482326,174965.08138917707,161572.98580821537,174965.08138917707,149564.70356583106,152151.73097309752
2022-12-21,146158.33590124268,153893.02810698908,155627.82573848806,155980.6319482326,174965.08138917707,161572.98580821537,174965.08138917707,149564.70356583106,152297.83097309753
2022-12-22,145829.0423496599,153761.19052343044,155280.35214693547,155727.8009482326,174891.02338917708,161503.74580821538,174891.02338917708,149436.13799826032,153919.1933895389
2022-12-23,145091.38285247423,153132.9332990456,154494.42874075082,155239.1778212326,174491.37340317707,161131.83812821534,174491.37340317707,148824.7729374751,152950.42276515407
2022-12-26,145823.79635597224,153866.23454187685,155275.45191841538,155980.3778212326,175283.37340317707,161862.23812821537,175283.37340317707,149535.0303106397,153484.5240079853
2022-12-27,146529.80985947023,154030.73578470806,156019.0750960799,156610.5778212326,175427.37340317707,161995.03812821535,175427.37340317707,149694.48768380433,154378.7252508165
2022-12-28,146348.07626646626,153513.33367037054,155821.86025140894,156366.39342123258,174827.7918031771,161302.58872821537,174827.7918031771,149192.46943013355,153742.46053647896
2022-12-29,147343.68436856507,153979.19441606925,156385.43415800767,156815.21742123258,175411.04560317707,162073.68872821535,175411.04560317707,150383.70385403233,153920.72128217772
2022-12-30,148400.31677696027,154816.1373988642,157542.72978440253,157906.41742123256,175610.44560317707,162857.98872821534,175610.44560317707,150846.0415496274,154777.56426497264
2023-01-03,148681.4275797587,155065.4183931292,158005.12832653415,159158.71742123258,176066.9456031771,163150.18872821535,176066.9456031771,151519.08744815912,155891.14525923762
2023-01-04,148143.0626888535,153730.6402880904,156570.44858846194,157274.11742123257,175971.23083597707,161887.65158781534,175971.23083597707,150588.1441839871,155631.1084905988
2023-01-05,149356.5815937507,154696.8820280541,156532.32103719228,158286.4174212326,178797.93083597708,163890.85158781533,178797.93083597708,151174.42450641756,156614.5502305625
2023-01-06,148610.32115859952,155406.71647966924,156397.24615800765,159105.4238212326,177453.35743597706,164809.03378781537,177453.35743597706,150075.11621963233,157211.05648217772
2023-01-09,149149.44827856685,156353.54791371652,157020.77939252133,159103.2238212326,178695.35743597706,165618.43378781533,178695.35743597706,150544.3440527468,159056.38791622498
2023-01-10,149943.65497845385,156595.28716801776,157239.40548592262,159787.7238212326,179163.15743597707,166452.93378781533,179163.15743597707,149939.40962884802,159355.12717052625
2023-01-11,150000.2642956784,156216.98965368024,158147.9518412517,159018.5238212326,179381.95743597706,165848.53378781537,179381.95743597706,149927.40460017725,158317.7296561887
2023-01-12,150022.8480914808,156486.86816228274,158394.90402805424,159663.52382123258,179133.55743597707,166117.5337878153,179133.55743597707,150214.13575237972,156666.30816479123
2023-01-13,152543.111226364,158058.98965368024,159262.0518412517,161151.9238212326,182751.35743597706,168636.93378781533,182751.35743597706,151894.68171657543,157894.8296561887
2023-01-16,154981.8325615127,160194.01487357137,159766.7691874427,162396.52382123258,187192.15743597707,171998.0337878153,187192.15743597707,154157.12530033808,157385.47100107983
2023-01-17,154968.998863877,160199.67934776377,160469.112627035,162784.3655212326,185644.8574359771,171677.33378781535,185644.8574359771,154109.0647409855,157679.83547527224
2023-01-18,155055.18703303894,159733.43636496883,161266.91700064015,163268.7655212326,184613.85743597706,170977.0337878153,184613.85743597706,153799.29545637124,158371.9924924773
2023-01-19,156679.40715306188,160650.01984489628,161774.5618981008,164657.3655212326,187359.8574359771,172562.23378781532,187359.8574359771,155192.69030672256,158456.67597240472
2023-01-20,157197.31434009233,161664.74755044986,163613.3255996209,166033.96552123257,187218.55743597707,173075.43378781533,187218.55743597707,155442.71704779527,160767.30367795832
2023-01-30,156276.08836113597,162009.0070533174,163236.6763285551,167655.56552123258,186282.65743597707,173267.73378781532,186282.65743597707,154998.15580450124,161454.06318082585
2023-01-31,153578.55672666267,160518.89521575416,162253.712627035,166374.06552123258,182278.98046929087,170650.33742520126,182278.98046929087,152678.085334806,160844.43547527224
2023-02-01,154113.98057542488,160419.1511284625,163259.77924429186,167672.1655212326,182070.32650337619,170077.1867881662,182070.32650337619,152966.46463168768,162193.10119229587
2023-02-02,153599.0803405991,160275.84323904125,162962.03987474611,166064.68972123257,182188.36868633353,169659.91210668374,182188.36868633353,152579.8397058802,161638.288400717
2023-02-03,151779.01804174975,158144.4217529005,161079.20610932037,165012.9897212326,180100.05262154673,167159.33801409608,180100.05262154673,150743.4843114855,159985.73887536454
2023-02-06,150182.23369774976,157054.06572483078,159530.06077392033,162669.6071074326,176770.0585612394,165606.64188787944,176770.0585612394,149576.07559679082,158178.25047536453
2023-02-07,150182.23369774976,156987.16572483076,159534.66077392033,162298.80710743257,176770.0585612394,165536.14188787944,176770.0585612394,149576.07559679082,158071.45047536452
2023-02-08,150182.23369774976,156831.06572483078,159205.01197392034,161616.72150743258,176770.0585612394,165371.64188787944,176770.0585612394,149576.07559679082,157455.40087536455
2023-02-09,150117.540947231,157320.99125532142,159281.61415612797,162176.08866721572,176694.66228304137,165888.27402523803,176694.66228304137,149511.38284627203,157947.41473171368
2023-02-10,150295.30240462438,156869.41351755452,159093.84886260098,161962.23979004857,176905.30801555357,165412.54806443077,176905.30801555357,149689.28230366544,157494.39396606674
2023-02-13,150398.1630904222,156977.9915716322,159243.75076475862,162288.06616432618,177180.536726391,165598.56471082833,177180.536726391,149792.76818946324,157603.96164418443
2023-02-14,150629.1630904222,157218.0915716322,159742.15076475864,162070.37736432618,177142.80552639096,165632.73671082832,177142.80552639096,150022.16818946323,157845.3616441844
2023-02-15,148082.6716898376,154559.76679308835,157284.314199655,160319.52874438284,175305.49015052913,163253.37378604533,175305.49015052913,147486.77678887863,155176.53209736064
2023-02-16,147285.33374664639,153727.40977677758,156148.26279102435,159792.96539727238,175014.55350717955,162806.76640045503,175014.55350717955,146692.33884568742,154340.44378488994
2023-02-17,146375.3777808486,152777.77562269988,155217.13486886668,158668.98702299476,173778.36559634213,161783.31811405745,173778.36559634213,145786.50240988965,153387.27133677228
2023-02-20,148050.28571384418,154525.6655201272,157207.25117881445,160963.06808152166,176301.49910594785,163437.01206924408,176301.49910594785,147452.43708177755,155146.6808664195
2023-02-21,148403.61453669745,154607.83328236028,157525.75679319282,160413.40320435452,175690.5628384601,163177.7676084368,175690.5628384601,147254.59053917092,155229.62210077254
2023-02-22,147808.82446136538,153594.16552012722,156995.64087444055,159711.96808152166,174921.89910594787,162253.9120692441,174921.89910594787,146477.53708177755,154213.78086641952
2023-02-23,147702.39132239163,153286.54505388258,156829.95007261628,158897.7769760769,174022.7191992227,161509.63532163925,174022.7191992227,146102.71101617315,153907.83728385487
2023-02-24,146667.0843721789,151990.89341053297,155238.68043746531,157443.07429182762,172418.07360045437,160199.20201285018,172418.07360045437,144760.52952008304,152607.0754323253
2023-02-27,146542.0755472187,151649.14168149413,155484.9211986658,157893.7987046888,172921.49684503564,159998.99402725138,172921.49684503564,144680.41887718416,152266.64413446648
2023-02-28,146964.30644848733,151884.603416006,156039.12726830092,158250.29202752165,173315.5522481767,160258.97399944902,173315.5522481767,144903.79505999153,152504.96066651077
2023-03-01,148265.79350931244,152980.24907594442,157282.38406843832,158753.4025632157,174284.2155407723,160924.8192002527,174284.2155407723,145950.48937678858,153605.21898885968
2023-03-02,148098.08472741072,152345.25037311026,156825.56511898784,158231.06744038285,174354.30575214647,160670.98597128363,174354.30575214647,145335.64469826655,152952.2005927837
2023-03-03,149009.195595679,153074.11717500674,157083.0188353865,157937.43500179928,174646.62624875183,161098.32954944807,174646.62624875183,146020.9774995593,153669.41520334786
2023-03-06,147820.0379314659,152292.3624161984,155949.14611649682,158059.85394327238,174215.10805268324,161071.80089591697,174215.10805268324,145285.31553394673,152892.83511859004
2023-03-07,147257.28425220776,151231.5793405212,154966.90836559547,155384.94655873746,171831.8009386395,158763.95000756762,171831.8009386395,144282.52189974266,151836.93618559692
2023-03-08,147005.40476453525,151022.4310731938,154672.30957787475,155526.44655873746,172013.62402444734,158928.64294486068,172013.62402444734,144075.15906145825,151618.52007998576
2023-03-09,146679.4500262155,150804.66074184258,154402.23067523964,154978.53682540415,171333.4147670238,158310.9875996482,171333.4147670238,143866.8419763115,151400.32546348596
2023-03-10,145857.8356662281,150256.39964943938,153775.1033783446,154335.04068293748,170359.43965536534,157421.84310724333,170359.43965536534,143344.6496832478,150853.49147801322
2023-03-13,146255.34566622807,150659.55524943938,154200.7045783446,154268.64188293746,170286.8232553653,157354.27850724332,170286.8232553653,143743.3254832478,151273.05847801323
2023-03-14,146162.9557280426,150572.60405168222,154094.83537834458,154846.85268293746,170855.0456283177,157810.81821265802,170855.0456283177,143641.94608324778,151167.17527801322
2023-03-15,145849.2193372151,150418.1483587555,153345.33537834458,154811.75588293746,170717.28882970865,157838.93443283526,170717.28882970865,142941.7460832478,149973.57527801322
2023-03-16,144183.89697331877,149028.90929595096,151568.25727067792,153879.09241627078,169424.63923341787,156745.86281997457,169424.63923341787,141622.8336992478,148437.3730573466
2023-03-17,145056.92893205013,150778.17258212905,153612.4845427917,155172.9464968004,171601.47922414483,159227.08801879294,171601.47922414483,144079.5298992478,151907.98799067992
2023-03-20,145546.92220298268,153169.02370656715,152648.58471127268,155560.29812551843,172871.8187170808,161613.26309796743,172871.8187170808,143727.7542228478,150591.97062494658
2023-03-21,145311.8852781988,154499.20324461602,153006.91515682038,155057.94177342745,173697.40471800813,162151.30724475227,173697.40471800813,144613.3042228478,151693.70395827992
2023-03-22,147217.94467822684,157080.8256042094,155376.40817661548,156967.73787947278,176227.55071661717,164018.15769124168,176227.55071661717,146402.3042228478,154144.2706249466
2023-03-23,152312.1584223343,161120.26289575233,160840.3551073011,162030.8436008617,182245.97269528915,169569.70898185731,182245.97269528915,151404.35422284782,159380.37062494658
2023-03-24,152326.8679085359,163479.02915030552,162940.4415099488,161634.9986284896,183671.73469946202,170682.79097572237,183671.73469946202,154767.2542228478,164078.0039582799
2023-03-27,150618.53710848463,162656.9840190053,162855.70733503945,159334.2489471468,181887.80470641682,168954.90540994192,181887.80470641682,155615.5542228478,165508.93729161326
2023-03-28,147645.59124607188,158330.18996112037,160179.0740017061,155464.74206553109,176658.2807212537,163955.84509183248,176658.2807212537,152125.35422284782,162325.0039582799
2023-03-29,150682.63878921914,161112.43781428976,162036.86617992516,158761.9071044483,180755.8187054895,168225.8945964904,180755.8187054895,154122.3042228478,163628.23729161324
2023-03-30,150850.74543329177,161638.4772526633,160906.51804460603,159847.12171387425,181696.65269992567,169511.0963824481,181696.65269992567,153839.5542228478,162324.80395827992
2023-03-31,153254.8591920156,166851.79622908565,165741.01804460603,160808.19278127534,185977.17269528913,173249.94231519065,185977.17269528913,160601.05422284783,170751.90395827993
2023-04-03,159628.69823887985,176557.10818997768,173253.90324262023,165677.5254992775,196474.86066793365,183444.32331837155,196474.86066793365,170519.4042228478,181327.40395827993
2023-04-04,161593.67819856387,178125.82378322902,175048.62466175342,167723.1044214554,198908.05466005154,186088.26473736714,198908.05466005154,171352.8042228478,181984.33729161325
2023-04-06,164806.57114816166,180855.48343436533,175083.37363864866,171208.17012069988,204045.5226373326,191242.16647447218,204045.5226373326,171682.4542228478,180136.1039582799
2023-04-07,166496.42076375664,185852.71948956783,177226.370750863,172504.41460941677,208827.0306285232,195737.763746683,208827.0306285232,175323.3042228478,183970.70395827992
2023-04-10,161083.06114262005,176911.71363371602,169328.6408352111,168236.4058079479,199495.47665031484,187036.85119612646,199495.47665031484,165599.4531904857,173090.94519946954
2023-04-11,160654.54432152992,179894.80265997606,169384.78474545432,167099.15504223766,200878.42264892388,188137.06830928253,200878.42264892388,166662.29037524262,174862.29559004155
2023-04-12,163896.36067204145,186418.8477912763,172833.96776460228,169993.45617303645,207030.8526419691,193425.65387506303,207030.8526419691,171003.89615237797,180346.2734395755
2023-04-13,158752.6359178574,180599.9495259934,168700.42135740543,165781.71254727346,199853.52666190616,186894.7196976035,199853.52666190616,167329.6037330175,176119.62913461452
2023-04-14,163568.2038638011,184740.22056298316,171458.6269275754,170751.6675720551,206286.4866364053,193620.08899435404,206286.4866364053,171266.3252139636,178456.41331684816
2023-04-17,163211.4193023882,181091.04779127627,171967.11076832877,171037.61688687018,203273.75264196913,191184.55387506302,203273.75264196913,170026.37810253128,177478.85872173987
2023-04-18,162041.78130882035,179056.36701688703,171912.4552220314,169386.929383226,200442.9526535604,187961.85570987334,200442.9526535604,168110.3147447564,176985.13844831963
2023-04-19,162195.49996750453,180087.4522478626,172288.9364852825,169538.16624844228,201453.73465309676,189087.68363648094,201453.73465309676,168728.39091777438,177286.3060674919
2023-04-20,166985.19368591235,188524.0815367231,176933.298946844,173842.12194591007,209705.5906377962,196968.17188119795,209705.5906377962,173546.82467143185,182229.70900861936
2023-04-21,159264.96893900848,178674.1320350998,169903.3101597961,166955.03499451804,198955.1934702519,186326.6836853336,198955.1934702519,167177.63396073336,176287.32724468078
2023-04-24,157943.57433277706,180449.7896867903,168712.68176793796,165449.6788660598,199639.74442378516,186117.63072630815,199639.74442378516,168236.85896073337,177244.56525501056
2023-04-25,157387.65233277707,182392.05635345698,168337.3739921911,165072.8280114599,200866.44442378514,187132.99739297482,200866.44442378514,169141.3589607334,178224.43192167723
2023-04-26,156731.15113277707,181266.16342012363,167698.8565982544,164437.29333596295,200082.16442378517,186412.0736596415,200082.16442378517,169115.81576073339,177534.1673883439
2023-04-27,154589.15113277707,176728.36342012364,165509.06687704765,162259.30594641145,196624.36442378518,183443.87365964148,196624.36442378518,166493.5157607334,174678.1673883439
2023-04-28,157237.7789327771,183638.07392636494,168896.67493161722,165603.0622915503,201165.8169424011,187183.35762919157,201165.8169424011,170013.2293281359,178279.1827883439
2023-05-04,161262.87893277706,191211.51644276065,172175.03660437666,169543.33174514258,206757.49663944996,192535.33323877212,206757.49663944996,175942.70360664508,183148.2827883439
2023-05-05,159044.57893277708,188525.8088028183,169637.61546586483,167922.71691970254,203416.1732731072,191288.41514789316,203416.1732731072,174276.3586536155,179848.8910811439
2023-05-08,159394.3789327771,190911.61920470322,170063.5874174175,170712.64440084615,206230.2238219114,194346.17738468965,206230.2238219114,177150.34956636943,180156.0910811439
2023-05-09,156556.05633277708,187343.03569476272,167554.93856284794,168500.99860785,202020.28298127427,191647.07759052402,202020.28298127427,174454.41368807555,177018.76128114387
2023-05-10,154619.86968277706,184246.818626384,165301.51493343242,166018.4744802835,198313.34297469712,188360.35386642977,198313.34297469712,171585.44686728925,174398.48023114388
2023-05-11,155549.09608277705,184992.62210825822,166032.45859627114,166526.93552379817,199283.20617469714,188360.87273370667,199283.20617469714,172186.26955225985,174224.0896311439
2023-05-12,153916.61979497707,179699.86237638874,163326.73521418875,163736.0018142541,195345.70757169713,185370.28395347024,195345.70757169713,169400.7354011046,170604.80171114393
2023-05-15,154466.70299497707,181574.09157638875,164732.35339290887,165604.47499349277,196492.14037169714,187567.5651534702,196492.14037169714,171400.16967561824,172851.0889111439
2023-05-16,154405.80299497704,180387.35937638872,163885.8419706312,165046.03169254417,195496.83797169715,187110.0651534702,195496.83797169715,170338.75465078375,171655.83572014392
2023-05-17,153444.1029949771,179762.85937638872,164220.03398896658,164419.44782987324,194802.23797169712,186129.9651534702,194802.23797169712,170177.62777267944,171396.1357201439
2023-05-18,152530.40299497708,177732.25937638874,162895.26842316973,163371.71257598902,193021.5379716971,184698.9651534702,193021.5379716971,168632.90089457514,169081.1357201439
2023-05-19,152017.70299497707,177096.85937638872,163028.79202441953,162821.53401591917,192560.63797169714,183363.8651534702,192560.63797169714,167775.84713836652,168669.4357201439
2023-05-22,153592.50299497705,178478.4593763887,164773.85461635038,163825.7644918537,193875.83797169712,184394.4651534702,193875.83797169712,169508.23528509669,169370.53572014387
2023-05-23,152258.6029949771,176271.39266318872,162667.25857151017,162244.8499728855,191523.6646644971,182698.96828267022,191523.6646644971,166952.7802892536,167409.9302433439
2023-05-24,151025.80299497704,174576.0926631887,161582.63510560684,161784.67837518232,189684.1646644971,180963.7682826702,189684.1646644971,165443.89364836988,166902.6134433439
2023-05-25,150926.82670997706,174218.7036047887,162059.83630396213,162032.6432251823,189174.88505229712,180689.4596008702,189174.88505229712,165913.59364836983,167519.5134433439
2023-05-26,150056.13391671918,173982.91524842678,161032.1045311732,160604.2931535563,189417.30684269711,180757.64493527025,189417.30684269711,166096.46307236986,166684.58408564155
2023-05-29,150844.780233979,173722.66162334167,160962.41749101406,159216.0765776659,189932.69756936378,180287.22003633692,189932.69756936378,166838.27351136986,165553.6182520996
2023-05-30,152123.13833600737,175849.259236084,161742.17070004213,159813.6912206648,189883.16090269713,181305.05336967023,189883.16090269713,167762.87351136986,166309.10892674152
2023-05-31,152868.65573922207,177175.96417108615,162330.02869213698,160191.71411548287,190589.74603603044,181928.58670300356,190589.74603603044,168306.87351136986,166791.6781654447
2023-06-01,151758.8934918436,176362.1755628515,163730.3882065254,161944.73508439134,189947.73054736378,179612.90369633693,189947.73054736378,166228.49691136985,164895.31604226405
2023-06-02,151670.47341637488,175657.98976201707,163931.05294344554,162654.21359111683,189473.29721403043,179062.40456300357,189473.29721403043,166301.69691136986,164696.28142291243
2023-06-05,152191.8908195896,177087.39320046993,163980.98556747608,162911.25128593488,191775.8305473638,180453.2378963369,191775.8305473638,166487.29691136983,165691.824831206
2023-06-06,147973.68235836038,171776.3097868932,159427.82420849704,158727.91977612235,186272.7638806971,175774.47122967025,186272.7638806971,162020.1779767648,161096.8995372125
2023-06-07,148786.96799000085,172618.76225439427,160651.12600209427,159016.71977612234,186979.4305473638,177031.1378963369,186979.4305473638,162509.50385082368,161554.9341565641
2023-06-08,148118.6432557027,170254.79174844036,160171.54621884407,157984.36743830534,183911.85962236382,174609.99957133693,183911.85962236382,161508.92488269767,159770.95142891898
2023-06-09,149139.66088515852,172487.22119796666,161825.7841818566,161113.34594503083,188968.5896030587,176893.99957133693,188968.5896030587,162248.77273480486,161676.71627315116
2023-06-12,149920.16461283926,172271.80505689757,162582.57732618903,161145.8982828478,187422.56757337,176125.79957133692,187422.56757337,161954.95764988262,161706.53331461892
2023-06-13,151415.3339009864,176090.90954654556,165351.94413854613,163363.3129258467,190539.0379529086,179856.69957133694,190539.0379529086,163652.3589485528,163828.51080584788
2023-06-14,151183.00586260573,176286.35067623283,165586.45738281868,163763.25217920943,191334.6539309375,179286.64577080362,191334.6539309375,162894.39335558627,163983.88854709303
2023-06-15,152397.37054311304,175946.6035890881,166083.18756222067,164308.41760148064,189518.21433093748,180410.04577080358,189518.21433093748,164085.5739748784,163617.61491391886
2023-06-16,154865.56326321917,180334.15516588083,169677.14689003865,167295.4845822965,193334.21433093748,183833.84577080357,193334.21433093748,166447.75329550033,166745.466038322
2023-06-19,155727.95055752547,184002.4719127909,171289.98340691233,168649.92383565925,195639.7476642708,185547.27910413692,195639.7476642708,167275.5771383672,168064.7913323155
2023-06-20,155794.703506474,186516.82737339067,172631.05713307418,170373.2369201135,198414.1143309375,186674.04577080358,198414.1143309375,167187.21103784893,168989.0776124864
2023-06-21,152578.29817241375,177722.2532537383,167872.46893100566,163878.73909475518,187467.80133867083,178874.39884533692,187467.80133867083,162870.8320633898,162269.37676245105
2023-06-26,150403.52352686762,174322.3604540266,164787.93471939387,161190.65958927403,183878.54283867084,176318.90329533693,183878.54283867084,160936.01373116364,160120.7186240533
2023-06-27,150604.19572686762,175115.09585402661,164575.98531939386,161502.09818927405,184586.5054386708,177244.24809533692,184586.5054386708,161903.11633116365,161249.93662405328
2023-06-28,150944.60372686764,175441.6656540266,164920.34414322217,161876.26865706543,185308.30443867084,177693.6810953369,185308.30443867084,162165.98053116363,161583.83662405328
2023-06-29,149887.40372686763,174791.2656540266,163406.83710234915,161821.90032267288,184179.87023443144,177410.48109533696,184179.87023443144,161562.98053116363,161214.73662405327
2023-06-30,150887.40372686763,175706.6656540266,164674.18377887981,163458.43767814434,185296.09992220093,178109.58109533694,185296.09992220093,162702.58053116364,162736.73662405327
2023-07-03,152993.10372686764,177808.1656540266,167295.4723067143,164815.35978990627,187471.34769925108,179951.78109533695,187471.34769925108,165023.28053116365,164801.5366240533
2023-07-04,152512.50372686764,177859.36565402662,166787.31415801818,165158.61315904843,187361.2099216972,180020.6810953369,187361.2099216972,164908.18053116364,164913.93662405325
2023-07-05,151753.10372686764,177189.06565402664,166692.1700910681,166429.58444682497,187120.90325536634,179706.1810953369,187120.90325536634,165706.18053116364,165174.93662405328
2023-07-06,151534.98750686762,176578.59501002662,165858.19424792973,165098.60457679097,186769.8932558701,179380.28109533695,186769.8932558701,164576.57793916363,164409.61082066424
2023-07-07,151967.63750686764,175951.2450100266,166465.96869401817,164828.89360317032,187117.29658903548,179611.28109533695,187117.29658903548,163999.77793916364,164151.89693616147
2023-07-10,151992.93750686763,175566.84501002665,166590.88499141048,164715.55677430166,187111.1721441433,179369.98109533696,187111.1721441433,163808.37793916362,163794.7640922502
2023-07-11,152478.18750686763,176786.9950100266,166280.2757348912,165275.1312421435,187198.00658853177,179522.48109533696,187198.00658853177,164639.77793916364,164836.17944501914
2023-07-12,152147.68750686763,176032.89501002664,166333.69424792973,164016.5345650676,186891.73103342397,179499.88109533692,186891.73103342397,163722.97793916363,164013.9640922502
2023-07-13,154053.08750686763,178282.89501002664,168084.40128880276,165839.32053416152,188968.6476992511,181259.78109533695,188968.6476992511,165972.87793916362,166221.36702878252
2023-07-14,153950.28750686764,178226.4950100266,167819.68499141047,165781.34857675104,189032.01658802805,180713.78109533695,189032.01658802805,165848.17793916364,166154.93418487124
2023-07-17,153147.13750686764,176917.64501002664,166686.203504449,164160.24520501026,187695.57214414328,179763.4810953369,187695.57214414328,164170.29793916363,164828.57701863465
2023-07-18,152999.88750686764,176488.19501002663,166456.71980184127,163915.52408762398,187414.60658853175,178980.48109533696,187414.60658853175,164016.29793916363,165007.98796660508
2023-07-19,152944.6375068676,176332.54501002663,167188.75239662587,164244.18877805473,187737.77881047415,179177.78109533695,187737.77881047415,164662.59793916365,165858.60839427976
2023-07-20,151441.18882286764,174578.32358502664,166070.50640413744,163895.81006632923,186230.3447707433,177803.91781653694,186230.3447707433,163458.36977316363,164771.00545774744
2023-07-21,151491.56722286763,174024.16838502663,165689.74825544129,164045.31716242072,185801.91588196636,177429.48181653692,185801.91588196636,163163.38177316362,164710.36187988214
2023-07-24,150352.65507286764,173306.75178502663,164833.17576196056,162466.9832682847,184956.38107941247,176690.80871653694,184956.38107941247,161972.84234816366,163022.60827988217
2023-07-25,150562.1440728676,173603.1120398544,166182.81085850263,165973.9884504844,186106.5758622442,177018.2440731473,186106.5758622442,164308.4598573328,165404.9698387544
2023-07-26,150765.0440728676,173730.3803708247,166708.54827851406,166781.86392926873,185693.7945699193,177111.44135399786,185693.7945699193,164074.758654946,165732.95614177853
2023-07-27,150688.0440728676,173947.12329024414,167481.1438472216,167782.46204421076,185067.55697586352,177296.59597991873,185067.55697586352,163554.86961053748,165658.59084883487
2023-07-28,153069.9440728676,176717.33760175182,168766.69052375227,170826.11353895406,188030.8812323069,180116.33073681308,188030.8812323069,166385.80787042988,168817.25068714068
2023-07-31,153412.3440728676,176975.6101897285,169377.78069334646,171079.15543195012,188523.50001866953,180392.05940600316,188523.50001866953,167750.04307148623,170566.82010125337
2023-08-01,152282.5898728676,177312.69518034125,169739.91856350895,170845.79846781993,187716.21410186173,180703.48674848024,187716.21410186173,166673.63649704144,169401.9506871407
2023-08-02,149847.79178326763,175426.76238170228,167989.29312547977,168946.30678098602,185873.40542386565,178766.86267006779,185873.40542386565,165133.2962880163,167275.52464777973
2023-08-03,150111.2589416027,175247.30261736462,168252.82086692913,169375.65554397315,185896.53687385912,178577.75259065971,185896.53687385912,164601.67981938308,167671.15616290044
2023-08-04,150246.40791754203,175492.1783721627,167879.88687952864,169259.63191131988,186438.7676955139,178847.59562335274,186438.7676955139,166272.51639905595,168282.14246592458
2023-08-07,150569.00791754204,174372.1362579859,167440.2044205843,168159.82433247194,185350.16705193935,177723.62775407455,185350.16705193935,166446.17799817986,168233.0456578602
2023-08-08,149393.30996566336,173351.69507867596,166885.8496604414,167756.49997420638,184813.75538828908,176694.379342619,184813.75538828908,165646.75786173128,166936.58304677167
2023-08-09,148479.7310434453,172219.32130181062,165547.0537329089,166661.9688152242,183642.07198013586,175537.96882173326,183642.07198013586,163000.33430504438,165557.00225281995
2023-08-10,149383.1120434453,173193.8823890311,166471.68494015562,166814.36961522416,184699.68894019973,176570.85898179712,184699.68894019973,164411.3703050444,166818.265153828
2023-08-11,147148.51534850267,170625.28174187837,163964.53246431204,164794.06835322417,181954.2579780525,173910.29925068223,181954.2579780525,161884.2703050444,164276.8962507638
2023-08-14,146710.83434850269,170121.35274187833,163479.69166431203,163967.26863082417,181414.50497805252,173392.11305068224,181414.50497805252,163608.9343050444,165056.2554507638
2023-08-15,146773.83434850269,170193.15274187835,163548.49166431202,163967.26863082417,181492.50497805252,173468.11305068224,181492.50497805252,161911.2343050444,164151.2554507638
2023-08-16,146549.72034850268,169938.43234187836,163304.20526431204,163967.26863082417,181216.22097805253,173198.78505068226,181216.22097805253,160356.87468004442,163033.74930076383
2023-08-17,146486.6083485027,169865.78634187835,163234.28326431205,163896.89263082418,181139.03497805254,173124.77705068226,181139.03497805254,160288.31468004442,162963.82730076383
2023-08-18,146819.40834850268,170253.18634187835,163606.08326431204,164271.29263082417,181552.43497805254,173519.97705068224,181552.43497805254,160652.31468004442,163335.62730076382
2023-08-21,147294.02597317853,170807.74281809002,164137.83862506296,164877.38249672868,182222.29117805255,174159.88345068225,182222.29117805255,161172.20673564175,163867.71046151474
2023-08-22,146164.52334198143,169495.31007956006,162877.78087373287,163708.8446996653,180888.10332805253,172883.47785068225,180888.10332805253,159937.68653004494,162608.15271018466
2023-08-23,145498.5192676767,168724.13831092123,162138.01941339427,163005.24026989331,179961.39932805253,171995.94905068225,179961.39932805253,159211.26183913977,161868.59124984607
2023-08-24,146154.55858007088,169484.73603798117,162867.17961605446,163759.67066402006,180642.35132805252,172646.89845068226,180642.35132805252,159928.27620033338,162597.85145250626
2023-08-25,145028.65145437562,168182.12400662,161617.87347639308,162329.11329379206,179436.13092805253,171491.64565068227,179436.13092805253,158700.67789123856,161347.34531284485
2023-08-28,145612.13042937563,168857.19145662,162265.66092639306,163084.9297187921,180084.05092805254,172110.62005068225,180084.05092805254,159336.18964123857,161997.39256284485
2023-08-29,148097.9997339705,170250.57493654743,165033.3601537207,165561.14996365298,181377.99292805255,173350.40805068225,181377.99292805255,162054.72745103296,164762.29179017252
2023-08-30,150627.66352296688,172344.97742220986,167854.53103038334,167125.46470998222,183523.29292805254,175408.70805068224,183523.29292805254,164823.45445802898,167575.06266683515
2023-08-31,149788.2619642607,171890.12164783606,166919.05152070982,165378.65977874192,182363.09292805253,174297.70805068224,182363.09292805253,163904.80036992222,166641.38315716162
2023-09-01,149260.35644866212,172573.14065357106,166332.92317004476,164357.51388021023,182882.89292805252,174793.80805068224,182882.89292805252,163329.0895671238,166053.75480649652
2023-09-04,148206.11620294658,172183.09548463492,165157.84902403507,165209.1892714004,182513.94941800524,174436.85922023602,182513.94941800524,162179.5913827733,164881.98066048682
2023-09-05,146989.69253687098,171431.0843844522,163447.24902403506,163673.78927140037,181533.7945462806,173501.32415812963,181533.7945462806,160924.19412564958,163172.88066048684
2023-09-06,146282.7634001721,171088.07697864383,162587.42776103626,162676.7462025016,180509.6278572458,172522.18639686584,180509.6278572458,160024.06821785177,162312.15939748805
2023-09-07,144855.07020620586,169827.89755333093,160690.29232270495,161395.58882933698,178945.22758478308,171025.00453272063,178945.22758478308,158641.375262929,160419.02395915674
2023-09-08,143566.22141425143,168246.12418568705,159074.34841016153,161050.7451113601,176984.01752178307,169148.11021212063,176984.01752178307,157312.0240723696,158805.2044716133
2023-09-11,143913.08794491657,168737.259174217,159176.89811149164,160835.9993084235,177277.8415217831,169427.83721212065,177277.8415217831,157225.44406656842,158908.26517294341
2023-09-12,144031.41023060647,168734.90091418073,159889.64772515546,160657.97963085392,176924.94152178307,169090.43721212063,176924.94152178307,157157.75916745246,159063.31478660725
2023-09-13,144028.17624383233,169271.64389697567,159357.43277715062,159868.417326449,177159.3415217831,169313.03721212066,177159.3415217831,156919.69157584768,158391.4998386024
2023-09-14,145102.3201903002,171092.89433675798,159932.43045913364,160686.89926103177,178701.3415217831,170784.93721212063,178701.3415217831,158178.10500523093,159254.79752058542
2023-09-15,145210.72570664916,171064.514702657,159957.6924032908,160982.24213907824,179470.94152178307,171521.7372121206,179470.94152178307,158962.85847463788,159859.65266474255
2023-09-18,145791.20097343405,171227.00166563236,160751.7924032908,160844.32788427506,180271.04152178305,172286.7372121206,180271.04152178305,159417.52494025786,160959.25266474255
2023-09-19,145742.62463950965,171930.42917174735,160637.99240329082,161246.3256220148,180580.3415217831,172581.93721212063,180580.3415217831,159830.61476736463,160606.35266474256
2023-09-20,144895.78647254742,171175.142208772,159643.99240329082,160630.66521216268,180052.04152178305,172077.33721212065,180052.04152178305,158731.44830174468,159168.55266474257
2023-09-21,143535.26280647184,169520.114702657,157396.1924032908,158754.3449506452,178308.94152178307,170411.63721212064,178308.94152178307,156967.75847463787,157074.25266474255
2023-09-22,144781.4122729021,170512.8407767063,158890.49240329082,160326.1660658885,179708.94152178307,171750.13721212064,179708.94152178307,157982.82554339792,158734.15266474255
2023-09-25,144896.70633968696,169995.72414464058,159094.85647717497,159927.50723929575,180129.10592178305,172152.39081212063,180129.10592178305,158297.1831850512,159162.99986474257
2023-09-26,145198.0321400416,169693.0343175338,158179.54038872512,158786.37488020703,179937.00592178304,171967.59081212064,179937.00592178304,158487.77120273776,159608.29986474256
2023-09-27,146616.6826736114,170174.8702089613,160054.51452139986,159444.75001439813,181601.10592178308,173558.29081212066,181601.10592178308,159773.8129876347,162127.19986474258
2023-09-28,146452.7703070038,170046.77020896127,158884.12348060956,159194.6092664493,181323.20592178305,173291.9908121206,181323.20592178305,159485.5129876347,161413.99986474257
2023-10-09,147080.80847396603,170865.1702089613,158485.2884550004,158684.29929185694,181515.40592178307,173475.89081212063,181515.40592178307,159795.2129876347,161619.89986474256
2023-10-10,145803.4674284918,169160.15916736127,157377.86302370348,157510.08916829713,179415.30592178306,171469.79081212066,179415.30592178306,159017.5129876347,159857.79986474256
2023-10-11,149159.9674284918,170658.41906736128,160051.57304931225,159009.93272031477,181281.43592178306,173252.51821212063,181281.43592178306,161777.81298763468,163966.99986474257
2023-10-12,149416.2674284918,172155.51906736128,162051.4296358427,160790.5895075783,182085.33592178306,174023.51821212063,182085.33592178306,163111.31298763468,164215.79986474256
2023-10-13,148333.1674284918,169832.08004336126,161554.3297983336,159772.14595556064,180159.92444178305,172182.99722412066,180159.92444178305,161306.41298763469,162566.79986474256
2023-10-16,145679.36742849182,167800.1299433613,158487.7289745885,158329.81077466538,178914.58304178307,170992.29337412064,178914.58304178307,158994.2100916347,160198.69656474257
2023-10-17,145819.36742849182,168089.12994336127,159318.93643129765,159114.77593305128,178967.92345825344,171042.7065692708,178967.92345825344,159160.4100916347,160464.99656474259
2023-10-18,143730.9757534918,165705.3408615613,156597.5775602445,156835.23030382977,176938.94268267904,169103.948400957,176938.94268267904,156542.7774916347,157544.07236474258
2023-10-19,143085.44732831098,163920.33416760332,155263.01661130373,155004.61211542977,174799.97443039567,167058.15997855004,174799.97443039567,155259.76802468876,155602.24673439667
2023-10-20,143312.7817922943,164089.32950118417,154627.41006847128,154994.25971542974,175120.67243039567,167360.74837855005,175120.67243039567,155745.57616067072,156368.20647037862
2023-10-23,141028.02497510056,162200.47563739136,152972.34792370116,153949.53211742977,174673.87243039566,166933.14837855005,174673.87243039566,154350.1585866775,155112.4181913854
2023-10-24,140830.9112851023,162748.44913389336,153679.2987595364,154692.66691742977,174329.14143039566,166602.68757855005,174329.14143039566,153943.42282251272,154702.81522722062
2023-10-25,140577.98386910645,162877.51672549814,153404.7417255409,154498.06371742976,174481.66143039564,166751.28837855006,174481.66143039564,154065.4009885172,154825.5933932251
2023-10-26,140818.43788309846,163272.77884158897,153664.40024069892,154648.13331742975,174617.02783039567,166879.85877855006,174617.02783039567,154438.25950367525,155201.05190838315
2023-10-27,141606.6861530933,164116.91935208297,154526.7775331933,155347.43331742974,175443.52783039567,167669.55877855007,175443.52783039567,155235.3367961696,156003.5292008775
2023-10-30,141210.04476908912,164400.3517604782,154089.1993671888,155327.53331742974,175520.52783039567,167746.45877855003,175520.52783039567,155503.5586301651,156274.151034873
2023-10-31,141552.68155108948,164014.0490597786,154464.31421435584,155144.33331742973,175284.12783039568,167515.35877855006,175284.12783039568,155137.97347733215,155906.26588204005
2023-11-01,141209.17580709225,164064.52745418178,154089.5329916922,155100.93331742974,175197.12783039568,167435.65877855005,175197.12783039568,155185.9922546685,155954.3846593764
2023-11-02,140854.51833308983,164188.14635907902,153699.2290615229,154963.33331742973,175143.02783039567,167386.35877855006,175143.02783039567,155301.9883244992,156071.8807292071
2023-11-03,141637.81833308982,165055.446359079,154559.42906152288,156048.13331742975,176300.12783039568,168492.95877855003,176300.12783039568,156120.68832449918,156895.7807292071
2023-11-06,144465.2643190978,167916.7842429882,157665.47054636487,159972.13331742975,180493.92783039567,172502.35877855006,180493.92783039567,158825.42980934118,159617.92221404906
2023-11-07,144398.65283110333,167689.54103179454,157595.80810103752,159781.73331742972,180313.82783039566,172331.25877855002,180313.82783039566,158612.16736401382,159402.55976872172
2023-11-08,143333.8664211103,167001.76499280252,156432.5941193784,158828.02239242976,179129.01693039568,171202.85897855007,179129.01693039568,157961.0533823547,158747.0680120626
2023-11-09,142599.0036909331,166277.2249121381,155631.2227634921,158236.17679242976,178389.0453303957,170495.63217855006,178389.0453303957,157276.53474253594,158060.01220692092
2023-11-10,142572.69026668926,165215.35820523818,155632.9236513168,157212.87679242977,177444.54533039566,169588.73217855004,177444.54533039566,156363.0510370476,157140.31641097178
2023-11-13,142702.73053942082,165718.62488799816,155399.6437080791,157541.17679242976,177751.54533039566,169883.03217855006,177751.54533039566,156884.0021535126,157664.0037988192
2023-11-14,143886.54396366468,167031.19154661818,156521.93022959426,159129.07679242978,179513.64533039567,171567.63217855006,179513.64533039567,158181.68585900095,158969.79959476835
2023-11-15,144399.26478185938,167890.49159489808,156986.69039988113,159905.67679242976,180185.14533039567,172210.83217855004,180185.14533039567,159129.33920839592,159921.2617583107
2023-11-16,143572.73793337165,167203.8582535181,156146.0610615207,159076.97679242975,179244.84533039568,171312.83217855004,179244.84533039568,158442.87179741924,159230.9701664124
2023-11-17,144020.1513576155,166722.52488799815,156267.59128770584,158770.57679242978,178944.34533039568,171020.23217855004,178944.34533039568,158115.3555029076,158900.46596236154
2023-11-20,143866.8245091278,166018.9489121381,155929.97034311885,157909.43679242977,178119.94933039567,170227.43417855006,178119.94933039567,157315.79409193096,158095.74237046324
2023-11-21,144021.40505459093,166108.348960418,156456.41465353014,157883.53679242975,177983.14933039568,170097.03417855006,177983.14933039568,157442.59632486093,158221.61714615813
2023-11-22,142675.42450912783,164664.44893627803,155180.1266384489,156359.53679242975,176255.24933039566,168445.33417855005,176255.24933039566,155962.39409193094,156732.74237046324
2023-11-23,143128.35135761552,165415.81564317795,155525.3643705827,156973.23679242976,176987.64933039568,169145.73417855005,176987.64933039568,156614.96150290756,157389.53396236154
2023-11-24,141879.0324091278,164406.3406673179,154744.5330259957,155788.09916742975,175697.31303039566,167913.99325355003,175697.31303039566,155524.22409193093,156292.79157046325
2023-11-27,141758.06528790854,164110.90730179794,154485.33153242967,155604.29916742974,175491.51303039564,167716.09325355006,175491.51303039564,155184.70556448927,155951.9125907175
2023-11-28,142034.06528790854,164960.64064317796,154509.58363087304,156377.09916742973,176367.61303039565,168555.29325355004,176367.61303039565,155963.40556448928,156737.01259071752
2023-11-29,141529.91232548462,164141.21110984194,154002.66473048477,155841.70645656285,175760.96503039566,167974.93725355004,175760.96503039566,155159.3324283705,155928.72464992612
2023-11-30,141250.89555651761,164272.80942357486,153850.14809635107,155929.98460939582,175818.70003039564,168032.08625355005,175818.70003039564,155217.54419423675,155989.18680275907
2023-12-01,141518.97789445164,164679.87952714885,154005.60335216532,156160.6483037299,176095.62123039569,168295.02525355003,176095.62123039569,155515.18266250417,156287.01649709317
2023-12-04,141364.11236590127,164622.0285310359,153874.86700879346,155601.30594537777,175101.92123039567,167338.02525355003,175101.92123039567,155365.92095581902,156137.57413874107
2023-12-05,139939.464427342,162716.52533053904,152497.59657845175,153876.0884926599,173451.86241839564,165761.36797955004,173451.86241839564,153680.52709812758,154442.1574300232
2023-12-06,139605.53702750814,162437.273284861,152199.5379309267,153472.9964926599,173491.50621839566,165728.59177955007,173491.50621839566,153309.77112583342,154070.93681613932
2023-12-07,139697.53006863804,162701.59301361255,152541.01270730083,153890.09249265993,174012.72701839564,166271.26397955007,174012.72701839564,153711.92676744433,154473.63677897688
2023-12-08,138905.92032621987,161153.9672731727,152579.86025951724,153723.0360299304,173269.25962348684,165058.56397955006,173269.25962348684,152546.06466569958,153300.13672694954
2023-12-11,139811.8910368553,161656.4526156591,152880.72618850664,153751.1074580977,175220.90230166854,166959.76397955004,175220.90230166854,153023.43035487647,153776.94166132074
2023-12-12,139679.3910368553,161257.1018509519,153311.73877916677,153456.34668496874,174606.65746698342,166694.16397955007,174606.65746698342,152572.04791284885,153530.44166132074
2023-12-13,138598.88212005526,159228.2208468797,152198.63302337658,152099.35142419866,172823.15878556267,165200.35322715004,172823.15878556267,150871.59180926258,151801.82879952074
2023-12-14,138393.2194154054,159009.8090504773,152446.93694277757,152092.34420923123,172609.02729561977,164964.33276003067,172609.02729561977,150664.74016308459,151473.19577277056
2023-12-15,137277.26352878351,158354.1566086398,151466.06301368025,150743.5056389607,171408.07364593734,164272.59049191707,171408.07364593734,149765.49151605717,150466.62244475167
2023-12-18,136624.9037730877,157910.49308570952,151222.091442839,150343.9174944194,170294.28737973227,163138.33308198125,170294.28737973227,149417.69706108863,149827.71820255846
2023-12-19,136248.49196947238,157449.19646203492,150888.69068682118,150046.4153811324,170408.5755855043,163314.5663632687,170408.5755855043,148981.15674252293,149391.92911019997
2023-12-20,135679.73451532432,156388.86191326796,150430.91680345035,149699.11010680776,168693.41225874107,161425.13130150188,168693.41225874107,148511.72175039854,148918.27036263127
2023-12-21,136707.6140985558,157880.72164067,151062.61680345034,150435.08265752866,169492.29049276357,162525.26359852578,169492.29049276357,149357.77191739393,149769.52425211034
2023-12-22,137655.9834133216,159098.83460485935,151440.01680345036,150324.16083394393,171110.74865762878,164127.62057099596,171110.74865762878,149361.76101639942,149776.73557529264
2023-12-25,137432.2156893921,158686.53235607396,151340.81680345035,149918.9627933486,170899.23347146023,163758.96839183377,170899.23347146023,149429.30233782707,149840.89309505915
2023-12-26,136984.70608079378,157889.7296278481,151030.81680345035,149485.65967571078,170538.05754061753,163255.90262335178,170538.05754061753,148623.71431996857,149033.32937470893
2023-12-27,138297.51744873993,159689.1983098006,151999.01680345036,150366.02454458392,171424.50940230297,164473.21639412222,171424.50940230297,150722.43705211647,151138.3630159931
2023-12-28,138909.282347788,161239.91897332692,152565.51680345036,153844.0217584534,174773.5853331457,167866.3515028881,174773.5853331457,152102.21308783352,152525.19045669356
2023-12-29,138585.07732341904,160690.56378408676,152068.01680345036,153223.3389489854,173692.22458847152,167052.8508070909,173692.22458847152,151661.2424271197,152082.9116968103
2024-01-02,139586.62423245673,160221.0194527674,152972.31680345035,152709.53585690202,173787.94607781986,167031.46509220786,173787.94607781986,151344.04242711968,151759.1116968103
2024-01-03,140637.94627453483,160929.50649447815,153889.41680345035,153619.62178400776,174775.53719483112,168085.71369956815,174775.53719483112,151939.60110569204,152353.35417704377
2024-01-04,141166.25067350967,162013.85370244028,153560.44520345033,153085.84915417904,174406.28017352778,168112.58095036985,174406.28017352778,152420.07714140907,152835.98161774423
2024-01-05,141059.557897366,162568.78249566152,153342.24520345035,152383.58760826397,173939.51340755032,167691.0509715679,173939.51340755032,152004.03581998142,152420.72409797774
2024-01-08,139430.44281686062,160476.84500633855,152227.88640345033,150906.9631797329,172794.9301985278,166062.9795859956,172794.9301985278,149615.40375306114,150024.02893546005
2024-01-09,139598.00790116316,160506.86600088843,152704.08640345035,151324.41982837144,172665.5783368424,166134.4125166446,172665.5783368424,150028.22111020586,150437.31389592704
2024-01-10,138715.27684127336,159128.29171931138,152084.81740345035,150489.38571025865,172001.57964233443,165177.14794352208,172001.57964233443,149016.01367103023,149421.7956489451
2024-01-11,138664.63009127334,159431.5591193114,152096.60690345033,150725.97171025866,172239.4656423344,165369.71594352205,172239.4656423344,149125.3422710302,149532.2816489451
2024-01-12,137817.03009127334,157989.6591193114,151903.10690345033,150187.0881839182,171695.9478165094,164152.67755407162,171695.9478165094,148351.7422710302,148233.7816489451
2024-01-15,137726.83009127335,157611.3591193114,151933.40690345035,150028.03056469336,171783.77467908387,164076.27990362648,171783.77467908387,147965.3422710302,148149.8816489451
2024-01-16,136744.43009127336,156875.4591193114,151643.10690345033,148733.98926340142,170291.09657479307,162196.60932103504,170291.09657479307,146875.54227103022,146577.5816489451
2024-01-17,134309.33038687333,154704.6936987114,149015.70159445034,146052.9917155907,167394.8086703865,159585.58848858613,167394.8086703865,144204.87464603022,144332.4262281451
2024-01-18,134008.29628687334,154682.9672987114,148794.37164445032,145925.93436559069,167095.6166203865,159299.44493858615,167095.6166203865,143881.0631960302,144009.60087814514
2024-01-19,133664.7201084787,154320.6180924144,148445.39144445033,145828.1235655907,166952.57916801606,159094.10612632637,166952.57916801606,143513.09219603022,143641.2410832044
2024-01-22,131485.15241647884,152221.7658857915,145799.57747885035,144485.0027607907,165179.9764319531,156741.22043166263,165179.9764319531,140396.30131983024,140343.9056391519
2024-01-23,132638.3427461931,153951.82212452698,147293.07747885035,145374.90256079068,166524.00872320123,158144.4656941017,166524.00872320123,141775.4013198302,142040.8912488044
2024-01-24,136528.92867971672,157411.23296703378,151663.07747885035,149390.01375761043,170423.63104983658,160626.2926728982,170423.63104983658,145885.3013198302,145024.63765121755
2024-01-25,138552.5629646688,160458.06357885443,152911.27747885036,151443.48186130292,173016.89606584192,163317.72724426887,173016.89606584192,147182.9013198302,147111.15640545086
2024-01-26,138668.9726349545,160423.2073401189,153784.17747885035,151236.57132997646,172499.27657459376,162578.38198182976,172499.27657459376,147408.10131983022,146524.97079579835
2024-01-29,137531.81351419265,158262.42049868693,153028.77747885033,149246.86671657092,169885.9828659962,160754.54561426464,169885.9828659962,146459.10131983022,144522.5627666764
2024-01-30,135219.69747076428,156322.96491601286,151288.97747885034,147242.4820145568,167954.70904211295,158498.85801721067,167954.70904211295,144273.00131983022,142197.26276667637
2024-01-31,134533.68624543102,156140.34738396612,151108.07747885035,146914.28201455678,167635.5288084162,158036.83328311733,167635.5288084162,143746.78314943024,141204.11690107637
2024-02-01,133923.62039289591,154812.7316193671,149854.57747885035,145850.5248145568,165851.59458073953,156405.62522838658,165851.59458073953,142706.8070733273,140214.51896851877
2024-02-02,132696.65949304347,153811.4369871003,148500.09180385034,143920.3544751568,164459.86320548295,154844.89510346798,164459.86320548295,141386.8261172318,138785.86567775943
2024-02-05,132094.79113346734,153876.6744851704,147952.34225560803,143325.61587515683,163933.0980464214,154421.07346327027,163933.0980464214,140218.36281052209,137878.93727626174
2024-02-06,136485.18567830254,157519.7955838349,152845.88150018494,146725.31260524035,167445.33452640878,159253.68904172987,167445.33452640878,145181.4900769203,142742.29426299216
2024-02-07,137456.97799631773,159216.11706123926,152992.1656400503,147225.30409203353,169668.97338520284,160930.7088952793,169668.97338520284,145831.44645832852,143327.021584777
2024-02-08,137383.07089626853,159442.87046794637,151920.7308289061,147001.31260524035,170499.79487697882,161062.11875421417,170499.79487697882,145431.88703321747,142520.33228001063
2024-02-19,138710.855782167,161524.69316443693,154852.76389173302,149634.25517127445,172283.82085254564,163280.71879837508,172283.82085254564,147263.12818757707,145384.10044072883
2024-02-20,139251.15139732521,162317.1853688912,155045.3559616657,150107.00199391195,172962.18828089756,163727.68583301478,172962.18828089756,147837.6446728789,145599.49093533852
2024-02-21,141524.356432901,164903.62633418842,159211.84453496378,152731.35307315286,175262.27842532686,166167.68218017774,175262.27842532686,150497.4027404248,148669.83250398788
2024-02-22,142532.4119244523,166992.76766333458,159714.46832516568,154073.2084089972,177779.42298702497,168470.617508683,177779.42298702497,151343.06091265747,149639.39862384473
2024-02-23,142679.11216297146,166745.6521971944,160746.7714160407,154787.7084089972,177327.15444535107,168235.31177660936,177327.15444535107,151687.62928651582,150371.67377033777
2024-02-26,140533.5329059334,163808.38273584636,158407.53660489645,152490.46584296308,174558.9411641496,165664.35250694762,174558.9411641496,149651.2660473357,148320.61566372841
2024-02-27,141362.42399127892,164757.34746652062,159247.43969577143,152921.6317901358,175904.1394023299,166572.6520252813,175904.1394023299,150589.6486693091,149254.85984439947
2024-02-28,140043.03657521756,163692.31830363095,157717.573164358,152080.25307315285,174536.1086119721,165084.89411127102,174536.1086119721,149032.54755726724,147575.79491438594
2024-02-29,141419.04333185032,164970.0868061553,158730.13660489646,153100.33604673922,176264.69639086918,166576.1439938507,176264.69639086918,150376.5673186921,148790.33859767608
2024-03-01,141758.82289223123,165768.1966061034,159355.44453496375,153278.6190203256,177361.572497214,167425.7856128944,177361.572497214,150706.2274225857,149353.20177050095
2024-03-04,141278.81531514367,165531.80512546113,158166.12074476184,153203.0275335324,177570.2933294598,167479.1728617904,177570.2933294598,150106.43540550256,148652.4890857436
2024-03-05,141381.77752325404,166823.05578064604,156831.59870287724,151637.20625051536,178627.9189401495,167195.21592309765,178627.9189401495,149415.62908567674,146980.17391408165
2024-03-06,141362.21240149066,166270.21674788714,157545.92558395414,152760.6275335324,178265.9357618669,167445.4036438464,178265.9357618669,149799.55308905506,147949.56931253622
2024-03-07,140785.4794828302,166398.15158538579,156073.80663294453,151676.23179013582,178191.46711180767,167004.1642375476,178191.46711180767,149054.70216632902,146598.38318713687
2024-03-08,141265.91878598224,165900.97576575607,157218.88902449262,153457.07861277333,177953.42936892973,166996.13016336143,177953.42936892973,149918.61050939944,147923.5283625698
2024-03-11,142201.89429358894,165901.43970917125,158605.46039509837,154702.87861277332,178652.8109022162,167304.08937904876,178652.8109022162,150822.35017308564,149075.57398404603
2024-03-12,143381.39987102675,165528.19832769397,162120.25534621984,156983.6126656006,178749.78583769445,168417.88951977223,178749.78583769445,152889.2346220332,152071.29066647758
2024-03-13,142228.06409461342,164116.15168778776,161040.59782137733,156739.0126656006,176787.4951336821,166978.39049291832,176787.4951336821,151981.45857211208,151554.92369967268
2024-03-14,141839.44475404202,163358.5276958159,160439.21230402787,156208.7084089972,176099.7579224784,166207.07078486215,176099.7579224784,151390.9368059206,150956.7497616498
2024-03-15,141206.9845342325,163019.30235980652,159074.54842761232,155257.1743561699,176281.0369928796,165858.61068754757,176281.0369928796,150248.31400079295,149415.0440953781
2024-03-18,142112.08343518482,164134.97567975963,160699.10128308556,156791.4743561699,177322.0323448858,167003.11020097448,177322.0323448858,151340.19535141,150985.5653421015
2024-03-19,140985.19530356588,163344.09103583937,158625.70444381333,154829.33604673922,176719.26024647529,166184.9210281487,176719.26024647529,149982.89275406956,149064.58602147957
2024-03-20,141144.11464413727,163400.51502781123,159168.89385874814,155363.9317901358,176567.597457679,166249.44073620485,176567.597457679,150148.69327353765,149478.90188560396
2024-03-21,141813.71464413728,163973.81502781122,161320.43609422978,157162.89989579038,176598.097457679,166836.14073620486,176598.097457679,151347.71711760145,151318.03928012442
2024-03-22,139760.66036204214,161695.32487391442,158131.2513860934,154509.66527315287,174825.69863326545,164519.12015666557,174825.69863326545,148990.11784300572,148340.69724972834
2024-03-25,140140.8904719469,161310.4767659191,158277.78434895008,154238.1439901358,174493.5913060648,164132.35726532288,174493.5913060648,149379.39763521848,148745.67090407858
2024-03-26,141181.119482804,162278.2627538769,160393.22302275323,155765.773869827,175022.8471228704,165121.18682740713,175022.8471228704,150762.64012866528,150553.38705187564
2024-03-27,139612.810911566,161455.82743793784,158212.05451189482,154781.97386982702,174271.73316526233,164280.5774599521,174271.73316526233,148838.05721964402,148508.61821277908
2024-03-28,140305.96036204215,162233.6640979144,159319.70736736804,155838.173869827,174742.83084126542,165074.72721666557,174742.83084126542,149713.33857026105,149521.9394595025
2024-03-29,140142.09197008968,162369.69474986283,159236.17714496105,156393.57546982702,175037.36412847223,165285.4610814352,175037.36412847223,149463.04292551638,149390.66690847662
2024-04-01,145016.90911256574,168049.96538174088,164429.72781623987,160174.512069827,180121.44244368828,170028.58421634525,180121.44244368828,154632.9848994951,154270.96719214928
2024-04-02,147500.6295521848,170918.21605375962,167780.43090711487,164113.612069827,183943.78430288582,173710.9044109745,183943.78430288582,157533.1662501121,157435.68843887266
2024-04-03,150118.07043142294,173946.71739779715,169920.8643757014,168033.612069827,189082.06802128087,178453.74480023293,189082.06802128087,160100.40406834614,159489.76180955025
2024-04-08,145276.36186018493,168307.18208185813,165205.27230576874,164471.41206982703,183151.65406367282,172958.43543277791,183151.65406367282,155111.26417223975,155046.32498237514
2024-04-09,141948.3176889469,164457.4307659191,162561.77754903462,161307.802069827,178542.7695060648,168810.2536653229,178542.7695060648,151909.69601896318,152517.03245627365
2024-04-10,142365.02750266233,164749.42397394724,164957.89004807945,162336.902069827,177607.88389486115,169055.63715726673,177607.88389486115,152679.8107201972,153783.67494972044
2024-04-11,142226.80733426823,164848.05861558783,165817.04852314215,162723.902069827,177324.04290834913,168818.4036621784,177324.04290834913,152929.37030462272,154050.32225842096
2024-04-12,139672.133566049,162596.67922145606,163643.6720916179,161359.381869827,176304.9703465546,167414.08244575904,176304.9703465546,150580.68421954615,151659.39067835026
2024-04-15,138229.51157093118,161217.4119478165,162891.65469844273,160670.881869827,175490.4187503762,166148.65373127323,175490.4187503762,149216.62307671638,150262.0957772766
2024-04-16,137105.3728209312,159430.87220053744,160285.85383609816,157541.21819482697,173251.96075801947,163541.63100230164,173251.96075801947,147377.79624845114,148021.23562041638
2024-04-17,137865.64606613695,160442.11198253912,161612.1861518718,159287.173594827,174726.77848625727,164957.01735494935,174726.77848625727,148195.0025192277,148842.68817039134
2024-04-18,138429.7650050419,161884.63200399067,162321.73683983088,159346.59756406554,176221.07232362474,166389.03323267392,176221.07232362474,148800.63710860233,149451.3609558938
2024-04-19,138786.57643122514,162438.77814621865,162930.2787948288,158955.61359386737,176112.22179156527,166287.45699451197,176112.22179156527,149224.27738172514,149876.55387374124
2024-04-22,137668.86618487028,161503.23317968703,160133.9879229757,157750.5426013178,175076.82604804094,165295.86689980747,175076.82604804094,147994.93580360332,148641.92899455383
2024-04-23,136552.39827170278,160196.93628806283,159081.4643648477,155960.2332505318,173124.7079953869,163425.48198002618,173124.7079953869,146894.19271352817,147536.71695164315
2024-04-24,136064.39827170278,160167.2944738341,158674.9643648477,156660.89193190564,173265.76491215982,163564.67307613132,173265.76491215982,146492.09271352817,146983.51695164313
2024-04-25,137175.2982717028,162057.7647512174,159599.56436484767,157982.65166514213,174837.61785198713,165058.9709076626,174837.61785198713,147848.29271352818,148029.81695164315
2024-04-26,137468.5982717028,162436.41451114154,162669.86436484766,159414.08410926373,176098.5392919056,166254.01122758485,176098.5392919056,147889.19271352817,149524.71695164315
2024-04-29,139263.5982717028,163580.4502825882,164324.56436484767,161960.75033132453,177755.25323478214,167796.6730561748,177755.25323478214,149765.89271352816,151370.61695164314
2024-04-30,139920.4982717028,164053.9073568522,163734.76436484768,161767.95510181328,178835.51650333026,168788.69886186687,178835.51650333026,150644.19271352817,151964.41695164316
2024-05-06,141947.7982717028,165964.78557388316,164722.6643648477,165383.58754593486,182099.21005749563,171852.01552460928,182099.21005749563,152478.79271352818,153657.31695164315
2024-05-07,142047.79827170278,166610.69256812194,164570.76436484768,165774.9762866218,182390.91380601656,172150.05477027543,182390.91380601656,152301.89271352818,153177.41695164316
2024-05-08,141296.9982717028,166395.8639509646,163313.1643648477,164516.610064561,181857.6226517153,171655.6053074035,181857.6226517153,151737.29271352818,152283.41695164316
2024-05-09,142052.0982717028,168180.38509373151,164259.36436484766,166084.89403475917,184305.05293733248,173968.1961644538,184305.05293733248,153186.79271352818,153391.01695164313
2024-05-10,141955.89827170278,171472.14900218375,165216.36436484766,167959.1182717209,187594.9009143472,177127.78809576022,187594.9009143472,155370.39271352818,153989.51695164313
2024-05-13,142047.89827170278,172850.91323073715,165898.86436484766,168530.56502730874,189471.58697147068,178896.3262671703,189471.58697147068,157004.09271352817,155122.21695164315
2024-05-14,142808.39827170278,172822.14184789447,166472.56436484767,169263.70529407225,189086.87812577188,178540.97573004224,189086.87812577188,156643.39271352818,155264.21695164315
2024-05-15,141597.39827170278,172209.45615647308,164253.26436484768,167826.58582759928,188730.3237029225,178197.50046147822,188730.3237029225,156334.39271352816,154193.11695164314
2024-05-16,142243.5982717028,172946.5777793916,164866.86456484767,168862.26330897314,188474.71110870282,177974.910678684,188474.71110870282,157171.69271352817,154408.24255164314
2024-05-17,142955.5982717028,174425.67761934106,166455.16456484768,171089.93773819384,189437.79206864844,178905.93755863217,189437.79206864844,157963.39271352818,155278.84255164315
2024-05-20,143040.0982717028,175313.20591639727,166447.46456484767,171293.24422701815,190088.845142841,179548.5407814005,190088.845142841,157715.29271352818,154899.04255164316
2024-05-21,142821.9291717028,174351.25014360514,166120.37486682925,169455.39603633122,188706.3250371966,178227.38441432425,188706.3250371966,157293.51919989157,154715.99700164318
2024-05-22,142808.6291717028,174708.19306934107,166523.04918147932,169456.7125472288,188694.22348169776,178229.08589373235,188694.22348169776,157617.96603575992,154670.4584375929
2024-05-23,141692.1059967028,172941.0860751023,165112.85329357878,167071.51424688287,186033.74297942308,175730.88275652277,186033.74297942308,156099.03563179905,153254.2462529415
2024-05-24,140895.4948467028,171704.8504637062,164759.70609357877,166027.3725386338,184671.92409749533,174444.84133554032,184671.92409749533,155339.0582787378,152184.84172585903
2024-05-27,142471.94004670277,175445.61421210793,166699.3492400797,167391.5425386338,188584.25303445564,178158.46014679494,188584.25303445564,157579.85924656386,154190.84172585903
2024-05-28,143407.44004670277,176235.1639720321,166811.13776810456,168749.29180148343,190249.57447437412,179712.8004667172,190249.57447437412,157081.1846603696,154780.44172585904
2024-05-29,143076.04004670278,175457.89258918943,166429.93776810454,168340.9835082551,189637.36562867538,179130.84992958914,189637.36562867538,156209.30068996144,154627.14172585902
2024-05-30,141165.3400467028,172282.4787607624,165386.40335217916,166880.94175335745,185939.67717168783,175627.34455830863,185939.67717168783,154863.93545994986,153210.24172585903
2024-05-31,141432.94004670277,173087.9143721585,165263.5661948541,166548.32516690073,186576.77207451005,176239.03326684673,186576.77207451005,155265.61814686467,153163.74172585903
2024-06-03,140702.47834670282,172798.42022926526,164005.02033752907,167094.99046481412,186739.50818875694,176401.1011096669,186739.50818875694,154551.6020725551,151944.94510085904
2024-06-04,141217.7689467028,172760.06107497594,164747.6354388044,167946.91544075118,187375.4854001816,176989.0887439489,187375.4854001816,155246.24618762077,152033.97473649943
2024-06-05,140978.40894670278,171053.53371505177,164724.33818020404,167249.55934507278,185377.93916026314,175087.67702402663,185377.93916026314,153981.56088107088,151175.99856046156
2024-06-06,139783.70894670277,170443.48347497595,163992.51249485413,167086.39048307005,185066.3606001816,174807.9173439489,185066.3606001816,152996.37286030248,149255.49912574445
2024-06-07,140100.9862703028,170740.61343666134,164114.12122542964,167896.88978643017,186506.2782915791,176165.418418205,186506.2782915791,152625.1015912763,148753.4589788223
2024-06-11,141035.3330703028,169783.6880656725,165833.1780789287,169870.44960125256,185325.12403221376,175024.76901775732,185325.12403221376,152065.45739896022,149955.29737882232
2024-06-12,141075.5330703028,169375.7880656725,166041.87533752908,170170.7256908996,185105.82403221377,174811.5690177573,185105.82403221377,151970.80531588665,149783.56971215564
2024-06-13,141619.3330703028,169300.6890156725,166378.8780789287,170609.69705301442,185012.72833221374,174710.50186775735,185012.72833221374,151712.31004896024,150722.3363788223
2024-06-14,140238.4330703028,167644.9890156725,166126.45239357883,169026.57027360518,183113.22833221374,172934.60186775733,183113.22833221374,151701.92202819182,150353.403045489
2024-06-17,139843.5330703028,168451.68901567248,166200.77126430243,169115.6197602831,183449.12833221376,173266.90186775732,183449.12833221376,151417.02473979068,150965.5363788223
2024-06-18,139889.6330703028,168609.4890156725,166542.87126430243,169026.6244878153,183357.12833221376,173182.00186775735,183357.12833221376,152450.8247397907,151748.26971215563
2024-06-19,138687.83307030282,166214.3890156725,164843.57126430245,168234.8394083,181152.52833221375,171102.90186775732,181152.52833221375,150520.92473979067,150229.9363788223
2024-06-20,137636.2963189028,165028.60571927248,163659.4937643024,167724.11269684636,180307.97555721377,170311.73000435732,180307.97555721377,148934.04143099068,148681.64188335565
2024-06-21,137495.36393305517,164508.3481354466,163691.9937643024,167543.2137624304,179807.01435721375,169839.18160435732,179807.01435721375,148103.37926806044,148551.44183084136
2024-06-24,135201.86527264703,161638.90076240874,160370.23004730244,164750.72256295,177272.61110681377,167446.92536675732,177272.61110681377,145208.21680081947,145453.9046838999
2024-06-25,134790.6427705781,161346.64531247283,159448.52601430242,163831.12255339578,176918.10031981376,167111.13330475733,176918.10031981376,144946.47323048383,144828.1359274976
2024-06-26,134977.65937834114,161580.03712134488,159817.16281430243,164332.58815339577,177325.47371981374,167495.27050475733,177325.47371981374,145157.70498126245,145041.16733526066
2024-06-27,133721.09062514114,160076.79341074487,158329.49117410244,162650.41287659577,175756.24391081376,166010.95841675732,175756.24391081376,143804.43490426245,143688.71689206065
2024-06-28,134278.40233248263,160746.2258595547,158992.16833689428,163208.81011870914,176463.32445024967,166536.97280811562,176463.32445024967,144404.14239393643,144288.2802976368
2024-07-01,135850.7355249023,162643.30569045828,160420.66220043218,163790.99887727256,177234.0143864151,168803.79633646007,177234.0143864151,146108.37987200555,146000.20002472555
2024-07-02,135998.9832326072,162884.47496338416,160653.60336191722,163570.2409490722,176967.57315104664,168437.1812329462,176967.57315104664,146325.00974072283,145931.6442831238
2024-07-03,135110.29998734492,161759.2750690694,159654.0177568179,162649.8171215269,175815.06832304297,167347.3665277309,175815.06832304297,145314.11131692963,144909.72444232207
2024-07-04,135196.88333829245,161605.41509020646,158789.49310492692,161483.7875905088,175432.17614308783,166998.16358668785,175432.17614308783,145175.53163217098,143898.9846470055
2024-07-05,134882.11674208264,159654.37517475468,157291.3573036826,160962.5218113457,173744.50633685215,165694.35182251563,173744.50633685215,143422.4128931364,142730.94462426292
2024-07-08,134765.20009303017,160306.71519589174,156856.43452691866,160796.39109023666,173553.3049144362,165731.7488814726,173553.3049144362,144009.43320837777,142379.23826843334
2024-07-09,136040.61663639735,161678.03504793235,159166.86867786953,162425.2847108363,175062.4687430769,166983.46946877395,175062.4687430769,145241.89100168826,144063.26312466073
2024-07-10,135257.41194113507,160280.90445361764,159653.62612767325,161513.16760041786,173449.46060654093,164870.6252135587,173449.46060654093,143983.2603778951,143900.3326068555
2024-07-11,136377.4785373449,161113.8443690694,160739.6924594133,162892.73806939973,176137.92732866583,166454.3369777309,176137.92732866583,144499.97911692964,144140.78648055185
2024-07-12,136915.18686187116,162098.7743585009,161749.7472871675,163364.0390830537,175949.82316893147,166685.03844825245,175949.82316893147,144986.66895930897,144314.4375394594
2024-07-15,137841.05345808098,163072.81427395268,162215.55280013182,164342.6276761081,175766.58989105638,166994.45021242468,175766.58989105638,145871.98769834352,144698.53706769386
2024-07-16,139322.03680902848,163430.1542950897,162302.02463382826,164684.83337958093,177762.59821052515,168728.44727138162,177762.59821052515,146288.00801358488,144996.66359753523
2024-07-17,138709.6368090285,162544.85429508972,161951.1028728521,163882.31056568964,175763.79821052516,166743.94727138162,175763.79821052516,145368.80801358487,143555.37859024716
2024-07-18,138416.1867561859,162450.53423167858,161814.77020937199,164474.76962772582,175067.67325211884,166385.75609451078,175067.67325211884,145312.7470678608,143404.4080966724
2024-07-19,137350.52710855473,162105.4842845212,162041.83303770737,164250.24866476207,175109.59405079077,166029.94874190315,175109.59405079077,144386.3810559642,143540.5592143765
2024-07-22,136605.99161799534,160426.6894912499,160582.9819712152,163060.93054068962,174030.6238054326,164750.05541402925,174030.6238054326,143172.6881151403,142598.4671871084
2024-07-23,135216.19649867632,159836.2385252671,160229.6630037076,161753.13624416245,171223.2747845507,162655.30342585448,171223.2747845507,142681.71406769496,142003.63545480813
2024-07-24,134793.41373679624,159697.863491011,159974.87745377305,161233.9883636353,171142.45387292182,162578.20693107037,171142.45387292182,141998.38961091728,141368.16614544025
2024-07-25,133628.5693686043,158544.8306491807,158991.80070383847,160462.05766710808,170195.16158410045,161680.28291732038,170195.16158410045,140964.15805046196,140842.61380793614
2024-07-26,133007.96936860433,157621.2146491807,157910.74963734628,159558.03954303561,169694.89358410047,161140.5801173204,169694.89358410047,140135.75325046197,140349.2746704321
2024-07-29,132876.8641686043,156896.0344491807,157991.73480617697,159367.00103261715,168416.73078410045,159922.3493173204,168416.73078410045,139979.76299187512,140304.41959386808
2024-07-30,132541.46416860432,155564.93444918073,157569.2497217696,157703.52377959903,167060.63078410045,158930.14931732044,167060.63078410045,139865.931237192,139707.0494860561
2024-07-31,134313.72319260432,157510.4407187807,158847.16499619532,159074.59006392583,169321.64754788962,162252.75118292042,169321.64754788962,141532.16786581912,141902.26285516514
2024-08-01,133659.1231926043,156903.54071878068,158380.75751259486,158241.09006392583,168572.5590864332,161618.75118292042,168572.5590864332,140812.8444671792,141983.15415204718
2024-08-02,132625.9231926043,155079.54071878068,156793.11180671258,157199.18160985838,166649.75908643322,159370.95118292043,166649.75908643322,139713.32663923476,140143.89110077213
2024-08-05,130896.99201260431,152974.7192167807,155127.60030481263,155873.80404087304,164340.22777586925,156586.88859892043,164340.22777586925,138230.2998151801,137342.54209532376
2024-08-06,131487.45131902135,152724.45294419414,154583.21269444673,155428.20350541527,163946.6208532765,157315.4221989204,163946.6208532765,138685.0806012772,137710.1936222431
2024-08-07,131829.2545464483,152914.05298027096,155138.75336638844,155189.73575671948,164061.2208532765,157484.4221989204,164061.2208532765,139251.11351077168,137988.9856144197
2024-08-08,132784.06745615596,154332.45312457826,155878.83917866982,155644.48479721,164884.43427343605,158763.5221989204,164884.43427343605,140468.74514874953,138339.07624840876
2024-08-09,131779.65131902136,153610.35294419414,155024.77423719934,154751.66315685515,164189.46256964945,157967.1221989204,164189.46256964945,139863.6806012772,137580.83103025067
2024-08-12,132014.91366748285,153823.35298027095,155181.17649090293,155458.23869920048,164855.53347343605,157859.6221989204,164855.53347343605,139547.11351077168,137527.90013976896
2024-08-13,131827.95252459677,153247.95298027096,154997.76002594375,155429.69227076642,164904.3352893446,157497.32219892042,164904.3352893446,139153.91351077167,137501.00090320304
2024-08-14,129934.69430292139,151351.67924339158,152908.25302281184,153880.54235905016,162708.01773651148,155597.8061158526,162708.01773651148,137583.71605380488,135434.53899765926
2024-08-15,130884.5299783003,152064.85694805367,154045.65321045055,155428.95076391115,163118.47425784997,156462.72646525665,163118.47425784997,138567.41223925506,136228.09342598406
2024-08-16,131749.46089710906,152248.44938684363,154757.78503436391,155409.83207772952,164441.8920437165,156611.75853105384,164441.8920437165,138660.6806012772,137486.81927821317
2024-08-19,131379.10586171108,152574.73513882014,155474.07418281696,156046.4200203491,165212.86807519261,156670.89851063577,165212.86807519261,138663.578058244,138110.76714141716
2024-08-20,129813.52709828348,151356.4620386001,153939.05305394955,153733.13951705064,163973.0812308484,155274.0096284307,163973.0812308484,136949.62288690935,136682.18354041566
2024-08-21,129494.37758175761,151027.83981044972,153210.25160325083,153024.5689888514,163072.25419607165,155026.78547511046,163072.25419607165,136583.8171651385,136016.30598898008
2024-08-22,128120.04592979014,149065.81070071642,151879.23060637838,151638.86780134097,162406.3892057952,153204.36881369303,162406.3892057952,134755.7062146826,135269.33448078024
2024-08-23,127995.2561698684,148842.59860895536,151694.18990345852,151879.6568247015,162220.9599419881,152981.51296547608,162220.9599419881,134414.67569029937,135127.73778766886
2024-08-26,127908.06398692432,148818.29179304672,152089.40009469813,151530.36081506885,162202.83690482238,152944.73617568988,162202.83690482238,134802.2818146826,135394.27645640296
2024-08-27,126709.83648234239,147969.03203401103,151164.54472990305,151504.13878267666,160440.84005450844,152121.8734732086,160440.84005450844,133612.9866947869,134125.8104618635
2024-08-28,126243.37865358192,148013.2638479335,150411.27201761762,150956.08689539405,159598.39543404206,151982.59397605827,159598.39543404206,133602.84852682057,133615.77611061806
2024-08-29,126409.33610492219,147633.12151149468,151603.07201761764,150716.6670897934,159911.14790899627,152009.71779593528,159911.14790899627,133623.07394864043,134460.74443139188
2024-08-30,129743.54107632469,149919.26390993138,154608.57201761764,152188.2950897934,162827.59728089988,154314.9119377387,162827.59728089988,136815.27394864045,137956.14710341117
2024-09-02,127416.07164776773,147958.5236144745,151569.07201761764,149471.8685457934,159548.4954537104,151955.73125934871,159548.4954537104,134829.57394864043,135141.57801920324
2024-09-03,128054.26501923105,149233.2487068048,153169.7775447082,150414.8888207934,160870.1960247071,153340.50022134557,160870.1960247071,136508.37394864045,135675.72961373167
2024-09-04,126642.16990043779,148213.70002936758,152914.66095218074,150099.5368207934,160161.03463953885,152476.48086697565,160161.03463953885,135963.27394864045,134683.96167467485
2024-09-05,127201.96990043778,149392.80002936762,153314.7588225104,151315.63682079338,161245.13463953882,154016.38086697564,161245.13463953882,136792.67394864044,135482.56243810893
2024-09-06,125573.41810043778,148172.90982936762,150831.70813185108,149548.13682079338,159164.07633953882,152750.98086697565,159164.07633953882,135905.88884864043,134335.54195763735
2024-09-09,125162.11810043777,146971.79808016762,150006.46755508208,148090.96360799338,158011.90746093885,151478.66613337563,158011.90746093885,134989.98884864047,133454.8736368635
2024-09-10,124654.00486128793,145957.19478281873,149733.27540083148,147678.2484079934,157843.4397922105,151003.09711975246,157843.4397922105,133968.77844864046,132984.33390738824
2024-09-11,124646.34419360038,146150.37860986235,150838.55409449825,148406.9884079934,158037.93533857446,151649.20533057718,158037.93533857446,135016.07844864044,133168.88302620433
2024-09-12,123867.21495635837,145202.23338834057,149586.89750743177,147318.58840799343,156928.06826539247,150773.55122516482,156928.06826539247,134047.49517984045,132794.53715468888
2024-09-13,124218.44444116662,146019.96454639328,148253.26142643148,146511.14038558182,157156.48866806642,150815.9667544513,157156.48866806642,133272.59517984046,132761.89132234696
2024-09-18,123943.34979509003,146882.53476258874,147983.94012009824,147359.74578698108,157587.61923511143,151771.4314909204,157587.61923511143,133733.99517984045,132986.37372174696
2024-09-19,124539.67478839683,146701.58071934964,148794.14012009825,147297.12778231705,158619.99312170243,151847.75854362658,158619.99312170243,133756.49517984045,134293.2128146069
2024-09-20,124024.15096922258,147154.13476258874,147678.4611580182,146626.44661309948,158820.41923511145,151952.5314909204,158820.41923511145,132814.12110723462,133352.85500375112
2024-09-23,124923.3217854697,147666.68624371963,148034.59598202078,146467.72763408755,159435.9058742034,152384.85612339457,159435.9058742034,132742.92750807642,134692.38118436013
2024-09-24,130908.04601935549,151897.5057790914,154387.63362243664,150141.70062709152,164896.41740989016,157571.29812764676,164896.41740989016,138942.6872142848,141177.530228892
2024-09-25,131731.6038264095,152487.95173585232,155540.245906789,150564.59605181077,165950.19129648115,157811.22518035292,165950.19129648115,140036.03831607362,141540.40687347078
2024-09-26,137157.85007747592,156966.99809276685,160478.10405780052,154674.4086550756,171741.39898693896,162854.85318318775,171741.39898693896,145738.9363223872,147756.6186031326
2024-09-27,145612.04243331045,163528.56358489953,170647.42937342564,161248.2212583404,181483.08440921674,169489.1222401461,181483.08440921674,154577.79812722758,155524.73671886936
2024-09-30,159079.66416825622,174196.08648268672,189342.02837840727,175156.73483595316,196094.8030269542,180863.5144594752,196094.8030269542,169983.0217369084,167398.628533315
2024-10-08,172428.67024109449,181525.5476616048,210785.36179349295,190829.49627260864,209584.45978378365,191424.92426127847,209584.45978378365,184523.3484424854,177125.4410459334
2024-10-09,164374.9662097641,176105.4936716022,197162.02556714407,180963.03822260862,201039.87750648533,183337.39173278626,201039.87750648533,172840.9586270379,171556.39406864397
2024-10-10,164374.9662097641,176105.4936716022,196318.90326714408,180294.20197260863,200332.41805648533,182674.59035778628,200332.41805648533,172678.65862703792,171556.39406864397
2024-10-11,164374.9662097641,176105.4936716022,195904.20959214406,180294.20197260863,200332.41805648533,182674.59035778628,200332.41805648533,172297.35255203792,171556.39406864397
2024-10-14,164234.66448969572,175955.7122981954,195739.04553872964,180218.00588586726,200248.32045648532,182597.4719577863,200248.32045648532,172151.1478053003,171411.35252190637
2024-10-15,164251.50138589542,175973.76674226174,195759.12630459596,180224.16471690024,200261.92045648533,182609.8719577863,200261.92045648533,172168.7934754333,171428.7981920394
2024-10-16,165195.40066666921,176986.3400438336,196883.1106373649,180741.50652367162,200833.12045648534,183130.67195778628,200833.12045648534,173155.4297666062,172407.03448321222
2024-10-17,165403.19100586424,177209.21114889492,197130.70289122564,180840.04782019948,200975.92045648533,183260.8719577863,200975.92045648533,173372.86048873432,172622.36520534038
2024-10-18,165775.9961528012,177609.56926851394,197575.4647623232,181003.03704200443,201162.69246928336,183430.63820536603,201162.69246928336,173762.5164144677,173008.43255664915
2024-10-21,166173.21405144906,178037.09075429197,198049.59336869983,181073.928014409,201238.77981403784,183420.96706286614,201238.77981403784,174176.35189526042,173416.6165675015
2024-10-22,167391.60679414638,178816.95999544382,200196.13747607358,182134.17562925984,201693.60490006465,184134.56958986144,201693.60490006465,174941.08556066122,174699.60994094817
2024-10-23,169426.72120986157,180049.26450604678,204657.38532530252,184686.80587501515,202499.18022810298,185466.44431165117,202499.18022810298,176148.65929939112,176841.53841539763
2024-10-24,166919.29522566582,178097.39350962505,200611.37545261357,181463.76326899056,199985.05712325868,183276.51566007335,199985.05712325868,174237.54826200547,174208.93897044676
2024-10-25,170516.60354710306,179515.37994830363,208380.5026350121,185497.8590179283,200908.08039814225,185031.81279250165,200908.08039814225,175631.567844134,178015.72621721917
2024-10-28,170282.30099561648,180172.0504665427,207093.2398650521,185421.7278363746,201882.69830681145,186104.8562310281,201882.69830681145,176274.71364821176,177759.41649141145
2024-10-29,168382.52214172017,178988.68840693822,204353.98841579023,183771.65352155772,200445.85604948588,184017.2795753272,200445.85604948588,175109.0948662816,175750.29764037093
2024-10-30,167922.6304137254,178733.2464494774,204634.5896013706,183649.07937902524,199454.97377701095,183481.45686075557,199454.97377701095,174853.73571802827,175257.53537928488
2024-10-31,168150.64323599564,179035.95968634955,206472.45628813835,184655.897885068,199008.67117054097,183756.86425990047,199008.67117054097,175156.57725848584,175508.78659323312
2024-11-01,168090.0532213115,182231.19570534193,203563.886114288,183417.9007193755,200514.9766502399,187439.038295257,200514.9766502399,178298.3164261754,175432.06725642527
2024-11-04,167907.1925575029,181258.42361435638,203835.15815821645,184551.39316971175,201308.78217437668,187401.269555838,201308.78217437668,177347.1870073514,175252.12153434227
2024-11-05,170659.57713968446,184124.9368675538,206925.062067368,187364.55641140207,204618.35803473424,191026.8001526681,204618.35803473424,180160.44026987487,178145.57182225378
2024-11-06,170825.90978131932,185107.4255357158,206362.7855057614,186651.31632727032,204443.37573435658,192308.09373868673,204443.37573435658,181128.07844606065,178326.59012120927
2024-11-07,170911.18708083333,184950.59034943703,206991.73473706818,188917.21979367608,208297.90307016653,194854.0477365217,208297.90307016653,183797.3463630731,181492.8063063611
2024-11-08,171139.13974126137,182570.02796232564,207457.53599803546,188263.3264365384,207162.17631577002,193120.16082544537,207162.17631577002,180192.3975965291,179384.42695368122
2024-11-11,174229.83445575222,187040.7310493979,211683.4922373965,190126.84243158158,208045.26603261294,195330.77869316962,208045.26603261294,180137.38359005944,182608.1330835715
2024-11-12,171587.13267828312,184447.92227353793,209040.29531951016,187651.29865525733,204596.8091671244,193699.30540478576,204596.8091671244,177059.25617722026,180290.58094951155
2024-11-13,172813.7670603591,186082.00018624388,210195.59505562484,188191.19509714836,204540.51088625065,193820.6965775256,204540.51088625065,178203.8611614802,180803.2750039485
2024-11-14,167239.74212435356,179067.2106227141,204007.02703434677,183166.4147641078,199418.29507233854,187537.9186638264,199418.29507233854,171941.43624018045,175462.25897545376
2024-11-15,164013.5519357841,175970.69919341002,198697.45761290833,179937.1055641078,197892.8734208678,185312.43215313248,197892.8734208678,168128.6526224268,170688.61430137375
2024-11-18,163528.20126528371,175516.17439341004,196744.28526990837,178972.1394921078,197377.7219208678,184841.64165313248,197377.7219208678,168061.2403184268,169640.1744242173
2024-11-19,163461.0118704088,175516.17439341004,196744.28526990837,178972.1394921078,197377.7219208678,184841.64165313248,197377.7219208678,168061.2403184268,169640.1744242173
2024-11-20,163435.6377344131,175441.19992099598,196660.7642970468,178895.74060295246,197294.02289591354,184762.92808677262,197294.02289591354,167989.2927315879,169567.51462900775
2024-11-21,163376.1609983443,175401.9263577544,196617.14105890546,178855.74209389425,197250.4900395451,184721.7877407624,197250.4900395451,167951.37867820665,169529.38290271818
2024-11-22,162217.7644756746,174870.38573286138,196020.84890730795,178313.40954788384,196652.66139780797,184161.8808229362,196652.66139780797,167442.95838568814,169015.41664964097
2024-11-25,161649.9814474177,174262.2607048126,195339.5622680752,177768.6093068361,196053.38665879774,183599.61184838816,196053.38665879774,166858.89887809305,168427.2205471227
2024-11-26,160830.8410110384,173381.50946563488,194350.5921240003,177282.80930683608,195518.18665879773,183097.41184838815,195518.18665879773,166009.35304031457,167577.27470934423
2024-11-27,161375.0596134222,173967.07565281744,195007.91658458067,177557.10930683606,195820.38665879774,183381.11184838813,195820.38665879774,166574.84543509773,168142.16710412738
2024-11-28,160852.24406769755,173405.75121896015,194377.2015964912,177157.70930683607,195380.38665879774,182968.51184838812,195380.38665879774,166034.7754453068,167600.09711433644
2024-11-29,161603.48360367955,174213.0108269407,195284.9157304694,177622.83070683607,195893.68016571962,183449.73910090228,195893.68016571962,166812.44441728806,168379.20688631773
2024-12-02,161350.11466769755,173940.76701896015,194979.40839649123,177703.8187068361,195253.85643174144,182849.62283892275,195253.85643174144,166546.97284530677,168116.6657143364
2024-12-03,161925.75824821225,174561.09856720676,196091.44388826867,178268.56350683607,195532.504956657,183110.42763835753,195532.504956657,167145.76040968744,168714.4532787171
2024-12-04,160956.98637047864,173517.94423733978,195386.9202671683,177033.16350683608,194939.50709482023,182554.8144723632,194939.50709482023,166145.4973058871,167705.1901749168
2024-12-05,161798.0616428007,174426.46471576512,193997.154531245,175720.10602182234,196435.06384064798,183956.58893962475,196435.06384064798,167017.402787597,168586.93088631774
2024-12-06,163330.19213649753,175863.4918650543,195488.60540375925,177923.92910330478,197950.91701440688,185378.34925914244,197950.91701440688,168391.8592024725,170093.63468892616
2024-12-09,163757.03721262654,176107.50551424743,196329.95314734467,178631.55525441532,198041.38781778835,185463.39221293715,198041.38781778835,168628.7327945007,170559.99984831462
2024-12-10,163810.4039182886,176791.00555856238,197998.2659152456,179527.44758034503,198706.78804566123,186086.07355333632,198706.78804566123,169281.41806376248,171544.67466850806
2024-12-11,164495.6679762164,177291.16237770085,197855.16976162134,179070.12296404853,199591.61159703403,186915.82339633658,199591.61159703403,169765.227520891,171812.31464808993
2024-12-12,165310.46392034413,177815.00404450635,199511.03511251567,179535.00141738018,200027.6067696382,187325.23078190794,200027.6067696382,170271.7597048009,172329.52153408062
2024-12-13,163925.00336365224,175995.68231656752,196916.4356182379,176916.42762737506,198140.3753289209,185556.712649529,198140.3753289209,168529.99838097361,170578.77371649558
2024-12-16,162888.48476126848,174583.18769220018,196682.61115765758,176608.5424307067,196433.11037247814,183956.99999106384,196433.11037247814,167170.4312841097,169063.82742171243
2024-12-17,161593.0170814485,173046.10745378584,196417.55570850213,176273.5131128342,194756.64477055037,182385.2533549095,194756.64477055037,165698.10890656197,167712.53332732938
2024-12-18,162176.45893196942,173670.52473922842,196392.30999694526,176279.1633736873,195839.34311764792,183398.48168741315,195839.34311764792,166294.45731239225,168321.039807703
2024-12-19,162499.775257568,174000.5699371806,197889.33693065157,178145.44907315297,195747.86104763183,183301.59893167127,195747.86104763183,166591.04817151115,168657.8966565097
2024-12-20,162730.37525756803,174248.76993718062,197927.18035452033,177543.81594460175,196093.31742941594,183623.86064349202,196093.31742941594,166826.54817151115,168900.5966565097
2024-12-23,160772.44916126647,172154.15204788581,196255.76121240947,176391.2548592572,191484.5393490724,179307.38216691313,191484.5393490724,164828.0962689176,166859.29832493298
2024-12-24,162230.9732250265,173695.26376029436,197965.2513267108,177962.06314838087,193788.5341147682,181467.47309838794,193788.5341147682,166331.70526409367,168372.97112718847
2024-12-25,162297.12789866046,173723.35379260834,197978.68782418955,178175.15661432073,193646.31678039132,181333.4162256315,193646.31678039132,166402.82624535108,168441.24867137248
2024-12-26,164959.82527714173,175727.02325437468,202150.300583023,181116.76616957327,198051.50944344173,185451.27481296303,198051.50944344173,169104.79338981418,171209.7849158278
2024-12-27,163316.88600216582,174368.53142601135,199860.4008976663,180129.77733777728,195840.24951229402,183381.59644439007,195840.24951229402,167426.31393722966,169501.57863048214
2024-12-30,163418.58638339728,174825.55590487094,199483.44237738725,179400.42202597822,195986.2737009192,183523.00938099367,195986.2737009192,167543.5541566129,169606.44907870225
2024-12-31,159861.79359338037,171801.88737966152,195321.70464635914,176187.78493976296,189256.2164604314,177218.927017688,189256.2164604314,163904.94931712566,165910.71067298955
2025-01-02,157026.75603406702,168628.40280032158,192178.35920699287,174494.9546622222,186007.87974397634,174173.38002525442,186007.87974397634,160989.09434560122,162970.4020822299
2025-01-03,156438.3519086336,167947.78457432214,191471.03254031422,173953.61886222218,185928.8382772977,174025.42251902857,185928.8382772977,160385.36439982816,162361.35333645687
2025-01-06,155539.58180464327,167023.84675116616,190374.1734541595,173464.61886222218,185713.27919114297,173630.67760820634,185713.27919114297,159461.33366433845,161430.32260096716
2025-01-07,155822.10952544134,167423.6351907974,190724.95922139043,173300.8563122222,185756.3910083739,173739.2665903708,185756.3910083739,159744.60418643642,161719.30282306508
2025-01-08,156093.8406806322,167721.44439548728,191061.1454454792,173391.9499122222,185880.45983246266,174019.66233486033,185880.45983246266,160031.12785132672,162000.02548795537
2025-01-09,156378.59718567075,168035.31078249903,191415.9848577024,173684.19951222217,186225.33484441915,174385.40371455476,186225.33484441915,160335.01272556873,162294.33431887176
2025-01-10,155471.84340098366,167318.52968529903,191338.46407115692,172843.31541142217,185068.24473641915,173468.1564697804,185068.24473641915,159354.182987322,161343.48119033323
2025-01-13,157295.29864313445,168602.32168529904,194472.23359379338,173491.35421142218,185683.64473641914,174985.7530201488,185683.64473641914,161170.1578282011,163229.36578892963
2025-01-14,157907.69249671104,168752.52168529906,195942.36154333886,173481.7574114222,185985.15473641915,175583.50940301383,185985.15473641915,161793.6528827257,163869.44591844903
2025-01-15,157246.51033742153,168191.22168529904,194237.25438033885,173244.4048114222,185436.04653641913,175123.41711586507,185436.04653641913,161120.88159183224,163187.27382346813
2025-01-16,159282.56296171347,170115.52168529906,197321.94791979346,174515.3048114222,186831.04653641913,177075.27349873006,186831.04653641913,163104.57664635684,165297.90997889143
2025-01-17,159594.0275795723,170525.12168529903,197935.72390297527,174584.70481142218,187190.64653641914,177521.95361837538,187190.64653641914,163412.73135089577,165615.67002206456
2025-01-20,158213.19834385457,169116.12168529903,196537.8719366116,173716.9048114222,186850.54653641913,176107.72542694287,186850.54653641913,162078.38382363346,164172.3499357183
2025-01-21,157964.18080242394,169152.72168529904,195922.8407567934,174859.8048114222,188019.14653641914,175981.04530729758,188019.14653641914,161865.12911909455,163916.13788391053
2025-01-22,158178.90280242395,169242.96968529903,196707.4407567934,172935.26906142218,185253.14468641914,175582.5773072976,185253.14468641914,162076.80991909455,164115.47748391054
2025-01-23,157591.9033412709,168505.54452898173,195716.75438033883,172925.62518473927,184880.16535511796,174868.30547529508,184880.16535511796,161463.38162531602,163504.14897269924
2025-01-24,158985.6344429208,169605.6730691597,197576.3063467025,174623.88817435564,187072.1869447127,175966.50723475896,187072.1869447127,162869.4339451107,164949.6559063412
2025-01-27,158687.36613890002,169580.5593707166,197153.28556015703,173521.6588312176,185796.215252002,176036.98359387173,185796.215252002,162753.56522998822,164645.11554245863
2025-02-05,161131.45409963068,171521.7231657426,200962.44791979346,175503.4839530296,186401.32384730107,176689.17513095163,186401.32384730107,165009.36471003157,167118.09828082682
2025-02-06,162042.47227686274,172173.34630976233,202296.36547606625,178123.75736377577,191025.65901257453,177743.223907496,191025.65901257453,165946.70609192643,168073.6774050447
2025-02-07,163371.56214922792,173197.08299285293,204271.783032339,178894.57814873598,192229.8370072379,178948.28946192728,192229.8370072379,167281.55123444446,169455.44036459058
2025-02-10,164473.88308177097,174424.42110209865,205735.09342561173,179873.27750551476,192589.46169795957,179742.21351515796,192589.46169795957,168404.81722085297,170582.6958878437
2025-02-11,165091.8113866378,175009.37795132023,206523.29342561174,180251.0421770838,192131.8975443149,180117.99135953066,192131.8975443149,169038.582519322,171208.81205251574
2025-02-12,163891.95418680515,174437.64519415688,204399.26224579354,180719.28358130733,193562.35696932883,179868.9758664939,193562.35696932883,167770.45141043136,169985.00602464352
2025-02-13,163513.95541693587,174348.88834493532,203714.07586933897,179624.1189097383,191827.82112297346,179769.0659742631,191827.82112297346,167551.62423014676,169588.82579952906
2025-02-14,164450.8806714422,174753.07695244817,204859.21744242992,180114.90918457272,192722.53886931913,180273.95870135492,192722.53886931913,168468.08372721807,170559.52871590178
2025-02-17,162066.53263214786,173459.07866756912,201114.57390152072,180174.00815490235,193354.28216048348,178590.65414310573,193354.28216048348,166040.2710386156,168112.4260750361
2025-02-18,161700.1571267508,173095.52268959006,200584.03721403304,178993.99950793583,192484.25833353386,178070.92733107344,192484.25833353386,165637.08235685303,167733.09418260359
2025-02-19,161805.5146600608,173291.22125135886,200659.43490608264,181899.47205644654,196134.0367691105,178350.58478108185,196134.0367691105,165745.68903304788,167844.72773058177
2025-02-20,161855.22594704974,173230.18919864553,200894.16598742182,181924.53764517076,196390.77291176698,178321.33116219266,196390.77291176698,165795.01989792247,167890.28913443102
2025-02-21,163305.19426907826,174824.61407449795,202815.10125574685,184120.50061062505,199065.80798441297,179602.33036140312,199065.80798441297,167278.72232607874,169390.71419297426
2025-02-24,162432.93723719328,173825.0921068401,201732.10771819338,184147.941847165,198281.20121491223,178938.93230051405,198281.20121491223,166366.57855376942,168486.0442414981
2025-02-25,161368.60688997904,172663.29667589613,200412.02315542905,182698.53206358076,197179.37957721925,178130.9766721335,197179.37957721925,165285.459710854,167381.49821243354
2025-02-26,162537.93467516277,174385.11666203206,201860.97114529688,184874.82031437955,199696.12298971374,181047.49298563087,199696.12298971374,166472.2759457013,168594.2749137226
2025-02-27,162850.3191010657,174250.86109994378,202252.70868908265,184585.8093762874,200158.7304005776,182508.06367019424,200158.7304005776,166793.47124745243,168918.86937806342
2025-02-28,159683.96012369735,170545.12543198135,198328.4272156975,179502.79597825662,194223.80254558922,176035.9627304196,194223.80254558922,163557.05635238596,165635.12116888608
2025-03-03,160311.09022353074,171287.74211663922,199111.67383844077,179346.17779159345,196324.90950399303,176799.66518351395,196324.90950399303,164222.48136451037,166286.34278920444
2025-03-04,160626.50072303097,171694.85338751052,199618.51970667057,178870.92992185004,195302.74894629768,177221.28810477944,195302.74894629768,164535.39540088354,166612.7258501596
2025-03-05,159604.42593003184,170962.35545715218,198722.96215346773,179379.99770777253,194443.76082943875,176476.46482860643,194443.76082943875,163459.0033150128,165554.1961129309
2025-03-06,161231.07150122643,172487.30397300108,200936.15939895425,180073.65025961338,195725.14188412542,178053.03837346297,195725.14188412542,165272.17933926155,167386.2181535677
2025-03-07,160972.51357258757,172202.8991196171,201137.80802169754,180283.04145056085,195295.7362552047,177763.82522049296,195295.7362552047,165164.71735138597,167264.57917388604
2025-03-10,160899.78483124715,172140.2831871546,201452.1997581571,179417.18691527288,195243.8577542117,177694.92982329027,195243.8577542117,165539.04542413232,167634.74529579637
2025-03-11,161363.02265682755,172548.69133578823,202571.8566444408,180519.12158442946,195994.00509558036,178119.98505686998,195994.00509558036,166426.75536351037,168523.14019420446
2025-03-12,160953.43457158803,172220.33217499347,201920.9997581571,180029.03117608756,195449.83279316133,177781.04914651442,195449.83279316133,165861.54542413232,167949.24529579637
2025-03-13,160128.51707242097,171343.02436198745,200949.4566444408,180099.7729562787,194953.10545100668,176876.46145122123,194953.10545100668,164957.15536351036,167032.94019420445
2025-03-14,162836.61081542732,173554.83022730463,203812.17868054856,182427.3487401238,197826.17146823334,179162.07117712338,197826.17146823334,167539.84716952004,169670.46386911027
2025-03-17,163181.0605557682,174328.05803686436,203921.27868054857,183227.31505380094,198125.35677005636,179964.05218235654,198125.35677005636,167538.64716952003,169672.8638691103
2025-03-18,163730.59287357648,175222.1673388438,204059.12454877835,183820.0159657719,198862.93887544377,180891.776187022,198862.93887544377,167650.66120589324,169788.84693006543
2025-03-19,163416.5516215229,175119.59250028222,203089.8841895755,184297.38207011123,199502.52667138027,180788.09661462082,199502.52667138027,166880.89512102245,169018.11978783674
2025-03-20,162634.13546425587,174162.8152046404,202523.8731715216,183157.9454665662,198321.07594369166,179796.2356025144,198321.07594369166,166526.2992180176,168648.3079503838
2025-03-21,161430.2968927281,172629.31578381557,200993.07317152162,182140.91328159784,196313.44773047313,178209.61208929296,196313.44773047313,165421.49921801762,167530.20795038383
2025-03-24,161805.30390066683,172334.0327380994,201335.55776683224,183106.38516778473,196159.13377065246,177903.96393747895,196159.13377065246,165383.34155889804,167523.48861751836
2025-03-25,162225.191239959,172253.92458441548,202073.5715393996,183696.22774380597,196071.28603861987,177820.3147458267,196071.28603861987,165751.96143765413,167910.1784143345
2025-03-26,162200.10873912607,172013.48031284646,201874.8926531159,183675.7431422228,195797.2350555709,177571.86879638772,195797.2350555709,165621.24429827608,167783.72931592644
2025-03-27,162410.93889572675,172752.0092728281,201493.49816214287,183759.4710210965,196630.45534153533,178337.28594631792,196630.45534153533,165589.9922497785,167743.1852346529
2025-03-28,160973.11546249132,171571.33645771365,200230.24118488614,182252.49748546735,195468.0911875161,177188.70089214807,195468.0911875161,164551.1968619029,166678.97665497128
2025-03-31,160627.20556332424,170897.43110942433,199546.9327711698,181728.60824378318,194929.2032704972,176701.42075167634,194929.2032704972,163864.05772628094,166067.08212837938
2025-04-01,165225.7688641572,178430.024686135,206536.5896574535,185449.27685046304,198772.0818784783,181889.6262862046,198772.0818784783,168664.51806565895,171853.97462678744
2025-04-02,163808.95486482358,176034.8195475035,204365.99516648045,184514.6230538897,197702.94844486314,180595.21407382726,197702.94844486314,167074.26601716137,169549.8305455139
2025-04-03,162295.24786515677,174761.11697818775,202416.3979209939,183381.12997394401,196121.53172805562,179361.10796763853,196121.53172805562,165682.18999291258,167968.30850487715
2025-04-07,153064.35990553122,162696.6252358998,188909.45657585392,171680.99217363747,182705.94718965897,167970.8371844234,182705.94718965897,154814.13422313562,155228.0621141325
2025-04-08,154055.56990553119,163753.16123589978,190134.63257585393,172869.88917363746,183970.71618965897,169132.01018442342,183970.71618965897,155818.4912231356,156232.15311413252
2025-04-09,153306.16990553122,162955.7612358998,189209.8325758539,172221.38917363746,183280.91618965898,168498.3101844234,183280.91618965898,155059.69122313563,155472.7531141325
2025-04-10,152930.99206634518,162556.0977537748,188750.61097585392,171706.13317363744,182734.94030263572,167924.4240213188,182734.94030263572,154678.83730296994,155092.13351413253
2025-04-11,151092.84036765445,160582.68602568234,185551.9672228539,170356.90640263743,182179.58247320686,167054.225741759,182179.58247320686,152799.854452812,152460.8602411325
2025-04-14,151227.12195963922,160348.23623706595,185201.9672228539,170287.1394386635,182289.22725796356,166995.15488546586,182289.22725796356,152577.52558459635,152172.8602411325
2025-04-15,150367.8690876406,159931.6043996674,184220.26722285393,168658.0493368741,181334.3314071588,166230.56853618592,181334.3314071588,152181.04639079777,151366.4602411325
2025-04-16,151935.4023756004,161083.9276842242,185391.56722285392,169961.88403866353,183444.68975711695,168251.58334302314,183444.68975711695,153278.94301095657,152328.4602411325
2025-04-17,154332.2858822509,163414.8324538735,188154.9672228539,171823.6910659442,184170.130408318,169044.80403642717,184170.130408318,155497.13360527332,154599.5602411325
2025-04-18,153929.79354091387,163619.75068693617,187303.16722285392,171135.17495869868,183516.52110566307,168240.5825036573,183516.52110566307,155692.41145540285,153900.7602411325
2025-04-21,153606.97099332907,163275.32644828252,185990.66722285392,171081.27949868108,187796.63307347635,171930.65826191937,187796.63307347635,155366.08834412845,152821.9602411325
2025-04-22,154726.37099332907,164736.62644828254,186165.2672228539,171323.6910659442,188325.8725416118,172622.7676586132,188325.8725416118,156758.68834412846,152965.8602411325
2025-04-23,151752.97933935496,161894.88899730533,183885.93664085394,169256.88469333723,183364.24132847151,167868.70178162554,183364.24132847151,154051.74108622,151091.0649521325
2025-04-24,151135.77933935495,161745.68899730532,184357.5366408539,170061.66155881097,182630.0050922006,166839.1546882379,182630.0050922006,154295.44108622,151825.8649521325
2025-04-25,151051.17933935497,161157.88899730533,183148.83664085396,169610.86155881095,183043.6050922006,166757.55468823793,183043.6050922006,153477.84108622,150853.0649521325
2025-04-28,149314.27933935495,159281.67370030534,180708.62215625393,167112.86155881095,182314.20509220057,165636.1085248379,182314.20509220057,151541.44966102,148491.6286713325
2025-04-29,148797.37933935496,158785.83530030533,180516.59695625392,166916.19172061796,181543.08447169195,165587.36175431404,181543.08447169195,151020.18926102,148453.4942713325
2025-04-30,149977.57933935497,159278.03530030535,181274.3969562539,167364.62188242495,182165.36385118333,166345.68938379016,182165.36385118333,151296.68926102,148958.7942713325
2025-05-06,152602.17933935497,161343.93530030534,182436.3969562539,168849.02393510903,185024.3414577929,169162.1816689123,185024.3414577929,152486.98926101997,149795.09427133252
2025-05-07,152736.17933935497,161509.83530030533,182631.8969562539,167977.07517875818,184746.62216694563,168586.8358066539,184746.62216694563,153070.38926101997,148914.59427133252
2025-05-08,152456.47933935496,161458.93530030534,182484.09695625392,167790.85658421434,184951.88225558973,168776.0175738716,184951.88225558973,152839.48926101997,148659.09427133252
2025-05-09,150758.86043535496,160206.513427476,181073.02093285392,166037.01987186077,183501.7784489639,167128.19609603292,183501.7784489639,151481.26855741997,147652.0544921325
2025-05-12,151893.36043535496,160648.85019198206,180946.52093285392,165235.57425156192,183853.05088198575,167609.8472945464,183853.05088198575,151824.76855741997,147025.02149213248
2025-05-13,151466.26043535495,160803.54430803063,181609.82093285394,165507.89469248502,183997.39146472877,167868.89330925,183997.39146472877,152331.76855741997,147372.52149213248
2025-05-14,152849.66043535495,162100.10165957315,182575.62093285393,166242.95106497215,185698.6603574078,169426.46881041615,185698.6603574078,153184.46855741995,147968.8214921325
2025-05-15,152453.66043535495,161927.41783704277,182618.72093285393,165267.4260846242,185127.09686263706,168681.0863095832,185127.09686263706,152988.66855741997,147712.3214921325
2025-05-16,151444.8359469665,161009.46048550028,182617.62093285393,164251.53111213702,184071.227969958,168034.11080841706,184071.227969958,152672.46855741995,147649.6214921325
2025-05-19,151379.3455835378,161028.0810725367,182220.72093285393,164121.9846885546,183694.5745636829,167401.0306094166,183694.5745636829,152571.16855741997,147625.02149213248
2025-05-20,152954.18412982312,162927.9648950671,184593.22093285393,165409.58346890257,186313.4380584536,169996.81311024955,186313.4380584536,154149.96855741995,149135.92149213247
2025-05-21,153349.75822125145,163486.59577562177,185174.62093285396,166147.54843352895,187479.512349041,171286.38161174886,187479.512349041,154542.46855741995,149414.2214921325
2025-05-22,152192.09376639445,162441.00606913998,183837.32093285394,164944.50342173773,186376.87044590345,170240.17111224864,186376.87044590345,153293.66855741997,148072.02149213248
2025-05-23,151651.3744932518,161763.10165957315,183505.32093285394,164554.06846497217,186568.29075740778,170829.40961041616,186568.29075740778,152909.26855741997,147593.8214921325
2025-05-26,150596.35522010914,160641.0707790185,182754.02093285392,164497.00350034583,184540.51646682044,168560.84110891682,184540.51646682044,152758.66855741997,147331.92149213247
2025-05-27,150933.60040182347,161214.94430803065,183824.02093285392,164827.873492485,185258.32186472876,169666.63410925,185258.32186472876,153320.56855741996,147909.1214921325
2025-05-28,151068.96485668045,161205.35460154887,183670.02093285395,164611.7926806938,184997.3799615912,169329.02360974977,184997.3799615912,153441.66855741997,147734.2853421325
2025-05-29,151832.64858468014,162401.61783704278,185631.02093285392,165571.74710911218,187221.02726263704,172297.0271095832,187221.02726263704,154454.16855741997,148689.3363167086
2025-05-30,151095.79139131412,161835.89221759746,185911.52093285392,165456.19473741183,187000.1933032244,172282.66036108253,187000.1933032244,154539.86855741998,148500.8090528627
2025-06-03,151395.53645781736,162409.01451111567,186821.68933285394,166027.11227943003,188576.75780008687,174316.64986158232,188576.75780008687,155113.10335741998,148830.27154895262
2025-06-04,151969.9544355106,163351.79833364603,187695.68933285394,168033.04148848588,190172.5212948576,176202.43236241525,190172.5212948576,155947.30335741997,149739.48062061868
2025-06-05,152665.72866642821,161999.46745309135,187019.88933285393,167646.26764494856,187992.44700427027,174512.86386091594,187992.44700427027,154967.30335741997,150091.0715001049
2025-06-06,151877.91830195254,161708.28746759743,186149.74540785394,167787.01564326318,187928.99970322443,174068.5603610825,187928.99970322443,154921.09456229513,149675.31732298931
2025-06-09,153634.40168489772,163907.0609966096,189052.24540785394,170630.9355300286,191230.2051011327,177322.0533614157,191230.2051011327,155965.59039841438,152398.4945786939
2025-06-10,152376.23669900052,163502.69776111568,188657.14540785394,170307.7097435809,191696.05780008688,177954.34986158228,191696.05780008688,155983.74560326533,151561.02641093795
2025-06-11,153705.252943197,164572.38158364603,189141.94540785393,170967.7651678744,192581.92129485763,177910.33236241527,192581.92129485763,156494.88623453362,151982.77186696362
2025-06-12,153540.36479780884,164996.54481913996,189950.74540785394,172619.1691785399,194129.96859590348,180524.43586224865,194129.96859590348,157964.2945622951,152737.65821061682
2025-06-13,151600.02793852385,163024.08746759745,186832.64540785394,170169.539294726,191627.99970322443,177905.7603610825,191627.99970322443,159536.4028942355,150998.43094677097
2025-06-16,153020.94333757053,162646.1609966096,186594.67125785394,170273.06700570922,190479.80510113272,176785.9533614157,190479.80510113272,158492.9552532653,151497.8143283728
2025-06-17,153115.5701222369,162331.9609966096,185214.66252888046,168911.3821661364,188824.0393111042,174938.99931585253,188824.0393111042,158062.56390314936,150709.9188804884
2025-06-18,152802.7484818289,161883.57369293424,184920.27411092815,169702.29369565676,188410.80328234605,174439.21408414457,188410.80328234605,157709.8934738524,151007.9815529459
2025-06-19,150576.5770010943,160215.28717166817,182935.10070046887,168164.3690356104,187205.79575073865,173178.4236658447,187205.79575073865,155414.0742741556,149144.2947400044
2025-06-20,149286.5372376988,160803.3160672067,181650.68906332407,167833.94314590568,187890.8146657311,174084.11487648945,187890.8146657311,154732.75838000156,147890.08312471438
2025-06-23,151410.2110594944,162872.42856478438,182197.58016626787,168634.23725687282,188941.03884870475,176843.46405560107,188941.03884870475,155422.15885580698,149041.78368198805
2025-06-24,153501.97260536702,165083.90665875617,184823.37231941163,170342.76140866408,190174.81175578712,178113.9380394148,190174.81175578712,156665.9392796387,150084.23859524328
2025-06-25,157131.8833739091,166339.06610295665,186979.73305998166,172247.55995511106,191677.43867364698,179393.24493627017,191677.43867364698,158404.17524392367,152088.71123065343
2025-06-26,156597.62512399076,165546.13660559125,186180.2971075242,171953.50974171964,191042.6852560827,178609.50131883938,191042.6852560827,157560.8332620543,152063.91814865035
2025-06-27,156175.5036383979,165394.4063359747,185860.59178543524,172298.36470078028,190236.8827876527,177888.10892171282,190236.8827876527,157622.4032363493,153256.5630419131
2025-06-30,157767.43804184662,167342.78417635107,187000.23153374152,174293.7460836017,191616.29542416745,180018.75812084315,191616.29542416745,158661.25823830458,156117.44658278284
2025-07-01,156778.56731289515,167773.3109887128,187033.99461271206,174388.56107899343,192307.21430990493,180885.84421836774,192307.21430990493,158686.8937319214,156222.06406213826
2025-07-02,155527.47331973363,167720.8974073324,187177.40664585942,172667.32817636072,191743.0162979832,179308.24269832784,191743.0162979832,158532.2908555548,154654.93560957626
2025-07-03,155952.68681749527,167999.23291483248,188056.4056055718,173701.43763000463,191803.59132709794,179199.79851164398,191803.59132709794,158441.53353893256,155389.94557034076
2025-07-04,156936.3472687601,168164.0139167878,187726.78178104106,174027.27128980609,192863.28802405097,180558.50083750067,192863.28802405097,158638.85486570554,155476.63235050885
2025-07-07,157296.3618881947,167998.50696345238,187422.87977799037,173736.96894200708,193055.8188771148,180697.39115374666,193055.8188771148,158604.04841830427,155391.69413396475
2025-07-08,158969.2353878891,169956.367228977,188970.14759837597,176215.35483796985,193994.49169681213,181957.55519170544,193994.49169681213,159580.3005483335,157505.77912973208
2025-07-09,158293.99723541533,169307.82607262157,188729.99812574254,175875.89665541437,193946.60767035148,181335.00594729083,193946.60767035148,159516.4381603791,157166.75993945813
2025-07-10,158343.96946091822,169559.94023247587,189552.0743726834,176084.85974128748,194400.12436426882,181378.36815168124,194400.12436426882,160243.53938212316,157540.1567643266
2025-07-11,160560.6702265184,169831.71391688084,189439.7015684824,176525.66374752883,194767.36135384496,182131.53396064322,194767.36135384496,162338.7555278772,157892.68022206702
2025-07-14,159374.41208170215,169395.6620404365,190007.04543174102,176392.4385288585,194656.73853786194,181354.86800319812,194656.73853786194,162187.133106419,157827.5392353091
2025-07-15,158836.18054700288,168202.28015033188,188745.82820712175,177996.83854340672,193457.65348273862,180572.23463490696,193457.65348273862,160411.5879107056,159051.07389852408
2025-07-16,158837.4433833576,168154.61682737633,188671.5209923894,177733.93197670236,193116.79868413985,179972.82499458056,193116.79868413985,159998.72395962593,158864.94303000972
2025-07-17,159512.2812720876,168866.2493684813,189086.48895835402,179661.01923975043,193548.40014631842,180382.30753626607,193548.40014631842,160378.41645738416,161354.71575872428
2025-07-18,160056.90072216088,170099.14718474206,190250.18498420215,180229.03641136506,194514.00942376346,181617.90163826584,194514.00942376346,162133.64714490052,162409.40299661667
2025-07-21,160583.64926570217,171070.65285742556,192454.80753369207,181085.20410062186,195668.7937998503,182270.25613850684,195668.7937998503,164485.39181177696,163538.6088933193
2025-07-22,161858.84585443104,173367.93200972205,196891.95876410077,181918.3203848179,197733.109647022,183670.23293339534,197733.109647022,166054.72304360612,164683.59909571576
2025-07-23,162687.9232994485,174280.2160954859,195448.62888767404,182725.9023045037,198678.47127564208,186040.47984442223,198678.47127564208,166194.4880151405,164633.36279912892
2025-07-24,164610.54265605332,176444.23696421555,197199.1443853465,183896.32355289298,199845.6835538003,187765.001998354,199845.6835538003,169005.42113513945,166323.37172302845
2025-07-25,165269.51110774925,176392.7184194977,195836.23432180958,184889.37578850338,200372.30547478262,188687.25985305413,200372.30547478262,169493.706234885,166280.1879452493
2025-07-28,165274.82188320562,176229.5514026886,194510.7031600436,185119.02022424122,199287.93153841054,187920.91631709898,199287.93153841054,169436.64956923167,166978.09581558412
2025-07-29,166726.42851357313,177904.6120839946,194794.75740957638,188096.1934196486,200436.25312407713,189524.25282769953,200436.25312407713,169589.97271334846,169617.06571654193
2025-07-30,165037.00907454104,175925.50868924265,193312.65787684906,186816.72160641107,199072.65997458444,187731.96100215102,199072.65997458444,168803.54649208678,169113.92569988125
2025-07-31,162379.45864914084,172430.72065165246,190571.53385999487,185278.9126830775,196415.46524112474,184684.1658592887,196415.46524112474,165937.11705324554,167263.40425813527
2025-08-01,161584.95817087122,172333.2662946624,190571.53385999487,183854.2481554408,195686.843363274,183722.8750364225,195686.843363274,164897.91705324553,165810.3982860577
2025-08-04,161657.80587013904,172042.3990946624,190166.77565999486,184506.28071374027,195603.903363274,183488.1644364225,195603.903363274,165311.23805324553,165778.3182779164
2025-08-05,162624.54291289157,173240.99909466237,191690.1756599949,185699.6382325843,195694.15136327402,183861.3740364225,195694.15136327402,166123.43805324554,167602.51370951824
2025-08-06,164992.2281266543,176914.0990946624,196841.3756599949,187708.82136666597,196469.34691385832,186692.1740364225,196469.34691385832,168152.73805324553,171837.24552547972
2025-08-07,164704.23369078312,176108.4990946624,195971.47565999487,187319.7126985026,196152.57339682756,186574.17403642248,196152.57339682756,169176.03805324555,170991.08189355678
2025-08-08,162481.98002760022,174812.7990946624,193902.47565999487,185457.63119215707,194922.10345010413,185276.17403642248,194922.10345010413,167854.03805324552,169452.6364375311
2025-08-11,163848.39115585785,177512.69909466238,196067.97565999487,186914.66797916443,196254.35876887495,187116.5740364225,196254.35876887495,169468.43805324554,171553.39550105587
2025-08-12,164682.18383989856,176952.69909466238,195603.47565999487,188822.454660798,195748.70347784413,187070.0740364225,195748.70347784413,169649.23805324553,172384.63182028523
2025-08-13,165826.86905366127,178895.69909466238,197621.6756599949,193314.1280240651,199155.7972645486,189165.67403642248,199155.7972645486,171706.63805324552,176277.70445874394
2025-08-14,164919.89131017655,176399.49909466237,195560.5756599949,191715.10434467657,198262.74877101314,187294.8740364225,198262.74877101314,170802.93805324554,173870.76358739898
2025-08-15,167089.32469494944,179880.3990946624,198835.5756599949,194473.81512719387,200234.70809909987,189412.17403642248,200234.70809909987,174218.13805324555,176474.63175515496
2025-08-18,169697.6747721088,183523.29909466236,202885.07565999485,198420.3517034536,204020.95764728554,192932.4740364225,204020.95764728554,178833.83805324553,181033.8453300889
2025-08-19,170009.14138733587,183641.99909466237,203882.6756599949,200371.80350168614,203824.10903190266,192449.2740364225,203824.10903190266,178462.13805324552,183576.58163303568
2025-08-20,172380.74154165457,185130.79909466236,205076.1756599949,202020.56436984948,207070.63614741247,194412.3740364225,207070.63614741247,181469.63805324552,184433.84526495863
2025-08-21,171933.33597752574,183216.7990946624,203323.3756599949,200856.59925325052,206864.9758100517,193931.0740364225,206864.9758100517,180110.23805324553,182680.6452812412
2025-08-22,177444.58079919365,187336.69909466238,207511.77565999486,207703.95105148305,212655.72651984185,197525.17403642248,212655.72651984185,186913.03805324552,187416.681584188
2025-08-25,179933.08826947163,190296.99909466237,211165.07565999485,214694.61342148526,217161.54765085786,200167.8740364225,217161.54765085786,192332.93805324554,193270.54056629993
2025-08-26,179810.03453433263,190210.19909466238,210177.97565999487,212121.15929815118,218386.84566209588,201220.57403642248,218386.84566209588,190856.3380532455,191412.25423892928
2025-08-27,177145.877141214,186382.7990946624,206507.07565999485,212212.7038017575,216032.38770952233,196879.5740364225,216032.38770952233,189543.03805324552,190301.31328617147
2025-08-28,181133.44040709882,189348.59909466238,209169.3756599949,221285.98541169276,221769.73994846505,199420.5740364225,221769.73994846505,196296.33805324553,196830.6585793715
2025-08-29,179944.99955204793,190568.49909466237,209414.57565999485,221388.21585563832,221614.65606220005,199595.8740364225,221614.65606220005,195462.63805324552,197232.90403539716
2025-09-01,181276.73850094964,192230.09909466238,210020.1756599949,228007.01733774942,224087.07890780014,200465.0740364225,224087.07890780014,196599.13805324552,200690.57210545774
2025-09-02,179286.6550390174,189294.3990946624,208778.27565999486,222382.0919655022,218404.72732950145,195819.79251142248,218404.72732950145,191110.93805324554,197134.3176754614
2025-09-03,176495.1541908479,186704.9621446624,204335.07783499488,221032.30042291794,217425.87753434735,193663.82778642248,217425.87753434735,188012.92952824553,194932.64131879352
2025-09-04,173103.783026283,184579.0927946624,200596.7575849949,211838.0881377749,213007.5447550187,192442.82778642248,213007.5447550187,184450.2857782455,188081.29660133534
2025-09-05,174024.25502628298,189532.4627946624,201692.3111849949,212684.8901377749,214865.42835501867,193579.6381864225,214865.42835501867,185381.76477824553,188823.95140133533
2025-09-08,176764.855026283,191226.9627946624,205522.2111849949,213436.3361377749,215699.01875501868,194825.6325864225,215699.01875501868,188289.06477824552,190656.95140133533
2025-09-09,175376.455026283,189765.3627946624,203760.51118499492,212878.1629377749,214766.31875501867,193281.53258642252,214766.31875501867,186813.3647782455,188905.35140133533
2025-09-10,176028.555026283,188832.8627946624,204913.7111849949,212837.2629377749,213964.01875501868,192681.6325864225,213964.01875501868,187479.8647782455,188408.55140133534
2025-09-11,175746.155026283,188698.2627946624,205594.8111849949,211973.9629377749,213895.3187550187,192150.73258642247,213895.3187550187,187161.56477824552,187243.35140133536
2025-09-12,176318.155026283,187881.5627946624,206030.61118499492,212156.9629377749,213293.41875501868,191875.03258642252,213293.41875501868,187786.26477824553,187243.55140133534
2025-09-15,177367.755026283,188718.2627946624,207199.51118499492,213532.5629377749,214240.6187550187,193155.23258642247,214240.6187550187,188877.76477824553,188156.55140133534
2025-09-16,177291.8893792162,187856.70569219659,207585.3111849949,212861.0629377749,213142.45683010167,192056.40232036452,213142.45683010167,188782.13525452418,187167.8831261349
2025-09-17,178770.3838724172,188820.8056921966,209358.61118499492,213733.26293777488,214655.55683010168,192834.9023203645,214655.55683010168,191085.02775754067,187637.7831261349
2025-09-18,176418.92154239272,187392.10569219658,206704.4111849949,211452.29717977488,212917.45683010167,191566.30232036448,212917.45683010167,188324.78003660828,187547.6831261349
2025-09-19,175647.76008998585,185981.1583081966,205976.7111849949,210483.63673577487,212334.12068730168,190253.5851503645,212334.12068730168,188551.82775754065,185965.0512993349
2025-09-22,174978.0766103829,185677.1583081966,205034.11137219492,210712.4367357749,211285.33130810168,189416.5027791645,211285.33130810168,187591.53971275088,186915.05129933488
2025-09-23,172616.0655636329,183345.9802521966,202523.54127979488,209345.1209397749,209128.73130810168,186818.07865596452,209128.73130810168,185518.77580894576,184856.4755897349
2025-09-24,173985.27776363288,188270.18025219662,204970.6822797949,212064.72093977488,213389.5313081017,190458.8786559645,213389.5313081017,187021.82040894576,188789.0755897349
2025-09-25,175054.0777636329,188563.4802521966,206231.1822797949,214513.84838977488,214317.5313081017,191204.67865596453,214317.5313081017,187991.80997311394,189021.9755897349
2025-09-26,172699.8777636329,185395.8802521966,203289.38227979493,211921.74838977488,210438.0313081017,187907.4786559645,210438.0313081017,186044.61595071908,187348.4755897349
2025-09-29,174689.57776363287,188682.8802521966,204968.6822797949,213740.74838977488,213225.63130810167,190203.0786559645,213225.63130810167,187196.7891014503,189536.8755897349
2025-09-30,178566.67776363288,192045.7802521966,209398.4822797949,216234.6483897749,215733.33130810168,193644.07865596452,215733.33130810168,190323.81149249236,194006.0755897349
2025-10-09,179591.3777636329,192915.18025219662,210904.78227979492,218897.74838977488,218006.33130810168,195400.2786559645,218006.33130810168,192090.57562686168,195974.9755897349
2025-10-10,174524.8225636329,187186.8208521966,205882.92305897808,214239.1884147749,213326.1592081017,191008.41375596452,213326.1592081017,189094.77178659214,191357.28668973487
2025-10-13,173387.07276363287,185685.6208521966,206389.95000413206,212545.7191288976,211741.55920810165,190044.7137559645,211741.55920810165,187325.29036529423,190959.28668973487
2025-10-14,171550.95439402005,183778.96676939656,203298.24695756315,212271.53918254713,209142.60760270167,187277.3667369645,209142.60760270167,187308.61584110378,188405.8625397349
2025-10-15,172047.51877597548,185794.66676939657,204455.57390271715,213480.1153505214,211669.24069544242,189311.1667369645,211669.24069544242,187607.58811058186,190967.66253973488
2025-10-16,172514.4705510151,185683.76676939655,205098.2516259327,215129.87882383337,211709.43206765887,189140.3667369645,211709.43206765887,188662.2410654414,190946.96253973487
2025-10-17,169810.03878293093,182581.10779439658,201620.67428868636,211905.65896119666,207566.62486665612,185783.2415619645,207566.62486665612,185955.3041645937,185803.2384147349
2025-10-20,170119.67375284072,182586.4824472049,202347.20895978797,213939.77953252487,208599.3005482108,185870.97134597297,208599.3005482108,188059.2278876671,186812.3650643434
2025-10-21,171771.79801387695,184714.70368147184,204970.1660674199,216437.94704529337,210653.12465169124,186977.16294595387,210653.12465169124,189033.5225923788,190860.26284718132
2025-10-22,171916.69776549924,185476.10059580454,204730.04946543247,216808.8639234855,210656.8313086367,187631.79894600157,210656.8313086367,188157.9953982325,189950.6183900865
2025-10-23,173073.06386351673,185752.10265291607,205666.16572050133,218387.0089319978,211142.0771772053,188309.57494596977,211142.0771772053,189820.8247652402,190165.08136148305
2025-10-24,172600.41877356835,185254.06429860528,205494.37467863617,217323.6920538057,211593.93224636785,187732.81574594436,211593.93224636785,188749.42850062,190303.91173860032
2025-10-27,173205.77436755132,185327.98450431644,206402.27910516478,218464.86519263822,212501.98459136544,188108.23334594115,212501.98459136544,189147.0450585502,191005.82803573998
2025-10-28,172220.95585929725,183974.76327004956,205016.2681072249,216955.23706231802,210756.80298052874,186780.72774596026,210756.80298052874,187786.0970636198,189340.63025290202
2025-10-29,172982.9352481619,183273.623887183,205864.3435487945,218411.3595665742,211266.6100364708,186027.5805459507,211266.6100364708,188930.23490808098,191271.079144321
2025-10-30,173131.8458214172,183740.76224149377,205771.3599796905,219142.88769689438,210853.9924620709,186198.53974597613,210853.9924620709,189073.04130347318,190571.34876720374
2025-10-31,172343.55110804483,183531.38141864917,204255.3769993459,217821.24268838207,210814.40305694134,186312.26934598884,210814.40305694134,187810.0290537845,189782.98357864513
2025-11-03,174281.86689717066,185679.02491573876,206886.3278434213,220979.70929525283,212494.02554864384,188274.86854593482,212494.02554864384,190924.14659511496,191664.26063001927
2025-11-04,173616.38719070752,186637.6047100276,206913.85347429305,220836.51492131688,212923.77819736145,189299.45094593798,212923.77819736145,190613.25668426257,191504.1443328796
2025-11-05,173974.79948002487,187199.9451214499,207180.25610285756,222469.94840600877,213672.48915044992,189824.48614593162,213672.48915044992,191880.85245922089,191683.57692715892
2025-11-06,175657.67111304778,188899.9694413841,209475.9598698772,225430.1626708072,216694.18229990065,191571.25574586485,216694.18229990065,193815.10906519246,195244.9191670917
2025-11-07,176502.10337830355,189032.43005851755,209968.06536884714,225651.3302638916,216486.2706084614,192052.50854585532,216486.2706084614,194385.61629837865,195144.96805851065
2025-11-10,178387.21334696285,189352.57458416288,212178.29739530303,226993.2842631466,217647.16235762328,192604.4957457854,217647.16235762328,196039.66699387165,196585.22659558305
2025-11-11,178024.32135118233,189361.01396702943,211973.21884148708,225851.74144846218,217531.40904696757,192450.0429457949,217531.40904696757,195421.4475861261,196079.8777041641
2025-11-12,179669.35939982123,190532.19993265285,214820.18390082632,226892.4737878203,218921.80601715203,193517.95334570273,218921.80601715203,196530.85765442994,198418.3503212141
2025-11-13,179960.2990545859,190598.19787554131,214653.31842381906,228290.76328697708,218758.6612391399,193569.17734573453,218758.6612391399,196969.86685106694,198813.18734981754
2025-11-14,179163.43971088034,190188.52396702944,213479.96806342548,226378.39411100693,216363.50429853878,192814.63169579493,216363.50429853878,196014.80423036186,196837.40675416414
2025-11-17,178466.42319966733,189407.02293847367,212440.0822126755,225466.42903386382,215440.9050368895,192091.44369581083,215440.9050368895,196307.3388234046,196494.52526846586
2025-11-18,176848.40324240725,187561.63077320138,210226.27112609803,222730.5433047226,213191.78319626453,190214.4777310418,213191.78319626453,193221.6383824561,193291.11697894847
2025-11-19,177939.86084240722,188348.4037952014,210789.93252609804,224311.2227047226,213045.19516426456,191139.7591830418,213045.19516426456,193712.97817797711,194118.1161789485
2025-11-20,177476.46084240725,188478.70379520138,210192.53252609802,222944.6227047226,213489.79516426456,191270.05918304183,213489.79516426456,192798.66517142157,192953.51617894848
2025-11-21,173064.73419760723,184279.61886800136,206367.10915889803,218131.62427352258,210755.44595306454,187443.02069304182,210755.44595306454,189266.05811862156,188405.9369573485
2025-11-24,172806.04459760722,183674.25166800135,206279.85635889802,217524.81677352262,210380.38035306454,186831.1014930418,210380.38035306454,189185.71731862155,188325.82655734848
2025-11-25,172331.52199760725,184358.26626800135,205717.334158898,217207.07517352264,210645.33955306455,187519.3344930418,210645.33955306455,188668.00931862157,187810.02715734846
2025-11-26,171588.9696334072,182069.73676360137,204831.77879829804,215670.34249692262,208761.48176186456,185191.6891096418,208761.48176186456,187855.75043202157,187000.19664654846
2025-11-27,170451.96963340725,181267.33676360137,203375.77879829804,214871.47009416088,208002.63142441947,184368.08910964182,208002.63142441947,186609.75043202157,185670.19664654846
2025-11-28,171329.36963340722,181007.23676360137,203991.17879829803,215223.64235110808,208352.69057815298,184106.78910964183,208352.69057815298,187569.85043202157,186233.59664654848
2025-12-01,171809.26963340724,182113.1367636014,204926.97879829805,218824.2935688349,211516.83986585424,185233.8891096418,211516.83986585424,188097.75043202157,187089.69664654846
2025-12-02,169008.73543740722,179979.9795658014,201680.9121808002,217418.62002546372,210192.2666253711,183052.8935190418,210192.2666253711,185031.46065588156,184124.29286914848
2025-12-03,167436.67712860723,178521.23857780136,199539.57768467444,214940.12318795547,208274.5551025705,181565.4991006418,208274.5551025705,183354.80601911354,182533.8634824818
2025-12-04,168573.87712860724,178300.43857780137,201146.70597936277,217130.15950202107,209176.2466505207,181342.59910064182,209176.2466505207,184899.5509090772,184554.89681581515
2025-12-05,169287.77712860724,179396.8876138064,202344.24756081318,220391.66844421782,211813.6412943714,182458.1806950965,211813.6412943714,186405.99645625975,185579.89681581513
2025-12-08,168749.97712860722,179106.85850217644,203757.0400350789,225655.31538470247,216157.38353339036,182154.1244432618,216157.38353339036,186152.38955227289,187763.09681581514
2025-12-09,166697.85072860724,176366.8992950851,202325.53514225723,227537.45654548213,215782.7208273581,179366.1885206508,215782.7208273581,183302.4747522729,186171.97152357854
2025-12-10,167095.05072860722,176686.1517294158,202410.47671977896,229383.63718281913,217200.4250480755,179692.52338313893,217200.4250480755,183643.17475227287,186263.657546971
2025-12-11,166199.55072860722,175156.9468607544,201033.299480442,225685.46380345657,213018.51942399066,178137.95365816262,213018.51942399066,182672.37475227288,184330.22475457448
2025-12-12,166950.75072860724,177701.5995753212,202502.03908606156,227825.94853627626,215218.89970254115,180724.8215487136,215218.89970254115,184444.17475227287,186039.3865820597
2025-12-15,164591.2142138072,177112.50787269918,198012.68759333875,225981.9368038518,212173.18625222344,180136.08636641444,212173.18625222344,181163.10159427288,182145.0956785536
2025-12-16,161763.01421380724,173786.5361038411,193836.34816184058,222602.05020505027,207754.49893560563,176757.7391180524,207754.49893560563,178276.2226123245,178152.53881095944
2025-12-17,163971.2142138072,177850.20773258113,196925.71428035828,227704.11334570614,214868.11441510776,180889.61985238304,214868.11441510776,180936.93301232447,182235.32014429275
2025-12-18,163049.81421380723,176398.0551581324,194715.43841666722,227531.20943198298,213230.46934812388,179415.01847586344,213230.46934812388,180364.53301232448,179256.42014429276
2025-12-19,163783.81421380723,177997.07435254182,196384.4660077403,229246.89621254403,214946.28765559095,181041.1643477059,214946.28765559095,181587.13301232448,180684.9534776261
2025-12-22,164297.9142138072,179885.9984156125,198862.5292353229,233566.63719156416,219612.94679870945,182958.37994452464,219612.94679870945,182512.3330123245,184166.48681095944
2025-12-23,165267.11421380722,180936.51746990386,199331.72923532285,230602.25245874448,219800.06652015896,184023.85930233565,219800.06652015896,183438.3330123245,185606.5534776261
2025-12-24,166682.81421380723,182210.9176100219,200587.67291726865,236034.3552577172,222284.82707725995,185316.82581636708,222284.82707725995,184437.13301232448,187642.52014429276
2025-12-25,167266.51421380724,182904.16531580925,201296.72866736888,240193.05730545853,222537.8651061765,186024.95746791034,222537.8651061765,184510.13301232448,187715.08681095942
2025-12-26,168472.9142138072,184888.2605872659,202639.85625844199,241455.81894365163,224466.13552930974,188041.25425696545,224466.13552930974,186691.3330123245,189652.32014429278
2025-12-29,166985.01421380724,182640.0413928565,201515.20855377807,241773.11473093426,222737.91158714282,185756.908385123,222737.91158714282,184056.53301232448,188111.72014429275
2025-12-30,166063.79299300723,183019.98422998254,201392.16658737807,241526.5298163551,224103.9003177431,186138.77031168994,224103.9003177431,184292.13920305233,189613.28681095943
2025-12-31,164678.4929930072,182512.93179565185,199781.99072368702,244814.8773021183,223545.53552930974,185626.23544920178,223545.53552930974,183632.4720030825,187684.45347762608
2026-01-05,166870.79299300723,186567.24626151792,203758.4769516705,249143.26799640246,227646.69890376067,189756.27811009932,227646.69890376067,186478.61936304322,192908.58681095942
2026-01-06,169353.9929930072,190961.75113017927,207166.163179654,252908.73056758643,231259.92284592756,194233.94783507564,231259.92284592756,190387.06064297078,196791.98681095944
2026-01-07,169593.19299300722,191843.47032458865,208945.1551342177,253243.74658599816,233030.06509556153,195125.39370691808,233030.06509556153,190920.79344300093,199309.85347762608
2026-01-08,169313.39299300723,188741.47032458865,208241.53156586274,257775.74863373948,230818.30312447806,191962.39370691808,230818.30312447806,188274.4728030372,198654.22014429278
2026-01-09,169534.51889300722,191265.59752931335,210352.84306606321,263799.7888615283,234460.56391791295,194523.8999351042,234460.56391791295,191353.909903007,201238.28681095943
2026-01-12,170299.7188930072,191929.504871328,214297.9424981092,276622.7832877761,239996.00020773517,195199.38692334015,239996.00020773517,192804.68318301003,202962.18681095942
2026-01-13,169235.11889300722,194543.3294788985,210932.27391804446,266499.85682676453,234412.48458285307,197857.60548723006,234412.48458285307,191059.00382297378,199503.35347762608
2026-01-14,169584.61889300722,193363.67690694853,211040.66841925762,267971.17431662424,236488.62338614333,196657.12157784874,236488.62338614333,192373.0349229587,202340.5534776261
2026-01-15,170176.11889300722,194426.09115465134,211302.54101683135,263149.54599416145,236523.49021755293,197735.4329231719,236523.49021755293,193418.31508294964,204564.38681095943
2026-01-16,170117.01889300722,194458.63046887424,211395.0290289625,263277.85604301444,236241.08129375783,197767.44941417954,236241.08129375783,193016.62116298286,206737.52014429276
2026-01-19,172012.01889300722,194834.87690694854,212555.3960362412,262138.41093811046,234804.74392552843,198147.12157784874,234804.74392552843,193541.67460297683,207429.0534776261
2026-01-20,171788.3188930072,193596.60311324117,209283.52902896254,259314.36356246463,233430.62256858186,196893.67476762284,233430.62256858186,192813.05032297378,203686.7534776261
2026-01-21,171806.11889300722,194416.051607767,210350.10703381497,260137.68183127177,234613.5431882002,197723.91424238938,234613.5431882002,193807.41064295566,207697.42014429276
2026-01-22,174301.31889300724,194415.24182467785,212028.00601197893,261874.37993100053,235471.78421545206,197723.90974075638,235471.78421545206,194130.47784292547,208239.1534776261
2026-01-23,178557.8188930072,195711.3428147048,215910.45652289697,261899.36592160654,238055.9078312536,199037.58922267536,238055.9078312536,195874.3572029617,213425.08681095942
2026-01-26,177493.71889300723,198521.08818466458,215088.4170095527,262386.1205962017,240739.75275459708,201893.4734013064,240739.75275459708,198601.97989588624,213939.15347762613
2026-01-27,177392.01889300722,195725.01500346456,216124.197524285,261800.64971053624,237841.51285259708,199046.7954561064,237841.51285259708,196982.59163867714,215018.45347762608
2026-01-28,178005.71889300723,201518.4076135327,216822.37874908233,264078.1764206469,245005.64794252068,204941.61920070683,245005.64794252068,203068.09403854123,217827.9868109594
2026-01-29,178691.81889300724,201908.31104241818,215354.17107315818,263058.1157928211,245756.70664824583,205343.63674566863,245756.70664824583,204198.54139850195,214660.38681095943
2026-01-30,175561.29089300724,196367.82142545842,213775.63681441144,262535.57113125327,238630.05049790238,199708.06478703767,238630.05049790238,197607.78813861674,210719.7559776261
2026-02-02,171220.14526800724,192395.80752773772,210848.0845940447,258087.29097744238,232315.60148566292,195666.92142216506,232315.60148566292,193744.3516604348,205426.77021095942
2026-02-03,172649.80806800723,193996.61972773774,211595.6451940447,259416.10249998176,234260.48148566292,197296.06462216505,234260.48148566292,195354.9962604348,208486.10354429274
2026-02-04,172574.71226800725,193921.2097277377,211960.44519404467,260817.7146736188,234160.74548566295,197216.70022216503,234160.74548566295,195280.0256604348,206973.77371095945
2026-02-05,170561.02931140724,190740.50344253774,211637.32159404468,261715.46387964278,230414.13471006294,193980.44657016502,230414.13471006294,192074.8473918348,203966.66348635947
2026-02-06,168663.42931140724,188801.60344253771,209049.9855940447,259989.395981092,228288.43471006292,192009.846570165,228288.43471006292,190330.94739183478,201308.78648635946
2026-02-09,170704.32931140723,190143.60344253771,210577.47359404468,262845.73010965536,229418.7811100629,193375.146570165,229418.7811100629,192343.04739183479,203439.94008635945
2026-02-10,170098.42931140724,189497.2034425377,208696.6735940447,261940.09192937176,228470.38111006294,192718.246570165,228470.38111006294,192102.3473918348,201669.74008635947
2026-02-11,170163.02931140724,189538.80344253773,208809.7735940447,261154.06785328488,228339.38111006294,192759.746570165,228339.38111006294,192754.4473918348,201074.84008635944
2026-02-12,169578.58437280724,187854.4462335377,208060.7735940447,260298.87190500507,226420.0598798629,191045.928742565,226420.0598798629,192377.1473918348,200953.02885875944
2026-02-13,166725.72434780723,185861.1656585377,206195.6161190447,258405.36617526348,223850.11410766293,189021.73909256503,223850.11410766293,190062.2926418348,196817.18320875944
2026-02-24,170349.12519780727,186902.14718353775,207818.1440940447,260306.00028424163,225260.20970766296,190077.98429256503,225260.20970766296,192201.52716910353,202323.78320875944
2026-02-25,171832.72519780725,188423.94718353773,210980.9440940447,261606.07244419394,227787.90970766297,191624.48429256503,227787.90970766297,193906.1510457018,204894.58320875943
2026-02-26,170974.92519780726,187154.9591895377,208300.04409404472,263560.5467267506,226605.70970766293,190331.54606576505,226605.70970766293,193168.23563846922,203173.18320875944
2026-02-27,172261.62519780727,188686.4591895377,207494.2440940447,263353.0515609564,229815.60970766292,191883.34606576504,229815.60970766292,193743.50173642678,203987.38320875942
2026-03-02,179466.22519780725,193601.55918953774,205745.9840219644,264993.7108070909,240757.30970766293,196869.64606576503,240757.30970766293,194150.72374534426,206910.18320875944
2026-03-03,184950.11912280726,196844.84814733773,201547.91083230806,259900.48458918653,249467.24120766294,200158.07608136503,249467.24120766294,190877.21114398196,206844.18688375945
2026-03-04,178691.41912280725,193203.34814733773,200709.1287515225,259870.38814265083,241041.54120766293,196460.37608136504,241041.54120766293,190606.49034511845,204250.38688375943
2026-03-05,177246.17412280728,192665.04814733774,200795.0965416698,263000.48943038925,239739.58120766297,195912.37608136504,239739.58120766297,191212.299496326,203956.38688375943
2026-03-06,176029.92186125927,191014.43743479598,200882.85564891883,263489.9690010158,237843.80079203716,194317.34946861767,237843.80079203716,191130.22728477872,202474.0806704638
2026-03-09,175662.89531538574,191876.9753701381,200109.4550049592,261619.50786085438,239622.15953115193,195814.1421242113,239622.15953115193,191314.000744375,202473.61924672808
2026-03-10,175224.7413883225,191271.09360246704,200038.83673679174,264516.5739068834,238745.55356159457,194998.5193964145,238745.55356159457,191215.63130379943,202885.09795859596
2026-03-11,176557.10066356364,194070.6659904144,203624.57618084416,266259.6195534053,241680.376926906,198383.26346285277,241680.376926906,193961.11841713745,204473.0665010101
2026-03-12,176564.54357412097,195984.98321671702,204331.69029480105,266091.86084043916,243944.02134000434,199503.9891682751,243944.02134000434,195051.43206641564,203716.98148408497
2026-03-13,176272.946935196,194502.90152340385,204323.01567422834,263825.07227992127,242444.0794434175,198736.89219474373,242444.0794434175,193149.60638009224,202972.3745633049
2026-03-16,177810.9426116819,193925.48288124905,204586.87688833295,263461.4506732213,240854.72670892955,198680.5912797667,240854.72670892955,193716.18773793746,203824.820920802
2026-03-17,175819.8512587101,191736.0201655586,203180.681550762,260901.80569495697,237108.33890950537,194986.9931097207,237108.33890950537,191416.52502224702,201443.0282058078
2026-03-18,177285.52964113958,191524.7269547847,203006.36564986123,262732.0858370195,237045.37523706575,196304.3885348357,237045.37523706575,192686.23181147312,203559.15999329335
2026-03-19,175550.71234708317,190957.35238616558,201334.146095445,260251.24686008983,235807.864299114,195611.58487492776,235807.864299114,191543.95724285397,200671.62302328183
2026-03-20,174995.92450005497,191565.53470185603,201033.09399262315,259608.56102198717,236282.00028013816,197356.18814497377,236282.00028013816,190850.5752085444,199961.77823827608
2026-03-23,171925.51823353468,189539.12543317227,197324.7095140277,254118.63243770783,233517.0104028437,194227.11846204934,233517.0104028437,188690.8659398607,197081.7354507097
2026-03-24,172018.10463353468,189292.95103317228,197322.75191402773,254604.8703043745,233218.7340028437,194154.10386204935,233218.7340028437,188529.68873986066,197191.07785070967
2026-03-25,173099.5596335347,189222.82143317227,198189.14969148627,256846.38471553446,233135.6316028437,195168.47946204932,233135.6316028437,188958.9503398607,198446.83185070968
2026-03-26,170513.7596335347,187509.32143317227,195972.8351595009,253881.0309156772,230973.8316028437,193776.97946204932,230973.8316028437,186830.75033986068,196250.73185070968
2026-03-27,173319.35963353468,188086.52143317228,199749.64205509127,257755.4589116805,231699.0316028437,194046.97946204932,231699.0316028437,188155.45033986066,203407.1318507097
2026-03-30,171928.2596335347,185302.92824917228,197782.73842076614,254508.63584325387,228243.7680860437,191840.58651324935,228243.7680860437,185455.75033986068,203892.33185070968
2026-03-31,168984.48101353465,182468.6314589723,194213.2784662639,250392.05498992113,224878.3683480437,188153.78981324934,224878.3683480437,181750.92903306067,201328.0318507097
2026-04-01,175218.68101353466,186110.56185897227,200636.7784662639,259892.8216565878,228837.24274804373,192600.15141324938,228837.24274804373,186530.82903306067,212794.33185070968
2026-04-02,174424.68101353466,185379.6618589723,200353.29406626394,258931.6216565878,227659.04274804372,190630.25141324935,227659.04274804372,184720.1290330607,212255.33185070968
2026-04-03,173236.08101353468,182845.64634866745,198208.79406626392,257910.05498992113,224787.90256846,188952.03641958488,224787.90256846,183807.82903306067,211404.0318507097
2026-04-07,173486.48101353465,182868.53849483846,198820.19406626394,258217.28832325447,224493.98910426965,189347.61063896876,224493.98910426965,183921.42903306067,212262.5318507097
2026-04-08,178111.88101353467,187998.81508799858,202995.29406626394,264916.7549899212,232605.59460614953,196838.96353503547,232605.59460614953,190648.92903306067,215853.2318507097
2026-04-09,176464.88101353467,186814.32084205069,200835.79406626394,262950.85498992115,231813.75499586546,196258.15416764218,231813.75499586546,188772.32903306067,213318.5318507097
2026-04-10,179023.08101353468,188219.04300368638,202113.29406626392,265815.2883232545,234728.6724021202,199482.64141081757,234728.6724021202,191552.12903306066,215851.6318507097
2026-04-13,178830.88101353467,187608.76656517337,202492.09406626393,265462.8883232545,234538.85730469122,199299.5187526659,234538.85730469122,191066.62903306066,215701.73185070968
2026-04-14,179936.08101353468,188537.71088844477,203347.49406626393,267504.05498992116,237103.6921172007,201315.69323901666,237103.6921172007,192304.7290330607,216803.4318507097
2026-04-15,180480.48101353465,187601.9972805637,203865.09406626393,268414.52165658784,235106.27009329444,199599.17682579384,235106.27009329444,191642.6290330607,221362.9318507097
2026-04-16,183642.2810135347,189974.36951952297,206790.69406626394,271950.72165658785,239113.3827017746,203926.92918792675,239113.3827017746,195718.4290330607,225260.6318507097
2026-04-17,183448.97926353468,188962.86059128895,205101.47896626394,270930.60016492114,239745.1510823192,205573.94301261893,239745.1510823192,195108.90153306068,225677.1318507097
2026-04-20,183507.61326353467,189447.30849151203,205478.27536626393,271313.92583158787,240647.0498378448,206198.00786460954,240647.0498378448,195631.12113306066,225077.6318507097
2026-04-21,183146.4132635347,189463.29278385403,205549.87536626394,271617.15916492115,240975.72656946414,205720.8563033773,240975.72656946414,195314.82113306067,224168.6318507097
2026-04-22,184628.61326353467,191694.56292303643,205720.47536626394,273856.9924982545,244865.03793346987,209790.5735175008,244865.03793346987,196377.42113306068,224711.23185070968
2026-04-23,181431.37066353468,190063.6114458616,200679.94276626394,270023.28519825445,241611.9752349282,207107.4182998704,241611.9752349282,193813.72113306067,217083.74232570967
2026-04-24,179888.97066353468,188576.33990682798,201668.94276626394,267615.5185315878,239773.09637460613,204087.81098707396,239773.09637460613,192455.12113306066,215495.8423257097
2026-04-27,179764.1706635347,188546.55351470908,200816.64276626395,268164.9185315878,240761.9183985124,204063.72740029678,240761.9183985124,192371.22113306067,214920.5423257097
2026-04-28,181065.91966353467,189119.88364804586,200481.44056626395,267843.2211982545,240212.28458316048,203533.2806393069,240212.28458316048,191894.844078812,215205.72172570968
2026-04-29,183350.51966353468,189919.21913650044,204813.04056626395,270577.45453158783,241759.18746652245,205270.7949031703,241759.18746652245,194176.33227604028,219024.5217257097
2026-04-30,182835.91966353467,189415.60537887193,204799.44056626395,269948.0211982545,241358.46139322218,204580.937440501,241358.46139322218,193627.6264040689,218658.1217257097
2026-05-06,183913.31966353467,189824.5608157899,206380.14056626393,271137.9211982545,243332.36303321033,205969.66763421157,243332.36303321033,194238.502886769,219473.3217257097
2026-05-07,182345.1196635347,191202.41643773386,204843.04056626392,271780.3545315878,246649.77002447215,209496.39555737493,246649.77002447215,193964.60878815487,217866.4217257097
2026-05-08,181489.75956353467,191079.3202418454,203572.94056626395,271127.2211982545,246506.4139804428,209354.28178994497,246506.4139804428,193325.57349749774,216787.04332570967
2026-05-11,184872.75956353467,194176.54611744056,204771.34056626394,274466.95453158783,251887.93508322467,214589.11129667205,251887.93508322467,195770.46172414054,220295.0433257097
2026-05-12,185448.0420804525,194342.30114821126,202929.62956626396,274590.93269317504,252228.41332688785,215484.59262588678,252228.41332688785,195398.531904827,220621.63222443586
2026-05-13,188093.16333243632,196018.94119938836,202637.08804521157,276551.38035798137,255693.91687667748,219518.58036672065,255693.91687667748,196692.8297376177,224141.6253372204
2026-05-14,185444.9822053339,194247.61072697246,199501.78576556133,273081.34009860933,252174.16273786812,216757.97125992962,252174.16273786812,194396.34163204912,222093.8770725619
2026-05-15,183535.98445600487,191539.26510003587,197000.92807876135,270399.73925552925,247837.96023056557,213314.33240664372,247837.96023056557,192513.51796454826,218237.83569715155
2026-05-18,183687.89393010462,192650.90971252587,197039.55336371763,271717.6913809474,249422.11706698133,214465.82330621735,249422.11706698133,192552.65014300792,218383.63569715156
2026-05-19,182703.5720783042,192262.63922137176,196949.65753363018,271890.52923178376,249816.007432791,213502.1175256012,249816.007432791,191959.0896999272,217144.41409715154
2026-05-20,183014.30575960578,192190.3638673256,196656.47373893624,270711.5231538566,251835.93436955236,214882.95864806563,251835.93436955236,192024.11845070974,217832.73569715154
2026-05-21,177497.31300361006,185592.8548078609,192247.35326988724,263938.57556919684,240741.75303640807,205932.67591543967,240741.75303640807,186482.6222226123,210033.29416575155
2026-05-22,180591.84260361007,187830.3947623592,192878.38846988726,267636.92916919687,245430.0229371752,211158.06105202762,245430.0229371752,189485.2454226123,213748.32856575155
2026-05-25,182652.4122036101,189191.7111167088,192891.53046988725,271363.8863691968,249111.50753425865,214820.9264872885,249111.50753425865,191375.38602261228,216135.40056575154
2026-05-26,182231.71220361008,186561.78250109535,191734.13046988726,270922.3299691969,245581.0959901298,213104.90356216993,245581.0959901298,189809.28602261227,215044.30056575153
2026-05-27,180619.4122036101,185871.21461633692,189896.33046988727,267389.9915691968,244657.0762750493,212402.55173397082,244657.0762750493,189200.28602261227,214333.80056575153
2026-05-28,183429.31220361008,189263.09976325167,192379.73046988726,270719.8915691968,249101.07715927763,216637.27545999005,249101.07715927763,192272.88602261228,217940.10056575152
2026-05-29,177367.03002780752,185444.42488664115,185768.61542922095,265409.0788463968,243980.90080748114,211573.28362878424,243980.90080748114,188076.69365061232,212642.18159595152
2026-06-01,178656.19745084213,185510.06190136212,185139.37003580434,261966.51975579682,242935.78272950757,210766.24714594038,242935.78272950757,187885.09365061228,211814.18159595152
2026-06-02,180263.25525282318,189549.43709467098,187360.77003580437,269482.11975579686,248307.82073507115,215618.20994333414,248307.82073507115,191704.4936506123,216592.78159595153
2026-06-03,183542.84985903167,194222.1758185374,187704.08018086985,272442.5197557969,255181.28556231558,221422.02403499323,255181.28556231558,196121.19365061226,222185.18159595152
2026-06-04,184082.13639264466,194519.8522570504,186729.17009601524,270986.0197557969,257130.00065974455,221663.94669314488,257130.00065974455,196264.59365061228,222563.78159595153
2026-06-05,178659.23367397088,189241.7295188273,183002.54383564196,264365.52410379687,251609.90190421898,215030.27279115428,251609.90190421898,189124.1993506123,214466.68437795155
2026-06-08,175530.65700783188,185833.5740642546,179483.962277068,260463.61090379686,246052.40895160998,211358.5025039028,246052.40895160998,185905.63595061228,210954.1343779515
2026-06-09,175939.06332169054,187715.34262293624,180025.93440810544,262684.72070379683,250941.2947801732,213955.88787027367,250941.2947801732,187440.75771769084,213461.36099159796
2026-06-10,171930.53182680084,182864.23784507322,177305.93434026616,259922.8207037968,244625.5542613133,208958.1712783603,244625.5542613133,182801.26849382845,208258.32285133793
2026-06-11,170879.86388581252,181254.03476879874,176092.3716531865,258520.72070379683,242778.4163665322,207589.79653062896,242778.4163665322,181546.51619622405,206875.51888922992
2026-06-12,171946.11175205692,181327.14196410106,177001.98475567665,261121.42070379682,244761.79858096057,207819.57041475832,244761.79858096057,181959.66828309503,207441.49017515391
2026-06-15,175830.11811665204,186307.7412076551,178445.6776315147,262911.53166325856,254900.5571737323,213995.29935353453,254900.5571737323,187835.84432933433,214254.54894401383
2026-06-16,176690.08049934029,190196.7426428629,179282.64761501426,264089.3497728044,258466.9529220051,218337.40763179556,258466.9529220051,189698.1662517112,217509.62010185304
2026-06-17,178183.99322058927,193077.74148309103,180525.31105305144,270612.8874040688,261300.3348321354,222128.3863308807,261300.3348321354,192374.0247272344,224706.46486593236
2026-06-18,179287.34010789043,196420.34959429325,183835.95454585072,274608.3965743968,264626.30510508205,224901.01229458157,264626.30510508205,194070.81879370863,227635.87176713246
2026-06-22,182203.01781187707,200937.72659085668,184975.8392805878,280573.87205733766,272981.5268395024,230586.09145372655,272981.5268395024,198624.64848293806,233051.79047646144
2026-06-23,176983.6900400087,194240.72079767764,181810.42555740103,273859.22013751965,261634.7626088811,222971.12281434875,261634.7626088811,191719.89255878996,226310.01064668744
2026-06-24,179484.32150572646,199686.83978142656,185618.06329378815,283783.13360280695,267192.4440938387,229034.33234125996,267192.4440938387,196755.7116557144,234752.28570479495
2026-06-25,182876.16884149003,206230.70242878428,187931.72127068753,292741.1611693783,272896.00680379843,237204.15688499593,272896.00680379843,203029.62244693277,244341.94648539316
2026-06-26,175612.77002302205,196225.69877791716,181177.54082266393,287516.21494404064,260274.52338979318,226447.12411951655,260274.52338979318,195122.19606349216,236500.6861535062
2026-06-29,176331.9969211994,195209.84730187838,186631.64701118943,297074.87975330045,260704.98593499686,226102.57647492544,260704.98593499686,196387.229600369,241388.18815213977
2026-06-30,180253.38324614312,202826.71796148256,189311.44872777603,307636.2289559273,270367.4251965466,234438.71686437543,270367.4251965466,201845.47543756588,251240.0372753895
2026-07-01,178566.38159990104,195926.596701861,189455.7322599519,303182.71549539466,262867.11234773666,227358.77303456282,262867.11234773666,198257.01918897303,245165.90266219288
2026-07-02,170260.64834738497,183295.9461625268,183983.10022931223,285069.1347389929,246839.7309362936,212354.82149037882,246839.7309362936,185969.00526080147,226556.0268188063
2026-07-03,170471.71093618497,185256.23013559263,187575.1858705122,284652.4685389929,248360.39584781713,214588.11219201432,248360.39584781713,186650.40526080143,228171.22681880632
2026-07-06,172488.71093618494,184732.85068942895,188610.88587051223,289056.8685389928,246800.88520788687,214040.30721013475,246800.88520788687,188196.00526080147,229877.6268188063
2026-07-07,167561.61093618494,181331.49342792,182034.7728705122,285221.1685389929,243640.31237715745,210100.83200577344,243640.31237715745,183637.30526080146,224051.5268188063
2026-07-08,165644.24448158493,182270.91123562463,183408.02402051224,287477.0685389929,242089.63203102018,211191.87567062292,242089.63203102018,183143.10526080144,227181.1268188063
2026-07-09,164311.64448158495,182295.5694073883,184492.12402051222,284545.0685389929,240621.23343651037,211219.16705850244,240621.23343651037,182014.72933440146,225887.9268188063
2026-07-10,167220.94448158494,181177.74447660186,188539.32402051223,289171.4685389929,237503.42592110255,209926.48592771322,237503.42592110255,182935.52933440145,231553.72681880632
2026-07-13,166334.74448158493,176956.62576892925,183865.42402051223,286468.26853899285,232752.24075048292,205033.30059147236,232752.24075048292,177819.85733440146,225835.32681880632
2026-07-14,167597.34448158497,179685.05178427446,184024.02402051224,288920.4685389929,234877.03225812214,208193.05686395406,234877.03225812214,178876.96653440146,227932.1268188063
2026-07-15,172025.54448158492,182062.19432799378,188532.22402051222,296811.8685389928,235002.71975617862,210951.17522218707,235002.71975617862,183800.66653440148,236123.6268188063
2026-07-16,173023.54448158492,181898.37108299378,189641.42402051223,299237.8685389928,231027.79054617858,210763.07605218707,231027.79054617858,185692.06653440144,239786.6268188063
2026-07-17,171189.84448158497,177817.11865399376,181618.29832051223,293610.5685389929,231689.35380417862,206030.58732418704,231689.35380417862,182445.26653440145,232705.82681880632
2026-07-20,175987.94448158494,181043.3682539938,185944.96372051223,302847.26853899285,237087.6358041786,209846.71632418706,237087.6358041786,186750.46653440146,238898.6268188063
2026-07-21,173989.74448158493,181329.1682539938,185841.16372051224,300267.3685389928,236411.9126041786,210106.85712418705,236411.9126041786,185643.06653440144,238255.22681880632
2026-07-22,176499.94448158494,182053.1682539938,186819.56372051223,299198.4685389929,238899.21260417864,210584.75712418708,238899.21260417864,188430.56653440144,239937.5268188063
2026-07-23,176754.34448158497,184252.56825399376,188169.96372051223,301060.1685389929,242228.71260417864,213092.85712418705,242228.71260417864,188740.86653440143,239733.02681880628
2026-07-24,173577.04448158492,179303.06825399376,184150.16372051224,294599.9685389928,235306.21260417864,207752.25712418708,235306.21260417864,182010.26653440145,232556.82681880632
2026-07-27,175100.74448158493,181766.26825399377,186128.66372051224,298646.0685389929,237771.9126041786,210859.85712418705,237771.9126041786,184883.46653440146,236940.82681880632
2026-07-28,177164.34448158497,181631.06825399376,185288.26372051224,300992.4685389928,235334.81260417862,210235.25712418708,235334.81260417862,186408.06653440144,239942.4268188063
2026-07-29,179590.64448158495,185700.06825399376,188298.66372051224,306609.6685389929,239259.9126041786,215043.4571241871,239259.9126041786,190092.26653440145,245566.8268188063
2026-07-30,183359.04448158492,186418.1682539938,188563.26372051224,310913.4685389929,239652.9126041786,215480.75712418708,239652.9126041786,191815.16653440148,248644.1268188063
2026-07-31,182436.34448158497,186466.76825399377,188788.06372051226,311568.4685389929,240504.01260417863,215779.35712418705,240504.01260417863,192431.56653440144,248811.9268188063
2026-08-03,181941.04448158492,186745.96825399378,188340.85814551223,311638.4685389929,240771.71260417864,215793.05712418706,240771.71260417864,193505.36653440143,249626.7268188063
2026-08-04,178612.24010658497,185668.46825399378,188468.45814551224,308334.3685389928,240395.71260417864,215341.25712418708,240395.71260417864,190780.36653440143,246474.3268188063
2026-08-05,179239.54010658496,186923.06825399376,189956.45814551224,307836.0685389929,240320.9126041786,216767.9571241871,240320.9126041786,191017.06653440144,247113.4268188063
2026-08-06,179125.44010658492,186179.26825399377,188270.95814551224,305496.9685389929,239245.21260417864,216084.05712418706,239245.21260417864,191082.06653440144,246348.0268188063
2026-08-07,179301.70690658494,186921.1682539938,188910.35814551223,304946.0351898469,239857.1126041786,217152.05712418706,239857.1126041786,190890.96653440146,246900.72681880632
2026-08-10,180403.20690658494,189086.46825399378,190049.35814551223,310563.4351898469,242001.71260417864,219836.4571241871,242001.71260417864,194486.3665344015,251120.9268188063
2026-08-11,179766.60690658493,187431.50055399377,188533.62314551225,308472.4351898469,241373.81260417862,218138.4571241871,241373.81260417862,193340.26653440145,249004.22681880632
2026-08-12,182169.90690658495,188713.00055399377,188109.5231455122,307274.5351898469,240808.4126041786,220063.05712418706,240808.4126041786,197432.76653440145,254508.9268188063
2026-08-13,180145.80690658494,186031.60055399378,187331.62314551225,306240.8351898469,239683.01260417863,216613.75712418708,239683.01260417863,194475.76653440145,250355.3268188063
2026-08-14,178835.70690658494,185368.90055399376,186708.72314551222,302233.94311585155,238272.05232917864,215389.9571241871,238272.05232917864,191452.16653440148,246579.32681880632
2026-08-17,180080.80690658494,188016.60055399378,188830.82314551226,302732.24311585154,240866.77952917863,218310.35712418705,240866.77952917863,191176.45093440145,246306.1268188063
2026-08-18,181126.20690658494,188780.70055399378,188778.32314551226,305441.1431158515,241689.47952917864,218762.15712418704,241689.47952917864,191403.95093440145,246165.3268188063
2026-08-19,173829.55157378607,188000.20055399378,185750.3861963313,302258.32200128655,239872.17952917863,217128.6571241871,239872.17952917863,188936.0896153922,244220.63308771528
2026-08-20,174566.3994175312,189454.4005539938,186558.45801764145,307556.9240883817,240912.27952917863,218902.85712418705,240912.27952917863,190761.11255082593,246687.93359685026
2026-08-21,174520.8693862746,189204.8492039938,188586.1468648825,306474.94511623867,242111.37952917864,218424.11267418705,242111.37952917864,190135.76234487194,246813.4521615798
2026-08-24,173391.81078402326,187162.02622899378,188065.94361234494,304643.3093218101,241431.27952917863,215923.63349918707,241431.27952917863,190730.9567186811,242457.9111095257
2026-08-25,172819.22013402678,186934.2262289938,187233.309560483,307139.2714402863,241383.37952917864,215350.43349918706,241383.37952917864,190203.17172185658,241471.76004833664
2026-08-26,172226.65597833644,186466.9262289938,185116.2217004823,306146.0738642442,242111.07952917865,216611.73349918704,242111.07952917865,188603.54260056597,240101.32436721883
2026-08-27,172023.75597833644,186736.4262289938,185164.42951393162,307785.5738642442,242780.47952917864,216774.13349918707,242780.47952917864,188412.74260056598,241546.12436721884
2026-08-28,172531.85597833645,187863.3262289938,185930.00256056926,308816.2738642442,244279.17952917863,217890.13349918707,244279.17952917863,188731.54260056597,240655.02436721884
2026-08-31,172557.43077833645,188448.7262289938,185405.49554711994,304832.47386424424,243880.4795291786,218717.03349918703,243880.4795291786,188309.94100056597,241356.10100421886
2026-09-01,174446.43077833645,189399.6262289938,186162.70687358367,306006.0738642442,243572.07952917865,219587.63349918707,243572.07952917865,189796.34100056597,240880.10100421886
2026-09-02,172443.73077833644,186368.29466179377,183745.70121035178,302071.3738642442,239924.4246077786,216567.69303078705,239924.4246077786,187134.97390576598,237509.90100421885
2026-09-03,172282.93077833645,187272.89466179378,184627.51468703296,304504.87386424426,240949.22460777863,217616.29303078706,240949.22460777863,187075.97390576598,237058.20100421883
2026-09-04,174505.13077833646,188670.96626179377,184990.44730362715,306291.2738642442,241394.85040777863,219231.38563078706,241394.85040777863,189119.336505766,235526.00100421885
2026-09-07,173297.83077833644,186571.46626179377,184123.78207043879,304824.7738642442,239805.65040777862,216797.98563078704,239805.65040777862,188260.93650576597,237931.50100421885
2026-09-08,174061.33077833644,188011.86626179377,186083.12035026483,307746.47386424424,242841.05040777862,218467.88563078706,242841.05040777862,188692.936505766,236889.10100421886
2026-09-09,173726.43077833645,188966.96626179377,186637.75296685897,306705.37386424426,244432.25040777863,219570.18563078705,244432.25040777863,188591.60753616598,235772.90100421885
2026-09-10,173274.53077833643,187943.41212499377,185592.6394901778,303749.8178617212,242189.26041937864,218372.84413598705,242189.26041937864,186271.28035096597,234439.80100421884
2026-09-11,171193.70370233644,185692.24052499374,182522.46264698173,299831.21951853845,238806.5552193786,215758.00693598707,238806.5552193786,184473.50324696596,231994.26638721884
