date,n_ready,macd_state,macd_event,trend_state,trend_event,macd_state_pct,trend_state_pct
2015-01-05,117,31,13,32,5,0.26495726495726496,0.27350427350427353
2015-01-06,117,49,18,38,4,0.4188034188034188,0.3247863247863248
2015-01-07,118,64,14,29,17,0.5423728813559322,0.2457627118644068
2015-01-08,117,62,7,20,25,0.5299145299145299,0.17094017094017094
2015-01-09,119,57,4,8,11,0.4789915966386555,0.06722689075630252
2015-01-12,117,48,5,17,2,0.41025641025641024,0.1452991452991453
2015-01-13,116,54,9,25,4,0.46551724137931033,0.21551724137931033
2015-01-14,116,59,10,14,2,0.5086206896551724,0.1206896551724138
2015-01-15,115,62,4,17,4,0.5391304347826087,0.14782608695652175
2015-01-16,116,66,5,24,17,0.5689655172413793,0.20689655172413793
2015-01-19,116,63,1,11,7,0.5431034482758621,0.09482758620689655
2015-01-20,115,65,4,34,3,0.5652173913043478,0.2956521739130435
2015-01-21,115,71,6,52,11,0.6173913043478261,0.45217391304347826
2015-01-22,116,78,6,63,8,0.6724137931034483,0.5431034482758621
2015-01-23,114,77,2,19,2,0.6754385964912281,0.16666666666666666
2015-01-26,113,79,4,49,24,0.6991150442477876,0.4336283185840708
2015-01-27,114,86,6,44,9,0.7543859649122807,0.38596491228070173
2015-01-28,114,85,2,13,0,0.7456140350877193,0.11403508771929824
2015-01-29,114,82,0,9,0,0.7192982456140351,0.07894736842105263
2015-01-30,114,78,1,3,2,0.6842105263157895,0.02631578947368421
2015-02-02,112,66,0,9,1,0.5892857142857143,0.08035714285714286
2015-02-03,112,62,2,24,5,0.5535714285714286,0.21428571428571427
2015-02-04,113,61,2,14,5,0.5398230088495575,0.12389380530973451
2015-02-05,113,56,3,11,8,0.49557522123893805,0.09734513274336283
2015-02-06,114,47,0,10,1,0.41228070175438597,0.08771929824561403
2015-02-09,115,30,0,5,4,0.2608695652173913,0.043478260869565216
2015-02-10,114,35,7,8,0,0.30701754385964913,0.07017543859649122
2015-02-11,114,35,1,12,3,0.30701754385964913,0.10526315789473684
2015-02-12,115,41,6,15,14,0.3565217391304348,0.13043478260869565
2015-02-13,115,54,14,25,31,0.46956521739130436,0.21739130434782608
2015-02-16,116,78,23,61,40,0.6724137931034483,0.5258620689655172
2015-02-17,117,90,11,45,5,0.7692307692307693,0.38461538461538464
2015-02-25,118,91,5,33,1,0.7711864406779662,0.2796610169491525
2015-02-26,118,104,14,59,2,0.8813559322033898,0.5
2015-02-27,118,105,3,69,0,0.8898305084745762,0.5847457627118644
2015-03-02,118,108,3,92,1,0.9152542372881356,0.7796610169491526
2015-03-03,118,108,1,45,0,0.9152542372881356,0.3813559322033898
2015-03-04,118,103,1,61,3,0.8728813559322034,0.5169491525423728
2015-03-05,118,105,2,62,6,0.8898305084745762,0.5254237288135594
2015-03-06,118,96,0,17,0,0.8135593220338984,0.1440677966101695
2015-03-09,118,94,2,26,0,0.7966101694915254,0.22033898305084745
2015-03-10,118,88,1,41,4,0.7457627118644068,0.3474576271186441
2015-03-11,118,77,0,33,1,0.652542372881356,0.2796610169491525
2015-03-12,118,73,5,16,7,0.6186440677966102,0.13559322033898305
2015-03-13,119,76,5,25,16,0.6386554621848739,0.21008403361344538
2015-03-16,119,87,11,74,20,0.7310924369747899,0.6218487394957983
2015-03-17,119,93,7,80,8,0.7815126050420168,0.6722689075630253
2015-03-18,119,101,8,94,10,0.8487394957983193,0.7899159663865546
2015-03-19,118,103,4,78,0,0.8728813559322034,0.6610169491525424
2015-03-20,118,105,4,76,3,0.8898305084745762,0.6440677966101694
2015-03-23,117,102,2,89,1,0.8717948717948718,0.7606837606837606
2015-03-24,117,103,4,62,0,0.8803418803418803,0.5299145299145299
2015-03-25,117,103,2,71,0,0.8803418803418803,0.6068376068376068
2015-03-26,115,101,2,43,1,0.8782608695652174,0.3739130434782609
2015-03-27,115,97,0,47,1,0.8434782608695652,0.40869565217391307
2015-03-30,112,93,2,54,1,0.8303571428571429,0.48214285714285715
2015-03-31,115,96,2,39,2,0.8347826086956521,0.3391304347826087
2015-04-01,115,97,3,67,6,0.8434782608695652,0.5826086956521739
2015-04-02,114,99,4,79,13,0.868421052631579,0.6929824561403509
2015-04-03,115,105,6,90,3,0.9130434782608695,0.782608695652174
2015-04-07,114,107,3,98,3,0.9385964912280702,0.8596491228070176
2015-04-08,114,103,0,46,1,0.9035087719298246,0.40350877192982454
2015-04-09,115,92,1,34,0,0.8,0.2956521739130435
2015-04-10,115,82,1,53,0,0.7130434782608696,0.4608695652173913
2015-04-13,113,81,5,66,1,0.7168141592920354,0.584070796460177
2015-04-14,113,80,4,47,1,0.7079646017699115,0.415929203539823
2015-04-15,115,68,0,16,2,0.591304347826087,0.1391304347826087
2015-04-16,115,61,5,25,5,0.5304347826086957,0.21739130434782608
2015-04-17,115,57,3,24,7,0.4956521739130435,0.20869565217391303
2015-04-20,117,43,0,13,1,0.36752136752136755,0.1111111111111111
2015-04-21,117,39,4,30,6,0.3333333333333333,0.2564102564102564
2015-04-22,115,50,14,55,30,0.43478260869565216,0.4782608695652174
2015-04-23,117,65,14,64,19,0.5555555555555556,0.5470085470085471
2015-04-24,117,67,12,41,5,0.5726495726495726,0.3504273504273504
2015-04-27,117,69,5,35,15,0.5897435897435898,0.29914529914529914
2015-04-28,121,56,2,17,0,0.4628099173553719,0.14049586776859505
2015-04-29,121,57,9,30,0,0.47107438016528924,0.24793388429752067
2015-04-30,119,49,0,25,3,0.4117647058823529,0.21008403361344538
2015-05-04,117,44,4,23,3,0.37606837606837606,0.19658119658119658
2015-05-05,117,28,1,9,2,0.23931623931623933,0.07692307692307693
2015-05-06,118,24,3,7,13,0.2033898305084746,0.059322033898305086
2015-05-07,119,20,1,7,2,0.16806722689075632,0.058823529411764705
2015-05-08,119,25,5,21,6,0.21008403361344538,0.17647058823529413
2015-05-11,118,31,7,50,11,0.2627118644067797,0.423728813559322
2015-05-12,119,48,16,50,24,0.40336134453781514,0.42016806722689076
2015-05-13,118,54,8,48,18,0.4576271186440678,0.4067796610169492
2015-05-14,118,66,14,33,21,0.559322033898305,0.2796610169491525
2015-05-15,118,59,3,21,0,0.5,0.17796610169491525
2015-05-18,119,66,9,39,0,0.5546218487394958,0.3277310924369748
2015-05-19,118,70,5,56,1,0.5932203389830508,0.4745762711864407
2015-05-20,118,77,7,71,8,0.652542372881356,0.6016949152542372
2015-05-21,119,90,13,88,9,0.7563025210084033,0.7394957983193278
2015-05-22,120,96,7,90,11,0.8,0.75
2015-05-25,120,110,16,91,3,0.9166666666666666,0.7583333333333333
2015-05-26,121,116,5,107,3,0.9586776859504132,0.8842975206611571
2015-05-27,123,115,0,93,0,0.9349593495934959,0.7560975609756098
2015-05-28,122,103,0,18,0,0.8442622950819673,0.14754098360655737
2015-05-29,121,92,0,32,0,0.7603305785123967,0.2644628099173554
2015-06-01,122,94,1,80,1,0.7704918032786885,0.6557377049180327
2015-06-02,123,99,5,91,3,0.8048780487804879,0.7398373983739838
2015-06-03,123,96,2,60,3,0.7804878048780488,0.4878048780487805
2015-06-04,125,99,7,45,12,0.792,0.36
2015-06-05,123,95,2,44,4,0.7723577235772358,0.35772357723577236
2015-06-08,122,88,5,25,0,0.7213114754098361,0.20491803278688525
2015-06-09,121,79,2,11,0,0.6528925619834711,0.09090909090909091
2015-06-10,121,76,0,14,2,0.628099173553719,0.11570247933884298
2015-06-11,121,71,2,35,10,0.5867768595041323,0.2892561983471074
2015-06-12,122,68,1,46,10,0.5573770491803278,0.3770491803278688
2015-06-15,124,55,4,27,10,0.4435483870967742,0.21774193548387097
2015-06-16,126,34,1,8,2,0.2698412698412698,0.06349206349206349
2015-06-17,126,28,1,7,0,0.2222222222222222,0.05555555555555555
2015-06-18,123,16,0,2,0,0.13008130081300814,0.016260162601626018
2015-06-19,124,5,0,0,0,0.04032258064516129,0.0
2015-06-23,124,3,0,1,0,0.024193548387096774,0.008064516129032258
2015-06-24,124,5,2,6,5,0.04032258064516129,0.04838709677419355
2015-06-25,124,4,0,1,1,0.03225806451612903,0.008064516129032258
2015-06-26,126,2,0,0,0,0.015873015873015872,0.0
2015-06-29,125,1,0,0,0,0.008,0.0
2015-06-30,125,0,0,2,0,0.0,0.016
2015-07-01,125,1,1,0,0,0.008,0.0
2015-07-02,123,1,0,1,0,0.008130081300813009,0.008130081300813009
2015-07-03,120,1,0,2,0,0.008333333333333333,0.016666666666666666
2015-07-06,116,1,0,1,3,0.008620689655172414,0.008620689655172414
2015-07-07,107,1,0,0,0,0.009345794392523364,0.0
2015-07-08,82,0,0,0,0,0.0,0.0
2015-07-09,76,0,0,2,1,0.0,0.02631578947368421
2015-07-10,77,6,6,21,4,0.07792207792207792,0.2727272727272727
2015-07-13,97,13,8,37,5,0.13402061855670103,0.38144329896907214
2015-07-14,108,25,11,36,15,0.23148148148148148,0.3333333333333333
2015-07-15,114,27,3,6,52,0.23684210526315788,0.05263157894736842
2015-07-16,114,45,19,4,2,0.39473684210526316,0.03508771929824561
2015-07-17,116,70,25,20,17,0.603448275862069,0.1724137931034483
2015-07-20,122,84,13,28,9,0.6885245901639344,0.22950819672131148
2015-07-21,123,94,10,26,5,0.7642276422764228,0.21138211382113822
2015-07-22,124,99,6,36,14,0.7983870967741935,0.2903225806451613
2015-07-23,125,108,9,52,11,0.864,0.416
2015-07-24,125,114,6,24,4,0.912,0.192
2015-07-27,123,106,1,2,2,0.8617886178861789,0.016260162601626018
2015-07-28,122,92,1,2,1,0.7540983606557377,0.01639344262295082
2015-07-29,122,93,2,8,0,0.7622950819672131,0.06557377049180328
2015-07-30,123,89,3,5,0,0.7235772357723578,0.04065040650406504
2015-07-31,123,84,1,4,1,0.6829268292682927,0.032520325203252036
2015-08-03,123,72,1,5,5,0.5853658536585366,0.04065040650406504
2015-08-04,123,81,10,4,11,0.6585365853658537,0.032520325203252036
2015-08-05,124,88,8,6,6,0.7096774193548387,0.04838709677419355
2015-08-06,120,87,4,9,11,0.725,0.075
2015-08-07,120,98,11,17,28,0.8166666666666667,0.14166666666666666
2015-08-10,121,112,14,69,40,0.9256198347107438,0.5702479338842975
2015-08-11,121,112,0,44,8,0.9256198347107438,0.36363636363636365
2015-08-12,121,112,1,14,5,0.9256198347107438,0.11570247933884298
2015-08-13,123,116,4,32,4,0.943089430894309,0.2601626016260163
2015-08-14,122,118,4,32,0,0.9672131147540983,0.26229508196721313
2015-08-17,122,117,1,46,1,0.9590163934426229,0.3770491803278688
2015-08-18,121,107,0,0,0,0.8842975206611571,0.0
2015-08-19,121,105,0,2,0,0.8677685950413223,0.01652892561983471
2015-08-20,119,90,0,3,0,0.7563025210084033,0.025210084033613446
2015-08-21,118,52,0,0,0,0.4406779661016949,0.0
2015-08-24,120,15,0,0,0,0.125,0.0
2015-08-25,121,5,0,0,0,0.04132231404958678,0.0
2015-08-26,121,2,0,1,1,0.01652892561983471,0.008264462809917356
2015-08-27,123,3,0,8,0,0.024390243902439025,0.06504065040650407
2015-08-28,123,2,0,62,1,0.016260162601626018,0.5040650406504065
2015-08-31,122,3,2,15,0,0.02459016393442623,0.12295081967213115
2015-09-01,122,5,2,4,10,0.040983606557377046,0.03278688524590164
2015-09-02,122,7,2,2,20,0.05737704918032787,0.01639344262295082
2015-09-07,122,7,1,0,6,0.05737704918032787,0.0
2015-09-08,122,14,7,9,1,0.11475409836065574,0.07377049180327869
2015-09-09,122,35,21,15,4,0.28688524590163933,0.12295081967213115
2015-09-10,122,62,27,5,17,0.5081967213114754,0.040983606557377046
2015-09-11,122,82,20,5,56,0.6721311475409836,0.040983606557377046
2015-09-14,121,76,0,0,13,0.628099173553719,0.0
2015-09-15,121,53,0,0,0,0.4380165289256198,0.0
2015-09-16,122,71,17,1,0,0.5819672131147541,0.00819672131147541
2015-09-17,122,81,10,4,4,0.6639344262295082,0.03278688524590164
2015-09-18,122,97,17,14,5,0.7950819672131147,0.11475409836065574
2015-09-21,123,114,16,30,12,0.926829268292683,0.24390243902439024
2015-09-22,124,121,7,13,71,0.9758064516129032,0.10483870967741936
2015-09-23,122,119,0,14,6,0.9754098360655737,0.11475409836065574
2015-09-24,122,120,1,10,14,0.9836065573770492,0.08196721311475409
2015-09-25,121,119,0,1,1,0.9834710743801653,0.008264462809917356
2015-09-28,122,119,0,8,1,0.9754098360655737,0.06557377049180328
2015-09-29,121,115,0,4,0,0.9504132231404959,0.03305785123966942
2015-09-30,123,117,0,3,3,0.9512195121951219,0.024390243902439025
2015-10-08,122,118,2,57,34,0.9672131147540983,0.4672131147540984
2015-10-09,122,119,1,71,36,0.9754098360655737,0.5819672131147541
2015-10-12,122,119,0,111,9,0.9754098360655737,0.9098360655737705
2015-10-13,121,119,1,93,3,0.9834710743801653,0.768595041322314
2015-10-14,121,120,1,33,0,0.9917355371900827,0.2727272727272727
2015-10-15,120,118,0,80,0,0.9833333333333333,0.6666666666666666
2015-10-16,120,117,0,98,0,0.975,0.8166666666666667
2015-10-19,120,117,0,57,3,0.975,0.475
2015-10-20,120,119,2,85,0,0.9916666666666667,0.7083333333333334
2015-10-21,119,119,1,7,1,1.0,0.058823529411764705
2015-10-22,121,119,0,17,1,0.9834710743801653,0.14049586776859505
2015-10-23,122,117,0,59,1,0.9590163934426229,0.48360655737704916
2015-10-26,122,118,1,49,8,0.9672131147540983,0.4016393442622951
2015-10-27,121,117,1,45,0,0.9669421487603306,0.371900826446281
2015-10-28,122,118,0,16,28,0.9672131147540983,0.13114754098360656
2015-10-29,124,118,0,17,4,0.9516129032258065,0.13709677419354838
2015-10-30,124,116,0,14,0,0.9354838709677419,0.11290322580645161
2015-11-02,125,98,0,11,1,0.784,0.088
2015-11-03,125,74,0,10,0,0.592,0.08
2015-11-04,125,93,19,77,35,0.744,0.616
2015-11-05,125,96,6,61,9,0.768,0.488
2015-11-06,125,104,9,76,15,0.832,0.608
2015-11-09,125,110,7,73,9,0.88,0.584
2015-11-10,125,113,5,57,10,0.904,0.456
2015-11-11,124,114,3,63,1,0.9193548387096774,0.5080645161290323
2015-11-12,125,114,3,42,0,0.912,0.336
2015-11-13,125,110,0,13,0,0.88,0.104
2015-11-16,125,107,4,32,1,0.856,0.256
2015-11-17,125,96,1,15,3,0.768,0.12
2015-11-18,126,74,0,12,0,0.5873015873015873,0.09523809523809523
2015-11-19,126,68,4,34,6,0.5396825396825397,0.2698412698412698
2015-11-20,125,60,3,31,19,0.48,0.248
2015-11-23,126,55,5,22,7,0.4365079365079365,0.1746031746031746
2015-11-24,127,54,3,31,16,0.4251968503937008,0.2440944881889764
2015-11-25,127,59,6,27,31,0.4645669291338583,0.2125984251968504
2015-11-26,126,62,8,26,2,0.49206349206349204,0.20634920634920634
2015-11-27,126,34,0,3,1,0.2698412698412698,0.023809523809523808
2015-11-30,125,29,3,10,2,0.232,0.08
2015-12-01,125,20,1,5,2,0.16,0.04
2015-12-02,125,16,1,11,1,0.128,0.088
2015-12-03,125,17,4,16,3,0.136,0.128
2015-12-04,125,17,3,12,19,0.136,0.096
2015-12-07,125,23,8,17,15,0.184,0.136
2015-12-08,126,27,5,12,11,0.21428571428571427,0.09523809523809523
2015-12-09,125,23,3,8,3,0.184,0.064
2015-12-10,125,24,3,5,2,0.192,0.04
2015-12-11,125,23,2,9,1,0.184,0.072
2015-12-14,125,25,2,25,11,0.2,0.2
2015-12-15,125,32,9,28,20,0.256,0.224
2015-12-16,125,40,12,32,23,0.32,0.256
2015-12-17,126,57,17,49,26,0.4523809523809524,0.3888888888888889
2015-12-18,127,74,18,27,12,0.5826771653543307,0.2125984251968504
2015-12-21,125,84,13,36,4,0.672,0.288
2015-12-22,126,88,5,53,3,0.6984126984126984,0.42063492063492064
2015-12-23,126,86,1,24,1,0.6825396825396826,0.19047619047619047
2015-12-24,126,82,1,23,1,0.6507936507936508,0.18253968253968253
2015-12-25,127,77,2,23,4,0.6062992125984252,0.18110236220472442
2015-12-28,126,69,1,8,2,0.5476190476190477,0.06349206349206349
2015-12-29,126,57,2,12,1,0.4523809523809524,0.09523809523809523
2015-12-30,127,57,8,18,8,0.44881889763779526,0.14173228346456693
2015-12-31,128,44,1,5,1,0.34375,0.0390625
2016-01-04,128,11,0,0,1,0.0859375,0.0
2016-01-05,128,6,0,2,0,0.046875,0.015625
2016-01-06,128,7,3,10,3,0.0546875,0.078125
2016-01-07,126,3,0,0,0,0.023809523809523808,0.0
2016-01-08,127,5,2,3,0,0.03937007874015748,0.023622047244094488
2016-01-11,128,4,0,2,1,0.03125,0.015625
2016-01-12,128,2,0,1,0,0.015625,0.0078125
2016-01-13,128,1,0,2,0,0.0078125,0.015625
2016-01-14,128,1,0,9,4,0.0078125,0.0703125
2016-01-15,129,2,0,6,1,0.015503875968992248,0.046511627906976744
2016-01-18,128,2,0,7,3,0.015625,0.0546875
2016-01-19,128,6,4,30,11,0.046875,0.234375
2016-01-20,129,10,4,6,30,0.07751937984496124,0.046511627906976744
2016-01-21,129,11,2,2,4,0.08527131782945736,0.015503875968992248
2016-01-22,130,21,9,3,21,0.16153846153846155,0.023076923076923078
2016-01-25,131,32,12,9,16,0.24427480916030533,0.06870229007633588
2016-01-26,131,25,2,2,0,0.19083969465648856,0.015267175572519083
2016-01-27,130,20,4,2,0,0.15384615384615385,0.015384615384615385
2016-01-28,130,15,3,1,3,0.11538461538461539,0.007692307692307693
2016-01-29,129,25,11,0,0,0.1937984496124031,0.0
2016-02-01,130,32,11,1,1,0.24615384615384617,0.007692307692307693
2016-02-02,130,55,23,10,9,0.4230769230769231,0.07692307692307693
2016-02-03,129,77,23,5,9,0.5968992248062015,0.03875968992248062
2016-02-04,127,100,24,4,82,0.7874015748031497,0.031496062992125984
2016-02-05,128,110,11,4,12,0.859375,0.03125
2016-02-15,128,115,5,6,6,0.8984375,0.046875
2016-02-16,127,120,6,64,8,0.9448818897637795,0.5039370078740157
2016-02-17,128,124,4,67,1,0.96875,0.5234375
2016-02-18,128,126,2,38,2,0.984375,0.296875
2016-02-19,128,126,0,27,3,0.984375,0.2109375
2016-02-22,128,127,1,89,3,0.9921875,0.6953125
2016-02-23,129,128,1,28,0,0.9922480620155039,0.21705426356589147
2016-02-24,129,128,0,30,0,0.9922480620155039,0.23255813953488372
2016-02-25,129,122,0,3,1,0.9457364341085271,0.023255813953488372
2016-02-26,130,117,0,5,1,0.9,0.038461538461538464
2016-02-29,130,82,0,1,0,0.6307692307692307,0.007692307692307693
2016-03-01,130,60,1,6,1,0.46153846153846156,0.046153846153846156
2016-03-02,130,76,16,27,3,0.5846153846153846,0.2076923076923077
2016-03-03,131,87,10,13,12,0.6641221374045801,0.09923664122137404
2016-03-04,130,76,1,15,10,0.5846153846153846,0.11538461538461539
2016-03-07,132,85,8,15,36,0.6439393939393939,0.11363636363636363
2016-03-08,132,93,9,12,30,0.7045454545454546,0.09090909090909091
2016-03-09,130,94,3,1,0,0.7230769230769231,0.007692307692307693
2016-03-10,130,85,2,0,0,0.6538461538461539,0.0
2016-03-11,130,79,3,0,10,0.6076923076923076,0.0
2016-03-14,130,99,19,39,30,0.7615384615384615,0.3
2016-03-15,130,102,7,16,7,0.7846153846153846,0.12307692307692308
2016-03-16,130,102,6,7,13,0.7846153846153846,0.05384615384615385
2016-03-17,129,109,9,27,21,0.8449612403100775,0.20930232558139536
2016-03-18,128,115,8,88,21,0.8984375,0.6875
2016-03-21,130,121,4,99,5,0.9307692307692308,0.7615384615384615
2016-03-22,128,120,1,64,6,0.9375,0.5
2016-03-23,129,123,3,62,1,0.9534883720930233,0.4806201550387597
2016-03-24,130,122,0,20,1,0.9384615384615385,0.15384615384615385
2016-03-25,130,122,0,19,0,0.9384615384615385,0.14615384615384616
2016-03-28,128,116,0,17,0,0.90625,0.1328125
2016-03-29,128,112,0,11,0,0.875,0.0859375
2016-03-30,127,112,1,70,5,0.8818897637795275,0.5511811023622047
2016-03-31,128,116,3,33,24,0.90625,0.2578125
2016-04-01,128,111,1,15,14,0.8671875,0.1171875
2016-04-05,128,116,7,36,14,0.90625,0.28125
2016-04-06,128,115,0,32,13,0.8984375,0.25
2016-04-07,127,106,0,9,1,0.8346456692913385,0.07086614173228346
2016-04-08,128,90,0,10,1,0.703125,0.078125
2016-04-11,128,86,2,21,4,0.671875,0.1640625
2016-04-12,127,76,1,10,1,0.5984251968503937,0.07874015748031496
2016-04-13,129,84,11,36,18,0.6511627906976745,0.27906976744186046
2016-04-14,129,94,10,31,23,0.7286821705426356,0.24031007751937986
2016-04-15,128,94,5,21,17,0.734375,0.1640625
2016-04-18,127,80,2,23,3,0.6299212598425197,0.18110236220472442
2016-04-19,128,70,1,21,4,0.546875,0.1640625
2016-04-20,128,37,1,8,0,0.2890625,0.0625
2016-04-21,128,30,1,9,1,0.234375,0.0703125
2016-04-22,130,27,0,8,0,0.2076923076923077,0.06153846153846154
2016-04-25,130,25,2,8,3,0.19230769230769232,0.06153846153846154
2016-04-26,130,22,0,9,2,0.16923076923076924,0.06923076923076923
2016-04-27,130,19,1,7,2,0.14615384615384616,0.05384615384615385
2016-04-28,129,19,2,10,15,0.14728682170542637,0.07751937984496124
2016-04-29,129,18,3,12,10,0.13953488372093023,0.09302325581395349
2016-05-03,130,28,10,35,35,0.2153846153846154,0.2692307692307692
2016-05-04,130,42,15,23,14,0.3230769230769231,0.17692307692307693
2016-05-05,130,53,13,35,11,0.4076923076923077,0.2692307692307692
2016-05-06,130,41,0,10,3,0.3153846153846154,0.07692307692307693
2016-05-09,130,29,0,4,0,0.2230769230769231,0.03076923076923077
2016-05-10,130,21,0,4,0,0.16153846153846155,0.03076923076923077
2016-05-11,130,14,0,4,0,0.1076923076923077,0.03076923076923077
2016-05-12,129,15,1,10,0,0.11627906976744186,0.07751937984496124
2016-05-13,128,14,3,9,4,0.109375,0.0703125
2016-05-16,130,20,5,21,8,0.15384615384615385,0.16153846153846155
2016-05-17,130,23,3,17,10,0.17692307692307693,0.13076923076923078
2016-05-18,130,22,3,4,4,0.16923076923076924,0.03076923076923077
2016-05-19,131,21,1,14,10,0.16030534351145037,0.10687022900763359
2016-05-20,132,31,10,19,16,0.23484848484848486,0.14393939393939395
2016-05-23,131,43,13,29,10,0.3282442748091603,0.22137404580152673
2016-05-24,131,52,11,16,2,0.3969465648854962,0.12213740458015267
2016-05-25,131,61,10,5,19,0.46564885496183206,0.03816793893129771
2016-05-26,132,71,12,18,26,0.5378787878787878,0.13636363636363635
2016-05-27,132,79,11,28,6,0.5984848484848485,0.21212121212121213
2016-05-30,132,86,8,21,4,0.6515151515151515,0.1590909090909091
2016-05-31,131,108,23,92,34,0.8244274809160306,0.7022900763358778
2016-06-01,132,117,8,105,19,0.8863636363636364,0.7954545454545454
2016-06-02,133,124,6,97,1,0.9323308270676691,0.7293233082706767
2016-06-03,132,124,2,75,2,0.9393939393939394,0.5681818181818182
2016-06-06,131,123,0,45,6,0.9389312977099237,0.3435114503816794
2016-06-07,131,123,0,43,0,0.9389312977099237,0.3282442748091603
2016-06-08,131,123,2,31,0,0.9389312977099237,0.2366412213740458
2016-06-13,131,110,0,6,0,0.8396946564885496,0.04580152671755725
2016-06-14,131,91,0,9,2,0.6946564885496184,0.06870229007633588
2016-06-15,131,91,5,42,5,0.6946564885496184,0.32061068702290074
2016-06-16,131,83,3,34,5,0.6335877862595419,0.2595419847328244
2016-06-17,131,88,6,32,7,0.6717557251908397,0.24427480916030533
2016-06-20,130,88,8,33,29,0.676923076923077,0.25384615384615383
2016-06-21,131,88,0,18,19,0.6717557251908397,0.13740458015267176
2016-06-22,131,96,9,28,12,0.732824427480916,0.21374045801526717
2016-06-23,132,97,7,14,5,0.7348484848484849,0.10606060606060606
2016-06-24,132,78,0,9,1,0.5909090909090909,0.06818181818181818
2016-06-27,133,87,10,56,10,0.6541353383458647,0.42105263157894735
2016-06-28,133,94,9,60,15,0.706766917293233,0.45112781954887216
2016-06-29,133,103,10,29,1,0.7744360902255639,0.21804511278195488
2016-06-30,132,98,2,24,12,0.7424242424242424,0.18181818181818182
2016-07-01,132,95,4,11,11,0.7196969696969697,0.08333333333333333
2016-07-04,133,93,2,49,3,0.6992481203007519,0.3684210526315789
2016-07-05,133,90,0,45,4,0.6766917293233082,0.3383458646616541
2016-07-06,133,91,2,33,4,0.6842105263157895,0.24812030075187969
2016-07-07,132,92,4,39,13,0.696969696969697,0.29545454545454547
2016-07-08,132,93,1,18,7,0.7045454545454546,0.13636363636363635
2016-07-11,132,83,2,21,1,0.6287878787878788,0.1590909090909091
2016-07-12,133,80,1,42,5,0.6015037593984962,0.3157894736842105
2016-07-13,134,80,2,44,4,0.5970149253731343,0.3283582089552239
2016-07-14,134,81,2,39,4,0.6044776119402985,0.291044776119403
2016-07-15,134,78,2,35,4,0.582089552238806,0.26119402985074625
2016-07-18,134,68,0,15,1,0.5074626865671642,0.11194029850746269
2016-07-19,134,65,1,10,1,0.48507462686567165,0.07462686567164178
2016-07-20,134,61,5,10,5,0.4552238805970149,0.07462686567164178
2016-07-21,133,56,2,16,5,0.42105263157894735,0.12030075187969924
2016-07-22,133,40,4,10,2,0.3007518796992481,0.07518796992481203
2016-07-25,132,32,3,17,5,0.24242424242424243,0.12878787878787878
2016-07-26,132,35,4,29,19,0.26515151515151514,0.2196969696969697
2016-07-27,133,23,2,7,1,0.17293233082706766,0.05263157894736842
2016-07-28,134,20,2,4,6,0.14925373134328357,0.029850746268656716
2016-07-29,133,16,3,6,1,0.12030075187969924,0.045112781954887216
2016-08-01,133,5,0,0,1,0.03759398496240601,0.0
2016-08-02,133,6,3,5,1,0.045112781954887216,0.03759398496240601
2016-08-03,133,8,2,6,7,0.06015037593984962,0.045112781954887216
2016-08-04,133,8,1,13,6,0.06015037593984962,0.09774436090225563
2016-08-05,134,11,4,10,5,0.08208955223880597,0.07462686567164178
2016-08-08,134,18,7,17,31,0.13432835820895522,0.12686567164179105
2016-08-09,134,24,7,32,42,0.1791044776119403,0.23880597014925373
2016-08-10,134,35,12,18,20,0.26119402985074625,0.13432835820895522
2016-08-11,135,36,7,13,0,0.26666666666666666,0.0962962962962963
2016-08-12,134,46,12,27,15,0.34328358208955223,0.20149253731343283
2016-08-15,134,81,35,81,13,0.6044776119402985,0.6044776119402985
2016-08-16,134,96,18,68,9,0.7164179104477612,0.5074626865671642
2016-08-17,134,107,11,46,5,0.7985074626865671,0.34328358208955223
2016-08-18,134,108,4,20,8,0.8059701492537313,0.14925373134328357
2016-08-19,134,106,2,22,1,0.7910447761194029,0.16417910447761194
2016-08-22,134,101,4,11,0,0.753731343283582,0.08208955223880597
2016-08-23,134,98,2,14,2,0.7313432835820896,0.1044776119402985
2016-08-24,134,94,0,10,1,0.7014925373134329,0.07462686567164178
2016-08-25,134,79,1,18,5,0.5895522388059702,0.13432835820895522
2016-08-26,135,75,3,15,5,0.5555555555555556,0.1111111111111111
2016-08-29,135,69,5,14,10,0.5111111111111111,0.1037037037037037
2016-08-30,135,67,3,10,10,0.4962962962962963,0.07407407407407407
2016-08-31,135,70,5,9,9,0.5185185185185185,0.06666666666666667
2016-09-01,135,58,1,8,8,0.42962962962962964,0.05925925925925926
2016-09-02,135,53,1,10,4,0.3925925925925926,0.07407407407407407
2016-09-05,136,55,9,13,13,0.40441176470588236,0.09558823529411764
2016-09-06,135,66,12,40,20,0.4888888888888889,0.2962962962962963
2016-09-07,136,76,9,21,9,0.5588235294117647,0.15441176470588236
2016-09-08,134,84,11,27,14,0.6268656716417911,0.20149253731343283
2016-09-09,134,76,1,18,20,0.5671641791044776,0.13432835820895522
2016-09-12,133,43,0,3,0,0.3233082706766917,0.022556390977443608
2016-09-13,133,27,0,2,0,0.20300751879699247,0.015037593984962405
2016-09-14,133,18,1,4,0,0.13533834586466165,0.03007518796992481
2016-09-19,133,22,5,13,4,0.16541353383458646,0.09774436090225563
2016-09-20,134,21,2,11,0,0.15671641791044777,0.08208955223880597
2016-09-21,133,24,5,11,8,0.18045112781954886,0.08270676691729323
2016-09-22,133,28,4,25,18,0.21052631578947367,0.18796992481203006
2016-09-23,132,29,5,13,31,0.2196969696969697,0.09848484848484848
2016-09-26,132,23,1,1,3,0.17424242424242425,0.007575757575757576
2016-09-27,131,28,8,6,1,0.21374045801526717,0.04580152671755725
2016-09-28,132,28,2,10,1,0.21212121212121213,0.07575757575757576
2016-09-29,132,32,5,7,3,0.24242424242424243,0.05303030303030303
2016-09-30,133,36,6,13,5,0.2706766917293233,0.09774436090225563
2016-10-10,132,73,37,77,49,0.553030303030303,0.5833333333333334
2016-10-11,133,100,28,56,22,0.7518796992481203,0.42105263157894735
2016-10-12,133,108,8,31,24,0.8120300751879699,0.23308270676691728
2016-10-13,133,115,8,27,5,0.8646616541353384,0.20300751879699247
2016-10-14,133,119,4,18,2,0.8947368421052632,0.13533834586466165
2016-10-17,132,107,0,20,2,0.8106060606060606,0.15151515151515152
2016-10-18,133,110,3,63,6,0.8270676691729323,0.47368421052631576
2016-10-19,133,112,4,43,8,0.8421052631578947,0.3233082706766917
2016-10-20,133,112,1,39,9,0.8421052631578947,0.2932330827067669
2016-10-21,133,107,2,22,4,0.8045112781954887,0.16541353383458646
2016-10-24,133,105,3,35,14,0.7894736842105263,0.2631578947368421
2016-10-25,133,106,3,31,1,0.7969924812030075,0.23308270676691728
2016-10-26,133,103,3,12,3,0.7744360902255639,0.09022556390977443
2016-10-27,133,100,1,14,4,0.7518796992481203,0.10526315789473684
2016-10-28,133,85,2,7,3,0.6390977443609023,0.05263157894736842
2016-10-31,133,75,2,13,5,0.5639097744360902,0.09774436090225563
2016-11-01,133,71,1,22,5,0.5338345864661654,0.16541353383458646
2016-11-02,133,66,3,10,7,0.49624060150375937,0.07518796992481203
2016-11-03,134,64,4,20,12,0.47761194029850745,0.14925373134328357
2016-11-04,134,58,3,13,17,0.43283582089552236,0.09701492537313433
2016-11-07,135,56,4,20,7,0.4148148148148148,0.14814814814814814
2016-11-08,135,65,10,17,5,0.48148148148148145,0.1259259259259259
2016-11-09,137,61,2,21,5,0.44525547445255476,0.15328467153284672
2016-11-10,137,67,8,44,19,0.48905109489051096,0.32116788321167883
2016-11-11,137,74,9,45,10,0.5401459854014599,0.3284671532846715
2016-11-14,137,83,11,45,9,0.6058394160583942,0.3284671532846715
2016-11-15,137,92,10,39,10,0.6715328467153284,0.2846715328467153
2016-11-16,138,102,10,32,18,0.7391304347826086,0.2318840579710145
2016-11-17,138,98,1,14,1,0.7101449275362319,0.10144927536231885
2016-11-18,138,94,3,9,5,0.6811594202898551,0.06521739130434782
2016-11-21,138,84,2,19,3,0.6086956521739131,0.13768115942028986
2016-11-22,138,89,8,44,12,0.644927536231884,0.3188405797101449
2016-11-23,139,87,5,32,9,0.6258992805755396,0.2302158273381295
2016-11-24,139,77,3,23,5,0.5539568345323741,0.16546762589928057
2016-11-25,139,73,4,22,7,0.5251798561151079,0.15827338129496402
2016-11-28,139,72,3,23,7,0.5179856115107914,0.16546762589928057
2016-11-29,139,67,0,18,2,0.48201438848920863,0.12949640287769784
2016-11-30,139,53,1,13,4,0.381294964028777,0.09352517985611511
2016-12-01,138,50,0,19,3,0.36231884057971014,0.13768115942028986
2016-12-02,138,38,0,5,1,0.2753623188405797,0.036231884057971016
2016-12-05,138,32,2,5,1,0.2318840579710145,0.036231884057971016
2016-12-06,138,19,5,10,4,0.13768115942028986,0.07246376811594203
2016-12-07,138,22,6,13,10,0.15942028985507245,0.09420289855072464
2016-12-08,137,23,6,8,4,0.1678832116788321,0.058394160583941604
2016-12-09,138,25,3,5,12,0.18115942028985507,0.036231884057971016
2016-12-12,137,13,1,0,1,0.0948905109489051,0.0
2016-12-13,139,8,0,1,1,0.05755395683453238,0.007194244604316547
2016-12-14,140,8,2,5,2,0.05714285714285714,0.03571428571428571
2016-12-15,141,7,0,9,0,0.04964539007092199,0.06382978723404255
2016-12-16,142,10,2,17,2,0.07042253521126761,0.11971830985915492
2016-12-19,141,14,5,6,3,0.09929078014184398,0.0425531914893617
2016-12-20,141,14,1,10,6,0.09929078014184398,0.07092198581560284
2016-12-21,141,21,7,18,43,0.14893617021276595,0.1276595744680851
2016-12-22,140,31,10,9,27,0.22142857142857142,0.06428571428571428
2016-12-23,140,30,7,5,1,0.21428571428571427,0.03571428571428571
2016-12-26,140,50,21,6,11,0.35714285714285715,0.04285714285714286
2016-12-27,141,55,8,7,10,0.3900709219858156,0.04964539007092199
2016-12-28,140,61,9,11,4,0.4357142857142857,0.07857142857142857
2016-12-29,139,61,5,8,5,0.43884892086330934,0.05755395683453238
2016-12-30,139,68,9,11,18,0.4892086330935252,0.07913669064748201
2017-01-03,140,81,13,20,12,0.5785714285714286,0.14285714285714285
2017-01-04,140,110,29,62,42,0.7857142857142857,0.44285714285714284
2017-01-05,141,125,14,32,10,0.8865248226950354,0.22695035460992907
2017-01-06,141,125,4,15,8,0.8865248226950354,0.10638297872340426
2017-01-09,142,123,2,34,9,0.8661971830985915,0.23943661971830985
2017-01-10,142,122,3,14,1,0.8591549295774648,0.09859154929577464
2017-01-11,142,111,0,13,1,0.7816901408450704,0.09154929577464789
2017-01-12,141,102,1,8,1,0.723404255319149,0.05673758865248227
2017-01-13,142,90,1,7,5,0.6338028169014085,0.04929577464788732
2017-01-16,141,46,1,14,5,0.3262411347517731,0.09929078014184398
2017-01-17,141,38,2,6,0,0.2695035460992908,0.0425531914893617
2017-01-18,143,35,1,12,4,0.24475524475524477,0.08391608391608392
2017-01-19,143,33,0,5,3,0.23076923076923078,0.03496503496503497
2017-01-20,143,37,6,29,2,0.25874125874125875,0.20279720279720279
2017-01-23,143,51,14,39,16,0.35664335664335667,0.2727272727272727
2017-01-24,143,57,7,14,19,0.3986013986013986,0.0979020979020979
2017-01-25,144,80,25,17,40,0.5555555555555556,0.11805555555555555
2017-01-26,143,100,21,24,28,0.6993006993006993,0.16783216783216784
2017-02-03,144,117,16,11,3,0.8125,0.0763888888888889
2017-02-06,144,125,9,46,4,0.8680555555555556,0.3194444444444444
2017-02-07,144,129,5,27,4,0.8958333333333334,0.1875
2017-02-08,144,129,2,50,7,0.8958333333333334,0.3472222222222222
2017-02-09,144,133,5,82,7,0.9236111111111112,0.5694444444444444
2017-02-10,145,136,3,49,6,0.9379310344827586,0.33793103448275863
2017-02-13,146,137,2,53,3,0.9383561643835616,0.363013698630137
2017-02-14,147,136,0,43,5,0.9251700680272109,0.2925170068027211
2017-02-15,148,137,1,22,0,0.9256756756756757,0.14864864864864866
2017-02-16,148,134,1,34,1,0.9054054054054054,0.22972972972972974
2017-02-17,148,127,0,16,3,0.8581081081081081,0.10810810810810811
2017-02-20,147,128,5,47,5,0.8707482993197279,0.3197278911564626
2017-02-21,148,128,1,73,19,0.8648648648648649,0.49324324324324326
2017-02-22,148,126,0,62,17,0.8513513513513513,0.4189189189189189
2017-02-23,147,128,4,44,9,0.8707482993197279,0.29931972789115646
2017-02-24,147,124,2,43,11,0.8435374149659864,0.2925170068027211
2017-02-27,146,115,2,18,7,0.7876712328767124,0.1232876712328767
2017-02-28,147,111,1,14,1,0.7551020408163265,0.09523809523809523
2017-03-01,148,106,2,26,5,0.7162162162162162,0.17567567567567569
2017-03-02,148,98,2,21,9,0.6621621621621622,0.14189189189189189
2017-03-03,148,96,3,45,8,0.6486486486486487,0.30405405405405406
2017-03-06,148,101,7,73,22,0.6824324324324325,0.49324324324324326
2017-03-07,147,106,7,62,11,0.7210884353741497,0.4217687074829932
2017-03-08,147,102,3,26,5,0.6938775510204082,0.17687074829931973
2017-03-09,148,95,0,15,1,0.6418918918918919,0.10135135135135136
2017-03-10,148,86,1,23,5,0.581081081081081,0.1554054054054054
2017-03-13,147,86,6,47,4,0.5850340136054422,0.3197278911564626
2017-03-14,147,80,2,26,4,0.54421768707483,0.17687074829931973
2017-03-15,147,78,3,18,5,0.5306122448979592,0.12244897959183673
2017-03-16,147,81,4,51,24,0.5510204081632653,0.3469387755102041
2017-03-17,147,72,1,18,11,0.4897959183673469,0.12244897959183673
2017-03-20,148,70,10,26,9,0.47297297297297297,0.17567567567567569
2017-03-21,148,75,11,32,6,0.5067567567567568,0.21621621621621623
2017-03-22,148,60,2,27,6,0.40540540540540543,0.18243243243243243
2017-03-23,148,62,7,29,2,0.4189189189189189,0.19594594594594594
2017-03-24,148,66,8,35,8,0.44594594594594594,0.23648648648648649
2017-03-27,147,62,4,21,3,0.4217687074829932,0.14285714285714285
2017-03-28,146,47,1,17,1,0.3219178082191781,0.11643835616438356
2017-03-29,146,37,4,10,7,0.2534246575342466,0.0684931506849315
2017-03-30,146,26,3,3,5,0.1780821917808219,0.02054794520547945
2017-03-31,146,29,5,16,2,0.19863013698630136,0.1095890410958904
2017-04-05,145,39,11,52,17,0.2689655172413793,0.3586206896551724
2017-04-06,147,48,8,30,7,0.32653061224489793,0.20408163265306123
2017-04-07,147,56,11,27,10,0.38095238095238093,0.1836734693877551
2017-04-10,147,49,3,17,20,0.3333333333333333,0.11564625850340136
2017-04-11,146,50,5,21,11,0.3424657534246575,0.14383561643835616
2017-04-12,148,47,1,8,4,0.31756756756756754,0.05405405405405406
2017-04-13,148,44,1,7,0,0.2972972972972973,0.0472972972972973
2017-04-14,148,38,2,3,0,0.25675675675675674,0.02027027027027027
2017-04-17,148,26,3,5,7,0.17567567567567569,0.033783783783783786
2017-04-18,150,18,1,7,4,0.12,0.04666666666666667
2017-04-19,150,14,1,4,0,0.09333333333333334,0.02666666666666667
2017-04-20,151,15,6,12,6,0.09933774834437085,0.07947019867549669
2017-04-21,150,16,2,7,6,0.10666666666666667,0.04666666666666667
2017-04-24,151,12,2,5,4,0.07947019867549669,0.033112582781456956
2017-04-25,152,20,8,13,7,0.13157894736842105,0.08552631578947369
2017-04-26,152,23,4,21,8,0.1513157894736842,0.13815789473684212
2017-04-27,152,32,10,47,6,0.21052631578947367,0.3092105263157895
2017-04-28,152,42,11,29,11,0.27631578947368424,0.19078947368421054
2017-05-02,152,51,12,25,28,0.3355263157894737,0.16447368421052633
2017-05-03,152,64,15,18,22,0.42105263157894735,0.11842105263157894
2017-05-04,152,67,6,14,14,0.4407894736842105,0.09210526315789473
2017-05-05,152,65,5,7,6,0.4276315789473684,0.046052631578947366
2017-05-08,152,61,4,3,1,0.40131578947368424,0.019736842105263157
2017-05-09,152,59,4,14,6,0.3881578947368421,0.09210526315789473
2017-05-10,152,61,5,14,4,0.40131578947368424,0.09210526315789473
2017-05-11,152,54,1,17,2,0.35526315789473684,0.1118421052631579
2017-05-12,151,53,3,15,9,0.3509933774834437,0.09933774834437085
2017-05-15,152,56,5,19,11,0.3684210526315789,0.125
2017-05-16,153,77,21,61,14,0.5032679738562091,0.39869281045751637
2017-05-17,153,91,16,31,22,0.5947712418300654,0.20261437908496732
2017-05-18,152,106,17,13,24,0.6973684210526315,0.08552631578947369
2017-05-19,152,115,10,10,19,0.756578947368421,0.06578947368421052
2017-05-22,152,111,1,14,11,0.7302631578947368,0.09210526315789473
2017-05-23,153,88,2,17,0,0.5751633986928104,0.1111111111111111
2017-05-24,154,78,3,10,1,0.5064935064935064,0.06493506493506493
2017-05-25,153,81,6,26,7,0.5294117647058824,0.16993464052287582
2017-05-26,153,84,6,19,7,0.5490196078431373,0.12418300653594772
2017-05-31,153,86,7,20,3,0.5620915032679739,0.13071895424836602
2017-06-01,152,70,2,12,6,0.4605263157894737,0.07894736842105263
2017-06-02,152,73,7,7,7,0.48026315789473684,0.046052631578947366
2017-06-05,154,81,8,10,4,0.525974025974026,0.06493506493506493
2017-06-06,154,86,9,15,3,0.5584415584415584,0.09740259740259741
2017-06-07,154,104,18,67,21,0.6753246753246753,0.43506493506493504
2017-06-08,154,122,18,52,49,0.7922077922077922,0.33766233766233766
2017-06-09,154,130,9,45,20,0.8441558441558441,0.2922077922077922
2017-06-12,154,125,2,19,3,0.8116883116883117,0.12337662337662338
2017-06-13,153,127,3,32,6,0.8300653594771242,0.20915032679738563
2017-06-14,153,130,5,20,1,0.8496732026143791,0.13071895424836602
2017-06-15,153,127,3,65,13,0.8300653594771242,0.42483660130718953
2017-06-16,152,129,4,35,4,0.8486842105263158,0.23026315789473684
2017-06-19,153,129,0,38,13,0.8431372549019608,0.24836601307189543
2017-06-20,153,127,3,46,6,0.8300653594771242,0.3006535947712418
2017-06-21,153,126,2,39,14,0.8235294117647058,0.2549019607843137
2017-06-22,153,122,2,18,5,0.7973856209150327,0.11764705882352941
2017-06-23,154,120,3,22,1,0.7792207792207793,0.14285714285714285
2017-06-26,154,119,2,63,5,0.7727272727272727,0.4090909090909091
2017-06-27,154,122,5,49,2,0.7922077922077922,0.3181818181818182
2017-06-28,154,120,1,22,5,0.7792207792207793,0.14285714285714285
2017-06-29,154,122,3,30,19,0.7922077922077922,0.19480519480519481
2017-06-30,153,124,6,33,18,0.8104575163398693,0.21568627450980393
2017-07-03,153,124,5,37,7,0.8104575163398693,0.24183006535947713
2017-07-04,154,120,1,27,6,0.7792207792207793,0.17532467532467533
2017-07-05,154,119,2,47,19,0.7727272727272727,0.3051948051948052
2017-07-06,154,118,5,72,9,0.7662337662337663,0.4675324675324675
2017-07-07,156,118,4,74,5,0.7564102564102564,0.47435897435897434
2017-07-10,156,112,3,36,2,0.717948717948718,0.23076923076923078
2017-07-11,155,100,3,11,7,0.6451612903225806,0.07096774193548387
2017-07-12,155,95,1,20,3,0.6129032258064516,0.12903225806451613
2017-07-13,155,86,3,25,0,0.5548387096774193,0.16129032258064516
2017-07-14,155,72,4,22,2,0.4645161290322581,0.14193548387096774
2017-07-17,155,37,1,11,1,0.23870967741935484,0.07096774193548387
2017-07-18,154,30,0,15,3,0.19480519480519481,0.09740259740259741
2017-07-19,153,41,11,41,6,0.2679738562091503,0.2679738562091503
2017-07-20,154,47,6,38,4,0.3051948051948052,0.24675324675324675
2017-07-21,154,50,6,20,3,0.3246753246753247,0.12987012987012986
2017-07-24,153,50,4,27,28,0.32679738562091504,0.17647058823529413
2017-07-25,154,52,4,13,20,0.33766233766233766,0.08441558441558442
2017-07-26,153,58,9,19,6,0.3790849673202614,0.12418300653594772
2017-07-27,153,58,10,45,13,0.3790849673202614,0.29411764705882354
2017-07-28,153,66,11,22,19,0.43137254901960786,0.1437908496732026
2017-07-31,153,84,22,57,20,0.5490196078431373,0.37254901960784315
2017-08-01,154,96,17,54,24,0.6233766233766234,0.35064935064935066
2017-08-02,155,104,12,27,3,0.6709677419354839,0.17419354838709677
2017-08-03,156,101,3,22,4,0.6474358974358975,0.14102564102564102
2017-08-04,155,98,6,17,3,0.632258064516129,0.10967741935483871
2017-08-07,156,99,5,25,4,0.6346153846153846,0.16025641025641027
2017-08-08,156,97,4,34,4,0.6217948717948718,0.21794871794871795
2017-08-09,156,97,2,37,10,0.6217948717948718,0.23717948717948717
2017-08-10,157,95,7,21,6,0.6050955414012739,0.1337579617834395
2017-08-11,157,77,1,5,4,0.49044585987261147,0.03184713375796178
2017-08-14,157,81,8,32,9,0.5159235668789809,0.20382165605095542
2017-08-15,159,86,6,30,12,0.5408805031446541,0.18867924528301888
2017-08-16,158,92,10,60,12,0.5822784810126582,0.379746835443038
2017-08-17,158,97,6,47,22,0.6139240506329114,0.2974683544303797
2017-08-18,158,94,4,26,20,0.5949367088607594,0.16455696202531644
2017-08-21,158,96,3,31,5,0.6075949367088608,0.1962025316455696
2017-08-22,158,96,3,18,9,0.6075949367088608,0.11392405063291139
2017-08-23,157,95,3,12,7,0.6050955414012739,0.07643312101910828
2017-08-24,158,88,2,6,2,0.5569620253164557,0.0379746835443038
2017-08-25,158,93,9,40,9,0.5886075949367089,0.25316455696202533
2017-08-28,158,96,8,65,22,0.6075949367088608,0.41139240506329117
2017-08-29,158,94,7,44,9,0.5949367088607594,0.27848101265822783
2017-08-30,158,96,7,38,15,0.6075949367088608,0.24050632911392406
2017-08-31,157,104,10,48,19,0.6624203821656051,0.3057324840764331
2017-09-01,158,112,9,71,10,0.7088607594936709,0.44936708860759494
2017-09-04,158,125,13,72,4,0.7911392405063291,0.45569620253164556
2017-09-05,158,125,2,60,11,0.7911392405063291,0.379746835443038
2017-09-06,158,130,6,69,5,0.8227848101265823,0.43670886075949367
2017-09-07,157,127,2,35,4,0.8089171974522293,0.2229299363057325
2017-09-08,156,120,2,43,1,0.7692307692307693,0.27564102564102566
2017-09-11,157,114,4,67,5,0.7261146496815286,0.4267515923566879
2017-09-12,158,111,2,42,5,0.7025316455696202,0.26582278481012656
2017-09-13,158,107,4,31,4,0.6772151898734177,0.1962025316455696
2017-09-14,158,98,5,31,10,0.620253164556962,0.1962025316455696
2017-09-15,157,84,4,19,5,0.535031847133758,0.12101910828025478
2017-09-18,157,79,5,38,6,0.5031847133757962,0.24203821656050956
2017-09-19,157,74,6,33,10,0.4713375796178344,0.21019108280254778
2017-09-20,155,80,7,50,7,0.5161290322580645,0.3225806451612903
2017-09-21,155,73,4,27,13,0.47096774193548385,0.17419354838709677
2017-09-22,155,61,2,30,9,0.3935483870967742,0.1935483870967742
2017-09-25,155,52,3,12,2,0.33548387096774196,0.07741935483870968
2017-09-26,155,45,0,13,6,0.2903225806451613,0.08387096774193549
2017-09-27,155,45,4,25,4,0.2903225806451613,0.16129032258064516
2017-09-28,155,49,8,30,11,0.3161290322580645,0.1935483870967742
2017-09-29,156,54,6,44,13,0.34615384615384615,0.28205128205128205
2017-10-09,157,65,12,61,28,0.4140127388535032,0.3885350318471338
2017-10-10,157,75,11,55,27,0.47770700636942676,0.3503184713375796
2017-10-11,157,80,10,26,9,0.5095541401273885,0.16560509554140126
2017-10-12,157,76,5,29,10,0.4840764331210191,0.18471337579617833
2017-10-13,158,78,8,34,4,0.4936708860759494,0.21518987341772153
2017-10-16,158,68,3,17,5,0.43037974683544306,0.10759493670886076
2017-10-17,158,59,1,19,1,0.37341772151898733,0.12025316455696203
2017-10-18,158,49,2,28,6,0.310126582278481,0.17721518987341772
2017-10-19,157,40,0,20,2,0.25477707006369427,0.12738853503184713
2017-10-20,157,37,1,19,0,0.2356687898089172,0.12101910828025478
2017-10-23,157,37,1,15,8,0.2356687898089172,0.09554140127388536
2017-10-24,157,44,9,20,4,0.2802547770700637,0.12738853503184713
2017-10-25,157,49,5,29,18,0.31210191082802546,0.18471337579617833
2017-10-26,158,58,10,38,43,0.3670886075949367,0.24050632911392406
2017-10-27,158,63,8,29,19,0.3987341772151899,0.18354430379746836
2017-10-30,158,58,4,23,2,0.3670886075949367,0.14556962025316456
2017-10-31,158,64,8,36,5,0.4050632911392405,0.22784810126582278
2017-11-01,157,63,6,39,2,0.4012738853503185,0.2484076433121019
2017-11-02,158,60,3,25,0,0.379746835443038,0.15822784810126583
2017-11-03,158,56,4,24,4,0.35443037974683544,0.1518987341772152
2017-11-06,159,61,9,54,15,0.3836477987421384,0.33962264150943394
2017-11-07,160,81,19,58,12,0.50625,0.3625
2017-11-08,161,85,9,43,5,0.5279503105590062,0.2670807453416149
2017-11-09,161,93,9,58,18,0.577639751552795,0.36024844720496896
2017-11-10,160,109,17,68,33,0.68125,0.425
2017-11-13,159,125,19,78,11,0.7861635220125787,0.49056603773584906
2017-11-14,159,122,5,34,2,0.7672955974842768,0.2138364779874214
2017-11-15,158,105,0,17,0,0.6645569620253164,0.10759493670886076
2017-11-16,159,91,4,27,1,0.5723270440251572,0.16981132075471697
2017-11-17,159,60,1,18,2,0.37735849056603776,0.11320754716981132
2017-11-20,159,54,1,30,1,0.33962264150943394,0.18867924528301888
2017-11-21,159,56,8,42,6,0.3522012578616352,0.2641509433962264
2017-11-22,159,58,2,36,6,0.36477987421383645,0.22641509433962265
2017-11-23,160,56,3,6,2,0.35,0.0375
2017-11-24,158,46,5,12,11,0.2911392405063291,0.0759493670886076
2017-11-27,158,35,2,6,7,0.22151898734177214,0.0379746835443038
2017-11-28,158,37,6,13,9,0.23417721518987342,0.08227848101265822
2017-11-29,159,40,7,17,4,0.25157232704402516,0.1069182389937107
2017-11-30,159,42,4,12,9,0.2641509433962264,0.07547169811320754
2017-12-01,159,52,10,20,15,0.3270440251572327,0.12578616352201258
2017-12-04,160,59,9,12,23,0.36875,0.075
2017-12-05,160,46,1,8,1,0.2875,0.05
2017-12-06,160,48,6,7,9,0.3,0.04375
2017-12-07,160,42,2,7,7,0.2625,0.04375
2017-12-08,161,53,14,14,2,0.32919254658385094,0.08695652173913043
2017-12-11,161,70,19,37,15,0.43478260869565216,0.22981366459627328
2017-12-12,161,77,9,8,29,0.4782608695652174,0.049689440993788817
2017-12-13,160,86,13,20,29,0.5375,0.125
2017-12-14,161,104,19,17,19,0.6459627329192547,0.10559006211180125
2017-12-15,161,101,3,8,4,0.6273291925465838,0.049689440993788817
2017-12-18,160,91,2,5,2,0.56875,0.03125
2017-12-19,161,95,8,15,12,0.5900621118012422,0.09316770186335403
2017-12-20,162,95,5,11,3,0.5864197530864198,0.06790123456790123
2017-12-21,163,101,10,38,13,0.6196319018404908,0.2331288343558282
2017-12-22,163,100,6,23,18,0.6134969325153374,0.1411042944785276
2017-12-25,163,88,1,16,6,0.5398773006134969,0.09815950920245399
2017-12-26,165,95,10,24,6,0.5757575757575758,0.14545454545454545
2017-12-27,165,86,3,13,9,0.5212121212121212,0.07878787878787878
2017-12-28,164,88,5,22,5,0.5365853658536586,0.13414634146341464
2017-12-29,163,89,6,30,7,0.5460122699386503,0.18404907975460122
2018-01-02,164,102,13,50,30,0.6219512195121951,0.3048780487804878
2018-01-03,165,117,16,62,22,0.7090909090909091,0.37575757575757573
2018-01-04,165,130,14,56,28,0.7878787878787878,0.3393939393939394
2018-01-05,166,131,3,41,11,0.7891566265060241,0.2469879518072289
2018-01-08,165,126,3,50,4,0.7636363636363637,0.30303030303030304
2018-01-09,164,129,4,51,7,0.7865853658536586,0.31097560975609756
2018-01-10,164,128,1,41,3,0.7804878048780488,0.25
2018-01-11,164,128,3,43,9,0.7804878048780488,0.2621951219512195
2018-01-12,165,124,4,30,5,0.7515151515151515,0.18181818181818182
2018-01-15,165,90,0,17,1,0.5454545454545454,0.10303030303030303
2018-01-16,165,71,0,30,2,0.4303030303030303,0.18181818181818182
2018-01-17,165,60,3,18,1,0.36363636363636365,0.10909090909090909
2018-01-18,165,58,0,15,3,0.3515151515151515,0.09090909090909091
2018-01-19,166,52,3,22,3,0.3132530120481928,0.13253012048192772
2018-01-22,167,56,7,40,14,0.33532934131736525,0.23952095808383234
2018-01-23,166,61,9,36,19,0.3674698795180723,0.21686746987951808
2018-01-24,166,78,20,45,32,0.46987951807228917,0.2710843373493976
2018-01-25,166,92,14,21,24,0.5542168674698795,0.12650602409638553
2018-01-26,166,93,6,22,18,0.5602409638554217,0.13253012048192772
2018-01-29,166,76,3,14,2,0.4578313253012048,0.08433734939759036
2018-01-30,166,68,4,8,6,0.40963855421686746,0.04819277108433735
2018-01-31,166,51,4,6,1,0.3072289156626506,0.03614457831325301
2018-02-01,166,25,1,3,3,0.15060240963855423,0.018072289156626505
2018-02-02,165,19,5,7,2,0.11515151515151516,0.04242424242424243
2018-02-05,165,20,3,14,5,0.12121212121212122,0.08484848484848485
2018-02-06,165,12,1,0,1,0.07272727272727272,0.0
2018-02-07,165,12,1,4,0,0.07272727272727272,0.024242424242424242
2018-02-08,164,9,2,8,5,0.054878048780487805,0.04878048780487805
2018-02-09,164,8,0,5,0,0.04878048780487805,0.03048780487804878
2018-02-12,165,16,9,32,6,0.09696969696969697,0.19393939393939394
2018-02-13,165,27,11,17,17,0.16363636363636364,0.10303030303030303
2018-02-14,165,42,15,12,36,0.2545454545454545,0.07272727272727272
2018-02-22,164,60,19,35,6,0.36585365853658536,0.21341463414634146
2018-02-23,164,86,26,22,60,0.524390243902439,0.13414634146341464
2018-02-26,164,124,38,81,28,0.7560975609756098,0.49390243902439024
2018-02-27,164,136,13,94,5,0.8292682926829268,0.573170731707317
2018-02-28,165,140,3,66,1,0.8484848484848485,0.4
2018-03-01,164,141,3,83,0,0.8597560975609756,0.5060975609756098
2018-03-02,166,144,1,51,0,0.8674698795180723,0.3072289156626506
2018-03-05,166,143,1,62,1,0.8614457831325302,0.37349397590361444
2018-03-06,166,148,6,87,7,0.891566265060241,0.5240963855421686
2018-03-07,166,150,3,27,2,0.9036144578313253,0.16265060240963855
2018-03-08,165,153,4,29,4,0.9272727272727272,0.17575757575757575
2018-03-09,166,157,3,100,17,0.9457831325301205,0.6024096385542169
2018-03-12,166,159,3,121,8,0.9578313253012049,0.7289156626506024
2018-03-13,165,159,1,56,2,0.9636363636363636,0.3393939393939394
2018-03-14,165,160,2,15,1,0.9696969696969697,0.09090909090909091
2018-03-15,166,160,0,20,0,0.963855421686747,0.12048192771084337
2018-03-16,167,155,1,10,0,0.9281437125748503,0.059880239520958084
2018-03-19,167,145,0,23,1,0.8682634730538922,0.1377245508982036
2018-03-20,167,134,0,21,3,0.8023952095808383,0.12574850299401197
2018-03-21,167,114,2,8,10,0.6826347305389222,0.04790419161676647
2018-03-22,168,95,1,12,18,0.5654761904761905,0.07142857142857142
2018-03-23,168,39,1,3,0,0.23214285714285715,0.017857142857142856
2018-03-26,168,24,5,7,0,0.14285714285714285,0.041666666666666664
2018-03-27,169,39,15,34,5,0.23076923076923078,0.20118343195266272
2018-03-28,169,42,5,17,4,0.2485207100591716,0.10059171597633136
2018-03-29,169,46,5,21,3,0.27218934911242604,0.1242603550295858
2018-03-30,169,71,26,52,52,0.42011834319526625,0.3076923076923077
2018-04-02,169,88,17,35,47,0.5207100591715976,0.20710059171597633
2018-04-03,169,90,7,23,5,0.5325443786982249,0.13609467455621302
2018-04-04,169,86,2,6,9,0.5088757396449705,0.03550295857988166
2018-04-09,169,80,4,13,5,0.47337278106508873,0.07692307692307693
2018-04-10,169,78,12,21,5,0.46153846153846156,0.1242603550295858
2018-04-11,169,84,15,29,16,0.4970414201183432,0.17159763313609466
2018-04-12,169,81,4,16,12,0.47928994082840237,0.09467455621301775
2018-04-13,169,81,8,11,15,0.47928994082840237,0.0650887573964497
2018-04-16,169,79,8,16,7,0.46745562130177515,0.09467455621301775
2018-04-17,169,52,2,8,7,0.3076923076923077,0.047337278106508875
2018-04-18,169,67,19,37,12,0.39644970414201186,0.21893491124260356
2018-04-19,170,70,5,25,14,0.4117647058823529,0.14705882352941177
2018-04-20,169,59,3,12,3,0.34911242603550297,0.07100591715976332
2018-04-23,169,52,2,6,1,0.3076923076923077,0.03550295857988166
2018-04-24,169,65,13,38,18,0.38461538461538464,0.22485207100591717
2018-04-25,169,75,11,24,20,0.4437869822485207,0.14201183431952663
2018-04-26,168,66,3,11,2,0.39285714285714285,0.06547619047619048
2018-04-27,169,62,8,4,13,0.3668639053254438,0.023668639053254437
2018-05-02,168,58,7,12,16,0.34523809523809523,0.07142857142857142
2018-05-03,168,62,8,22,5,0.36904761904761907,0.13095238095238096
2018-05-04,167,67,10,12,1,0.40119760479041916,0.0718562874251497
2018-05-07,167,81,15,34,23,0.48502994011976047,0.20359281437125748
2018-05-08,168,101,20,57,35,0.6011904761904762,0.3392857142857143
2018-05-09,168,109,11,35,20,0.6488095238095238,0.20833333333333334
2018-05-10,168,117,10,34,15,0.6964285714285714,0.20238095238095238
2018-05-11,169,117,7,21,4,0.6923076923076923,0.1242603550295858
2018-05-14,170,115,3,37,2,0.6764705882352942,0.21764705882352942
2018-05-15,170,116,2,34,0,0.6823529411764706,0.2
2018-05-16,171,111,1,18,1,0.6491228070175439,0.10526315789473684
2018-05-17,171,105,2,18,5,0.6140350877192983,0.10526315789473684
2018-05-18,171,105,2,22,8,0.6140350877192983,0.1286549707602339
2018-05-21,170,115,11,45,28,0.6764705882352942,0.2647058823529412
2018-05-22,170,123,11,44,17,0.7235294117647059,0.25882352941176473
2018-05-23,170,120,3,16,6,0.7058823529411765,0.09411764705882353
2018-05-24,171,104,1,9,7,0.6081871345029239,0.05263157894736842
2018-05-25,171,83,1,7,2,0.4853801169590643,0.04093567251461988
2018-05-28,172,64,4,10,1,0.37209302325581395,0.05813953488372093
2018-05-29,172,50,1,4,0,0.29069767441860467,0.023255813953488372
2018-05-30,172,23,0,0,0,0.13372093023255813,0.0
2018-05-31,171,18,3,9,3,0.10526315789473684,0.05263157894736842
2018-06-01,171,14,1,3,1,0.08187134502923976,0.017543859649122806
2018-06-04,172,16,4,8,0,0.09302325581395349,0.046511627906976744
2018-06-05,172,28,12,57,10,0.16279069767441862,0.3313953488372093
2018-06-06,172,38,10,24,31,0.22093023255813954,0.13953488372093023
2018-06-07,172,46,9,11,20,0.26744186046511625,0.06395348837209303
2018-06-08,172,43,3,6,20,0.25,0.03488372093023256
2018-06-11,172,44,7,5,15,0.2558139534883721,0.029069767441860465
2018-06-12,173,55,11,12,1,0.3179190751445087,0.06936416184971098
2018-06-13,173,50,2,8,4,0.28901734104046245,0.046242774566473986
2018-06-14,172,49,6,9,4,0.28488372093023256,0.05232558139534884
2018-06-15,171,44,3,8,10,0.2573099415204678,0.04678362573099415
2018-06-19,171,20,1,2,1,0.11695906432748537,0.011695906432748537
2018-06-20,172,15,0,1,0,0.0872093023255814,0.005813953488372093
2018-06-21,173,10,0,1,2,0.057803468208092484,0.005780346820809248
2018-06-22,173,10,2,4,0,0.057803468208092484,0.023121387283236993
2018-06-25,174,7,1,8,1,0.040229885057471264,0.04597701149425287
2018-06-26,174,10,4,16,6,0.05747126436781609,0.09195402298850575
2018-06-27,174,21,11,9,12,0.1206896551724138,0.05172413793103448
2018-06-28,174,28,7,7,26,0.16091954022988506,0.040229885057471264
2018-06-29,174,58,30,70,49,0.3333333333333333,0.40229885057471265
2018-07-02,174,81,24,14,18,0.46551724137931033,0.08045977011494253
2018-07-03,174,114,33,54,4,0.6551724137931034,0.3103448275862069
2018-07-04,174,118,7,11,6,0.6781609195402298,0.06321839080459771
2018-07-05,174,106,0,3,8,0.6091954022988506,0.017241379310344827
2018-07-06,174,105,2,5,1,0.603448275862069,0.028735632183908046
2018-07-09,175,121,16,44,14,0.6914285714285714,0.25142857142857145
2018-07-10,175,139,18,27,6,0.7942857142857143,0.15428571428571428
2018-07-11,174,142,6,13,14,0.8160919540229885,0.07471264367816093
2018-07-12,174,154,12,50,45,0.8850574712643678,0.28735632183908044
2018-07-13,174,163,10,27,22,0.9367816091954023,0.15517241379310345
2018-07-16,175,166,2,25,5,0.9485714285714286,0.14285714285714285
2018-07-17,176,169,3,20,2,0.9602272727272727,0.11363636363636363
2018-07-18,177,170,1,17,16,0.96045197740113,0.096045197740113
2018-07-19,177,167,0,13,2,0.943502824858757,0.07344632768361582
2018-07-20,177,164,1,32,14,0.9265536723163842,0.1807909604519774
2018-07-23,177,164,1,58,18,0.9265536723163842,0.327683615819209
2018-07-24,177,164,4,72,18,0.9265536723163842,0.4067796610169492
2018-07-25,177,161,0,69,9,0.9096045197740112,0.3898305084745763
2018-07-26,177,157,1,17,8,0.8870056497175142,0.096045197740113
2018-07-27,177,147,0,6,1,0.8305084745762712,0.03389830508474576
2018-07-30,177,131,0,7,1,0.7401129943502824,0.03954802259887006
2018-07-31,177,119,0,5,1,0.672316384180791,0.02824858757062147
2018-08-01,178,104,0,4,0,0.5842696629213483,0.02247191011235955
2018-08-02,178,69,0,3,0,0.38764044943820225,0.016853932584269662
2018-08-03,178,36,0,1,1,0.20224719101123595,0.0056179775280898875
2018-08-06,178,16,1,3,2,0.0898876404494382,0.016853932584269662
2018-08-07,178,21,6,24,3,0.11797752808988764,0.1348314606741573
2018-08-08,178,18,1,7,1,0.10112359550561797,0.03932584269662921
2018-08-09,178,34,16,51,15,0.19101123595505617,0.28651685393258425
2018-08-10,178,48,14,36,26,0.2696629213483146,0.20224719101123595
2018-08-13,178,69,25,26,70,0.38764044943820225,0.14606741573033707
2018-08-14,178,93,25,10,22,0.5224719101123596,0.056179775280898875
2018-08-15,178,85,7,2,20,0.47752808988764045,0.011235955056179775
2018-08-16,178,75,5,6,2,0.42134831460674155,0.033707865168539325
2018-08-17,178,52,0,4,0,0.29213483146067415,0.02247191011235955
2018-08-20,178,55,7,16,1,0.3089887640449438,0.0898876404494382
2018-08-21,178,67,14,17,3,0.37640449438202245,0.09550561797752809
2018-08-22,178,68,9,8,9,0.38202247191011235,0.0449438202247191
2018-08-23,178,88,22,13,18,0.4943820224719101,0.07303370786516854
2018-08-24,179,103,19,10,37,0.5754189944134078,0.055865921787709494
2018-08-27,179,133,30,38,31,0.7430167597765364,0.2122905027932961
2018-08-28,179,150,18,27,13,0.8379888268156425,0.15083798882681565
2018-08-29,179,155,6,20,17,0.8659217877094972,0.11173184357541899
2018-08-30,179,146,1,8,6,0.8156424581005587,0.0446927374301676
2018-08-31,179,132,0,2,4,0.7374301675977654,0.0111731843575419
2018-09-03,179,120,1,9,2,0.6703910614525139,0.05027932960893855
2018-09-04,179,120,6,22,6,0.6703910614525139,0.12290502793296089
2018-09-05,179,106,0,9,4,0.5921787709497207,0.05027932960893855
2018-09-06,179,96,5,11,10,0.5363128491620112,0.061452513966480445
2018-09-07,179,84,4,8,12,0.4692737430167598,0.0446927374301676
2018-09-10,178,51,0,4,1,0.28651685393258425,0.02247191011235955
2018-09-11,178,40,2,5,2,0.2247191011235955,0.028089887640449437
2018-09-12,178,41,8,10,3,0.2303370786516854,0.056179775280898875
2018-09-13,178,50,11,16,5,0.2808988764044944,0.0898876404494382
2018-09-14,178,52,6,9,1,0.29213483146067415,0.05056179775280899
2018-09-17,178,45,2,1,11,0.25280898876404495,0.0056179775280898875
2018-09-18,178,56,12,21,24,0.3146067415730337,0.11797752808988764
2018-09-19,178,80,24,42,22,0.449438202247191,0.23595505617977527
2018-09-20,179,89,10,19,8,0.4972067039106145,0.10614525139664804
2018-09-21,179,115,27,58,26,0.6424581005586593,0.3240223463687151
2018-09-25,179,124,10,33,44,0.6927374301675978,0.18435754189944134
2018-09-26,179,144,21,41,21,0.8044692737430168,0.22905027932960895
2018-09-27,179,142,2,20,2,0.7932960893854749,0.11173184357541899
2018-09-28,179,138,2,32,5,0.770949720670391,0.1787709497206704
2018-10-08,179,110,0,4,0,0.6145251396648045,0.0223463687150838
2018-10-09,179,88,1,7,4,0.49162011173184356,0.03910614525139665
2018-10-10,179,77,3,9,2,0.4301675977653631,0.05027932960893855
2018-10-11,179,21,0,0,1,0.11731843575418995,0.0
2018-10-12,179,16,2,2,1,0.0893854748603352,0.0111731843575419
2018-10-15,179,12,2,2,2,0.0670391061452514,0.0111731843575419
2018-10-16,179,11,2,0,0,0.061452513966480445,0.0
2018-10-17,179,12,2,8,1,0.0670391061452514,0.0446927374301676
2018-10-18,179,9,1,1,8,0.05027932960893855,0.00558659217877095
2018-10-19,178,15,6,33,5,0.08426966292134831,0.1853932584269663
2018-10-22,178,35,20,142,17,0.19662921348314608,0.797752808988764
2018-10-23,178,59,24,22,40,0.33146067415730335,0.12359550561797752
2018-10-24,178,86,27,9,33,0.48314606741573035,0.05056179775280899
2018-10-25,177,102,17,20,49,0.576271186440678,0.11299435028248588
2018-10-26,178,127,25,9,7,0.7134831460674157,0.05056179775280899
2018-10-29,179,120,5,6,0,0.6703910614525139,0.0335195530726257
2018-10-30,179,128,13,14,3,0.7150837988826816,0.0782122905027933
2018-10-31,180,145,16,31,14,0.8055555555555556,0.17222222222222222
2018-11-01,180,159,13,42,30,0.8833333333333333,0.23333333333333334
2018-11-02,180,170,11,137,42,0.9444444444444444,0.7611111111111111
2018-11-05,180,175,5,47,12,0.9722222222222222,0.2611111111111111
2018-11-06,180,174,1,35,10,0.9666666666666667,0.19444444444444445
2018-11-07,180,175,1,19,0,0.9722222222222222,0.10555555555555556
2018-11-08,180,174,0,10,0,0.9666666666666667,0.05555555555555555
2018-11-09,180,172,2,10,1,0.9555555555555556,0.05555555555555555
2018-11-12,179,168,1,94,17,0.9385474860335196,0.5251396648044693
2018-11-13,179,167,0,102,14,0.9329608938547486,0.5698324022346368
2018-11-14,179,168,3,60,8,0.9385474860335196,0.33519553072625696
2018-11-15,179,168,0,108,10,0.9385474860335196,0.6033519553072626
2018-11-16,179,167,1,94,9,0.9329608938547486,0.5251396648044693
2018-11-19,179,167,3,69,3,0.9329608938547486,0.3854748603351955
2018-11-20,180,161,1,16,0,0.8944444444444445,0.08888888888888889
2018-11-21,180,155,1,17,1,0.8611111111111112,0.09444444444444444
2018-11-22,180,149,0,18,0,0.8277777777777777,0.1
2018-11-23,180,116,0,2,0,0.6444444444444445,0.011111111111111112
2018-11-26,180,70,0,3,0,0.3888888888888889,0.016666666666666666
2018-11-27,180,54,1,10,3,0.3,0.05555555555555555
2018-11-28,181,53,2,19,8,0.292817679558011,0.10497237569060773
2018-11-29,181,41,2,4,2,0.2265193370165746,0.022099447513812154
2018-11-30,181,40,5,8,16,0.22099447513812154,0.04419889502762431
2018-12-03,182,75,34,85,68,0.41208791208791207,0.46703296703296704
2018-12-04,182,117,42,41,33,0.6428571428571429,0.22527472527472528
2018-12-05,182,128,14,20,8,0.7032967032967034,0.10989010989010989
2018-12-06,182,102,1,6,13,0.5604395604395604,0.03296703296703297
2018-12-07,182,88,1,7,11,0.4835164835164835,0.038461538461538464
2018-12-10,182,68,2,9,0,0.37362637362637363,0.04945054945054945
2018-12-11,181,66,5,12,2,0.36464088397790057,0.06629834254143646
2018-12-12,182,67,5,9,2,0.36813186813186816,0.04945054945054945
2018-12-13,182,81,16,33,44,0.44505494505494503,0.1813186813186813
2018-12-14,182,70,4,5,5,0.38461538461538464,0.027472527472527472
2018-12-17,182,55,0,5,4,0.3021978021978022,0.027472527472527472
2018-12-18,182,41,0,3,5,0.22527472527472528,0.016483516483516484
2018-12-19,182,29,1,1,1,0.15934065934065933,0.005494505494505495
2018-12-20,182,32,6,6,1,0.17582417582417584,0.03296703296703297
2018-12-21,182,24,1,4,4,0.13186813186813187,0.02197802197802198
2018-12-24,182,30,9,19,11,0.16483516483516483,0.1043956043956044
2018-12-25,181,33,7,22,12,0.18232044198895028,0.12154696132596685
2018-12-26,181,36,4,6,14,0.19889502762430938,0.03314917127071823
2018-12-27,181,37,4,5,4,0.20441988950276244,0.027624309392265192
2018-12-28,181,35,3,6,5,0.19337016574585636,0.03314917127071823
2019-01-02,181,32,0,9,0,0.17679558011049723,0.049723756906077346
2019-01-03,181,29,2,7,3,0.16022099447513813,0.03867403314917127
2019-01-04,181,39,15,44,18,0.2154696132596685,0.2430939226519337
2019-01-07,182,84,45,81,37,0.46153846153846156,0.44505494505494503
2019-01-08,182,116,33,39,25,0.6373626373626373,0.21428571428571427
2019-01-09,182,129,15,34,37,0.7087912087912088,0.18681318681318682
2019-01-10,183,140,12,30,28,0.7650273224043715,0.16393442622950818
2019-01-11,183,148,9,43,7,0.8087431693989071,0.23497267759562843
2019-01-14,183,148,6,25,1,0.8087431693989071,0.1366120218579235
2019-01-15,183,159,13,64,6,0.8688524590163934,0.34972677595628415
2019-01-16,183,160,5,46,3,0.8743169398907104,0.25136612021857924
2019-01-17,183,154,1,12,11,0.8415300546448088,0.06557377049180328
2019-01-18,183,148,2,47,7,0.8087431693989071,0.2568306010928962
2019-01-21,183,148,3,54,12,0.8087431693989071,0.29508196721311475
2019-01-22,183,138,2,11,4,0.7540983606557377,0.060109289617486336
2019-01-23,183,135,7,22,11,0.7377049180327869,0.12021857923497267
2019-01-24,183,135,5,35,19,0.7377049180327869,0.1912568306010929
2019-01-25,183,133,6,39,13,0.726775956284153,0.21311475409836064
2019-01-28,183,122,1,33,2,0.6666666666666666,0.18032786885245902
2019-01-29,183,96,1,15,5,0.5245901639344263,0.08196721311475409
2019-01-30,184,81,1,6,3,0.44021739130434784,0.03260869565217391
2019-01-31,184,70,1,18,3,0.3804347826086957,0.09782608695652174
2019-02-01,184,81,13,62,12,0.44021739130434784,0.33695652173913043
2019-02-11,184,108,27,114,14,0.5869565217391305,0.6195652173913043
2019-02-12,184,131,23,122,32,0.7119565217391305,0.6630434782608695
2019-02-13,184,167,36,150,46,0.907608695652174,0.8152173913043478
2019-02-14,184,172,5,120,23,0.9347826086956522,0.6521739130434783
2019-02-15,184,175,4,47,0,0.9510869565217391,0.2554347826086957
2019-02-18,184,181,6,161,1,0.9836956521739131,0.875
2019-02-19,185,181,1,125,0,0.9783783783783784,0.6756756756756757
2019-02-20,184,179,0,89,1,0.9728260869565217,0.483695652173913
2019-02-21,185,178,0,68,0,0.9621621621621622,0.3675675675675676
2019-02-22,185,178,1,121,4,0.9621621621621622,0.654054054054054
2019-02-25,185,182,4,183,2,0.9837837837837838,0.9891891891891892
2019-02-26,185,181,1,144,0,0.9783783783783784,0.7783783783783784
2019-02-27,185,180,0,75,0,0.972972972972973,0.40540540540540543
2019-02-28,185,175,0,58,1,0.9459459459459459,0.31351351351351353
2019-03-01,185,175,1,60,2,0.9459459459459459,0.32432432432432434
2019-03-04,185,174,0,91,0,0.9405405405405406,0.4918918918918919
2019-03-05,185,176,2,143,13,0.9513513513513514,0.772972972972973
2019-03-06,185,176,1,136,14,0.9513513513513514,0.7351351351351352
2019-03-07,185,169,1,109,3,0.9135135135135135,0.5891891891891892
2019-03-08,185,147,0,38,0,0.7945945945945946,0.20540540540540542
2019-03-11,186,143,7,82,1,0.7688172043010753,0.44086021505376344
2019-03-12,186,139,5,94,2,0.7473118279569892,0.5053763440860215
2019-03-13,186,118,1,24,1,0.6344086021505376,0.12903225806451613
2019-03-14,186,99,4,7,4,0.532258064516129,0.03763440860215054
2019-03-15,186,69,0,15,22,0.3709677419354839,0.08064516129032258
2019-03-18,186,67,8,40,16,0.3602150537634409,0.21505376344086022
2019-03-19,186,61,6,26,7,0.3279569892473118,0.13978494623655913
2019-03-20,186,50,1,13,12,0.26881720430107525,0.06989247311827956
2019-03-21,186,51,4,15,28,0.27419354838709675,0.08064516129032258
2019-03-22,186,55,8,29,36,0.2956989247311828,0.15591397849462366
2019-03-25,186,37,2,19,2,0.1989247311827957,0.10215053763440861
2019-03-26,186,24,0,2,2,0.12903225806451613,0.010752688172043012
2019-03-27,186,22,2,16,2,0.11827956989247312,0.08602150537634409
2019-03-28,186,18,2,10,2,0.0967741935483871,0.053763440860215055
2019-03-29,186,21,5,40,10,0.11290322580645161,0.21505376344086022
2019-04-01,186,41,20,86,38,0.22043010752688172,0.46236559139784944
2019-04-02,186,66,26,70,49,0.3548387096774194,0.3763440860215054
2019-04-03,184,89,23,70,26,0.483695652173913,0.3804347826086957
2019-04-04,186,91,7,48,21,0.489247311827957,0.25806451612903225
2019-04-08,186,91,4,42,3,0.489247311827957,0.22580645161290322
2019-04-09,185,82,1,33,0,0.44324324324324327,0.1783783783783784
2019-04-10,185,72,4,27,3,0.3891891891891892,0.14594594594594595
2019-04-11,185,52,1,3,0,0.2810810810810811,0.016216216216216217
2019-04-12,185,38,2,5,2,0.20540540540540542,0.02702702702702703
2019-04-15,185,22,2,10,4,0.11891891891891893,0.05405405405405406
2019-04-16,185,25,7,31,11,0.13513513513513514,0.16756756756756758
2019-04-17,185,30,7,26,17,0.16216216216216217,0.14054054054054055
2019-04-18,185,39,13,18,28,0.21081081081081082,0.0972972972972973
2019-04-19,185,44,7,19,35,0.23783783783783785,0.10270270270270271
2019-04-22,186,36,2,6,15,0.1935483870967742,0.03225806451612903
2019-04-23,185,26,1,5,3,0.14054054054054055,0.02702702702702703
2019-04-24,186,31,7,13,2,0.16666666666666666,0.06989247311827956
2019-04-25,186,19,2,5,1,0.10215053763440861,0.026881720430107527
2019-04-26,186,14,4,11,1,0.07526881720430108,0.05913978494623656
2019-04-29,186,10,1,7,3,0.053763440860215055,0.03763440860215054
2019-04-30,185,6,0,2,4,0.032432432432432434,0.010810810810810811
2019-05-06,185,2,0,0,0,0.010810810810810811,0.0
2019-05-07,185,2,0,1,0,0.010810810810810811,0.005405405405405406
2019-05-08,184,2,0,4,0,0.010869565217391304,0.021739130434782608
2019-05-09,184,3,1,3,2,0.016304347826086956,0.016304347826086956
2019-05-10,183,7,4,63,0,0.03825136612021858,0.3442622950819672
2019-05-13,184,9,2,11,13,0.04891304347826087,0.059782608695652176
2019-05-14,184,8,1,1,22,0.043478260869565216,0.005434782608695652
2019-05-15,184,12,4,13,46,0.06521739130434782,0.07065217391304347
2019-05-16,184,30,19,14,62,0.16304347826086957,0.07608695652173914
2019-05-17,185,31,4,8,0,0.16756756756756758,0.043243243243243246
2019-05-20,186,50,21,30,12,0.26881720430107525,0.16129032258064516
2019-05-21,186,71,23,37,25,0.3817204301075269,0.1989247311827957
2019-05-22,187,86,16,32,6,0.45989304812834225,0.1711229946524064
2019-05-23,187,90,7,11,0,0.48128342245989303,0.058823529411764705
2019-05-24,187,96,10,4,7,0.5133689839572193,0.0213903743315508
2019-05-27,187,109,13,22,22,0.5828877005347594,0.11764705882352941
2019-05-28,187,130,21,16,5,0.6951871657754011,0.0855614973262032
2019-05-29,187,147,18,28,11,0.786096256684492,0.1497326203208556
2019-05-30,186,152,7,21,32,0.8172043010752689,0.11290322580645161
2019-05-31,185,154,5,30,36,0.8324324324324325,0.16216216216216217
2019-06-03,185,158,9,19,3,0.8540540540540541,0.10270270270270271
2019-06-04,185,152,0,11,4,0.8216216216216217,0.05945945945945946
2019-06-05,185,143,0,12,7,0.772972972972973,0.06486486486486487
2019-06-06,185,115,0,2,1,0.6216216216216216,0.010810810810810811
2019-06-10,185,120,7,24,7,0.6486486486486487,0.12972972972972974
2019-06-11,186,140,20,81,24,0.7526881720430108,0.43548387096774194
2019-06-12,186,151,12,31,27,0.8118279569892473,0.16666666666666666
2019-06-13,186,152,2,17,29,0.8172043010752689,0.0913978494623656
2019-06-14,186,153,5,10,30,0.8225806451612904,0.053763440860215055
2019-06-17,187,144,2,8,4,0.7700534759358288,0.0427807486631016
2019-06-18,188,143,1,8,1,0.7606382978723404,0.0425531914893617
2019-06-19,188,146,5,35,11,0.776595744680851,0.18617021276595744
2019-06-20,187,151,11,73,26,0.8074866310160428,0.39037433155080214
2019-06-21,187,156,6,120,38,0.8342245989304813,0.6417112299465241
2019-06-24,189,166,11,65,17,0.8783068783068783,0.3439153439153439
2019-06-25,190,164,1,18,5,0.8631578947368421,0.09473684210526316
2019-06-26,189,161,1,22,5,0.8518518518518519,0.1164021164021164
2019-06-27,189,163,4,53,5,0.8624338624338624,0.2804232804232804
2019-06-28,190,161,0,33,1,0.8473684210526315,0.1736842105263158
2019-07-01,189,168,8,128,28,0.8888888888888888,0.6772486772486772
2019-07-02,189,167,0,103,12,0.8835978835978836,0.544973544973545
2019-07-03,189,166,1,27,5,0.8783068783068783,0.14285714285714285
2019-07-04,189,160,0,12,1,0.8465608465608465,0.06349206349206349
2019-07-05,189,151,0,12,4,0.798941798941799,0.06349206349206349
2019-07-08,189,116,0,4,0,0.6137566137566137,0.021164021164021163
2019-07-09,189,95,3,12,4,0.5026455026455027,0.06349206349206349
2019-07-10,189,73,1,12,4,0.3862433862433862,0.06349206349206349
2019-07-11,189,59,1,9,7,0.31216931216931215,0.047619047619047616
2019-07-12,189,53,3,21,6,0.2804232804232804,0.1111111111111111
2019-07-15,190,57,8,40,31,0.3,0.21052631578947367
2019-07-16,190,63,10,22,34,0.33157894736842103,0.11578947368421053
2019-07-17,192,77,16,32,32,0.4010416666666667,0.16666666666666666
2019-07-18,192,65,1,11,8,0.3385416666666667,0.057291666666666664
2019-07-19,192,61,4,10,8,0.3177083333333333,0.052083333333333336
2019-07-22,193,48,1,5,2,0.24870466321243523,0.025906735751295335
2019-07-23,193,50,6,27,5,0.25906735751295334,0.13989637305699482
2019-07-24,193,67,19,46,13,0.3471502590673575,0.23834196891191708
2019-07-25,192,91,24,64,37,0.4739583333333333,0.3333333333333333
2019-07-26,193,103,14,50,11,0.533678756476684,0.25906735751295334
2019-07-29,193,114,16,41,33,0.5906735751295337,0.21243523316062177
2019-07-30,193,120,8,27,13,0.6217616580310881,0.13989637305699482
2019-07-31,193,123,10,23,5,0.6373056994818653,0.11917098445595854
2019-08-01,193,112,5,33,5,0.5803108808290155,0.17098445595854922
2019-08-02,193,98,5,17,2,0.5077720207253886,0.08808290155440414
2019-08-05,193,76,2,16,9,0.39378238341968913,0.08290155440414508
2019-08-06,192,55,1,12,1,0.2864583333333333,0.0625
2019-08-07,192,41,0,14,3,0.21354166666666666,0.07291666666666667
2019-08-08,192,41,1,14,1,0.21354166666666666,0.07291666666666667
2019-08-09,192,36,3,13,1,0.1875,0.06770833333333333
2019-08-12,192,48,12,49,14,0.25,0.2552083333333333
2019-08-13,192,52,9,28,19,0.2708333333333333,0.14583333333333334
2019-08-14,192,69,17,25,38,0.359375,0.13020833333333334
2019-08-15,192,78,13,33,24,0.40625,0.171875
2019-08-16,192,91,16,32,39,0.4739583333333333,0.16666666666666666
2019-08-19,194,155,62,129,18,0.7989690721649485,0.6649484536082474
2019-08-20,194,175,20,111,17,0.9020618556701031,0.5721649484536082
2019-08-21,194,181,7,79,6,0.9329896907216495,0.4072164948453608
2019-08-22,194,178,2,62,9,0.9175257731958762,0.31958762886597936
2019-08-23,195,170,2,57,1,0.8717948717948718,0.2923076923076923
2019-08-26,200,160,1,28,1,0.8,0.14
2019-08-27,200,157,2,75,3,0.785,0.375
2019-08-28,200,156,1,40,4,0.78,0.2
2019-08-29,199,154,2,28,7,0.7738693467336684,0.1407035175879397
2019-08-30,201,140,0,28,6,0.6965174129353234,0.13930348258706468
2019-09-02,202,146,7,63,28,0.7227722772277227,0.3118811881188119
2019-09-03,202,152,9,73,19,0.7524752475247525,0.3613861386138614
2019-09-04,202,159,9,86,28,0.7871287128712872,0.42574257425742573
2019-09-05,203,171,11,111,26,0.8423645320197044,0.5467980295566502
2019-09-06,203,175,6,111,9,0.8620689655172413,0.5467980295566502
2019-09-09,203,189,14,167,7,0.9310344827586207,0.8226600985221675
2019-09-10,203,186,1,103,2,0.916256157635468,0.5073891625615764
2019-09-11,203,182,2,46,0,0.896551724137931,0.22660098522167488
2019-09-12,203,175,0,46,0,0.8620689655172413,0.22660098522167488
2019-09-16,203,170,1,65,3,0.8374384236453202,0.32019704433497537
2019-09-17,203,151,1,11,1,0.7438423645320197,0.054187192118226604
2019-09-18,203,117,0,18,1,0.5763546798029556,0.08866995073891626
2019-09-19,203,109,5,39,18,0.5369458128078818,0.1921182266009852
2019-09-20,203,98,7,36,16,0.4827586206896552,0.17733990147783252
2019-09-23,204,84,5,37,5,0.4117647058823529,0.18137254901960784
2019-09-24,204,85,7,37,27,0.4166666666666667,0.18137254901960784
2019-09-25,204,67,4,21,10,0.3284313725490196,0.10294117647058823
2019-09-26,204,38,2,5,1,0.18627450980392157,0.024509803921568627
2019-09-27,203,31,1,9,0,0.15270935960591134,0.04433497536945813
2019-09-30,204,20,0,2,1,0.09803921568627451,0.00980392156862745
2019-10-08,205,14,1,6,1,0.06829268292682927,0.02926829268292683
2019-10-09,204,12,2,10,2,0.058823529411764705,0.049019607843137254
2019-10-10,205,20,7,23,22,0.0975609756097561,0.11219512195121951
2019-10-11,205,19,3,25,18,0.09268292682926829,0.12195121951219512
2019-10-14,205,35,16,53,79,0.17073170731707318,0.25853658536585367
2019-10-15,205,50,19,13,21,0.24390243902439024,0.06341463414634146
2019-10-16,205,54,8,21,11,0.2634146341463415,0.1024390243902439
2019-10-17,205,58,6,23,0,0.28292682926829266,0.11219512195121951
2019-10-18,205,45,4,12,0,0.21951219512195122,0.05853658536585366
2019-10-21,206,40,1,7,0,0.1941747572815534,0.03398058252427184
2019-10-22,206,37,1,16,4,0.1796116504854369,0.07766990291262135
2019-10-23,206,27,1,15,4,0.13106796116504854,0.07281553398058252
2019-10-24,206,29,5,10,4,0.1407766990291262,0.04854368932038835
2019-10-25,206,38,11,12,18,0.18446601941747573,0.05825242718446602
2019-10-28,206,75,37,61,77,0.3640776699029126,0.2961165048543689
2019-10-29,206,86,20,15,5,0.4174757281553398,0.07281553398058252
2019-10-30,205,76,6,17,16,0.37073170731707317,0.08292682926829269
2019-10-31,207,72,7,15,10,0.34782608695652173,0.07246376811594203
2019-11-01,207,79,15,33,5,0.38164251207729466,0.15942028985507245
2019-11-04,207,102,25,67,10,0.4927536231884058,0.32367149758454106
2019-11-05,207,119,20,64,15,0.5748792270531401,0.30917874396135264
2019-11-06,207,116,5,39,20,0.5603864734299517,0.18840579710144928
2019-11-07,207,127,15,31,14,0.6135265700483091,0.1497584541062802
2019-11-08,207,129,5,27,10,0.6231884057971014,0.13043478260869565
2019-11-11,207,103,3,5,2,0.4975845410628019,0.024154589371980676
2019-11-12,207,71,2,8,1,0.34299516908212563,0.03864734299516908
2019-11-13,207,62,5,19,11,0.2995169082125604,0.09178743961352658
2019-11-14,206,70,10,42,7,0.33980582524271846,0.20388349514563106
2019-11-15,206,64,6,17,9,0.3106796116504854,0.0825242718446602
2019-11-18,207,69,10,15,11,0.3333333333333333,0.07246376811594203
2019-11-19,207,100,32,64,38,0.4830917874396135,0.30917874396135264
2019-11-20,208,118,20,27,22,0.5673076923076923,0.12980769230769232
2019-11-21,209,117,6,9,11,0.5598086124401914,0.0430622009569378
2019-11-22,209,112,12,8,24,0.5358851674641149,0.03827751196172249
2019-11-25,208,86,6,25,6,0.41346153846153844,0.1201923076923077
2019-11-26,208,85,10,18,2,0.40865384615384615,0.08653846153846154
2019-11-27,208,87,8,22,8,0.4182692307692308,0.10576923076923077
2019-11-28,208,88,4,17,12,0.4230769230769231,0.08173076923076923
2019-11-29,208,92,10,23,15,0.4423076923076923,0.11057692307692307
2019-12-02,208,100,9,29,22,0.4807692307692308,0.13942307692307693
2019-12-03,208,113,16,32,32,0.5432692307692307,0.15384615384615385
2019-12-04,208,130,19,37,15,0.625,0.1778846153846154
2019-12-05,208,149,20,68,28,0.7163461538461539,0.3269230769230769
2019-12-06,208,161,13,92,18,0.7740384615384616,0.4423076923076923
2019-12-09,209,173,12,92,18,0.8277511961722488,0.44019138755980863
2019-12-10,209,180,7,105,16,0.861244019138756,0.5023923444976076
2019-12-11,209,180,3,57,9,0.861244019138756,0.2727272727272727
2019-12-12,207,176,3,60,1,0.8502415458937198,0.2898550724637681
2019-12-13,209,181,5,117,13,0.8660287081339713,0.5598086124401914
2019-12-16,210,190,8,165,8,0.9047619047619048,0.7857142857142857
2019-12-17,210,197,8,168,8,0.9380952380952381,0.8
2019-12-18,209,200,4,113,6,0.9569377990430622,0.5406698564593302
2019-12-19,209,199,2,79,5,0.9521531100478469,0.37799043062200954
2019-12-20,209,191,0,30,1,0.9138755980861244,0.14354066985645933
2019-12-23,211,170,1,13,0,0.8056872037914692,0.061611374407582936
2019-12-24,211,156,2,45,3,0.7393364928909952,0.2132701421800948
2019-12-25,212,158,9,81,13,0.7452830188679245,0.38207547169811323
2019-12-26,213,160,6,87,11,0.7511737089201878,0.4084507042253521
2019-12-27,213,150,2,49,14,0.704225352112676,0.2300469483568075
2019-12-30,213,146,7,66,38,0.6854460093896714,0.30985915492957744
2019-12-31,212,143,3,48,13,0.6745283018867925,0.22641509433962265
2020-01-02,213,159,15,96,11,0.7464788732394366,0.4507042253521127
2020-01-03,213,168,15,70,9,0.7887323943661971,0.3286384976525822
2020-01-06,213,170,6,92,17,0.7981220657276995,0.431924882629108
2020-01-07,213,172,4,126,14,0.8075117370892019,0.5915492957746479
2020-01-08,212,165,2,34,1,0.7783018867924528,0.16037735849056603
2020-01-09,212,166,6,94,3,0.7830188679245284,0.44339622641509435
2020-01-10,213,164,6,67,2,0.7699530516431925,0.3145539906103286
2020-01-13,213,168,6,123,17,0.7887323943661971,0.5774647887323944
2020-01-14,213,172,7,77,7,0.8075117370892019,0.3615023474178404
2020-01-15,213,162,8,49,10,0.7605633802816901,0.2300469483568075
2020-01-16,213,150,3,54,2,0.704225352112676,0.2535211267605634
2020-01-17,213,134,4,49,4,0.6291079812206573,0.2300469483568075
2020-01-20,213,135,9,85,5,0.6338028169014085,0.39906103286384975
2020-01-21,215,114,0,51,6,0.5302325581395348,0.2372093023255814
2020-01-22,216,107,2,79,5,0.49537037037037035,0.36574074074074076
2020-01-23,216,77,1,26,2,0.35648148148148145,0.12037037037037036
2020-02-03,216,50,0,3,0,0.23148148148148148,0.013888888888888888
2020-02-04,217,39,1,10,0,0.17972350230414746,0.04608294930875576
2020-02-05,217,39,5,29,1,0.17972350230414746,0.1336405529953917
2020-02-06,218,45,6,50,4,0.20642201834862386,0.22935779816513763
2020-02-07,218,54,11,69,10,0.24770642201834864,0.3165137614678899
2020-02-10,218,59,8,67,25,0.2706422018348624,0.3073394495412844
2020-02-11,218,60,3,43,63,0.27522935779816515,0.19724770642201836
2020-02-12,218,76,18,67,69,0.3486238532110092,0.3073394495412844
2020-02-13,218,98,24,38,10,0.44954128440366975,0.1743119266055046
2020-02-14,548,282,23,71,2,0.5145985401459854,0.12956204379562045
2020-02-17,550,420,143,399,34,0.7636363636363637,0.7254545454545455
2020-02-18,550,488,70,336,10,0.8872727272727273,0.610909090909091
2020-02-19,550,495,17,205,8,0.9,0.37272727272727274
2020-02-20,550,502,13,301,19,0.9127272727272727,0.5472727272727272
2020-02-21,550,500,6,284,11,0.9090909090909091,0.5163636363636364
2020-02-24,550,493,7,242,2,0.8963636363636364,0.44
2020-02-25,550,491,6,186,5,0.8927272727272727,0.3381818181818182
2020-02-26,550,459,0,68,6,0.8345454545454546,0.12363636363636364
2020-02-27,550,431,4,59,4,0.7836363636363637,0.10727272727272727
2020-02-28,550,326,1,11,1,0.5927272727272728,0.02
2020-03-02,552,309,12,60,14,0.5597826086956522,0.10869565217391304
2020-03-03,553,313,19,70,18,0.566003616636528,0.12658227848101267
2020-03-04,552,317,16,79,42,0.5742753623188406,0.1431159420289855
2020-03-05,552,336,33,153,85,0.6086956521739131,0.27717391304347827
2020-03-06,553,334,12,47,138,0.6039783001808319,0.08499095840867993
2020-03-09,553,285,1,19,9,0.515370705244123,0.034358047016274866
2020-03-10,553,267,6,30,16,0.48282097649186256,0.054249547920433995
2020-03-11,553,235,2,29,7,0.42495479204339964,0.05244122965641953
2020-03-12,552,171,2,18,5,0.30978260869565216,0.03260869565217391
2020-03-13,555,117,8,44,11,0.21081081081081082,0.07927927927927927
2020-03-16,558,57,1,2,8,0.10215053763440861,0.0035842293906810036
2020-03-17,558,38,1,14,3,0.06810035842293907,0.025089605734767026
2020-03-18,559,30,7,9,8,0.05366726296958855,0.016100178890876567
2020-03-19,560,28,3,17,14,0.05,0.030357142857142857
2020-03-20,560,37,10,21,10,0.06607142857142857,0.0375
2020-03-23,560,28,2,8,8,0.05,0.014285714285714285
2020-03-24,561,35,10,38,29,0.062388591800356503,0.0677361853832442
2020-03-25,561,57,24,139,55,0.10160427807486631,0.24777183600713013
2020-03-26,561,90,36,39,86,0.16042780748663102,0.06951871657754011
2020-03-27,563,120,36,28,28,0.21314387211367672,0.0497335701598579
2020-03-30,563,150,41,31,124,0.2664298401420959,0.055062166962699825
2020-03-31,563,188,42,42,29,0.3339253996447602,0.07460035523978685
2020-04-01,564,214,33,20,1,0.37943262411347517,0.03546099290780142
2020-04-02,565,281,68,63,33,0.49734513274336284,0.11150442477876106
2020-04-03,565,318,42,33,26,0.5628318584070796,0.0584070796460177
2020-04-07,566,410,91,216,191,0.7243816254416962,0.38162544169611307
2020-04-08,567,461,50,117,95,0.8130511463844797,0.20634920634920634
2020-04-09,568,488,26,67,55,0.8591549295774648,0.11795774647887323
2020-04-10,568,487,8,43,3,0.8573943661971831,0.07570422535211267
2020-04-13,568,469,4,61,4,0.8257042253521126,0.1073943661971831
2020-04-14,568,478,14,144,10,0.8415492957746479,0.2535211267605634
2020-04-15,566,475,11,72,17,0.8392226148409894,0.127208480565371
2020-04-16,568,477,14,103,31,0.8397887323943662,0.1813380281690141
2020-04-17,568,492,18,90,56,0.8661971830985915,0.15845070422535212
2020-04-20,567,502,14,153,90,0.8853615520282186,0.2698412698412698
2020-04-21,567,492,6,60,8,0.8677248677248677,0.10582010582010581
2020-04-22,568,496,9,70,23,0.8732394366197183,0.12323943661971831
2020-04-23,567,497,18,72,23,0.8765432098765432,0.12698412698412698
2020-04-24,568,455,3,51,13,0.801056338028169,0.0897887323943662
2020-04-27,569,412,10,69,12,0.7240773286467487,0.12126537785588752
2020-04-28,569,343,8,82,33,0.6028119507908611,0.14411247803163443
2020-04-29,567,311,13,97,32,0.5485008818342152,0.1710758377425044
2020-04-30,568,349,56,221,74,0.6144366197183099,0.3890845070422535
2020-05-06,570,407,63,253,60,0.7140350877192982,0.443859649122807
2020-05-07,570,425,24,144,37,0.7456140350877193,0.25263157894736843
2020-05-08,570,451,26,204,97,0.7912280701754386,0.35789473684210527
2020-05-11,569,465,21,146,68,0.8172231985940246,0.2565905096660808
2020-05-12,570,465,13,119,9,0.8157894736842105,0.20877192982456141
2020-05-13,570,473,15,134,10,0.8298245614035088,0.23508771929824562
2020-05-14,571,449,3,65,12,0.7863397548161121,0.1138353765323993
2020-05-15,571,430,9,110,2,0.7530647985989493,0.19264448336252188
2020-05-18,571,413,20,120,24,0.723292469352014,0.21015761821366025
2020-05-19,570,421,21,162,37,0.7385964912280701,0.28421052631578947
2020-05-20,570,390,10,77,21,0.6842105263157895,0.13508771929824562
2020-05-21,571,322,8,49,16,0.563922942206655,0.08581436077057793
2020-05-22,571,235,2,20,6,0.4115586690017513,0.03502626970227671
2020-05-25,571,174,3,22,4,0.30472854640980734,0.03852889667250438
2020-05-26,572,177,17,67,7,0.3094405594405594,0.11713286713286714
2020-05-27,571,172,21,56,18,0.30122591943957966,0.09807355516637478
2020-05-28,573,167,17,55,29,0.2914485165794066,0.09598603839441536
2020-05-29,573,189,33,80,70,0.3298429319371728,0.13961605584642234
2020-06-01,573,268,79,231,157,0.4677137870855148,0.4031413612565445
2020-06-02,573,359,97,176,67,0.6265270506108203,0.30715532286212915
2020-06-03,573,396,47,131,72,0.6910994764397905,0.2286212914485166
2020-06-04,573,412,31,112,48,0.7190226876090751,0.19546247818499127
2020-06-05,573,414,18,142,22,0.7225130890052356,0.24781849912739964
2020-06-08,575,409,16,176,5,0.711304347826087,0.3060869565217391
2020-06-09,574,419,25,175,16,0.7299651567944251,0.3048780487804878
2020-06-10,575,420,11,142,11,0.7304347826086957,0.24695652173913044
2020-06-11,575,388,8,93,18,0.6747826086956522,0.1617391304347826
2020-06-12,575,354,14,84,24,0.6156521739130435,0.14608695652173914
2020-06-15,575,290,9,70,8,0.5043478260869565,0.12173913043478261
2020-06-16,576,302,30,129,25,0.5243055555555556,0.22395833333333334
2020-06-17,576,312,28,137,37,0.5416666666666666,0.2378472222222222
2020-06-18,576,343,39,141,74,0.5954861111111112,0.24479166666666666
2020-06-19,576,368,31,178,62,0.6388888888888888,0.3090277777777778
2020-06-22,576,400,43,172,118,0.6944444444444444,0.2986111111111111
2020-06-23,576,399,20,173,29,0.6927083333333334,0.3003472222222222
2020-06-24,576,400,22,170,18,0.6944444444444444,0.2951388888888889
2020-06-29,576,369,12,131,14,0.640625,0.22743055555555555
2020-06-30,576,377,23,213,14,0.6545138888888888,0.3697916666666667
2020-07-01,576,416,49,284,64,0.7222222222222222,0.4930555555555556
2020-07-02,576,462,49,325,64,0.8020833333333334,0.5642361111111112
2020-07-03,576,489,34,353,51,0.8489583333333334,0.6128472222222222
2020-07-06,576,522,36,497,50,0.90625,0.8628472222222222
2020-07-07,575,537,16,513,8,0.9339130434782609,0.8921739130434783
2020-07-08,576,554,18,503,6,0.9618055555555556,0.8732638888888888
2020-07-09,576,558,6,517,6,0.96875,0.8975694444444444
2020-07-10,575,556,5,284,5,0.9669565217391304,0.49391304347826087
2020-07-13,574,559,6,439,3,0.9738675958188153,0.764808362369338
2020-07-14,576,558,4,261,2,0.96875,0.453125
2020-07-15,576,534,2,97,3,0.9270833333333334,0.1684027777777778
2020-07-16,576,411,0,10,0,0.7135416666666666,0.017361111111111112
2020-07-17,577,263,2,38,4,0.4558058925476603,0.0658578856152513
2020-07-20,577,220,13,133,9,0.38128249566724437,0.23050259965337955
2020-07-21,577,203,16,98,16,0.35181975736568455,0.16984402079722705
2020-07-22,577,209,22,86,50,0.36221837088388215,0.14904679376083188
2020-07-23,577,204,17,79,122,0.3535528596187175,0.1369150779896014
2020-07-24,577,126,0,18,20,0.21837088388214904,0.03119584055459272
2020-07-27,578,94,3,26,5,0.16262975778546712,0.04498269896193772
2020-07-28,578,86,11,31,7,0.14878892733564014,0.05363321799307959
2020-07-29,579,96,12,61,13,0.16580310880829016,0.10535405872193437
2020-07-30,578,99,10,83,27,0.17128027681660898,0.14359861591695502
2020-07-31,578,100,19,101,89,0.17301038062283736,0.17474048442906576
2020-08-03,580,152,56,155,226,0.2620689655172414,0.2672413793103448
2020-08-04,580,174,31,85,88,0.3,0.14655172413793102
2020-08-05,580,206,37,87,5,0.35517241379310344,0.15
2020-08-06,580,232,39,96,10,0.4,0.16551724137931034
2020-08-07,580,206,11,82,5,0.35517241379310344,0.1413793103448276
2020-08-10,581,195,20,93,9,0.33562822719449226,0.16006884681583478
2020-08-11,581,170,22,63,13,0.29259896729776247,0.10843373493975904
2020-08-12,582,144,12,54,10,0.24742268041237114,0.09278350515463918
2020-08-13,582,119,7,53,15,0.20446735395189003,0.09106529209621993
2020-08-14,581,139,30,68,41,0.23924268502581755,0.11703958691910499
2020-08-17,581,183,50,161,80,0.31497418244406195,0.27710843373493976
2020-08-18,581,234,56,106,89,0.4027538726333907,0.18244406196213425
2020-08-19,583,228,23,69,68,0.3910806174957118,0.1183533447684391
2020-08-20,584,187,5,32,33,0.3202054794520548,0.0547945205479452
2020-08-21,584,169,13,57,10,0.2893835616438356,0.0976027397260274
2020-08-24,587,191,41,76,16,0.32538330494037476,0.12947189097103917
2020-08-25,586,188,20,74,22,0.32081911262798635,0.12627986348122866
2020-08-26,587,160,15,55,29,0.272572402044293,0.09369676320272573
2020-08-27,588,159,19,71,51,0.27040816326530615,0.12074829931972789
2020-08-28,588,196,39,112,42,0.3333333333333333,0.19047619047619047
2020-08-31,589,203,23,85,39,0.34465195246179964,0.14431239388794567
2020-09-01,590,233,37,102,48,0.3949152542372881,0.17288135593220338
2020-09-02,590,241,20,109,85,0.40847457627118644,0.1847457627118644
2020-09-03,590,239,17,68,29,0.40508474576271186,0.1152542372881356
2020-09-04,590,226,13,50,4,0.38305084745762713,0.0847457627118644
2020-09-07,591,179,7,33,10,0.30287648054145516,0.05583756345177665
2020-09-08,591,168,16,64,20,0.28426395939086296,0.10829103214890017
2020-09-09,589,131,9,41,10,0.22241086587436332,0.06960950764006792
2020-09-10,591,79,3,15,3,0.13367174280879865,0.025380710659898477
2020-09-11,591,72,10,31,17,0.1218274111675127,0.05245346869712352
2020-09-14,591,79,16,52,25,0.13367174280879865,0.08798646362098139
2020-09-15,591,98,24,73,24,0.1658206429780034,0.12351945854483926
2020-09-16,594,115,21,43,48,0.1936026936026936,0.0723905723905724
2020-09-17,593,134,27,61,126,0.22596964586846544,0.10286677908937605
2020-09-18,594,205,74,127,112,0.3451178451178451,0.2138047138047138
2020-09-21,593,267,68,84,53,0.4502529510961214,0.14165261382799327
2020-09-22,595,250,12,17,5,0.42016806722689076,0.02857142857142857
2020-09-23,593,254,32,62,38,0.42833052276559863,0.1045531197301855
2020-09-24,596,199,4,17,19,0.3338926174496644,0.028523489932885907
2020-09-25,596,173,12,17,6,0.2902684563758389,0.028523489932885907
2020-09-28,596,152,11,20,7,0.2550335570469799,0.03355704697986577
2020-09-29,597,170,28,32,28,0.2847571189279732,0.05360134003350084
2020-09-30,596,192,32,37,9,0.3221476510067114,0.06208053691275168
2020-10-09,597,265,77,172,107,0.4438860971524288,0.288107202680067
2020-10-12,598,403,140,339,130,0.6739130434782609,0.5668896321070234
2020-10-13,599,463,63,205,178,0.7729549248747913,0.34223706176961605
2020-10-14,599,480,21,150,36,0.8013355592654424,0.25041736227045075
2020-10-15,599,488,16,85,21,0.8146911519198664,0.1419031719532554
2020-10-16,599,487,11,87,5,0.8130217028380634,0.14524207011686144
2020-10-19,600,471,4,66,0,0.785,0.11
2020-10-20,600,464,9,99,2,0.7733333333333333,0.165
2020-10-21,600,436,5,75,16,0.7266666666666667,0.125
2020-10-22,601,399,7,53,13,0.6638935108153078,0.08818635607321132
2020-10-23,601,322,6,29,14,0.5357737104825291,0.048252911813643926
2020-10-26,602,260,10,37,17,0.4318936877076412,0.061461794019933555
2020-10-27,602,229,7,49,12,0.3803986710963455,0.08139534883720931
2020-10-28,603,218,24,80,25,0.3615257048092869,0.13266998341625208
2020-10-29,602,232,43,80,34,0.3853820598006645,0.132890365448505
2020-10-30,602,188,15,48,37,0.3122923588039867,0.07973421926910298
2020-11-02,602,192,23,97,49,0.31893687707641194,0.1611295681063123
2020-11-03,602,233,44,135,30,0.38704318936877075,0.22425249169435216
2020-11-04,602,284,55,103,22,0.4717607973421927,0.17109634551495018
2020-11-05,603,350,69,204,50,0.5804311774461028,0.3383084577114428
2020-11-06,603,388,56,194,107,0.6434494195688225,0.32172470978441126
2020-11-09,605,463,79,323,156,0.7652892561983471,0.5338842975206611
2020-11-10,607,483,30,203,21,0.7957166392092258,0.3344316309719934
2020-11-11,607,471,15,119,13,0.7759472817133443,0.19604612850082373
2020-11-12,608,451,10,106,1,0.7417763157894737,0.17434210526315788
2020-11-13,608,434,10,86,9,0.7138157894736842,0.14144736842105263
2020-11-16,608,431,19,190,11,0.7088815789473685,0.3125
2020-11-17,608,413,15,140,19,0.6792763157894737,0.23026315789473684
2020-11-18,608,399,10,128,31,0.65625,0.21052631578947367
2020-11-19,608,398,22,100,45,0.6546052631578947,0.16447368421052633
2020-11-20,608,409,18,118,61,0.6726973684210527,0.19407894736842105
2020-11-23,608,409,19,169,35,0.6726973684210527,0.2779605263157895
2020-11-24,608,412,15,148,49,0.6776315789473685,0.24342105263157895
2020-11-25,608,385,8,59,18,0.6332236842105263,0.09703947368421052
2020-11-26,608,356,13,72,12,0.5855263157894737,0.11842105263157894
2020-11-27,608,333,6,112,13,0.5476973684210527,0.18421052631578946
2020-11-30,608,321,17,92,19,0.5279605263157895,0.1513157894736842
2020-12-01,608,344,36,162,32,0.5657894736842105,0.26644736842105265
2020-12-02,607,370,41,169,55,0.6095551894563427,0.2784184514003295
2020-12-03,607,368,31,96,64,0.6062602965403624,0.15815485996705106
2020-12-04,607,369,24,96,65,0.6079077429983526,0.15815485996705106
2020-12-07,608,348,18,82,31,0.5723684210526315,0.13486842105263158
2020-12-08,608,320,11,70,8,0.5263157894736842,0.11513157894736842
2020-12-09,608,254,9,55,13,0.41776315789473684,0.09046052631578948
2020-12-10,608,227,12,66,8,0.37335526315789475,0.10855263157894737
2020-12-11,608,179,4,55,6,0.2944078947368421,0.09046052631578948
2020-12-14,608,168,12,90,13,0.27631578947368424,0.14802631578947367
2020-12-15,608,161,14,96,15,0.26480263157894735,0.15789473684210525
2020-12-16,610,163,14,79,30,0.26721311475409837,0.12950819672131147
2020-12-17,611,173,18,132,32,0.28314238952536824,0.2160392798690671
2020-12-18,611,189,26,105,61,0.309328968903437,0.1718494271685761
2020-12-21,612,226,44,175,67,0.369281045751634,0.28594771241830064
2020-12-22,612,222,15,74,19,0.3627450980392157,0.12091503267973856
2020-12-23,612,236,26,117,45,0.38562091503267976,0.19117647058823528
2020-12-24,612,229,20,89,10,0.3741830065359477,0.1454248366013072
2020-12-25,612,241,23,153,21,0.3937908496732026,0.25
2020-12-28,611,246,20,135,7,0.4026186579378069,0.220949263502455
2020-12-29,613,244,21,48,34,0.39804241435562804,0.07830342577487764
2020-12-30,613,269,31,106,34,0.43882544861337686,0.1729200652528548
2020-12-31,613,319,57,199,72,0.5203915171288744,0.32463295269168024
2021-01-04,613,405,93,264,85,0.6606851549755302,0.43066884176182707
2021-01-05,613,456,64,262,88,0.7438825448613376,0.4274061990212072
2021-01-06,613,462,25,219,44,0.7536704730831973,0.3572593800978793
2021-01-07,614,453,17,218,12,0.737785016286645,0.3550488599348534
2021-01-08,614,443,19,194,12,0.7214983713355049,0.31596091205211724
2021-01-11,614,401,10,118,8,0.6530944625407166,0.19218241042345277
2021-01-12,614,389,13,196,9,0.6335504885993485,0.31921824104234525
2021-01-13,615,386,17,187,20,0.6276422764227643,0.3040650406504065
2021-01-14,615,373,23,132,27,0.6065040650406504,0.2146341463414634
2021-01-15,615,363,17,80,20,0.5902439024390244,0.13008130081300814
2021-01-18,614,383,34,147,49,0.6237785016286646,0.23941368078175895
2021-01-19,615,373,29,107,41,0.6065040650406504,0.17398373983739837
2021-01-20,615,368,16,85,58,0.5983739837398374,0.13821138211382114
2021-01-21,616,393,35,141,76,0.637987012987013,0.2288961038961039
2021-01-22,616,386,22,119,60,0.6266233766233766,0.19318181818181818
2021-01-25,617,361,26,123,21,0.5850891410048622,0.1993517017828201
2021-01-26,618,315,17,66,23,0.5097087378640777,0.10679611650485436
2021-01-27,618,275,12,73,9,0.4449838187702265,0.11812297734627832
2021-01-28,618,221,11,39,8,0.35760517799352753,0.06310679611650485
2021-01-29,620,166,6,25,15,0.267741935483871,0.04032258064516129
2021-02-01,620,165,20,65,25,0.2661290322580645,0.10483870967741936
2021-02-02,620,182,29,94,44,0.29354838709677417,0.15161290322580645
2021-02-03,621,187,21,78,33,0.30112721417069244,0.12560386473429952
2021-02-04,621,181,16,39,27,0.2914653784219002,0.06280193236714976
2021-02-05,620,149,7,48,31,0.2403225806451613,0.07741935483870968
2021-02-08,619,166,30,70,27,0.2681744749596123,0.11308562197092084
2021-02-09,620,203,39,148,31,0.32741935483870965,0.23870967741935484
2021-02-10,621,249,50,162,33,0.40096618357487923,0.2608695652173913
2021-02-18,621,317,81,242,85,0.5104669887278583,0.3896940418679549
2021-02-19,622,395,93,276,184,0.635048231511254,0.4437299035369775
2021-02-22,622,419,44,205,71,0.6736334405144695,0.3295819935691318
2021-02-23,622,416,19,133,7,0.6688102893890675,0.21382636655948553
2021-02-24,623,387,8,93,5,0.6211878009630819,0.1492776886035313
2021-02-25,624,384,17,114,6,0.6153846153846154,0.18269230769230768
2021-02-26,623,368,6,49,3,0.5906902086677368,0.07865168539325842
2021-03-01,624,380,16,144,32,0.6089743589743589,0.23076923076923078
2021-03-02,624,366,13,108,28,0.5865384615384616,0.17307692307692307
2021-03-03,625,384,24,140,35,0.6144,0.224
2021-03-04,625,365,3,95,25,0.584,0.152
2021-03-05,625,345,7,60,37,0.552,0.096
2021-03-08,625,310,5,42,12,0.496,0.0672
2021-03-09,625,263,5,19,11,0.4208,0.0304
2021-03-10,624,205,0,13,1,0.328525641025641,0.020833333333333332
2021-03-11,625,210,16,53,7,0.336,0.0848
2021-03-12,625,201,12,86,38,0.3216,0.1376
2021-03-15,626,199,22,75,28,0.31789137380191695,0.11980830670926518
2021-03-16,625,195,20,65,63,0.312,0.104
2021-03-17,625,212,28,40,98,0.3392,0.064
2021-03-18,626,251,51,58,35,0.4009584664536741,0.0926517571884984
2021-03-19,624,238,23,38,20,0.3814102564102564,0.060897435897435896
2021-03-22,628,283,53,80,80,0.45063694267515925,0.12738853503184713
2021-03-23,628,299,45,51,56,0.47611464968152867,0.08121019108280254
2021-03-24,628,270,29,39,14,0.4299363057324841,0.06210191082802548
2021-03-25,629,263,27,28,15,0.41812400635930047,0.04451510333863275
2021-03-26,628,302,49,70,69,0.48089171974522293,0.11146496815286625
2021-03-29,629,333,42,116,31,0.5294117647058824,0.18441971383147854
2021-03-30,630,358,40,113,55,0.5682539682539682,0.17936507936507937
2021-03-31,629,361,24,56,81,0.5739268680445151,0.0890302066772655
2021-04-01,631,390,36,90,94,0.618066561014263,0.14263074484944532
2021-04-02,631,406,29,165,41,0.6434231378763867,0.26148969889064977
2021-04-06,632,424,31,121,36,0.6708860759493671,0.19145569620253164
2021-04-07,632,449,30,102,44,0.7104430379746836,0.16139240506329114
2021-04-08,633,465,28,125,41,0.7345971563981043,0.19747235387045814
2021-04-09,633,459,20,92,22,0.7251184834123223,0.14533965244865718
2021-04-12,634,402,5,44,11,0.6340694006309149,0.0694006309148265
2021-04-13,634,353,4,30,9,0.556782334384858,0.0473186119873817
2021-04-14,636,347,14,57,12,0.5455974842767296,0.08962264150943396
2021-04-15,636,333,14,63,25,0.5235849056603774,0.09905660377358491
2021-04-16,636,366,43,121,42,0.5754716981132075,0.19025157232704404
2021-04-19,635,434,73,245,162,0.6834645669291338,0.3858267716535433
2021-04-20,636,456,34,137,120,0.7169811320754716,0.21540880503144655
2021-04-21,637,454,15,109,37,0.7127158555729984,0.17111459968602827
2021-04-22,638,461,21,111,39,0.7225705329153606,0.17398119122257052
2021-04-23,637,450,12,130,14,0.706436420722135,0.20408163265306123
2021-04-26,639,429,11,128,8,0.6713615023474179,0.20031298904538342
2021-04-27,639,407,10,125,16,0.6369327073552425,0.19561815336463223
2021-04-28,639,394,13,162,23,0.6165884194053208,0.2535211267605634
2021-04-29,639,393,20,183,32,0.6150234741784038,0.2863849765258216
2021-04-30,639,358,6,130,23,0.5602503912363067,0.20344287949921752
2021-05-06,641,339,22,99,21,0.5288611544461779,0.1544461778471139
2021-05-07,641,310,29,107,41,0.4836193447737909,0.1669266770670827
2021-05-10,641,282,24,129,29,0.43993759750390016,0.20124804992199688
2021-05-11,640,265,16,75,11,0.4140625,0.1171875
2021-05-12,643,282,33,113,38,0.4385692068429238,0.17573872472783825
2021-05-13,643,281,19,73,32,0.4370139968895801,0.11353032659409021
2021-05-14,642,320,53,148,78,0.4984423676012461,0.23052959501557632
2021-05-17,644,370,70,152,120,0.5745341614906833,0.2360248447204969
2021-05-18,644,411,52,125,68,0.6381987577639752,0.19409937888198758
2021-05-19,644,427,36,99,34,0.6630434782608695,0.15372670807453417
2021-05-20,644,427,24,105,52,0.6630434782608695,0.16304347826086957
2021-05-21,644,402,16,82,11,0.6242236024844721,0.12732919254658384
2021-05-24,644,406,21,127,24,0.6304347826086957,0.1972049689440994
2021-05-25,644,435,36,249,33,0.6754658385093167,0.38664596273291924
2021-05-26,644,458,33,212,56,0.7111801242236024,0.32919254658385094
2021-05-27,644,478,36,271,80,0.7422360248447205,0.42080745341614906
2021-05-28,645,473,12,173,37,0.7333333333333333,0.2682170542635659
2021-05-31,645,482,22,233,44,0.7472868217054264,0.3612403100775194
2021-06-01,645,492,26,242,20,0.7627906976744186,0.3751937984496124
2021-06-02,645,479,16,126,14,0.7426356589147287,0.19534883720930232
2021-06-03,645,461,9,113,13,0.7147286821705426,0.17519379844961241
2021-06-04,645,425,10,140,13,0.6589147286821705,0.21705426356589147
2021-06-07,646,415,15,180,15,0.6424148606811145,0.2786377708978328
2021-06-08,646,392,15,113,22,0.6068111455108359,0.17492260061919504
2021-06-09,647,372,17,126,45,0.5749613601236476,0.1947449768160742
2021-06-10,646,376,29,164,58,0.5820433436532507,0.25386996904024767
2021-06-11,646,344,19,99,24,0.5325077399380805,0.15325077399380804
2021-06-15,647,296,11,81,20,0.4574961360123648,0.125193199381762
2021-06-16,646,224,4,30,9,0.34674922600619196,0.04643962848297214
2021-06-17,647,223,30,98,28,0.3446676970633694,0.15146831530139104
2021-06-18,646,224,18,134,22,0.34674922600619196,0.20743034055727555
2021-06-21,644,248,42,156,53,0.38509316770186336,0.2422360248447205
2021-06-22,644,271,33,145,42,0.42080745341614906,0.2251552795031056
2021-06-23,645,298,38,168,102,0.462015503875969,0.26046511627906976
2021-06-24,645,293,28,107,58,0.4542635658914729,0.16589147286821707
2021-06-25,647,314,37,156,45,0.4853168469860896,0.241112828438949
2021-06-28,649,346,49,165,62,0.5331278890600925,0.2542372881355932
2021-06-29,649,326,20,88,29,0.50231124807396,0.13559322033898305
2021-06-30,648,342,38,186,35,0.5277777777777778,0.28703703703703703
2021-07-01,649,315,24,98,22,0.48536209553158705,0.1510015408320493
2021-07-02,650,266,18,56,3,0.40923076923076923,0.08615384615384615
2021-07-05,653,259,27,102,20,0.39663093415007655,0.1562021439509954
2021-07-06,653,257,30,92,37,0.39356814701378257,0.14088820826952528
2021-07-07,653,277,38,123,33,0.4241960183767228,0.1883614088820827
2021-07-08,653,282,37,144,58,0.4318529862174579,0.22052067381316998
2021-07-09,653,275,20,140,52,0.4211332312404288,0.21439509954058192
2021-07-12,653,309,42,195,63,0.47320061255742724,0.2986217457886677
2021-07-13,653,346,53,192,46,0.5298621745788668,0.29402756508422667
2021-07-14,654,327,17,83,24,0.5,0.12691131498470948
2021-07-15,654,328,32,140,44,0.5015290519877675,0.21406727828746178
2021-07-16,655,327,29,132,45,0.49923664122137407,0.2015267175572519
2021-07-19,655,329,32,114,24,0.5022900763358779,0.17404580152671756
2021-07-20,656,326,20,103,17,0.4969512195121951,0.15701219512195122
2021-07-21,656,349,37,157,61,0.5320121951219512,0.23932926829268292
2021-07-22,656,385,51,205,57,0.586890243902439,0.3125
2021-07-23,657,367,22,164,34,0.558599695585997,0.2496194824961948
2021-07-26,657,309,16,102,18,0.4703196347031963,0.1552511415525114
2021-07-27,657,253,13,68,17,0.3850837138508371,0.1035007610350076
2021-07-28,657,185,5,38,5,0.2815829528158295,0.0578386605783866
2021-07-29,658,194,24,134,5,0.2948328267477204,0.20364741641337386
2021-07-30,658,213,28,152,23,0.32370820668693007,0.23100303951367782
2021-08-02,660,241,35,216,33,0.36515151515151517,0.32727272727272727
2021-08-03,660,251,38,133,71,0.3803030303030303,0.2015151515151515
2021-08-04,660,294,53,119,127,0.44545454545454544,0.1803030303030303
2021-08-05,661,308,40,109,47,0.4659606656580938,0.1649016641452345
2021-08-06,662,323,33,83,50,0.4879154078549849,0.12537764350453173
2021-08-09,662,374,65,124,13,0.5649546827794562,0.18731117824773413
2021-08-10,663,399,53,185,59,0.6018099547511312,0.2790346907993967
2021-08-11,666,414,36,186,38,0.6216216216216216,0.27927927927927926
2021-08-12,666,429,37,141,50,0.6441441441441441,0.21171171171171171
2021-08-13,667,429,21,115,43,0.6431784107946027,0.1724137931034483
2021-08-16,667,404,12,93,8,0.6056971514242878,0.13943028485757122
2021-08-17,668,356,2,31,5,0.5329341317365269,0.04640718562874251
2021-08-18,668,330,10,101,14,0.4940119760479042,0.15119760479041916
2021-08-19,668,312,11,65,20,0.46706586826347307,0.09730538922155689
2021-08-20,668,272,10,59,14,0.40718562874251496,0.08832335329341318
2021-08-23,669,295,34,129,61,0.44095665171898357,0.19282511210762332
2021-08-24,668,311,27,137,85,0.4655688622754491,0.20508982035928144
2021-08-25,667,360,59,146,87,0.5397301349325337,0.21889055472263869
2021-08-26,669,357,28,110,41,0.5336322869955157,0.16442451420029897
2021-08-27,670,349,24,115,50,0.5208955223880597,0.17164179104477612
2021-08-30,671,348,28,159,22,0.518628912071535,0.23695976154992549
2021-08-31,671,348,21,168,11,0.518628912071535,0.2503725782414307
2021-09-01,671,348,29,158,31,0.518628912071535,0.23546944858420268
2021-09-02,671,359,27,199,48,0.5350223546944859,0.2965722801788376
2021-09-03,671,347,21,166,30,0.5171385991058122,0.2473919523099851
2021-09-06,671,372,39,215,51,0.5543964232488823,0.3204172876304024
2021-09-07,671,400,35,215,58,0.5961251862891207,0.3204172876304024
2021-09-08,671,421,32,191,67,0.6274217585692996,0.2846497764530551
2021-09-09,672,434,23,181,65,0.6458333333333334,0.2693452380952381
2021-09-10,671,454,27,158,51,0.676602086438152,0.23546944858420268
2021-09-13,673,465,20,168,12,0.6909361069836553,0.24962852897473997
2021-09-14,675,455,18,61,12,0.674074074074074,0.09037037037037036
2021-09-15,675,419,12,78,15,0.6207407407407407,0.11555555555555555
2021-09-16,675,330,9,50,13,0.4888888888888889,0.07407407407407407
2021-09-17,675,278,13,62,20,0.41185185185185186,0.09185185185185185
2021-09-22,675,247,12,80,19,0.36592592592592593,0.11851851851851852
2021-09-23,675,248,26,73,37,0.3674074074074074,0.10814814814814815
2021-09-24,675,228,21,47,31,0.3377777777777778,0.06962962962962962
2021-09-27,676,207,25,74,55,0.3062130177514793,0.10946745562130178
2021-09-28,676,206,17,56,42,0.3047337278106509,0.08284023668639054
2021-09-29,679,180,11,38,20,0.2650957290132548,0.055964653902798235
2021-09-30,678,190,19,44,23,0.28023598820059,0.06489675516224189
2021-10-08,678,215,33,103,37,0.31710914454277284,0.15191740412979352
2021-10-11,678,262,57,94,40,0.3864306784660767,0.13864306784660768
2021-10-12,678,254,22,52,20,0.3746312684365782,0.07669616519174041
2021-10-13,678,272,27,77,90,0.40117994100294985,0.11356932153392331
2021-10-14,678,290,33,85,55,0.4277286135693215,0.12536873156342182
2021-10-15,678,309,33,86,31,0.4557522123893805,0.12684365781710916
2021-10-18,678,307,22,77,41,0.4528023598820059,0.11356932153392331
2021-10-19,678,339,39,85,87,0.5,0.12536873156342182
2021-10-20,678,344,26,108,52,0.5073746312684366,0.1592920353982301
2021-10-21,679,356,30,69,55,0.524300441826215,0.101620029455081
2021-10-22,679,367,33,81,45,0.540500736377025,0.11929307805596466
2021-10-25,680,383,32,107,50,0.5632352941176471,0.15735294117647058
2021-10-26,680,398,28,122,25,0.5852941176470589,0.17941176470588235
2021-10-27,681,362,8,98,11,0.5315712187958884,0.14390602055800295
2021-10-28,682,307,7,52,15,0.4501466275659824,0.07624633431085044
2021-10-29,682,305,27,111,35,0.4472140762463343,0.1627565982404692
2021-11-01,682,329,36,164,27,0.48240469208211145,0.2404692082111437
2021-11-02,682,323,19,132,19,0.4736070381231672,0.1935483870967742
2021-11-03,682,328,24,98,35,0.4809384164222874,0.1436950146627566
2021-11-04,682,350,29,164,83,0.5131964809384164,0.2404692082111437
2021-11-05,682,362,30,124,28,0.530791788856305,0.18181818181818182
2021-11-08,683,372,25,94,36,0.5446559297218155,0.1376281112737921
2021-11-09,684,393,30,136,49,0.5745614035087719,0.19883040935672514
2021-11-10,684,403,30,147,39,0.5891812865497076,0.2149122807017544
2021-11-11,684,442,47,243,37,0.6461988304093568,0.35526315789473684
2021-11-12,684,470,38,221,62,0.6871345029239766,0.3230994152046784
2021-11-15,684,491,39,171,42,0.7178362573099415,0.25
2021-11-16,684,477,14,128,45,0.6973684210526315,0.1871345029239766
2021-11-17,683,480,19,134,42,0.7027818448023426,0.19619326500732065
2021-11-18,683,460,18,87,16,0.6734992679355783,0.1273792093704246
2021-11-19,685,484,34,144,42,0.7065693430656934,0.21021897810218979
2021-11-22,685,508,43,223,73,0.7416058394160584,0.32554744525547447
2021-11-23,685,504,15,166,74,0.7357664233576642,0.24233576642335766
2021-11-24,684,501,17,159,34,0.7324561403508771,0.2324561403508772
2021-11-25,684,492,11,102,32,0.7192982456140351,0.14912280701754385
2021-11-26,684,459,10,80,17,0.6710526315789473,0.11695906432748537
2021-11-29,683,421,11,109,15,0.616398243045388,0.1595900439238653
2021-11-30,683,400,18,127,22,0.5856515373352855,0.18594436310395315
2021-12-01,683,398,19,125,25,0.582723279648609,0.18301610541727673
2021-12-02,684,382,17,104,24,0.5584795321637427,0.15204678362573099
2021-12-03,682,382,29,134,63,0.5601173020527859,0.19648093841642228
2021-12-06,684,351,17,88,53,0.5131578947368421,0.1286549707602339
2021-12-07,683,323,20,111,51,0.47291361639824303,0.16251830161054173
2021-12-08,683,339,31,143,36,0.49633967789165445,0.20937042459736457
2021-12-09,683,360,44,209,55,0.527086383601757,0.30600292825768666
2021-12-10,683,389,42,141,35,0.5695461200585652,0.20644216691068815
2021-12-13,685,414,37,167,63,0.6043795620437956,0.24379562043795622
2021-12-14,686,418,23,106,90,0.60932944606414,0.15451895043731778
2021-12-15,686,388,10,65,29,0.565597667638484,0.09475218658892129
2021-12-16,686,385,18,120,42,0.5612244897959183,0.1749271137026239
2021-12-17,687,347,10,78,25,0.50509461426492,0.11353711790393013
2021-12-20,687,275,4,43,13,0.4002911208151383,0.06259097525473072
2021-12-21,686,267,16,97,40,0.3892128279883382,0.141399416909621
2021-12-22,687,273,25,105,36,0.39737991266375544,0.15283842794759825
2021-12-23,688,274,25,104,27,0.39825581395348836,0.1511627906976744
2021-12-24,688,256,21,80,43,0.37209302325581395,0.11627906976744186
2021-12-27,688,256,22,70,61,0.37209302325581395,0.10174418604651163
2021-12-28,688,262,29,84,37,0.3808139534883721,0.12209302325581395
2021-12-29,687,246,28,59,25,0.35807860262008734,0.0858806404657933
2021-12-30,687,268,50,95,42,0.3901018922852984,0.13828238719068414
2021-12-31,687,320,64,129,102,0.4657933042212518,0.18777292576419213
2022-01-04,687,344,46,184,103,0.5007278020378457,0.2678311499272198
2022-01-05,687,313,22,107,23,0.4556040756914119,0.15574963609898107
2022-01-06,687,288,18,88,23,0.4192139737991266,0.12809315866084425
2022-01-07,687,271,19,109,15,0.39446870451237265,0.1586608442503639
2022-01-10,686,276,19,148,16,0.40233236151603496,0.21574344023323616
2022-01-11,686,267,16,109,9,0.3892128279883382,0.1588921282798834
2022-01-12,686,286,30,101,27,0.41690962099125367,0.14723032069970846
2022-01-13,687,266,17,75,22,0.38719068413391555,0.1091703056768559
2022-01-14,686,243,18,57,47,0.35422740524781343,0.08309037900874636
2022-01-17,687,257,46,137,52,0.37409024745269287,0.19941775836972345
2022-01-18,687,294,45,134,71,0.4279475982532751,0.1950509461426492
2022-01-19,686,296,30,85,29,0.4314868804664723,0.1239067055393586
2022-01-20,686,283,33,103,70,0.41253644314868804,0.15014577259475217
2022-01-21,686,255,17,53,59,0.3717201166180758,0.07725947521865889
2022-01-24,687,244,28,42,22,0.3551673944687045,0.0611353711790393
2022-01-25,687,170,5,17,2,0.24745269286754004,0.024745269286754003
2022-01-26,686,157,16,22,11,0.22886297376093295,0.03206997084548105
2022-01-27,688,121,7,6,13,0.17587209302325582,0.00872093023255814
2022-01-28,690,89,6,9,9,0.1289855072463768,0.013043478260869565
2022-02-07,691,107,29,81,19,0.1548480463096961,0.11722141823444283
2022-02-08,691,139,54,126,46,0.2011577424023155,0.18234442836468887
2022-02-09,693,211,77,147,74,0.30447330447330445,0.21212121212121213
2022-02-10,695,277,70,107,143,0.3985611510791367,0.1539568345323741
2022-02-11,695,305,40,76,90,0.43884892086330934,0.1093525179856115
2022-02-14,694,298,23,27,24,0.42939481268011526,0.03890489913544669
2022-02-15,695,313,38,72,28,0.4503597122302158,0.10359712230215827
2022-02-16,696,363,64,60,10,0.521551724137931,0.08620689655172414
2022-02-17,696,398,60,84,30,0.5718390804597702,0.1206896551724138
2022-02-18,697,446,55,143,125,0.6398852223816356,0.20516499282639886
2022-02-21,696,503,68,147,150,0.7227011494252874,0.21120689655172414
2022-02-22,695,490,22,99,19,0.7050359712230215,0.14244604316546763
2022-02-23,696,509,34,172,48,0.7313218390804598,0.2471264367816092
2022-02-24,696,474,8,91,16,0.6810344827586207,0.1307471264367816
2022-02-25,696,469,16,123,18,0.6738505747126436,0.17672413793103448
2022-02-28,696,470,14,148,22,0.6752873563218391,0.21264367816091953
2022-03-01,697,486,21,115,32,0.697274031563845,0.1649928263988522
2022-03-02,697,493,14,86,10,0.7073170731707317,0.12338593974175036
2022-03-03,698,496,26,83,59,0.7106017191977078,0.11891117478510028
2022-03-04,697,460,10,48,35,0.6599713055954088,0.06886657101865136
2022-03-07,699,361,7,36,5,0.5164520743919886,0.05150214592274678
2022-03-08,699,217,2,19,3,0.3104434907010014,0.027181688125894134
2022-03-09,700,137,2,24,6,0.1957142857142857,0.03428571428571429
2022-03-10,702,125,11,45,16,0.17806267806267806,0.0641025641025641
2022-03-11,702,135,26,67,14,0.19230769230769232,0.09544159544159544
2022-03-14,702,111,10,17,9,0.1581196581196581,0.024216524216524215
2022-03-15,702,70,2,6,8,0.09971509971509972,0.008547008547008548
2022-03-16,703,76,15,64,25,0.10810810810810811,0.09103840682788052
2022-03-17,703,125,51,167,18,0.17780938833570412,0.2375533428165007
2022-03-18,704,173,50,105,5,0.24573863636363635,0.14914772727272727
2022-03-21,704,247,77,70,46,0.3508522727272727,0.09943181818181818
2022-03-22,704,328,88,48,349,0.4659090909090909,0.06818181818181818
2022-03-23,705,426,102,72,140,0.6042553191489362,0.10212765957446808
2022-03-24,705,449,42,49,18,0.6368794326241135,0.06950354609929078
2022-03-25,705,453,28,18,5,0.6425531914893617,0.02553191489361702
2022-03-28,705,422,19,41,8,0.5985815602836879,0.05815602836879433
2022-03-29,705,392,24,72,10,0.5560283687943263,0.10212765957446808
2022-03-30,705,456,68,126,34,0.6468085106382979,0.17872340425531916
2022-03-31,703,473,33,99,36,0.6728307254623044,0.14082503556187767
2022-04-01,703,487,32,102,61,0.6927453769559033,0.14509246088193456
2022-04-06,704,486,26,126,73,0.6903409090909091,0.17897727272727273
2022-04-07,704,451,7,36,20,0.640625,0.05113636363636364
2022-04-08,704,410,5,69,12,0.5823863636363636,0.09801136363636363
2022-04-11,705,326,1,30,8,0.4624113475177305,0.0425531914893617
2022-04-12,706,326,19,45,8,0.46175637393767704,0.06373937677053824
2022-04-13,706,308,9,44,18,0.43626062322946174,0.06232294617563739
2022-04-14,706,316,23,91,34,0.4475920679886686,0.12889518413597734
2022-04-15,706,314,15,64,8,0.4447592067988669,0.0906515580736544
2022-04-18,706,328,37,103,73,0.46458923512747874,0.14589235127478753
2022-04-19,706,363,53,60,50,0.5141643059490085,0.08498583569405099
2022-04-20,706,334,24,19,53,0.4730878186968839,0.026912181303116147
2022-04-21,707,249,5,9,8,0.3521923620933522,0.01272984441301273
2022-04-22,708,215,12,19,9,0.3036723163841808,0.026836158192090395
2022-04-25,707,99,0,5,4,0.14002828854314003,0.007072135785007072
2022-04-26,707,66,1,10,2,0.09335219236209336,0.014144271570014143
2022-04-27,707,73,14,70,13,0.10325318246110325,0.09900990099009901
2022-04-28,707,107,37,77,19,0.15134370579915135,0.10891089108910891
2022-04-29,708,191,86,289,23,0.269774011299435,0.4081920903954802
2022-05-05,709,287,96,223,75,0.40479548660084624,0.3145275035260931
2022-05-06,709,351,77,43,276,0.49506346967559944,0.06064880112834979
2022-05-09,709,397,55,42,83,0.5599435825105783,0.05923836389280677
2022-05-10,709,454,65,88,85,0.6403385049365303,0.12411847672778561
2022-05-11,709,507,57,126,8,0.7150916784203103,0.1777150916784203
2022-05-12,710,538,34,193,15,0.7577464788732394,0.271830985915493
2022-05-13,712,570,32,187,91,0.800561797752809,0.26264044943820225
2022-05-16,711,589,23,99,56,0.8284106891701828,0.13924050632911392
2022-05-17,711,615,30,175,34,0.8649789029535865,0.24613220815752462
2022-05-18,711,620,14,125,17,0.8720112517580872,0.17580872011251758
2022-05-19,712,618,9,156,21,0.8679775280898876,0.21910112359550563
2022-05-20,712,646,28,296,48,0.9073033707865169,0.4157303370786517
2022-05-23,712,651,14,276,38,0.9143258426966292,0.38764044943820225
2022-05-24,712,627,2,35,8,0.8806179775280899,0.04915730337078652
2022-05-25,712,614,2,69,20,0.8623595505617978,0.09691011235955056
2022-05-26,712,611,11,115,34,0.8581460674157303,0.16151685393258428
2022-05-27,710,614,16,83,6,0.8647887323943662,0.11690140845070422
2022-05-30,713,621,18,137,40,0.8709677419354839,0.19214586255259467
2022-05-31,714,642,25,257,222,0.8991596638655462,0.3599439775910364
2022-06-01,714,646,12,229,75,0.9047619047619048,0.32072829131652664
2022-06-02,714,649,12,276,50,0.9089635854341737,0.3865546218487395
2022-06-06,714,658,16,409,28,0.9215686274509803,0.572829131652661
2022-06-07,714,661,7,255,12,0.9257703081232493,0.35714285714285715
2022-06-08,714,666,9,336,17,0.9327731092436975,0.47058823529411764
2022-06-09,715,655,8,148,14,0.916083916083916,0.206993006993007
2022-06-10,715,656,10,257,19,0.9174825174825175,0.3594405594405594
2022-06-13,716,636,5,182,10,0.888268156424581,0.2541899441340782
2022-06-14,716,593,5,178,10,0.8282122905027933,0.24860335195530725
2022-06-15,716,574,19,176,33,0.8016759776536313,0.24581005586592178
2022-06-16,716,555,10,133,79,0.7751396648044693,0.1857541899441341
2022-06-17,716,540,23,188,40,0.7541899441340782,0.26256983240223464
2022-06-20,716,539,28,202,80,0.7527932960893855,0.28212290502793297
2022-06-21,716,509,16,137,48,0.7108938547486033,0.19134078212290503
2022-06-22,715,435,4,50,13,0.6083916083916084,0.06993006993006994
2022-06-23,716,439,27,172,46,0.6131284916201117,0.24022346368715083
2022-06-24,716,456,32,242,35,0.6368715083798883,0.33798882681564246
2022-06-27,717,482,32,263,46,0.6722454672245467,0.3668061366806137
2022-06-28,717,521,46,348,81,0.7266387726638772,0.48535564853556484
2022-06-29,717,489,10,87,66,0.6820083682008368,0.12133891213389121
2022-06-30,718,470,14,173,13,0.6545961002785515,0.24094707520891365
2022-07-01,718,437,17,120,24,0.6086350974930362,0.1671309192200557
2022-07-04,718,440,39,166,19,0.6128133704735376,0.23119777158774374
2022-07-05,718,404,35,150,17,0.5626740947075209,0.20891364902506965
2022-07-06,718,319,3,67,30,0.44428969359331477,0.09331476323119778
2022-07-07,718,275,22,94,21,0.383008356545961,0.1309192200557103
2022-07-08,718,226,10,57,29,0.3147632311977716,0.07938718662952646
2022-07-11,718,174,8,42,20,0.24233983286908078,0.0584958217270195
2022-07-12,718,128,8,34,12,0.17827298050139276,0.04735376044568245
2022-07-13,718,114,14,47,26,0.15877437325905291,0.06545961002785515
2022-07-14,719,114,17,64,24,0.15855354659248957,0.0890125173852573
2022-07-15,719,106,19,57,13,0.1474269819193324,0.07927677329624479
2022-07-18,719,107,13,92,32,0.14881780250347706,0.12795549374130738
2022-07-19,719,142,45,106,94,0.19749652294853964,0.1474269819193324
2022-07-20,719,192,55,130,76,0.2670375521557719,0.1808066759388039
2022-07-21,719,219,40,87,57,0.3045897079276773,0.12100139082058414
2022-07-22,719,226,26,40,103,0.3143254520166898,0.055632823365785816
2022-07-25,719,209,15,46,7,0.2906815020862309,0.06397774687065369
2022-07-26,719,225,30,76,30,0.3129346314325452,0.10570236439499305
2022-07-27,719,252,34,119,25,0.35048678720445064,0.16550764951321278
2022-07-28,719,300,55,175,69,0.4172461752433936,0.24339360222531292
2022-07-29,720,304,24,110,38,0.4222222222222222,0.1527777777777778
2022-08-01,719,313,29,128,64,0.43532684283727396,0.1780250347705146
2022-08-02,719,251,6,71,8,0.34909596662030595,0.09874826147426982
2022-08-03,719,229,22,74,11,0.3184979137691238,0.10292072322670376
2022-08-04,719,233,25,87,10,0.3240611961057024,0.12100139082058414
2022-08-05,720,268,52,226,48,0.37222222222222223,0.3138888888888889
2022-08-08,720,307,48,202,35,0.4263888888888889,0.28055555555555556
2022-08-09,720,354,54,161,69,0.49166666666666664,0.22361111111111112
2022-08-10,720,374,30,128,149,0.5194444444444445,0.17777777777777778
2022-08-11,720,439,69,190,105,0.6097222222222223,0.2638888888888889
2022-08-12,720,489,61,139,29,0.6791666666666667,0.19305555555555556
2022-08-15,721,514,42,98,17,0.7128987517337032,0.13592233009708737
2022-08-16,721,516,30,128,18,0.7156726768377254,0.17753120665742025
2022-08-17,721,521,35,195,77,0.7226074895977809,0.27045769764216365
2022-08-18,721,500,19,138,16,0.6934812760055479,0.1914008321775312
2022-08-19,721,430,10,83,13,0.5963938973647711,0.11511789181692095
2022-08-22,722,422,24,125,37,0.5844875346260388,0.1731301939058172
2022-08-23,722,382,8,110,21,0.5290858725761773,0.1523545706371191
2022-08-24,723,288,3,48,5,0.3983402489626556,0.06639004149377593
2022-08-25,724,262,20,68,24,0.36187845303867405,0.09392265193370165
2022-08-26,725,244,15,51,41,0.33655172413793105,0.0703448275862069
2022-08-29,725,239,16,58,16,0.3296551724137931,0.08
2022-08-30,725,234,15,52,40,0.32275862068965516,0.07172413793103448
2022-08-31,725,221,17,42,46,0.30482758620689654,0.057931034482758624
2022-09-01,725,205,13,48,22,0.2827586206896552,0.06620689655172414
2022-09-02,725,184,15,51,30,0.2537931034482759,0.0703448275862069
2022-09-05,726,181,23,75,28,0.2493112947658402,0.10330578512396695
2022-09-06,726,212,36,151,31,0.29201101928374656,0.20798898071625344
2022-09-07,726,242,37,121,108,0.3333333333333333,0.16666666666666666
2022-09-08,726,272,52,84,135,0.3746556473829201,0.11570247933884298
2022-09-09,727,330,65,141,81,0.45392022008253097,0.1939477303988996
2022-09-13,727,374,57,114,78,0.5144429160935351,0.15680880330123798
2022-09-14,728,358,17,60,12,0.49175824175824173,0.08241758241758242
2022-09-15,728,307,10,48,16,0.4217032967032967,0.06593406593406594
2022-09-16,728,206,5,14,10,0.28296703296703296,0.019230769230769232
2022-09-19,729,143,4,15,9,0.19615912208504802,0.0205761316872428
2022-09-20,730,127,18,23,8,0.17397260273972603,0.031506849315068496
2022-09-21,731,128,18,24,7,0.17510259917920656,0.03283173734610123
2022-09-22,732,121,13,36,26,0.16530054644808742,0.04918032786885246
2022-09-23,732,123,19,22,38,0.1680327868852459,0.030054644808743168
2022-09-26,732,109,18,15,22,0.1489071038251366,0.020491803278688523
2022-09-27,733,135,40,111,24,0.18417462482946795,0.15143246930422918
2022-09-28,733,129,14,34,10,0.17598908594815826,0.04638472032742155
2022-09-29,733,152,31,37,34,0.2073669849931787,0.0504774897680764
2022-09-30,732,142,15,19,38,0.19398907103825136,0.025956284153005466
2022-10-10,732,100,8,24,20,0.1366120218579235,0.03278688524590164
2022-10-11,732,107,22,29,13,0.14617486338797814,0.03961748633879782
2022-10-12,732,177,76,186,42,0.24180327868852458,0.2540983606557377
2022-10-13,730,284,118,128,65,0.38904109589041097,0.17534246575342466
2022-10-14,731,414,136,216,116,0.5663474692202463,0.2954856361149111
2022-10-17,730,519,111,262,216,0.7109589041095891,0.3589041095890411
2022-10-18,730,558,45,145,106,0.7643835616438356,0.19863013698630136
2022-10-19,730,563,19,78,13,0.7712328767123288,0.10684931506849316
2022-10-20,731,557,14,93,23,0.761969904240766,0.12722298221614228
2022-10-21,732,554,14,93,11,0.7568306010928961,0.12704918032786885
2022-10-24,732,525,6,108,3,0.7172131147540983,0.14754098360655737
2022-10-25,732,506,12,93,14,0.6912568306010929,0.12704918032786885
2022-10-26,731,518,21,230,56,0.7086183310533516,0.3146374829001368
2022-10-27,732,519,16,166,54,0.7090163934426229,0.226775956284153
2022-10-28,733,454,1,43,3,0.6193724420190996,0.058663028649386086
2022-10-31,734,413,11,99,42,0.5626702997275205,0.13487738419618528
2022-11-01,734,451,50,207,42,0.614441416893733,0.28201634877384196
2022-11-02,734,502,58,237,27,0.6839237057220708,0.3228882833787466
2022-11-03,734,527,32,164,36,0.717983651226158,0.22343324250681199
2022-11-04,734,588,64,317,181,0.8010899182561307,0.4318801089918256
2022-11-07,734,618,42,259,146,0.8419618528610354,0.3528610354223433
2022-11-08,735,631,21,140,33,0.8585034013605443,0.19047619047619047
2022-11-09,735,629,17,75,15,0.85578231292517,0.10204081632653061
2022-11-10,737,623,11,53,14,0.8453188602442334,0.07191316146540028
2022-11-11,738,609,19,238,8,0.8252032520325203,0.3224932249322493
2022-11-14,739,584,8,230,18,0.790257104194858,0.3112313937753721
2022-11-15,739,592,21,336,76,0.8010825439783491,0.4546684709066306
2022-11-16,739,587,11,182,35,0.7943166441136671,0.2462787550744249
2022-11-17,739,569,8,158,43,0.7699594046008119,0.21380243572395127
2022-11-18,739,540,7,67,21,0.7307171853856563,0.09066305818673884
2022-11-21,740,523,11,52,25,0.7067567567567568,0.07027027027027027
2022-11-22,740,471,5,67,12,0.6364864864864865,0.09054054054054055
2022-11-23,740,413,8,66,16,0.5581081081081081,0.0891891891891892
2022-11-24,740,370,15,57,39,0.5,0.07702702702702703
2022-11-25,740,329,19,99,34,0.4445945945945946,0.13378378378378378
2022-11-28,740,263,5,43,28,0.3554054054054054,0.05810810810810811
2022-11-29,740,286,40,130,59,0.3864864864864865,0.17567567567567569
2022-11-30,744,306,30,102,71,0.4112903225806452,0.13709677419354838
2022-12-01,744,343,45,144,80,0.46102150537634407,0.1935483870967742
2022-12-02,743,368,36,78,94,0.4952893674293405,0.10497981157469717
2022-12-05,741,409,53,229,111,0.5519568151147098,0.3090418353576248
2022-12-06,741,438,42,198,35,0.5910931174089069,0.26720647773279355
2022-12-07,741,439,23,120,25,0.5924426450742241,0.16194331983805668
2022-12-08,741,405,7,93,6,0.5465587044534413,0.12550607287449392
2022-12-09,741,386,15,152,22,0.5209176788124157,0.20512820512820512
2022-12-12,741,374,36,105,24,0.50472334682861,0.1417004048582996
2022-12-13,741,324,6,51,11,0.43724696356275305,0.06882591093117409
2022-12-14,741,282,9,72,25,0.3805668016194332,0.09716599190283401
2022-12-15,742,252,23,50,40,0.33962264150943394,0.0673854447439353
2022-12-16,744,221,7,45,9,0.2970430107526882,0.06048387096774194
2022-12-19,744,149,8,8,4,0.20026881720430106,0.010752688172043012
2022-12-20,745,98,5,3,7,0.13154362416107382,0.004026845637583893
2022-12-21,745,71,3,13,14,0.0953020134228188,0.0174496644295302
2022-12-22,746,56,8,14,4,0.07506702412868632,0.01876675603217158
2022-12-23,746,44,9,16,10,0.058981233243967826,0.021447721179624665
2022-12-26,747,57,22,71,15,0.07630522088353414,0.09504685408299866
2022-12-27,748,93,39,93,63,0.12433155080213903,0.12433155080213903
2022-12-28,748,135,45,50,66,0.1804812834224599,0.06684491978609626
2022-12-29,748,174,47,42,98,0.232620320855615,0.05614973262032086
2022-12-30,748,217,48,50,171,0.29010695187165775,0.06684491978609626
2023-01-03,748,307,93,196,53,0.410427807486631,0.2620320855614973
2023-01-04,748,375,83,217,30,0.5013368983957219,0.29010695187165775
2023-01-05,748,466,95,288,87,0.6229946524064172,0.3850267379679144
2023-01-06,748,540,83,270,116,0.7219251336898396,0.3609625668449198
2023-01-09,748,606,67,284,79,0.8101604278074866,0.37967914438502676
2023-01-10,748,617,25,204,18,0.8248663101604278,0.2727272727272727
2023-01-11,748,614,19,119,22,0.820855614973262,0.1590909090909091
2023-01-12,747,600,13,109,22,0.8032128514056225,0.1459170013386881
2023-01-13,747,606,18,209,33,0.8112449799196787,0.2797858099062918
2023-01-16,748,637,41,376,78,0.8516042780748663,0.5026737967914439
2023-01-17,749,654,25,291,35,0.8731642189586115,0.3885180240320427
2023-01-18,749,659,15,253,44,0.8798397863818425,0.3377837116154873
2023-01-19,749,645,7,352,46,0.8611481975967957,0.4699599465954606
2023-01-20,749,658,22,405,34,0.8785046728971962,0.540720961281709
2023-01-30,749,645,12,373,27,0.8611481975967957,0.4979973297730307
2023-01-31,749,630,11,264,14,0.8411214953271028,0.35246995994659547
2023-02-01,748,625,13,420,9,0.8355614973262032,0.5614973262032086
2023-02-02,750,619,8,373,18,0.8253333333333334,0.49733333333333335
2023-02-03,750,591,3,240,7,0.788,0.32
2023-02-06,750,545,5,137,11,0.7266666666666667,0.18266666666666667
2023-02-07,750,522,2,166,14,0.696,0.22133333333333333
2023-02-08,748,479,1,81,2,0.6403743315508021,0.10828877005347594
2023-02-09,748,478,17,222,29,0.6390374331550802,0.2967914438502674
2023-02-10,748,451,15,156,31,0.6029411764705882,0.20855614973262032
2023-02-13,749,449,27,201,92,0.5994659546061415,0.2683578104138852
2023-02-14,749,441,29,173,82,0.5887850467289719,0.23097463284379172
2023-02-15,750,422,13,164,38,0.5626666666666666,0.21866666666666668
2023-02-16,751,337,4,42,3,0.44873501997336884,0.0559254327563249
2023-02-17,753,224,5,33,8,0.29747675962815406,0.043824701195219126
2023-02-20,753,232,31,157,37,0.30810092961487384,0.20849933598937584
2023-02-21,753,243,52,164,28,0.32270916334661354,0.21779548472775564
2023-02-22,753,244,26,113,30,0.3240371845949535,0.150066401062417
2023-02-23,753,236,24,68,64,0.31341301460823373,0.0903054448871182
2023-02-24,753,207,11,51,97,0.2749003984063745,0.06772908366533864
2023-02-27,753,182,15,49,40,0.24169986719787517,0.0650730411686587
2023-02-28,753,193,25,63,20,0.25630810092961487,0.08366533864541832
2023-03-01,753,221,37,131,49,0.29349269588313415,0.17397078353253653
2023-03-02,753,263,60,153,67,0.34926958831341304,0.20318725099601595
2023-03-03,753,297,52,181,95,0.3944223107569721,0.2403718459495352
2023-03-06,753,284,35,164,99,0.37715803452855245,0.21779548472775564
2023-03-07,753,229,9,66,12,0.3041168658698539,0.08764940239043825
2023-03-08,753,208,13,57,3,0.27622841965471445,0.07569721115537849
2023-03-09,753,197,15,77,21,0.26162018592297476,0.10225763612217796
2023-03-10,753,164,15,48,12,0.21779548472775564,0.06374501992031872
2023-03-13,753,165,13,101,26,0.21912350597609562,0.1341301460823373
2023-03-14,753,171,23,98,46,0.22709163346613545,0.1301460823373174
2023-03-15,753,171,17,94,25,0.22709163346613545,0.1248339973439575
2023-03-16,754,156,18,53,20,0.20689655172413793,0.07029177718832891
2023-03-17,755,168,26,111,41,0.22251655629139072,0.14701986754966886
2023-03-20,755,177,26,119,27,0.23443708609271524,0.1576158940397351
2023-03-21,755,216,49,184,62,0.2860927152317881,0.24370860927152319
2023-03-22,755,275,71,192,46,0.36423841059602646,0.2543046357615894
2023-03-23,755,340,72,214,86,0.4503311258278146,0.28344370860927154
2023-03-24,755,393,63,206,94,0.5205298013245033,0.2728476821192053
2023-03-27,755,417,45,159,98,0.552317880794702,0.21059602649006623
2023-03-28,755,409,29,73,18,0.5417218543046357,0.09668874172185431
2023-03-29,755,409,21,77,15,0.5417218543046357,0.10198675496688742
2023-03-30,755,433,50,141,29,0.5735099337748344,0.18675496688741722
2023-03-31,755,461,45,173,38,0.6105960264900663,0.22913907284768212
2023-04-03,755,504,62,289,86,0.6675496688741722,0.3827814569536424
2023-04-04,755,521,38,256,64,0.6900662251655629,0.3390728476821192
2023-04-06,755,545,41,227,94,0.7218543046357616,0.30066225165562915
2023-04-07,755,569,36,218,53,0.7536423841059603,0.28874172185430463
2023-04-10,756,581,37,145,29,0.7685185185185185,0.1917989417989418
2023-04-11,756,561,22,125,20,0.7420634920634921,0.16534391534391535
2023-04-12,756,567,29,179,35,0.75,0.23677248677248677
2023-04-13,756,519,14,117,27,0.6865079365079365,0.15476190476190477
2023-04-14,757,508,18,169,29,0.6710700132100397,0.22324966974900926
2023-04-17,757,498,30,237,57,0.6578599735799208,0.3130779392338177
2023-04-18,758,484,17,171,40,0.6385224274406333,0.22559366754617413
2023-04-19,758,463,12,123,30,0.6108179419525066,0.16226912928759896
2023-04-20,758,430,19,123,57,0.5672823218997362,0.16226912928759896
2023-04-21,758,334,6,40,12,0.44063324538258575,0.052770448548812667
2023-04-24,758,238,5,45,8,0.31398416886543534,0.059366754617414245
2023-04-25,758,181,9,57,6,0.23878627968337732,0.07519788918205805
2023-04-26,758,164,13,54,9,0.21635883905013192,0.0712401055408971
2023-04-27,758,155,23,88,19,0.20448548812664907,0.11609498680738786
2023-04-28,758,183,40,118,37,0.24142480211081793,0.15567282321899736
2023-05-04,757,210,46,153,64,0.2774108322324967,0.202113606340819
2023-05-05,759,223,27,101,79,0.2938076416337286,0.13306982872200263
2023-05-08,759,256,44,151,66,0.3372859025032938,0.19894598155467721
2023-05-09,759,253,20,78,38,0.3333333333333333,0.10276679841897234
2023-05-10,759,264,27,37,12,0.34782608695652173,0.048748353096179184
2023-05-11,759,275,30,59,17,0.36231884057971014,0.077733860342556
2023-05-12,759,259,16,29,40,0.3412384716732543,0.03820816864295125
2023-05-15,761,280,42,79,40,0.3679369250985545,0.1038107752956636
2023-05-16,761,302,47,46,68,0.3968462549277267,0.06044678055190539
2023-05-17,761,316,36,58,60,0.4152431011826544,0.07621550591327202
2023-05-18,762,332,43,77,73,0.4356955380577428,0.1010498687664042
2023-05-19,762,367,59,101,92,0.4816272965879265,0.1325459317585302
2023-05-22,762,416,69,81,38,0.5459317585301837,0.1062992125984252
2023-05-23,762,417,27,51,23,0.547244094488189,0.06692913385826772
2023-05-24,762,394,9,59,18,0.5170603674540682,0.07742782152230972
2023-05-25,762,383,17,61,21,0.5026246719160105,0.08005249343832022
2023-05-26,762,380,26,117,26,0.49868766404199477,0.15354330708661418
2023-05-29,762,384,37,125,23,0.5039370078740157,0.16404199475065617
2023-05-30,762,380,21,135,38,0.49868766404199477,0.17716535433070865
2023-05-31,764,374,32,140,59,0.4895287958115183,0.18324607329842932
2023-06-01,765,386,29,108,63,0.5045751633986928,0.1411764705882353
2023-06-02,765,429,58,169,33,0.5607843137254902,0.22091503267973855
2023-06-05,765,459,44,123,51,0.6,0.1607843137254902
2023-06-06,765,423,13,34,24,0.5529411764705883,0.044444444444444446
2023-06-07,765,399,18,55,69,0.5215686274509804,0.0718954248366013
2023-06-08,766,390,30,110,45,0.5091383812010444,0.14360313315926893
2023-06-09,766,423,53,144,24,0.5522193211488251,0.18798955613577023
2023-06-12,766,453,46,133,34,0.5913838120104439,0.17362924281984335
2023-06-13,767,483,39,157,89,0.6297262059973925,0.2046936114732725
2023-06-14,768,516,45,164,87,0.671875,0.21354166666666666
2023-06-15,768,546,49,233,116,0.7109375,0.3033854166666667
2023-06-16,767,581,49,243,68,0.757496740547588,0.31681877444589307
2023-06-19,767,592,23,190,37,0.771838331160365,0.24771838331160365
2023-06-20,767,588,20,196,27,0.7666232073011734,0.25554106910039115
2023-06-21,767,527,6,58,18,0.6870925684485006,0.07561929595827901
2023-06-26,767,415,4,36,13,0.5410691003911343,0.0469361147327249
2023-06-27,768,400,24,78,15,0.5208333333333334,0.1015625
2023-06-28,768,370,23,90,14,0.4817708333333333,0.1171875
2023-06-29,769,357,30,93,22,0.46423927178153446,0.12093628088426528
2023-06-30,769,384,42,154,75,0.49934980494148246,0.20026007802340703
2023-07-03,769,463,91,192,167,0.6020806241872562,0.24967490247074123
2023-07-04,769,520,68,175,117,0.6762028608582574,0.22756827048114434
2023-07-05,769,514,23,97,65,0.6684005201560468,0.12613784135240572
2023-07-06,771,507,20,69,43,0.6575875486381323,0.08949416342412451
2023-07-07,771,475,7,61,14,0.6160830090791181,0.07911802853437094
2023-07-10,771,446,15,100,15,0.5784695201037614,0.1297016861219196
2023-07-11,771,473,42,139,27,0.6134889753566797,0.18028534370946822
2023-07-12,771,452,17,88,23,0.5862516212710766,0.11413748378728923
2023-07-13,771,484,47,263,121,0.6277561608300908,0.3411154345006485
2023-07-14,771,487,26,182,52,0.6316472114137484,0.23605706874189364
2023-07-17,771,467,17,84,33,0.6057068741893644,0.10894941634241245
2023-07-18,772,445,11,86,18,0.5764248704663213,0.11139896373056994
2023-07-19,772,438,22,92,70,0.5673575129533679,0.11917098445595854
2023-07-20,772,371,5,59,7,0.4805699481865285,0.07642487046632124
2023-07-21,772,340,12,74,18,0.44041450777202074,0.09585492227979274
2023-07-24,772,303,8,36,15,0.39248704663212436,0.046632124352331605
2023-07-25,772,345,54,211,86,0.44689119170984454,0.27331606217616583
2023-07-26,772,353,19,200,32,0.4572538860103627,0.25906735751295334
2023-07-27,772,338,13,130,34,0.4378238341968912,0.16839378238341968
2023-07-28,772,356,31,234,66,0.46113989637305697,0.30310880829015546
2023-07-31,772,405,56,269,96,0.5246113989637305,0.3484455958549223
2023-08-01,773,427,32,199,16,0.5523932729624839,0.2574385510996119
2023-08-02,773,424,21,110,32,0.5485122897800776,0.1423027166882277
2023-08-03,773,436,32,130,72,0.5640362225097024,0.16817593790426907
2023-08-04,773,458,37,155,53,0.592496765847348,0.20051746442432083
2023-08-07,774,441,15,75,26,0.5697674418604651,0.09689922480620156
2023-08-08,774,422,25,45,30,0.5452196382428941,0.05813953488372093
2023-08-09,774,378,5,33,29,0.4883720930232558,0.04263565891472868
2023-08-10,775,340,19,69,30,0.43870967741935485,0.08903225806451613
2023-08-11,776,228,4,15,8,0.29381443298969073,0.019329896907216496
2023-08-14,776,174,9,24,10,0.22422680412371135,0.030927835051546393
2023-08-15,776,149,7,15,15,0.19201030927835053,0.019329896907216496
2023-08-16,776,105,5,11,14,0.13530927835051546,0.014175257731958763
2023-08-17,776,99,8,32,14,0.12757731958762886,0.041237113402061855
2023-08-18,776,86,8,13,17,0.11082474226804123,0.01675257731958763
2023-08-21,776,72,6,12,10,0.09278350515463918,0.015463917525773196
2023-08-22,777,89,28,57,13,0.11454311454311454,0.07335907335907337
2023-08-23,778,90,9,15,30,0.11568123393316196,0.019280205655526992
2023-08-24,778,92,17,46,11,0.11825192802056556,0.05912596401028278
2023-08-25,778,88,14,20,21,0.11311053984575835,0.02570694087403599
2023-08-28,779,96,18,85,56,0.12323491655969192,0.10911424903722722
2023-08-29,779,192,100,239,57,0.24646983311938384,0.306803594351733
2023-08-30,779,355,169,251,152,0.4557124518613607,0.32220795892169446
2023-08-31,780,431,82,144,75,0.5525641025641026,0.18461538461538463
2023-09-01,780,497,73,140,194,0.6371794871794871,0.1794871794871795
2023-09-04,780,593,108,276,115,0.7602564102564102,0.35384615384615387
2023-09-05,780,619,33,161,10,0.7935897435897435,0.2064102564102564
2023-09-06,780,628,25,231,13,0.8051282051282052,0.29615384615384616
2023-09-07,780,596,3,52,14,0.764102564102564,0.06666666666666667
2023-09-08,780,546,9,84,15,0.7,0.1076923076923077
2023-09-11,781,573,37,121,36,0.7336747759282971,0.15492957746478872
2023-09-12,781,574,23,78,28,0.734955185659411,0.0998719590268886
2023-09-13,781,546,7,41,18,0.6991037131882202,0.052496798975672214
2023-09-14,781,521,20,83,67,0.6670934699103713,0.10627400768245839
2023-09-15,781,467,13,71,57,0.5979513444302177,0.09090909090909091
2023-09-18,781,450,23,50,20,0.5761843790012804,0.06402048655569782
2023-09-19,782,407,9,42,22,0.520460358056266,0.05370843989769821
2023-09-20,782,348,15,41,14,0.44501278772378516,0.052429667519181586
2023-09-21,782,287,8,19,7,0.3670076726342711,0.024296675191815855
2023-09-22,784,335,64,109,50,0.4272959183673469,0.13903061224489796
2023-09-25,784,349,42,79,27,0.4451530612244898,0.10076530612244898
2023-09-26,784,346,38,39,44,0.4413265306122449,0.04974489795918367
2023-09-27,784,357,45,88,111,0.45535714285714285,0.11224489795918367
2023-09-28,784,396,59,103,85,0.5051020408163265,0.13137755102040816
2023-10-09,784,406,43,93,24,0.5178571428571429,0.11862244897959184
2023-10-10,784,415,38,78,36,0.5293367346938775,0.09948979591836735
2023-10-11,784,432,37,144,86,0.5510204081632653,0.1836734693877551
2023-10-12,784,456,39,206,57,0.5816326530612245,0.2627551020408163
2023-10-13,785,460,22,136,25,0.5859872611464968,0.1732484076433121
2023-10-16,786,419,13,63,10,0.5330788804071247,0.08015267175572519
2023-10-17,786,401,15,69,23,0.510178117048346,0.08778625954198473
2023-10-18,786,330,12,38,39,0.4198473282442748,0.04834605597964377
2023-10-19,786,236,3,23,7,0.30025445292620867,0.029262086513994912
2023-10-20,786,166,6,24,5,0.21119592875318066,0.030534351145038167
2023-10-23,787,98,3,21,4,0.12452350698856417,0.026683608640406607
2023-10-24,787,99,18,33,6,0.12579415501905972,0.04193138500635324
2023-10-25,787,117,28,109,17,0.14866581956797967,0.13850063532401524
2023-10-26,787,162,51,131,29,0.20584498094027953,0.16645489199491742
2023-10-27,789,284,126,283,84,0.35994930291508237,0.35868187579214195
2023-10-30,790,472,191,295,335,0.5974683544303797,0.37341772151898733
2023-10-31,790,511,49,135,111,0.6468354430379747,0.17088607594936708
2023-11-01,790,547,45,109,39,0.6924050632911393,0.1379746835443038
2023-11-02,790,536,17,39,16,0.6784810126582278,0.049367088607594936
2023-11-03,790,576,48,143,18,0.7291139240506329,0.1810126582278481
2023-11-06,789,624,59,485,68,0.7908745247148289,0.614702154626109
2023-11-07,789,648,29,362,54,0.8212927756653993,0.458808618504436
2023-11-08,789,653,15,253,27,0.8276299112801014,0.320659062103929
2023-11-09,789,655,10,127,46,0.8301647655259823,0.16096324461343473
2023-11-10,790,649,18,62,12,0.8215189873417722,0.07848101265822785
2023-11-13,790,652,20,116,22,0.8253164556962025,0.1468354430379747
2023-11-14,790,637,10,143,13,0.8063291139240506,0.1810126582278481
2023-11-15,791,656,26,167,66,0.8293299620733249,0.2111251580278129
2023-11-16,791,629,12,67,28,0.7951959544879899,0.08470290771175727
2023-11-17,791,611,8,89,58,0.7724399494310998,0.1125158027812895
2023-11-20,791,600,19,152,53,0.7585335018963337,0.19216182048040456
2023-11-21,791,587,14,73,43,0.7420986093552465,0.0922882427307206
2023-11-22,792,496,6,31,6,0.6262626262626263,0.039141414141414144
2023-11-23,792,477,18,69,51,0.6022727272727273,0.08712121212121213
2023-11-24,793,403,10,69,44,0.5081967213114754,0.08701134930643127
2023-11-27,793,327,6,62,13,0.4123581336696091,0.07818411097099622
2023-11-28,794,314,23,77,32,0.3954659949622166,0.09697732997481108
2023-11-29,794,280,20,61,62,0.3526448362720403,0.07682619647355164
2023-11-30,794,257,16,72,18,0.3236775818639798,0.0906801007556675
2023-12-01,794,240,19,86,50,0.3022670025188917,0.10831234256926953
2023-12-04,795,239,27,97,38,0.30062893081761005,0.1220125786163522
2023-12-05,796,182,5,27,10,0.228643216080402,0.03391959798994975
2023-12-06,796,166,14,52,20,0.20854271356783918,0.06532663316582915
2023-12-07,795,164,21,49,32,0.20628930817610064,0.061635220125786164
2023-12-08,796,180,36,109,30,0.22613065326633167,0.13693467336683418
2023-12-11,796,219,45,184,27,0.2751256281407035,0.23115577889447236
2023-12-12,796,267,55,152,102,0.33542713567839194,0.19095477386934673
2023-12-13,796,249,18,45,53,0.3128140703517588,0.056532663316582916
2023-12-14,796,239,11,33,52,0.30025125628140703,0.0414572864321608
2023-12-15,796,216,11,24,41,0.271356783919598,0.03015075376884422
2023-12-18,796,167,7,13,15,0.20979899497487436,0.016331658291457288
2023-12-19,796,160,22,26,6,0.20100502512562815,0.032663316582914576
2023-12-20,796,137,11,22,20,0.1721105527638191,0.02763819095477387
2023-12-21,796,153,33,43,32,0.1922110552763819,0.05402010050251256
2023-12-22,796,172,40,104,32,0.21608040201005024,0.1306532663316583
2023-12-25,795,223,58,80,50,0.28050314465408804,0.10062893081761007
2023-12-26,794,239,36,51,60,0.30100755667506296,0.06423173803526448
2023-12-27,794,266,43,84,74,0.3350125944584383,0.10579345088161209
2023-12-28,794,371,110,296,58,0.4672544080604534,0.37279596977329976
2023-12-29,794,484,115,316,83,0.6095717884130982,0.3979848866498741
2024-01-02,795,539,59,186,66,0.6779874213836478,0.2339622641509434
2024-01-03,795,554,37,169,159,0.6968553459119496,0.21257861635220127
2024-01-04,795,523,14,110,34,0.6578616352201258,0.13836477987421383
2024-01-05,795,450,4,80,10,0.5660377358490566,0.10062893081761007
2024-01-08,795,338,0,32,3,0.42515723270440253,0.04025157232704402
2024-01-09,796,283,4,47,3,0.3555276381909548,0.059045226130653265
2024-01-10,797,261,7,31,7,0.32747804265997493,0.03889585947302384
2024-01-11,797,278,38,67,30,0.34880803011292344,0.08406524466750313
2024-01-12,795,286,21,54,33,0.35974842767295595,0.06792452830188679
2024-01-15,798,290,23,67,69,0.3634085213032581,0.08395989974937343
2024-01-16,799,295,21,83,47,0.3692115143929912,0.10387984981226533
2024-01-17,800,221,2,13,11,0.27625,0.01625
2024-01-18,800,209,16,51,14,0.26125,0.06375
2024-01-19,801,196,18,27,15,0.24469413233458176,0.033707865168539325
2024-01-22,801,116,3,10,3,0.14481897627965043,0.012484394506866416
2024-01-23,801,120,20,29,5,0.149812734082397,0.03620474406991261
2024-01-24,801,144,34,94,41,0.1797752808988764,0.11735330836454431
2024-01-25,801,262,120,335,48,0.32709113607990015,0.418227215980025
2024-01-26,801,354,103,182,37,0.4419475655430712,0.2272159800249688
2024-01-29,801,360,46,90,164,0.449438202247191,0.11235955056179775
2024-01-30,801,314,3,20,52,0.3920099875156055,0.024968789013732832
2024-01-31,801,235,1,27,2,0.2933832709113608,0.033707865168539325
2024-02-01,801,205,5,11,0,0.25593008739076156,0.01373283395755306
2024-02-02,802,169,9,17,2,0.21072319201995013,0.02119700748129676
2024-02-05,803,160,17,74,5,0.199252801992528,0.0921544209215442
2024-02-06,803,226,69,261,76,0.28144458281444584,0.32503113325031135
2024-02-07,803,373,149,357,76,0.46450809464508097,0.44458281444582815
2024-02-08,803,539,172,426,60,0.6712328767123288,0.5305105853051059
2024-02-19,805,645,106,332,182,0.8012422360248447,0.4124223602484472
2024-02-20,805,725,82,206,267,0.9006211180124224,0.25590062111801243
2024-02-21,805,759,34,188,46,0.9428571428571428,0.23354037267080746
2024-02-22,805,788,30,312,17,0.9788819875776398,0.3875776397515528
2024-02-23,805,797,12,306,3,0.9900621118012423,0.3801242236024845
2024-02-26,805,794,1,263,5,0.986335403726708,0.3267080745341615
2024-02-27,805,781,0,517,17,0.9701863354037267,0.6422360248447205
2024-02-28,805,765,0,46,4,0.9503105590062112,0.05714285714285714
2024-02-29,805,753,5,278,13,0.9354037267080745,0.3453416149068323
2024-03-01,806,741,4,359,16,0.9193548387096774,0.445409429280397
2024-03-04,806,728,9,291,43,0.9032258064516129,0.3610421836228288
2024-03-05,807,715,8,170,32,0.885997521685254,0.21065675340768278
2024-03-06,806,698,4,107,72,0.8660049627791563,0.1327543424317618
2024-03-07,806,680,4,81,6,0.8436724565756824,0.10049627791563276
2024-03-08,806,661,9,137,10,0.8200992555831266,0.16997518610421836
2024-03-11,806,663,13,202,56,0.8225806451612904,0.2506203473945409
2024-03-12,807,658,23,151,85,0.815365551425031,0.18711276332094176
2024-03-13,807,649,14,173,91,0.8042131350681536,0.21437422552664187
2024-03-14,807,615,3,78,54,0.7620817843866171,0.09665427509293681
2024-03-15,807,591,7,127,29,0.7323420074349443,0.15737298636926889
2024-03-18,807,593,12,245,23,0.734820322180917,0.30359355638166047
2024-03-19,807,569,5,153,31,0.7050805452292441,0.1895910780669145
2024-03-20,806,542,7,147,34,0.6724565756823822,0.18238213399503722
2024-03-21,806,505,6,149,61,0.6265508684863523,0.184863523573201
2024-03-22,807,405,2,76,12,0.5018587360594795,0.09417596034696406
2024-03-25,807,268,3,38,14,0.33209417596034696,0.04708798017348203
2024-03-26,807,203,7,59,31,0.25154894671623296,0.07311028500619579
2024-03-27,808,127,9,41,4,0.15717821782178218,0.050742574257425746
2024-03-28,808,114,10,45,16,0.14108910891089108,0.055693069306930694
2024-03-29,808,129,26,109,47,0.15965346534653466,0.1349009900990099
2024-04-01,808,166,40,266,68,0.20544554455445543,0.3292079207920792
2024-04-02,808,223,65,166,62,0.275990099009901,0.20544554455445543
2024-04-03,808,259,51,145,168,0.32054455445544555,0.17945544554455445
2024-04-08,808,237,22,116,20,0.2933168316831683,0.14356435643564355
2024-04-09,808,249,34,94,21,0.30816831683168316,0.11633663366336634
2024-04-10,809,246,13,87,4,0.30407911001236093,0.10754017305315204
2024-04-11,809,247,19,103,12,0.3053152039555006,0.1273176761433869
2024-04-12,809,219,12,94,17,0.27070457354758964,0.1161928306551298
2024-04-15,809,221,26,182,45,0.273176761433869,0.2249690976514215
2024-04-16,809,193,11,74,12,0.23856613102595797,0.09147095179233622
2024-04-17,809,203,19,167,37,0.25092707045735474,0.20642768850432633
2024-04-18,810,230,39,130,62,0.2839506172839506,0.16049382716049382
2024-04-19,810,246,30,107,56,0.3037037037037037,0.13209876543209875
2024-04-22,810,249,31,76,26,0.3074074074074074,0.09382716049382717
2024-04-23,810,248,37,51,124,0.30617283950617286,0.06296296296296296
2024-04-24,810,287,64,86,46,0.35432098765432096,0.10617283950617284
2024-04-25,810,330,67,87,39,0.4074074074074074,0.10740740740740741
2024-04-26,810,459,148,287,168,0.5666666666666667,0.35432098765432096
2024-04-29,810,548,102,457,109,0.6765432098765433,0.5641975308641975
2024-04-30,810,571,38,336,60,0.7049382716049383,0.4148148148148148
2024-05-06,810,610,43,384,58,0.7530864197530864,0.4740740740740741
2024-05-07,810,628,25,315,39,0.7753086419753087,0.3888888888888889
2024-05-08,810,628,12,101,18,0.7753086419753087,0.12469135802469136
2024-05-09,810,636,20,248,19,0.7851851851851852,0.30617283950617286
2024-05-10,810,623,15,207,23,0.7691358024691358,0.25555555555555554
2024-05-13,810,601,10,148,12,0.7419753086419754,0.18271604938271604
2024-05-14,810,566,12,131,22,0.6987654320987654,0.1617283950617284
2024-05-15,810,508,5,54,26,0.6271604938271605,0.06666666666666667
2024-05-16,810,459,10,80,6,0.5666666666666667,0.09876543209876543
2024-05-17,810,467,36,153,45,0.5765432098765432,0.18888888888888888
2024-05-20,810,489,66,184,119,0.6037037037037037,0.2271604938271605
2024-05-21,810,455,20,94,53,0.5617283950617284,0.11604938271604938
2024-05-22,810,439,31,103,84,0.5419753086419753,0.1271604938271605
2024-05-23,811,341,8,41,20,0.4204685573366215,0.05055487053020962
2024-05-24,811,248,5,24,12,0.30579531442663377,0.029593094944512947
2024-05-27,811,236,25,81,15,0.2909987669543773,0.0998766954377312
2024-05-28,811,220,22,67,19,0.2712700369913687,0.08261405672009864
2024-05-29,811,203,16,67,19,0.25030826140567203,0.08261405672009864
2024-05-30,811,205,27,58,38,0.2527743526510481,0.07151664611590629
2024-05-31,811,212,32,56,95,0.26140567200986436,0.0690505548705302
2024-06-03,811,217,29,80,40,0.2675709001233046,0.09864364981504316
2024-06-04,812,219,28,103,76,0.2697044334975369,0.1268472906403941
2024-06-05,812,241,48,63,36,0.29679802955665024,0.07758620689655173
2024-06-06,812,219,18,71,27,0.2697044334975369,0.0874384236453202
2024-06-07,812,198,13,70,39,0.2438423645320197,0.08620689655172414
2024-06-11,811,217,34,103,34,0.2675709001233046,0.12700369913686807
2024-06-12,812,242,38,128,21,0.29802955665024633,0.15763546798029557
2024-06-13,812,290,55,148,37,0.35714285714285715,0.18226600985221675
2024-06-14,812,329,57,116,97,0.4051724137931034,0.14285714285714285
2024-06-17,812,346,37,121,69,0.42610837438423643,0.14901477832512317
2024-06-18,812,370,41,132,52,0.45566502463054187,0.1625615763546798
2024-06-19,812,362,19,78,20,0.4458128078817734,0.0960591133004926
2024-06-20,813,319,9,52,36,0.3923739237392374,0.06396063960639606
2024-06-21,814,297,13,42,18,0.36486486486486486,0.051597051597051594
2024-06-24,814,223,13,14,21,0.273955773955774,0.0171990171990172
2024-06-25,813,129,10,17,11,0.15867158671586715,0.020910209102091022
2024-06-26,814,138,23,62,8,0.16953316953316952,0.07616707616707617
2024-06-27,814,114,16,28,16,0.14004914004914004,0.0343980343980344
2024-06-28,814,147,45,61,26,0.18058968058968058,0.07493857493857493
2024-07-01,814,214,72,146,72,0.2628992628992629,0.17936117936117937
2024-07-02,815,257,55,88,106,0.31533742331288345,0.10797546012269939
2024-07-03,815,258,28,57,16,0.3165644171779141,0.06993865030674846
2024-07-04,815,235,8,31,33,0.2883435582822086,0.03803680981595092
2024-07-05,815,228,10,32,31,0.27975460122699386,0.0392638036809816
2024-07-08,815,195,9,38,3,0.2392638036809816,0.046625766871165646
2024-07-09,815,236,54,156,55,0.28957055214723926,0.19141104294478528
2024-07-10,815,260,50,97,32,0.31901840490797545,0.11901840490797547
2024-07-11,815,425,174,232,105,0.5214723926380368,0.2846625766871166
2024-07-12,815,531,120,155,87,0.6515337423312884,0.1901840490797546
2024-07-15,815,555,40,84,162,0.6809815950920245,0.10306748466257669
2024-07-16,815,584,41,147,61,0.7165644171779141,0.18036809815950922
2024-07-17,815,582,34,116,55,0.7141104294478527,0.1423312883435583
2024-07-18,815,594,34,189,15,0.7288343558282209,0.23190184049079754
2024-07-19,815,596,24,208,31,0.7312883435582822,0.2552147239263804
2024-07-22,815,591,16,207,55,0.7251533742331289,0.25398773006134967
2024-07-23,816,527,6,17,10,0.6458333333333334,0.020833333333333332
2024-07-24,816,418,9,31,8,0.5122549019607843,0.03799019607843137
2024-07-25,815,334,7,25,8,0.4098159509202454,0.03067484662576687
2024-07-26,815,356,49,77,10,0.4368098159509202,0.09447852760736196
2024-07-29,815,347,32,53,8,0.42576687116564416,0.06503067484662577
2024-07-30,815,340,27,49,44,0.4171779141104294,0.06012269938650307
2024-07-31,815,472,133,365,182,0.5791411042944785,0.44785276073619634
2024-08-01,815,522,56,169,159,0.6404907975460122,0.20736196319018405
2024-08-02,815,518,15,34,42,0.6355828220858896,0.04171779141104295
2024-08-05,815,441,8,11,27,0.5411042944785276,0.013496932515337423
2024-08-06,815,434,20,64,62,0.5325153374233129,0.0785276073619632
2024-08-07,815,434,17,63,6,0.5325153374233129,0.07730061349693251
2024-08-08,816,437,20,63,15,0.5355392156862745,0.07720588235294118
2024-08-09,816,421,16,32,18,0.5159313725490197,0.0392156862745098
2024-08-12,817,398,15,30,69,0.48714810281517745,0.03671970624235006
2024-08-13,817,408,34,31,64,0.49938800489596086,0.037943696450428395
2024-08-14,818,379,17,20,33,0.4633251833740831,0.02444987775061125
2024-08-15,818,391,38,46,67,0.4779951100244499,0.05623471882640587
2024-08-16,818,409,51,66,67,0.5,0.08068459657701711
2024-08-19,818,439,63,146,83,0.5366748166259169,0.1784841075794621
2024-08-20,818,373,11,47,2,0.4559902200488998,0.05745721271393643
2024-08-21,818,354,23,49,42,0.43276283618581907,0.05990220048899755
2024-08-22,818,313,18,45,8,0.38264058679706603,0.0550122249388753
2024-08-23,818,306,23,61,10,0.3740831295843521,0.0745721271393643
2024-08-26,818,314,26,79,12,0.38386308068459657,0.09657701711491443
2024-08-27,818,293,11,60,16,0.3581907090464548,0.07334963325183375
2024-08-28,818,291,23,40,22,0.35574572127139364,0.0488997555012225
2024-08-29,818,323,63,144,69,0.39486552567237165,0.17603911980440098
2024-08-30,818,471,166,338,163,0.5757946210268948,0.4132029339853301
2024-09-02,818,454,24,66,28,0.5550122249388753,0.08068459657701711
2024-09-03,817,497,57,107,123,0.6083231334149327,0.13096695226438188
2024-09-04,817,488,25,61,85,0.5973072215422277,0.07466340269277846
2024-09-05,817,536,71,84,27,0.6560587515299877,0.10281517747858017
2024-09-06,816,483,8,26,10,0.5919117647058824,0.031862745098039214
2024-09-09,816,424,10,12,38,0.5196078431372549,0.014705882352941176
2024-09-10,816,410,28,36,22,0.5024509803921569,0.04411764705882353
2024-09-11,816,413,35,77,36,0.5061274509803921,0.09436274509803921
2024-09-12,816,393,12,30,11,0.48161764705882354,0.03676470588235294
2024-09-13,817,346,15,40,27,0.423500611995104,0.04895960832313342
2024-09-18,817,323,40,94,55,0.3953488372093023,0.11505507955936352
2024-09-19,818,409,97,173,61,0.5,0.2114914425427873
2024-09-20,818,436,49,128,65,0.5330073349633252,0.15647921760391198
2024-09-23,818,470,61,127,70,0.5745721271393643,0.1552567237163814
2024-09-24,818,663,195,559,200,0.8105134474327629,0.6833740831295844
2024-09-25,818,728,69,560,122,0.8899755501222494,0.684596577017115
2024-09-26,818,779,51,715,96,0.9523227383863081,0.8740831295843521
2024-09-27,818,801,22,781,65,0.9792176039119804,0.9547677261613692
2024-09-30,819,818,16,815,15,0.9987789987789988,0.9951159951159951
2024-10-08,819,819,1,805,0,1.0,0.9829059829059829
2024-10-09,819,818,0,358,0,0.9987789987789988,0.4371184371184371
2024-10-10,820,816,0,213,0,0.9951219512195122,0.2597560975609756
2024-10-11,820,815,0,26,1,0.9939024390243902,0.03170731707317073
2024-10-14,820,816,3,132,2,0.9951219512195122,0.16097560975609757
2024-10-15,820,805,0,42,1,0.9817073170731707,0.05121951219512195
2024-10-16,820,780,0,58,44,0.9512195121951219,0.07073170731707316
2024-10-17,820,667,1,52,28,0.8134146341463414,0.06341463414634146
2024-10-18,820,622,13,279,143,0.7585365853658537,0.3402439024390244
2024-10-21,820,593,22,201,91,0.723170731707317,0.2451219512195122
2024-10-22,819,586,25,164,253,0.7155067155067155,0.20024420024420025
2024-10-23,820,562,21,92,131,0.6853658536585366,0.11219512195121951
2024-10-24,820,489,9,55,31,0.5963414634146341,0.06707317073170732
2024-10-25,820,459,34,159,9,0.5597560975609757,0.19390243902439025
2024-10-28,819,439,31,157,26,0.536019536019536,0.1916971916971917
2024-10-29,819,357,9,66,11,0.4358974358974359,0.08058608058608059
2024-10-30,819,266,13,90,24,0.3247863247863248,0.10989010989010989
2024-10-31,819,249,22,155,48,0.304029304029304,0.18925518925518925
2024-11-01,817,191,16,70,18,0.23378212974296206,0.08567931456548347
2024-11-04,817,187,21,110,23,0.22888616891064872,0.1346389228886169
2024-11-05,818,247,66,318,154,0.3019559902200489,0.38875305623471884
2024-11-06,818,292,58,241,114,0.3569682151589242,0.2946210268948655
2024-11-07,817,396,116,436,92,0.4847001223990208,0.5336597307221542
2024-11-08,818,445,63,274,83,0.5440097799511002,0.33496332518337407
2024-11-11,819,515,89,348,24,0.6288156288156288,0.4249084249084249
2024-11-12,818,478,23,215,6,0.5843520782396088,0.2628361858190709
2024-11-13,818,457,26,141,13,0.558679706601467,0.17237163814180928
2024-11-14,819,295,6,21,3,0.3601953601953602,0.02564102564102564
2024-11-15,820,142,7,24,2,0.17317073170731706,0.02926829268292683
2024-11-18,820,77,2,24,16,0.09390243902439024,0.02926829268292683
2024-11-19,821,76,10,32,28,0.0925700365408039,0.0389768574908648
2024-11-20,821,75,11,64,20,0.09135200974421437,0.0779537149817296
2024-11-21,821,88,22,48,67,0.1071863580998782,0.058465286236297195
2024-11-22,821,68,7,16,32,0.0828258221680877,0.0194884287454324
2024-11-25,821,56,5,17,36,0.0682095006090134,0.020706455542021926
2024-11-26,822,52,10,21,14,0.06326034063260341,0.025547445255474453
2024-11-27,822,60,14,54,13,0.072992700729927,0.06569343065693431
2024-11-28,821,72,14,39,12,0.0876979293544458,0.047503045066991476
2024-11-29,823,83,15,66,78,0.10085054678007291,0.08019441069258809
2024-12-02,823,113,38,150,230,0.13730255164034022,0.1822600243013366
2024-12-03,823,166,57,96,233,0.20170109356014582,0.1166464155528554
2024-12-04,823,195,44,47,38,0.23693803159173754,0.05710814094775213
2024-12-05,823,221,40,37,58,0.26852976913730253,0.04495747266099635
2024-12-06,823,286,73,186,42,0.34750911300121506,0.22600243013365734
2024-12-09,823,302,42,152,16,0.3669501822600243,0.18469015795868773
2024-12-10,823,355,58,204,55,0.4313487241798299,0.24787363304981774
2024-12-11,824,422,77,212,88,0.5121359223300971,0.25728155339805825
2024-12-12,824,504,89,318,75,0.6116504854368932,0.3859223300970874
2024-12-13,825,439,11,57,8,0.5321212121212121,0.06909090909090909
2024-12-16,825,333,9,61,11,0.4036363636363636,0.07393939393939394
2024-12-17,825,252,14,41,10,0.3054545454545455,0.0496969696969697
2024-12-18,824,235,14,75,8,0.28519417475728154,0.09101941747572816
2024-12-19,824,231,30,96,22,0.2803398058252427,0.11650485436893204
2024-12-20,824,239,34,117,38,0.29004854368932037,0.14199029126213591
2024-12-23,823,224,15,68,44,0.27217496962332927,0.08262454434993925
2024-12-24,823,255,38,114,102,0.30984204131227217,0.1385176184690158
2024-12-25,823,264,24,83,33,0.32077764277035237,0.10085054678007291
2024-12-26,823,295,45,117,35,0.35844471445929527,0.1421628189550425
2024-12-27,823,319,33,95,54,0.38760631834750914,0.11543134872417983
2024-12-30,822,343,40,122,74,0.4172749391727494,0.14841849148418493
2024-12-31,822,276,13,32,9,0.3357664233576642,0.038929440389294405
2025-01-02,823,146,4,12,6,0.17739975698663427,0.014580801944106925
2025-01-03,823,90,10,16,7,0.10935601458080195,0.019441069258809233
2025-01-06,823,77,9,20,15,0.09356014580801944,0.024301336573511544
2025-01-07,824,75,5,54,9,0.09101941747572816,0.06553398058252427
2025-01-08,824,89,17,52,16,0.10800970873786407,0.06310679611650485
2025-01-09,824,104,20,43,27,0.1262135922330097,0.05218446601941747
2025-01-10,823,102,11,27,48,0.12393681652490887,0.032806804374240585
2025-01-13,823,110,24,38,69,0.1336573511543135,0.046172539489671933
2025-01-14,824,179,72,440,91,0.21723300970873785,0.5339805825242718
2025-01-15,824,263,92,86,71,0.3191747572815534,0.10436893203883495
2025-01-16,824,358,98,115,72,0.4344660194174757,0.1395631067961165
2025-01-17,826,494,138,159,273,0.5980629539951574,0.19249394673123488
2025-01-20,826,610,118,162,120,0.738498789346247,0.19612590799031476
2025-01-21,827,651,48,194,7,0.7871825876662636,0.23458282950423218
2025-01-22,827,660,31,128,18,0.7980652962515115,0.154776299879081
2025-01-23,827,654,19,60,9,0.7908101571946796,0.07255139056831923
2025-01-24,827,669,25,223,26,0.8089480048367593,0.26964933494558646
2025-01-27,827,678,42,154,52,0.8198307134220073,0.18621523579201935
2025-02-05,828,653,15,111,36,0.788647342995169,0.13405797101449277
2025-02-06,829,668,35,341,131,0.8057901085645356,0.41133896260554886
2025-02-07,829,688,30,409,83,0.8299155609167672,0.49336550060313633
2025-02-10,830,694,15,356,31,0.8361445783132531,0.42891566265060244
2025-02-11,829,700,14,173,30,0.8443908323281062,0.20868516284680338
2025-02-12,830,713,21,258,68,0.8590361445783132,0.3108433734939759
2025-02-13,830,702,6,153,29,0.8457831325301205,0.18433734939759036
2025-02-14,830,684,12,210,8,0.8240963855421687,0.25301204819277107
2025-02-17,830,674,13,225,25,0.8120481927710843,0.2710843373493976
2025-02-18,830,638,10,101,20,0.7686746987951807,0.1216867469879518
2025-02-19,830,627,16,238,37,0.755421686746988,0.28674698795180725
2025-02-20,830,623,15,216,53,0.7506024096385542,0.26024096385542167
2025-02-21,832,641,31,337,62,0.7704326923076923,0.4050480769230769
2025-02-24,832,648,28,261,39,0.7788461538461539,0.3137019230769231
2025-02-25,832,618,9,147,69,0.7427884615384616,0.17668269230769232
2025-02-26,832,620,21,224,26,0.7451923076923077,0.2692307692307692
2025-02-27,831,604,13,186,32,0.7268351383874849,0.22382671480144403
2025-02-28,831,495,10,55,20,0.5956678700361011,0.06618531889290012
2025-03-03,831,388,17,81,17,0.46690734055354993,0.09747292418772563
2025-03-04,831,362,26,92,52,0.43561973525872444,0.11070998796630566
2025-03-05,831,338,24,97,31,0.40673886883273164,0.11672683513838748
2025-03-06,830,390,63,201,54,0.46987951807228917,0.2421686746987952
2025-03-07,830,413,49,143,162,0.4975903614457831,0.172289156626506
2025-03-10,831,425,41,122,107,0.5114320096269555,0.14681107099879662
2025-03-11,832,434,40,199,57,0.5216346153846154,0.23918269230769232
2025-03-12,832,413,24,116,54,0.4963942307692308,0.13942307692307693
2025-03-13,832,390,19,117,17,0.46875,0.140625
2025-03-14,832,439,66,322,94,0.5276442307692307,0.3870192307692308
2025-03-17,831,471,40,253,64,0.5667870036101083,0.30445246690734057
2025-03-18,831,504,46,223,39,0.6064981949458483,0.2683513838748496
2025-03-19,830,482,21,156,33,0.5807228915662651,0.18795180722891566
2025-03-20,830,438,6,82,51,0.5277108433734939,0.09879518072289156
2025-03-21,830,343,4,51,4,0.41325301204819276,0.06144578313253012
2025-03-24,830,274,7,74,12,0.3301204819277108,0.0891566265060241
2025-03-25,830,246,13,104,21,0.2963855421686747,0.12530120481927712
2025-03-26,830,234,13,79,15,0.2819277108433735,0.09518072289156626
2025-03-27,832,223,15,93,51,0.26802884615384615,0.11177884615384616
2025-03-28,831,216,18,50,49,0.259927797833935,0.06016847172081829
2025-03-31,832,182,13,64,29,0.21875,0.07692307692307693
2025-04-01,831,205,35,103,34,0.246690734055355,0.12394705174488568
2025-04-02,831,208,17,71,43,0.2503008423586041,0.08543922984356198
2025-04-03,833,185,14,77,18,0.22208883553421369,0.09243697478991597
2025-04-07,833,65,4,10,6,0.07803121248499399,0.012004801920768308
2025-04-08,832,66,13,39,12,0.07932692307692307,0.046875
2025-04-09,832,72,15,96,9,0.08653846153846154,0.11538461538461539
2025-04-10,832,102,30,88,11,0.12259615384615384,0.10576923076923077
2025-04-11,832,122,31,197,6,0.1466346153846154,0.23677884615384615
2025-04-14,833,156,38,145,99,0.1872749099639856,0.17406962785114047
2025-04-15,833,187,38,38,301,0.22448979591836735,0.04561824729891957
2025-04-16,834,228,48,45,231,0.2733812949640288,0.0539568345323741
2025-04-17,834,267,47,39,24,0.32014388489208634,0.046762589928057555
2025-04-18,834,328,74,22,16,0.3932853717026379,0.026378896882494004
2025-04-21,834,449,138,209,46,0.5383693045563549,0.25059952038369304
2025-04-22,835,558,114,167,47,0.6682634730538922,0.2
2025-04-23,835,618,81,191,102,0.7401197604790419,0.22874251497005987
2025-04-24,835,646,51,78,44,0.7736526946107785,0.09341317365269461
2025-04-25,835,643,20,87,37,0.770059880239521,0.10419161676646707
2025-04-28,836,629,20,77,19,0.7523923444976076,0.09210526315789473
2025-04-29,836,617,21,63,29,0.7380382775119617,0.07535885167464115
2025-04-30,837,606,16,134,36,0.7240143369175627,0.16009557945041816
2025-05-06,838,628,36,365,114,0.7494033412887828,0.43556085918854415
2025-05-07,838,659,38,292,57,0.7863961813842482,0.34844868735083534
2025-05-08,838,675,27,265,79,0.8054892601431981,0.3162291169451074
2025-05-09,838,665,9,133,40,0.7935560859188544,0.15871121718377088
2025-05-12,838,672,18,286,55,0.801909307875895,0.3412887828162291
2025-05-13,838,672,17,220,17,0.801909307875895,0.26252983293556087
2025-05-14,839,684,21,262,19,0.8152562574493445,0.31227651966626935
2025-05-15,839,662,6,123,11,0.7890345649582837,0.1466030989272944
2025-05-16,840,624,3,62,23,0.7428571428571429,0.07380952380952381
2025-05-19,841,606,13,79,24,0.7205707491082045,0.093935790725327
2025-05-20,841,619,35,139,23,0.7360285374554102,0.16527942925089179
2025-05-21,841,607,14,194,33,0.7217598097502973,0.23067776456599287
2025-05-22,842,573,11,109,43,0.6805225653206651,0.12945368171021376
2025-05-23,842,472,5,59,31,0.5605700712589073,0.07007125890736342
2025-05-26,841,424,15,47,21,0.5041617122473246,0.0558858501783591
2025-05-27,841,319,9,53,11,0.3793103448275862,0.06302021403091558
2025-05-28,841,272,14,54,10,0.3234244946492271,0.06420927467300833
2025-05-29,841,322,62,138,65,0.38287752675386444,0.16409036860879905
2025-05-30,841,311,33,100,62,0.3697978596908442,0.11890606420927467
2025-06-03,841,325,47,155,60,0.3864447086801427,0.18430439952437574
2025-06-04,841,427,111,179,84,0.5077288941736029,0.21284185493460167
2025-06-05,841,504,99,187,184,0.5992865636147443,0.22235434007134364
2025-06-06,841,542,54,168,38,0.6444708680142688,0.19976218787158145
2025-06-09,841,590,58,302,104,0.7015457788347206,0.3590963139120095
2025-06-10,844,577,19,155,30,0.683649289099526,0.18364928909952608
2025-06-11,844,578,34,228,26,0.6848341232227488,0.27014218009478674
2025-06-12,844,575,22,244,32,0.6812796208530806,0.2890995260663507
2025-06-13,844,511,9,131,20,0.6054502369668247,0.1552132701421801
2025-06-16,844,482,15,181,14,0.5710900473933649,0.21445497630331753
2025-06-17,844,465,19,149,37,0.5509478672985783,0.17654028436018956
2025-06-18,844,459,29,149,31,0.5438388625592417,0.17654028436018956
2025-06-19,844,403,31,92,14,0.4774881516587678,0.10900473933649289
2025-06-20,844,315,12,83,44,0.3732227488151659,0.09834123222748815
2025-06-23,845,327,43,125,25,0.38698224852071006,0.14792899408284024
2025-06-24,845,425,110,325,105,0.5029585798816568,0.38461538461538464
2025-06-25,845,548,139,430,94,0.6485207100591716,0.5088757396449705
2025-06-26,845,577,43,236,131,0.6828402366863905,0.27928994082840236
2025-06-27,845,599,36,240,124,0.7088757396449704,0.28402366863905326
2025-06-30,844,628,40,358,57,0.7440758293838863,0.42417061611374407
2025-07-01,844,643,30,282,23,0.7618483412322274,0.3341232227488152
2025-07-02,844,645,22,189,24,0.764218009478673,0.22393364928909953
2025-07-03,844,658,33,270,44,0.7796208530805687,0.31990521327014215
2025-07-04,844,649,13,190,29,0.768957345971564,0.22511848341232227
2025-07-07,844,612,8,151,18,0.7251184834123223,0.17890995260663506
2025-07-08,844,618,23,293,46,0.7322274881516587,0.3471563981042654
2025-07-09,844,591,21,178,45,0.7002369668246445,0.2109004739336493
2025-07-10,844,562,21,234,35,0.6658767772511849,0.2772511848341232
2025-07-11,845,600,61,263,101,0.7100591715976331,0.31124260355029587
2025-07-14,845,611,39,239,64,0.7230769230769231,0.2828402366863905
2025-07-15,846,586,33,188,28,0.6926713947990544,0.2222222222222222
2025-07-16,846,551,14,179,39,0.6513002364066194,0.2115839243498818
2025-07-17,846,553,38,271,53,0.6536643026004728,0.3203309692671395
2025-07-18,846,571,42,330,37,0.6749408983451537,0.3900709219858156
2025-07-21,846,605,49,419,81,0.7151300236406619,0.49527186761229314
2025-07-22,845,636,51,408,85,0.7526627218934911,0.48284023668639053
2025-07-23,845,637,23,329,40,0.7538461538461538,0.3893491124260355
2025-07-24,845,656,32,451,23,0.7763313609467456,0.5337278106508876
2025-07-25,845,663,30,361,25,0.7846153846153846,0.4272189349112426
2025-07-28,845,658,21,330,30,0.778698224852071,0.3905325443786982
2025-07-29,845,651,24,364,30,0.770414201183432,0.4307692307692308
2025-07-30,844,622,12,220,20,0.7369668246445498,0.26066350710900477
2025-07-31,844,489,6,89,4,0.5793838862559242,0.10545023696682465
2025-08-01,844,364,4,69,10,0.4312796208530806,0.08175355450236967
2025-08-04,843,313,15,114,16,0.37129300118623965,0.13523131672597866
2025-08-05,843,310,26,158,44,0.36773428232502964,0.1874258600237248
2025-08-06,843,352,69,228,85,0.41755634638196915,0.2704626334519573
2025-08-07,843,330,26,145,150,0.3914590747330961,0.17200474495848161
2025-08-08,843,298,26,119,112,0.3534994068801898,0.14116251482799524
2025-08-11,845,336,51,184,90,0.39763313609467454,0.21775147928994082
2025-08-12,847,382,60,205,42,0.4510035419126328,0.24203069657615112
2025-08-13,847,452,86,320,39,0.5336481700118064,0.3778040141676505
2025-08-14,848,430,35,197,39,0.5070754716981132,0.23231132075471697
2025-08-15,848,478,68,381,65,0.5636792452830188,0.4492924528301887
2025-08-18,848,531,76,472,45,0.6261792452830188,0.5566037735849056
2025-08-19,849,538,36,274,13,0.6336866902237926,0.32273262661955243
2025-08-20,849,567,45,398,42,0.6678445229681979,0.46878680800942285
2025-08-21,849,576,40,288,62,0.6784452296819788,0.3392226148409894
2025-08-22,849,605,45,452,28,0.7126030624263839,0.5323910482921084
2025-08-25,849,663,64,589,68,0.7809187279151943,0.6937573616018846
2025-08-26,848,675,32,436,30,0.7959905660377359,0.5141509433962265
2025-08-27,848,602,3,151,2,0.7099056603773585,0.17806603773584906
2025-08-28,848,565,15,306,25,0.6662735849056604,0.3608490566037736
2025-08-29,846,541,22,295,14,0.6394799054373522,0.3486997635933806
2025-09-01,846,538,34,326,10,0.6359338061465721,0.38534278959810875
2025-09-02,846,468,16,138,19,0.5531914893617021,0.16312056737588654
2025-09-03,847,380,7,105,28,0.448642266824085,0.12396694214876033
2025-09-04,847,248,5,47,16,0.29279811097992914,0.05548996458087367
2025-09-05,848,237,24,140,18,0.2794811320754717,0.1650943396226415
2025-09-08,848,260,54,211,34,0.30660377358490565,0.24882075471698112
2025-09-09,850,274,37,121,39,0.32235294117647056,0.1423529411764706
2025-09-10,850,269,19,89,81,0.3164705882352941,0.10470588235294118
2025-09-11,849,287,40,231,204,0.3380447585394582,0.27208480565371024
2025-09-12,851,306,44,131,102,0.3595769682726204,0.15393654524089306
2025-09-15,851,310,33,114,44,0.36427732079905994,0.13396004700352526
2025-09-16,851,309,37,126,54,0.36310223266745006,0.14806110458284372
2025-09-17,851,354,67,195,56,0.41598119858989424,0.2291421856639248
2025-09-18,851,328,45,176,11,0.3854289071680376,0.20681551116333724
2025-09-19,851,311,25,116,17,0.3654524089306698,0.136310223266745
2025-09-22,851,319,39,165,15,0.37485311398354876,0.19388954171562867
2025-09-23,851,298,25,144,18,0.3501762632197415,0.1692126909518214
2025-09-24,851,329,44,246,34,0.38660399529964745,0.2890716803760282
2025-09-25,851,356,39,215,50,0.418331374853114,0.2526439482961222
2025-09-26,851,312,21,84,31,0.36662749706227965,0.09870740305522914
2025-09-29,851,333,42,186,66,0.391304347826087,0.21856639247943596
2025-09-30,851,380,69,231,107,0.44653349001175086,0.27144535840188017
2025-10-09,851,455,90,310,52,0.5346650998824912,0.36427732079905994
2025-10-10,852,449,53,208,65,0.5269953051643192,0.24413145539906103
2025-10-13,852,423,28,179,33,0.4964788732394366,0.21009389671361503
2025-10-14,852,389,28,131,22,0.4565727699530516,0.15375586854460094
2025-10-15,852,384,23,174,19,0.4507042253521127,0.20422535211267606
2025-10-16,852,374,22,134,20,0.43896713615023475,0.1572769953051643
2025-10-17,852,313,4,47,8,0.3673708920187793,0.05516431924882629
2025-10-20,852,259,8,62,20,0.3039906103286385,0.07276995305164319
2025-10-21,852,255,17,109,41,0.2992957746478873,0.12793427230046947
2025-10-22,852,242,17,82,29,0.284037558685446,0.09624413145539906
2025-10-23,852,249,23,103,26,0.29225352112676056,0.12089201877934272
2025-10-24,852,258,30,109,234,0.3028169014084507,0.12793427230046947
2025-10-27,852,329,82,237,169,0.38615023474178406,0.27816901408450706
2025-10-28,852,379,65,168,32,0.4448356807511737,0.19718309859154928
2025-10-29,853,458,91,253,71,0.536928487690504,0.2966002344665885
2025-10-30,854,486,46,148,39,0.5690866510538641,0.17330210772833723
2025-10-31,854,464,32,130,34,0.5433255269320844,0.1522248243559719
2025-11-03,854,443,34,183,27,0.5187353629976581,0.21428571428571427
2025-11-04,854,395,13,93,27,0.46252927400468385,0.10889929742388758
2025-11-05,855,370,16,107,9,0.4327485380116959,0.12514619883040937
2025-11-06,855,403,38,177,64,0.47134502923976607,0.20701754385964913
2025-11-07,855,393,24,163,46,0.45964912280701753,0.19064327485380117
2025-11-10,855,414,40,217,72,0.4842105263157895,0.25380116959064325
2025-11-11,854,409,23,173,68,0.47892271662763464,0.202576112412178
2025-11-12,855,395,20,137,44,0.4619883040935672,0.16023391812865498
2025-11-13,855,405,33,209,41,0.47368421052631576,0.24444444444444444
2025-11-14,855,382,19,67,13,0.44678362573099417,0.0783625730994152
2025-11-17,855,357,21,77,14,0.41754385964912283,0.09005847953216374
2025-11-18,855,288,13,45,22,0.3368421052631579,0.05263157894736842
2025-11-19,855,246,17,55,31,0.28771929824561404,0.06432748538011696
2025-11-20,854,205,6,50,14,0.24004683840749413,0.0585480093676815
2025-11-21,854,132,5,20,15,0.15456674473067916,0.0234192037470726
2025-11-24,854,125,23,42,12,0.14637002341920374,0.04918032786885246
2025-11-25,853,154,38,67,29,0.18053927315357562,0.07854630715123095
2025-11-26,853,177,40,71,30,0.20750293083235638,0.08323563892145369
2025-11-27,853,209,40,65,30,0.24501758499413834,0.07620164126611957
2025-11-28,853,259,54,78,194,0.30363423212192264,0.0914419695193435
2025-12-01,852,338,87,178,218,0.3967136150234742,0.20892018779342722
2025-12-02,854,373,54,96,62,0.43676814988290397,0.11241217798594848
2025-12-03,854,371,36,62,54,0.4344262295081967,0.07259953161592506
2025-12-04,854,392,41,74,36,0.45901639344262296,0.08665105386416862
2025-12-05,854,464,75,243,59,0.5433255269320844,0.28454332552693207
2025-12-08,854,517,71,324,54,0.6053864168618267,0.3793911007025761
2025-12-09,855,517,24,193,31,0.6046783625730994,0.22573099415204678
2025-12-10,855,525,24,175,57,0.6140350877192983,0.2046783625730994
2025-12-11,855,507,11,84,19,0.5929824561403508,0.09824561403508772
2025-12-12,855,518,28,158,21,0.6058479532163743,0.1847953216374269
2025-12-15,856,518,23,136,17,0.6051401869158879,0.1588785046728972
2025-12-16,856,452,12,65,33,0.5280373831775701,0.07593457943925233
2025-12-17,856,478,46,145,42,0.5584112149532711,0.169392523364486
2025-12-18,858,468,26,115,55,0.5454545454545454,0.13403263403263405
2025-12-19,857,500,57,131,43,0.5834305717619603,0.1528588098016336
2025-12-22,857,580,90,190,79,0.676779463243874,0.22170361726954493
2025-12-23,857,613,48,156,229,0.7152858809801633,0.18203033838973162
2025-12-24,857,655,51,204,77,0.764294049008168,0.23803967327887982
2025-12-25,857,685,44,265,71,0.7992998833138857,0.30921820303383896
2025-12-26,857,705,31,248,24,0.822637106184364,0.2893815635939323
2025-12-29,857,702,18,158,27,0.8191365227537923,0.18436406067677946
2025-12-30,857,688,21,205,21,0.8028004667444574,0.23920653442240372
2025-12-31,857,645,12,155,14,0.7526254375729288,0.1808634772462077
2026-01-05,858,693,58,446,88,0.8076923076923077,0.5198135198135199
2026-01-06,858,719,34,547,56,0.837995337995338,0.6375291375291375
2026-01-07,858,739,34,460,58,0.8613053613053613,0.5361305361305362
2026-01-08,858,735,14,371,30,0.8566433566433567,0.4324009324009324
2026-01-09,859,737,18,419,46,0.8579743888242142,0.48777648428405124
2026-01-12,858,730,13,458,14,0.8508158508158508,0.5337995337995338
2026-01-13,858,709,10,240,3,0.8263403263403264,0.27972027972027974
2026-01-14,857,677,8,240,7,0.7899649941656943,0.28004667444574094
2026-01-15,857,647,8,227,22,0.7549591598599766,0.26487747957992996
2026-01-16,856,617,15,222,19,0.7207943925233645,0.25934579439252337
2026-01-19,858,599,16,243,20,0.6981351981351981,0.28321678321678323
2026-01-20,859,562,27,208,56,0.6542491268917345,0.2421420256111758
2026-01-21,860,533,21,217,40,0.6197674418604651,0.25232558139534883
2026-01-22,860,489,15,213,28,0.5686046511627907,0.24767441860465117
2026-01-23,861,511,39,231,68,0.5934959349593496,0.2682926829268293
2026-01-26,862,466,20,189,40,0.5406032482598608,0.21925754060324826
2026-01-27,862,446,21,167,46,0.5174013921113689,0.1937354988399072
2026-01-28,862,421,18,222,37,0.48839907192575405,0.25754060324825984
2026-01-29,862,379,27,205,31,0.4396751740139211,0.23781902552204176
2026-01-30,861,331,14,98,26,0.38443670150987225,0.11382113821138211
2026-02-02,861,224,7,29,14,0.2601626016260163,0.03368176538908246
2026-02-03,861,205,20,86,29,0.23809523809523808,0.09988385598141696
2026-02-04,861,244,59,150,57,0.28339140534262486,0.17421602787456447
2026-02-05,862,251,41,99,25,0.29118329466357307,0.1148491879350348
2026-02-06,862,247,11,60,30,0.2865429234338747,0.06960556844547564
2026-02-09,862,271,35,102,157,0.314385150812065,0.11832946635730858
2026-02-10,862,302,44,110,92,0.3503480278422274,0.12761020881670534
2026-02-11,862,331,37,93,49,0.3839907192575406,0.10788863109048724
2026-02-12,862,362,50,123,163,0.419953596287703,0.14269141531322505
2026-02-13,862,328,22,65,62,0.3805104408352668,0.07540603248259861
2026-02-24,862,343,51,192,39,0.39791183294663574,0.22273781902552203
2026-02-25,861,403,82,240,49,0.46806039488966317,0.2787456445993031
2026-02-26,861,450,82,246,49,0.5226480836236934,0.2857142857142857
2026-02-27,861,484,59,260,40,0.562137049941928,0.30197444831591175
2026-03-02,861,483,35,276,56,0.5609756097560976,0.3205574912891986
2026-03-03,860,363,6,110,7,0.42209302325581394,0.12790697674418605
2026-03-04,860,301,6,94,3,0.35,0.10930232558139535
2026-03-05,860,279,10,95,9,0.3244186046511628,0.11046511627906977
2026-03-06,860,269,19,141,14,0.3127906976744186,0.16395348837209303
2026-03-09,861,257,23,126,14,0.29849012775842043,0.14634146341463414
2026-03-10,861,270,36,137,52,0.313588850174216,0.15911730545876887
2026-03-11,862,304,52,165,191,0.35266821345707655,0.191415313225058
2026-03-12,862,322,38,152,92,0.37354988399071926,0.17633410672853828
2026-03-13,862,312,24,98,15,0.3619489559164733,0.1136890951276102
2026-03-16,861,321,44,96,63,0.37282229965156793,0.11149825783972125
2026-03-17,862,302,26,76,12,0.3503480278422274,0.08816705336426914
2026-03-18,862,300,24,78,18,0.3480278422273782,0.09048723897911833
2026-03-19,861,257,10,40,20,0.29849012775842043,0.04645760743321719
2026-03-20,861,197,3,42,14,0.22880371660859466,0.04878048780487805
2026-03-23,863,108,3,24,3,0.12514484356894554,0.027809965237543453
2026-03-24,863,90,6,33,21,0.10428736964078796,0.038238702201622246
2026-03-25,864,121,37,109,23,0.1400462962962963,0.1261574074074074
2026-03-26,864,116,11,32,33,0.13425925925925927,0.037037037037037035
2026-03-27,864,159,50,91,33,0.1840277777777778,0.10532407407407407
2026-03-30,865,193,52,78,199,0.223121387283237,0.09017341040462427
2026-03-31,865,205,31,37,111,0.23699421965317918,0.04277456647398844
2026-04-01,865,283,88,121,35,0.32716763005780347,0.13988439306358383
2026-04-02,866,319,46,85,55,0.3683602771362587,0.09815242494226328
2026-04-03,866,316,23,56,13,0.3648960739030023,0.06466512702078522
2026-04-07,866,338,43,98,33,0.3903002309468822,0.11316397228637413
2026-04-08,866,540,209,458,230,0.6235565819861432,0.5288683602771362
2026-04-09,866,607,75,202,25,0.7009237875288684,0.23325635103926096
2026-04-10,866,649,49,269,106,0.7494226327944573,0.31062355658198615
2026-04-13,866,685,45,211,105,0.7909930715935335,0.24364896073903003
2026-04-14,866,712,35,314,62,0.8221709006928406,0.3625866050808314
2026-04-15,866,724,21,188,22,0.836027713625866,0.21709006928406466
2026-04-16,866,733,18,254,38,0.8464203233256351,0.29330254041570436
2026-04-17,866,725,12,300,16,0.8371824480369515,0.3464203233256351
2026-04-20,864,716,12,344,39,0.8287037037037037,0.39814814814814814
2026-04-21,865,730,28,298,29,0.8439306358381503,0.3445086705202312
2026-04-22,865,727,12,304,21,0.8404624277456647,0.3514450867052023
2026-04-23,865,698,14,193,20,0.8069364161849711,0.223121387283237
2026-04-24,866,674,12,139,17,0.7782909930715936,0.1605080831408776
2026-04-27,866,645,9,208,27,0.7448036951501155,0.24018475750577367
2026-04-28,865,618,25,163,26,0.7144508670520231,0.1884393063583815
2026-04-29,866,608,33,251,40,0.7020785219399538,0.28983833718244806
2026-04-30,867,599,20,232,62,0.6908881199538639,0.2675893886966551
2026-05-06,867,632,49,357,83,0.7289504036908881,0.4117647058823529
2026-05-07,868,649,35,363,86,0.7476958525345622,0.4182027649769585
2026-05-08,868,644,26,265,84,0.7419354838709677,0.3052995391705069
2026-05-11,868,649,27,371,40,0.7476958525345622,0.4274193548387097
2026-05-12,869,625,15,292,25,0.7192174913693901,0.33601841196777904
2026-05-13,870,623,22,312,12,0.7160919540229885,0.3586206896551724
2026-05-14,870,563,9,121,9,0.6471264367816092,0.13908045977011493
2026-05-15,870,460,5,100,8,0.5287356321839081,0.11494252873563218
2026-05-18,870,362,7,134,11,0.4160919540229885,0.15402298850574714
2026-05-19,870,336,12,190,24,0.38620689655172413,0.21839080459770116
2026-05-20,870,310,11,174,21,0.3563218390804598,0.2
2026-05-21,870,254,6,59,12,0.29195402298850576,0.067816091954023
2026-05-22,870,246,18,131,44,0.2827586206896552,0.15057471264367817
2026-05-25,870,261,29,203,45,0.3,0.23333333333333334
2026-05-26,870,274,36,159,31,0.31494252873563217,0.18275862068965518
2026-05-27,870,263,20,90,21,0.3022988505747126,0.10344827586206896
2026-05-28,870,247,16,114,66,0.28390804597701147,0.1310344827586207
2026-05-29,871,219,27,103,29,0.25143513203214696,0.1182548794489093
2026-06-01,871,221,46,115,32,0.2537313432835821,0.13203214695752008
2026-06-02,871,245,44,125,25,0.28128587830080365,0.14351320321469574
2026-06-03,871,264,32,111,35,0.3030998851894374,0.12743972445464982
2026-06-04,871,250,20,116,53,0.2870264064293915,0.13318025258323765
2026-06-05,871,238,16,75,36,0.27324913892078073,0.08610792192881746
2026-06-08,871,189,12,55,35,0.21699196326061998,0.06314580941446613
2026-06-09,871,205,32,91,26,0.23536165327210104,0.1044776119402985
2026-06-10,871,205,29,92,31,0.23536165327210104,0.10562571756601608
2026-06-11,871,222,31,102,24,0.25487944890929964,0.11710677382319173
2026-06-12,871,270,64,170,38,0.3099885189437428,0.19517795637198623
2026-06-15,871,350,93,262,169,0.4018369690011481,0.3008036739380023
2026-06-16,871,414,86,207,81,0.4753157290470723,0.23765786452353616
2026-06-17,870,514,118,228,80,0.5908045977011495,0.2620689655172414
2026-06-18,871,568,83,214,125,0.6521239954075775,0.24569460390355913
2026-06-22,871,603,53,326,26,0.6923076923076923,0.3742824339839265
2026-06-23,871,579,15,161,5,0.6647531572904707,0.18484500574052812
2026-06-24,871,563,20,206,17,0.6463834672789897,0.2365097588978186
2026-06-25,871,557,20,271,20,0.6394948335246843,0.3111366245694604
2026-06-26,872,485,6,134,13,0.5561926605504587,0.1536697247706422
2026-06-29,870,450,23,193,22,0.5172413793103449,0.2218390804597701
2026-06-30,870,449,21,217,51,0.5160919540229885,0.24942528735632183
2026-07-01,870,473,55,214,31,0.5436781609195402,0.24597701149425288
2026-07-02,870,472,48,120,26,0.542528735632184,0.13793103448275862
2026-07-03,870,484,58,119,101,0.5563218390804597,0.1367816091954023
2026-07-06,870,504,65,136,92,0.5793103448275863,0.15632183908045977
2026-07-07,870,454,23,42,71,0.5218390804597701,0.04827586206896552
2026-07-08,870,425,34,58,18,0.4885057471264368,0.06666666666666667
2026-07-09,869,440,36,102,46,0.5063291139240507,0.11737629459148446
2026-07-10,869,442,27,122,45,0.5086306098964327,0.14039125431530494
2026-07-13,871,396,6,70,15,0.45464982778415614,0.08036739380022963
2026-07-14,871,390,23,132,84,0.44776119402985076,0.1515499425947187
2026-07-15,871,396,27,211,69,0.45464982778415614,0.24225028702640644
2026-07-16,872,393,13,142,32,0.4506880733944954,0.1628440366972477
2026-07-17,872,362,3,44,6,0.4151376146788991,0.05045871559633028
2026-07-20,872,365,14,158,40,0.41857798165137616,0.1811926605504587
2026-07-21,872,379,18,131,31,0.43463302752293576,0.15022935779816513
2026-07-22,872,390,19,136,11,0.44724770642201833,0.1559633027522936
2026-07-23,872,420,35,187,32,0.481651376146789,0.21444954128440366
2026-07-24,872,400,10,23,58,0.45871559633027525,0.026376146788990827
2026-07-27,872,410,21,36,118,0.4701834862385321,0.04128440366972477
2026-07-28,872,403,15,70,17,0.46215596330275227,0.08027522935779817
2026-07-29,872,424,29,146,45,0.48623853211009177,0.16743119266055045
2026-07-30,872,436,16,193,27,0.5,0.2213302752293578
2026-07-31,872,464,30,162,112,0.5321100917431193,0.18577981651376146
2026-08-03,872,485,23,125,27,0.5561926605504587,0.143348623853211
2026-08-04,872,514,46,80,47,0.5894495412844036,0.09174311926605505
2026-08-05,872,575,90,212,48,0.6594036697247706,0.24311926605504589
2026-08-06,872,613,78,104,206,0.7029816513761468,0.11926605504587157
2026-08-07,874,654,81,257,85,0.7482837528604119,0.2940503432494279
2026-08-10,874,690,45,247,51,0.7894736842105263,0.2826086956521739
2026-08-11,874,688,16,112,19,0.7871853546910755,0.12814645308924486
2026-08-12,874,683,14,132,24,0.7814645308924485,0.15102974828375287
2026-08-13,874,669,13,102,25,0.7654462242562929,0.11670480549199085
2026-08-14,874,633,10,119,12,0.7242562929061785,0.13615560640732266
2026-08-17,874,633,14,372,37,0.7242562929061785,0.425629290617849
2026-08-18,874,623,17,248,33,0.7128146453089245,0.2837528604118993
2026-08-19,874,553,5,61,23,0.6327231121281465,0.06979405034324943
2026-08-20,873,532,21,101,44,0.6093928980526919,0.1156930126002291
2026-08-21,873,501,12,71,24,0.5738831615120275,0.08132875143184422
2026-08-24,873,446,17,83,20,0.5108820160366552,0.09507445589919816
2026-08-25,873,394,11,45,22,0.4513172966781214,0.05154639175257732
2026-08-26,873,412,47,89,76,0.47193585337915234,0.10194730813287514
2026-08-27,874,479,77,134,96,0.5480549199084668,0.15331807780320367
2026-08-28,874,508,51,123,52,0.5812356979405034,0.14073226544622425
2026-08-31,873,531,48,126,163,0.6082474226804123,0.14432989690721648
2026-09-01,873,535,47,113,54,0.6128293241695304,0.12943871706758306
2026-09-02,873,457,8,61,17,0.5234822451317297,0.06987399770904926
2026-09-03,873,411,14,73,10,0.47079037800687284,0.0836197021764032
2026-09-04,873,362,29,114,17,0.4146620847651776,0.13058419243986255
2026-09-07,873,371,44,87,34,0.424971363115693,0.09965635738831616
2026-09-08,873,388,41,104,45,0.4444444444444444,0.11912943871706758
2026-09-09,873,410,44,108,63,0.46964490263459335,0.12371134020618557
2026-09-10,873,377,19,61,34,0.43184421534937,0.06987399770904926
2026-09-11,873,290,5,39,45,0.3321878579610538,0.044673539518900345
