sw_l1,sw_l2,sw_l3,组内排名,symbol,name,mktcap_yi,avg_amount_20d_yi,price,listing_date,is_st,已纳入
交通运输,物流,快递,1,002352.SZ,顺丰控股,1621.19,5.9608,30.79,2010-02-05,0,True
交通运输,物流,快递,2,600233.SS,XD圆通速,579.53,3.9694,16.92,2000-06-08,0,False
交通运输,物流,跨境物流,3,601156.SS,东航物流,289.57,1.6769,18.24,2021-06-09,0,False
交通运输,物流,原材料供应链服务,4,600704.SS,物产中大,253.9,2.0985,4.91,1996-06-06,0,False
交通运输,物流,原材料供应链服务,5,600153.SS,建发股份,238.92,2.2191,8.24,1998-06-16,0,False
交通运输,物流,快递,6,002468.SZ,申通快递,218.29,1.9277,14.26,2010-09-08,0,False
交通运输,物流,快递,7,002120.SZ,韵达股份,193.96,1.8737,6.69,2007-03-06,0,False
交通运输,物流,跨境物流,8,603871.SS,嘉友国际,171.96,1.6613,12.57,2018-02-06,0,False
交通运输,物流,原材料供应链服务,9,600057.SS,厦门象屿,168.07,1.3788,5.92,1997-06-04,0,False
交通运输,物流,仓储物流,10,603713.SS,密尔克卫,115.66,1.2756,66.45,2018-07-13,0,False
交通运输,物流,中间产品及消费品供应链服务,11,300873.SZ,海晨股份,47.95,1.6242,14.88,2020-08-24,0,False
交通运输,物流,原材料供应链服务,12,000626.SZ,远大控股,44.43,2.3301,8.77,1996-11-28,0,False
交通运输,物流,公路货运,13,002682.SZ,龙洲股份,28.91,1.4703,5.14,2012-06-12,0,False
交通运输,航空机场,航空运输,1,601111.SS,中国国航,1174.22,3.1373,5.73,2006-08-18,0,True
交通运输,航空机场,航空运输,2,600029.SS,南方航空,877.05,2.4981,4.84,2003-07-25,0,True
交通运输,航空机场,航空运输,3,600115.SS,中国东航,735.52,5.2163,3.33,1997-11-05,0,True
交通运输,航空机场,机场,4,600009.SS,上海机场,568.58,1.8326,22.85,1998-02-18,0,True
交通运输,航空机场,航空运输,5,600221.SS,海航控股,535.87,2.3862,1.24,1999-11-25,0,False
交通运输,航空机场,航空运输,6,601021.SS,春秋航空,409.92,1.6593,41.9,2015-01-21,0,True
交通运输,航空机场,航空运输,7,603885.SS,吉祥航空,215.17,1.1982,9.92,2015-05-27,0,False
交通运输,航空机场,航空运输,8,002928.SZ,华夏航空,80.02,1.2766,6.26,2018-03-02,0,False
交通运输,航运港口,航运,1,601919.SS,中远海控,2496.34,15.3189,16.35,2007-06-26,0,True
交通运输,航运港口,航运,2,601872.SS,招商轮船,1606.83,26.0891,19.9,2006-12-01,0,True
交通运输,航运港口,港口,3,600018.SS,上港集团,1273.41,3.0991,5.47,2000-07-19,0,False
交通运输,航运港口,航运,4,600026.SS,中远海能,1134.73,14.6929,20.74,2002-05-23,0,True
交通运输,航运港口,港口,5,601018.SS,宁波港,678.96,1.8715,3.49,2010-09-28,0,False
交通运输,航运港口,港口,6,601880.SS,辽港股份,341.79,1.1671,1.45,2010-12-06,0,False
交通运输,航运港口,航运,7,601866.SS,中远海发,323.05,1.7989,2.46,2007-12-12,0,False
交通运输,航运港口,航运,8,600428.SS,中远海特,301.83,5.1087,11.0,2002-04-18,0,False
交通运输,航运港口,港口,9,601000.SS,唐山港,272.59,1.8847,4.6000000000000005,2010-07-05,0,False
交通运输,航运港口,港口,10,000582.SZ,北部湾港,271.09,5.8479,10.77,1995-11-02,0,False
交通运输,航运港口,航运,11,603565.SS,中谷物流,244.87,3.9802,11.66,2020-09-25,0,True
交通运输,航运港口,港口,12,000088.SZ,盐 田 港,235.54,1.4741,4.53,1997-07-28,0,False
交通运输,航运港口,航运,13,601975.SS,招商南油,208.28,9.2582,4.45,2019-01-08,0,True
交通运输,航运港口,航运,14,600179.SS,安通控股,192.96,1.7176,4.5600000000000005,1998-11-04,0,False
交通运输,航运港口,航运,15,603162.SS,海通发展,181.93,8.596,13.23,2023-03-29,0,False
交通运输,航运港口,航运,16,601083.SS,锦江航运,155.42,2.2817,12.01,2023-12-05,0,False
交通运输,航运港口,航运,17,002320.SZ,海峡股份,149.2,4.1113,6.67,2009-12-16,0,False
交通运输,航运港口,港口,18,000905.SZ,厦门港务,143.59,1.466,9.31,1999-04-29,0,False
交通运输,航运港口,港口,19,600017.SS,日照港,87.66,1.2119,2.85,2006-10-17,0,False
交通运输,航运港口,港口,20,601008.SS,连云港,54.34,1.2257,4.38,2007-04-26,0,False
交通运输,航运港口,港口,21,002040.SZ,南 京 港,43.7,3.0541,8.99,2005-03-25,0,False
交通运输,航运港口,航运,22,600798.SS,宁波海运,40.9,1.2134,3.39,1997-04-23,0,False
交通运输,航运港口,航运,23,000520.SZ,凤凰航运,40.89,2.3149,4.04,1993-10-25,0,False
交通运输,铁路公路,铁路运输,1,601816.SS,京沪高铁,2323.97,5.7858,4.75,2020-01-16,0,False
交通运输,铁路公路,铁路运输,2,601006.SS,大秦铁路,937.53,5.1835,4.72,2006-08-01,0,True
交通运输,铁路公路,高速公路,3,001965.SZ,招商公路,687.66,1.5808,10.12,2017-12-25,0,True
交通运输,铁路公路,高速公路,4,600377.SS,宁沪高速,645.34,1.322,12.81,2001-01-16,0,False
交通运输,铁路公路,高速公路,5,600350.SS,山东高速,492.64,1.5216,10.19,2002-03-18,0,False
交通运输,铁路公路,高速公路,6,000429.SZ,粤高速Ａ,266.37,1.1522,12.74,1998-02-20,0,False
交通运输,铁路公路,铁路运输,7,601333.SS,广深铁路,221.71,2.1932,3.13,2006-12-22,0,False
交通运输,铁路公路,公交,8,600611.SS,大众交通,105.68,4.9747,4.47,1992-08-07,0,False
交通运输,铁路公路,高速公路,9,600368.SS,五洲交通,66.96,1.5338,4.16,2000-12-21,0,False
交通运输,铁路公路,铁路运输,10,001317.SZ,三羊马,41.5,2.4318,48.5,2021-11-30,0,False
交通运输,铁路公路,公交,11,002357.SZ,富临运业,37.31,1.293,11.9,2010-02-10,0,False
传媒,出版,教育出版,1,601928.SS,凤凰传媒,211.74,1.0928,8.32,2011-11-30,0,False
传媒,出版,教育出版,2,601098.SS,中南传媒,184.09,1.1631,10.25,2010-10-28,0,False
传媒,出版,大众出版,3,300364.SZ,中文在线,173.6,19.0605,23.83,2015-01-21,0,False
传媒,出版,大众出版,4,601858.SS,中国科传,157.63,2.6014,19.94,2017-01-18,0,False
传媒,出版,大众出版,5,601949.SS,中国出版,116.33,3.7735,6.11,2017-08-21,0,False
传媒,出版,教育出版,6,601900.SS,南方传媒,108.66,1.6652,12.32,2016-02-15,0,False
传媒,出版,大众出版,7,002181.SZ,粤 传 媒,106.82,6.0663,9.2,2007-11-16,0,False
传媒,出版,教育出版,8,605577.SS,龙版传媒,61.69,2.7863,13.88,2021-08-24,0,False
传媒,出版,大众出版,9,300788.SZ,中信出版,61.13,2.7746,32.15,2019-07-05,0,False
传媒,出版,大众出版,10,600551.SS,时代出版,50.45,3.0806,7.44,2002-09-05,0,False
传媒,出版,大众出版,11,301025.SZ,读客文化,39.43,1.6994,9.85,2021-07-19,0,False
传媒,出版,大众出版,12,601999.SS,出版传媒,37.68,2.1585,6.84,2007-12-21,0,False
传媒,出版,大众出版,13,603999.SS,读者传媒,36.69,1.1438,6.37,2015-12-10,0,False
传媒,出版,大众出版,14,301052.SZ,果麦文化,22.48,1.2797,22.72,2021-08-30,0,False
传媒,出版,大众出版,15,301231.SZ,荣信文化,22.2,1.8925,26.3,2022-09-08,0,False
传媒,广告营销,广告媒体,1,002027.SZ,分众传媒,675.89,6.1276,4.68,2004-08-04,0,True
传媒,广告营销,营销代理,2,300058.SZ,蓝色光标,463.5,35.1517,12.91,2010-02-26,0,True
传媒,广告营销,营销代理,3,301171.SZ,易点天下,209.43,25.0531,33.86,2022-08-19,0,False
传媒,广告营销,营销代理,4,002354.SZ,天娱数科,125.91,21.5586,7.61,2010-02-09,0,False
传媒,广告营销,营销代理,5,002400.SZ,省广集团,111.4,4.856,6.390000000000001,2010-05-06,0,False
传媒,广告营销,营销代理,6,605168.SS,三人行,107.16,3.7344,50.83,2020-05-28,0,False
传媒,广告营销,营销代理,7,600986.SS,浙文互联,104.71,3.6775,7.04,2004-04-26,0,False
传媒,广告营销,营销代理,8,000676.SZ,智度股份,83.27,3.6278,6.61,1996-12-24,0,False
传媒,广告营销,营销代理,9,600556.SS,天下秀,83.16,1.9398,4.6000000000000005,2001-08-07,0,False
传媒,广告营销,营销代理,10,300063.SZ,天龙集团,64.78,3.7981,8.540000000000001,2010-03-26,0,False
传媒,广告营销,营销代理,11,002264.SZ,新 华 都,52.04,2.0541,7.23,2008-07-31,0,False
传媒,广告营销,营销代理,12,002291.SZ,遥望科技,50.19,2.188,5.41,2009-09-03,0,False
传媒,广告营销,营销代理,13,603598.SS,引力传媒,45.23,2.9804,16.75,2015-05-27,0,False
传媒,广告营销,营销代理,14,300781.SZ,因赛集团,41.93,1.3263,25.54,2019-06-06,0,False
传媒,广告营销,营销代理,15,300061.SZ,旗天科技,41.65,2.785,6.32,2010-03-19,0,False
传媒,广告营销,营销代理,16,300071.SZ,福石控股,39.52,2.9707,4.1,2010-04-21,0,False
传媒,广告营销,营销代理,17,002995.SZ,天地在线,29.08,1.1212,16.39,2020-08-05,0,False
传媒,影视院线,影视动漫制作,1,300251.SZ,光线传媒,318.0,4.7124,10.84,2011-08-03,0,True
传媒,影视院线,影视动漫制作,2,600977.SS,中国电影,235.8,2.945,12.63,2016-08-09,0,False
传媒,影视院线,院线,3,002739.SZ,儒意电影,178.87,4.4575,8.47,2015-01-22,0,False
传媒,影视院线,影视动漫制作,4,300133.SZ,华策影视,132.17,5.8416,7.05,2010-10-26,0,False
传媒,影视院线,影视动漫制作,5,300182.SZ,捷成股份,131.33,6.6756,4.93,2011-02-22,0,False
传媒,影视院线,影视动漫制作,6,002292.SZ,奥飞娱乐,123.03,3.6967,8.32,2009-09-10,0,False
传媒,影视院线,影视动漫制作,7,601595.SS,上海电影,101.52,3.4779,22.65,2016-08-17,0,False
传媒,影视院线,影视动漫制作,8,001330.SZ,博纳影业,74.36,7.3503,5.41,2022-08-18,0,False
传媒,影视院线,影视动漫制作,9,600088.SS,中视传媒,60.29,2.1218,15.16,1997-06-16,0,False
传媒,影视院线,院线,10,300528.SZ,幸福蓝海,50.53,2.3123,13.56,2016-08-08,0,False
传媒,影视院线,影视动漫制作,11,300291.SZ,百纳千成,47.94,2.378,5.09,2012-02-09,0,False
传媒,影视院线,影视动漫制作,12,000892.SZ,欢瑞世纪,42.57,5.5484,4.34,1999-01-15,0,False
传媒,影视院线,影视动漫制作,13,300426.SZ,华智数媒,31.66,1.5657,7.03,2015-02-17,0,False
传媒,影视院线,影视动漫制作,14,000802.SZ,北京文化,28.21,3.9929,3.94,1998-01-08,0,False
传媒,影视院线,影视动漫制作,15,002343.SZ,慈文传媒,26.1,1.4634,5.51,2010-01-26,0,False
传媒,影视院线,影视动漫制作,16,603721.SS,中广天择,23.59,2.0002,18.15,2017-08-11,0,False
传媒,数字媒体,视频媒体,1,300413.SZ,芒果超媒,314.47,19.9753,16.81,2015-01-21,0,False
传媒,数字媒体,门户网站,2,603000.SS,人民网,187.3,3.7632,16.94,2012-04-27,0,False
传媒,数字媒体,门户网站,3,603888.SS,新华网,130.78,2.6431,17.62,2016-10-28,0,False
传媒,数字媒体,图片媒体,4,000681.SZ,视觉中国,112.16,5.0273,16.01,1997-01-21,0,False
传媒,数字媒体,文字媒体,5,603533.SS,掌阅科技,102.22,7.59,23.29,2017-09-21,0,False
传媒,数字媒体,其他数字媒体,6,603466.SS,风语筑,76.14,8.9256,12.8,2017-10-20,0,False
传媒,数字媒体,门户网站,7,300785.SZ,值得买,66.28,2.8867,33.33,2019-07-15,0,False
传媒,数字媒体,门户网站,8,600228.SS,返利科技,46.46,2.9853,11.15,1999-01-19,0,False
传媒,数字媒体,其他数字媒体,9,301313.SZ,凡拓数创,30.47,1.6623,29.78,2022-09-30,0,False
传媒,游戏,游戏Ⅲ,1,002602.SZ,世纪华通,1081.28,15.9219,14.67,2011-07-28,0,True
传媒,游戏,游戏Ⅲ,2,300418.SZ,昆仑万维,552.95,30.5985,43.03,2015-01-21,0,True
传媒,游戏,游戏Ⅲ,3,002558.SZ,巨人网络,472.67,15.5907,24.87,2011-03-02,0,True
传媒,游戏,游戏Ⅲ,4,002555.SZ,三七互娱,384.93,5.2384,17.400000000000002,2011-03-02,0,True
传媒,游戏,游戏Ⅲ,5,002517.SZ,恺英网络,359.99,9.898,16.85,2010-12-07,0,True
传媒,游戏,游戏Ⅲ,6,603444.SS,吉比特,268.14,5.8614,372.21,2017-01-04,0,True
传媒,游戏,游戏Ⅲ,7,002624.SZ,完美世界,190.7,4.9901,9.83,2011-10-28,0,True
传媒,游戏,游戏Ⅲ,8,300002.SZ,神州泰岳,158.55,2.3964,8.06,2009-10-30,0,True
传媒,游戏,游戏Ⅲ,9,002174.SZ,游族网络,142.95,4.8722,14.59,2007-09-25,0,True
传媒,游戏,游戏Ⅲ,10,600633.SS,浙数文化,127.82,1.4992,10.08,1993-03-04,0,False
传媒,游戏,游戏Ⅲ,11,300459.SZ,汤姆猫,124.81,3.3448,3.5500000000000003,2015-05-15,0,False
传媒,游戏,游戏Ⅲ,12,300315.SZ,掌趣科技,108.3,3.6427,4.0,2012-05-11,0,True
传媒,游戏,游戏Ⅲ,13,300113.SZ,顺网科技,106.45,2.5437,15.79,2010-08-27,0,True
传媒,游戏,游戏Ⅲ,14,300031.SZ,宝通科技,86.55,2.4251,20.67,2009-12-25,0,False
传媒,游戏,游戏Ⅲ,15,300467.SZ,迅游科技,66.61,1.0562,32.78,2015-05-27,0,False
传媒,游戏,游戏Ⅲ,16,300043.SZ,星辉娱乐,53.75,1.3715,4.32,2010-01-20,0,False
传媒,游戏,游戏Ⅲ,17,300533.SZ,冰川网络,46.22,1.1527,14.08,2016-08-18,0,False
传媒,游戏,游戏Ⅲ,18,300299.SZ,富春股份,37.83,1.0387,5.48,2012-03-19,0,False
传媒,游戏,游戏Ⅲ,19,002425.SZ,凯撒文化,29.47,1.4271,3.08,2010-06-08,0,False
传媒,游戏,游戏Ⅲ,20,300052.SZ,中青宝,26.84,1.4316,10.25,2010-02-11,0,False
传媒,游戏,游戏Ⅲ,21,600892.SS,大晟文化,22.21,3.2592,3.97,1996-03-15,0,False
传媒,电视广播,电视广播Ⅲ,1,600637.SS,东方明珠,280.72,3.1359,8.35,1993-03-16,0,False
传媒,电视广播,电视广播Ⅲ,2,600037.SS,歌华有线,96.59,1.1252,6.94,2001-02-08,0,False
传媒,电视广播,电视广播Ⅲ,3,000917.SZ,电广传媒,95.4,2.2663,6.73,1999-03-25,0,False
传媒,电视广播,电视广播Ⅲ,4,600996.SS,贵广网络,85.28,1.1365,6.84,2016-12-26,0,False
传媒,电视广播,电视广播Ⅲ,5,301551.SZ,无线传媒,83.36,1.3709,20.84,2024-09-26,0,False
传媒,电视广播,电视广播Ⅲ,6,301262.SZ,海看股份,82.07,2.2172,19.68,2023-06-20,0,False
传媒,电视广播,电视广播Ⅲ,7,601929.SS,吉视传媒,82.01,3.2493,2.35,2012-02-23,0,False
传媒,电视广播,电视广播Ⅲ,8,600936.SS,北投科技,77.7,3.8316,4.65,2016-08-15,0,False
公用事业,燃气,燃气Ⅲ,1,600803.SS,新奥股份,582.51,1.8086,18.82,1994-01-03,0,True
公用事业,燃气,燃气Ⅲ,2,605090.SS,九丰能源,231.48,2.9333,32.76,2021-05-25,0,False
公用事业,燃气,燃气Ⅲ,3,601139.SS,深圳燃气,186.41,1.0976,6.48,2009-12-25,0,False
公用事业,燃气,燃气Ⅲ,4,001331.SZ,胜通能源,176.43,2.5604,43.11,2022-09-08,0,False
公用事业,燃气,燃气Ⅲ,5,600635.SS,大众公用,135.81,1.3739,4.6000000000000005,1993-03-04,0,False
公用事业,燃气,燃气Ⅲ,6,603393.SS,新天然气,107.93,2.2046,25.46,2016-09-12,0,False
公用事业,燃气,燃气Ⅲ,7,300483.SZ,首华燃气,92.46,3.6311,24.01,2015-06-30,0,False
公用事业,燃气,燃气Ⅲ,8,600903.SS,贵州燃气,79.97,4.6821,6.87,2017-11-07,0,False
公用事业,燃气,燃气Ⅲ,9,000593.SZ,德龙汇能,76.21,3.1568,21.25,1996-03-12,0,False
公用事业,燃气,燃气Ⅲ,10,600617.SS,国新能源,64.44,1.1631,3.34,1992-10-13,0,False
公用事业,燃气,燃气Ⅲ,11,603318.SS,水发燃气,52.92,6.8376,9.54,2015-04-24,0,False
公用事业,燃气,燃气Ⅲ,12,300332.SZ,天壕能源,41.71,1.4801,4.92,2012-06-28,0,False
公用事业,燃气,燃气Ⅲ,13,001299.SZ,美能能源,31.08,1.8372,9.89,2022-10-31,0,False
公用事业,电力,水力发电,1,600900.SS,长江电力,6961.21,25.415,28.45,2003-11-18,0,True
公用事业,电力,核力发电,2,003816.SZ,中国广核,2166.4,5.042,4.29,2019-08-26,0,True
公用事业,电力,核力发电,3,601985.SS,中国核电,1869.63,7.4851,9.09,2015-06-10,0,True
公用事业,电力,水力发电,4,600025.SS,华能水电,1827.71,2.8619,9.81,2017-12-15,0,True
公用事业,电力,风力发电,5,600930.SS,华电新能,1656.06,3.8945,3.97,2025-07-16,0,False
公用事业,电力,风力发电,6,001248.SZ,华润新能,1569.29,4.5292,11.78,2026-07-02,0,False
公用事业,电力,水力发电,7,600886.SS,国投电力,1160.65,3.4386,14.5,1996-01-18,0,True
公用事业,电力,火力发电,8,600011.SS,华能国际,1078.46,4.1492,6.87,2001-12-06,0,True
公用事业,电力,风力发电,9,600905.SS,三峡能源,1046.31,2.3682,3.66,2021-06-10,0,True
公用事业,电力,火力发电,10,601991.SS,大唐发电,1034.53,12.615,5.59,2006-12-20,0,False
公用事业,电力,火力发电,11,600795.SS,国电电力,948.85,5.8095,5.32,1997-03-18,0,True
公用事业,电力,水力发电,12,600674.SS,川投能源,778.96,3.6434,15.98,1993-09-24,0,True
公用事业,电力,水力发电,13,600236.SS,桂冠电力,771.68,1.2969,9.79,2000-03-23,0,False
公用事业,电力,火力发电,14,600023.SS,浙能电力,686.53,2.1395,5.12,2013-12-19,0,True
公用事业,电力,火力发电,15,600027.SS,华电国际,567.82,3.5621,4.89,2005-02-03,0,False
公用事业,电力,火力发电,16,600642.SS,申能股份,425.3,1.6436,8.69,1993-04-16,0,True
公用事业,电力,火力发电,17,600726.SS,华电能源,414.34,5.3592,5.24,1996-07-01,0,False
公用事业,电力,电能综合服务,18,600995.SS,南网储能,396.3,1.1354,12.4,2004-06-15,0,False
公用事业,电力,火力发电,19,600021.SS,上海电力,382.08,3.7631,13.54,2003-10-29,0,True
公用事业,电力,火力发电,20,600863.SS,华能蒙电,376.87,4.8059,4.8100000000000005,1994-05-20,0,True
公用事业,电力,火力发电,21,001286.SZ,陕西能源,368.62,2.4903,9.83,2023-04-10,0,True
公用事业,电力,火力发电,22,600578.SS,京能电力,365.53,3.6833,5.46,2002-05-10,0,False
公用事业,电力,电能综合服务,23,000883.SZ,湖北能源,321.4,1.2731,4.54,1998-05-19,0,False
公用事业,电力,电能综合服务,24,600483.SS,福能股份,312.21,1.4397,11.23,2004-05-31,0,False
公用事业,电力,火力发电,25,000027.SZ,深圳能源,304.0,1.5204,6.390000000000001,1993-09-03,0,False
公用事业,电力,火力发电,26,002608.SZ,江苏国信,281.84,1.224,7.46,2011-08-10,0,False
公用事业,电力,火力发电,27,000539.SZ,粤电力Ａ,278.79,2.7235,5.3100000000000005,1993-11-26,0,False
公用事业,电力,热力服务,28,002015.SZ,协鑫能科,274.67,19.4395,16.92,2004-07-08,0,False
公用事业,电力,水力发电,29,000791.SZ,甘肃能源,239.4,1.2983,7.38,1997-10-14,0,False
公用事业,电力,火力发电,30,600098.SS,广州发展,224.02,1.3988,6.390000000000001,1997-07-18,0,False
公用事业,电力,风力发电,31,601016.SS,节能风电,223.82,3.1306,3.42,2014-09-29,0,False
公用事业,电力,电能综合服务,32,003035.SZ,南网能源,217.42,3.1632,5.74,2021-01-19,0,False
公用事业,电力,风力发电,33,000155.SZ,川能动力,216.37,3.5009,11.72,2000-09-26,0,True
公用事业,电力,火力发电,34,600396.SS,华电辽能,199.85,21.4412,13.57,2001-03-28,0,False
公用事业,电力,火力发电,35,001896.SZ,豫能控股,188.13,8.1207,12.33,1998-01-22,0,False
公用事业,电力,热力服务,36,600226.SS,亨通股份,179.95,5.4224,6.05,1999-11-16,0,False
公用事业,电力,电能综合服务,37,000875.SZ,电投绿能,179.55,1.555,4.95,2002-09-26,0,False
公用事业,电力,光伏发电,38,600032.SS,浙江新能,173.62,1.5616,7.22,2021-05-25,0,False
公用事业,电力,火力发电,39,000543.SZ,皖能电力,171.15,1.4491,7.55,1993-12-20,0,False
公用事业,电力,光伏发电,40,000591.SZ,太阳能,169.86,1.6143,4.3500000000000005,1996-02-08,0,False
公用事业,电力,风力发电,41,000537.SZ,绿发电力,157.47,1.531,7.66,1993-12-10,0,False
公用事业,电力,火力发电,42,000600.SZ,建投能源,150.14,1.401,7.38,1996-06-06,0,False
公用事业,电力,火力发电,43,000966.SZ,长源电力,144.11,1.4936,4.14,2000-03-16,0,False
公用事业,电力,电能综合服务,44,600452.SS,涪陵电力,140.75,1.9205,9.16,2004-03-03,0,False
公用事业,电力,热力服务,45,600475.SS,华光环能,140.27,1.468,14.75,2003-07-21,0,False
公用事业,电力,火力发电,46,600744.SS,华银电力,136.29,6.5452,6.71,1996-09-05,0,False
公用事业,电力,光伏发电,47,601778.SS,晶科科技,134.4,2.9598,3.61,2020-05-19,0,False
公用事业,电力,光伏发电,48,002617.SZ,露笑科技,134.02,5.1576,7.0200000000000005,2011-09-20,0,False
公用事业,电力,风力发电,49,601619.SS,嘉泽新能,125.27,1.2397,4.16,2017-07-20,0,False
公用事业,电力,光伏发电,50,600821.SS,金开新能,123.15,4.1393,6.26,1994-01-28,0,False
公用事业,电力,光伏发电,51,601222.SS,林洋能源,120.02,1.677,5.88,2011-08-08,0,False
公用事业,电力,风力发电,52,600163.SS,中闽能源,115.7,2.1774,6.08,1998-06-02,0,False
公用事业,电力,火力发电,53,000690.SZ,宝新能源,114.23,3.3442,5.25,1997-01-28,0,False
公用事业,电力,风力发电,54,603693.SS,江苏新能,113.48,1.2395,12.73,2018-07-03,0,False
公用事业,电力,火力发电,55,000767.SZ,晋控电力,108.31,2.8957,3.52,1997-06-09,0,False
公用事业,电力,风力发电,56,001258.SZ,立新能源,104.35,14.1472,11.18,2022-07-27,0,False
公用事业,电力,火力发电,57,600509.SS,天富能源,101.16,1.1476,7.36,2002-02-28,0,False
公用事业,电力,火力发电,58,000899.SZ,赣能股份,93.08,1.1475,9.54,1997-11-26,0,False
公用事业,电力,水力发电,59,000722.SZ,湖南发展,91.68,3.1422,14.33,1997-05-22,0,False
公用事业,电力,水力发电,60,000993.SZ,闽东电力,84.63,3.9474,18.48,2000-07-31,0,False
公用事业,电力,水力发电,61,002039.SZ,黔源电力,82.99,1.0072,19.41,2005-03-03,0,False
公用事业,电力,热力服务,62,605011.SS,杭州热电,73.34,1.535,18.33,2021-06-30,0,False
公用事业,电力,电能综合服务,63,600310.SS,广西能源,70.21,2.6582,4.79,2001-02-28,0,False
公用事业,电力,水力发电,64,000601.SZ,韶能股份,67.04,2.2035,6.3,1996-08-30,0,False
公用事业,电力,光伏发电,65,002256.SZ,兆新股份,66.32,1.2799,3.25,2008-06-25,0,False
公用事业,电力,热力服务,66,605580.SS,恒盛能源,64.74,2.9343,23.12,2021-08-19,0,False
公用事业,电力,光伏发电,67,002218.SZ,拓日新能,62.25,2.1147,4.42,2008-02-28,0,False
公用事业,电力,热力服务,68,001210.SZ,金房能源,61.87,2.55,28.18,2021-07-29,0,False
公用事业,电力,电能综合服务,69,600644.SS,乐山电力,60.03,2.6664,10.38,1993-04-26,0,False
公用事业,电力,火力发电,70,000037.SZ,深南电A,58.53,1.6622,9.71,1994-07-01,0,False
公用事业,电力,热力服务,71,600982.SS,宁波能源,57.78,1.2282,5.17,2004-07-06,0,False
公用事业,电力,热力服务,72,001376.SZ,百通能源,56.92,1.504,11.65,2023-11-03,0,False
公用事业,电力,水力发电,73,600868.SS,梅雁吉祥,55.24,1.3098,2.91,1994-09-12,0,False
公用事业,电力,电能综合服务,74,600979.SS,广安爱众,51.56,1.1077,4.12,2004-09-06,0,False
公用事业,电力,热力服务,75,002479.SZ,富春环保,50.43,1.2417,5.83,2010-09-21,0,False
公用事业,电力,热力服务,76,605162.SS,新中港,49.07,4.2936,11.08,2021-07-07,0,False
公用事业,电力,电能综合服务,77,600101.SS,明星电力,44.6,1.0462,8.14,1997-06-27,0,False
公用事业,电力,光伏发电,78,603105.SS,芯能科技,40.55,2.1966,8.11,2018-07-09,0,False
公用事业,电力,电能综合服务,79,300040.SZ,九洲集团,37.96,1.8507,5.9,2010-01-08,0,False
公用事业,电力,电能综合服务,80,600969.SS,郴电国际,36.38,2.3589,9.83,2004-04-08,0,False
公用事业,电力,光伏发电,81,300317.SZ,珈伟新能,34.45,2.2046,4.15,2012-05-11,0,False
公用事业,电力,热力服务,82,002893.SZ,京能热力,26.6,1.8347,10.09,2017-09-15,0,False
农林牧渔,养殖业,生猪养殖,1,002714.SZ,牧原股份,2377.32,17.8621,41.18,2014-01-28,0,True
农林牧渔,养殖业,生猪养殖,2,300498.SZ,温氏股份,979.46,7.1984,14.72,2015-11-02,0,True
农林牧渔,养殖业,生猪养殖,3,002157.SZ,正邦科技,282.13,5.1942,3.0500000000000003,2007-08-17,0,True
农林牧渔,养殖业,肉鸡养殖,4,002299.SZ,圣农发展,201.83,1.9049,16.240000000000002,2009-10-21,0,True
农林牧渔,养殖业,生猪养殖,5,605296.SS,神农集团,173.87,1.26,33.04,2021-05-28,0,False
农林牧渔,养殖业,肉鸡养殖,6,300761.SZ,立华股份,172.4,1.7509,20.37,2019-02-18,0,True
农林牧渔,养殖业,肉鸡养殖,7,002458.SZ,益生股份,120.65,3.8071,8.43,2010-08-10,0,False
农林牧渔,养殖业,生猪养殖,8,000048.SZ,京基智农,104.13,3.2973,19.64,1994-11-01,0,False
农林牧渔,养殖业,生猪养殖,9,603477.SS,巨星农牧,76.67,1.8996,14.66,2017-12-18,0,False
农林牧渔,养殖业,生猪养殖,10,000735.SZ,罗 牛 山,66.67,6.1976,5.79,1997-06-11,0,False
农林牧渔,养殖业,生猪养殖,11,600975.SS,新五丰,64.86,1.8589,5.19,2004-06-09,0,False
农林牧渔,养殖业,肉鸡养殖,12,002746.SZ,仙坛股份,55.5,1.3494,6.45,2015-02-16,0,False
农林牧渔,养殖业,生猪养殖,13,002124.SZ,天邦食品,49.77,3.0279,2.24,2007-04-03,0,False
农林牧渔,养殖业,其他养殖,14,300313.SZ,天山生物,32.25,5.5307,13.45,2012-04-25,0,False
农林牧渔,养殖业,肉鸡养殖,15,300967.SZ,晓鸣股份,30.59,1.3262,16.31,2021-04-13,0,False
农林牧渔,农业综合,农业综合Ⅲ,1,300021.SZ,大禹节水,39.16,1.2328,3.83,2009-10-30,0,False
农林牧渔,农产品加工,粮油加工,1,300999.SZ,金龙鱼,1351.06,3.7581,24.92,2020-10-15,0,False
农林牧渔,农产品加工,其他农产品加工,2,600737.SS,中粮糖业,305.0,19.4557,14.26,1996-07-31,0,False
农林牧渔,农产品加工,果蔬加工,3,605198.SS,安德利,267.69,3.0454,81.64,2020-09-18,0,False
农林牧渔,农产品加工,其他农产品加工,4,000930.SZ,中粮科技,92.64,4.0093,4.99,1999-07-12,0,False
农林牧渔,农产品加工,果蔬加工,5,600251.SS,冠农股份,79.18,3.8723,10.19,2003-06-09,0,False
农林牧渔,农产品加工,粮油加工,6,000019.SZ,深粮控股,77.45,2.8276,6.72,1992-10-12,0,False
农林牧渔,农产品加工,粮油加工,7,600127.SS,金健米业,76.56,28.3735,11.93,1998-05-06,0,False
农林牧渔,农产品加工,果蔬加工,8,600962.SS,国投中鲁,67.49,1.4596,25.74,2004-06-22,0,False
农林牧渔,农产品加工,其他农产品加工,9,600191.SS,华资实业,46.7,1.3679,9.63,1998-12-10,0,False
农林牧渔,农产品加工,粮油加工,10,000505.SZ,京粮控股,46.09,5.6927,6.34,1992-12-21,0,False
农林牧渔,农产品加工,其他农产品加工,11,001338.SZ,永顺泰,44.65,1.3692,8.9,2022-11-16,0,False
农林牧渔,农产品加工,果蔬加工,12,000972.SZ,中基健康,29.23,1.1583,3.79,2000-09-26,0,False
农林牧渔,农产品加工,其他农产品加工,13,002286.SZ,保龄宝,29.22,1.6667,7.69,2009-08-28,0,False
农林牧渔,农产品加工,粮油加工,14,002852.SZ,道道全,27.62,1.636,8.03,2017-03-10,0,False
农林牧渔,动物保健,动物保健Ⅲ,1,600201.SS,生物股份,128.69,1.3726,11.7,1999-01-15,0,True
农林牧渔,动物保健,动物保健Ⅲ,2,002868.SZ,绿康生化,35.54,1.0731,22.87,2017-05-03,0,False
农林牧渔,林业,林业Ⅲ,1,000592.SZ,平潭发展,168.26,21.3263,8.71,1996-03-27,0,False
农林牧渔,林业,林业Ⅲ,2,002679.SZ,福建金森,26.59,1.7053,11.28,2012-06-05,0,False
农林牧渔,渔业,海洋捕捞,1,000798.SZ,中水渔业,36.81,4.0087,10.06,1998-02-12,0,False
农林牧渔,渔业,水产养殖,2,600467.SS,好当家,35.36,1.1086,2.42,2004-04-05,0,False
农林牧渔,渔业,水产养殖,3,300094.SZ,国联水产,32.72,2.737,2.9,2010-07-08,0,False
农林牧渔,渔业,水产养殖,4,600257.SS,大湖股份,26.47,1.0751,5.5,2000-06-12,0,False
农林牧渔,种植业,其他种植业,1,601118.SS,海南橡胶,259.76,12.9751,6.07,2011-01-07,0,False
农林牧渔,种植业,粮食种植,2,600598.SS,北大荒,221.32,8.4077,12.45,2002-03-29,0,False
农林牧渔,种植业,种子,3,000998.SZ,隆平高科,128.28,6.631,8.73,2000-12-11,0,False
农林牧渔,种植业,粮食种植,4,601952.SS,苏垦农发,124.16,4.42,9.01,2017-05-15,0,False
农林牧渔,种植业,其他种植业,5,002215.SZ,诺 普 信,96.81,3.3889,9.64,2008-02-18,0,False
农林牧渔,种植业,种子,6,002041.SZ,登海种业,86.33,7.8882,9.81,2005-04-18,0,False
农林牧渔,种植业,种子,7,600313.SS,农发种业,78.39,10.0485,6.75,2001-01-19,0,False
农林牧渔,种植业,其他种植业,8,600108.SS,亚盛集团,76.71,11.7,3.94,1997-08-18,0,False
农林牧渔,种植业,种子,9,300189.SZ,神农种业,62.77,20.5445,6.13,2011-03-16,0,False
农林牧渔,种植业,其他种植业,10,603336.SS,宏辉果蔬,60.69,2.4748,9.97,2016-11-24,0,False
农林牧渔,种植业,种子,11,000713.SZ,国投丰乐,49.73,2.6966,6.23,1997-04-22,0,False
农林牧渔,种植业,种子,12,600354.SS,敦煌种业,47.24,11.3492,8.950000000000001,2004-01-15,0,False
农林牧渔,种植业,种子,13,600371.SS,万向德农,41.6,7.5325,14.22,2002-09-16,0,False
农林牧渔,种植业,粮食种植,14,002772.SZ,众兴菌业,40.02,2.3351,10.68,2015-06-26,0,False
农林牧渔,种植业,食用菌,15,300511.SZ,雪榕生物,31.85,2.8626,4.97,2016-05-04,0,False
农林牧渔,种植业,其他种植业,16,600540.SS,新赛股份,30.64,5.7994,5.2700000000000005,2004-01-07,0,False
农林牧渔,种植业,其他种植业,17,600359.SS,新农开发,29.3,3.5132,7.68,1999-04-29,0,False
农林牧渔,种植业,粮食种植,18,300970.SZ,华绿生物,26.3,5.2581,16.45,2021-04-12,0,False
农林牧渔,饲料,水产饲料,1,002311.SZ,海大集团,700.58,4.0328,42.28,2009-11-27,0,True
农林牧渔,饲料,畜禽饲料,2,000876.SZ,新 希 望,357.27,4.4062,7.2,1998-03-11,0,True
农林牧渔,饲料,宠物食品,3,301498.SZ,乖宝宠物,149.74,1.3198,37.39,2023-08-16,0,False
农林牧渔,饲料,畜禽饲料,4,002385.SZ,大北农,136.12,5.8184,3.18,2010-04-09,0,True
农林牧渔,饲料,畜禽饲料,5,002100.SZ,天康生物,103.76,2.152,7.6,2006-12-26,0,False
农林牧渔,饲料,宠物食品,6,002891.SZ,中宠股份,87.88,1.7722,27.3,2017-08-21,0,False
农林牧渔,饲料,畜禽饲料,7,603363.SS,傲农生物,79.2,1.5865,2.9,2017-09-26,0,False
农林牧渔,饲料,水产饲料,8,603668.SS,天马科技,62.11,1.3905,12.28,2017-01-17,0,False
农林牧渔,饲料,畜禽饲料,9,002567.SZ,唐人神,54.03,1.2288,3.77,2011-03-25,0,False
农林牧渔,饲料,水产饲料,10,001313.SZ,粤海饲料,49.0,1.4751,7.0,2022-02-16,0,False
农林牧渔,饲料,畜禽饲料,11,002548.SZ,金新农,32.8,1.6715,3.96,2011-02-18,0,False
农林牧渔,饲料,畜禽饲料,12,688156.SS,路德科技,22.72,1.0141,22.56,2020-09-22,0,False
农林牧渔,饲料,水产饲料,13,002696.SZ,百洋股份,22.68,2.0648,6.56,2012-09-05,0,False
农林牧渔,饲料,畜禽饲料,14,001366.SZ,播恩集团,20.6,1.7414,12.82,2023-03-07,0,False
医药生物,中药,中药Ⅲ,1,000538.SZ,云南白药,907.48,3.566,50.86,1993-12-15,0,True
医药生物,中药,中药Ⅲ,2,600436.SS,片仔癀,702.26,3.3643,116.4,2003-06-16,0,True
医药生物,中药,中药Ⅲ,3,000999.SZ,华润三九,396.75,2.1399,23.84,2000-03-09,0,True
医药生物,中药,中药Ⅲ,4,600085.SS,同仁堂,317.63,1.1657,23.16,1997-06-25,0,True
医药生物,中药,中药Ⅲ,5,600332.SS,白云山,316.05,1.586,19.44,2001-02-06,0,True
医药生物,中药,中药Ⅲ,6,000423.SZ,东阿阿胶,294.45,2.8069,46.02,1996-07-29,0,True
医药生物,中药,中药Ⅲ,7,002603.SZ,以岭药业,253.61,2.7532,15.18,2011-07-28,0,True
医药生物,中药,中药Ⅲ,8,600566.SS,济川药业,233.64,1.3884,25.35,2001-08-22,0,False
医药生物,中药,中药Ⅲ,9,002317.SZ,众生药业,210.1,5.3907,24.72,2009-12-11,0,True
医药生物,中药,中药Ⅲ,10,000623.SZ,吉林敖东,208.68,2.1308,17.45,1996-10-28,0,True
医药生物,中药,中药Ⅲ,11,600535.SS,天士力,207.66,1.9379,13.9,2002-08-23,0,False
医药生物,中药,中药Ⅲ,12,600518.SS,康美药业,183.92,2.2476,1.33,2001-03-19,0,False
医药生物,中药,中药Ⅲ,13,600750.SS,华润江中,140.91,1.1062,22.17,1996-09-23,0,True
医药生物,中药,中药Ⅲ,14,600285.SS,羚锐制药,108.66,1.2809,19.16,2000-10-18,0,False
医药生物,中药,中药Ⅲ,15,600572.SS,康恩贝,107.89,2.5785,4.25,2004-04-12,0,False
医药生物,中药,中药Ⅲ,16,300026.SZ,红日药业,95.83,1.9994,3.19,2009-10-30,0,False
医药生物,中药,中药Ⅲ,17,300181.SZ,佐力药业,92.86,1.8737,13.24,2011-02-22,0,False
医药生物,中药,中药Ⅲ,18,600129.SS,太极集团,73.89,2.1628,13.4,1997-11-18,0,False
医药生物,中药,中药Ⅲ,19,000989.SZ,九芝堂,73.78,1.7902,8.620000000000001,2000-06-28,0,False
医药生物,中药,中药Ⅲ,20,000650.SZ,仁和药业,72.94,1.1374,5.21,1996-12-10,0,False
医药生物,中药,中药Ⅲ,21,600252.SS,中恒集团,69.73,1.4207,2.19,2000-11-30,0,False
医药生物,中药,中药Ⅲ,22,002349.SZ,精华制药,66.49,5.3943,8.0,2010-02-03,0,False
医药生物,中药,中药Ⅲ,23,603439.SS,三力制药,57.71,2.2025,14.29,2020-04-28,0,False
医药生物,中药,中药Ⅲ,24,600479.SS,千金药业,55.67,9.6151,11.31,2004-03-12,0,False
医药生物,中药,中药Ⅲ,25,002907.SZ,华森制药,55.62,2.5843,13.32,2017-10-20,0,False
医药生物,中药,中药Ⅲ,26,300039.SZ,上海凯宝,52.61,1.8598,5.03,2010-01-08,0,False
医药生物,中药,中药Ⅲ,27,603567.SS,珍宝岛,49.64,1.784,5.28,2015-04-24,0,False
医药生物,中药,中药Ⅲ,28,300158.SZ,振东制药,49.62,1.2227,5.0,2011-01-07,0,False
医药生物,中药,中药Ⅲ,29,002728.SZ,特一药业,46.81,1.3505,9.12,2014-07-31,0,False
医药生物,中药,中药Ⅲ,30,600351.SS,亚宝药业,45.6,1.5406,6.59,2002-09-26,0,False
医药生物,中药,中药Ⅲ,31,603998.SS,方盛制药,45.01,1.4332,10.25,2014-12-05,0,False
医药生物,中药,中药Ⅲ,32,002412.SZ,汉森制药,43.58,8.6355,8.66,2010-05-25,0,False
医药生物,中药,中药Ⅲ,33,600222.SS,太龙药业,42.51,1.5286,7.6,1999-11-05,0,False
医药生物,中药,中药Ⅲ,34,603139.SS,康惠股份,42.44,1.0357,39.87,2017-04-21,0,False
医药生物,中药,中药Ⅲ,35,002107.SZ,沃华医药,38.44,1.6999,6.66,2007-01-24,0,False
医药生物,中药,中药Ⅲ,36,300534.SZ,陇神戎发,38.28,8.2809,12.62,2016-09-13,0,False
医药生物,中药,中药Ⅲ,37,301111.SZ,粤万年青,34.05,1.5563,21.28,2021-12-07,0,False
医药生物,中药,中药Ⅲ,38,600594.SS,益佰制药,27.53,2.0209,3.51,2004-03-23,0,False
医药生物,化学制药,化学制剂,1,688235.SS,百济神州,3903.22,9.5644,253.08,2021-12-15,0,True
医药生物,化学制药,化学制剂,2,600276.SS,恒瑞医药,2890.5,34.9486,43.55,2000-10-18,0,True
医药生物,化学制药,化学制剂,3,688506.SS,百利天恒,1003.32,4.3316,243.01,2023-01-06,0,True
医药生物,化学制药,化学制剂,4,002653.SZ,海思科,716.82,3.404,62.83,2012-01-17,0,False
医药生物,化学制药,化学制剂,5,002422.SZ,科伦药业,643.31,8.7594,40.44,2010-06-03,0,True
医药生物,化学制药,原料药,6,300765.SZ,石药创新,607.07,12.2888,43.22,2019-03-22,0,False
医药生物,化学制药,化学制剂,7,600196.SS,复星医药,581.35,5.4139,21.77,1998-08-07,0,True
医药生物,化学制药,化学制剂,8,688428.SS,诺诚健华,509.68,3.3502,28.81,2022-09-21,0,False
医药生物,化学制药,化学制剂,9,000963.SZ,华东医药,460.71,4.8497,26.27,2000-01-27,0,True
医药生物,化学制药,化学制剂,10,688578.SS,艾力斯,448.47,5.884,99.66,2020-12-02,0,True
医药生物,化学制药,化学制剂,11,002294.SZ,信立泰,331.21,4.259,29.71,2009-09-10,0,True
医药生物,化学制药,化学制剂,12,688266.SS,泽璟制药-U,289.46,5.4457,109.35,2020-01-23,0,True
医药生物,化学制药,原料药,13,000739.SZ,普洛药业,261.0,4.1072,22.53,1997-05-09,0,False
医药生物,化学制药,化学制剂,14,688192.SS,迪哲医药-U,258.68,3.3,55.61,2021-12-10,0,False
医药生物,化学制药,化学制剂,15,600521.SS,华海药业,242.85,3.987,16.22,2003-03-04,0,False
医药生物,化学制药,化学制剂,16,000513.SZ,丽珠集团,232.9,2.0436,26.23,1993-10-28,0,False
医药生物,化学制药,化学制剂,17,002262.SZ,恩华药业,219.0,1.7368,21.62,2008-07-23,0,False
医药生物,化学制药,化学制剂,18,300255.SZ,常山药业,208.99,4.7906,22.74,2011-08-19,0,False
医药生物,化学制药,化学制剂,19,300199.SZ,翰宇药业,207.03,8.7419,23.44,2011-04-07,0,False
医药生物,化学制药,化学制剂,20,300558.SZ,贝达药业,199.94,6.4814,47.23,2016-11-07,0,False
医药生物,化学制药,化学制剂,21,600664.SS,哈药股份,187.38,30.6093,7.44,1993-06-29,0,False
医药生物,化学制药,原料药,22,301301.SZ,川宁生物,178.14,1.3136,7.98,2022-12-27,0,False
医药生物,化学制药,原料药,23,688690.SS,纳微科技,175.74,4.7669,43.52,2021-06-23,0,False
医药生物,化学制药,化学制剂,24,600380.SS,健康元,167.58,1.6743,9.16,2001-06-08,0,False
医药生物,化学制药,化学制剂,25,300723.SZ,一品红,152.4,2.8856,33.74,2017-11-16,0,False
医药生物,化学制药,原料药,26,688166.SS,博瑞医药,150.13,4.0156,34.45,2019-11-08,0,True
医药生物,化学制药,化学制剂,27,000766.SZ,通化金马,148.45,2.3139,15.36,1997-04-30,0,False
医药生物,化学制药,化学制剂,28,300436.SZ,广生堂,142.96,3.4683,85.08,2015-04-22,0,False
医药生物,化学制药,原料药,29,605507.SS,国邦医药,138.55,1.1045,17.71,2021-08-02,0,False
医药生物,化学制药,化学制剂,30,600267.SS,海正药业,134.43,3.6062,11.39,2000-07-25,0,False
医药生物,化学制药,化学制剂,31,300573.SZ,兴齐眼药,129.62,1.9921,36.52,2016-12-08,0,False
医药生物,化学制药,原料药,32,688758.SS,赛分科技,122.98,2.6354,29.53,2025-01-10,0,False
医药生物,化学制药,化学制剂,33,603707.SS,健友股份,119.56,1.0853,7.4,2017-07-19,0,False
医药生物,化学制药,原料药,34,600216.SS,浙江医药,119.53,3.1699,12.43,1999-10-21,0,False
医药生物,化学制药,原料药,35,300497.SZ,富祥股份,118.07,5.6546,21.92,2015-12-22,0,False
医药生物,化学制药,化学制剂,36,688062.SS,迈威生物-U,113.29,2.1185,25.36,2022-01-18,0,False
医药生物,化学制药,化学制剂,37,002019.SZ,亿帆医药,112.27,1.0897,9.23,2004-07-13,0,False
医药生物,化学制药,化学制剂,38,688382.SS,益方生物-U,108.5,2.4433,18.72,2022-07-25,0,False
医药生物,化学制药,化学制剂,39,688321.SS,微芯生物,107.86,2.604,24.35,2019-08-12,0,False
医药生物,化学制药,化学制剂,40,300204.SZ,舒泰神,105.51,3.5872,19.49,2011-04-15,0,False
医药生物,化学制药,化学制剂,41,002755.SZ,奥赛康,105.16,1.7252,11.33,2015-05-15,0,False
医药生物,化学制药,化学制剂,42,002020.SZ,京新药业,98.16,1.6021,11.4,2004-07-15,0,False
医药生物,化学制药,原料药,43,000756.SZ,新华制药,88.62,1.2032,12.72,1997-08-06,0,False
医药生物,化学制药,化学制剂,44,002004.SZ,华邦健康,87.31,1.4267,4.41,2004-06-25,0,False
医药生物,化学制药,原料药,45,603538.SS,美诺华,87.06,11.5228,25.61,2017-04-07,0,True
医药生物,化学制药,原料药,46,002099.SZ,海翔药业,86.93,1.2923,5.37,2006-12-26,0,False
医药生物,化学制药,原料药,47,002332.SZ,仙琚制药,84.28,1.2865,8.52,2010-01-12,0,False
医药生物,化学制药,原料药,48,300401.SZ,花园生物,81.83,3.8336,15.02,2014-10-09,0,True
医药生物,化学制药,化学制剂,49,002550.SZ,千红制药,81.27,1.0193,6.350000000000001,2011-02-18,0,False
医药生物,化学制药,化学制剂,50,688091.SS,上海谊众,80.74,1.4672,39.06,2021-09-09,0,False
医药生物,化学制药,化学制剂,51,600789.SS,鲁抗医药,77.97,1.9344,7.46,1997-02-26,0,False
医药生物,化学制药,化学制剂,52,600812.SS,华北制药,77.89,1.6167,4.54,1994-01-14,0,False
医药生物,化学制药,化学制剂,53,002437.SZ,誉衡药业,75.37,21.3936,3.38,2010-06-23,0,False
医药生物,化学制药,化学制剂,54,688176.SS,亚虹医药-U,71.87,1.4863,12.56,2022-01-07,0,False
医药生物,化学制药,原料药,55,301246.SZ,宏源药业,69.56,1.4327,17.39,2023-03-20,0,False
医药生物,化学制药,化学制剂,56,688553.SS,汇宇制药-W,68.41,1.1901,10.93,2021-10-26,0,False
医药生物,化学制药,化学制剂,57,000813.SZ,德展健康,67.11,2.4486,3.2,1998-05-19,0,False
医药生物,化学制药,化学制剂,58,688799.SS,华纳药厂,66.95,1.1249,50.1,2021-07-13,0,True
医药生物,化学制药,原料药,59,600488.SS,津药药业,65.95,5.1778,6.04,2001-06-18,0,False
医药生物,化学制药,原料药,60,300267.SZ,尔康制药,65.38,1.0859,3.17,2011-09-27,0,False
医药生物,化学制药,化学制剂,61,603367.SS,XD辰欣药,62.3,1.2022,13.76,2017-09-29,0,False
医药生物,化学制药,化学制剂,62,000566.SZ,海南海药,59.03,3.965,4.55,1994-05-25,0,False
医药生物,化学制药,化学制剂,63,688221.SS,前沿生物-U,58.77,2.7874,15.69,2020-10-28,0,False
医药生物,化学制药,化学制剂,64,002038.SZ,双鹭药业,57.22,2.6848,5.57,2004-09-09,0,False
医药生物,化学制药,化学制剂,65,000915.SZ,华特达因,56.97,1.2037,24.31,1999-06-09,0,False
医药生物,化学制药,化学制剂,66,688658.SS,悦康药业,56.66,2.6345,12.59,2020-12-24,0,False
医药生物,化学制药,原料药,67,301281.SZ,科源制药,54.24,1.179,50.09,2023-04-04,0,False
医药生物,化学制药,化学制剂,68,300006.SZ,莱美药业,53.96,2.732,5.11,2009-10-30,0,False
医药生物,化学制药,化学制剂,69,300705.SZ,九典制药,52.13,1.0343,10.42,2017-10-10,0,False
医药生物,化学制药,化学制剂,70,688117.SS,圣诺生物,50.5,1.4475,22.92,2021-06-03,0,False
医药生物,化学制药,化学制剂,71,300233.SZ,金城医药,49.56,1.2537,12.91,2011-06-22,0,False
医药生物,化学制药,化学制剂,72,002793.SZ,罗欣药业,48.51,1.6002,4.46,2016-04-15,0,False
医药生物,化学制药,原料药,73,301211.SZ,亨迪药业,47.15,2.1655,11.29,2021-12-22,0,False
医药生物,化学制药,原料药,74,688356.SS,键凯科技,46.84,6.7655,77.23,2020-08-26,0,False
医药生物,化学制药,化学制剂,75,300016.SZ,北陆药业,46.24,3.6321,7.95,2009-10-30,0,False
医药生物,化学制药,化学制剂,76,002940.SZ,昂利康,45.89,3.0404,22.75,2018-10-23,0,False
医药生物,化学制药,化学制剂,77,600613.SS,神奇制药,43.9,10.7241,8.22,1992-08-20,0,False
医药生物,化学制药,化学制剂,78,300434.SZ,金石亚药,41.82,1.7679,10.41,2015-04-24,0,False
医药生物,化学制药,化学制剂,79,600513.SS,联环药业,41.82,1.4386,14.65,2003-03-19,0,False
医药生物,化学制药,原料药,80,002365.SZ,永安药业,41.11,6.5954,13.95,2010-03-05,0,False
医药生物,化学制药,化学制剂,81,000919.SZ,金陵药业,39.93,1.0069,6.42,1999-11-18,0,False
医药生物,化学制药,化学制剂,82,603669.SS,灵康药业,38.89,1.2233,5.46,2015-05-28,0,False
医药生物,化学制药,化学制剂,83,300111.SZ,向日葵,38.36,1.0457,2.98,2010-08-27,0,False
医药生物,化学制药,化学制剂,84,603207.SS,小方制药,38.29,1.4317,23.67,2024-08-26,0,False
医药生物,化学制药,化学制剂,85,002370.SZ,亚太药业,38.18,1.1874,5.12,2010-03-16,0,False
医药生物,化学制药,化学制剂,86,002900.SZ,哈三联,36.48,2.7913,11.53,2017-09-22,0,False
医药生物,化学制药,化学制剂,87,002693.SZ,双成药业,35.75,1.3919,8.620000000000001,2012-08-08,0,False
医药生物,化学制药,化学制剂,88,688373.SS,盟科药业-U,34.71,1.0826,5.29,2022-08-05,0,False
医药生物,化学制药,化学制剂,89,000931.SZ,中 关 村,32.99,3.1848,4.38,1999-07-12,0,False
医药生物,化学制药,化学制剂,90,000788.SZ,北大医药,31.29,1.0577,5.25,1997-06-16,0,False
医药生物,化学制药,原料药,91,605177.SS,东亚药业,28.49,2.0923,24.84,2020-11-25,0,False
医药生物,化学制药,化学制剂,92,000153.SZ,丰原药业,27.88,1.3102,6.0,2000-09-20,0,False
医药生物,化学制药,化学制剂,93,002742.SZ,冀衡医药,27.71,3.1954,4.05,2015-02-17,0,False
医药生物,化学制药,化学制剂,94,300254.SZ,仟源医药,21.76,1.1921,8.46,2011-08-19,0,False
医药生物,化学制药,化学制剂,95,301130.SZ,西点药业,20.21,3.1408,26.42,2022-02-23,0,False
医药生物,医疗器械,医疗设备,1,300760.SZ,迈瑞医疗,1917.91,14.9757,158.27,2018-10-16,0,True
医药生物,医疗器械,医疗设备,2,688271.SS,联影医疗,839.57,3.9786,101.87,2022-08-22,0,True
医药生物,医疗器械,体外诊断,3,300832.SZ,新产业,385.4,2.8309,49.05,2020-05-12,0,True
医药生物,医疗器械,医疗耗材,4,688617.SS,惠泰医疗,344.74,4.2473,243.58,2021-01-07,0,True
医药生物,医疗器械,医疗耗材,5,300677.SZ,英科医疗,334.58,5.4668,51.1,2017-07-21,0,True
医药生物,医疗器械,体外诊断,6,603392.SS,万泰生物,318.12,2.5857,25.16,2020-04-29,0,False
医药生物,医疗器械,医疗设备,7,688301.SS,奕瑞科技,287.05,3.7319,91.59,2020-09-18,0,True
医药生物,医疗器械,体外诊断,8,002432.SZ,九安医疗,279.24,11.9958,59.9,2010-06-10,0,True
医药生物,医疗器械,医疗设备,9,688114.SS,华大智造,263.45,6.913,63.25,2022-09-09,0,False
医药生物,医疗器械,医疗设备,10,002223.SZ,鱼跃医疗,260.84,1.9083,26.02,2008-04-18,0,True
医药生物,医疗器械,医疗耗材,11,603301.SS,振德医疗,214.58,1.0914,81.32000000000001,2018-04-12,0,False
医药生物,医疗器械,医疗耗材,12,300003.SZ,乐普医疗,209.23,2.1558,11.35,2009-10-30,0,True
医药生物,医疗器械,体外诊断,13,603658.SS,安图生物,183.26,1.0455,32.07,2016-09-01,0,False
医药生物,医疗器械,医疗耗材,14,688029.SS,南微医学,153.21,1.9503,81.56,2019-07-22,0,False
医药生物,医疗器械,医疗耗材,15,301093.SZ,华兰股份,127.6,4.0943,59.870000000000005,2021-11-01,0,False
医药生物,医疗器械,医疗设备,16,300049.SZ,福瑞医科,125.66,3.7848,47.6,2010-01-20,0,True
医药生物,医疗器械,医疗设备,17,301363.SZ,美好医疗,124.01,1.2798,15.58,2022-10-12,0,False
医药生物,医疗器械,医疗耗材,18,600529.SS,山东药玻,121.91,1.2031,18.37,2002-06-03,0,False
医药生物,医疗器械,医疗耗材,19,301087.SZ,可孚医疗,121.58,1.2548,51.54,2021-10-25,0,False
医药生物,医疗器械,医疗设备,20,300171.SZ,东富龙,105.3,2.6405,13.75,2011-02-01,0,False
医药生物,医疗器械,医疗耗材,21,688016.SS,心脉医疗,103.97,1.189,84.35000000000001,2019-07-22,0,False
医药生物,医疗器械,医疗设备,22,688677.SS,海泰新光,98.99,8.5489,82.58,2021-02-26,0,False
医药生物,医疗器械,医疗设备,23,688139.SS,海尔生物,97.64,1.1696,30.85,2019-10-25,0,False
医药生物,医疗器械,体外诊断,24,688289.SS,圣湘生物,90.04,1.1881,15.66,2020-08-28,0,False
医药生物,医疗器械,医疗耗材,25,301580.SZ,爱迪特,86.62,2.8993,58.06,2024-06-26,0,False
医药生物,医疗器械,医疗耗材,26,301188.SZ,力诺药包,86.44,4.2806,32.31,2021-11-11,0,False
医药生物,医疗器械,体外诊断,27,600645.SS,中源协和,83.72,1.7366,17.89,1993-05-04,0,False
医药生物,医疗器械,体外诊断,28,688068.SS,热景生物,79.86,2.345,86.10000000000001,2019-09-30,0,False
医药生物,医疗器械,医疗耗材,29,301234.SZ,五洲医疗,73.47,2.0516,108.04,2022-07-05,0,False
医药生物,医疗器械,体外诊断,30,002030.SZ,达安基因,73.12,1.1973,5.21,2004-08-09,0,False
医药生物,医疗器械,体外诊断,31,688656.SS,浩欧博,69.25,1.0563,109.02,2021-01-13,0,False
医药生物,医疗器械,体外诊断,32,300685.SZ,艾德生物,66.43,1.3577,17.03,2017-08-02,0,False
医药生物,医疗器械,医疗耗材,33,300981.SZ,中红医疗,65.19,2.4294,15.2,2021-04-27,0,False
医药生物,医疗器械,医疗耗材,34,688108.SS,赛诺医疗,64.16,1.3796,15.35,2019-10-30,0,False
医药生物,医疗器械,医疗设备,35,301235.SZ,华康洁净,64.1,3.9533,46.03,2022-01-28,0,False
医药生物,医疗器械,医疗设备,36,300358.SZ,楚天科技,57.92,2.4632,8.1,2014-01-21,0,False
医药生物,医疗器械,医疗耗材,37,301122.SZ,采纳股份,57.46,2.4586,47.0,2022-01-26,0,False
医药生物,医疗器械,体外诊断,38,688575.SS,亚辉龙,54.0,1.398,9.45,2021-05-17,0,False
医药生物,医疗器械,医疗耗材,39,603976.SS,正川股份,49.55,2.0439,28.87,2017-08-22,0,False
医药生物,医疗器械,医疗设备,40,688410.SS,山外山,42.1,1.1292,9.41,2022-12-26,0,False
医药生物,医疗器械,医疗设备,41,300246.SZ,宝莱特,39.5,1.695,14.92,2011-07-19,0,False
医药生物,医疗器械,体外诊断,42,002086.SZ,东方海洋,38.98,1.5368,1.99,2006-11-28,0,False
医药生物,医疗器械,医疗设备,43,300562.SZ,乐心股份,36.52,3.0382,16.68,2016-11-16,0,False
医药生物,医疗器械,医疗设备,44,300314.SZ,戴维医疗,33.32,1.0889,11.57,2012-05-08,0,False
医药生物,医疗器械,医疗耗材,45,603880.SS,南卫股份,28.82,1.1647,9.97,2017-08-07,0,False
医药生物,医疗器械,医疗耗材,46,688026.SS,洁特生物,28.75,1.4666,20.48,2020-01-22,0,False
医药生物,医疗器械,体外诊断,47,300642.SZ,透景生命,26.37,4.188,16.25,2017-04-21,0,False
医药生物,医疗器械,医疗设备,48,300753.SZ,爱朋医疗,25.21,1.184,20.0,2018-12-13,0,False
医药生物,医疗服务,医疗研发外包,1,603259.SS,药明康德,4783.26,62.0752,157.8,2018-05-08,0,True
医药生物,医疗服务,医疗研发外包,2,300759.SZ,康龙化成,790.4,23.9473,43.02,2019-01-28,0,True
医药生物,医疗服务,医院,3,300015.SZ,爱尔眼科,743.04,4.1918,7.99,2009-10-30,0,True
医药生物,医疗服务,医疗研发外包,4,002821.SZ,凯莱英,656.41,19.3211,182.0,2016-11-18,0,True
医药生物,医疗服务,医疗研发外包,5,688796.SS,百奥赛图,570.24,3.5373,127.6,2025-12-10,0,False
医药生物,医疗服务,医疗研发外包,6,300347.SZ,泰格医药,489.41,9.4256,56.84,2012-08-17,0,True
医药生物,医疗服务,医疗研发外包,7,603127.SS,昭衍新药,329.26,14.4072,43.94,2017-08-25,0,False
医药生物,医疗服务,医疗研发外包,8,688131.SS,皓元医药,197.11,4.0793,92.44,2021-06-08,0,True
医药生物,医疗服务,医院,9,002044.SZ,美年健康,170.27,2.852,4.3500000000000005,2005-05-18,0,False
医药生物,医疗服务,诊断服务,10,300676.SZ,华大基因,154.53,4.4759,36.94,2017-07-14,0,False
医药生物,医疗服务,医疗研发外包,11,688222.SS,成都先导,148.17,5.8177,36.98,2020-04-16,0,True
医药生物,医疗服务,医院,12,600763.SS,通策医疗,144.18,2.5382,32.44,1996-10-30,0,False
医药生物,医疗服务,医疗研发外包,13,688046.SS,药康生物,139.5,4.0254,34.01,2022-04-25,0,False
医药生物,医疗服务,医疗研发外包,14,688202.SS,美迪西,138.69,7.1607,103.23,2019-11-05,0,False
医药生物,医疗服务,医疗研发外包,15,603456.SS,九洲药业,132.96,3.5096,15.08,2014-10-10,0,False
医药生物,医疗服务,诊断服务,16,603882.SS,金域医学,125.77,2.696,27.15,2017-09-08,0,False
医药生物,医疗服务,医疗研发外包,17,688710.SS,益诺思,125.49,2.9855,89.01,2024-09-03,0,False
医药生物,医疗服务,医疗研发外包,18,300363.SZ,博腾股份,120.05,5.9784,22.09,2014-01-29,0,False
医药生物,医疗服务,诊断服务,19,300244.SZ,迪安诊断,115.81,5.1905,18.53,2011-07-19,0,False
医药生物,医疗服务,医疗研发外包,20,300725.SZ,药石科技,106.31,9.3817,45.47,2017-11-10,0,False
医药生物,医疗服务,医院,21,301293.SZ,三博脑科,101.24,2.4188,49.15,2023-05-05,0,False
医药生物,医疗服务,医疗研发外包,22,688621.SS,阳光诺和,82.96,2.5457,74.07000000000001,2021-06-21,0,False
医药生物,医疗服务,医院,23,002173.SZ,创新医疗,77.75,4.9192,17.62,2007-09-25,0,False
医药生物,医疗服务,医院,24,002219.SZ,新里程,73.18,2.3298,2.12,2008-03-06,0,False
医药生物,医疗服务,医疗研发外包,25,301520.SZ,万邦医药,64.6,8.0727,69.33,2023-09-25,0,False
医药生物,医疗服务,医疗研发外包,26,301333.SZ,诺思格,60.21,1.8742,62.34,2022-08-02,0,False
医药生物,医疗服务,医疗研发外包,27,688073.SS,毕得医药,58.44,2.9913,64.3,2022-10-11,0,False
医药生物,医疗服务,其他医疗服务,28,688315.SS,诺禾致源,57.35,1.5532,13.78,2021-04-13,0,False
医药生物,医疗服务,医疗研发外包,29,301230.SZ,泓博医药,56.2,4.6702,31.06,2022-11-01,0,False
医药生物,医疗服务,医疗研发外包,30,301096.SZ,百诚医药,54.7,1.4775,50.08,2021-12-20,0,False
医药生物,医疗服务,医疗研发外包,31,301201.SZ,诚达药业,51.46,2.5407,33.26,2022-01-20,0,False
医药生物,医疗服务,医疗研发外包,32,300404.SZ,博济医药,49.49,5.5643,12.83,2015-04-24,0,False
医药生物,医疗服务,医疗研发外包,33,300149.SZ,睿智医药,45.2,2.42,8.950000000000001,2010-12-22,0,False
医药生物,医疗服务,医疗研发外包,34,688238.SS,和元生物,42.58,1.9293,6.5600000000000005,2022-03-22,0,False
医药生物,医疗服务,诊断服务,35,301060.SZ,兰卫医学,42.25,2.2787,10.55,2021-09-13,0,False
医药生物,医疗服务,医疗研发外包,36,600721.SS,百花医药,41.57,14.8736,10.81,1996-06-26,0,False
医药生物,医疗服务,医院,37,002172.SZ,澳洋健康,38.9,8.5242,5.08,2007-09-21,0,False
医药生物,医疗服务,医疗研发外包,38,301509.SZ,金凯生科,33.95,1.0558,28.19,2023-08-03,0,False
医药生物,医疗服务,医疗研发外包,39,300683.SZ,海特生物,30.05,1.2781,22.96,2017-08-08,0,False
医药生物,医疗服务,医疗研发外包,40,301257.SZ,普蕊斯,30.04,1.7627,38.02,2022-05-17,0,False
医药生物,医疗服务,诊断服务,41,000710.SZ,贝瑞基因,29.73,2.0128,8.41,1997-04-22,0,False
医药生物,医药商业,医药流通,1,601607.SS,上海医药,599.27,1.6226,16.16,1994-03-24,0,False
医药生物,医药商业,线下药店,2,603939.SS,益丰药房,273.03,2.0193,22.52,2015-02-17,0,False
医药生物,医药商业,医药流通,3,600998.SS,九州通,253.64,1.5789,5.03,2010-11-02,0,False
医药生物,医药商业,线下药店,4,603233.SS,大参林,208.3,1.2846,18.29,2017-07-31,0,False
医药生物,医药商业,医药流通,5,600511.SS,国药股份,197.98,1.0134,26.24,2002-11-27,0,False
医药生物,医药商业,医药流通,6,600056.SS,中国医药,132.98,1.0782,8.89,1997-05-15,0,False
医药生物,医药商业,医药流通,7,301015.SZ,百洋医药,120.68,1.5963,22.96,2021-06-30,0,False
医药生物,医药商业,线下药店,8,603883.SS,老百姓,96.15,1.6624,12.67,2015-04-23,0,False
医药生物,医药商业,医药流通,9,000950.SZ,重药控股,89.06,1.5376,5.2,1999-09-16,0,False
医药生物,医药商业,线下药店,10,301408.SZ,华人健康,56.44,1.2154,14.11,2023-03-01,0,False
医药生物,医药商业,医药流通,11,603108.SS,润达医疗,56.41,1.3258,9.33,2015-05-27,0,False
医药生物,医药商业,医药流通,12,600829.SS,人民同泰,54.16,2.2608,9.34,1994-02-24,0,False
医药生物,医药商业,医药流通,13,603122.SS,合富中国,51.79,3.2646,13.01,2022-02-16,0,False
医药生物,医药商业,医药流通,14,002589.SZ,瑞康医药,44.54,3.3874,2.96,2011-06-10,0,False
医药生物,医药商业,医药流通,15,002788.SZ,鹭燕医药,41.92,1.4047,10.79,2016-02-18,0,False
医药生物,医药商业,医药流通,16,600272.SS,开开实业,39.37,6.8787,14.99,2001-02-28,0,False
医药生物,医药商业,医药流通,17,603716.SS,塞力医疗,36.22,2.1962,16.04,2016-10-31,0,False
医药生物,医药商业,医药流通,18,300937.SZ,药易购,22.38,1.0551,23.39,2021-01-27,0,False
医药生物,生物制品,其他生物制品,1,688331.SS,荣昌生物,647.79,8.0069,114.76,2022-03-31,0,True
医药生物,生物制品,其他生物制品,2,603087.SS,甘李药业,412.05,5.5868,68.97,2020-06-29,0,True
医药生物,生物制品,其他生物制品,3,688336.SS,三生国健,356.43,3.0591,39.77,2020-07-22,0,True
医药生物,生物制品,其他生物制品,4,688180.SS,君实生物-U,330.8,5.2543,32.22,2020-07-15,0,True
医药生物,生物制品,血液制品,5,002252.SZ,上海莱士,319.74,2.0855,4.8500000000000005,2008-06-23,0,True
医药生物,生物制品,疫苗,6,300122.SZ,智飞生物,296.11,6.8908,12.37,2010-09-28,0,False
医药生物,生物制品,其他生物制品,7,000661.SZ,长春高新,291.63,4.7275,71.49,1996-12-18,0,True
医药生物,生物制品,血液制品,8,600161.SS,天坛生物,238.47,1.5946,12.06,1998-06-16,0,False
医药生物,生物制品,疫苗,9,002007.SZ,华兰生物,232.78,1.7879,12.75,2004-06-25,0,False
医药生物,生物制品,疫苗,10,300142.SZ,沃森生物,208.4,21.4734,13.03,2010-11-12,0,False
医药生物,生物制品,其他生物制品,11,688278.SS,特宝生物,204.01,2.2118,49.98,2020-01-17,0,True
医药生物,生物制品,其他生物制品,12,002773.SZ,康弘药业,176.34,1.232,19.14,2015-06-26,0,False
医药生物,生物制品,疫苗,13,688185.SS,康希诺,159.37,7.9822,64.51,2020-08-13,0,False
医药生物,生物制品,疫苗,14,600739.SS,辽宁成大,157.26,1.6633,10.33,1996-08-19,0,False
医药生物,生物制品,其他生物制品,15,301080.SZ,百普赛斯,154.68,12.8112,92.25,2021-10-18,0,False
医药生物,生物制品,其他生物制品,16,600867.SS,通化东宝,152.18,1.5783,7.77,1994-08-24,0,False
医药生物,生物制品,其他生物制品,17,300009.SZ,安科生物,133.99,4.4918,8.02,2009-10-30,0,False
医药生物,生物制品,疫苗,18,300601.SZ,康泰生物,130.57,3.9789,11.69,2017-02-07,0,False
医药生物,生物制品,血液制品,19,688765.SS,禾元生物-U,127.48,1.2177,35.660000000000004,2025-10-28,0,True
医药生物,生物制品,其他生物制品,20,301047.SZ,义翘神州,124.56,8.7574,102.4,2021-08-16,0,False
医药生物,生物制品,其他生物制品,21,000534.SZ,万泽股份,118.93,3.8868,23.34,1994-01-10,0,False
医药生物,生物制品,其他生物制品,22,600211.SS,西藏药业,115.97,1.7549,35.980000000000004,1999-07-21,0,False
医药生物,生物制品,疫苗,23,688319.SS,欧林生物,108.65,1.8886,26.8,2021-06-08,0,False
医药生物,生物制品,疫苗,24,301207.SZ,华兰疫苗,108.49,1.7191,18.05,2022-02-18,0,False
医药生物,生物制品,其他生物制品,25,688105.SS,诺唯赞,104.69,2.7101,20.25,2021-11-15,0,False
医药生物,生物制品,其他生物制品,26,300357.SZ,我武生物,99.64,2.7951,19.03,2014-01-21,0,False
医药生物,生物制品,其他生物制品,27,688806.SS,泰诺麦博-U,96.9,1.1843,21.04,2026-07-21,0,False
医药生物,生物制品,其他生物制品,28,688293.SS,奥浦迈,95.16,3.2208,66.92,2022-09-02,0,False
医药生物,生物制品,其他生物制品,29,688488.SS,艾迪药业,65.6,1.2947,15.59,2020-07-20,0,False
医药生物,生物制品,疫苗,30,300841.SZ,康华生物,64.35,2.3291,49.52,2020-06-16,0,False
医药生物,生物制品,其他生物制品,31,301393.SZ,昊帆生物,63.86,1.6244,59.13,2023-07-12,0,False
医药生物,生物制品,其他生物制品,32,688137.SS,近岸蛋白,59.57,5.0482,85.2,2022-09-29,0,False
医药生物,生物制品,血液制品,33,002880.SZ,卫光生物,46.86,1.0217,20.66,2017-06-16,0,False
医药生物,生物制品,其他生物制品,34,688136.SS,科兴制药,39.83,2.0053,19.72,2020-12-14,0,False
医药生物,生物制品,其他生物制品,35,000518.SZ,四环生物,38.92,1.7315,3.78,1993-09-08,0,False
商贸零售,一般零售,商业物业经营,1,600415.SS,小商品城,627.87,6.7006,11.45,2002-05-09,0,False
商贸零售,一般零售,超市,2,300972.SZ,万辰集团,341.45,3.5014,172.97,2021-04-19,0,False
商贸零售,一般零售,百货,3,000564.SZ,供销大集,269.07,7.4396,1.49,1994-01-10,0,False
商贸零售,一般零售,超市,4,601933.SS,永辉超市,266.86,6.5495,2.99,2010-12-15,0,False
商贸零售,一般零售,多业态零售,5,600827.SS,百联股份,137.02,1.089,7.68,1994-02-04,0,False
商贸零售,一般零售,商业物业经营,6,000785.SZ,居然智家,137.0,1.2541,2.2,1997-07-11,0,False
商贸零售,一般零售,商业物业经营,7,600113.SS,XD浙江东,125.03,1.9848,30.39,1997-10-21,0,False
商贸零售,一般零售,商业物业经营,8,000061.SZ,农 产 品,116.52,2.2804,5.87,1997-01-10,0,False
商贸零售,一般零售,百货,9,600859.SS,王府井,108.12,1.5433,9.62,1994-05-06,0,False
商贸零售,一般零售,百货,10,601086.SS,国芳集团,97.04,6.8203,14.57,2017-09-29,0,False
商贸零售,一般零售,超市,11,002251.SZ,步步高,93.57,4.289,3.48,2008-06-19,0,False
商贸零售,一般零售,商业物业经营,12,601828.SS,美凯龙,92.3,1.1568,2.12,2018-01-17,0,False
商贸零售,一般零售,百货,13,600693.SS,东百集团,79.33,9.4751,9.12,1993-11-22,0,False
商贸零售,一般零售,百货,14,603123.SS,翠微股份,76.04,6.7829,9.52,2012-05-03,0,False
商贸零售,一般零售,百货,15,002277.SZ,友阿股份,75.29,1.7991,5.4,2009-07-17,0,False
商贸零售,一般零售,百货,16,600828.SS,茂业商业,71.01,2.2492,4.1,1994-02-24,0,False
商贸零售,一般零售,超市,17,002697.SZ,红旗连锁,62.56,1.1036,4.6000000000000005,2012-09-05,0,False
商贸零售,一般零售,超市,18,605188.SS,国光连锁,59.91,3.1112,11.8,2020-07-28,0,False
商贸零售,一般零售,超市,19,601116.SS,三江购物,54.27,2.2524,9.91,2011-03-02,0,False
商贸零售,一般零售,商业物业经营,20,600605.SS,汇通能源,53.7,1.1181,26.03,1992-03-27,0,False
商贸零售,一般零售,百货,21,600814.SS,杭州解百,49.4,1.1839,6.72,1994-01-14,0,False
商贸零售,一般零售,百货,22,600857.SS,宁波中百,47.4,1.8009,21.13,1994-04-25,0,False
商贸零售,一般零售,商业物业经营,23,603682.SS,锦和商管,45.88,1.3236,9.71,2020-04-21,0,False
商贸零售,一般零售,多业态零售,24,000417.SZ,合百集团,43.67,2.7465,5.6000000000000005,1996-08-12,0,False
商贸零售,一般零售,超市,25,000759.SZ,中百集团,41.07,8.187,6.26,1997-05-19,0,False
商贸零售,一般零售,百货,26,600865.SS,百大集团,38.79,3.5927,10.31,1994-08-09,0,False
商贸零售,一般零售,商业物业经营,27,000007.SZ,全新好,38.7,1.3146,11.17,1992-04-13,0,False
商贸零售,一般零售,百货,28,600280.SS,中央商场,33.17,1.881,2.94,2000-09-26,0,False
商贸零售,一般零售,多业态零售,29,600785.SS,新华百货,32.13,5.8958,10.17,1997-01-08,0,False
商贸零售,一般零售,多业态零售,30,600838.SS,上海九百,31.23,1.912,7.79,1994-02-24,0,False
商贸零售,一般零售,百货,31,600712.SS,南宁百货,27.01,1.9648,4.96,1996-06-26,0,False
商贸零售,一般零售,多业态零售,32,600778.SS,友好集团,18.38,1.2017,5.9,1996-12-03,0,False
商贸零售,专业连锁,专业连锁Ⅲ,1,002416.SZ,爱施德,110.92,1.4895,8.950000000000001,2010-05-28,0,False
商贸零售,专业连锁,专业连锁Ⅲ,2,000829.SZ,天音控股,90.31,1.5844,8.81,1997-12-02,0,False
商贸零售,专业连锁,专业连锁Ⅲ,3,301078.SZ,孩子王,87.38,1.668,6.91,2021-10-14,0,False
商贸零售,专业连锁,专业连锁Ⅲ,4,300622.SZ,博士眼镜,45.27,1.2415,14.19,2017-03-15,0,False
商贸零售,互联网电商,综合电商,1,603613.SS,国联股份,140.22,2.2179,19.46,2019-07-30,0,False
商贸零售,互联网电商,跨境电商,2,002315.SZ,焦点科技,98.75,1.7389,23.9,2009-12-09,0,False
商贸零售,互联网电商,跨境电商,3,301381.SZ,赛维时代,92.76,1.1975,22.82,2023-07-12,0,False
商贸零售,互联网电商,电商服务,4,003010.SZ,若羽臣,90.77,2.9981,29.18,2020-09-25,0,False
商贸零售,互联网电商,跨境电商,5,002803.SZ,吉宏股份,90.16,1.8583,19.69,2016-07-12,0,False
商贸零售,互联网电商,跨境电商,6,300592.SZ,华凯易佰,79.38,2.1168,20.29,2017-01-20,0,False
商贸零售,互联网电商,电商服务,7,002127.SZ,南极电商,73.4,1.0197,2.99,2007-04-18,0,False
商贸零售,互联网电商,电商服务,8,300792.SZ,壹网壹创,55.95,2.2656,23.54,2019-09-27,0,False
商贸零售,互联网电商,跨境电商,9,002640.SZ,跨境通,52.66,3.0219,3.38,2011-12-08,0,False
商贸零售,互联网电商,电商服务,10,300518.SZ,新迅达,47.9,2.0167,24.02,2016-06-24,0,False
商贸零售,互联网电商,跨境电商,11,300464.SZ,星徽股份,46.82,1.3235,10.02,2015-06-10,0,False
商贸零售,互联网电商,电商服务,12,301110.SZ,青木科技,44.95,1.1685,34.7,2022-03-11,0,False
商贸零售,互联网电商,电商服务,13,600539.SS,狮头股份,30.22,2.0328,13.14,2001-08-24,0,False
商贸零售,旅游零售,旅游零售Ⅲ,1,601888.SS,中国中免,1064.04,10.8133,51.21,2009-10-15,0,True
商贸零售,旅游零售,旅游零售Ⅲ,2,600185.SS,珠免集团,89.35,2.3835,4.74,1999-06-11,0,False
商贸零售,贸易,贸易Ⅲ,1,601061.SS,中信金属,551.25,2.4521,11.25,2023-04-10,0,False
商贸零售,贸易,贸易Ⅲ,2,600710.SS,苏美达,146.36,1.2668,11.2,1996-07-01,0,False
商贸零售,贸易,贸易Ⅲ,3,002183.SZ,怡 亚 通,112.71,1.8243,4.34,2007-11-13,0,False
商贸零售,贸易,贸易Ⅲ,4,002072.SZ,凯瑞德,25.85,1.7743,7.03,2006-10-18,0,False
国防军工,军工电子,军工电子Ⅲ,1,302132.SZ,中航成飞,1592.3,5.9898,59.59,2010-08-27,0,True
国防军工,军工电子,军工电子Ⅲ,2,688002.SS,睿创微纳,861.64,18.7908,185.08,2019-07-22,0,True
国防军工,军工电子,军工电子Ⅲ,3,002179.SZ,中航光电,729.63,6.62,34.74,2007-11-01,0,True
国防军工,军工电子,军工电子Ⅲ,4,688629.SS,华丰科技,617.49,15.9617,131.87,2023-06-27,0,True
国防军工,军工电子,军工电子Ⅲ,5,002414.SZ,高德红外,521.46,7.1212,12.21,2010-07-16,0,False
国防军工,军工电子,军工电子Ⅲ,6,688375.SS,国博电子,423.17,2.1086,71.0,2022-07-22,0,True
国防军工,军工电子,军工电子Ⅲ,7,600562.SS,国睿科技,339.65,3.3982,27.35,2003-01-28,0,False
国防军工,军工电子,军工电子Ⅲ,8,002025.SZ,航天电器,317.5,8.4334,69.93,2004-07-26,0,True
国防军工,军工电子,军工电子Ⅲ,9,002465.SZ,海格通信,253.89,3.9418,10.23,2010-08-31,0,True
国防军工,军工电子,军工电子Ⅲ,10,300474.SZ,景嘉微,249.71,2.3003,47.78,2016-03-31,0,False
国防军工,军工电子,军工电子Ⅲ,11,603678.SS,火炬电子,241.87,9.6382,50.86,2015-01-26,0,False
国防军工,军工电子,军工电子Ⅲ,12,300726.SZ,宏达电子,240.89,6.044,58.49,2017-11-21,0,True
国防军工,军工电子,军工电子Ⅲ,13,000547.SZ,航天发展,236.09,7.365,14.77,1993-11-30,0,True
国防军工,军工电子,军工电子Ⅲ,14,000733.SZ,振华科技,228.32,3.962,41.2,1997-07-03,0,True
国防军工,军工电子,军工电子Ⅲ,15,001270.SZ,铖昌科技,206.22,5.5447,100.05,2022-06-06,0,False
国防军工,军工电子,军工电子Ⅲ,16,300762.SZ,上海瀚讯,178.2,4.6116,27.4,2019-03-14,0,True
国防军工,军工电子,军工电子Ⅲ,17,002151.SZ,北斗星通,155.0,2.629,28.55,2007-08-13,0,True
国防军工,军工电子,军工电子Ⅲ,18,301682.SZ,宏明电子,136.59,1.7086,112.37,2026-03-25,0,True
国防军工,军工电子,军工电子Ⅲ,19,301571.SZ,国科天成,124.77,2.6846,69.54,2024-08-21,0,False
国防军工,军工电子,军工电子Ⅲ,20,603267.SS,鸿远电子,119.1,3.1664,51.54,2019-05-15,0,False
国防军工,军工电子,军工电子Ⅲ,21,002413.SZ,雷科防务,109.77,3.106,8.32,2010-05-28,0,False
国防军工,军工电子,军工电子Ⅲ,22,002214.SZ,大立科技,103.03,1.3259,17.21,2008-02-18,0,False
国防军工,军工电子,军工电子Ⅲ,23,688552.SS,航天南湖,102.73,1.3188,30.46,2023-05-18,0,False
国防军工,军工电子,军工电子Ⅲ,24,002338.SZ,奥普光电,99.89,1.4061,41.62,2010-01-15,0,False
国防军工,军工电子,军工电子Ⅲ,25,603712.SS,七一二,88.55,1.187,11.47,2018-02-26,0,False
国防军工,军工电子,军工电子Ⅲ,26,300252.SZ,金信诺,88.33,4.7728,12.91,2011-08-18,0,False
国防军工,军工电子,军工电子Ⅲ,27,301306.SZ,西测测试,83.94,2.7517,99.46,2022-07-26,0,False
国防军工,军工电子,军工电子Ⅲ,28,688011.SS,新光光电,79.11,1.613,79.51,2019-07-22,0,False
国防军工,军工电子,军工电子Ⅲ,29,301592.SZ,六九一二,77.98,1.1512,111.4,2024-10-24,0,False
国防军工,军工电子,军工电子Ⅲ,30,300045.SZ,华力创通,77.47,1.4007,11.69,2010-01-20,0,False
国防军工,军工电子,军工电子Ⅲ,31,002446.SZ,盛路通信,76.16,1.7075,8.32,2010-07-13,0,False
国防军工,军工电子,军工电子Ⅲ,32,600590.SS,泰豪科技,72.66,1.7651,8.52,2002-07-03,0,False
国防军工,军工电子,军工电子Ⅲ,33,688788.SS,科思科技,64.69,1.0165,29.55,2020-10-22,0,False
国防军工,军工电子,军工电子Ⅲ,34,600855.SS,航天长峰,61.61,1.432,13.15,1994-04-25,0,False
国防军工,军工电子,军工电子Ⅲ,35,002383.SZ,合众思壮,60.41,1.8757,8.16,2010-04-02,0,False
国防军工,军工电子,军工电子Ⅲ,36,300397.SZ,天和防务,55.65,1.587,10.75,2014-09-10,0,False
国防军工,军工电子,军工电子Ⅲ,37,688636.SS,智明达,36.0,1.1682,20.7,2021-04-08,0,False
国防军工,地面兵装,地面兵装Ⅲ,1,601606.SS,长城军工,237.55,14.2743,32.8,2018-08-06,0,False
国防军工,地面兵装,地面兵装Ⅲ,2,600967.SS,内蒙一机,228.72,11.3417,13.44,2004-05-18,0,False
国防军工,地面兵装,地面兵装Ⅲ,3,000519.SZ,中兵红箭,214.59,9.8839,15.41,1993-10-08,0,False
国防军工,地面兵装,地面兵装Ⅲ,4,600435.SS,北方导航,170.14,3.0083,11.25,2003-07-04,0,True
国防军工,地面兵装,地面兵装Ⅲ,5,600184.SS,光电股份,125.0,4.5177,21.45,2003-11-06,0,False
国防军工,地面兵装,地面兵装Ⅲ,6,688543.SS,国科军工,107.09,3.8217,42.73,2023-06-21,0,False
国防军工,地面兵装,地面兵装Ⅲ,7,301357.SZ,北方长龙,92.97,6.0265,97.66,2023-04-18,0,False
国防军工,地面兵装,地面兵装Ⅲ,8,002519.SZ,银河电子,68.49,2.7076,6.08,2010-12-07,0,False
国防军工,地面兵装,地面兵装Ⅲ,9,000576.SZ,甘化科工,35.83,1.9082,8.21,1994-09-07,0,False
国防军工,地面兵装,地面兵装Ⅲ,10,300875.SZ,捷强装备,32.47,1.8395,32.52,2020-08-24,0,False
国防军工,地面兵装,地面兵装Ⅲ,11,300922.SZ,天秦装备,28.92,2.8012,17.98,2020-12-25,0,False
国防军工,航天装备,航天装备Ⅲ,1,601698.SS,中国卫通,1011.32,4.1156,23.94,2019-06-28,0,True
国防军工,航天装备,航天装备Ⅲ,2,688818.SS,电科蓝天,729.86,2.3536,42.02,2026-02-10,0,True
国防军工,航天装备,航天装备Ⅲ,3,600118.SS,中国卫星,688.33,13.7737,58.21,1997-09-08,0,True
国防军工,航天装备,航天装备Ⅲ,4,600879.SS,航天电子,481.04,8.8369,14.58,1995-11-15,0,True
国防军工,航天装备,航天装备Ⅲ,5,688523.SS,航天环宇,168.61,1.3165,41.44,2023-06-02,0,False
国防军工,航天装备,航天装备Ⅲ,6,003009.SZ,中天火箭,78.34,1.651,47.56,2020-09-25,0,False
国防军工,航天装备,航天装备Ⅲ,7,002829.SZ,星网宇达,41.25,1.2372,19.85,2016-12-13,0,False
国防军工,航海装备,航海装备Ⅲ,1,600150.SS,中国船舶,2837.16,42.9021,37.7,1998-05-20,0,True
国防军工,航海装备,航海装备Ⅲ,2,603268.SS,松发股份,1897.87,10.7634,186.3,2015-03-19,0,False
国防军工,航海装备,航海装备Ⅲ,3,600685.SS,中船防务,394.23,4.0349,27.89,1993-10-28,0,True
国防军工,航海装备,航海装备Ⅲ,4,600764.SS,中国海防,133.17,1.3463,18.74,1996-11-04,0,True
国防军工,航海装备,航海装备Ⅲ,5,300065.SZ,海兰信,112.13,4.6486,15.54,2010-03-26,0,False
国防军工,航海装备,航海装备Ⅲ,6,300008.SZ,天海防务,110.08,3.853,6.37,2009-10-30,0,True
国防军工,航海装备,航海装备Ⅲ,7,601890.SS,亚星锚链,92.87,5.1519,9.68,2010-12-28,0,True
国防军工,航海装备,航海装备Ⅲ,8,300589.SZ,江龙船艇,50.08,3.351,13.26,2017-01-13,0,False
国防军工,航海装备,航海装备Ⅲ,9,300600.SZ,国瑞科技,30.54,1.0779,10.38,2017-01-25,0,False
国防军工,航空装备,航空装备Ⅲ,1,600760.SS,中航沈飞,1253.04,8.2371,44.2,1996-10-11,0,True
国防军工,航空装备,航空装备Ⅲ,2,600893.SS,航发动力,1052.64,12.567,39.49,1996-04-08,0,True
国防军工,航空装备,航空装备Ⅲ,3,000768.SZ,中航西飞,619.52,7.2328,22.28,1997-06-26,0,True
国防军工,航空装备,航空装备Ⅲ,4,002625.SZ,光启技术,579.15,4.7164,26.88,2011-11-03,0,True
国防军工,航空装备,航空装备Ⅲ,5,600372.SS,中航机载,550.18,3.308,11.37,2001-07-06,0,True
国防军工,航空装备,航空装备Ⅲ,6,300395.SZ,菲利华,514.95,21.7983,97.95,2014-09-10,0,True
国防军工,航空装备,航空装备Ⅲ,7,688122.SS,西部超导,327.95,3.8782,50.48,2019-07-22,0,True
国防军工,航空装备,航空装备Ⅲ,8,688297.SS,中无人机,292.55,4.4234,43.34,2022-06-29,0,False
国防军工,航空装备,航空装备Ⅲ,9,000738.SZ,航发控制,253.57,2.8871,19.28,1997-06-26,0,False
国防军工,航空装备,航空装备Ⅲ,10,688563.SS,航材股份,249.98,1.2131,55.63,2023-07-19,0,False
国防军工,航空装备,航空装备Ⅲ,11,600862.SS,中航高科,249.91,2.3726,17.94,1994-05-20,0,True
国防军工,航空装备,航空装备Ⅲ,12,600316.SS,洪都航空,236.65,4.3819,33.0,2000-12-15,0,False
国防军工,航空装备,航空装备Ⅲ,13,600038.SS,中直股份,221.04,1.7469,26.96,2000-12-18,0,False
国防军工,航空装备,航空装备Ⅲ,14,600765.SS,中航重机,208.34,2.5184,13.42,1996-11-06,0,False
国防军工,航空装备,航空装备Ⅲ,15,300699.SZ,光威复材,195.28,2.0704,23.49,2017-09-01,0,False
国防军工,航空装备,航空装备Ⅲ,16,688281.SS,华秦科技,194.81,1.6679,51.05,2022-03-07,0,False
国防军工,航空装备,航空装备Ⅲ,17,002389.SZ,航天彩虹,187.82,3.9462,19.07,2010-04-13,0,False
国防军工,航空装备,航空装备Ⅲ,18,600391.SS,航发科技,136.24,5.6965,41.27,2001-12-12,0,False
国防军工,航空装备,航空装备Ⅲ,19,002297.SZ,博云新材,127.46,20.2066,22.24,2009-09-29,0,False
国防军工,航空装备,航空装备Ⅲ,20,300034.SZ,钢研高纳,126.16,1.5802,15.83,2009-12-25,0,False
国防军工,航空装备,航空装备Ⅲ,21,300775.SZ,三角防务,115.1,2.753,21.02,2019-05-21,0,False
国防军工,航空装备,航空装备Ⅲ,22,688239.SS,航宇科技,101.45,4.3932,53.14,2021-07-05,0,False
国防军工,航空装备,航空装备Ⅲ,23,605123.SS,派克新材,95.71,1.2617,78.99,2020-08-25,0,False
国防军工,航空装备,航空装备Ⅲ,24,002985.SZ,北摩高科,93.25,1.3289,28.1,2020-04-29,0,False
国防军工,航空装备,航空装备Ⅲ,25,300777.SZ,中简科技,92.12,1.3043,20.95,2019-05-16,0,False
国防军工,航空装备,航空装备Ⅲ,26,002651.SZ,利君股份,86.81,2.5822,8.4,2012-01-06,0,False
国防军工,航空装备,航空装备Ⅲ,27,300900.SZ,广联航空,76.0,2.9048,23.19,2020-10-29,0,False
国防军工,航空装备,航空装备Ⅲ,28,002023.SZ,海特高新,71.05,1.1261,9.59,2004-07-21,0,False
国防军工,航空装备,航空装备Ⅲ,29,688510.SS,航亚科技,62.62,1.513,24.09,2020-12-16,0,False
国防军工,航空装备,航空装备Ⅲ,30,300696.SZ,爱乐达,58.82,1.1432,19.99,2017-08-22,0,False
国防军工,航空装备,航空装备Ⅲ,31,300581.SZ,晨曦航空,56.72,1.7103,10.31,2016-12-20,0,False
国防军工,航空装备,航空装备Ⅲ,32,688685.SS,迈信林,52.53,1.0346,35.77,2021-05-13,0,False
国防军工,航空装备,航空装备Ⅲ,33,603261.SS,立航科技,42.36,1.497,54.65,2022-03-15,0,False
国防军工,航空装备,航空装备Ⅲ,34,300424.SZ,航新科技,37.83,1.2778,14.74,2015-04-22,0,False
基础化工,农化制品,钾肥,1,000792.SZ,盐湖股份,1312.31,15.0264,24.8,1997-09-04,0,True
基础化工,农化制品,氮肥,2,600426.SS,华鲁恒升,542.56,8.6536,19.73,2002-06-20,0,True
基础化工,农化制品,磷肥及磷化工,3,600096.SS,云天化,523.93,11.4693,28.74,1997-07-09,0,True
基础化工,农化制品,钾肥,4,000893.SZ,亚钾国际,367.77,7.4119,39.8,1998-12-24,0,True
基础化工,农化制品,磷肥及磷化工,5,600141.SS,兴发集团,352.15,8.6148,29.44,1999-06-16,0,True
基础化工,农化制品,磷肥及磷化工,6,600331.SS,宏达股份,300.09,5.378,11.36,2001-12-20,0,False
基础化工,农化制品,农药,7,600486.SS,扬农化工,213.21,3.1105,52.76,2002-04-25,0,True
基础化工,农化制品,钾肥,8,002545.SZ,东方铁塔,201.66,3.3883,16.21,2011-02-11,0,False
基础化工,农化制品,磷肥及磷化工,9,603077.SS,和邦生物,199.6,5.862,2.26,2012-07-31,0,False
基础化工,农化制品,农药,10,301035.SZ,润丰股份,198.22,1.074,54.38,2021-07-28,0,False
基础化工,农化制品,磷肥及磷化工,11,002895.SZ,川恒股份,187.58,1.9378,30.96,2017-08-25,0,True
基础化工,农化制品,复合肥,12,000902.SZ,新洋丰,174.03,1.999,13.87,1999-04-08,0,False
基础化工,农化制品,农药,13,600596.SS,新安股份,166.0,7.9566,12.3,2001-09-06,0,True
基础化工,农化制品,磷肥及磷化工,14,002312.SZ,川发龙蟒,162.34,3.3376,8.6,2009-12-03,0,False
基础化工,农化制品,复合肥,15,002539.SZ,云图控股,145.89,2.3033,12.08,2011-01-18,0,False
基础化工,农化制品,氮肥,16,000422.SZ,湖北宜化,129.1,3.0626,11.87,1996-08-15,0,False
基础化工,农化制品,农药,17,002250.SZ,联化科技,128.23,2.1898,14.25,2008-06-19,0,False
基础化工,农化制品,农药,18,002258.SZ,利尔化学,121.99,4.0896,15.24,2008-07-08,0,False
基础化工,农化制品,复合肥,19,002170.SZ,芭田股份,107.58,2.5109,11.07,2007-09-19,0,False
基础化工,农化制品,农药,20,603599.SS,广信股份,94.94,1.9214,10.43,2015-05-13,0,False
基础化工,农化制品,复合肥,21,002588.SZ,史丹利,89.27,1.6989,7.75,2011-06-10,0,False
基础化工,农化制品,农药,22,603360.SS,百傲化学,87.64,1.5754,12.41,2017-02-06,0,False
基础化工,农化制品,农药,23,002734.SZ,利民股份,80.46,3.1656,17.06,2015-01-27,0,False
基础化工,农化制品,农药,24,600389.SS,江山股份,80.32,2.6495,18.65,2001-01-10,0,False
基础化工,农化制品,磷肥及磷化工,25,600078.SS,澄星股份,69.53,2.1405,10.23,1997-06-27,0,False
基础化工,农化制品,氮肥,26,600691.SS,潞化科技,68.43,3.5079,2.88,1993-11-19,0,False
基础化工,农化制品,复合肥,27,002470.SZ,金正大,68.35,5.5544,2.08,2010-09-08,0,False
基础化工,农化制品,氮肥,28,600227.SS,赤天化,67.21,12.6225,3.98,2000-02-21,0,False
基础化工,农化制品,复合肥,29,603395.SS,红四方,63.8,5.1789,24.54,2024-11-26,0,False
基础化工,农化制品,氮肥,30,000912.SZ,泸天化,63.35,3.9871,4.04,1999-06-03,0,False
基础化工,农化制品,农药,31,000525.SZ,红太阳,59.41,1.5888,4.5600000000000005,1993-10-28,0,False
基础化工,农化制品,磷肥及磷化工,32,300505.SZ,川金诺,51.98,5.4804,18.91,2016-03-15,0,False
基础化工,农化制品,复合肥,33,002758.SZ,浙农股份,44.57,1.3697,8.59,2015-05-27,0,False
基础化工,农化制品,氮肥,34,000731.SZ,四川美丰,43.85,1.5437,7.99,1997-06-17,0,False
基础化工,农化制品,磷肥及磷化工,35,600470.SS,六国化工,30.04,2.4987,5.76,2004-03-05,0,False
基础化工,农化制品,农药,36,002942.SZ,新农股份,25.28,2.0876,16.26,2018-12-05,0,False
基础化工,农化制品,农药,37,603086.SS,先达股份,25.05,1.2763,5.76,2017-05-11,0,False
基础化工,农化制品,复合肥,38,002999.SZ,天禾股份,21.86,2.1261,6.29,2020-09-03,0,False
基础化工,农化制品,农药,39,003042.SZ,中农联合,19.83,1.1201,13.92,2021-04-06,0,False
基础化工,化学制品,聚氨酯,1,600309.SS,万华化学,2216.06,25.4592,70.79,2001-01-05,0,True
基础化工,化学制品,氟化工,2,600160.SS,巨化股份,962.19,9.6785,35.64,1998-06-26,0,True
基础化工,化学制品,食品及饲料添加剂,3,002001.SZ,新 和 成,805.24,7.2991,26.2,2004-06-25,0,True
基础化工,化学制品,氟化工,4,600378.SS,昊华科技,621.78,30.816,48.2,2001-01-11,0,True
基础化工,化学制品,氟化工,5,002407.SZ,多氟多,392.13,32.8732,32.94,2010-05-18,0,True
基础化工,化学制品,有机硅,6,603260.SS,合盛硅业,387.41,2.5396,32.77,2017-10-30,0,True
基础化工,化学制品,纺织化学制品,7,600352.SS,浙江龙盛,376.09,6.8731,11.56,2003-08-01,0,True
基础化工,化学制品,氟化工,8,603379.SS,三美股份,317.33,3.704,51.98,2019-04-02,0,True
基础化工,化学制品,其他化学制品,9,688065.SS,凯赛生物,269.47,1.9657,37.36,2020-08-12,0,True
基础化工,化学制品,食品及饲料添加剂,10,600299.SS,安迪苏,257.16,3.0547,8.35,2000-04-20,0,False
基础化工,化学制品,其他化学制品,11,002430.SZ,杭氧股份,251.73,5.2751,25.73,2010-06-10,0,False
基础化工,化学制品,涂料油墨,12,603823.SS,百合花,231.33,13.0012,55.56,2016-12-20,0,False
基础化工,化学制品,其他化学制品,13,600500.SS,中化国际,216.37,6.9235,6.03,2000-03-01,0,False
基础化工,化学制品,民爆制品,14,002683.SZ,广东宏大,209.88,2.238,27.62,2012-06-12,0,False
基础化工,化学制品,食品及饲料添加剂,15,600873.SS,梅花生物,209.76,2.0414,7.48,1995-02-17,0,True
基础化工,化学制品,民爆制品,16,002497.SZ,雅化集团,191.21,6.2356,16.59,2010-11-09,0,False
基础化工,化学制品,有机硅,17,300821.SZ,东岳硅材,187.56,8.4994,15.63,2020-03-12,0,False
基础化工,化学制品,其他化学制品,18,688625.SS,呈和科技,182.1,3.437,70.13,2021-06-07,0,False
基础化工,化学制品,民爆制品,19,002827.SZ,高争民爆,179.33,7.949,64.73,2016-12-09,0,False
基础化工,化学制品,氟化工,20,605020.SS,永和股份,163.56,3.17,32.02,2021-07-09,0,True
基础化工,化学制品,氟化工,21,002326.SZ,永太科技,159.68,3.9154,17.26,2009-12-22,0,False
基础化工,化学制品,其他化学制品,22,301373.SZ,凌玮科技,139.7,7.6533,128.79,2023-02-08,0,False
基础化工,化学制品,纺织化学制品,23,002440.SZ,闰土股份,130.16,5.6801,11.58,2010-07-06,0,False
基础化工,化学制品,民爆制品,24,002246.SZ,北化股份,126.94,2.9815,23.12,2008-06-05,0,False
基础化工,化学制品,氟化工,25,603505.SS,金石资源,125.41,1.3463,14.9,2017-05-03,0,False
基础化工,化学制品,其他化学制品,26,300910.SZ,瑞丰新材,107.1,1.9979,27.96,2020-11-27,0,False
基础化工,化学制品,其他化学制品,27,002549.SZ,凯美特气,94.57,2.3221,13.6,2011-02-18,0,False
基础化工,化学制品,涂料油墨,28,301209.SZ,联合化学,92.76,1.2863,59.16,2022-08-25,0,False
基础化工,化学制品,其他化学制品,29,300596.SZ,利安隆,91.64,1.2529,39.91,2017-01-19,0,False
基础化工,化学制品,食品及饲料添加剂,30,605016.SS,百龙创园,88.96,1.1783,21.18,2021-04-21,0,False
基础化工,化学制品,其他化学制品,31,600273.SS,嘉化能源,84.58,1.0757,6.45,2003-06-27,0,False
基础化工,化学制品,其他化学制品,32,002971.SZ,和远气体,83.94,6.9331,39.86,2020-01-13,0,False
基础化工,化学制品,其他化学制品,33,300072.SZ,海新能科,81.77,1.2123,3.48,2010-04-27,0,False
基础化工,化学制品,其他化学制品,34,300109.SZ,新开源,73.09,3.8352,12.67,2010-08-25,0,False
基础化工,化学制品,其他化学制品,35,688179.SS,阿拉丁,71.17,2.1959,19.62,2020-10-26,0,False
基础化工,化学制品,有机硅,36,603155.SS,新亚强,70.52,1.1963,15.4,2020-09-01,0,False
基础化工,化学制品,其他化学制品,37,300174.SZ,元力股份,69.16,2.4197,18.99,2011-02-01,0,False
基础化工,化学制品,食品及饲料添加剂,38,600866.SS,星湖科技,68.12,1.2067,4.1,1994-08-18,0,False
基础化工,化学制品,其他化学制品,39,605366.SS,宏柏新材,67.0,1.4727,8.67,2020-08-12,0,True
基础化工,化学制品,其他化学制品,40,603867.SS,新化股份,65.12,1.9965,29.94,2019-06-27,0,False
基础化工,化学制品,有机硅,41,300041.SZ,回天新材,61.43,1.899,10.98,2010-01-08,0,False
基础化工,化学制品,其他化学制品,42,603285.SS,键邦股份,61.42,2.3173,38.39,2024-07-05,0,False
基础化工,化学制品,其他化学制品,43,603065.SS,宿迁联盛,60.67,4.6798,14.48,2023-03-21,0,False
基础化工,化学制品,有机硅,44,300727.SZ,润禾材料,60.35,1.5209,33.5,2017-11-27,0,False
基础化工,化学制品,纺织化学制品,45,300067.SZ,安诺其,59.45,2.1138,5.15,2010-04-21,0,False
基础化工,化学制品,其他化学制品,46,603217.SS,元利科技,58.06,1.3072,27.9,2019-06-20,0,False
基础化工,化学制品,氟化工,47,002915.SZ,中欣氟材,57.77,2.0857,17.23,2017-12-05,0,False
基础化工,化学制品,纺织化学制品,48,603980.SS,吉华集团,55.91,4.1353,8.26,2017-06-15,0,False
基础化工,化学制品,聚氨酯,49,600230.SS,沧州大化,55.68,1.6672,13.45,2000-04-06,0,False
基础化工,化学制品,食品及饲料添加剂,50,002562.SZ,兄弟科技,54.86,1.3988,4.8,2011-03-10,0,False
基础化工,化学制品,其他化学制品,51,002637.SZ,赞宇科技,52.54,3.3185,11.17,2011-11-25,0,False
基础化工,化学制品,聚氨酯,52,002165.SZ,红 宝 丽,51.76,10.5023,7.04,2007-09-13,0,False
基础化工,化学制品,涂料油墨,53,603110.SS,东方材料,51.43,2.7194,25.56,2017-10-13,0,False
基础化工,化学制品,其他化学制品,54,002455.SZ,百川股份,51.37,2.9146,7.11,2010-08-03,0,False
基础化工,化学制品,涂料油墨,55,300522.SZ,世名科技,50.37,2.3006,15.62,2016-07-05,0,False
基础化工,化学制品,其他化学制品,56,301149.SZ,隆华新材,49.25,1.0073,8.81,2021-11-10,0,False
基础化工,化学制品,其他化学制品,57,603120.SS,肯特催化,49.08,1.0469,54.29,2025-04-16,0,True
基础化工,化学制品,其他化学制品,58,300214.SZ,日科化学,47.28,4.5417,10.17,2011-05-11,0,False
基础化工,化学制品,胶黏剂及胶带,59,603683.SS,晶华新材,47.2,3.5396,16.2,2017-10-20,0,False
基础化工,化学制品,食品及饲料添加剂,60,301206.SZ,三元生物,46.88,1.249,23.17,2022-02-10,0,False
基础化工,化学制品,其他化学制品,61,301076.SZ,新瀚新材,46.11,1.0964,20.21,2021-10-11,0,False
基础化工,化学制品,涂料油墨,62,300758.SZ,七彩化学,44.9,1.2835,11.25,2019-02-22,0,False
基础化工,化学制品,其他化学制品,63,603916.SS,苏博特,44.51,1.0681,10.59,2017-11-10,0,False
基础化工,化学制品,胶黏剂及胶带,64,002669.SZ,康达新材,42.9,1.9944,14.14,2012-04-16,0,False
基础化工,化学制品,食品及饲料添加剂,65,300829.SZ,金丹科技,41.75,1.2809,18.37,2020-04-22,0,False
基础化工,化学制品,民爆制品,66,003002.SZ,壶化股份,41.13,1.5091,16.94,2020-09-22,0,False
基础化工,化学制品,纺织化学制品,67,300798.SZ,锦鸡股份,38.81,3.334,7.87,2019-11-22,0,False
基础化工,化学制品,胶黏剂及胶带,68,603051.SS,鹿山新材,38.79,1.0949,23.82,2022-03-25,0,False
基础化工,化学制品,其他化学制品,69,300721.SZ,怡达股份,38.76,1.7427,23.51,2017-11-15,0,False
基础化工,化学制品,涂料油墨,70,300225.SZ,金力泰,38.6,1.4401,8.120000000000001,2011-05-31,0,False
基础化工,化学制品,纺织化学制品,71,605566.SS,福莱蒽特,36.78,1.1814,27.58,2021-10-25,0,False
基础化工,化学制品,其他化学制品,72,300530.SZ,领湃科技,33.98,1.2968,19.76,2016-08-09,0,False
基础化工,化学制品,其他化学制品,73,300163.SZ,先锋新材,32.04,3.1397,6.76,2011-01-13,0,False
基础化工,化学制品,涂料油墨,74,000565.SZ,渝三峡Ａ,28.57,1.567,6.59,1994-04-08,0,False
基础化工,化学制品,有机硅,75,002909.SZ,集泰股份,25.39,4.2163,6.51,2017-10-26,0,False
基础化工,化学制品,食品及饲料添加剂,76,603079.SS,圣达生物,23.74,1.4502,12.56,2017-08-23,0,False
基础化工,化学原料,煤化工,1,600989.SS,宝丰能源,1765.14,17.8638,24.07,2019-05-16,0,True
基础化工,化学原料,其他化学原料,2,002648.SZ,卫星化学,903.13,11.5325,26.81,2011-12-28,0,True
基础化工,化学原料,氯碱,3,601216.SS,君正集团,397.43,2.7347,4.71,2011-02-22,0,False
基础化工,化学原料,钛白粉,4,002601.SZ,龙佰集团,351.68,2.7031,14.75,2011-07-15,0,False
基础化工,化学原料,无机盐,5,603067.SS,振华股份,268.89,10.897,35.59,2016-09-13,0,False
基础化工,化学原料,无机盐,6,603663.SS,三祥新材,264.85,10.1922,44.62,2016-08-01,0,True
基础化工,化学原料,煤化工,7,000830.SZ,鲁西化工,226.23,4.1854,11.88,1998-08-07,0,False
基础化工,化学原料,纯碱,8,000683.SZ,博源化工,214.46,4.6557,5.7700000000000005,1997-01-31,0,False
基础化工,化学原料,其他化学原料,9,603938.SS,三孚股份,202.14,11.0179,52.83,2017-06-28,0,True
基础化工,化学原料,煤化工,10,600623.SS,华谊集团,181.22,1.3169,8.55,1992-12-04,0,False
基础化工,化学原料,钛白粉,11,002145.SZ,钛能化学,169.02,1.5175,4.44,2007-08-03,0,False
基础化工,化学原料,氯碱,12,601678.SS,滨化股份,143.33,6.1848,5.95,2010-02-23,0,False
基础化工,化学原料,纯碱,13,600409.SS,三友化工,131.71,2.2031,6.38,2003-06-18,0,False
基础化工,化学原料,无机盐,14,600367.SS,红星发展,124.14,17.1918,36.39,2001-03-20,0,False
基础化工,化学原料,氯碱,15,000510.SZ,新金路,116.28,7.1729,17.93,1993-05-07,0,False
基础化工,化学原料,氯碱,16,002092.SZ,中泰化学,115.65,2.8279,4.49,2006-12-08,0,False
基础化工,化学原料,煤化工,17,000990.SZ,诚志股份,109.91,2.6108,6.46,2000-07-06,0,False
基础化工,化学原料,煤化工,18,600722.SS,金牛化工,108.99,23.6069,16.02,1996-06-26,0,False
基础化工,化学原料,无机盐,19,600929.SS,雪天盐业,87.91,1.5487,5.36,2018-03-26,0,False
基础化工,化学原料,无机盐,20,600328.SS,中盐化工,83.73,1.1105,5.71,2000-12-22,0,False
基础化工,化学原料,煤化工,21,600746.SS,江苏索普,80.46,1.0882,6.890000000000001,1996-09-18,0,False
基础化工,化学原料,其他化学原料,22,600610.SS,中毅达,79.92,6.8076,7.46,1992-08-05,0,False
基础化工,化学原料,氯碱,23,600075.SS,新疆天业,78.9,1.3129,4.62,1997-06-17,0,False
基础化工,化学原料,氯碱,24,000818.SZ,航锦科技,76.82,1.5536,11.64,1997-10-17,0,False
基础化工,化学原料,煤化工,25,002274.SZ,华昌化工,56.57,3.2245,5.94,2008-09-25,0,False
基础化工,化学原料,其他化学原料,26,300082.SZ,奥克股份,56.18,1.142,8.26,2010-05-20,0,False
基础化工,化学原料,无机盐,27,600714.SS,金瑞矿业,50.52,7.3421,17.53,1996-06-06,0,False
基础化工,化学原料,其他化学原料,28,603113.SS,金能科技,41.58,2.1839,4.9,2017-05-11,0,False
基础化工,化学原料,其他化学原料,29,301190.SZ,善水科技,39.77,1.8075,18.53,2021-12-24,0,False
基础化工,化学原料,钛白粉,30,600727.SS,鲁北化工,39.64,1.1281,7.5,1996-07-02,0,False
基础化工,化学原料,其他化学原料,31,300927.SZ,江天化学,38.4,5.9816,26.6,2021-01-07,0,False
基础化工,化学原料,煤化工,32,600844.SS,金煤科技,35.38,3.193,3.48,1994-03-11,0,False
基础化工,化学原料,氯碱,33,000635.SZ,英 力 特,28.93,1.1905,7.34,1996-11-20,0,False
基础化工,化学原料,钛白粉,34,000545.SZ,金浦钛业,21.41,1.5792,2.17,1993-12-15,0,False
基础化工,化学纤维,氨纶,1,002064.SZ,华峰化学,497.74,4.744,10.03,2006-08-23,0,False
基础化工,化学纤维,其他化学纤维,2,688295.SS,中复神鹰,342.72,1.5444,38.08,2022-04-06,0,False
基础化工,化学纤维,涤纶,3,603225.SS,新凤鸣,280.48,3.3143,16.72,2017-04-18,0,True
基础化工,化学纤维,涤纶,4,603406.SS,XD天富龙,120.36,1.098,30.09,2025-08-08,0,False
基础化工,化学纤维,其他化学纤维,5,600063.SS,皖维高新,115.25,1.7429,5.57,1997-05-28,0,True
基础化工,化学纤维,粘胶,6,000949.SZ,新乡化纤,110.52,4.1513,6.67,1999-10-21,0,False
基础化工,化学纤维,其他化学纤维,7,002254.SZ,泰和新材,107.46,1.8754,12.62,2008-06-25,0,True
基础化工,化学纤维,粘胶,8,000420.SZ,吉林化纤,86.55,1.8967,3.52,1996-08-02,0,False
基础化工,化学纤维,其他化学纤维,9,300905.SZ,宝丽迪,70.91,2.0882,39.61,2020-11-05,0,False
基础化工,化学纤维,其他化学纤维,10,000782.SZ,恒申新材,53.35,1.18,7.77,1997-06-19,0,False
基础化工,化学纤维,涤纶,11,000936.SZ,华西股份,48.2,1.3714,5.44,1999-08-10,0,False
基础化工,化学纤维,涤纶,12,002427.SZ,尤夫股份,45.63,1.5796,4.63,2010-06-08,0,False
基础化工,化学纤维,涤纶,13,002998.SZ,优彩资源,26.61,1.0564,7.5,2020-09-25,0,False
基础化工,塑料,合成树脂,1,688585.SS,上纬新材,589.39,5.3385,146.12,2020-09-28,0,False
基础化工,塑料,膜材料,2,601208.SS,东材科技,548.63,28.5049,54.31,2011-05-20,0,True
基础化工,塑料,膜材料,3,300806.SZ,斯迪克,375.87,15.0184,59.31,2019-11-25,0,True
基础化工,塑料,合成树脂,4,300487.SZ,蓝晓科技,354.16,3.6243,69.56,2015-07-02,0,False
基础化工,塑料,合成树脂,5,605589.SS,圣泉集团,349.98,10.1434,41.35,2021-08-10,0,True
基础化工,塑料,改性塑料,6,600143.SS,金发科技,348.6,3.3504,13.04,2004-06-23,0,False
基础化工,塑料,膜材料,7,000973.SZ,佛塑科技,290.32,5.0392,11.81,2000-05-25,0,True
基础化工,塑料,改性塑料,8,002768.SZ,国恩股份,280.56,4.4733,64.26,2015-06-30,0,False
基础化工,塑料,膜材料,9,603435.SS,嘉德利,223.89,1.3528,48.76,2026-05-22,0,False
基础化工,塑料,膜材料,10,001359.SZ,平安电工,213.04,2.8032,88.34,2024-03-28,0,False
基础化工,塑料,其他塑料制品,11,301196.SZ,唯科科技,141.45,6.2839,86.14,2022-01-11,0,False
基础化工,塑料,膜材料,12,002585.SZ,双星新材,138.33,7.3467,12.12,2011-06-02,0,False
基础化工,塑料,改性塑料,13,002838.SZ,道恩股份,120.84,1.6351,25.26,2017-01-06,0,False
基础化工,塑料,其他塑料制品,14,301216.SZ,万凯新材,103.39,6.3228,17.82,2022-03-29,0,False
基础化工,塑料,改性塑料,15,002324.SZ,普利特,101.67,2.1469,9.14,2009-12-18,0,False
基础化工,塑料,合成树脂,16,002361.SZ,神剑股份,98.34,9.089,10.34,2010-03-03,0,False
基础化工,塑料,膜材料,17,000859.SZ,国风新材,88.34,3.7124,9.86,1998-11-19,0,False
基础化工,塑料,膜材料,18,605488.SS,福莱新材,87.93,1.9957,29.31,2021-05-13,0,False
基础化工,塑料,其他塑料制品,19,603580.SS,艾艾精工,83.41,7.7735,63.83,2017-05-25,0,False
基础化工,塑料,改性塑料,20,688669.SS,聚石化学,83.14,1.9229,68.52,2021-01-25,0,False
基础化工,塑料,其他塑料制品,21,300180.SZ,华峰超纤,76.78,2.9898,4.36,2011-02-22,0,False
基础化工,塑料,膜材料,22,301687.SZ,新广益,76.22,1.5996,51.9,2025-12-31,0,False
基础化工,塑料,其他塑料制品,23,002108.SZ,沧州明珠,73.36,1.2059,4.45,2007-01-24,0,False
基础化工,塑料,改性塑料,24,002886.SZ,沃特股份,70.01,10.8005,26.6,2017-06-27,0,False
基础化工,塑料,改性塑料,25,300221.SZ,银禧科技,69.97,2.9757,14.77,2011-05-25,0,False
基础化工,塑料,改性塑料,26,300586.SZ,美联新材,68.28,1.4572,9.6,2017-01-04,0,False
基础化工,塑料,膜材料,27,002263.SZ,大东南,61.42,1.3285,3.27,2008-07-28,0,False
基础化工,塑料,合成树脂,28,301092.SZ,争光股份,58.17,1.1505,43.24,2021-11-02,0,False
基础化工,塑料,其他塑料制品,29,603150.SS,万朗磁塑,58.05,1.821,67.91,2022-01-24,0,False
基础化工,塑料,膜材料,30,002632.SZ,道明光学,57.09,2.6568,9.14,2011-11-22,0,False
基础化工,塑料,其他塑料制品,31,300243.SZ,瑞丰高材,55.49,3.7303,19.85,2011-07-12,0,False
基础化工,塑料,膜材料,32,002522.SZ,浙江众成,54.44,2.0363,6.01,2010-12-10,0,False
基础化工,塑料,膜材料,33,688323.SS,瑞华泰,53.65,3.2307,26.77,2021-04-28,0,False
基础化工,塑料,改性塑料,34,301003.SZ,江苏博云,51.84,1.613,53.370000000000005,2021-06-01,0,False
基础化工,塑料,其他塑料制品,35,301591.SZ,肯特股份,49.84,7.1154,45.58,2024-02-28,0,False
基础化工,塑料,膜材料,36,688386.SS,泛亚微透,46.89,1.4794,47.07,2020-10-16,0,False
基础化工,塑料,合成树脂,37,603928.SS,兴业股份,41.53,1.2013,12.19,2016-12-12,0,False
基础化工,塑料,改性塑料,38,300478.SZ,杭州高新,41.32,1.0712,32.62,2015-06-10,0,False
基础化工,塑料,其他塑料制品,39,603330.SS,天洋新材,40.84,9.1861,9.44,2017-02-13,0,False
基础化工,塑料,改性塑料,40,688203.SS,海正生材,30.52,1.0111,15.06,2022-08-16,0,False
基础化工,橡胶,橡胶助剂,1,603650.SS,彤程新材,429.95,10.866,69.79,2018-06-27,0,True
基础化工,橡胶,其他橡胶制品,2,300731.SZ,科创新源,86.57,4.1374,48.83,2017-12-08,0,False
基础化工,橡胶,炭黑,3,002068.SZ,黑猫股份,74.56,4.2597,10.14,2006-09-15,0,False
基础化工,橡胶,其他橡胶制品,4,300587.SZ,天铁科技,59.98,1.2587,4.62,2017-01-05,0,False
基础化工,橡胶,其他橡胶制品,5,300767.SZ,震安科技,53.88,1.398,19.5,2019-03-29,0,False
基础化工,橡胶,橡胶助剂,6,300121.SZ,阳谷华泰,43.19,1.0436,9.7,2010-09-17,0,False
基础化工,橡胶,其他橡胶制品,7,002224.SZ,三 力 士,33.92,1.0208,3.76,2008-04-25,0,False
基础化工,非金属材料,非金属材料Ⅲ,1,688300.SS,联瑞新材,449.23,27.2872,186.04,2019-11-15,0,True
基础化工,非金属材料,非金属材料Ⅲ,2,603688.SS,石英股份,266.72,7.1319,49.24,2014-10-31,0,False
基础化工,非金属材料,非金属材料Ⅲ,3,301071.SZ,力量钻石,175.49,11.8799,68.97,2021-09-24,0,False
基础化工,非金属材料,非金属材料Ⅲ,4,603826.SS,坤彩科技,142.5,1.6605,16.73,2017-04-14,0,False
基础化工,非金属材料,非金属材料Ⅲ,5,603612.SS,索通发展,84.03,1.9146,16.87,2017-07-18,0,False
家用电器,厨卫电器,厨房电器,1,002508.SZ,老板电器,154.7,1.4354,16.37,2010-11-23,0,False
家用电器,厨卫电器,卫浴电器,2,603366.SS,日出东方,55.45,3.1086,6.82,2012-05-21,0,False
家用电器,厨卫电器,卫浴电器,3,002543.SZ,万和电气,52.8,1.5654,7.1000000000000005,2011-01-28,0,False
家用电器,厨卫电器,厨房电器,4,300911.SZ,亿田智能,51.56,4.9594,28.12,2020-12-03,0,False
家用电器,家电零部件,家电零部件Ⅲ,1,002050.SZ,三花智控,1421.89,13.3014,33.79,2005-06-07,0,True
家用电器,家电零部件,家电零部件Ⅲ,2,002290.SZ,禾盛新材,162.17,4.1949,65.36,2009-09-03,0,True
家用电器,家电零部件,家电零部件Ⅲ,3,002011.SZ,盾安环境,145.81,5.0885,13.57,2004-07-05,0,False
家用电器,家电零部件,家电零部件Ⅲ,4,600619.SS,海立股份,140.72,1.9456,13.11,1992-11-16,0,False
家用电器,家电零部件,家电零部件Ⅲ,5,300342.SZ,天银机电,135.93,3.3953,31.98,2012-07-26,0,True
家用电器,家电零部件,家电零部件Ⅲ,6,603112.SS,华翔股份,88.99,2.3617,16.48,2020-09-17,0,False
家用电器,家电零部件,家电零部件Ⅲ,7,301252.SZ,同星科技,60.62,1.13,35.82,2023-05-25,0,False
家用电器,家电零部件,家电零部件Ⅲ,8,603311.SS,金海高科,58.95,1.5995,24.99,2015-05-18,0,False
家用电器,家电零部件,家电零部件Ⅲ,9,002860.SZ,星帅尔,57.72,2.4472,16.39,2017-04-12,0,False
家用电器,家电零部件,家电零部件Ⅲ,10,301008.SZ,宏昌科技,54.6,4.3748,41.69,2021-06-11,0,False
家用电器,家电零部件,家电零部件Ⅲ,11,002418.SZ,康盛股份,53.18,10.9991,4.68,2010-06-01,0,False
家用电器,家电零部件,家电零部件Ⅲ,12,603657.SS,春光科技,46.21,1.2904,34.18,2018-07-30,0,False
家用电器,家电零部件,家电零部件Ⅲ,13,603519.SS,立霸股份,39.42,1.5604,14.8,2015-03-19,0,False
家用电器,家电零部件,家电零部件Ⅲ,14,001268.SZ,联合精密,36.56,1.3692,24.26,2022-06-30,0,False
家用电器,小家电,清洁小家电,1,688169.SS,石头科技,311.17,8.6969,119.88,2020-02-21,0,True
家用电器,小家电,清洁小家电,2,603486.SS,科沃斯,286.21,2.9481,49.4,2018-05-28,0,True
家用电器,小家电,清洁小家电,3,603355.SS,莱克电气,177.81,1.0295,31.01,2015-05-13,0,False
家用电器,小家电,厨房小家电,4,002242.SZ,九阳股份,71.19,1.0387,9.33,2008-05-28,0,False
家用电器,小家电,厨房小家电,5,002403.SZ,爱仕达,32.33,2.2186,9.49,2010-05-11,0,False
家用电器,小家电,个护小家电,6,003023.SZ,彩虹集团,26.07,1.0138,24.75,2020-12-11,0,False
家用电器,照明设备,照明设备Ⅲ,1,301362.SZ,民爆光电,170.77,3.2806,117.01,2023-08-04,0,False
家用电器,照明设备,照明设备Ⅲ,2,605365.SS,立达信,69.58,1.5149,13.86,2021-07-20,0,False
家用电器,照明设备,照明设备Ⅲ,3,001326.SZ,联域股份,62.51,1.6146,85.4,2023-11-09,0,False
家用电器,照明设备,照明设备Ⅲ,4,002638.SZ,勤上股份,59.33,2.0234,4.13,2011-11-25,0,False
家用电器,照明设备,照明设备Ⅲ,5,002724.SZ,海洋王,56.09,1.7157,7.27,2014-11-04,0,False
家用电器,白色家电,空调,1,000333.SZ,美的集团,6487.53,17.7154,85.04,2013-09-18,0,True
家用电器,白色家电,空调,2,000651.SZ,格力电器,2134.7,15.5039,38.11,1996-11-18,0,True
家用电器,白色家电,冰洗,3,600690.SS,海尔智家,1935.97,6.6396,20.81,1993-11-19,0,True
家用电器,白色家电,空调,4,000921.SZ,海信家电,377.37,2.4275,27.25,1999-07-13,0,False
家用电器,白色家电,冰洗,5,002668.SZ,TCL智家,98.98,1.6111,9.13,2012-04-16,0,False
家用电器,黑色家电,彩电,1,002429.SZ,兆驰股份,368.49,4.2289,8.14,2010-06-10,0,True
家用电器,黑色家电,彩电,2,600060.SS,海信视像,358.87,2.554,27.5,1997-04-22,0,True
家用电器,黑色家电,彩电,3,600839.SS,四川长虹,306.98,3.6724,6.65,1994-03-11,0,True
家用电器,黑色家电,其他黑色家电,4,000801.SZ,四川九洲,121.76,1.659,11.98,1998-05-06,0,False
家用电器,黑色家电,其他黑色家电,5,000810.SZ,创维数字,110.19,1.6885,9.58,1998-06-02,0,False
家用电器,黑色家电,其他黑色家电,6,688696.SS,极米科技,59.72,1.0332,85.29,2021-03-03,0,False
家用电器,黑色家电,其他黑色家电,7,688609.SS,九联科技,51.67,1.3427,9.9,2021-03-23,0,False
家用电器,黑色家电,彩电,8,002848.SZ,高斯贝尔,25.09,1.7175,15.01,2017-02-13,0,False
建筑材料,水泥,水泥制造,1,600585.SS,海螺水泥,894.46,4.1967,16.95,2002-02-07,0,True
建筑材料,水泥,水泥制造,2,600801.SS,华新建材,510.81,2.3693,24.57,1994-01-03,0,True
建筑材料,水泥,水泥制造,3,000672.SZ,上峰材料,144.63,2.5114,14.92,1996-12-18,0,True
建筑材料,水泥,水泥制造,4,600326.SS,西藏天路,91.97,2.3409,6.75,2001-01-16,0,True
建筑材料,水泥,水泥制造,5,600449.SS,宁夏建材,59.39,1.5232,12.42,2003-08-29,0,False
建筑材料,水泥,水泥制造,6,600802.SS,福建水泥,26.99,1.2399,5.89,1994-01-03,0,False
建筑材料,玻璃玻纤,玻纤制造,1,600176.SS,中国巨石,1880.67,93.3611,46.98,1999-04-22,0,True
建筑材料,玻璃玻纤,玻纤制造,2,603256.SS,宏和科技,1276.28,23.8127,141.09,2019-07-19,0,True
建筑材料,玻璃玻纤,玻纤制造,3,301526.SZ,国际复材,1196.12,43.4692,31.72,2023-12-26,0,False
建筑材料,玻璃玻纤,玻纤制造,4,002080.SZ,中材科技,927.16,23.0594,55.25,2006-11-20,0,False
建筑材料,玻璃玻纤,玻璃制造,5,601636.SS,旗滨集团,162.43,2.9793,5.49,2011-08-12,0,True
建筑材料,玻璃玻纤,玻纤制造,6,603601.SS,再升科技,117.09,8.1594,10.25,2015-01-22,0,False
建筑材料,玻璃玻纤,玻纤制造,7,605006.SS,山东玻纤,110.85,9.1809,16.96,2020-09-03,0,False
建筑材料,玻璃玻纤,玻纤制造,8,300196.SZ,长海股份,79.71,3.222,19.49,2011-03-29,0,False
建筑材料,玻璃玻纤,玻纤制造,9,002201.SZ,九鼎新材,68.36,4.6242,10.49,2007-12-26,0,False
建筑材料,玻璃玻纤,玻璃制造,10,600293.SS,三峡新材,35.96,1.1032,3.1,2000-09-19,0,False
建筑材料,装修建材,其他建材,1,000786.SZ,北新建材,270.32,4.046,15.88,1997-06-06,0,True
建筑材料,装修建材,防水材料,2,002271.SZ,东方雨虹,242.45,5.8024,10.15,2008-09-10,0,True
建筑材料,装修建材,涂料,3,603737.SS,三棵树,179.47,2.2824,20.27,2016-06-03,0,True
建筑材料,装修建材,其他建材,4,002043.SZ,兔 宝 宝,89.78,1.4995,10.82,2005-05-10,0,False
建筑材料,装修建材,其他建材,5,002785.SZ,万里石,83.15,2.4534,36.69,2015-12-23,0,False
建筑材料,装修建材,其他建材,6,001212.SZ,中旗新材,72.61,1.1636,36.13,2021-08-23,0,False
建筑材料,装修建材,防水材料,7,300715.SZ,凯伦股份,53.72,1.1844,14.21,2017-10-26,0,False
建筑材料,装修建材,其他建材,8,300234.SZ,开尔新材,51.58,1.0845,10.25,2011-06-22,0,False
建筑材料,装修建材,防水材料,9,300737.SZ,科顺股份,49.96,1.0254,4.5,2018-01-25,0,False
建筑材料,装修建材,其他建材,10,603038.SS,华立股份,43.96,1.3787,16.36,2017-01-16,0,False
建筑材料,装修建材,管材,11,002457.SZ,青龙管业,37.25,3.7344,11.17,2010-08-03,0,False
建筑装饰,专业工程,其他专业工程,1,601618.SS,中国中冶,519.36,2.2024,2.51,2009-09-21,0,False
建筑装饰,专业工程,化学工程,2,601117.SS,中国化学,439.6,4.1811,7.2,2010-01-07,0,False
建筑装饰,专业工程,其他专业工程,3,603929.SS,亚翔集成,341.1,6.358,159.87,2016-12-30,0,True
建筑装饰,专业工程,国际工程,4,600970.SS,中材国际,203.45,1.1212,7.76,2005-04-12,0,False
建筑装饰,专业工程,其他专业工程,5,000032.SZ,深桑达Ａ,174.38,3.9749,14.35,1993-10-28,0,True
建筑装饰,专业工程,其他专业工程,6,605289.SS,罗曼股份,149.28,2.9292,97.82,2021-04-26,0,False
建筑装饰,专业工程,钢结构,7,002541.SZ,鸿路钢构,128.36,1.8833,18.22,2011-01-18,0,False
建筑装饰,专业工程,其他专业工程,8,601133.SS,柏诚股份,125.6,2.3474,23.87,2023-04-10,0,False
建筑装饰,专业工程,国际工程,9,000065.SZ,北方国际,113.24,2.5516,9.75,1998-06-05,0,False
建筑装饰,专业工程,国际工程,10,002051.SZ,中工国际,106.46,1.6645,8.68,2006-06-19,0,False
建筑装饰,专业工程,化学工程,11,605167.SS,利柏特,83.57,1.6142,16.39,2021-07-26,0,False
建筑装饰,专业工程,其他专业工程,12,603163.SS,圣晖集成,81.3,2.2581,81.3,2022-10-13,0,False
建筑装饰,专业工程,国际工程,13,000928.SZ,中钢国际,78.91,1.4795,5.5,1999-03-12,0,False
建筑装饰,专业工程,其他专业工程,14,605178.SS,时空科技,65.31,2.1311,65.92,2020-08-21,0,False
建筑装饰,专业工程,钢结构,15,600496.SS,精工钢构,64.68,1.0453,3.25,2002-06-05,0,False
建筑装饰,专业工程,其他专业工程,16,300986.SZ,志特新材,63.04,3.2187,10.95,2021-04-30,0,False
建筑装饰,专业工程,其他专业工程,17,301046.SZ,能辉科技,54.08,1.8655,32.08,2021-08-17,0,False
建筑装饰,专业工程,化学工程,18,002469.SZ,三维化学,38.87,1.1508,5.99,2010-09-08,0,False
建筑装饰,专业工程,化学工程,19,603637.SS,镇海股份,33.94,1.6076,14.22,2017-02-08,0,False
建筑装饰,基础建设,基建市政工程,1,601868.SS,中国能建,1070.61,4.7136,2.42,2021-09-28,0,False
建筑装饰,基础建设,基建市政工程,2,601390.SS,中国中铁,1052.39,3.7524,4.29,2007-12-03,0,False
建筑装饰,基础建设,基建市政工程,3,601800.SS,中国交建,940.4,1.4596,5.8,2012-03-09,0,False
建筑装饰,基础建设,基建市政工程,4,601186.SS,中国铁建,814.77,1.8597,6.0,2008-03-10,0,False
建筑装饰,基础建设,基建市政工程,5,601669.SS,中国电建,780.35,3.2754,4.53,2011-10-18,0,False
建筑装饰,基础建设,基建市政工程,6,600039.SS,四川路桥,767.82,1.9042,8.83,2003-03-25,0,True
建筑装饰,基础建设,基建市政工程,7,601611.SS,中国核建,311.63,3.0572,10.34,2016-06-06,0,False
建筑装饰,基础建设,基建市政工程,8,600820.SS,隧道股份,170.41,1.2284,5.42,1994-01-28,0,False
建筑装饰,基础建设,园林工程,9,002310.SZ,东方新能,139.18,1.6327,2.32,2009-11-27,0,False
建筑装饰,基础建设,基建市政工程,10,002062.SZ,宏润建设,111.97,1.5154,9.05,2006-08-16,0,False
建筑装饰,基础建设,基建市政工程,11,002941.SZ,新疆交建,77.35,1.0483,10.6,2018-11-28,0,False
建筑装饰,基础建设,基建市政工程,12,600502.SS,安徽建工,74.15,1.201,4.32,2003-04-15,0,True
建筑装饰,基础建设,园林工程,13,603778.SS,国晟科技,61.32,5.5201,9.29,2015-12-31,0,False
建筑装饰,基础建设,园林工程,14,300197.SZ,节能铁汉,57.82,2.0769,1.95,2011-03-29,0,False
建筑装饰,基础建设,园林工程,15,603316.SS,诚邦股份,42.28,2.0499,15.66,2017-06-19,0,False
建筑装饰,基础建设,园林工程,16,603007.SS,顺景科技,41.22,1.3667,4.66,2016-08-26,0,False
建筑装饰,基础建设,基建市政工程,17,002628.SZ,成都路桥,38.84,1.418,5.13,2011-11-03,0,False
建筑装饰,基础建设,园林工程,18,300649.SZ,杭州园林,34.64,1.4415,26.16,2017-05-05,0,False
建筑装饰,工程咨询服务,工程咨询服务Ⅲ,1,600667.SS,太极实业,427.09,38.2095,20.42,1993-07-28,0,True
建筑装饰,工程咨询服务,工程咨询服务Ⅲ,2,600629.SS,华建集团,185.23,5.0966,16.11,1993-02-09,0,False
建筑装饰,工程咨询服务,工程咨询服务Ⅲ,3,301091.SZ,深城交,97.92,1.1661,18.57,2021-10-29,0,False
建筑装饰,工程咨询服务,工程咨询服务Ⅲ,4,603257.SS,中国瑞林,87.6,1.4544,73.0,2025-04-08,0,False
建筑装饰,工程咨询服务,工程咨询服务Ⅲ,5,003013.SZ,地铁设计,80.58,1.9104,17.56,2020-10-22,0,False
建筑装饰,工程咨询服务,工程咨询服务Ⅲ,6,301365.SZ,矩阵股份,68.78,1.1427,37.7,2022-11-22,0,False
建筑装饰,工程咨询服务,工程咨询服务Ⅲ,7,301058.SZ,中粮科工,44.48,1.2733,8.540000000000001,2021-09-09,0,False
建筑装饰,工程咨询服务,工程咨询服务Ⅲ,8,000779.SZ,甘咨询,39.56,6.1523,8.51,1997-05-28,0,False
建筑装饰,工程咨询服务,工程咨询服务Ⅲ,9,300668.SZ,杰恩股份,37.52,1.1653,31.17,2017-06-19,0,False
建筑装饰,工程咨询服务,工程咨询服务Ⅲ,10,603458.SS,勘设股份,34.19,1.5452,11.17,2017-08-09,0,False
建筑装饰,工程咨询服务,工程咨询服务Ⅲ,11,301027.SZ,华蓝集团,29.36,1.1131,19.97,2021-07-15,0,False
建筑装饰,工程咨询服务,工程咨询服务Ⅲ,12,002949.SZ,华阳国际,23.63,1.8562,12.05,2019-02-26,0,False
建筑装饰,房屋建设,房屋建设Ⅲ,1,601668.SS,中国建筑,1756.12,9.1961,4.25,2009-07-29,0,True
建筑装饰,房屋建设,房屋建设Ⅲ,2,000628.SZ,高新发展,197.59,7.2133,56.09,1996-11-18,0,False
建筑装饰,房屋建设,房屋建设Ⅲ,3,600170.SS,上海建工,195.49,2.7391,2.2,1998-06-23,0,False
建筑装饰,房屋建设,房屋建设Ⅲ,4,002761.SZ,浙江建投,94.6,1.0669,7.140000000000001,2015-06-10,0,False
建筑装饰,房屋建设,房屋建设Ⅲ,5,601789.SS,宁波建工,62.8,1.1252,4.12,2011-08-16,0,False
建筑装饰,装修装饰,装修装饰Ⅲ,1,601886.SS,江河集团,148.88,2.9605,13.14,2011-08-18,0,False
建筑装饰,装修装饰,装修装饰Ⅲ,2,002081.SZ,金 螳 螂,129.05,17.7248,4.86,2006-11-20,0,False
建筑装饰,装修装饰,装修装饰Ⅲ,3,002713.SZ,东易日盛,92.95,1.5029,9.77,2014-02-19,0,False
建筑装饰,装修装饰,装修装饰Ⅲ,4,002163.SZ,海南发展,73.17,2.4661,8.66,2007-08-23,0,False
建筑装饰,装修装饰,装修装饰Ⅲ,5,002047.SZ,宝鹰股份,50.95,1.3799,3.36,2005-05-31,0,False
建筑装饰,装修装饰,装修装饰Ⅲ,6,605287.SS,德才股份,48.34,1.4897,34.53,2021-07-06,0,False
建筑装饰,装修装饰,装修装饰Ⅲ,7,002989.SZ,中天精装,47.66,1.3058,23.64,2020-06-10,0,False
建筑装饰,装修装饰,装修装饰Ⅲ,8,002811.SZ,郑中设计,45.12,2.0092,14.65,2016-09-08,0,False
建筑装饰,装修装饰,装修装饰Ⅲ,9,603137.SS,恒尚节能,34.87,2.8265,19.06,2023-04-19,0,False
建筑装饰,装修装饰,装修装饰Ⅲ,10,002963.SZ,豪尔赛,31.14,2.4437,20.71,2019-10-28,0,False
房地产,房地产开发,商业地产,1,001979.SZ,招商蛇口,603.17,7.2136,6.69,2015-12-30,0,True
房地产,房地产开发,住宅开发,2,600048.SS,保利发展,599.72,9.4454,5.01,2006-07-31,0,True
房地产,房地产开发,商业地产,3,600663.SS,陆家嘴,448.63,1.2327,8.91,1993-06-28,0,True
房地产,房地产开发,产业地产,4,600895.SS,张江高科,438.59,5.3635,28.32,1996-04-22,0,True
房地产,房地产开发,住宅开发,5,000002.SZ,万 科Ａ,361.5,4.3348,3.03,1991-01-29,0,True
房地产,房地产开发,住宅开发,6,600641.SS,先导基电,316.06,17.4058,33.38,1993-04-07,0,True
房地产,房地产开发,住宅开发,7,600515.SS,海南机场,308.48,2.4788,2.7,2002-08-06,0,True
房地产,房地产开发,住宅开发,8,600246.SS,万通发展,261.14,12.7043,13.44,2000-09-22,0,True
房地产,房地产开发,商业地产,9,601155.SS,新城控股,253.53,2.7807,11.24,2015-12-04,0,True
房地产,房地产开发,住宅开发,10,002244.SZ,滨江集团,246.74,3.1364,7.930000000000001,2008-05-29,0,True
房地产,房地产开发,住宅开发,11,600208.SS,衢州发展,239.1,1.9574,2.81,1999-06-23,0,True
房地产,房地产开发,住宅开发,12,000029.SZ,深深房Ａ,214.37,1.0302,21.19,1993-09-15,0,False
房地产,房地产开发,住宅开发,13,000620.SZ,盈新发展,185.55,11.6461,3.16,1996-10-29,0,False
房地产,房地产开发,住宅开发,14,600606.SS,绿地控股,179.89,1.4866,1.28,1992-03-27,0,True
房地产,房地产开发,住宅开发,15,600162.SS,香江控股,152.96,8.7036,4.68,1998-06-09,0,True
房地产,房地产开发,住宅开发,16,600064.SS,南京高科,134.45,1.316,7.77,1997-05-06,0,False
房地产,房地产开发,住宅开发,17,000656.SZ,金科股份,124.95,2.1062,1.18,1996-11-28,0,False
房地产,房地产开发,住宅开发,18,600383.SS,金地集团,97.06,2.2162,2.15,2001-04-12,0,False
房地产,房地产开发,住宅开发,19,600773.SS,西藏城投,96.59,2.7921,10.15,1996-11-08,0,False
房地产,房地产开发,住宅开发,20,600649.SS,城投控股,94.69,1.5569,3.8,1993-05-18,0,False
房地产,房地产开发,住宅开发,21,000006.SZ,深振业Ａ,90.85,1.3071,6.73,1992-04-27,0,False
房地产,房地产开发,住宅开发,22,600266.SS,城建发展,84.28,1.5129,4.0600000000000005,1999-02-03,0,False
房地产,房地产开发,产业地产,23,600604.SS,市北高新,83.36,1.6483,4.45,1992-03-27,0,False
房地产,房地产开发,住宅开发,24,600376.SS,首开股份,79.71,2.1951,3.09,2001-03-12,0,False
房地产,房地产开发,住宅开发,25,600657.SS,信达地产,79.57,2.5651,2.79,1993-05-24,0,False
房地产,房地产开发,住宅开发,26,002208.SZ,合肥城建,78.0,3.0199,9.71,2008-01-28,0,False
房地产,房地产开发,住宅开发,27,600736.SS,苏州高新,73.91,1.5373,6.42,1996-08-15,0,False
房地产,房地产开发,商业地产,28,000402.SZ,金 融 街,72.93,1.3213,2.44,1996-06-26,0,False
房地产,房地产开发,住宅开发,29,600683.SS,京投发展,69.93,3.8451,9.44,1993-10-25,0,False
房地产,房地产开发,住宅开发,30,600325.SS,华发股份,64.68,1.9876,2.35,2004-02-25,0,False
房地产,房地产开发,商业地产,31,000608.SZ,阳光股份,53.92,1.9984,7.19,1996-09-19,0,False
房地产,房地产开发,住宅开发,32,000011.SZ,深物业A,50.12,1.6843,8.41,1992-03-30,0,False
房地产,房地产开发,住宅开发,33,002146.SZ,荣盛发展,49.57,1.3626,1.14,2007-08-08,0,False
房地产,房地产开发,住宅开发,34,000965.SZ,天保基建,35.07,1.309,3.16,2000-04-06,0,False
房地产,房地产开发,住宅开发,35,000736.SZ,中交发展,31.9,1.4406,4.2700000000000005,1997-04-25,0,False
房地产,房地产开发,住宅开发,36,600791.SS,京能置业,30.71,1.4284,6.78,1997-01-30,0,False
房地产,房地产服务,房产租赁经纪,1,000560.SZ,我爱我家,62.42,12.4099,2.65,1994-02-02,0,False
房地产,房地产服务,房产租赁经纪,2,002285.SZ,世联行,47.63,2.3422,2.39,2009-08-28,0,False
房地产,房地产服务,物业管理,3,300917.SZ,特发服务,45.41,3.7232,26.87,2020-12-21,0,False
有色金属,小金属,钨,1,000657.SZ,中钨高新,1409.3,40.4034,61.85,1996-12-05,0,True
有色金属,小金属,稀土,2,600111.SS,北方稀土,1356.73,14.144,37.53,1997-09-24,0,True
有色金属,小金属,稀土,3,001280.SZ,中国铀业,1305.64,4.429,63.13,2025-12-03,0,True
有色金属,小金属,钨,4,600549.SS,厦门钨业,803.16,21.4601,50.59,2002-11-07,0,True
有色金属,小金属,钼,5,601958.SS,金钼股份,665.0,9.3429,20.61,2008-04-17,0,False
有色金属,小金属,其他小金属,6,002428.SZ,云南锗业,616.68,51.0885,94.42,2010-06-08,0,True
有色金属,小金属,稀土,7,000831.SZ,中国稀土,579.85,16.4382,54.64,1998-09-11,0,True
有色金属,小金属,其他小金属,8,000960.SZ,锡业股份,554.35,12.2553,33.69,2000-02-21,0,True
有色金属,小金属,钼,9,001257.SZ,盛龙股份,426.12,3.0538,23.21,2026-03-31,0,False
有色金属,小金属,稀土,10,600392.SS,盛和资源,384.92,9.5724,21.96,2003-05-29,0,True
有色金属,小金属,其他小金属,11,002738.SZ,中矿资源,325.09,11.5455,44.57,2014-12-30,0,True
有色金属,小金属,其他小金属,12,000962.SZ,东方钽业,310.79,12.4387,58.93,2000-01-20,0,False
有色金属,小金属,钨,13,002378.SZ,章源钨业,289.42,6.3749,24.09,2010-03-31,0,True
有色金属,小金属,其他小金属,14,600301.SS,华锡有色,287.38,4.4643,45.43,2000-07-12,0,False
有色金属,小金属,稀土,15,600259.SS,中稀有色,279.51,6.3313,83.08,2000-05-25,0,False
有色金属,小金属,其他小金属,16,603407.SS,长裕集团,237.34,2.4356,58.19,2026-05-11,0,False
有色金属,小金属,其他小金属,17,002149.SZ,西部材料,164.28,5.5931,33.65,2007-08-10,0,False
有色金属,小金属,其他小金属,18,600459.SS,贵研铂业,159.7,4.0905,19.4,2003-05-16,0,False
有色金属,小金属,其他小金属,19,002167.SZ,东方锆业,126.43,7.6693,16.32,2007-09-13,0,True
有色金属,小金属,其他小金属,20,600456.SS,宝钛股份,121.98,1.3218,25.53,2002-04-12,0,False
有色金属,小金属,钨,21,002842.SZ,翔鹭钨业,117.16,11.137,35.81,2017-01-19,0,False
有色金属,小金属,其他小金属,22,002182.SZ,宝武镁业,113.26,1.6414,11.42,2007-11-13,0,False
有色金属,小金属,其他小金属,23,301026.SZ,浩通科技,43.34,1.4299,19.56,2021-07-16,0,False
有色金属,工业金属,铜,1,601899.SS,紫金矿业,8578.16,77.4676,32.26,2008-04-25,0,True
有色金属,工业金属,铜,2,603993.SS,洛阳钼业,3825.3,36.6421,17.88,2012-10-09,0,True
有色金属,工业金属,铝,3,002379.SZ,宏桥控股,2271.32,7.9293,17.43,2010-03-31,0,False
有色金属,工业金属,铝,4,601600.SS,中国铝业,1590.25,16.3522,9.27,2007-04-30,0,True
有色金属,工业金属,铜,5,600362.SS,江西铜业,1524.99,32.7372,44.04,2002-01-11,0,True
有色金属,工业金属,铝,6,000807.SZ,云铝股份,937.39,17.9113,27.03,1998-04-08,0,True
有色金属,工业金属,铜,7,601168.SS,西部矿业,863.12,21.5709,36.22,2007-07-12,0,True
有色金属,工业金属,铜,8,000630.SZ,铜陵有色,817.98,17.2359,6.1000000000000005,1996-11-20,0,True
有色金属,工业金属,铅锌,9,000426.SZ,兴业银锡,646.15,27.1613,36.39,1996-08-28,0,True
有色金属,工业金属,铝,10,000933.SZ,神火股份,601.16,10.6278,26.73,1999-08-31,0,True
有色金属,工业金属,铝,11,002532.SZ,天山铝业,598.96,8.8212,12.94,2010-12-31,0,True
有色金属,工业金属,铝,12,600219.SS,南山铝业,543.18,8.0181,4.73,1999-12-23,0,False
有色金属,工业金属,铅锌,13,600497.SS,驰宏锌锗,490.43,12.8929,9.73,2004-04-20,0,False
有色金属,工业金属,铜,14,601212.SS,白银有色,472.42,27.1141,6.38,2017-02-15,0,False
有色金属,工业金属,铜,15,603979.SS,金诚信,456.3,5.978,73.15,2015-06-30,0,False
有色金属,工业金属,铜,16,002203.SZ,海亮股份,429.25,4.7385,18.73,2008-01-16,0,False
有色金属,工业金属,铜,17,000878.SZ,云南铜业,406.95,10.7022,16.78,1998-06-02,0,False
有色金属,工业金属,铜,18,600711.SS,盛屯矿业,340.59,12.2173,11.02,1996-05-31,0,False
有色金属,工业金属,铅锌,19,000688.SZ,国城矿业,309.3,6.0063,26.1,1997-01-20,0,False
有色金属,工业金属,铅锌,20,000060.SZ,中金岭南,276.24,7.2572,6.22,1997-01-23,0,False
有色金属,工业金属,铅锌,21,600961.SS,株冶集团,274.44,10.1174,25.58,2004-08-30,0,False
有色金属,工业金属,铜,22,000737.SZ,北方铜业,273.33,16.9724,14.35,1997-04-28,0,False
有色金属,工业金属,铝,23,600595.SS,中孚实业,244.08,5.56,6.09,2002-06-26,0,False
有色金属,工业金属,铅锌,24,000603.SZ,盛达资源,242.52,21.1234,35.15,1996-08-23,0,False
有色金属,工业金属,铜,25,601609.SS,金田股份,228.01,7.6821,13.19,2020-04-22,0,False
有色金属,工业金属,铝,26,601677.SS,明泰铝业,208.13,3.5919,16.740000000000002,2011-09-19,0,False
有色金属,工业金属,铅锌,27,603132.SS,金徽股份,181.71,1.9268,18.58,2022-02-22,0,False
有色金属,工业金属,铅锌,28,601020.SS,华钰矿业,178.67,7.7901,21.79,2016-03-16,0,False
有色金属,工业金属,铜,29,002171.SZ,楚江新材,178.04,7.3397,10.97,2007-09-21,0,False
有色金属,工业金属,铝,30,603876.SS,鼎胜新材,173.68,4.3259,18.69,2018-04-18,0,False
有色金属,工业金属,铜,31,600490.SS,鹏欣资源,161.76,4.6206,7.31,2003-06-26,0,False
有色金属,工业金属,铝,32,600888.SS,新疆众和,155.15,4.4089,9.99,1996-02-15,0,False
有色金属,工业金属,铝,33,601702.SS,华峰铝业,151.38,1.2152,15.16,2020-09-07,0,False
有色金属,工业金属,铅锌,34,600531.SS,豫光金铅,150.43,6.9658,12.44,2002-07-30,0,False
有色金属,工业金属,铝,35,000612.SZ,焦作万方,135.79,4.2932,11.39,1996-09-26,0,False
有色金属,工业金属,铝,36,600361.SS,创新新材,131.76,1.6191,3.53,2001-11-29,0,False
有色金属,工业金属,铅锌,37,000758.SZ,中色股份,119.98,2.0151,6.03,1997-04-16,0,False
有色金属,工业金属,铅锌,38,600338.SS,西藏珠峰,116.74,5.018,12.77,2000-12-27,0,False
有色金属,工业金属,铝,39,002824.SZ,和胜股份,87.41,5.1479,28.09,2017-01-12,0,False
有色金属,工业金属,铝,40,300328.SZ,宜安科技,84.44,8.8229,12.23,2012-06-19,0,False
有色金属,工业金属,铝,41,002988.SZ,豪美新材,78.81,2.5174,31.55,2020-05-18,0,False
有色金属,工业金属,铝,42,300337.SZ,银邦股份,76.93,1.334,9.36,2012-07-18,0,False
有色金属,工业金属,铅锌,43,000751.SZ,锌业股份,76.1,3.227,4.71,1997-06-26,0,False
有色金属,工业金属,铝,44,601388.SS,怡球资源,72.86,1.5941,3.31,2012-04-23,0,False
有色金属,工业金属,铝,45,300057.SZ,万顺新材,65.93,1.5605,6.57,2010-02-26,0,False
有色金属,工业金属,铜,46,300697.SZ,电工合金,64.59,3.3206,14.93,2017-09-07,0,False
有色金属,工业金属,铝,47,605208.SS,永茂泰,49.06,1.082,14.87,2021-03-08,0,False
有色金属,工业金属,铝,48,002578.SZ,闽发铝业,37.73,1.4642,4.0200000000000005,2011-04-28,0,False
有色金属,工业金属,铜,49,002295.SZ,精艺股份,24.18,1.7732,9.65,2009-09-29,0,False
有色金属,能源金属,锂,1,000408.SZ,藏格矿业,1138.09,8.8879,72.54,1996-06-28,0,True
有色金属,能源金属,锂,2,002460.SZ,赣锋锂业,961.12,17.0278,45.84,2010-08-10,0,True
有色金属,能源金属,锂,3,002466.SZ,天齐锂业,726.36,19.3886,42.4,2010-08-31,0,True
有色金属,能源金属,钴,4,603799.SS,华友钴业,669.55,16.4429,35.36,2015-01-29,0,True
有色金属,能源金属,镍,5,605376.SS,博迁新材,361.24,14.8878,138.09,2020-12-08,0,True
有色金属,能源金属,锂,6,002240.SZ,盛新锂能,248.14,9.7805,27.11,2008-05-23,0,True
有色金属,能源金属,锂,7,002756.SZ,永兴材料,220.38,4.2445,40.88,2015-05-15,0,False
有色金属,能源金属,钴,8,301219.SZ,腾远钴业,157.61,2.9044,41.17,2022-03-17,0,False
有色金属,能源金属,锂,9,002192.SZ,融捷股份,155.64,12.8311,59.94,2007-12-05,0,True
有色金属,能源金属,锂,10,000762.SZ,西藏矿业,112.81,2.8853,21.66,1997-07-08,0,False
有色金属,能源金属,钴,11,300618.SZ,寒锐钴业,98.17,1.5863,31.7,2017-03-06,0,False
有色金属,能源金属,锂,12,603399.SS,永杉锂业,70.59,5.6544,13.78,2012-08-24,0,False
有色金属,贵金属,黄金,1,600547.SS,山东黄金,1606.1,36.6666,34.84,2003-08-28,0,True
有色金属,贵金属,黄金,2,600489.SS,中金黄金,1219.58,23.0166,25.16,2003-08-14,0,True
有色金属,贵金属,黄金,3,600988.SS,赤峰黄金,858.23,28.6847,45.16,2004-04-14,0,True
有色金属,贵金属,黄金,4,000975.SZ,山金国际,730.01,12.8125,26.33,2000-06-08,0,True
有色金属,贵金属,黄金,5,002155.SZ,湖南黄金,423.95,19.8197,27.13,2007-08-16,0,True
有色金属,贵金属,白银,6,002716.SZ,湖南白银,285.41,30.8854,10.11,2014-01-28,0,True
有色金属,贵金属,黄金,7,601069.SS,西部黄金,267.47,9.0533,29.36,2015-01-22,0,False
有色金属,贵金属,黄金,8,001337.SZ,四川黄金,219.74,10.3627,52.32,2023-03-03,0,False
有色金属,贵金属,黄金,9,002237.SZ,恒邦股份,202.48,5.1933,14.16,2008-05-20,0,False
有色金属,贵金属,黄金,10,000506.SZ,招金黄金,181.72,17.0821,19.56,1993-03-12,0,False
有色金属,贵金属,黄金,11,300139.SZ,晓程科技,136.45,23.6556,49.8,2010-11-12,0,False
有色金属,金属新材料,磁性材料,1,300748.SZ,金力永磁,349.64,4.234,25.3,2018-09-21,0,False
有色金属,金属新材料,磁性材料,2,300811.SZ,铂科新材,343.84,9.796,84.31,2019-12-30,0,False
有色金属,金属新材料,其他金属新材料,3,688102.SS,斯瑞新材,245.8,4.1196,31.47,2022-03-16,0,True
有色金属,金属新材料,磁性材料,4,300835.SZ,龙磁科技,213.57,5.0454,179.1,2020-05-25,0,False
有色金属,金属新材料,其他金属新材料,5,603124.SS,江南新材,191.52,6.4706,131.41,2025-03-20,0,False
有色金属,金属新材料,其他金属新材料,6,601137.SS,博威合金,183.44,3.337,19.98,2011-01-27,0,False
有色金属,金属新材料,其他金属新材料,7,000969.SZ,安泰科技,179.95,3.1958,17.13,2000-05-29,0,False
有色金属,金属新材料,磁性材料,8,000970.SZ,中科三环,137.5,2.6363,11.31,2000-04-20,0,False
有色金属,金属新材料,其他金属新材料,9,300855.SZ,图南股份,137.45,2.3145,34.75,2020-07-23,0,False
有色金属,金属新材料,磁性材料,10,600366.SS,宁波韵升,122.87,2.7408,11.18,2000-10-30,0,False
有色金属,金属新材料,磁性材料,11,301531.SZ,春光集团,113.89,1.2126,51.83,2026-05-11,0,False
有色金属,金属新材料,磁性材料,12,300224.SZ,正海磁材,106.01,1.6276,11.39,2011-05-31,0,False
有色金属,金属新材料,其他金属新材料,13,688231.SS,隆达股份,97.82,1.5823,30.61,2022-07-22,0,False
有色金属,金属新材料,磁性材料,14,000795.SZ,英洛华,91.09,1.3036,8.16,1997-08-08,0,False
有色金属,金属新材料,其他金属新材料,15,688456.SS,有研粉材,78.74,4.3482,75.96000000000001,2021-03-17,0,False
有色金属,金属新材料,其他金属新材料,16,603045.SS,福达合金,67.42,4.7381,49.78,2018-05-17,0,False
有色金属,金属新材料,其他金属新材料,17,600255.SS,鑫科材料,66.83,3.8522,3.7,2000-11-22,0,False
有色金属,金属新材料,磁性材料,18,688786.SS,悦安新材,48.22,1.0659,27.82,2021-08-26,0,False
有色金属,金属新材料,其他金属新材料,19,603978.SS,深圳新星,45.39,3.0163,21.5,2017-08-07,0,False
机械设备,专用设备,其他专用设备,1,301200.SZ,大族数控,1293.91,6.9365,264.6,2022-02-28,0,True
机械设备,专用设备,能源及重型设备,2,002353.SZ,杰瑞股份,1221.66,21.4501,119.32,2010-02-05,0,True
机械设备,专用设备,其他专用设备,3,002837.SZ,英维克,786.99,37.4635,61.54,2016-12-29,0,True
机械设备,专用设备,其他专用设备,4,688630.SS,芯碁微装,633.05,17.9901,432.1,2021-04-01,0,True
机械设备,专用设备,其他专用设备,5,002595.SZ,豪迈科技,455.3,2.354,39.25,2011-06-28,0,True
机械设备,专用设备,其他专用设备,6,600499.SS,科达制造,258.53,3.5942,13.48,2002-10-10,0,False
机械设备,专用设备,能源及重型设备,7,601717.SS,中创智领,246.39,2.7796,13.8,2010-08-03,0,True
机械设备,专用设备,其他专用设备,8,688531.SS,日联科技,237.81,4.9521,143.61,2023-03-31,0,False
机械设备,专用设备,其他专用设备,9,688813.SS,泰金新能,232.32,6.1951,145.20000000000002,2026-03-31,0,False
机械设备,专用设备,能源及重型设备,10,601399.SS,国机重装,230.83,1.7099,3.2,2020-06-08,0,False
机械设备,专用设备,其他专用设备,11,688400.SS,凌云光,218.84,4.575,46.0,2022-07-06,0,False
机械设备,专用设备,能源及重型设备,12,600320.SS,振华重工,217.62,1.6065,4.14,2000-12-21,0,True
机械设备,专用设备,能源及重型设备,13,601608.SS,中信重工,216.61,1.378,4.73,2012-07-06,0,False
机械设备,专用设备,能源及重型设备,14,601106.SS,中国一重,208.48,1.5703,3.04,2010-02-09,0,False
机械设备,专用设备,其他专用设备,15,688596.SS,正帆科技,207.76,14.5632,65.4,2020-08-20,0,True
机械设备,专用设备,能源及重型设备,16,600582.SS,天地科技,204.86,1.3341,4.95,2002-05-15,0,False
机械设备,专用设备,其他专用设备,17,688700.SS,东威科技,199.96,7.9556,67.01,2021-06-15,0,True
机械设备,专用设备,其他专用设备,18,301392.SZ,汇成真空,175.1,7.6886,175.1,2024-06-05,0,False
机械设备,专用设备,其他专用设备,19,301128.SZ,强瑞技术,174.03,9.0394,120.17,2021-11-10,0,False
机械设备,专用设备,纺织服装设备,20,603337.SS,杰克科技,170.83,1.0315,35.86,2017-01-19,0,False
机械设备,专用设备,印刷包装机械,21,002611.SZ,东方精工,168.11,2.1343,13.81,2011-08-30,0,False
机械设备,专用设备,农用机械,22,601038.SS,XD一拖股,160.68,1.7356,14.3,2012-08-08,0,False
机械设备,专用设备,其他专用设备,23,301338.SZ,凯格精机,153.01,4.6991,102.72,2022-08-16,0,True
机械设备,专用设备,其他专用设备,24,002779.SZ,中坚科技,146.84,2.0906,79.46000000000001,2015-12-09,0,False
机械设备,专用设备,其他专用设备,25,688383.SS,新益昌,145.76,3.022,143.4,2021-04-28,0,True
机械设备,专用设备,其他专用设备,26,603011.SS,合锻智能,139.42,13.1091,28.2,2014-11-07,0,False
机械设备,专用设备,能源及重型设备,27,603800.SS,洪田股份,123.82,3.1173,59.53,2015-12-10,0,False
机械设备,专用设备,纺织服装设备,28,003036.SZ,泰坦股份,119.37,4.2242,55.11,2021-01-28,0,False
机械设备,专用设备,能源及重型设备,29,300480.SZ,光力科技,118.55,3.9736,32.02,2015-07-02,0,False
机械设备,专用设备,能源及重型设备,30,603698.SS,航天工程,116.36,2.098,21.71,2015-01-28,0,False
机械设备,专用设备,其他专用设备,31,300499.SZ,高澜股份,115.26,12.479,37.76,2016-02-02,0,True
机械设备,专用设备,其他专用设备,32,002031.SZ,巨轮智能,110.85,5.4511,5.04,2004-08-16,0,False
机械设备,专用设备,其他专用设备,33,300151.SZ,昌红科技,108.74,2.8651,20.42,2010-12-22,0,False
机械设备,专用设备,能源及重型设备,34,002204.SZ,大连重工,106.23,1.7197,5.5,2008-01-16,0,False
机械设备,专用设备,其他专用设备,35,300382.SZ,斯莱克,102.32,4.9587,15.78,2014-01-29,0,False
机械设备,专用设备,农用机械,36,300159.SZ,新研股份,95.75,1.067,2.91,2011-01-07,0,False
机械设备,专用设备,其他专用设备,37,301013.SZ,利和兴,93.43,6.5711,39.97,2021-06-29,0,False
机械设备,专用设备,能源及重型设备,38,002730.SZ,电光科技,86.18,2.0217,23.8,2014-10-09,0,False
机械设备,专用设备,纺织服装设备,39,600545.SS,卓郎智能,84.39,3.423,4.72,2003-12-03,0,False
机械设备,专用设备,其他专用设备,40,688328.SS,深科达,78.25,5.7451,82.84,2021-03-09,0,False
机械设备,专用设备,其他专用设备,41,688312.SS,燕麦科技,75.13,3.116,51.13,2020-06-08,0,True
机械设备,专用设备,能源及重型设备,42,001288.SZ,运机集团,72.65,1.5349,31.08,2021-11-01,0,False
机械设备,专用设备,其他专用设备,43,300756.SZ,金马游乐,66.7,1.2774,30.23,2018-12-28,0,False
机械设备,专用设备,能源及重型设备,44,300435.SZ,中泰股份,64.99,1.2036,16.85,2015-03-26,0,False
机械设备,专用设备,其他专用设备,45,001400.SZ,江顺科技,62.97,2.549,74.97,2025-04-24,0,False
机械设备,专用设备,其他专用设备,46,002009.SZ,天奇股份,62.1,1.2199,15.44,2004-06-29,0,False
机械设备,专用设备,其他专用设备,47,300540.SZ,蜀道装备,61.18,2.6937,26.88,2016-08-23,0,False
机械设备,专用设备,能源及重型设备,48,603391.SS,力聚热能,60.23,1.4494,66.19,2024-07-31,0,False
机械设备,专用设备,能源及重型设备,49,002490.SZ,山东墨龙,59.87,4.9002,7.27,2010-10-21,0,False
机械设备,专用设备,能源及重型设备,50,603012.SS,创力集团,58.7,2.6486,9.08,2015-03-20,0,False
机械设备,专用设备,纺织服装设备,51,300307.SZ,慈星股份,58.36,1.1889,7.29,2012-03-29,0,False
机械设备,专用设备,其他专用设备,52,002073.SZ,软控股份,57.68,1.1183,5.63,2006-10-18,0,False
机械设备,专用设备,楼宇设备,53,002774.SZ,快意电梯,54.11,1.7054,16.07,2017-03-24,0,False
机械设备,专用设备,能源及重型设备,54,000852.SZ,石化机械,52.85,1.7208,5.53,1998-11-26,0,False
机械设备,专用设备,能源及重型设备,55,002483.SZ,润邦股份,52.3,1.4533,5.9,2010-09-29,0,False
机械设备,专用设备,其他专用设备,56,002757.SZ,南兴股份,52.0,3.0504,17.6,2015-05-27,0,False
机械设备,专用设备,其他专用设备,57,300836.SZ,佰奥智能,48.3,1.0955,52.11,2020-05-28,0,False
机械设备,专用设备,纺织服装设备,58,301053.SZ,远信工业,46.96,1.5454,35.61,2021-09-01,0,False
机械设备,专用设备,能源及重型设备,59,002564.SZ,天沃科技,42.26,1.3902,4.92,2011-03-10,0,False
机械设备,专用设备,楼宇设备,60,605286.SS,同力天启,40.56,1.4866,24.14,2021-03-22,0,False
机械设备,专用设备,其他专用设备,61,600520.SS,三佳科技,39.61,1.8612,25.0,2002-01-08,0,False
机械设备,专用设备,其他专用设备,62,300004.SZ,南风股份,38.78,3.2998,8.08,2009-10-30,0,False
机械设备,专用设备,其他专用设备,63,603956.SS,威派格,38.3,1.1464,6.72,2019-02-22,0,False
机械设备,专用设备,能源及重型设备,64,001360.SZ,南矿集团,37.76,1.2772,18.51,2023-04-10,0,False
机械设备,专用设备,纺织服装设备,65,603095.SS,越剑智能,36.86,1.6895,14.27,2020-04-15,0,False
机械设备,专用设备,能源及重型设备,66,600262.SS,北方股份,35.44,1.1022,14.89,2000-06-30,0,False
机械设备,专用设备,能源及重型设备,67,002278.SZ,神开股份,30.58,1.332,7.87,2009-08-11,0,False
机械设备,专用设备,能源及重型设备,68,300865.SZ,大宏立,27.96,1.6212,29.22,2020-08-24,0,False
机械设备,专用设备,能源及重型设备,69,301158.SZ,德石股份,26.83,1.3354,13.76,2022-01-17,0,False
机械设备,专用设备,能源及重型设备,70,603036.SS,如通股份,26.74,1.349,12.98,2016-12-09,0,False
机械设备,专用设备,印刷包装机械,71,002209.SZ,达 意 隆,26.22,1.1159,12.82,2008-01-30,0,False
机械设备,专用设备,能源及重型设备,72,001277.SZ,速达股份,22.1,1.4946,29.08,2024-09-03,0,False
机械设备,专用设备,农用机械,73,603029.SS,天鹅股份,19.22,1.0764,15.84,2016-04-27,0,False
机械设备,工程机械,工程机械整机,1,600031.SS,三一重工,1660.62,12.1646,18.06,2003-07-03,0,True
机械设备,工程机械,工程机械器件,2,601100.SS,恒立液压,1212.91,6.1203,90.46,2011-10-28,0,True
机械设备,工程机械,工程机械整机,3,000425.SZ,徐工机械,884.2,9.5787,7.55,1996-08-28,0,True
机械设备,工程机械,工程机械整机,4,000157.SZ,中联重科,535.34,2.8244,6.19,2000-10-12,0,True
机械设备,工程机械,工程机械整机,5,603298.SS,杭叉集团,306.76,1.1409,23.42,2016-12-27,0,True
机械设备,工程机械,工程机械整机,6,603338.SS,浙江鼎力,277.28,2.2563,54.76,2015-03-25,0,False
机械设备,工程机械,工程机械器件,7,603638.SS,艾迪精密,159.41,1.3801,18.1,2017-01-20,0,False
机械设备,工程机械,工程机械整机,8,000528.SZ,柳 工,157.53,2.5784,7.72,1993-11-18,0,True
机械设备,工程机械,工程机械整机,9,000680.SZ,山推股份,141.16,1.782,9.41,1997-01-22,0,False
机械设备,工程机械,工程机械整机,10,600761.SS,安徽合力,137.52,1.6424,15.44,1996-10-09,0,True
机械设备,工程机械,工程机械整机,11,300201.SZ,海伦哲,126.43,3.7545,12.53,2011-04-07,0,False
机械设备,工程机械,工程机械整机,12,002097.SZ,山河智能,77.37,1.2893,7.2,2006-12-22,0,False
机械设备,工程机械,工程机械整机,13,605305.SS,中际联合,67.65,1.5368,31.83,2021-05-06,0,False
机械设备,工程机械,工程机械整机,14,600815.SS,厦工股份,64.4,3.7904,3.63,1994-01-28,0,False
机械设备,工程机械,工程机械整机,15,002685.SZ,华东重机,53.0,1.1347,5.26,2012-06-12,0,False
机械设备,工程机械,工程机械整机,16,600984.SS,建设机械,43.49,2.2145,3.46,2004-07-07,0,False
机械设备,工程机械,工程机械器件,17,301161.SZ,唯万密封,35.4,1.0623,29.5,2022-09-14,0,False
机械设备,自动化设备,机器人,1,688836.SS,宇树科技-W,1907.9,28.2077,471.71,2026-08-19,0,False
机械设备,自动化设备,工控设备,2,300124.SZ,汇川技术,1392.68,13.2279,51.4,2010-09-28,0,True
机械设备,自动化设备,激光设备,3,000988.SZ,华工科技,1059.8,46.779,105.4,2000-06-08,0,True
机械设备,自动化设备,其他自动化设备,4,300757.SZ,罗博特科,1024.19,35.9386,611.0600000000001,2019-01-08,0,True
机械设备,自动化设备,激光设备,5,002008.SZ,大族激光,982.86,40.0832,95.46,2004-06-25,0,True
机械设备,自动化设备,工控设备,6,688777.SS,中控技术,679.63,10.2551,85.9,2020-11-24,0,True
机械设备,自动化设备,机器人,7,688017.SS,绿的谐波,527.17,17.1265,287.55,2020-08-28,0,True
机械设备,自动化设备,激光设备,8,688025.SS,杰普特,419.73,13.2579,441.59,2019-10-31,0,True
机械设备,自动化设备,其他自动化设备,9,688835.SS,高凯技术,325.03,12.1395,325.19,2026-08-25,0,False
机械设备,自动化设备,激光设备,10,688826.SS,频准激光,323.0,10.5811,807.5,2026-08-18,0,False
机械设备,自动化设备,机器人,11,002747.SZ,埃斯顿,281.98,11.0218,29.11,2015-03-20,0,False
机械设备,自动化设备,激光设备,12,300747.SZ,锐科激光,232.78,8.3986,41.45,2018-06-25,0,False
机械设备,自动化设备,工控设备,13,002975.SZ,博杰股份,218.31,15.515,104.89,2020-02-05,0,True
机械设备,自动化设备,工控设备,14,300083.SZ,创世纪,208.65,9.1345,12.27,2010-05-20,0,False
机械设备,自动化设备,其他自动化设备,15,688097.SS,博众精工,204.65,2.719,45.76,2021-05-12,0,True
机械设备,自动化设备,机器人,16,300024.SZ,机器人,203.37,3.0014,12.99,2009-10-30,0,True
机械设备,自动化设备,工控设备,17,002957.SZ,科瑞技术,179.12,6.4095,42.65,2019-07-26,0,True
机械设备,自动化设备,其他自动化设备,18,688686.SS,奥普特,172.96,2.9836,141.5,2020-12-31,0,False
机械设备,自动化设备,机器人,19,002979.SZ,雷赛智能,166.58,4.2254,52.71,2020-04-08,0,False
机械设备,自动化设备,工控设备,20,603283.SS,赛腾股份,163.64,7.6924,46.42,2017-12-25,0,False
机械设备,自动化设备,其他自动化设备,21,688003.SS,天准科技,160.09,4.142,82.19,2019-07-22,0,False
机械设备,自动化设备,机器人,22,300607.SZ,拓斯达,155.06,13.9842,32.51,2017-02-09,0,False
机械设备,自动化设备,其他自动化设备,23,301029.SZ,怡合达,154.81,1.9696,24.35,2021-07-23,0,False
机械设备,自动化设备,工控设备,24,603203.SS,快克智能,149.59,3.3071,45.33,2016-11-08,0,True
机械设备,自动化设备,其他自动化设备,25,301312.SZ,智立方,144.89,5.1044,85.98,2022-07-11,0,True
机械设备,自动化设备,激光设备,26,688559.SS,海目星,144.57,7.478,58.35,2020-09-09,0,False
机械设备,自动化设备,激光设备,27,301021.SZ,英诺激光,136.02,7.7555,88.98,2021-07-06,0,False
机械设备,自动化设备,机器人,28,688090.SS,瑞松科技,125.71,6.104,79.2,2020-02-17,0,False
机械设备,自动化设备,机器人,29,002698.SZ,博实股份,115.55,1.1316,11.3,2012-09-11,0,False
机械设备,自动化设备,工控设备,30,301510.SZ,固高科技,105.39,2.0544,26.06,2023-08-15,0,False
机械设备,自动化设备,其他自动化设备,31,688125.SS,安达智能,100.55,1.1205,121.99,2022-04-15,0,False
机械设备,自动化设备,工控设备,32,603583.SS,捷昌驱动,98.72,1.3253,25.59,2018-09-21,0,False
机械设备,自动化设备,工控设备,33,688698.SS,伟创电气,90.96,1.3478,42.3,2020-12-29,0,False
机械设备,自动化设备,其他自动化设备,34,300400.SZ,劲拓股份,89.71,4.4701,36.87,2014-10-10,0,False
机械设备,自动化设备,其他自动化设备,35,603082.SS,北自科技,88.25,3.1926,52.98,2024-01-30,0,False
机械设备,自动化设备,工控设备,36,688160.SS,步科股份,86.12,1.1233,94.41,2020-11-12,0,False
机械设备,自动化设备,其他自动化设备,37,300486.SZ,东杰智能,83.98,2.5035,17.6,2015-06-30,0,False
机械设备,自动化设备,机器人,38,300276.SZ,三丰智能,83.92,1.0557,5.99,2011-11-15,0,False
机械设备,自动化设备,其他自动化设备,39,301568.SZ,思泰克,75.24,2.161,72.87,2023-11-28,0,False
机械设备,自动化设备,激光设备,40,688170.SS,德龙激光,74.67,4.1709,72.24,2022-04-29,0,False
机械设备,自动化设备,激光设备,41,688518.SS,联赢激光,72.74,2.0692,21.31,2020-06-22,0,False
机械设备,自动化设备,其他自动化设备,42,300802.SZ,矩子科技,71.79,2.2311,25.27,2019-11-14,0,False
机械设备,自动化设备,激光设备,43,688646.SS,逸飞激光,70.69,1.3521,75.07000000000001,2023-07-28,0,False
机械设备,自动化设备,激光设备,44,300227.SZ,光韵达,67.26,3.628,11.29,2011-06-08,0,False
机械设备,自动化设备,工控设备,45,605288.SS,凯迪股份,60.11,1.52,60.92,2020-06-01,0,False
机械设备,自动化设备,机器人,46,603666.SS,亿嘉和,52.29,1.1568,25.44,2018-06-12,0,False
机械设备,自动化设备,机器人,47,688218.SS,江苏北人,48.54,1.151,41.67,2019-12-11,0,False
机械设备,自动化设备,其他自动化设备,48,300461.SZ,田中精机,46.41,1.8139,29.46,2015-05-19,0,False
机械设备,自动化设备,其他自动化设备,49,300097.SZ,智云股份,28.05,2.1651,9.47,2010-07-28,0,False
机械设备,轨交设备,轨交设备Ⅲ,1,601766.SS,中国中车,1710.45,7.5647,5.96,2008-08-18,0,False
机械设备,轨交设备,轨交设备Ⅲ,2,688187.SS,时代电气,601.48,1.8363,45.2,2021-09-07,0,True
机械设备,轨交设备,轨交设备Ⅲ,3,688009.SS,中国通号,491.37,1.2949,4.64,2019-07-22,0,False
机械设备,轨交设备,轨交设备Ⅲ,4,688485.SS,九州一轨,158.11,6.7576,105.2,2023-01-18,0,False
机械设备,轨交设备,轨交设备Ⅲ,5,000927.SZ,中国铁物,151.26,1.0526,2.5,1999-07-27,0,False
机械设备,轨交设备,轨交设备Ⅲ,6,600458.SS,时代新材,111.78,1.6963,11.74,2002-12-19,0,True
机械设备,轨交设备,轨交设备Ⅲ,7,300351.SZ,永贵电器,54.18,1.0179,13.93,2012-09-20,0,False
机械设备,轨交设备,轨交设备Ⅲ,8,000925.SZ,众合科技,53.83,3.7987,7.96,1999-06-11,0,False
机械设备,通用设备,仪器仪表,1,688808.SS,联讯仪器,2369.53,21.052,2307.98,2026-04-24,0,False
机械设备,通用设备,金属制品,2,301377.SZ,鼎泰高科,1721.96,11.1987,406.08,2022-11-22,0,True
机械设备,通用设备,仪器仪表,3,300567.SZ,精测电子,576.7,12.4498,206.15,2016-11-22,0,True
机械设备,通用设备,金属制品,4,000039.SZ,中集集团,490.18,2.9245,9.09,1994-04-08,0,False
机械设备,通用设备,仪器仪表,5,688627.SS,精智达,460.29,22.3008,489.0,2023-07-18,0,True
机械设备,通用设备,仪器仪表,6,688828.SS,国仪公司-U,398.01,4.8323,99.5,2026-08-11,0,False
机械设备,通用设备,制冷空调设备,7,301018.SZ,申菱环境,376.23,18.3975,100.52,2021-07-07,0,True
机械设备,通用设备,其他通用设备,8,688433.SS,华曙高科,372.4,7.5028,89.61,2023-04-17,0,False
机械设备,通用设备,制冷空调设备,9,000811.SZ,冰轮环境,370.0,15.9499,37.28,1998-05-28,0,True
机械设备,通用设备,金属制品,10,603699.SS,纽威股份,336.63,2.4574,43.42,2014-01-17,0,False
机械设备,通用设备,其他通用设备,11,002444.SZ,巨星科技,333.02,2.4848,27.88,2010-07-13,0,False
机械设备,通用设备,磨具磨料,12,002046.SZ,国机精工,326.59,7.0737,60.91,2005-05-26,0,False
机械设备,通用设备,仪器仪表,13,688001.SS,华兴源创,324.11,6.5135,68.73,2019-07-22,0,True
机械设备,通用设备,其他通用设备,14,688333.SS,XD铂力特,322.36,14.1707,117.51,2019-07-22,0,False
机械设备,通用设备,金属制品,15,603308.SS,应流股份,299.24,10.5734,41.08,2014-01-22,0,True
机械设备,通用设备,金属制品,16,002131.SZ,利欧股份,298.64,17.9553,4.41,2007-04-27,0,True
机械设备,通用设备,金属制品,17,300260.SZ,新莱应材,242.24,6.7499,59.4,2011-09-06,0,False
机械设备,通用设备,磨具磨料,18,600172.SS,黄河旋风,238.68,34.3763,16.55,1998-11-26,0,False
机械设备,通用设备,金属制品,19,002552.SZ,宝鼎科技,215.49,17.976,55.54,2011-02-25,0,False
机械设备,通用设备,磨具磨料,20,300179.SZ,四方达,210.32,18.5422,43.3,2011-02-15,0,False
机械设备,通用设备,其他通用设备,21,300503.SZ,昊志机电,201.82,6.7036,64.96000000000001,2016-03-09,0,False
机械设备,通用设备,金属制品,22,688257.SS,新锐股份,198.84,6.8951,55.97,2021-10-27,0,False
机械设备,通用设备,磨具磨料,23,688028.SS,沃尔德,188.99,9.1542,125.2,2019-07-22,0,True
机械设备,通用设备,金属制品,24,603667.SS,五洲新春,186.94,6.6274,48.79,2016-10-25,0,False
机械设备,通用设备,金属制品,25,600114.SS,东睦股份,179.03,4.761,26.82,2004-05-11,0,False
机械设备,通用设备,其他通用设备,26,300257.SZ,开山股份,178.26,2.3415,17.94,2011-08-19,0,False
机械设备,通用设备,其他通用设备,27,001696.SZ,宗申动力,174.62,7.0297,15.25,1997-03-06,0,True
机械设备,通用设备,金属制品,28,300718.SZ,长盛轴承,157.1,2.7818,52.58,2017-11-06,0,False
机械设备,通用设备,制冷空调设备,29,300990.SZ,同飞股份,152.49,8.5587,89.06,2021-05-12,0,False
机械设备,通用设备,机床工具,30,301603.SZ,乔锋智能,148.87,2.8487,123.28,2024-07-10,0,False
机械设备,通用设备,制冷空调设备,31,002158.SZ,汉钟精机,141.11,3.0004,26.39,2007-08-17,0,False
机械设备,通用设备,金属制品,32,688308.SS,欧科亿,139.38,7.6342,87.78,2020-12-10,0,True
机械设备,通用设备,仪器仪表,33,603662.SS,柯力传感,134.15,1.7822,47.77,2019-08-06,0,False
机械设备,通用设备,其他通用设备,34,600343.SS,航天动力,127.45,4.5913,19.97,2003-04-08,0,False
机械设备,通用设备,其他通用设备,35,603757.SS,大元泵业,119.95,8.24,64.3,2017-07-11,0,True
机械设备,通用设备,仪器仪表,36,300720.SZ,海川智能,119.13,7.8606,61.13,2017-11-06,0,False
机械设备,通用设备,金属制品,37,688059.SS,华锐精密,118.73,3.215,84.82000000000001,2021-02-08,0,True
机械设备,通用设备,金属制品,38,002896.SZ,中大力德,118.72,4.4078,60.41,2017-08-29,0,False
机械设备,通用设备,机床工具,39,601882.SS,海天精工,114.27,1.6448,21.89,2016-11-07,0,False
机械设备,通用设备,磨具磨料,40,600783.SS,鲁信创投,113.51,3.1591,15.25,1996-12-25,0,False
机械设备,通用设备,其他通用设备,41,000880.SZ,潍柴重机,112.39,2.9366,24.23,1998-04-02,0,True
机械设备,通用设备,仪器仪表,42,688112.SS,鼎阳科技,108.72,2.4806,68.12,2021-12-01,0,False
机械设备,通用设备,仪器仪表,43,688610.SS,埃科光电,108.46,2.2079,159.5,2023-07-19,0,True
机械设备,通用设备,磨具磨料,44,300861.SZ,美畅股份,107.76,1.3995,16.04,2020-08-24,0,False
机械设备,通用设备,其他通用设备,45,603269.SS,海鸥股份,107.12,10.2417,24.8,2017-05-17,0,False
机械设备,通用设备,其他通用设备,46,300263.SZ,隆华科技,105.26,3.9117,10.17,2011-09-16,0,False
机械设备,通用设备,制冷空调设备,47,002639.SZ,雪人集团,103.66,8.3948,13.3,2011-12-05,0,False
机械设备,通用设备,仪器仪表,48,300007.SZ,汉威科技,97.58,2.1105,29.8,2009-10-30,0,False
机械设备,通用设备,仪器仪表,49,688583.SS,思看科技,97.04,2.347,78.41,2025-01-15,0,False
机械设备,通用设备,机床工具,50,000837.SZ,秦川机床,96.99,1.3711,9.48,1998-09-28,0,False
机械设备,通用设备,其他通用设备,51,300145.SZ,南方泵业,94.48,4.6415,4.92,2010-12-09,0,False
机械设备,通用设备,仪器仪表,52,300862.SZ,蓝盾光电,93.97,12.5199,50.9,2020-08-24,0,False
机械设备,通用设备,其他通用设备,53,605060.SS,联德股份,93.47,1.4151,38.85,2021-03-01,0,False
机械设备,通用设备,仪器仪表,54,688337.SS,普源精电,93.07,1.3612,42.56,2022-04-08,0,True
机械设备,通用设备,机床工具,55,688697.SS,纽威数控,92.84,1.3216,14.5,2021-09-17,0,False
机械设备,通用设备,金属制品,56,002931.SZ,锋龙股份,89.28,2.2724,40.86,2018-04-03,0,False
机械设备,通用设备,其他通用设备,57,002272.SZ,川润股份,86.02,4.8166,17.740000000000002,2008-09-19,0,False
机械设备,通用设备,仪器仪表,58,688628.SS,优利德,85.7,3.6567,76.25,2021-02-01,0,True
机械设备,通用设备,其他通用设备,59,300420.SZ,五洋自控,83.51,7.9181,7.48,2015-02-17,0,False
机械设备,通用设备,制冷空调设备,60,301070.SZ,开勒股份,83.02,1.6534,65.8,2021-09-23,0,False
机械设备,通用设备,金属制品,61,605100.SS,华丰股份,81.46,1.2717,34.08,2020-08-11,0,False
机械设备,通用设备,机床工具,62,002943.SZ,宇晶股份,79.44,3.5029,29.77,2018-11-29,0,False
机械设备,通用设备,金属制品,63,603270.SS,金帝股份,77.17,3.714,35.22,2023-09-01,0,False
机械设备,通用设备,金属制品,64,002342.SZ,巨力索具,76.42,3.1957,7.96,2010-01-26,0,False
机械设备,通用设备,金属制品,65,002150.SZ,正泰电源,75.31,1.6341,20.87,2007-08-10,0,False
机械设备,通用设备,仪器仪表,66,301413.SZ,安培龙,75.28,1.6447,54.79,2023-12-18,0,False
机械设备,通用设备,机床工具,67,688305.SS,科德数控,74.09,1.8017,55.89,2021-07-09,0,False
机械设备,通用设备,其他通用设备,68,301317.SZ,鑫磊股份,73.74,1.7174,46.91,2023-01-19,0,False
机械设备,通用设备,金属制品,69,002445.SZ,中南文化,73.44,3.6924,3.09,2010-07-13,0,False
机械设备,通用设备,磨具磨料,70,300700.SZ,岱勒新材,71.47,1.5371,18.0,2017-09-12,0,False
机械设备,通用设备,金属制品,71,603400.SS,华之杰,70.98,2.4622,54.67,2025-06-20,0,False
机械设备,通用设备,金属制品,72,300985.SZ,致远新能,69.59,1.2331,37.31,2021-04-29,0,False
机械设备,通用设备,金属制品,73,301160.SZ,翔楼新材,69.34,1.9073,41.59,2022-06-06,0,False
机械设备,通用设备,金属制品,74,300488.SZ,恒锋工具,68.17,1.7351,35.65,2015-07-01,0,False
机械设备,通用设备,金属制品,75,300943.SZ,春晖智控,66.3,4.3511,32.53,2021-02-10,0,False
机械设备,通用设备,金属制品,76,603969.SS,银龙股份,65.63,1.1092,7.53,2015-02-27,0,False
机械设备,通用设备,其他通用设备,77,688448.SS,磁谷科技,65.63,1.6916,67.3,2022-09-21,0,False
机械设备,通用设备,仪器仪表,78,300553.SZ,集智股份,65.58,2.8741,59.07,2016-10-21,0,False
机械设备,通用设备,其他通用设备,79,603279.SS,景津装备,64.32,1.0883,11.16,2019-07-29,0,False
机械设备,通用设备,仪器仪表,80,301528.SZ,多浦乐,62.94,1.0914,70.12,2023-08-28,0,False
机械设备,通用设备,其他通用设备,81,300154.SZ,瑞凌股份,62.22,2.0116,13.84,2010-12-29,0,False
机械设备,通用设备,金属制品,82,000595.SZ,新能股份,61.94,1.5398,5.44,1996-04-19,0,False
机械设备,通用设备,金属制品,83,002132.SZ,恒星科技,60.27,3.7206,4.3,2007-04-27,0,False
机械设备,通用设备,机床工具,84,002559.SZ,亚威股份,58.35,1.6079,9.09,2011-03-03,0,False
机械设备,通用设备,金属制品,85,301137.SZ,哈焊华通,57.74,1.2274,31.76,2022-03-22,0,False
机械设备,通用设备,金属制品,86,301261.SZ,恒工精密,56.67,1.1931,53.73,2023-07-10,0,False
机械设备,通用设备,其他通用设备,87,300984.SZ,金沃股份,56.1,1.0176,29.15,2021-06-18,0,False
机械设备,通用设备,仪器仪表,88,300572.SZ,安车检测,54.8,1.3933,23.93,2016-12-06,0,False
机械设备,通用设备,仪器仪表,89,688115.SS,思林杰,54.57,1.202,58.47,2022-03-14,0,False
机械设备,通用设备,金属制品,90,601177.SS,杭齿前进,54.14,1.1572,13.28,2010-10-11,0,False
机械设备,通用设备,金属制品,91,002026.SZ,山东威达,52.95,1.8422,12.02,2004-07-27,0,False
机械设备,通用设备,金属制品,92,688379.SS,华光新材,52.93,2.2652,55.73,2020-08-19,0,False
机械设备,通用设备,其他通用设备,93,301468.SZ,博盈特焊,51.52,1.3081,30.46,2023-07-24,0,False
机械设备,通用设备,金属制品,94,301677.SZ,欣兴工具,49.08,1.188,49.08,2026-07-30,0,False
机械设备,通用设备,仪器仪表,95,688600.SS,皖仪科技,46.21,1.7356,34.300000000000004,2020-07-03,0,False
机械设备,通用设备,磨具磨料,96,300606.SZ,金太阳,46.01,2.4616,33.26,2017-02-08,0,False
机械设备,通用设备,仪器仪表,97,300259.SZ,新天科技,45.97,1.3062,3.98,2011-08-31,0,False
机械设备,通用设备,机床工具,98,002520.SZ,日发精机,45.46,1.8599,6.06,2010-12-10,0,False
机械设备,通用设备,制冷空调设备,99,603912.SS,佳力图,45.23,2.1033,8.34,2017-11-01,0,False
机械设备,通用设备,机床工具,100,002903.SZ,宇环数控,45.06,4.6319,28.95,2017-10-13,0,False
机械设备,通用设备,金属制品,101,002843.SZ,泰嘉股份,41.26,1.6849,16.39,2017-01-20,0,False
机械设备,通用设备,仪器仪表,102,301360.SZ,荣旗科技,41.03,1.6412,58.8,2023-04-25,0,False
机械设备,通用设备,其他通用设备,103,603090.SS,宏盛股份,39.62,2.872,39.62,2016-08-31,0,False
机械设备,通用设备,仪器仪表,104,002849.SZ,威星智能,39.03,1.4284,17.69,2017-02-17,0,False
机械设备,通用设备,制冷空调设备,105,603339.SS,四方科技,38.56,1.5499,12.46,2016-05-19,0,False
机械设备,通用设备,制冷空调设备,106,301399.SZ,英特科技,36.86,1.7314,19.92,2023-05-23,0,False
机械设备,通用设备,金属制品,107,301151.SZ,冠龙节能,35.34,1.3296,20.91,2022-04-11,0,False
机械设备,通用设备,制冷空调设备,108,002686.SZ,亿利达,34.94,1.7913,6.17,2012-07-03,0,False
机械设备,通用设备,金属制品,109,002795.SZ,永和智控,33.04,1.0747,7.48,2016-04-28,0,False
机械设备,通用设备,仪器仪表,110,300112.SZ,万讯自控,32.52,4.1443,10.16,2010-08-27,0,False
机械设备,通用设备,其他通用设备,111,300157.SZ,新锦动力,29.57,1.5056,3.85,2011-01-07,0,False
机械设备,通用设备,机床工具,112,002248.SZ,华东数控,28.35,2.2304,9.22,2008-06-12,0,False
机械设备,通用设备,金属制品,113,300828.SZ,锐新科技,27.96,1.1704,16.8,2020-04-21,0,False
机械设备,通用设备,金属制品,114,300780.SZ,德恩精工,27.37,1.036,18.66,2019-05-31,0,False
汽车,乘用车,电动乘用车,1,002594.SZ,比亚迪,7664.83,23.3548,84.07000000000001,2011-06-30,0,True
汽车,乘用车,综合乘用车,2,600104.SS,上汽集团,1284.02,6.3134,11.17,1997-11-25,0,True
汽车,乘用车,综合乘用车,3,601633.SS,长城汽车,1224.15,1.9889,14.27,2011-09-28,0,True
汽车,乘用车,电动乘用车,4,601127.SS,赛力斯,789.12,9.043,45.3,2016-06-15,0,True
汽车,乘用车,综合乘用车,5,000625.SZ,长安汽车,701.83,2.9019,7.08,1997-06-10,0,True
汽车,乘用车,综合乘用车,6,601238.SS,广汽集团,519.03,1.7327,5.09,2012-03-29,0,False
汽车,乘用车,电动乘用车,7,600733.SS,北汽蓝谷,285.25,3.6148,4.48,1996-08-16,0,False
汽车,乘用车,综合乘用车,8,000572.SZ,海马汽车,66.11,2.3191,4.0200000000000005,1994-08-08,0,False
汽车,商用车,商用载客车,1,600066.SS,宇通客车,587.8,4.6782,26.55,1997-05-08,0,False
汽车,商用车,商用载货车,2,600418.SS,江淮汽车,435.06,12.3497,19.3,2001-08-24,0,True
汽车,商用车,商用载货车,3,000951.SZ,中国重汽,239.99,2.8129,20.53,1999-11-25,0,False
汽车,商用车,商用载货车,4,600166.SS,福田汽车,220.1,3.0004,2.78,1998-06-02,0,False
汽车,商用车,商用载货车,5,301039.SZ,中集车辆,136.44,1.0379,7.28,2021-07-08,0,False
汽车,商用车,商用载客车,6,600686.SS,金龙汽车,77.23,1.7083,10.77,1993-11-08,0,False
汽车,商用车,商用载客车,7,000957.SZ,中通客车,58.22,1.4394,9.82,2000-01-13,0,False
汽车,摩托车及其他,摩托车,1,603129.SS,春风动力,456.38,3.3617,297.35,2017-08-18,0,False
汽车,摩托车及其他,摩托车,2,601777.SS,千里科技,357.17,1.475,7.9,2010-11-25,0,False
汽车,摩托车及其他,摩托车,3,603766.SS,隆鑫通用,300.43,2.1437,14.63,2012-08-10,0,False
汽车,摩托车及其他,其他运输设备,4,689009.SS,九号公司-WD,268.58,3.6368,36.5,2020-10-29,0,True
汽车,摩托车及其他,摩托车,5,301345.SZ,涛涛车业,259.66,2.0819,238.11,2023-03-21,0,False
汽车,摩托车及其他,其他运输设备,6,603529.SS,爱玛科技,184.86,1.1475,21.39,2021-06-15,0,False
汽车,摩托车及其他,摩托车,7,003033.SZ,征和工业,66.03,1.2229,80.77,2021-01-11,0,False
汽车,摩托车及其他,其他运输设备,8,301322.SZ,绿通科技,61.77,1.7443,43.3,2023-03-06,0,False
汽车,汽车服务,汽车综合服务,1,300825.SZ,阿尔特,62.65,2.9396,12.66,2020-03-27,0,False
汽车,汽车零部件,底盘与发动机系统,1,000338.SZ,潍柴动力,2198.07,23.8855,25.44,2007-04-30,0,True
汽车,汽车零部件,车身附件及饰件,2,600660.SS,福耀玻璃,1417.61,5.2469,54.32,1993-06-10,0,False
汽车,汽车零部件,底盘与发动机系统,3,601689.SS,拓普集团,730.41,8.1858,42.03,2015-03-19,0,True
汽车,汽车零部件,车身附件及饰件,4,600741.SS,华域汽车,471.65,2.3223,14.96,1996-08-26,0,False
汽车,汽车零部件,轮胎轮毂,5,601058.SS,赛轮轮胎,447.51,5.7342,13.61,2011-06-30,0,False
汽车,汽车零部件,轮胎轮毂,6,603049.SS,中策橡胶,391.68,1.2411,44.79,2025-06-05,0,False
汽车,汽车零部件,底盘与发动机系统,7,000559.SZ,万向钱潮,341.48,2.7468,10.3,1994-01-10,0,False
汽车,汽车零部件,底盘与发动机系统,8,002126.SZ,银轮股份,325.35,6.2948,38.42,2007-04-18,0,False
汽车,汽车零部件,底盘与发动机系统,9,002536.SZ,飞龙股份,309.75,33.0588,53.89,2011-01-11,0,False
汽车,汽车零部件,底盘与发动机系统,10,002472.SZ,双环传动,303.11,7.5031,35.660000000000004,2010-09-10,0,True
汽车,汽车零部件,底盘与发动机系统,11,301550.SZ,斯菱智驱,291.72,8.4802,86.99,2023-09-15,0,False
汽车,汽车零部件,汽车电子电气系统,12,600699.SS,均胜电子,280.84,4.3305,18.11,1993-12-06,0,False
汽车,汽车零部件,底盘与发动机系统,13,000981.SZ,山子高科,276.93,8.5997,2.77,2000-06-22,0,False
汽车,汽车零部件,汽车电子电气系统,14,603179.SS,新泉股份,270.02,8.0416,36.73,2017-03-17,0,False
汽车,汽车零部件,车身附件及饰件,15,603306.SS,华懋科技,265.8,7.8482,80.67,2014-09-26,0,False
汽车,汽车零部件,其他汽车零部件,16,000887.SZ,中鼎股份,255.27,7.461,19.39,1998-12-03,0,False
汽车,汽车零部件,其他汽车零部件,17,603119.SS,浙江荣泰,252.74,5.2266,53.45,2023-08-01,0,False
汽车,汽车零部件,底盘与发动机系统,18,603596.SS,伯特利,251.16,5.6219,27.98,2018-04-27,0,False
汽车,汽车零部件,其他汽车零部件,19,603358.SS,华达科技,212.23,4.9503,45.18,2017-01-25,0,False
汽车,汽车零部件,底盘与发动机系统,20,002265.SZ,建设工业,207.12,4.4537,20.05,2008-08-06,0,False
汽车,汽车零部件,车身附件及饰件,21,603730.SS,岱美股份,204.12,1.7191,9.5,2017-07-28,0,False
汽车,汽车零部件,轮胎轮毂,22,002085.SZ,万丰奥威,203.84,1.8469,9.6,2006-11-28,0,False
汽车,汽车零部件,车身附件及饰件,23,601799.SS,星宇股份,203.6,4.3182,71.27,2011-02-01,0,False
汽车,汽车零部件,底盘与发动机系统,24,603950.SS,长源东谷,179.02,5.1616,55.23,2020-05-26,0,False
汽车,汽车零部件,底盘与发动机系统,25,000581.SZ,威孚高科,174.21,1.4145,18.02,1998-09-24,0,False
汽车,汽车零部件,汽车电子电气系统,26,688612.SS,威迈斯,150.7,1.9669,35.95,2023-07-26,0,False
汽车,汽车零部件,车身附件及饰件,27,603997.SS,继峰股份,150.13,1.9734,11.8,2015-03-02,0,False
汽车,汽车零部件,底盘与发动机系统,28,603009.SS,北特科技,148.84,3.2272,42.97,2014-07-18,0,False
汽车,汽车零部件,汽车电子电气系统,29,002906.SZ,华阳集团,141.68,2.7381,26.99,2017-10-13,0,False
汽车,汽车零部件,车身附件及饰件,30,002048.SZ,宁波华翔,140.43,2.5771,17.29,2005-06-03,0,False
汽车,汽车零部件,车身附件及饰件,31,301529.SZ,福赛科技,138.13,3.751,116.64,2023-09-11,0,False
汽车,汽车零部件,轮胎轮毂,32,300428.SZ,立中集团,135.47,1.3237,19.76,2015-03-19,0,False
汽车,汽车零部件,轮胎轮毂,33,002984.SZ,森麒麟,132.44,1.3013,12.78,2020-09-11,0,False
汽车,汽车零部件,其他汽车零部件,34,300969.SZ,恒帅股份,130.05,2.0263,79.24,2021-04-12,0,False
汽车,汽车零部件,底盘与发动机系统,35,002703.SZ,浙江世宝,126.6,9.5501,15.39,2012-11-02,0,False
汽车,汽车零部件,底盘与发动机系统,36,603305.SS,旭升集团,121.35,1.5174,10.5,2017-07-10,0,False
汽车,汽车零部件,其他汽车零部件,37,301005.SZ,超捷股份,118.81,4.9646,63.21,2021-06-01,0,False
汽车,汽车零部件,车身附件及饰件,38,300100.SZ,双林股份,115.86,1.1297,20.01,2010-08-06,0,False
汽车,汽车零部件,汽车电子电气系统,39,000901.SZ,航天科技,113.74,1.6948,14.25,1999-04-01,0,False
汽车,汽车零部件,汽车电子电气系统,40,300863.SZ,卡倍亿,108.74,2.4103,41.6,2020-08-24,0,False
汽车,汽车零部件,汽车电子电气系统,41,000980.SZ,众泰汽车,107.41,5.2225,2.13,2000-06-16,0,False
汽车,汽车零部件,汽车电子电气系统,42,603376.SS,大明电子,104.4,1.0154,26.1,2025-11-06,0,False
汽车,汽车零部件,车身附件及饰件,43,000700.SZ,模塑科技,102.27,4.6667,11.14,1997-02-28,0,False
汽车,汽车零部件,汽车电子电气系统,44,301607.SZ,富特科技,101.99,4.2221,43.56,2024-09-04,0,False
汽车,汽车零部件,汽车电子电气系统,45,301655.SZ,绿控传动,99.28,4.199,21.79,2026-08-20,0,False
汽车,汽车零部件,底盘与发动机系统,46,603319.SS,美湖股份,95.95,4.7025,28.29,2016-11-30,0,False
汽车,汽车零部件,汽车电子电气系统,47,301310.SZ,鑫宏业,95.56,3.132,50.04,2023-06-02,0,False
汽车,汽车零部件,汽车电子电气系统,48,300304.SZ,云意电气,95.1,2.0725,10.83,2012-03-21,0,False
汽车,汽车零部件,底盘与发动机系统,49,002708.SZ,光洋股份,94.1,5.7798,16.74,2014-01-21,0,False
汽车,汽车零部件,汽车电子电气系统,50,301488.SZ,豪恩汽电,92.0,1.1253,90.48,2023-07-04,0,False
汽车,汽车零部件,底盘与发动机系统,51,002283.SZ,天润工业,90.7,1.4305,7.96,2009-08-21,0,False
汽车,汽车零部件,底盘与发动机系统,52,300580.SZ,贝斯特,90.17,1.2434,17.95,2017-01-11,0,False
汽车,汽车零部件,其他汽车零部件,53,002190.SZ,成飞集成,87.92,3.0498,24.51,2007-12-03,0,False
汽车,汽车零部件,汽车电子电气系统,54,002239.SZ,奥特佳,87.49,1.2432,2.49,2008-05-22,0,False
汽车,汽车零部件,汽车电子电气系统,55,002937.SZ,兴瑞科技,85.89,2.5274,27.18,2018-09-26,0,False
汽车,汽车零部件,其他汽车零部件,56,301680.SZ,固德电材,85.38,1.3114,103.12,2026-03-06,0,False
汽车,汽车零部件,车身附件及饰件,57,002516.SZ,旷达科技,83.54,1.1757,5.68,2010-12-07,0,False
汽车,汽车零部件,其他汽车零部件,58,605319.SS,无锡振华,79.3,1.1983,22.65,2021-06-07,0,False
汽车,汽车零部件,底盘与发动机系统,59,301225.SZ,恒勃股份,79.19,1.8632,54.96,2023-06-16,0,False
汽车,汽车零部件,汽车电子电气系统,60,301631.SZ,壹连科技,76.89,1.9727,60.08,2024-11-22,0,False
汽车,汽车零部件,底盘与发动机系统,61,600698.SS,湖南天雁,74.91,4.2592,7.01,1993-12-06,0,False
汽车,汽车零部件,汽车电子电气系统,62,002870.SZ,香山股份,73.87,2.5973,48.36,2017-05-15,0,False
汽车,汽车零部件,其他汽车零部件,63,002965.SZ,祥鑫科技,73.8,3.2944,27.81,2019-10-25,0,False
汽车,汽车零部件,轮胎轮毂,64,002488.SZ,金固股份,73.46,1.3919,7.38,2010-10-21,0,False
汽车,汽车零部件,车身附件及饰件,65,605128.SS,上海沿浦,72.53,1.0469,23.1,2020-09-15,0,True
汽车,汽车零部件,底盘与发动机系统,66,002284.SZ,亚太股份,69.33,3.1407,9.38,2009-08-28,0,False
汽车,汽车零部件,车身附件及饰件,67,002537.SZ,海联金汇,68.09,2.783,5.8,2011-01-10,0,False
汽车,汽车零部件,底盘与发动机系统,68,605133.SS,嵘泰股份,66.75,1.2686,23.4,2021-02-24,0,False
汽车,汽车零部件,底盘与发动机系统,69,002448.SZ,中原内配,65.55,2.1851,11.14,2010-07-16,0,False
汽车,汽车零部件,汽车电子电气系统,70,300681.SZ,英搏尔,62.92,1.7089,20.56,2017-07-25,0,False
汽车,汽车零部件,其他汽车零部件,71,002328.SZ,新朋股份,62.82,6.0581,8.14,2009-12-30,0,False
汽车,汽车零部件,其他汽车零部件,72,002997.SZ,瑞鹄模具,61.04,1.0363,29.16,2020-09-03,0,False
汽车,汽车零部件,底盘与发动机系统,73,300680.SZ,隆盛科技,56.71,1.0857,19.28,2017-07-25,0,False
汽车,汽车零部件,其他汽车零部件,74,002510.SZ,天汽模,56.44,1.1038,5.56,2010-11-25,0,False
汽车,汽车零部件,底盘与发动机系统,75,300547.SZ,川环科技,55.33,1.965,25.51,2016-09-30,0,False
汽车,汽车零部件,底盘与发动机系统,76,300611.SZ,美力科技,55.11,1.0248,26.11,2017-02-20,0,False
汽车,汽车零部件,其他汽车零部件,77,603211.SS,晋拓股份,54.06,1.1385,19.89,2022-07-25,0,False
汽车,汽车零部件,底盘与发动机系统,78,002553.SZ,南方精工,53.72,2.1128,15.2,2011-02-25,0,False
汽车,汽车零部件,其他汽车零部件,79,300473.SZ,德尔股份,52.39,2.1126,30.34,2015-06-12,0,False
汽车,汽车零部件,其他汽车零部件,80,002976.SZ,瑞玛精密,51.18,1.8131,26.3,2020-03-06,0,False
汽车,汽车零部件,底盘与发动机系统,81,603158.SS,腾龙股份,50.94,1.7201,10.38,2015-03-20,0,False
汽车,汽车零部件,底盘与发动机系统,82,603286.SS,日盈电子,48.91,1.8272,41.45,2017-06-27,0,False
汽车,汽车零部件,其他汽车零部件,83,300816.SZ,艾可蓝,47.67,3.1454,59.59,2020-02-10,0,False
汽车,汽车零部件,汽车电子电气系统,84,300745.SZ,欣锐科技,46.59,1.8065,27.64,2018-05-23,0,False
汽车,汽车零部件,底盘与发动机系统,85,603758.SS,秦安股份,45.35,2.2608,10.47,2017-05-17,0,False
汽车,汽车零部件,底盘与发动机系统,86,605088.SS,冠盛股份,44.44,1.9374,21.92,2020-08-17,0,False
汽车,汽车零部件,其他汽车零部件,87,300998.SZ,宁波方正,42.54,1.2284,31.01,2021-06-02,0,False
汽车,汽车零部件,底盘与发动机系统,88,603121.SS,华培动力,41.13,1.0407,12.15,2019-01-11,0,False
汽车,汽车零部件,底盘与发动机系统,89,000816.SZ,智慧农业,40.37,1.9863,2.79,1997-08-18,0,False
汽车,汽车零部件,底盘与发动机系统,90,000678.SZ,襄阳轴承,39.66,1.222,8.63,1997-01-06,0,False
汽车,汽车零部件,汽车电子电气系统,91,603390.SS,通达电气,38.12,1.3182,10.84,2019-11-25,0,False
汽车,汽车零部件,底盘与发动机系统,92,603178.SS,圣龙股份,36.41,1.5963,15.4,2017-03-28,0,False
汽车,汽车零部件,底盘与发动机系统,93,301119.SZ,正强股份,35.45,1.0556,24.35,2021-11-22,0,False
汽车,汽车零部件,汽车电子电气系统,94,002766.SZ,索菱股份,34.57,1.0308,4.02,2015-06-11,0,False
汽车,汽车零部件,车身附件及饰件,95,605068.SS,明新旭腾,31.13,1.2966,19.19,2020-11-23,0,False
汽车,汽车零部件,其他汽车零部件,96,002921.SZ,联诚精密,29.88,1.0731,20.06,2017-12-27,0,False
煤炭,焦炭,焦炭Ⅲ,1,000723.SZ,美锦能源,159.41,4.844,3.62,1997-05-15,0,True
煤炭,焦炭,焦炭Ⅲ,2,600740.SS,山西焦化,98.39,1.9121,3.84,1996-08-08,0,False
煤炭,焦炭,焦炭Ⅲ,3,601015.SS,陕西黑猫,74.14,3.9224,3.63,2014-11-05,0,False
煤炭,焦炭,焦炭Ⅲ,4,601011.SS,宝泰隆,56.32,2.9396,2.94,2011-03-09,0,False
煤炭,焦炭,焦炭Ⅲ,5,600792.SS,云煤能源,54.05,4.1086,4.87,1997-01-23,0,False
煤炭,焦炭,焦炭Ⅲ,6,600408.SS,安泰集团,31.01,1.9881,3.08,2003-02-12,0,False
煤炭,煤炭开采,动力煤,1,601088.SS,中国神华,10196.2,12.1549,47.01,2007-10-09,0,True
煤炭,煤炭开采,动力煤,2,601225.SS,陕西煤业,2497.43,9.6507,25.76,2014-01-28,0,True
煤炭,煤炭开采,动力煤,3,600188.SS,兖矿能源,2013.39,10.3538,20.06,1998-07-01,0,True
煤炭,煤炭开采,动力煤,4,601898.SS,中煤能源,1886.71,6.812,14.23,2008-02-01,0,True
煤炭,煤炭开采,动力煤,5,002128.SZ,电投能源,841.33,3.4201,26.91,2007-04-18,0,False
煤炭,煤炭开采,焦煤,6,601699.SS,潞安环能,466.66,5.2961,15.6,2006-09-22,0,True
煤炭,煤炭开采,焦煤,7,600985.SS,淮北矿业,447.08,4.9768,16.6,2004-04-28,0,True
煤炭,煤炭开采,焦煤,8,000983.SZ,山西焦煤,374.69,6.2613,6.6000000000000005,2000-07-26,0,True
煤炭,煤炭开采,焦煤,9,600157.SS,永泰能源,333.81,5.7399,1.53,1998-05-13,0,True
煤炭,煤炭开采,焦煤,10,600348.SS,华阳股份,330.45,3.2694,9.16,2003-08-21,0,True
煤炭,煤炭开采,动力煤,11,601001.SS,晋控煤业,283.52,4.1813,16.94,2006-06-23,0,True
煤炭,煤炭开采,动力煤,12,601918.SS,新集能源,271.23,4.1601,10.47,2007-12-19,0,False
煤炭,煤炭开采,动力煤,13,600546.SS,山煤国际,257.92,3.3417,13.01,2003-07-31,0,True
煤炭,煤炭开采,动力煤,14,600575.SS,淮河能源,235.07,1.3166,3.28,2003-03-28,0,False
煤炭,煤炭开采,焦煤,15,601666.SS,平煤股份,221.01,3.2996,8.950000000000001,2006-11-23,0,True
煤炭,煤炭开采,动力煤,16,601101.SS,昊华能源,188.06,5.6341,13.06,2010-03-31,0,False
煤炭,煤炭开采,焦煤,17,000937.SZ,冀中能源,172.97,2.2947,4.45,1999-09-09,0,True
煤炭,煤炭开采,动力煤,18,600397.SS,江钨装备,169.68,15.1381,17.14,2002-07-02,0,False
煤炭,煤炭开采,动力煤,19,600403.SS,大有能源,159.47,9.9889,6.67,2003-10-09,0,False
煤炭,煤炭开采,动力煤,20,000552.SZ,甘肃能化,133.8,2.3411,2.5,1994-01-06,0,False
煤炭,煤炭开采,焦煤,21,600395.SS,盘江股份,110.98,2.5597,5.17,2001-05-31,0,False
煤炭,煤炭开采,焦煤,22,600508.SS,上海能源,107.66,6.0403,10.64,2001-08-29,0,False
煤炭,煤炭开采,焦煤,23,600123.SS,兰花科创,103.13,1.7483,7.0,1998-12-17,0,False
煤炭,煤炭开采,动力煤,24,600971.SS,恒源煤电,102.96,1.9251,8.58,2004-08-17,0,True
煤炭,煤炭开采,动力煤,25,600121.SS,郑州煤电,59.21,9.0988,4.86,1998-01-07,0,False
煤炭,煤炭开采,动力煤,26,000571.SZ,新大洲A,51.69,1.1937,6.16,1994-05-25,0,False
煤炭,煤炭开采,焦煤,27,600758.SS,辽宁能源,48.78,3.1855,3.69,1996-10-29,0,False
环保,环保设备,环保设备Ⅲ,1,000967.SZ,盈峰环境,270.08,4.5526,8.040000000000001,2000-03-30,0,False
环保,环保设备,环保设备Ⅲ,2,600388.SS,紫金龙净,251.11,2.0021,17.78,2000-12-29,0,False
环保,环保设备,环保设备Ⅲ,3,002645.SZ,华宏科技,138.72,4.1131,18.42,2011-12-20,0,False
环保,环保设备,环保设备Ⅲ,4,688309.SS,恒誉科技,61.38,1.3549,77.3,2020-07-14,0,False
环保,环保设备,环保设备Ⅲ,5,000551.SZ,创元科技,58.9,1.4431,12.15,1994-01-06,0,False
环保,环保设备,环保设备Ⅲ,6,300137.SZ,先河环保,53.71,1.6938,10.01,2010-11-05,0,False
环保,环保设备,环保设备Ⅲ,7,301081.SZ,严牌股份,39.12,1.1234,16.740000000000002,2021-10-20,0,False
环保,环保设备,环保设备Ⅲ,8,300105.SZ,龙源技术,37.04,1.0977,7.18,2010-08-20,0,False
环保,环保设备,环保设备Ⅲ,9,000890.SZ,法尔胜,31.92,4.7174,7.61,1999-01-19,0,False
环保,环境治理,大气治理,1,600292.SS,电投水电,568.37,1.042,11.93,2000-11-01,0,False
环保,环境治理,固废治理,2,603568.SS,伟明环保,282.07,1.18,13.77,2015-05-28,0,False
环保,环境治理,固废治理,3,002266.SZ,浙富控股,250.53,3.066,4.8,2008-08-06,0,False
环保,环境治理,固废治理,4,603588.SS,高能环境,243.26,8.314,15.97,2014-12-29,0,True
环保,环境治理,固废治理,5,600323.SS,瀚蓝环境,241.42,1.2963,29.61,2000-12-25,0,False
环保,环境治理,水务及水治理,6,000598.SZ,兴蓉环境,210.97,1.2249,7.07,1996-05-29,0,False
环保,环境治理,水务及水治理,7,600008.SS,首创环保,201.87,1.9863,2.75,2000-04-27,0,False
环保,环境治理,水务及水治理,8,000685.SZ,中山公用,161.16,1.3785,10.98,1997-01-23,0,False
环保,环境治理,固废治理,9,300779.SZ,惠城环保,157.13,4.263,52.85,2019-05-22,0,False
环保,环境治理,综合环境治理,10,000711.SZ,京蓝科技,149.74,7.4332,5.07,1997-04-11,0,False
环保,环境治理,固废治理,11,301500.SZ,飞南资源,149.47,3.9664,26.64,2023-09-21,0,False
环保,环境治理,固废治理,12,601330.SS,绿色动力,118.15,1.4557,8.26,2018-06-11,0,False
环保,环境治理,固废治理,13,000035.SZ,中国天楹,115.82,1.3752,4.8500000000000005,1994-04-08,0,False
环保,环境治理,水务及水治理,14,301127.SZ,武汉天源,115.13,5.0224,17.080000000000002,2021-12-30,0,False
环保,环境治理,综合环境治理,15,600133.SS,东湖高新,83.7,1.0749,7.85,1998-02-12,0,False
环保,环境治理,水务及水治理,16,003039.SZ,顺控发展,77.31,1.6875,12.52,2021-03-08,0,False
环保,环境治理,固废治理,17,002034.SZ,旺能环境,74.25,1.1188,14.37,2004-08-26,0,False
环保,环境治理,水务及水治理,18,603200.SS,上海洗霸,71.0,4.4591,40.46,2017-06-01,0,False
环保,环境治理,固废治理,19,301265.SZ,华新科技,66.62,1.7725,21.99,2022-12-16,0,False
环保,环境治理,综合环境治理,20,603686.SS,福龙马,59.28,2.5838,14.27,2015-01-26,0,False
环保,环境治理,固废治理,21,301305.SZ,朗坤科技,59.11,1.5439,24.43,2023-05-23,0,False
环保,环境治理,固废治理,22,002210.SZ,飞马国际,58.01,1.2546,2.18,2008-01-30,0,False
环保,环境治理,水务及水治理,23,600769.SS,祥龙电业,56.36,1.6955,15.03,1996-11-01,0,False
环保,环境治理,固废治理,24,688679.SS,通源环境,54.94,1.7981,41.72,2020-12-25,0,False
环保,环境治理,固废治理,25,002973.SZ,侨银股份,53.98,1.178,13.21,2020-01-06,0,False
环保,环境治理,水务及水治理,26,300692.SZ,中赋科技,48.58,1.4649,8.64,2017-08-21,0,False
环保,环境治理,固废治理,27,300867.SZ,圣元环保,46.47,1.2561,17.1,2020-08-24,0,False
环保,环境治理,综合环境治理,28,301259.SZ,艾布鲁,44.97,1.0898,19.88,2022-04-26,0,False
环保,环境治理,水务及水治理,29,300774.SZ,倍杰特,41.08,1.2846,10.05,2021-08-04,0,False
环保,环境治理,综合环境治理,30,300864.SZ,南大环境,40.73,1.7859,25.6,2020-08-24,0,False
环保,环境治理,水务及水治理,31,603903.SS,中持股份,35.85,1.1853,14.04,2017-03-14,0,False
环保,环境治理,固废治理,32,001230.SZ,劲旅环境,34.16,1.6018,18.19,2022-07-15,0,False
环保,环境治理,水务及水治理,33,300961.SZ,深水海纳,21.24,1.6537,11.98,2021-03-30,0,False
电力设备,光伏设备,逆变器,1,300274.SZ,阳光电源,1759.53,46.0316,84.87,2011-11-02,0,True
电力设备,光伏设备,逆变器,2,605117.SS,德业股份,1084.96,10.8235,85.21000000000001,2021-04-20,0,True
电力设备,光伏设备,光伏电池组件,3,601012.SS,隆基绿能,834.35,7.5211,11.01,2012-04-11,0,True
电力设备,光伏设备,光伏加工设备,4,300751.SZ,迈为股份,547.96,14.1691,196.47,2018-11-09,0,True
电力设备,光伏设备,光伏加工设备,5,300316.SZ,晶盛机电,537.17,4.1116,41.02,2012-05-11,0,False
电力设备,光伏设备,硅料硅片,6,600438.SS,通威股份,504.67,3.884,11.21,2004-03-02,0,True
电力设备,光伏设备,光伏加工设备,7,688147.SS,微导纳米,498.14,10.3366,107.25,2022-12-23,0,False
电力设备,光伏设备,光伏电池组件,8,688223.SS,晶科能源,389.21,2.748,3.79,2022-01-26,0,True
电力设备,光伏设备,光伏辅材,9,603806.SS,福斯特,372.79,3.1268,14.29,2014-09-05,0,False
电力设备,光伏设备,硅料硅片,10,002129.SZ,TCL中环,356.2,6.6703,8.81,2007-04-20,0,True
电力设备,光伏设备,硅料硅片,11,688303.SS,大全能源,347.37,1.2478,16.29,2021-07-22,0,True
电力设备,光伏设备,光伏加工设备,12,300776.SZ,帝尔激光,333.72,7.2386,117.0,2019-05-17,0,True
电力设备,光伏设备,光伏电池组件,13,002056.SZ,横店东磁,320.3,3.7474,19.69,2006-08-02,0,False
电力设备,光伏设备,光伏电池组件,14,688472.SS,阿特斯,300.19,3.2953,8.24,2023-06-09,0,True
电力设备,光伏设备,光伏辅材,15,003022.SZ,联泓新科,262.57,1.312,19.66,2020-12-08,0,False
电力设备,光伏设备,光伏电池组件,16,688599.SS,天合光能,253.93,3.1018,10.84,2020-06-10,0,True
电力设备,光伏设备,逆变器,17,300763.SZ,锦浪科技,219.17,5.4451,55.25,2019-03-19,0,True
电力设备,光伏设备,光伏电池组件,18,002459.SZ,晶澳科技,218.77,2.0546,6.61,2010-08-10,0,False
电力设备,光伏设备,光伏辅材,19,601865.SS,福莱特,215.55,1.3239,9.2,2019-02-15,0,False
电力设备,光伏设备,光伏电池组件,20,600732.SS,爱旭股份,213.85,2.0647,10.11,1996-08-16,0,False
电力设备,光伏设备,光伏辅材,21,688503.SS,聚和材料,183.61,13.1598,75.86,2022-12-09,0,True
电力设备,光伏设备,光伏加工设备,22,300724.SZ,捷佳伟创,183.48,3.9943,52.68,2018-08-10,0,False
电力设备,光伏设备,光伏加工设备,23,688726.SS,拉普拉斯,167.72,2.5372,41.38,2024-10-29,0,False
电力设备,光伏设备,光伏电池组件,24,002506.SZ,协鑫集成,145.09,6.8339,2.48,2010-11-18,0,False
电力设备,光伏设备,逆变器,25,688390.SS,固德威,144.68,4.3689,59.51,2020-09-04,0,True
电力设备,光伏设备,光伏电池组件,26,600151.SS,航天机电,139.98,2.257,9.76,1998-06-05,0,False
电力设备,光伏设备,逆变器,27,300827.SZ,上能电气,134.89,2.2158,24.23,2020-04-10,0,False
电力设备,光伏设备,光伏加工设备,28,688516.SS,奥特维,131.63,3.3298,41.82,2020-05-21,0,True
电力设备,光伏设备,光伏电池组件,29,002865.SZ,钧达股份,116.88,2.4718,37.55,2017-04-25,0,False
电力设备,光伏设备,光伏电池组件,30,300093.SZ,金刚光伏,115.68,2.06,20.92,2010-07-08,0,False
电力设备,光伏设备,光伏电池组件,31,300118.SZ,东方日升,103.29,1.8938,9.06,2010-09-02,0,False
电力设备,光伏设备,硅料硅片,32,603185.SS,弘元绿能,95.7,1.0971,14.01,2018-12-28,0,False
电力设备,光伏设备,光伏辅材,33,300842.SZ,帝科股份,95.04,3.2081,65.42,2020-06-18,0,False
电力设备,光伏设备,硅料硅片,34,600481.SS,双良节能,85.46,1.444,4.14,2003-04-22,0,False
电力设备,光伏设备,光伏辅材,35,688598.SS,金博股份,72.01,5.2757,34.69,2020-05-18,0,False
电力设备,光伏设备,逆变器,36,688717.SS,艾罗能源,69.7,3.1345,43.56,2024-01-03,0,False
电力设备,光伏设备,光伏电池组件,37,300393.SZ,中来股份,64.72,1.0371,5.94,2014-09-12,0,False
电力设备,光伏设备,光伏加工设备,38,688556.SS,高测股份,63.72,1.5758,7.67,2020-08-07,0,False
电力设备,光伏设备,硅料硅片,39,300345.SZ,华民股份,42.03,4.2809,7.23,2012-08-01,0,False
电力设备,光伏设备,光伏加工设备,40,603396.SS,金辰股份,36.9,1.7477,26.64,2017-10-18,0,False
电力设备,光伏设备,光伏辅材,41,301266.SZ,宇邦新材,34.73,1.3808,24.29,2022-06-08,0,False
电力设备,光伏设备,光伏电池组件,42,300051.SZ,琏升科技,30.84,1.2189,8.290000000000001,2010-02-11,0,False
电力设备,其他电源设备,综合电力设备商,1,601727.SS,上海电气,999.23,3.0248,6.43,2008-12-05,0,False
电力设备,其他电源设备,综合电力设备商,2,600875.SS,东方电气,826.55,9.1978,23.9,1995-10-10,0,False
电力设备,其他电源设备,其他电源设备Ⅲ,3,600482.SS,中国动力,727.43,5.9003,32.07,2004-07-14,0,True
电力设备,其他电源设备,其他电源设备Ⅲ,4,002851.SZ,麦格米特,708.21,35.474,121.06,2017-03-06,0,True
电力设备,其他电源设备,其他电源设备Ⅲ,5,300870.SZ,欧陆通,312.06,12.7834,204.44,2020-08-24,0,True
电力设备,其他电源设备,其他电源设备Ⅲ,6,688411.SS,海博思创,296.64,4.0103,162.58,2025-01-27,0,False
电力设备,其他电源设备,其他电源设备Ⅲ,7,002335.SZ,科华数据,219.99,4.2607,29.16,2010-01-13,0,False
电力设备,其他电源设备,其他电源设备Ⅲ,8,002518.SZ,科士达,213.85,6.3293,36.73,2010-12-07,0,False
电力设备,其他电源设备,其他电源设备Ⅲ,9,002364.SZ,中恒电气,201.7,10.7204,35.79,2010-03-05,0,False
电力设备,其他电源设备,其他电源设备Ⅲ,10,300593.SZ,新雷能,172.13,7.2489,31.73,2017-01-13,0,False
电力设备,其他电源设备,其他电源设备Ⅲ,11,300820.SZ,英杰电气,150.1,2.917,67.55,2020-02-13,0,False
电力设备,其他电源设备,火电设备,12,002534.SZ,西子洁能,128.73,1.6786,15.4,2011-01-10,0,False
电力设备,其他电源设备,其他电源设备Ⅲ,13,300693.SZ,盛弘股份,119.86,3.7794,38.32,2017-08-22,0,True
电力设备,其他电源设备,其他电源设备Ⅲ,14,002366.SZ,融发核电,119.24,2.9094,5.73,2010-03-12,0,False
电力设备,其他电源设备,其他电源设备Ⅲ,15,300153.SZ,科泰电源,81.06,3.3037,25.33,2010-12-29,0,False
电力设备,其他电源设备,其他电源设备Ⅲ,16,688719.SS,爱科赛博,62.67,2.4804,54.31,2023-09-28,0,False
电力设备,其他电源设备,其他电源设备Ⅲ,17,300491.SZ,通合科技,61.85,3.7833,34.81,2015-12-31,0,False
电力设备,其他电源设备,其他电源设备Ⅲ,18,301516.SZ,中远通,54.74,3.256,19.5,2023-12-08,0,False
电力设备,其他电源设备,其他电源设备Ⅲ,19,688551.SS,科威尔,43.53,1.5357,39.94,2020-09-10,0,False
电力设备,电机,电机Ⅲ,1,600580.SS,卧龙电驱,415.84,8.3331,26.62,2002-06-06,0,False
电力设备,电机,电机Ⅲ,2,301696.SZ,三瑞智能,370.41,1.3869,92.6,2026-04-10,0,False
电力设备,电机,电机Ⅲ,3,603728.SS,鸣志电器,198.63,3.1298,47.42,2017-05-09,0,True
电力设备,电机,电机Ⅲ,4,003021.SZ,兆威机电,178.43,2.5394,66.69,2020-12-04,0,False
电力设备,电机,电机Ⅲ,5,002249.SZ,大洋电机,156.65,2.2826,6.33,2008-06-19,0,False
电力设备,电机,电机Ⅲ,6,002176.SZ,江特电机,146.22,5.1467,8.59,2007-10-12,0,True
电力设备,电机,电机Ⅲ,7,300660.SZ,江苏雷利,134.22,1.128,23.09,2017-06-02,0,True
电力设备,电机,电机Ⅲ,8,600416.SS,湘电股份,125.59,1.1121,8.51,2002-07-18,0,False
电力设备,电机,电机Ⅲ,9,300907.SZ,康平科技,51.49,1.6882,53.64,2020-11-18,0,False
电力设备,电机,电机Ⅲ,10,002196.SZ,方正电机,48.89,2.3144,9.86,2007-12-12,0,False
电力设备,电机,电机Ⅲ,11,300626.SZ,华瑞股份,48.85,1.6467,27.14,2017-03-20,0,False
电力设备,电机,电机Ⅲ,12,603988.SS,中电电机,43.28,1.1267,18.4,2014-11-04,0,False
电力设备,电机,电机Ⅲ,13,603819.SS,神力股份,34.18,1.0485,15.7,2016-11-25,0,False
电力设备,电池,锂电池,1,300750.SZ,宁德时代,14091.32,101.5824,304.53000000000003,2018-06-11,0,True
电力设备,电池,锂电池,2,300014.SZ,亿纬锂能,1059.48,15.0123,48.75,2009-10-30,0,True
电力设备,电池,锂电池,3,301217.SZ,铜冠铜箔,946.82,34.1386,114.21,2022-01-27,0,True
电力设备,电池,锂电池,4,301511.SZ,德福科技,699.66,34.6233,111.0,2023-08-17,0,True
电力设备,电池,电池化学品,5,002709.SZ,天赐材料,674.15,14.9233,33.07,2014-01-23,0,True
电力设备,电池,电池化学品,6,300037.SZ,新宙邦,555.77,9.805,73.72,2010-01-08,0,False
电力设备,电池,锂电专用设备,7,300450.SZ,先导智能,530.06,9.0694,31.66,2015-05-18,0,True
电力设备,电池,锂电池,8,002850.SZ,科达利,481.87,5.2692,168.29,2017-03-02,0,True
电力设备,电池,电池化学品,9,603659.SS,璞泰来,479.87,5.3943,22.38,2017-11-03,0,False
电力设备,电池,锂电池,10,002074.SZ,国轩高科,474.37,5.1591,26.14,2006-10-18,0,True
电力设备,电池,电池化学品,11,002812.SZ,恩捷股份,470.15,8.3939,47.91,2016-09-14,0,True
电力设备,电池,电池化学品,12,301358.SZ,湖南裕能,455.99,10.4455,53.79,2023-02-09,0,True
电力设备,电池,电池化学品,13,300390.SZ,天华新能,434.98,18.2442,52.36,2014-07-31,0,True
电力设备,电池,电池化学品,14,300919.SZ,中伟新材,395.43,3.7431,37.86,2020-12-23,0,False
电力设备,电池,锂电池,15,300207.SZ,欣旺达,365.24,8.6305,19.77,2011-04-21,0,True
电力设备,电池,电池化学品,16,002340.SZ,格林美,318.39,4.0068,6.24,2010-01-22,0,True
电力设备,电池,锂电池,17,002245.SZ,蔚蓝锂芯,311.42,8.9131,18.21,2008-06-05,0,False
电力设备,电池,锂电池,18,300438.SZ,鹏辉能源,259.98,9.1826,51.65,2015-04-24,0,False
电力设备,电池,电池化学品,19,600884.SS,杉杉股份,251.06,3.5384,11.18,1996-01-30,0,False
电力设备,电池,电池化学品,20,300432.SZ,富临精工,233.04,4.6966,13.63,2015-03-19,0,True
电力设备,电池,电池化学品,21,300568.SZ,星源材质,230.86,8.6188,15.44,2016-12-01,0,False
电力设备,电池,电池化学品,22,688778.SS,XD厦钨新,229.43,2.7808,45.46,2021-08-05,0,True
电力设备,电池,锂电池,23,300953.SZ,震裕科技,227.13,4.397,92.65,2021-03-18,0,False
电力设备,电池,电池化学品,24,300073.SZ,当升科技,210.8,4.2722,38.73,2010-04-27,0,False
电力设备,电池,锂电池,25,600110.SS,诺德股份,209.61,21.0135,12.08,1997-10-07,0,False
电力设备,电池,锂电专用设备,26,688392.SS,骄成超声,196.99,6.3441,170.21,2022-09-27,0,True
电力设备,电池,锂电池,27,688388.SS,嘉元科技,191.11,8.3978,28.96,2019-07-22,0,True
电力设备,电池,电池化学品,28,001301.SZ,尚太科技,187.05,3.5056,51.3,2022-12-28,0,False
电力设备,电池,电池化学品,29,000009.SZ,中国宝安,179.26,1.1077,6.95,1991-06-25,0,False
电力设备,电池,电池化学品,30,688005.SS,容百科技,171.94,2.2864,24.06,2019-07-22,0,True
电力设备,电池,蓄电池及其他电池,31,603031.SS,安孚科技,161.35,4.2132,43.16,2016-08-22,0,False
电力设备,电池,锂电池,32,688772.SS,珠海冠宇,157.42,3.5746,13.83,2021-10-15,0,False
电力设备,电池,电池化学品,33,688779.SS,五矿新能,150.29,1.5172,7.79,2021-08-11,0,False
电力设备,电池,电池化学品,34,603906.SS,龙蟠科技,145.25,2.9943,18.36,2017-04-10,0,False
电力设备,电池,电池化学品,35,603026.SS,石大胜华,144.25,3.8048,61.99,2015-05-29,0,True
电力设备,电池,电池化学品,36,688353.SS,华盛锂电,142.08,3.7226,89.08,2022-07-13,0,False
电力设备,电池,电池化学品,37,301292.SZ,海科新源,141.92,4.2367,63.7,2023-07-07,0,False
电力设备,电池,锂电专用设备,38,301599.SZ,理奇智能,138.46,1.2972,32.08,2026-04-30,0,False
电力设备,电池,锂电专用设备,39,300457.SZ,赢合科技,136.11,2.3593,21.1,2015-05-14,0,False
电力设备,电池,电池化学品,40,300409.SZ,道氏技术,134.23,2.3026,17.16,2014-12-03,0,False
电力设备,电池,锂电池,41,301150.SZ,中一科技,131.76,5.8416,40.68,2022-04-21,0,False
电力设备,电池,锂电专用设备,42,688006.SS,杭可科技,124.48,2.0174,20.62,2019-07-22,0,False
电力设备,电池,电池化学品,43,688116.SS,天奈科技,123.34,2.0949,33.65,2019-09-25,0,False
电力设备,电池,电池化学品,44,301238.SZ,瑞泰新材,118.95,1.3977,16.22,2022-06-17,0,False
电力设备,电池,电池化学品,45,300769.SZ,德方纳米,116.61,4.2205,41.62,2019-04-15,0,False
电力设备,电池,锂电池,46,688063.SS,派能科技,101.53,1.968,41.38,2020-12-30,0,False
电力设备,电池,蓄电池及其他电池,47,002580.SZ,圣阳股份,87.23,14.6031,19.22,2011-05-06,0,False
电力设备,电池,电池化学品,48,688275.SS,万润新能,86.87,3.2967,68.88,2022-09-29,0,True
电力设备,电池,锂电池,49,000049.SZ,德赛电池,85.74,1.2036,22.29,1995-03-20,0,False
电力设备,电池,电池化学品,50,300035.SZ,中科电气,85.4,1.9767,12.46,2009-12-25,0,False
电力设备,电池,电池化学品,51,002079.SZ,苏州固锝,82.76,1.8913,9.11,2006-11-16,0,False
电力设备,电池,锂电专用设备,52,301662.SZ,宏工科技,79.78,2.9842,68.78,2025-04-17,0,False
电力设备,电池,电池化学品,53,002125.SZ,湘潭电化,76.24,2.3131,12.11,2007-04-03,0,True
电力设备,电池,电池化学品,54,301487.SZ,盟固利,74.14,1.9139,16.13,2023-08-09,0,False
电力设备,电池,蓄电池及其他电池,55,002733.SZ,雄韬股份,69.5,1.8556,18.09,2014-12-03,0,False
电力设备,电池,锂电专用设备,56,688155.SS,先惠技术,69.4,1.7012,54.49,2020-08-11,0,False
电力设备,电池,电池化学品,57,301349.SZ,信德新材,65.45,1.5684,45.93,2022-09-09,0,False
电力设备,电池,锂电专用设备,58,300128.SZ,锦富技术,63.92,1.8472,4.92,2010-10-13,0,False
电力设备,电池,锂电池,59,001283.SZ,豪鹏科技,62.19,1.6795,47.96,2022-09-05,0,False
电力设备,电池,锂电专用设备,60,300619.SZ,金银河,60.01,1.6481,26.53,2017-03-01,0,False
电力设备,电池,锂电专用设备,61,688499.SS,利元亨,59.66,1.267,35.36,2021-07-01,0,False
电力设备,电池,电池化学品,62,688733.SS,壹石通,57.54,1.4149,28.8,2021-08-17,0,False
电力设备,电池,电池化学品,63,002805.SZ,丰元股份,47.55,1.8383,16.98,2016-07-07,0,False
电力设备,电池,锂电专用设备,64,603032.SS,德新科技,44.03,1.7256,18.88,2017-01-05,0,False
电力设备,电池,锂电池,65,600152.SS,维科技术,42.86,1.1826,8.1,1998-06-09,0,False
电力设备,电池,锂电专用设备,66,300490.SZ,华自科技,42.7,1.3059,10.71,2015-12-31,0,False
电力设备,电池,锂电专用设备,67,300410.SZ,正业科技,32.45,1.5302,8.84,2014-12-31,0,False
电力设备,电池,电池化学品,68,300890.SZ,翔丰华,31.71,1.3497,26.52,2020-09-17,0,False
电力设备,电池,电池化学品,69,000695.SZ,滨海能源,30.41,1.4156,13.12,1997-02-18,0,False
电力设备,电池,电池化学品,70,301152.SZ,天力锂能,25.67,2.0738,21.62,2022-08-29,0,False
电力设备,电网设备,电网自动化设备,1,600406.SS,国电南瑞,1766.99,6.9223,22.0,2003-10-16,0,True
电力设备,电网设备,输变电设备,2,002028.SZ,思源电气,1057.49,17.9817,135.13,2004-08-05,0,True
电力设备,电网设备,输变电设备,3,600089.SS,特变电工,916.58,10.8258,18.14,1997-06-18,0,True
电力设备,电网设备,输变电设备,4,601179.SS,中国西电,623.82,7.7806,12.17,2010-01-28,0,True
电力设备,电网设备,电网自动化设备,5,600885.SS,宏发股份,533.15,4.6168,34.45,1996-02-05,0,True
电力设备,电网设备,配电设备,6,601877.SS,正泰电器,531.44,5.4788,24.73,2010-01-21,0,True
电力设备,电网设备,线缆部件及其他,7,600869.SS,远东股份,489.15,55.5313,22.04,1995-02-06,0,True
电力设备,电网设备,输变电设备,8,300001.SZ,特锐德,339.71,4.0032,32.19,2009-10-30,0,True
电力设备,电网设备,电网自动化设备,9,601126.SS,四方股份,332.07,9.4316,39.86,2010-12-31,0,True
电力设备,电网设备,线缆部件及其他,10,603606.SS,东方电缆,298.17,5.4834,36.15,2014-10-15,0,True
电力设备,电网设备,输变电设备,11,688676.SS,金盘科技,294.17,9.855,63.98,2021-03-09,0,True
电力设备,电网设备,线缆部件及其他,12,603618.SS,杭电股份,282.08,39.348,40.8,2015-02-17,0,False
电力设备,电网设备,电网自动化设备,13,688248.SS,南网科技,273.71,1.9708,48.47,2021-12-22,0,False
电力设备,电网设备,输变电设备,14,600312.SS,平高电气,259.58,3.5523,19.13,2001-02-21,0,False
电力设备,电网设备,电工仪器仪表,15,002980.SZ,华盛昌,224.25,12.8307,119.02,2020-04-15,0,True
电力设备,电网设备,线缆部件及其他,16,002498.SZ,汉缆股份,219.9,5.9948,6.61,2010-11-09,0,False
电力设备,电网设备,电网自动化设备,17,000400.SZ,许继电气,207.6,2.617,20.38,1997-04-18,0,False
电力设备,电网设备,配电设备,18,601567.SS,三星电气,201.51,2.4066,14.34,2011-06-15,0,False
电力设备,电网设备,输变电设备,19,600550.SS,保变电气,197.41,1.9182,10.72,2001-02-28,0,False
电力设备,电网设备,线缆部件及其他,20,603530.SS,神马电力,192.45,2.283,44.61,2019-08-05,0,False
电力设备,电网设备,线缆部件及其他,21,600577.SS,精达股份,180.11,5.3394,8.07,2002-09-11,0,True
电力设备,电网设备,输变电设备,22,002270.SZ,华明装备,163.29,1.9945,18.22,2008-09-05,0,False
电力设备,电网设备,线缆部件及其他,23,605196.SS,华通线缆,157.53,4.0002,30.83,2021-05-11,0,False
电力设备,电网设备,电网自动化设备,24,000682.SZ,东方电子,144.13,1.0347,10.75,1997-01-21,0,False
电力设备,电网设备,电工仪器仪表,25,603556.SS,海兴电力,110.72,1.5397,22.77,2016-11-10,0,False
电力设备,电网设备,电网自动化设备,26,688663.SS,新风光,110.1,1.3784,55.82,2021-04-13,0,False
电力设备,电网设备,配电设备,27,301291.SZ,明阳电气,106.5,2.0722,33.86,2023-06-30,0,False
电力设备,电网设备,电网自动化设备,28,600268.SS,国电南自,105.93,1.075,10.43,1999-11-18,0,False
电力设备,电网设备,线缆部件及其他,29,002882.SZ,金龙羽,102.6,3.6458,23.7,2017-07-17,0,False
电力设备,电网设备,线缆部件及其他,30,002276.SZ,万马股份,102.02,1.2025,10.09,2009-07-10,0,False
电力设备,电网设备,电网自动化设备,31,002169.SZ,智光电气,101.05,2.3086,12.91,2007-09-19,0,False
电力设备,电网设备,配电设备,32,002706.SZ,良信股份,99.28,2.8146,8.84,2014-01-21,0,False
电力设备,电网设备,线缆部件及其他,33,605222.SS,起帆电缆,94.39,1.8043,22.86,2020-07-31,0,False
电力设备,电网设备,线缆部件及其他,34,002309.SZ,中利集团,89.63,2.4634,2.98,2009-11-27,0,False
电力设备,电网设备,线缆部件及其他,35,001208.SZ,华菱线缆,89.56,1.7699,14.03,2021-06-24,0,False
电力设备,电网设备,线缆部件及其他,36,600973.SS,宝胜股份,83.79,1.0036,6.11,2004-08-02,0,False
电力设备,电网设备,电网自动化设备,37,301179.SZ,泽宇智能,82.98,1.207,20.52,2021-12-08,0,False
电力设备,电网设备,配电设备,38,002346.SZ,柘中股份,82.18,2.1121,18.61,2010-01-28,0,False
电力设备,电网设备,电工仪器仪表,39,002121.SZ,科陆电子,80.95,1.4698,4.84,2007-03-06,0,False
电力设备,电网设备,电网自动化设备,40,300222.SZ,科大智能,78.46,1.4524,10.03,2011-05-25,0,False
电力设备,电网设备,配电设备,41,002350.SZ,北京科锐,78.26,1.1979,14.43,2010-02-03,0,False
电力设备,电网设备,输变电设备,42,000533.SZ,顺钠股份,77.23,6.8061,11.18,1994-01-03,0,False
电力设备,电网设备,线缆部件及其他,43,002471.SZ,中超控股,75.56,2.4494,5.5200000000000005,2010-09-10,0,False
电力设备,电网设备,输变电设备,44,002452.SZ,长高电气,73.57,1.6629,11.86,2010-07-20,0,False
电力设备,电网设备,输变电设备,45,300444.SZ,双杰电气,72.34,2.4761,8.99,2015-04-23,0,False
电力设备,电网设备,配电设备,46,300283.SZ,温州宏丰,71.96,4.1371,14.48,2012-01-10,0,False
电力设备,电网设备,线缆部件及其他,47,601700.SS,风范股份,69.92,10.8619,6.140000000000001,2011-01-18,0,False
电力设备,电网设备,线缆部件及其他,48,603333.SS,福华尚纬,69.82,1.9303,9.37,2012-05-07,0,False
电力设备,电网设备,配电设备,49,600468.SS,百利电气,69.62,2.3993,6.4,2001-06-15,0,False
电力设备,电网设备,电网自动化设备,50,688191.SS,智洋创新,65.34,1.1588,19.92,2021-04-08,0,False
电力设备,电网设备,线缆部件及其他,51,300265.SZ,通光线缆,64.44,2.5735,13.78,2011-09-16,0,False
电力设备,电网设备,输变电设备,52,600525.SS,长园集团,62.91,1.147,4.7700000000000005,2002-12-02,0,False
电力设备,电网设备,线缆部件及其他,53,603897.SS,长城科技,61.37,3.5209,29.73,2018-04-10,0,False
电力设备,电网设备,线缆部件及其他,54,002300.SZ,太阳电缆,60.53,3.6253,8.38,2009-10-21,0,False
电力设备,电网设备,输变电设备,55,300617.SZ,安靠智电,58.81,1.4623,35.49,2017-02-28,0,False
电力设备,电网设备,电网自动化设备,56,300018.SZ,中元股份,56.79,1.2194,11.62,2009-10-30,0,False
电力设备,电网设备,线缆部件及其他,57,688226.SS,XD威腾电,56.26,1.4835,28.69,2021-07-07,0,True
电力设备,电网设备,线缆部件及其他,58,301439.SZ,泓淋电力,55.99,1.2024,14.39,2023-03-17,0,False
电力设备,电网设备,线缆部件及其他,59,002606.SZ,大连电瓷,55.15,1.8949,12.56,2011-08-05,0,False
电力设备,电网设备,线缆部件及其他,60,002560.SZ,通达股份,54.34,2.8095,7.390000000000001,2011-03-03,0,False
电力设备,电网设备,线缆部件及其他,61,000720.SZ,新能泰山,52.4,1.3846,4.17,1997-05-09,0,False
电力设备,电网设备,线缆部件及其他,62,002953.SZ,日丰股份,51.71,2.6398,10.52,2019-05-09,0,False
电力设备,电网设备,电网自动化设备,63,001388.SZ,信通电子,47.92,1.1918,20.5,2025-07-01,0,False
电力设备,电网设备,配电设备,64,300932.SZ,三友联众,47.86,1.3268,10.68,2021-01-22,0,False
电力设备,电网设备,输变电设备,65,603191.SS,望变电气,46.44,2.1316,13.29,2022-04-28,0,False
电力设备,电网设备,输变电设备,66,600379.SS,宝光股份,45.24,2.3932,13.7,2002-01-16,0,False
电力设备,电网设备,输变电设备,67,301012.SZ,扬电科技,43.67,1.6343,22.17,2021-06-22,0,False
电力设备,电网设备,输变电设备,68,002112.SZ,三变科技,42.74,1.6602,14.53,2007-02-08,0,False
电力设备,电网设备,输变电设备,69,300062.SZ,中能电气,42.08,1.5173,6.68,2010-03-19,0,False
电力设备,电网设备,配电设备,70,603016.SS,新宏泰,40.95,1.7185,27.64,2016-07-01,0,False
电力设备,电网设备,配电设备,71,002927.SZ,泰永长征,40.15,1.1408,17.990000000000002,2018-02-23,0,False
电力设备,电网设备,输变电设备,72,301002.SZ,崧盛股份,36.39,1.267,26.97,2021-06-07,0,False
电力设备,电网设备,电网自动化设备,73,300427.SZ,红相股份,34.88,2.0217,6.86,2015-02-17,0,False
电力设备,电网设备,输变电设备,74,600192.SS,长城电工,34.24,1.3906,7.75,1998-12-24,0,False
电力设备,电网设备,线缆部件及其他,75,002451.SZ,摩恩电气,33.44,1.7889,7.6,2010-07-20,0,False
电力设备,电网设备,线缆部件及其他,76,002879.SZ,长缆科技,31.79,1.2495,16.46,2017-07-07,0,False
电力设备,电网设备,线缆部件及其他,77,300069.SZ,金利华电,28.9,2.4295,24.7,2010-04-21,0,False
电力设备,风电设备,风电整机,1,002202.SZ,金风科技,772.95,19.3554,18.3,2007-12-26,0,True
电力设备,风电设备,风电零部件,2,002487.SZ,大金重工,290.34,11.8649,39.23,2010-10-15,0,False
电力设备,风电设备,风电整机,3,601615.SS,明阳智能,218.01,4.4065,9.64,2019-01-23,0,False
电力设备,风电设备,风电零部件,4,002531.SZ,天顺风能,141.59,4.4439,7.88,2010-12-31,0,False
电力设备,风电设备,风电零部件,5,603063.SS,禾望电气,140.68,5.0564,30.31,2017-07-28,0,False
电力设备,风电设备,风电零部件,6,600072.SS,中船科技,132.66,1.6132,8.84,1997-06-03,0,True
电力设备,风电设备,风电零部件,7,300850.SZ,新强联,120.87,4.0601,29.19,2020-07-13,0,False
电力设备,风电设备,风电整机,8,688660.SS,电气风电,119.73,2.6493,8.98,2021-05-19,0,False
电力设备,风电设备,风电零部件,9,300185.SZ,通裕重工,113.01,1.668,2.8000000000000003,2011-03-08,0,False
电力设备,风电设备,风电零部件,10,301232.SZ,飞沃科技,95.99,4.2569,91.17,2023-06-15,0,False
电力设备,风电设备,风电零部件,11,301155.SZ,海力风电,92.2,1.7301,42.41,2021-11-24,0,False
电力设备,风电设备,风电零部件,12,300129.SZ,泰胜风能,83.16,1.2848,7.5,2010-10-19,0,False
电力设备,风电设备,风电零部件,13,603985.SS,恒润股份,74.55,1.4998,16.91,2017-05-05,0,False
电力设备,风电设备,风电整机,14,300772.SZ,运达股份,72.86,1.5371,9.26,2019-04-26,0,False
电力设备,风电设备,风电零部件,15,603507.SS,振江股份,55.72,1.3359,23.32,2017-11-06,0,False
电力设备,风电设备,风电零部件,16,601218.SS,吉鑫科技,52.13,1.7747,5.38,2011-05-06,0,False
电力设备,风电设备,风电零部件,17,300690.SZ,双一科技,38.91,1.5201,23.53,2017-08-08,0,False
电子,元件,印制电路板,1,600183.SS,生益科技,3738.24,102.1299,153.9,1998-10-28,0,True
电子,元件,印制电路板,2,002384.SZ,东山精密,3508.81,111.2148,191.57,2010-04-09,0,True
电子,元件,印制电路板,3,002916.SZ,深南电路,2669.22,28.5874,391.86,2017-12-13,0,True
电子,元件,被动元件,4,300408.SZ,三环集团,2576.77,53.8589,129.05,2014-12-03,0,True
电子,元件,印制电路板,5,002463.SZ,沪电股份,2452.79,57.3013,127.46,2010-08-18,0,True
电子,元件,印制电路板,6,300476.SZ,胜宏科技,2257.55,62.8199,229.71,2015-06-11,0,True
电子,元件,印制电路板,7,002938.SZ,鹏鼎控股,2075.35,18.5505,89.55,2018-09-18,0,True
电子,元件,印制电路板,8,001232.SZ,嘉立创,1071.51,9.3904,192.87,2026-08-04,0,False
电子,元件,印制电路板,9,603228.SS,景旺电子,1054.56,38.4451,105.32,2017-01-06,0,False
电子,元件,印制电路板,10,688183.SS,生益电子,1038.28,23.2867,123.96,2021-02-25,0,True
电子,元件,印制电路板,11,001389.SZ,广合科技,813.65,9.6912,172.12,2024-04-02,0,False
电子,元件,印制电路板,12,688519.SS,南亚新材,807.61,18.0012,343.40000000000003,2020-08-18,0,True
电子,元件,印制电路板,13,002436.SZ,兴森科技,721.85,46.5467,42.47,2010-06-18,0,True
电子,元件,印制电路板,14,603459.SS,红板科技,689.08,9.5974,91.42,2026-04-08,0,False
电子,元件,被动元件,15,000636.SZ,风华高科,670.13,64.1555,58.4,1996-11-29,0,True
电子,元件,印制电路板,16,600601.SS,方正科技,641.49,27.4884,15.01,1990-12-19,0,False
电子,元件,印制电路板,17,002636.SZ,金安国纪,594.27,44.0397,81.63,2011-11-25,0,True
电子,元件,被动元件,18,002484.SZ,江海股份,507.51,25.2882,59.67,2010-09-29,0,False
电子,元件,印制电路板,19,300903.SZ,科翔股份,486.76,23.2227,111.8,2020-11-05,0,False
电子,元件,印制电路板,20,603175.SS,超颖电子,432.22,1.5424,98.9,2025-10-24,0,False
电子,元件,被动元件,21,002138.SZ,顺络电子,410.58,12.9126,50.92,2007-06-13,0,False
电子,元件,印制电路板,22,603186.SS,华正新材,388.72,43.5632,247.92,2017-01-03,0,True
电子,元件,印制电路板,23,603920.SS,世运电路,305.75,10.147,42.43,2017-04-26,0,False
电子,元件,印制电路板,24,002815.SZ,崇达技术,287.06,12.7201,23.26,2016-10-12,0,False
电子,元件,被动元件,25,600563.SS,法拉电子,282.76,3.8934,125.67,2002-12-10,0,False
电子,元件,印制电路板,26,300814.SZ,中富电路,272.31,8.567,142.25,2021-08-12,0,False
电子,元件,印制电路板,27,002913.SZ,奥士康,263.76,5.9418,83.11,2017-12-01,0,False
电子,元件,被动元件,28,300319.SZ,麦捷科技,195.36,23.9811,22.01,2012-05-23,0,False
电子,元件,被动元件,29,300975.SZ,商络电子,183.43,9.6329,26.7,2021-04-21,0,False
电子,元件,印制电路板,30,300657.SZ,弘信电子,177.76,8.9385,36.87,2017-05-23,0,False
电子,元件,印制电路板,31,301251.SZ,威尔高,154.21,4.9003,81.78,2023-09-06,0,False
电子,元件,印制电路板,32,000823.SZ,超声电子,144.69,15.1699,24.32,1997-10-08,0,False
电子,元件,印制电路板,33,301366.SZ,一博科技,144.41,6.363,68.92,2022-09-26,0,False
电子,元件,被动元件,34,603738.SS,泰晶科技,143.24,11.9024,37.12,2016-09-28,0,True
电子,元件,印制电路板,35,603936.SS,博敏电子,142.36,12.2113,22.06,2015-12-09,0,False
电子,元件,被动元件,36,603989.SS,艾华集团,140.93,10.4628,35.34,2015-05-15,0,False
电子,元件,印制电路板,37,688020.SS,方邦股份,130.74,7.3804,158.66,2019-07-22,0,False
电子,元件,印制电路板,38,603328.SS,依顿电子,129.5,3.9176,12.97,2014-07-01,0,False
电子,元件,印制电路板,39,002579.SZ,中京电子,119.83,15.6215,19.56,2011-05-06,0,False
电子,元件,被动元件,40,301566.SZ,达利凯普,105.92,4.7778,26.48,2023-12-29,0,True
电子,元件,印制电路板,41,300852.SZ,四会富仕,105.66,6.0978,65.82000000000001,2020-07-13,0,False
电子,元件,印制电路板,42,300739.SZ,明阳电路,105.61,4.0886,28.31,2018-02-01,0,False
电子,元件,被动元件,43,301458.SZ,钧崴电子,104.0,2.5221,39.0,2025-01-10,0,True
电子,元件,印制电路板,44,301176.SZ,逸豪新材,97.08,4.8653,57.42,2022-09-28,0,False
电子,元件,印制电路板,45,301282.SZ,金禄电子,96.04,7.0934,45.53,2022-08-26,0,False
电子,元件,印制电路板,46,301628.SZ,强达电路,92.18,3.9188,122.29,2024-10-31,0,False
电子,元件,印制电路板,47,301132.SZ,满坤科技,90.78,3.6597,61.3,2022-08-10,0,False
电子,元件,印制电路板,48,688655.SS,迅捷兴,80.55,6.6745,60.39,2021-05-11,0,False
电子,元件,印制电路板,49,300964.SZ,本川智能,76.36,4.2173,71.46000000000001,2021-08-05,0,False
电子,元件,印制电路板,50,002141.SZ,贤丰控股,68.17,9.9984,6.6000000000000005,2007-07-20,0,False
电子,元件,印制电路板,51,605058.SS,澳弘电子,63.36,1.543,44.33,2020-10-21,0,False
电子,元件,印制电路板,52,300936.SZ,中英科技,62.45,4.0001,83.05,2021-01-26,0,False
电子,元件,印制电路板,53,603386.SS,骏亚科技,61.09,2.157,18.72,2017-09-12,0,False
电子,元件,被动元件,54,600237.SS,铜峰电子,61.03,3.1636,9.68,2000-06-09,0,False
电子,元件,印制电路板,55,002134.SZ,天津普林,60.86,2.7926,24.56,2007-05-16,0,False
电子,元件,印制电路板,56,301041.SZ,金百泽,38.07,1.7733,35.69,2021-08-11,0,False
电子,元件,印制电路板,57,605258.SS,协和电子,33.33,1.5432,37.88,2020-12-03,0,False
电子,光学光电子,面板,1,000725.SZ,京东方Ａ,2000.39,56.8729,5.4,2001-01-12,0,True
电子,光学光电子,面板,2,001399.SZ,惠科股份,1588.13,5.0336,21.44,2026-06-26,0,False
电子,光学光电子,面板,3,000100.SZ,TCL科技,1042.45,16.4763,4.75,2004-01-30,0,True
电子,光学光电子,LED,4,600703.SS,三安光电,636.6,14.7371,12.76,1996-05-28,0,True
电子,光学光电子,光学元件,5,688322.SS,奥比中光-W,375.1,6.9509,90.86,2022-07-07,0,False
电子,光学光电子,光学元件,6,002273.SZ,水晶光电,342.79,8.4434,24.65,2008-09-19,0,True
电子,光学光电子,光学元件,7,688195.SS,腾景科技,339.89,23.3691,187.69,2021-03-26,0,True
电子,光学光电子,面板,8,600707.SS,彩虹股份,326.18,8.3881,9.09,1996-05-20,0,True
电子,光学光电子,光学元件,9,002222.SZ,福晶科技,321.51,13.0834,68.37,2008-03-19,0,True
电子,光学光电子,光学元件,10,300489.SZ,光智科技,292.37,25.5788,210.1,2015-07-01,0,False
电子,光学光电子,面板,11,688538.SS,和辉光电-U,287.24,1.4845,2.08,2021-05-28,0,False
电子,光学光电子,光学元件,12,688127.SS,蓝特光学,274.39,6.0096,67.6,2020-09-21,0,False
电子,光学光电子,光学元件,13,002456.SZ,欧菲光,242.62,5.9233,6.94,2010-08-03,0,True
电子,光学光电子,光学元件,14,301183.SZ,东田微,241.57,12.3746,301.68,2022-05-24,0,True
电子,光学光电子,光学元件,15,688502.SS,茂莱光学,231.27,5.9832,438.0,2023-03-09,0,True
电子,光学光电子,面板,16,603773.SS,沃格光电,207.69,16.1904,92.44,2018-04-17,0,True
电子,光学光电子,LED,17,002745.SZ,木林森,183.0,6.0236,12.33,2015-02-17,0,False
电子,光学光电子,面板,18,300088.SZ,长信科技,180.34,6.6444,7.22,2010-05-26,0,False
电子,光学光电子,LED,19,300323.SZ,华灿光电,178.85,7.0732,11.02,2012-06-01,0,False
电子,光学光电子,面板,20,600552.SS,凯盛科技,165.68,7.3577,17.54,2002-11-08,0,True
电子,光学光电子,LED,21,300102.SZ,乾照光电,158.85,3.2761,17.26,2010-08-12,0,True
电子,光学光电子,面板,22,000050.SZ,深天马Ａ,158.33,1.1714,6.5,1995-03-15,0,False
电子,光学光电子,LED,23,300296.SZ,利亚德,132.34,1.9017,4.88,2012-03-15,0,False
电子,光学光电子,光学元件,24,688378.SS,奥来德,125.61,4.5922,48.05,2020-09-03,0,False
电子,光学光电子,光学元件,25,300331.SZ,苏大维格,125.49,5.2,48.33,2012-06-28,0,False
电子,光学光电子,光学元件,26,603297.SS,永新光学,122.52,1.4964,110.65,2018-09-10,0,False
电子,光学光电子,LED,27,002654.SZ,万润科技,118.34,6.7117,14.0,2012-02-17,0,False
电子,光学光电子,面板,28,300909.SZ,汇创达,102.94,2.1626,59.51,2020-11-18,0,False
电子,光学光电子,面板,29,000727.SZ,冠捷科技,101.46,1.5531,2.24,1997-05-20,0,False
电子,光学光电子,面板,30,002289.SZ,宇顺电子,99.38,1.5666,35.46,2009-09-03,0,False
电子,光学光电子,LED,31,300303.SZ,聚飞光电,98.33,2.1998,6.94,2012-03-19,0,False
电子,光学光电子,面板,32,300939.SZ,秋田微,96.86,2.3159,80.72,2021-01-28,0,False
电子,光学光电子,面板,33,002387.SZ,维信诺,95.54,1.1478,6.84,2010-04-13,0,False
电子,光学光电子,面板,34,000536.SZ,华映科技,92.94,2.7387,3.36,1993-11-26,0,False
电子,光学光电子,光学元件,35,301421.SZ,波长光电,91.82,2.436,79.35000000000001,2023-08-23,0,False
电子,光学光电子,面板,36,301321.SZ,翰博高新,87.1,3.1293,46.72,2022-08-18,0,False
电子,光学光电子,面板,37,002955.SZ,鸿合科技,82.99,2.1795,35.07,2019-05-23,0,False
电子,光学光电子,LED,38,300708.SZ,聚灿光电,81.5,1.6531,8.64,2017-10-16,0,False
电子,光学光电子,面板,39,002106.SZ,莱宝高科,80.25,2.178,11.37,2007-01-12,0,False
电子,光学光电子,面板,40,301045.SZ,天禄科技,79.09,2.0603,71.69,2021-08-13,0,False
电子,光学光电子,光学元件,41,300566.SZ,激智科技,68.07,4.8251,25.97,2016-11-15,0,False
电子,光学光电子,光学元件,42,301479.SZ,弘景光电,65.93,1.0404,52.93,2025-03-18,0,False
电子,光学光电子,光学元件,43,002036.SZ,联创电子,65.47,2.3149,6.19,2004-09-03,0,False
电子,光学光电子,光学元件,44,688079.SS,美迪凯,63.37,1.4532,15.39,2021-03-02,0,False
电子,光学光电子,面板,45,688181.SS,八亿时空,59.8,2.6794,44.95,2020-01-06,0,False
电子,光学光电子,面板,46,301379.SZ,天山电子,59.69,2.3099,21.51,2022-11-01,0,False
电子,光学光电子,LED,47,300632.SZ,光莆股份,57.65,2.3751,18.89,2017-04-06,0,False
电子,光学光电子,面板,48,002876.SZ,三利谱,54.91,1.3522,31.58,2017-05-25,0,False
电子,光学光电子,面板,49,300545.SZ,联得装备,50.39,3.5589,27.06,2016-09-28,0,False
电子,光学光电子,LED,50,300889.SZ,爱克股份,49.62,2.028,22.53,2020-09-16,0,False
电子,光学光电子,面板,51,003019.SZ,宸展光电,48.7,1.1641,27.52,2020-11-17,0,False
电子,光学光电子,LED,52,002137.SZ,实益达,47.36,1.2034,8.2,2007-06-13,0,False
电子,光学光电子,LED,53,603703.SS,盛洋科技,42.91,1.1853,10.34,2015-04-23,0,False
电子,光学光电子,LED,54,300752.SZ,隆利科技,42.26,1.0165,13.09,2018-11-30,0,False
电子,光学光电子,LED,55,603679.SS,华体科技,41.65,2.2441,23.44,2017-06-21,0,False
电子,光学光电子,面板,56,300120.SZ,经纬辉开,40.67,3.5233,7.08,2010-09-17,0,False
电子,光学光电子,面板,57,000020.SZ,深华发Ａ,35.85,1.7916,12.66,1992-04-28,0,False
电子,光学光电子,LED,58,300162.SZ,雷曼光电,31.59,1.225,7.53,2011-01-13,0,False
电子,光学光电子,LED,59,300582.SZ,英飞特,31.17,1.1642,10.44,2016-12-28,0,False
电子,光学光电子,面板,60,002952.SZ,亚世光电,30.8,1.5095,18.74,2019-03-28,0,False
电子,光学光电子,面板,61,301106.SZ,骏成科技,26.76,1.5578,18.72,2022-01-28,0,False
电子,其他电子,其他电子Ⅲ,1,300475.SZ,香农芯创,778.36,43.0948,165.77,2015-06-10,0,True
电子,其他电子,其他电子Ⅲ,2,002859.SZ,洁美科技,306.3,10.1339,67.52,2017-04-07,0,True
电子,其他电子,其他电子Ⅲ,3,600353.SS,旭光电子,280.55,23.2947,33.85,2002-11-20,0,True
电子,其他电子,其他电子Ⅲ,4,000062.SZ,深圳华强,238.26,5.7396,22.78,1997-01-30,0,False
电子,其他电子,其他电子Ⅲ,5,002130.SZ,沃尔核材,237.14,6.4616,16.94,2007-04-20,0,False
电子,其他电子,其他电子Ⅲ,6,688800.SS,瑞可达,200.46,8.1518,69.51,2021-07-22,0,False
电子,其他电子,其他电子Ⅲ,7,300131.SZ,英唐智控,183.65,10.3136,16.18,2010-10-19,0,False
电子,其他电子,其他电子Ⅲ,8,001287.SZ,中电港,177.74,3.6385,23.39,2023-04-10,0,False
电子,其他电子,其他电子Ⅲ,9,301275.SZ,汉朔科技,173.78,1.8155,41.14,2025-03-11,0,False
电子,其他电子,其他电子Ⅲ,10,300184.SZ,力源信息,139.66,4.5201,12.18,2011-02-22,0,False
电子,其他电子,其他电子Ⅲ,11,301031.SZ,中熔电气,138.99,2.299,95.1,2021-07-15,0,False
电子,其他电子,其他电子Ⅲ,12,688662.SS,富信科技,104.63,8.0969,91.22,2021-04-01,0,False
电子,其他电子,其他电子Ⅲ,13,301099.SZ,雅创电子,99.0,3.3439,52.4,2021-11-22,0,False
电子,其他电子,其他电子Ⅲ,14,002922.SZ,伊戈尔,96.73,4.2789,22.89,2017-12-29,0,False
电子,其他电子,其他电子Ⅲ,15,301563.SZ,云汉芯城,95.99,1.5022,113.4,2025-09-30,0,False
电子,其他电子,其他电子Ⅲ,16,300516.SZ,久之洋,86.71,1.9268,34.410000000000004,2016-06-02,0,True
电子,其他电子,其他电子Ⅲ,17,301328.SZ,维峰电子,82.38,1.3862,51.7,2022-09-08,0,False
电子,其他电子,其他电子Ⅲ,18,002885.SZ,京泉华,75.15,5.424,27.74,2017-06-27,0,False
电子,其他电子,其他电子Ⅲ,19,002782.SZ,可立克,74.11,1.1936,14.97,2015-12-22,0,False
电子,其他电子,其他电子Ⅲ,20,001298.SZ,好上好,73.79,1.6912,17.06,2022-10-31,0,False
电子,其他电子,其他电子Ⅲ,21,688103.SS,国力电子,71.95,1.4674,75.49,2021-09-10,0,False
电子,其他电子,其他电子Ⅲ,22,000670.SZ,盈方微,67.34,3.4841,7.96,1996-12-17,0,False
电子,其他电子,其他电子Ⅲ,23,300493.SZ,润欣科技,63.96,1.1883,12.48,2015-12-10,0,False
电子,其他电子,其他电子Ⅲ,24,002161.SZ,远 望 谷,53.04,2.09,7.17,2007-08-21,0,False
电子,其他电子,其他电子Ⅲ,25,300656.SZ,民德电子,50.6,1.2403,29.57,2017-05-19,0,False
电子,其他电子,其他电子Ⅲ,26,300991.SZ,创益通,45.16,1.5512,31.36,2021-05-20,0,False
电子,其他电子,其他电子Ⅲ,27,300736.SZ,百邦科技,41.27,1.6543,32.26,2018-01-09,0,False
电子,其他电子,其他电子Ⅲ,28,002388.SZ,新亚制程,34.34,2.2672,6.78,2010-04-13,0,False
电子,半导体,数字芯片设计,1,688825.SS,长鑫科技,37309.1,134.9017,54.96,2026-07-27,0,False
电子,半导体,集成电路制造,2,688981.SS,中芯国际,10297.84,37.803,120.27,2020-07-16,0,True
电子,半导体,数字芯片设计,3,688256.SS,寒武纪,7144.6,107.2234,1136.13,2020-07-20,0,True
电子,半导体,数字芯片设计,4,688041.SS,海光信息,5458.01,45.8358,234.82,2022-08-12,0,True
电子,半导体,半导体设备,5,002371.SZ,北方华创,4789.55,44.0514,660.0,2010-03-16,0,True
电子,半导体,集成电路制造,6,688347.SS,华虹宏力,4303.24,34.3043,223.14,2023-08-07,0,True
电子,半导体,半导体设备,7,688012.SS,中微公司,3361.84,50.492,350.98,2019-07-22,0,True
电子,半导体,数字芯片设计,8,603986.SS,兆易创新,2618.0,119.5668,371.89,2016-08-18,0,True
电子,半导体,集成电路封测,9,688820.SS,盛合晶微,2491.27,15.059,133.74,2026-04-21,0,True
电子,半导体,数字芯片设计,10,688008.SS,澜起科技,2416.06,59.4615,197.95,2019-07-22,0,True
电子,半导体,分立器件,11,688498.SS,源杰科技,2178.76,49.4287,1750.0,2022-12-21,0,True
电子,半导体,半导体设备,12,688072.SS,拓荆科技,1978.92,28.9196,677.3100000000001,2022-04-20,0,True
电子,半导体,数字芯片设计,13,688802.SS,沐曦股份-U,1910.28,7.3961,477.45,2025-12-17,0,True
电子,半导体,半导体设备,14,300604.SZ,长川科技,1738.75,43.1611,269.33,2017-04-17,0,True
电子,半导体,数字芯片设计,15,688795.SS,摩尔线程-U,1713.91,14.1292,364.64,2025-12-05,0,True
电子,半导体,数字芯片设计,16,301666.SZ,大普微,1670.75,10.9751,383.01,2026-04-16,0,False
电子,半导体,数字芯片设计,17,301308.SZ,江波龙,1556.91,33.3792,338.71,2022-08-05,0,True
电子,半导体,半导体设备,18,688082.SS,盛美上海,1386.16,11.6384,285.65000000000003,2021-11-18,0,True
电子,半导体,半导体设备,19,688120.SS,华海清科,1320.56,18.7133,266.09000000000003,2022-06-08,0,True
电子,半导体,数字芯片设计,20,688702.SS,盛科通信-U,1303.43,21.6928,317.91,2023-09-14,0,True
电子,半导体,半导体材料,21,688146.SS,中船特气,1242.53,27.871,234.7,2023-04-21,0,True
电子,半导体,集成电路封测,22,600584.SS,长电科技,1241.85,55.2664,69.4,2003-06-03,0,True
电子,半导体,半导体设备,23,688361.SS,中科飞测,1181.98,25.476,335.74,2023-05-19,0,True
电子,半导体,半导体材料,24,688783.SS,西安奕材-U,1148.35,6.2562,28.44,2025-10-28,0,True
电子,半导体,数字芯片设计,25,688525.SS,佰维存储,1016.37,34.9512,213.15,2022-12-30,0,True
电子,半导体,数字芯片设计,26,688521.SS,芯原股份,995.82,34.0185,189.35,2020-08-18,0,True
电子,半导体,数字芯片设计,27,603501.SS,豪威集团,984.41,11.215,78.27,2017-05-04,0,True
电子,半导体,集成电路封测,28,002156.SZ,通富微电,941.93,41.5144,59.1,2007-08-16,0,True
电子,半导体,数字芯片设计,29,001309.SZ,德明利,906.65,48.7926,399.68,2022-07-01,0,True
电子,半导体,集成电路制造,30,688249.SS,晶合集成,797.77,6.4819,35.7,2023-05-05,0,False
电子,半导体,半导体材料,31,688126.SS,沪硅产业,781.64,12.1083,23.65,2020-04-20,0,True
电子,半导体,集成电路制造,32,688396.SS,华润微,767.44,10.2619,57.78,2020-02-27,0,True
电子,半导体,模拟芯片设计,33,300661.SZ,圣邦股份,763.39,10.217,111.34,2017-06-06,0,False
电子,半导体,数字芯片设计,34,603893.SS,瑞芯微,762.46,20.4638,180.19,2020-02-07,0,True
电子,半导体,半导体设备,35,688200.SS,华峰测控,728.89,13.5925,362.42,2020-02-18,0,True
电子,半导体,半导体设备,36,688729.SS,屹唐股份,718.2,6.6276,24.3,2025-07-08,0,False
电子,半导体,集成电路制造,37,688469.SS,芯联集成-U,716.72,7.4532,8.55,2023-05-10,0,False
电子,半导体,半导体材料,38,300666.SZ,江丰电子,696.61,27.2532,252.42,2017-06-15,0,True
电子,半导体,半导体设备,39,688809.SS,强一股份,696.25,8.1643,537.4,2025-12-30,0,True
电子,半导体,数字芯片设计,40,300223.SZ,君正股份,686.12,27.3082,133.24,2011-05-31,0,True
电子,半导体,半导体设备,41,688037.SS,芯源微,684.07,15.2553,339.04,2019-12-16,0,True
电子,半导体,半导体材料,42,688432.SS,有研硅,675.91,31.0472,54.06,2022-11-10,0,True
电子,半导体,半导体材料,43,002409.SZ,雅克科技,649.17,23.7186,136.4,2010-05-25,0,True
电子,半导体,分立器件,44,688172.SS,燕东微,634.15,6.6294,44.42,2022-12-16,0,False
电子,半导体,数字芯片设计,45,688766.SS,普冉股份,591.41,38.411,397.71,2021-08-23,0,True
电子,半导体,分立器件,46,688048.SS,长光华芯,584.0,27.2695,331.29,2022-04-01,0,True
电子,半导体,半导体设备,47,688409.SS,富创精密,577.45,11.6138,188.58,2022-10-10,0,True
电子,半导体,集成电路封测,48,002185.SZ,华天科技,558.56,28.9834,16.79,2007-11-20,0,False
电子,半导体,分立器件,49,600460.SS,士兰微,521.35,32.4852,31.33,2003-03-11,0,True
电子,半导体,数字芯片设计,50,688110.SS,东芯股份,511.39,17.6193,115.6,2021-12-10,0,True
电子,半导体,模拟芯片设计,51,688141.SS,杰华特,508.23,14.1787,112.86,2022-12-23,0,False
电子,半导体,数字芯片设计,52,002049.SZ,紫光国微,507.96,6.911,60.24,2005-06-06,0,False
电子,半导体,半导体材料,53,688234.SS,天岳先进,507.44,8.0505,104.71,2022-01-12,0,True
电子,半导体,分立器件,54,300373.SZ,扬杰科技,482.82,12.4009,88.86,2014-01-23,0,True
电子,半导体,数字芯片设计,55,301536.SZ,星宸科技,481.81,15.1538,114.25,2024-03-28,0,False
电子,半导体,半导体材料,56,688797.SS,臻宝科技,454.72,8.6837,292.82,2026-06-24,0,False
电子,半导体,数字芯片设计,57,688385.SS,复旦微电,450.66,5.9534,54.71,2021-08-04,0,True
电子,半导体,模拟芯片设计,58,688536.SS,思瑞浦,450.43,10.5418,326.22,2020-09-21,0,False
电子,半导体,半导体材料,59,600206.SS,有研新材,437.08,39.2628,51.63,1999-03-19,0,True
电子,半导体,模拟芯片设计,60,300782.SZ,卓胜微,419.45,6.6696,72.95,2019-06-18,0,False
电子,半导体,半导体材料,61,301611.SZ,珂玛科技,414.42,8.1262,95.05,2024-08-16,0,False
电子,半导体,数字芯片设计,62,688047.SS,龙芯中科,397.87,3.1996,99.22,2022-06-24,0,True
电子,半导体,分立器件,63,688167.SS,炬光科技,390.39,28.1498,299.98,2021-12-24,0,True
电子,半导体,模拟芯片设计,64,688052.SS,纳芯微,383.67,6.1864,234.65,2022-04-22,0,False
电子,半导体,模拟芯片设计,65,688220.SS,翱捷科技-U,378.98,6.2452,90.6,2022-01-14,0,False
电子,半导体,数字芯片设计,66,300672.SZ,国科微,374.96,14.3967,172.71,2017-07-12,0,False
电子,半导体,数字芯片设计,67,688728.SS,格科微,374.22,2.988,14.39,2021-08-18,0,False
电子,半导体,数字芯片设计,68,688213.SS,思特威-W,370.24,4.3341,92.03,2022-05-20,0,True
电子,半导体,半导体设备,69,301717.SZ,超纯应材,369.65,14.2407,362.95,2026-08-11,0,False
电子,半导体,数字芯片设计,70,688099.SS,晶晨股份,367.87,7.0465,86.9,2019-08-08,0,True
电子,半导体,半导体材料,71,605358.SS,立昂微,346.49,12.8026,44.87,2020-09-11,0,True
电子,半导体,半导体设备,72,301297.SZ,富乐德,329.63,8.9609,46.91,2022-12-30,0,False
电子,半导体,数字芯片设计,73,300458.SZ,全志科技,299.58,11.2579,30.15,2015-05-15,0,False
电子,半导体,模拟芯片设计,74,688368.SS,晶丰明源,295.99,6.4219,145.23,2019-10-14,0,True
电子,半导体,数字芯片设计,75,688449.SS,联芸科技,288.24,5.2032,62.66,2024-11-29,0,False
电子,半导体,半导体设备,76,603061.SS,金海通,286.45,11.836,329.25,2023-03-03,0,True
电子,半导体,集成电路封测,77,688362.SS,甬矽电子,283.72,10.5953,62.6,2022-11-16,0,True
电子,半导体,半导体设备,78,603991.SS,领先股份,280.21,5.2388,183.49,2017-03-08,0,False
电子,半导体,数字芯片设计,79,688807.SS,优迅股份,269.86,7.6637,337.32,2025-12-19,0,False
电子,半导体,集成电路制造,80,300456.SZ,赛微电子,261.62,14.4486,35.730000000000004,2015-05-14,0,False
电子,半导体,分立器件,81,300623.SZ,捷捷微电,258.86,6.3605,31.11,2017-03-14,0,False
电子,半导体,集成电路封测,82,688403.SS,汇成股份,257.51,12.9924,25.93,2022-08-18,0,False
电子,半导体,模拟芯片设计,83,603160.SS,汇顶科技,246.6,2.5391,52.92,2016-10-17,0,False
电子,半导体,数字芯片设计,84,688018.SS,乐鑫科技,245.28,4.3041,104.65,2019-07-22,0,False
电子,半导体,分立器件,85,605111.SS,新洁能,235.2,7.5727,56.63,2020-09-28,0,True
电子,半导体,半导体设备,86,688652.SS,京仪装备,232.63,5.9186,138.47,2023-11-29,0,False
电子,半导体,集成电路封测,87,688352.SS,颀中科技,228.99,3.9011,19.25,2023-04-20,0,False
电子,半导体,数字芯片设计,88,688123.SS,聚辰股份,223.04,9.7852,140.3,2019-12-23,0,False
电子,半导体,数字芯片设计,89,688608.SS,恒玄科技,222.82,3.8161,94.06,2020-12-16,0,True
电子,半导体,半导体设备,90,301583.SZ,托伦斯,221.36,5.4737,119.35,2026-07-10,0,False
电子,半导体,半导体设备,91,688785.SS,恒运昌,219.33,1.7211,323.97,2026-01-28,0,False
电子,半导体,数字芯片设计,92,688279.SS,峰岹科技,215.16,3.886,186.91,2022-04-20,0,False
电子,半导体,半导体材料,93,688727.SS,恒坤新材,211.85,1.5688,47.15,2025-11-18,0,False
电子,半导体,分立器件,94,603290.SS,斯达半导,204.27,6.1869,85.3,2020-02-04,0,False
电子,半导体,集成电路封测,95,688372.SS,伟测科技,197.64,7.8567,116.95,2022-10-26,0,True
电子,半导体,集成电路封测,96,603005.SS,晶方科技,196.69,8.6808,30.16,2014-02-10,0,False
电子,半导体,半导体材料,97,688584.SS,上海合晶,185.9,2.7361,27.78,2024-02-08,0,False
电子,半导体,半导体设备,98,688605.SS,先锋精科,175.06,3.5456,86.5,2024-12-12,0,True
电子,半导体,数字芯片设计,99,300613.SZ,富瀚微,172.23,8.6455,73.95,2017-02-20,0,False
电子,半导体,半导体材料,100,688233.SS,神工股份,169.18,7.519,99.34,2020-02-21,0,True
电子,半导体,数字芯片设计,101,688332.SS,中科蓝讯,164.62,4.4154,92.23,2022-07-15,0,False
电子,半导体,模拟芯片设计,102,688209.SS,英集芯,161.8,8.0494,37.3,2022-04-19,0,False
电子,半导体,半导体材料,103,688661.SS,和林微纳,161.11,3.8517,106.07,2021-03-29,0,False
电子,半导体,模拟芯片设计,104,600171.SS,上海贝岭,160.07,1.8407,22.58,1998-09-24,0,False
电子,半导体,数字芯片设计,105,688380.SS,中微半导,157.82,3.4904,39.42,2022-08-05,0,False
电子,半导体,模拟芯片设计,106,688582.SS,芯动联科,156.72,1.607,39.01,2023-06-30,0,False
电子,半导体,半导体材料,107,688535.SS,华海诚科,156.11,5.5518,108.96,2023-04-04,0,True
电子,半导体,数字芯片设计,108,688593.SS,新相微,145.17,4.4015,31.59,2023-06-01,0,False
电子,半导体,模拟芯片设计,109,600877.SS,电科芯片,142.92,1.2248,12.07,1995-10-13,0,False
电子,半导体,模拟芯片设计,110,688484.SS,南芯科技,140.27,2.622,32.65,2023-04-07,0,False
电子,半导体,半导体材料,111,688401.SS,路维光电,139.34,3.0732,67.85,2022-08-17,0,True
电子,半导体,数字芯片设计,112,300077.SZ,国民技术,138.07,6.4334,20.36,2010-04-30,0,False
电子,半导体,半导体设备,113,301369.SZ,联动科技,135.54,2.4172,132.39,2022-09-22,0,False
电子,半导体,数字芯片设计,114,688107.SS,安路科技,132.59,1.6728,29.44,2021-11-12,0,False
电子,半导体,模拟芯片设计,115,300671.SZ,富满微,127.65,5.6078,57.66,2017-07-05,0,False
电子,半导体,模拟芯片设计,116,688798.SS,艾为电子,124.68,2.76,53.48,2021-08-16,0,False
电子,半导体,半导体设备,117,301629.SZ,矽电股份,119.23,3.6577,285.74,2025-03-24,0,False
电子,半导体,半导体材料,118,688138.SS,清溢光电,118.68,2.8447,37.7,2019-11-20,0,True
电子,半导体,模拟芯片设计,119,688515.SS,裕太微-U,118.25,3.9784,147.81,2023-02-10,0,True
电子,半导体,模拟芯片设计,120,688508.SS,芯朋微,118.12,5.3147,89.2,2020-07-22,0,False
电子,半导体,分立器件,121,600360.SS,华微电子,103.62,5.3982,10.79,2001-03-16,0,False
电子,半导体,半导体材料,122,688530.SS,欧莱新材,102.24,4.9575,63.88,2024-05-09,0,False
电子,半导体,模拟芯片设计,123,688381.SS,帝奥微,98.93,4.1236,39.97,2022-08-23,0,False
电子,半导体,数字芯片设计,124,688262.SS,国芯科技,92.8,1.9544,27.62,2022-01-06,0,False
电子,半导体,半导体设备,125,603690.SS,至纯科技,92.75,4.5446,24.22,2017-01-13,0,False
电子,半导体,半导体材料,126,002119.SZ,康强电子,92.32,6.7331,24.6,2007-03-02,0,True
电子,半导体,半导体设备,127,003043.SZ,华亚智能,91.17,4.2056,63.54,2021-04-06,0,False
电子,半导体,集成电路封测,128,688135.SS,利扬芯片,90.09,4.7077,38.65,2020-11-11,0,False
电子,半导体,模拟芯片设计,129,688790.SS,昂瑞微-UW,89.59,1.042,90.01,2025-12-16,0,False
电子,半导体,数字芯片设计,130,688416.SS,恒烁股份,85.28,3.9839,79.05,2022-08-29,0,False
电子,半导体,数字芯片设计,131,688486.SS,龙迅股份,85.23,1.7306,45.61,2023-02-21,0,False
电子,半导体,数字芯片设计,132,300327.SZ,中颖电子,85.0,2.1374,24.9,2012-06-13,0,False
电子,半导体,数字芯片设计,133,300053.SZ,航宇微,84.6,1.3683,12.14,2010-02-11,0,False
电子,半导体,分立器件,134,688261.SS,东微半导,83.61,2.7948,68.17,2022-02-10,0,False
电子,半导体,集成电路封测,135,002077.SZ,大港股份,82.12,4.3349,14.15,2006-11-16,0,False
电子,半导体,模拟芯片设计,136,688601.SS,力芯微,80.08,3.0364,59.9,2021-06-28,0,True
电子,半导体,半导体材料,137,300706.SZ,阿石创,78.47,3.357,51.11,2017-09-26,0,False
电子,半导体,半导体材料,138,688720.SS,艾森股份,77.9,2.3413,63.52,2023-12-06,0,False
电子,半导体,集成电路制造,139,688691.SS,灿芯股份,74.18,1.8587,61.82,2024-04-11,0,False
电子,半导体,模拟芯片设计,140,688699.SS,明微电子,72.41,1.8012,65.79,2020-12-18,0,False
电子,半导体,数字芯片设计,141,002213.SZ,大为股份,70.68,3.6281,29.4,2008-02-01,0,False
电子,半导体,数字芯片设计,142,688049.SS,炬芯科技,70.23,2.2261,39.9,2021-11-29,0,False
电子,半导体,数字芯片设计,143,688591.SS,泰凌微,68.1,1.2714,28.19,2023-08-25,0,False
电子,半导体,数字芯片设计,144,688620.SS,安凯微,68.05,2.0907,17.36,2023-06-27,0,False
电子,半导体,模拟芯片设计,145,688512.SS,慧智微-U,66.49,1.4614,14.06,2023-05-16,0,False
电子,半导体,半导体设备,146,688478.SS,晶升股份,66.11,2.023,47.78,2023-04-24,0,True
电子,半导体,半导体材料,147,003026.SZ,中晶科技,63.77,1.819,33.64,2020-12-18,0,False
电子,半导体,分立器件,148,688711.SS,宏微科技,59.82,2.0624,27.6,2021-09-01,0,True
电子,半导体,模拟芯片设计,149,688653.SS,康希通信,59.38,2.0352,13.99,2023-11-17,0,False
电子,半导体,半导体设备,150,688419.SS,耐科装备,59.13,2.1,51.620000000000005,2022-11-07,0,False
电子,半导体,分立器件,151,688689.SS,银河微电,57.38,1.8153,39.6,2021-01-27,0,False
电子,半导体,分立器件,152,300046.SZ,台基股份,57.05,1.3437,24.12,2010-01-20,0,False
电子,半导体,分立器件,153,688693.SS,锴威特,56.47,1.3154,76.64,2023-08-18,0,True
电子,半导体,模拟芯片设计,154,603068.SS,博通集成,54.84,3.4647,36.13,2019-04-15,0,False
电子,半导体,半导体材料,155,688721.SS,龙图光罩,54.28,1.1692,40.66,2024-08-06,0,False
电子,半导体,模拟芯片设计,156,688061.SS,灿瑞科技,53.19,1.4504,46.3,2022-10-18,0,False
电子,半导体,集成电路封测,157,301348.SZ,蓝箭电子,52.68,1.3564,21.95,2023-08-10,0,False
电子,半导体,模拟芯片设计,158,688173.SS,希荻微,51.29,1.1807,12.35,2022-01-21,0,False
电子,半导体,模拟芯片设计,159,603375.SS,盛景微,47.75,1.0197,47.43,2024-01-24,0,False
电子,半导体,集成电路封测,160,688216.SS,气派科技,44.47,1.8944,38.87,2021-06-23,0,False
电子,半导体,模拟芯片设计,161,688045.SS,必易微,42.08,1.0665,59.620000000000005,2022-05-26,0,False
电子,半导体,模拟芯片设计,162,688286.SS,敏芯股份,37.67,2.5561,48.1,2020-08-10,0,False
电子,消费电子,消费电子零部件及组装,1,601138.SS,工业富联,12362.87,59.2257,62.3,2018-06-08,0,True
电子,消费电子,消费电子零部件及组装,2,002475.SZ,立讯精密,4081.73,53.2735,52.75,2010-09-15,0,True
电子,消费电子,消费电子零部件及组装,3,300433.SZ,蓝思科技,1754.65,32.2676,33.24,2015-03-18,0,True
电子,消费电子,消费电子零部件及组装,4,300857.SZ,协创数据,1264.02,42.1864,258.3,2020-07-27,0,True
电子,消费电子,消费电子零部件及组装,5,603296.SS,华勤技术,1189.0,12.1599,78.44,2023-08-08,0,False
电子,消费电子,消费电子零部件及组装,6,002600.SZ,领益智造,1015.04,13.2562,12.5,2011-07-15,0,True
电子,消费电子,消费电子零部件及组装,7,002241.SZ,歌尔股份,766.05,18.5801,21.53,2008-05-22,0,False
电子,消费电子,品牌消费电子,8,300866.SZ,安克创新,736.71,4.9294,125.28,2020-08-24,0,False
电子,消费电子,消费电子零部件及组装,9,601231.SS,环旭电子,625.18,7.6392,26.17,2012-02-20,0,False
电子,消费电子,品牌消费电子,10,688036.SS,传音控股,602.18,5.6859,52.31,2019-09-30,0,False
电子,消费电子,消费电子零部件及组装,11,000021.SZ,深科技,574.81,23.5921,36.27,1994-02-02,0,True
电子,消费电子,消费电子零部件及组装,12,300136.SZ,信维通信,562.93,19.919,58.18,2010-11-05,0,True
电子,消费电子,消费电子零部件及组装,13,603629.SS,利通电子,400.17,32.5447,109.12,2018-12-24,0,True
电子,消费电子,品牌消费电子,14,688775.SS,影石创新,377.74,3.685,94.2,2025-06-11,0,False
电子,消费电子,消费电子零部件及组装,15,301626.SZ,苏州天脉,362.08,5.6651,313.0,2024-10-24,0,False
电子,消费电子,品牌消费电子,16,002841.SZ,视源股份,332.74,3.3548,47.59,2017-01-19,0,False
电子,消费电子,消费电子零部件及组装,17,300115.SZ,长盈精密,314.74,7.7661,23.12,2010-09-02,0,False
电子,消费电子,消费电子零部件及组装,18,301486.SZ,致尚科技,275.95,12.0617,214.34,2023-07-07,0,True
电子,消费电子,消费电子零部件及组装,19,300843.SZ,胜蓝股份,226.31,9.2369,138.24,2020-07-02,0,False
电子,消费电子,消费电子零部件及组装,20,300602.SZ,飞荣达,225.25,12.2655,38.41,2017-01-26,0,False
电子,消费电子,品牌消费电子,21,301606.SZ,绿联科技,224.01,2.8871,53.99,2024-07-26,0,False
电子,消费电子,消费电子零部件及组装,22,301086.SZ,鸿富瀚,196.07,8.2916,155.78,2021-10-20,0,False
电子,消费电子,消费电子零部件及组装,23,002925.SZ,盈趣科技,189.83,3.1585,24.6,2018-01-15,0,False
电子,消费电子,消费电子零部件及组装,24,300679.SZ,电连技术,188.2,10.3439,44.3,2017-07-31,0,False
电子,消费电子,消费电子零部件及组装,25,301123.SZ,奕东电子,188.18,7.1793,80.2,2022-01-25,0,False
电子,消费电子,消费电子零部件及组装,26,603341.SS,龙旗科技,184.65,2.6414,35.36,2024-03-01,0,False
电子,消费电子,消费电子零部件及组装,27,301285.SZ,鸿日达,183.25,2.4007,88.67,2022-09-28,0,False
电子,消费电子,消费电子零部件及组装,28,301389.SZ,隆扬电子,174.38,6.3602,61.51,2022-10-31,0,False
电子,消费电子,消费电子零部件及组装,29,002402.SZ,和而泰,172.12,3.3806,18.64,2010-05-11,0,False
电子,消费电子,消费电子零部件及组装,30,002947.SZ,恒铭达,159.86,6.8349,62.5,2019-02-01,0,False
电子,消费电子,消费电子零部件及组装,31,300951.SZ,博硕科技,154.83,4.1749,91.4,2021-02-26,0,False
电子,消费电子,消费电子零部件及组装,32,300735.SZ,光弘科技,147.99,2.5232,18.29,2017-12-29,0,False
电子,消费电子,消费电子零部件及组装,33,688260.SS,昀冢科技,141.9,6.379,118.25,2021-04-06,0,False
电子,消费电子,消费电子零部件及组装,34,002655.SZ,共达电声,135.12,10.8703,37.06,2012-02-17,0,True
电子,消费电子,消费电子零部件及组装,35,300868.SZ,杰美特,121.18,2.9643,95.28,2020-08-24,0,False
电子,消费电子,消费电子零部件及组装,36,002139.SZ,拓邦股份,120.94,1.2549,9.7,2007-06-29,0,False
电子,消费电子,消费电子零部件及组装,37,300976.SZ,达瑞电子,117.29,3.6469,62.68,2021-04-19,0,False
电子,消费电子,消费电子零部件及组装,38,603052.SS,可川科技,113.19,2.7959,60.24,2022-10-11,0,False
电子,消费电子,消费电子零部件及组装,39,603626.SS,科森科技,105.98,9.7967,19.1,2017-02-09,0,False
电子,消费电子,品牌消费电子,40,301189.SZ,奥尼电子,100.9,3.6285,61.66,2021-12-28,0,False
电子,消费电子,消费电子零部件及组装,41,002993.SZ,奥海科技,99.71,1.8709,36.12,2020-08-17,0,False
电子,消费电子,消费电子零部件及组装,42,002635.SZ,安洁科技,97.83,2.2544,14.83,2011-11-25,0,False
电子,消费电子,消费电子零部件及组装,43,688678.SS,福立旺,89.53,3.658,22.21,2020-12-23,0,False
电子,消费电子,消费电子零部件及组装,44,002426.SZ,胜利精密,89.49,1.5228,2.63,2010-06-08,0,False
电子,消费电子,消费电子零部件及组装,45,603327.SS,福蓉科技,86.98,2.8741,8.32,2019-05-23,0,False
电子,消费电子,消费电子零部件及组装,46,603890.SS,春秋电子,85.38,7.1297,16.94,2017-12-12,0,False
电子,消费电子,消费电子零部件及组装,47,002681.SZ,奋达科技,81.3,2.0446,4.53,2012-06-05,0,False
电子,消费电子,消费电子零部件及组装,48,300322.SZ,硕贝德,80.87,3.8673,17.580000000000002,2012-06-08,0,False
电子,消费电子,消费电子零部件及组装,49,301326.SZ,捷邦科技,75.77,2.154,104.21,2022-09-21,0,False
电子,消费电子,消费电子零部件及组装,50,001314.SZ,亿道信息,71.81,1.5608,50.36,2023-02-14,0,False
电子,消费电子,消费电子零部件及组装,51,300709.SZ,精研科技,70.98,7.5949,38.03,2017-10-19,0,False
电子,消费电子,消费电子零部件及组装,52,600363.SS,联创光电,69.3,5.2828,15.37,2001-03-29,0,False
电子,消费电子,消费电子零部件及组装,53,605277.SS,新亚电子,68.31,3.1599,17.57,2021-01-06,0,False
电子,消费电子,消费电子零部件及组装,54,600203.SS,福日电子,60.72,2.9395,10.24,1999-05-14,0,False
电子,消费电子,消费电子零部件及组装,55,300256.SZ,星星科技,60.57,1.0445,2.67,2011-08-19,0,False
电子,消费电子,消费电子零部件及组装,56,301387.SZ,光大同创,59.34,1.127,55.3,2023-04-18,0,False
电子,消费电子,消费电子零部件及组装,57,603380.SS,易德龙,54.95,1.2636,34.25,2017-06-22,0,False
电子,消费电子,消费电子零部件及组装,58,301051.SZ,信濠光电,50.17,1.8794,17.650000000000002,2021-08-27,0,False
电子,消费电子,品牌消费电子,59,002045.SZ,国光电器,49.78,2.6654,8.85,2005-05-23,0,False
电子,消费电子,消费电子零部件及组装,60,688210.SS,统联精密,42.75,1.7551,26.28,2021-12-27,0,False
电子,消费电子,消费电子零部件及组装,61,300968.SZ,格林精密,39.89,1.0296,9.65,2021-04-15,0,False
电子,消费电子,消费电子零部件及组装,62,300686.SZ,智动力,37.61,1.0404,14.43,2017-08-04,0,False
电子,消费电子,消费电子零部件及组装,63,300647.SZ,超频三,35.85,4.3947,7.84,2017-05-03,0,False
电子,消费电子,消费电子零部件及组装,64,300916.SZ,朗特智能,35.55,1.3428,24.58,2020-12-02,0,False
电子,消费电子,消费电子零部件及组装,65,600130.SS,波导股份,32.63,1.0685,4.3500000000000005,2000-07-06,0,False
电子,消费电子,消费电子零部件及组装,66,002369.SZ,卓翼科技,32.32,1.2586,5.7,2010-03-16,0,False
电子,消费电子,消费电子零部件及组装,67,002855.SZ,捷荣技术,30.33,3.2881,12.31,2017-03-21,0,False
电子,消费电子,消费电子零部件及组装,68,002660.SZ,茂硕电源,27.03,1.2618,7.58,2012-03-16,0,False
电子,电子化学品,电子化学品Ⅲ,1,300285.SZ,国瓷材料,677.89,53.0604,67.99,2012-01-13,0,True
电子,电子化学品,电子化学品Ⅲ,2,300054.SZ,鼎龙股份,671.39,14.3152,70.33,2010-02-11,0,True
电子,电子化学品,电子化学品Ⅲ,3,688019.SS,安集科技,519.26,11.2579,227.39,2019-07-22,0,True
电子,电子化学品,电子化学品Ⅲ,4,688548.SS,广钢气体,386.85,7.7598,29.32,2023-08-15,0,True
电子,电子化学品,电子化学品Ⅲ,5,600330.SS,天通股份,377.43,31.6085,30.6,2001-01-18,0,True
电子,电子化学品,电子化学品Ⅲ,6,300346.SZ,南大光电,374.61,13.6184,54.2,2012-08-07,0,True
电子,电子化学品,电子化学品Ⅲ,7,688549.SS,中巨芯-U,362.97,14.9111,24.57,2023-09-08,0,True
电子,电子化学品,电子化学品Ⅲ,8,300684.SZ,中石科技,280.85,22.7049,93.77,2017-12-27,0,False
电子,电子化学品,电子化学品Ⅲ,9,688545.SS,兴福电子,279.86,6.8451,77.74,2025-01-22,0,False
电子,电子化学品,电子化学品Ⅲ,10,300236.SZ,上海新阳,278.75,6.0868,88.95,2011-06-29,0,True
电子,电子化学品,电子化学品Ⅲ,11,603115.SS,海星股份,222.59,8.2127,91.01,2019-08-09,0,False
电子,电子化学品,电子化学品Ⅲ,12,603002.SS,宏昌电子,219.1,13.5417,19.32,2012-05-18,0,True
电子,电子化学品,电子化学品Ⅲ,13,300398.SZ,飞凯材料,206.52,9.5027,36.23,2014-10-09,0,False
电子,电子化学品,电子化学品Ⅲ,14,301319.SZ,唯特偶,180.09,8.4925,98.7,2022-09-29,0,True
电子,电子化学品,电子化学品Ⅲ,15,688150.SS,莱特光电,173.49,3.1063,43.11,2022-03-18,0,False
电子,电子化学品,电子化学品Ⅲ,16,688268.SS,华特气体,172.22,7.1415,134.88,2019-12-26,0,False
电子,电子化学品,电子化学品Ⅲ,17,300655.SZ,晶瑞电材,147.7,3.7977,13.11,2017-05-23,0,False
电子,电子化学品,电子化学品Ⅲ,18,688603.SS,天承科技,147.42,6.5353,118.2,2023-07-10,0,True
电子,电子化学品,电子化学品Ⅲ,19,301489.SZ,思泉新材,146.32,9.9366,125.82,2023-10-24,0,True
电子,电子化学品,电子化学品Ⅲ,20,688106.SS,金宏气体,143.74,4.4691,26.8,2020-06-16,0,False
电子,电子化学品,电子化学品Ⅲ,21,603078.SS,江化微,126.8,6.671,32.88,2017-04-10,0,True
电子,电子化学品,电子化学品Ⅲ,22,002643.SZ,万润股份,121.91,2.0345,13.31,2011-12-20,0,True
电子,电子化学品,电子化学品Ⅲ,23,300576.SZ,容大感光,121.43,3.3513,30.08,2016-12-20,0,True
电子,电子化学品,电子化学品Ⅲ,24,002741.SZ,光华科技,119.68,5.4896,25.54,2015-02-16,0,False
电子,电子化学品,电子化学品Ⅲ,25,301630.SZ,同宇新材,114.7,4.0344,204.82,2025-07-10,0,False
电子,电子化学品,电子化学品Ⅲ,26,688035.SS,德邦科技,109.35,4.4481,76.88,2022-09-19,0,True
电子,电子化学品,电子化学品Ⅲ,27,688359.SS,三孚新科,104.34,3.5304,104.67,2021-05-21,0,False
电子,电子化学品,电子化学品Ⅲ,28,688371.SS,菲沃泰,85.41,2.077,25.46,2022-08-02,0,False
电子,电子化学品,电子化学品Ⅲ,29,603931.SS,格林达,71.04,1.4811,35.6,2020-08-19,0,False
电子,电子化学品,电子化学品Ⅲ,30,688550.SS,瑞联新材,66.31,1.1291,37.66,2020-09-02,0,False
电子,电子化学品,电子化学品Ⅲ,31,300429.SZ,强力新材,63.43,1.871,11.42,2015-03-24,0,False
电子,电子化学品,电子化学品Ⅲ,32,002584.SZ,西陇科学,55.89,1.9339,9.55,2011-06-02,0,False
电子,电子化学品,电子化学品Ⅲ,33,300537.SZ,广信材料,45.48,1.4224,21.95,2016-08-30,0,True
石油石化,油服工程,油田服务,1,601808.SS,中海油服,590.72,1.9838,12.38,2007-09-28,0,False
石油石化,油服工程,油田服务,2,600871.SS,石化油服,422.74,3.2625,2.23,1995-04-11,0,False
石油石化,油服工程,油田服务,3,600968.SS,海油发展,409.65,1.8055,4.03,2019-06-26,0,False
石油石化,油服工程,油气及炼化工程,4,600583.SS,海油工程,269.7,2.1916,6.1000000000000005,2002-02-05,0,True
石油石化,油服工程,油气及炼化工程,5,600339.SS,中油工程,185.92,1.8026,3.33,2000-12-25,0,False
石油石化,油服工程,油气及炼化工程,6,300191.SZ,潜能恒信,104.13,5.9737,32.54,2011-03-16,0,False
石油石化,油服工程,油田服务,7,603619.SS,中曼石油,101.9,8.887,22.04,2017-11-17,0,True
石油石化,油服工程,油气及炼化工程,8,300164.SZ,通源石油,57.43,12.4408,9.76,2011-01-13,0,False
石油石化,油服工程,油田服务,9,002828.SZ,贝肯能源,21.0,1.8468,10.45,2016-12-08,0,False
石油石化,油气开采,油气开采Ⅲ,1,600938.SS,中国海油,15737.17,15.0454,33.11,2022-04-21,0,True
石油石化,油气开采,油气开采Ⅲ,2,600777.SS,新潮能源,277.46,1.1937,4.08,1996-11-21,0,False
石油石化,油气开采,油气开采Ⅲ,3,000968.SZ,蓝焰控股,68.11,2.3045,7.04,2000-06-22,0,False
石油石化,炼化及贸易,炼油化工,1,601857.SS,XD中国石,19802.87,13.4128,10.82,2007-11-05,0,True
石油石化,炼化及贸易,炼油化工,2,600028.SS,中国石化,6306.87,13.112,5.22,2001-08-08,0,True
石油石化,炼化及贸易,炼油化工,3,002493.SZ,荣盛石化,1310.61,7.2788,13.12,2010-11-02,0,False
石油石化,炼化及贸易,炼油化工,4,600346.SS,恒力石化,1163.56,6.3601,16.53,2001-08-20,0,True
石油石化,炼化及贸易,炼油化工,5,000301.SZ,东方盛虹,900.45,5.0764,13.62,2000-05-29,0,False
石油石化,炼化及贸易,炼油化工,6,000703.SZ,恒逸石化,716.24,18.7716,17.42,1997-03-28,0,False
石油石化,炼化及贸易,其他石化,7,601233.SS,桐昆股份,555.97,12.1374,23.37,2011-05-18,0,True
石油石化,炼化及贸易,油品石化贸易,8,600256.SS,广汇能源,441.69,9.985,6.91,2000-05-26,0,True
石油石化,炼化及贸易,炼油化工,9,600688.SS,上海石化,296.25,2.0155,2.81,1993-11-08,0,False
石油石化,炼化及贸易,其他石化,10,002408.SZ,齐翔腾达,154.12,1.6286,5.42,2010-05-18,0,False
石油石化,炼化及贸易,其他石化,11,002221.SZ,东华能源,88.42,1.3285,5.61,2008-03-06,0,False
石油石化,炼化及贸易,炼油化工,12,000059.SZ,华锦股份,87.01,4.4458,5.44,1997-01-30,0,False
石油石化,炼化及贸易,油品石化贸易,13,603353.SS,和顺石油,73.26,2.9066,42.99,2020-04-07,0,False
石油石化,炼化及贸易,其他石化,14,300055.SZ,万邦达,49.2,1.057,5.88,2010-02-26,0,False
石油石化,炼化及贸易,油品石化贸易,15,001316.SZ,润贝航科,45.33,1.3046,28.13,2022-06-24,0,False
石油石化,炼化及贸易,炼油化工,16,600506.SS,统一股份,42.61,3.267,17.07,2001-12-26,0,False
石油石化,炼化及贸易,其他石化,17,300839.SZ,博汇股份,36.77,2.3376,12.76,2020-06-30,0,False
石油石化,炼化及贸易,其他石化,18,300135.SZ,宝利国际,32.53,1.1535,3.53,2010-10-26,0,False
石油石化,炼化及贸易,油品石化贸易,19,000554.SZ,泰山石油,31.46,1.3637,6.59,1993-12-15,0,False
石油石化,炼化及贸易,其他石化,20,002377.SZ,国创高新,28.77,1.8208,3.14,2010-03-23,0,False
社会服务,专业服务,检测服务,1,300012.SZ,华测检测,247.38,4.054,14.7,2009-10-30,0,False
社会服务,专业服务,检测服务,2,688757.SS,胜科纳米,126.4,2.4399,31.34,2025-03-25,0,False
社会服务,专业服务,检测服务,3,300938.SZ,信测标准,99.87,2.4692,29.3,2021-01-27,0,False
社会服务,专业服务,检测服务,4,300416.SZ,苏试试验,72.47,1.4328,14.25,2015-01-22,0,False
社会服务,专业服务,检测服务,5,301228.SZ,实朴检测,71.16,1.9009,58.18,2022-01-28,0,False
社会服务,专业服务,检测服务,6,002057.SZ,中钢天源,66.42,1.2419,8.81,2006-08-02,0,False
社会服务,专业服务,检测服务,7,301115.SZ,联检科技,57.22,1.5802,31.43,2022-08-31,0,False
社会服务,专业服务,检测服务,8,301449.SZ,天溯计量,35.76,1.0484,39.17,2025-12-23,0,False
社会服务,专业服务,会展服务,9,300795.SZ,米奥会展,35.03,3.1097,11.72,2019-10-22,0,False
社会服务,体育,体育Ⅲ,1,600158.SS,中体产业,67.55,1.7226,7.04,1998-03-27,0,False
社会服务,教育,培训教育,1,002607.SZ,中公教育,117.18,2.6292,1.9,2011-08-10,0,False
社会服务,教育,培训教育,2,300192.SZ,科德教育,83.91,4.4743,18.21,2011-03-22,0,False
社会服务,教育,学历教育,3,002093.SZ,国脉科技,77.78,1.4525,7.72,2006-12-15,0,False
社会服务,教育,培训教育,4,300688.SZ,创业黑马,58.01,3.0719,34.660000000000004,2017-08-10,0,False
社会服务,教育,教育运营及其他,5,600880.SS,博瑞传播,54.12,1.8989,4.95,1995-11-15,0,False
社会服务,教育,培训教育,6,000526.SZ,学大教育,42.82,1.821,35.14,1993-11-01,0,False
社会服务,教育,培训教育,7,003032.SZ,传智教育,35.09,5.8918,8.72,2021-01-12,0,False
社会服务,旅游及景区,人工景区,1,300144.SZ,宋城演艺,149.23,2.222,5.72,2010-12-09,0,True
社会服务,旅游及景区,自然景区,2,603099.SS,长白山,101.13,2.4084,37.13,2014-08-22,0,False
社会服务,旅游及景区,自然景区,3,600054.SS,黄山旅游,78.34,1.2398,10.74,1997-05-06,0,False
社会服务,旅游及景区,旅游综合,4,000524.SZ,岭南控股,59.05,1.4114,8.81,1993-11-18,0,False
社会服务,旅游及景区,旅游综合,5,000796.SZ,凯撒旅业,58.86,3.4787,3.67,1997-07-03,0,False
社会服务,旅游及景区,旅游综合,6,603402.SS,陕西旅游,57.91,2.3496,57.6,2026-01-06,0,False
社会服务,旅游及景区,自然景区,7,000430.SZ,张家界,54.49,1.9832,6.73,1996-08-29,0,False
社会服务,旅游及景区,人工景区,8,600593.SS,大连圣亚,51.38,1.8943,39.39,2002-07-11,0,False
社会服务,旅游及景区,旅游综合,9,002707.SZ,众信旅游,48.74,1.4051,4.96,2014-01-23,0,False
社会服务,旅游及景区,自然景区,10,000888.SZ,峨眉山Ａ,48.48,1.4562,9.2,1997-10-21,0,False
社会服务,旅游及景区,旅游综合,11,002627.SZ,三峡旅游,46.72,1.3528,6.62,2011-11-03,0,False
社会服务,旅游及景区,自然景区,12,002033.SZ,丽江股份,45.72,2.4208,8.32,2004-08-25,0,False
社会服务,旅游及景区,自然景区,13,000558.SZ,天府文旅,45.51,1.5705,3.53,1994-05-09,0,False
社会服务,旅游及景区,人工景区,14,002059.SZ,云南旅游,45.26,4.6466,4.47,2006-08-10,0,False
社会服务,旅游及景区,自然景区,15,000978.SZ,桂林旅游,41.15,3.8488,8.790000000000001,2000-05-18,0,False
社会服务,旅游及景区,自然景区,16,300859.SZ,西域旅游,36.5,1.996,23.55,2020-08-06,0,False
社会服务,旅游及景区,自然景区,17,600749.SS,西藏旅游,30.37,2.3536,13.38,1996-10-15,0,False
社会服务,旅游及景区,旅游综合,18,600250.SS,南京商旅,27.28,2.947,8.72,2001-03-06,0,False
社会服务,旅游及景区,自然景区,19,603136.SS,天目湖,24.31,1.0111,9.0,2017-09-27,0,False
社会服务,旅游及景区,人工景区,20,600706.SS,曲江文旅,20.3,1.6292,7.96,1996-05-16,0,False
社会服务,酒店餐饮,酒店,1,600754.SS,锦江酒店,197.71,2.6851,18.58,1996-10-11,0,True
社会服务,酒店餐饮,酒店,2,600258.SS,首旅酒店,125.84,2.1844,11.27,2000-06-01,0,True
社会服务,酒店餐饮,酒店,3,000428.SZ,华天酒店,41.47,3.5235,4.07,1996-08-08,0,False
社会服务,酒店餐饮,餐饮,4,000721.SZ,西安饮食,34.21,2.3535,5.96,1997-04-30,0,False
社会服务,酒店餐饮,酒店,5,301073.SZ,君亭酒店,33.8,1.898,17.38,2021-09-30,0,False
纺织服饰,服装家纺,非运动服装,1,600177.SS,雅戈尔,384.67,2.1818,8.32,1998-11-19,0,True
纺织服饰,服装家纺,非运动服装,2,600398.SS,海澜之家,279.04,2.1997,5.8100000000000005,2000-12-28,0,False
纺织服饰,服装家纺,非运动服装,3,002832.SZ,比音勒芬,142.73,2.1452,25.01,2016-12-23,0,False
纺织服饰,服装家纺,运动服装,4,300005.SZ,探路者,99.59,4.4211,11.27,2009-10-30,0,False
纺织服饰,服装家纺,鞋帽及其他,5,603608.SS,天创时尚,86.03,3.2588,20.24,2016-02-18,0,False
纺织服饰,服装家纺,非运动服装,6,600400.SS,红豆股份,73.55,1.6381,3.21,2001-01-08,0,False
纺织服饰,服装家纺,非运动服装,7,002612.SZ,朗姿股份,68.18,1.2075,15.41,2011-08-30,0,False
纺织服饰,服装家纺,非运动服装,8,002029.SZ,七 匹 狼,57.18,1.628,8.11,2004-08-06,0,False
纺织服饰,服装家纺,非运动服装,9,002154.SZ,报 喜 鸟,56.62,1.0044,3.88,2007-08-16,0,False
纺织服饰,服装家纺,非运动服装,10,601566.SS,九牧王,50.74,2.6051,8.83,2011-05-30,0,False
纺织服饰,服装家纺,非运动服装,11,300840.SZ,酷特智能,45.94,1.8813,19.14,2020-07-08,0,False
纺织服饰,服装家纺,非运动服装,12,300901.SZ,中胤时尚,45.02,1.851,18.76,2020-10-29,0,False
纺织服饰,服装家纺,鞋帽及其他,13,603001.SS,奥康国际,36.09,1.2754,9.0,2012-04-26,0,False
纺织服饰,服装家纺,鞋帽及其他,14,603958.SS,哈森股份,35.43,5.1563,16.15,2016-06-29,0,False
纺织服饰,服装家纺,非运动服装,15,002687.SZ,乔治白,30.89,1.1673,6.12,2012-07-13,0,False
纺织服饰,服装家纺,鞋帽及其他,16,300591.SZ,万里马,26.61,1.4645,6.5600000000000005,2017-01-10,0,False
纺织服饰,服装家纺,运动服装,17,002486.SZ,嘉麟杰,22.83,1.1309,2.77,2010-10-15,0,False
纺织服饰,纺织制造,辅料,1,002003.SZ,伟星股份,134.58,1.9557,11.32,2004-06-25,0,False
纺织服饰,纺织制造,棉纺,2,002083.SZ,孚日股份,93.43,2.9729,9.87,2006-11-24,0,False
纺织服饰,纺织制造,其他纺织,3,300819.SZ,聚杰微纤,72.66,1.6569,48.7,2020-03-12,0,False
纺织服饰,纺织制造,棉纺,4,002042.SZ,华孚时尚,64.46,1.168,3.79,2005-04-27,0,False
纺织服饰,纺织制造,辅料,5,002674.SZ,兴业科技,57.1,3.2497,19.32,2012-05-07,0,False
纺织服饰,纺织制造,印染,6,605189.SS,富春染织,33.42,1.1806,14.03,2021-05-28,0,False
纺织服饰,饰品,钟表珠宝,1,600916.SS,XD中国黄,127.18,4.6373,7.57,2021-02-05,0,False
纺织服饰,饰品,钟表珠宝,2,002867.SZ,周大生,113.11,1.2513,10.42,2017-04-27,0,False
纺织服饰,饰品,钟表珠宝,3,605599.SS,菜百股份,108.89,1.5727,14.0,2021-09-09,0,True
纺织服饰,饰品,钟表珠宝,4,301177.SZ,迪阿股份,90.58,1.0861,22.63,2021-12-15,0,False
纺织服饰,饰品,钟表珠宝,5,002345.SZ,潮宏基,78.81,2.1336,8.870000000000001,2010-01-28,0,False
纺织服饰,饰品,钟表珠宝,6,000026.SZ,飞亚达,76.97,1.9307,18.97,1993-06-03,0,False
纺织服饰,饰品,钟表珠宝,7,002721.SZ,金一文化,71.8,5.2113,2.7,2014-01-27,0,False
纺织服饰,饰品,钟表珠宝,8,000017.SZ,深中华A,51.21,6.6415,7.43,1992-03-31,0,False
纺织服饰,饰品,钟表珠宝,9,300945.SZ,曼卡龙,31.32,2.8144,11.95,2021-02-10,0,False
纺织服饰,饰品,钟表珠宝,10,603900.SS,莱绅通灵,24.35,2.4417,7.1000000000000005,2016-11-23,0,False
综合,综合,综合Ⅲ,1,600673.SS,东阳光,952.52,7.3081,31.65,1993-09-17,0,True
综合,综合,综合Ⅲ,2,000833.SZ,粤桂股份,170.08,6.6251,19.89,1998-11-11,0,False
综合,综合,综合Ⅲ,3,600770.SS,综艺股份,75.01,2.2908,5.7700000000000005,1996-11-20,0,False
综合,综合,综合Ⅲ,4,600682.SS,南京新百,74.12,1.0756,5.51,1993-10-18,0,False
综合,综合,综合Ⅲ,5,000025.SZ,特 力Ａ,62.81,2.1488,14.57,1993-06-21,0,False
综合,综合,综合Ⅲ,6,000523.SZ,红棉股份,59.1,5.9582,3.22,1993-11-08,0,False
综合,综合,综合Ⅲ,7,600881.SS,亚泰集团,56.24,3.0141,1.74,1995-11-15,0,False
综合,综合,综合Ⅲ,8,000753.SZ,漳州发展,54.53,1.2883,5.5,1997-06-26,0,False
综合,综合,综合Ⅲ,9,002575.SZ,群兴玩具,31.07,1.1077,5.04,2011-04-22,0,False
美容护理,个护用品,生活用纸,1,003006.SZ,百亚股份,82.75,3.3262,19.26,2020-09-21,0,False
美容护理,化妆品,品牌化妆品,1,603605.SS,珀莱雅,223.25,3.5761,56.38,2017-11-15,0,False
美容护理,化妆品,品牌化妆品,2,300957.SZ,贝泰妮,133.43,2.1888,31.5,2021-03-25,0,False
美容护理,化妆品,品牌化妆品,3,600315.SS,上海家化,118.45,1.7682,17.62,2001-03-15,0,False
美容护理,化妆品,品牌化妆品,4,603983.SS,丸美生物,112.48,1.5425,28.05,2019-07-25,0,False
美容护理,化妆品,品牌化妆品,5,300740.SZ,水羊股份,87.63,5.3717,19.92,2018-02-08,0,False
美容护理,化妆品,化妆品制造及其他,6,002094.SZ,青岛金王,34.54,3.3081,5.0,2006-12-15,0,False
美容护理,医疗美容,医美耗材,1,300896.SZ,爱美客,268.79,2.2347,88.83,2020-09-28,0,True
计算机,IT服务,IT服务Ⅲ,1,000938.SZ,紫光股份,965.56,51.9412,33.76,1999-11-04,0,True
计算机,IT服务,IT服务Ⅲ,2,301638.SZ,南网数字,681.08,1.4976,21.42,2025-11-18,0,False
计算机,IT服务,IT服务Ⅲ,3,600845.SS,宝信软件,481.27,1.7347,16.84,1994-03-11,0,False
计算机,IT服务,IT服务Ⅲ,4,301236.SZ,软通动力,376.39,5.7034,36.36,2022-03-15,0,True
计算机,IT服务,IT服务Ⅲ,5,301396.SZ,宏景科技,366.9,18.988,170.71,2022-11-11,0,True
计算机,IT服务,IT服务Ⅲ,6,300017.SZ,网宿科技,365.87,22.6503,14.66,2009-10-30,0,True
计算机,IT服务,IT服务Ⅲ,7,002195.SZ,岩山科技,345.09,5.3648,6.09,2007-12-12,0,True
计算机,IT服务,IT服务Ⅲ,8,600536.SS,中国软件,295.45,8.4759,31.64,2002-05-17,0,False
计算机,IT服务,IT服务Ⅲ,9,300339.SZ,润和软件,275.64,6.349,34.61,2012-07-18,0,True
计算机,IT服务,IT服务Ⅲ,10,300496.SZ,中科创达,251.5,5.2873,54.47,2015-12-10,0,True
计算机,IT服务,IT服务Ⅲ,11,688568.SS,中科星图,248.81,2.8316,30.79,2020-07-08,0,True
计算机,IT服务,IT服务Ⅲ,12,000034.SZ,神州数码,237.0,3.8777,23.31,1994-05-09,0,False
计算机,IT服务,IT服务Ⅲ,13,002065.SZ,东华软件,212.52,1.9439,6.63,2006-08-23,0,True
计算机,IT服务,IT服务Ⅲ,14,000158.SZ,常山北明,201.91,4.9454,12.63,2000-07-24,0,False
计算机,IT服务,IT服务Ⅲ,15,688343.SS,云天励飞-U,200.26,4.2064,55.69,2023-04-04,0,True
计算机,IT服务,IT服务Ⅲ,16,300277.SZ,汽轮科技,185.33,2.3525,12.22,2011-11-23,0,False
计算机,IT服务,IT服务Ⅲ,17,600410.SS,华胜天成,173.36,11.7222,15.81,2004-04-27,0,False
计算机,IT服务,IT服务Ⅲ,18,603171.SS,税友股份,157.05,3.3957,38.65,2021-06-30,0,False
计算机,IT服务,IT服务Ⅲ,19,300170.SZ,汉得信息,156.9,7.5644,15.08,2011-02-01,0,False
计算机,IT服务,IT服务Ⅲ,20,301316.SZ,慧博云通,146.87,3.3485,36.39,2022-10-13,0,False
计算机,IT服务,IT服务Ⅲ,21,300166.SZ,东方国信,137.1,3.8836,12.04,2011-01-25,0,False
计算机,IT服务,IT服务Ⅲ,22,688158.SS,优刻得-W,132.36,4.0412,28.73,2020-01-20,0,True
计算机,IT服务,IT服务Ⅲ,23,688088.SS,虹软科技,117.98,1.36,29.41,2019-07-22,0,False
计算机,IT服务,IT服务Ⅲ,24,002373.SZ,千方科技,116.78,1.1123,7.390000000000001,2010-03-18,0,False
计算机,IT服务,IT服务Ⅲ,25,600589.SS,大位科技,116.6,6.5964,7.87,2001-06-12,0,False
计算机,IT服务,IT服务Ⅲ,26,300674.SZ,宇信科技,115.25,3.9161,16.37,2018-11-07,0,False
计算机,IT服务,IT服务Ⅲ,27,300687.SZ,赛意信息,110.23,4.9831,26.99,2017-08-03,0,False
计算机,IT服务,IT服务Ⅲ,28,688258.SS,卓易信息,108.98,2.8006,89.96000000000001,2019-12-09,0,False
计算机,IT服务,IT服务Ⅲ,29,000815.SZ,美利云,106.58,8.3519,15.33,1998-06-09,0,False
计算机,IT服务,IT服务Ⅲ,30,603859.SS,能科科技,102.86,2.0403,38.61,2016-10-21,0,False
计算机,IT服务,IT服务Ⅲ,31,688327.SS,云从科技-UW,101.81,1.8621,9.79,2022-05-27,0,False
计算机,IT服务,IT服务Ⅲ,32,000555.SZ,神州信息,101.09,1.5182,10.36,1994-04-08,0,False
计算机,IT服务,IT服务Ⅲ,33,600446.SS,金证股份,98.36,1.4661,10.45,2003-12-24,0,False
计算机,IT服务,IT服务Ⅲ,34,300846.SZ,首都在线,97.43,4.2406,19.31,2020-07-01,0,False
计算机,IT服务,IT服务Ⅲ,35,300682.SZ,朗新科技,97.04,1.2377,9.0,2017-08-01,0,False
计算机,IT服务,IT服务Ⅲ,36,600666.SS,奥瑞德,96.85,3.5956,3.52,1993-07-12,0,False
计算机,IT服务,IT服务Ⅲ,37,300634.SZ,彩讯股份,86.45,1.7006,19.16,2018-03-23,0,False
计算机,IT服务,IT服务Ⅲ,38,301248.SZ,杰创智能,83.86,2.059,54.56,2022-04-20,0,False
计算机,IT服务,IT服务Ⅲ,39,002368.SZ,太极股份,83.45,1.1643,13.39,2010-03-12,0,False
计算机,IT服务,IT服务Ⅲ,40,300440.SZ,运达科技,80.78,2.0689,18.28,2015-04-23,0,False
计算机,IT服务,IT服务Ⅲ,41,688227.SS,品高股份,78.44,1.8484,69.38,2021-12-30,0,False
计算机,IT服务,IT服务Ⅲ,42,300895.SZ,铜牛信息,77.43,2.8417,54.99,2020-09-24,0,False
计算机,IT服务,IT服务Ⅲ,43,300872.SZ,天阳科技,72.63,1.8422,14.88,2020-08-24,0,False
计算机,IT服务,IT服务Ⅲ,44,300079.SZ,数码视讯,68.31,1.9621,4.79,2010-04-30,0,False
计算机,IT服务,IT服务Ⅲ,45,002421.SZ,达实智能,66.8,4.2902,3.15,2010-06-03,0,False
计算机,IT服务,IT服务Ⅲ,46,301085.SZ,亚康股份,66.53,3.9863,76.67,2021-10-18,0,False
计算机,IT服务,IT服务Ⅲ,47,002380.SZ,科远智慧,62.69,1.1665,26.12,2010-03-31,0,False
计算机,IT服务,IT服务Ⅲ,48,300300.SZ,海峡创新,62.08,6.5645,9.31,2012-03-19,0,False
计算机,IT服务,IT服务Ⅲ,49,688365.SS,光云科技,59.42,1.8049,13.94,2020-04-29,0,False
计算机,IT服务,IT服务Ⅲ,50,002649.SZ,博彦科技,54.12,1.3986,9.15,2012-01-06,0,False
计算机,IT服务,IT服务Ⅲ,51,688787.SS,海天瑞声,53.97,1.8546,89.47,2021-08-13,0,False
计算机,IT服务,IT服务Ⅲ,52,002229.SZ,鸿博股份,53.31,5.2587,10.81,2008-05-08,0,False
计算机,IT服务,IT服务Ⅲ,53,603887.SS,城地香江,53.28,2.792,8.85,2016-10-10,0,False
计算机,IT服务,IT服务Ⅲ,54,688228.SS,开普云,51.91,1.5296,76.85000000000001,2020-03-27,0,False
计算机,IT服务,IT服务Ⅲ,55,301556.SZ,托普云农,51.68,1.7442,60.6,2024-10-17,0,False
计算机,IT服务,IT服务Ⅲ,56,688207.SS,格灵深瞳,51.41,1.8966,19.85,2022-03-17,0,False
计算机,IT服务,IT服务Ⅲ,57,002657.SZ,中科金财,50.63,1.6018,14.92,2012-02-28,0,False
计算机,IT服务,IT服务Ⅲ,58,301218.SZ,华是科技,49.44,7.219,43.35,2022-03-07,0,False
计算机,IT服务,IT服务Ⅲ,59,600756.SS,浪潮软件,47.76,1.2361,13.66,1996-09-23,0,False
计算机,IT服务,IT服务Ⅲ,60,603138.SS,海量数据,42.25,2.2953,14.39,2017-03-06,0,False
计算机,IT服务,IT服务Ⅲ,61,301172.SZ,君逸数码,41.14,1.1282,18.3,2023-07-26,0,False
计算机,IT服务,IT服务Ⅲ,62,002474.SZ,榕基软件,39.01,1.1632,6.2700000000000005,2010-09-15,0,False
计算机,IT服务,IT服务Ⅲ,63,300399.SZ,天利科技,38.37,2.0111,19.42,2014-10-09,0,False
计算机,IT服务,IT服务Ⅲ,64,603918.SS,金桥信息,37.97,1.2687,10.4,2015-05-28,0,False
计算机,IT服务,IT服务Ⅲ,65,688039.SS,当虹科技,35.93,1.0802,32.49,2019-12-11,0,False
计算机,IT服务,IT服务Ⅲ,66,003005.SZ,竞业达,33.2,3.3186,14.35,2020-09-22,0,False
计算机,IT服务,IT服务Ⅲ,67,605398.SS,新炬网络,32.82,1.2624,20.17,2021-01-21,0,False
计算机,IT服务,IT服务Ⅲ,68,002771.SZ,真视通,28.78,1.3343,13.72,2015-06-29,0,False
计算机,计算机设备,安防设备,1,002415.SZ,海康威视,2991.41,18.2436,32.64,2010-05-28,0,True
计算机,计算机设备,其他计算机设备,2,603019.SS,中科曙光,1215.85,19.7789,83.10000000000001,2014-11-06,0,True
计算机,计算机设备,其他计算机设备,3,000977.SZ,浪潮信息,1040.86,60.3087,70.88,2000-06-08,0,True
计算机,计算机设备,安防设备,4,002236.SZ,大华股份,513.27,4.0144,15.7,2008-05-20,0,True
计算机,计算机设备,其他计算机设备,5,000066.SZ,中国长城,455.48,9.061,14.12,1997-06-26,0,True
计算机,计算机设备,其他计算机设备,6,688188.SS,柏楚电子,385.52,1.9353,95.06,2019-08-08,0,False
计算机,计算机设备,其他计算机设备,7,001339.SZ,智微智能,251.68,4.4608,76.96000000000001,2022-08-15,0,True
计算机,计算机设备,其他计算机设备,8,002180.SZ,奔图科技,232.19,1.3697,16.33,2007-11-13,0,False
计算机,计算机设备,其他计算机设备,9,002152.SZ,广电运通,229.22,1.9228,9.23,2007-08-13,0,True
计算机,计算机设备,其他计算机设备,10,600100.SS,同方股份,228.16,1.3523,6.8100000000000005,1997-06-27,0,False
计算机,计算机设备,安防设备,11,688475.SS,萤石网络,219.87,1.0059,27.92,2022-12-28,0,False
计算机,计算机设备,其他计算机设备,12,000997.SZ,新 大 陆,198.36,5.7764,19.58,2000-08-07,0,True
计算机,计算机设备,其他计算机设备,13,603516.SS,淳中科技,174.34,4.9325,85.77,2018-02-02,0,True
计算机,计算机设备,其他计算机设备,14,688208.SS,道通科技,170.96,1.9275,25.51,2020-02-13,0,False
计算机,计算机设备,安防设备,15,605118.SS,力鼎光电,137.14,1.9868,33.35,2020-07-30,0,False
计算机,计算机设备,其他计算机设备,16,300302.SZ,同有科技,134.19,5.5973,28.0,2012-03-21,0,False
计算机,计算机设备,其他计算机设备,17,002990.SZ,盛视科技,129.04,3.3832,49.29,2020-05-25,0,False
计算机,计算机设备,其他计算机设备,18,002268.SZ,电科网安,119.91,1.5781,14.18,2008-08-11,0,False
计算机,计算机设备,安防设备,19,300790.SZ,宇瞳光学,106.31,4.6406,20.43,2019-09-20,0,False
计算机,计算机设备,其他计算机设备,20,300130.SZ,新国都,101.72,2.8053,17.93,2010-10-19,0,False
计算机,计算机设备,其他计算机设备,21,002970.SZ,锐明技术,80.35,2.0226,43.54,2019-12-17,0,False
计算机,计算机设备,其他计算机设备,22,300042.SZ,朗科科技,78.46,3.2876,39.15,2010-01-08,0,False
计算机,计算机设备,其他计算机设备,23,603496.SS,恒为科技,73.17,1.7238,22.85,2017-06-07,0,False
计算机,计算机设备,安防设备,24,301182.SZ,凯旺科技,62.96,2.396,65.71000000000001,2021-12-23,0,False
计算机,计算机设备,其他计算机设备,25,300249.SZ,依米康,59.78,2.0641,13.04,2011-08-03,0,False
计算机,计算机设备,安防设备,26,688307.SS,中润光学,59.49,1.8163,47.57,2023-02-16,0,False
计算机,计算机设备,其他计算机设备,27,300324.SZ,旋极信息,58.91,1.0209,3.41,2012-06-08,0,False
计算机,计算机设备,其他计算机设备,28,603660.SS,苏州科达,53.26,1.7536,9.32,2016-12-01,0,False
计算机,计算机设备,其他计算机设备,29,001229.SZ,魅视科技,52.74,1.779,36.77,2022-08-08,0,False
计算机,计算机设备,安防设备,30,003004.SZ,声迅股份,49.53,1.3241,60.5,2020-11-26,0,False
计算机,计算机设备,其他计算机设备,31,300531.SZ,优博讯,48.61,1.6423,15.14,2016-08-09,0,False
计算机,计算机设备,其他计算机设备,32,300368.SZ,汇金股份,48.13,4.87,9.1,2014-01-23,0,False
计算机,计算机设备,其他计算机设备,33,300386.SZ,飞天诚信,46.07,2.1428,11.02,2014-06-26,0,False
计算机,计算机设备,其他计算机设备,34,002912.SZ,中新赛克,43.73,1.3292,25.61,2017-11-21,0,False
计算机,计算机设备,其他计算机设备,35,300552.SZ,万集科技,43.56,1.3014,20.44,2016-10-21,0,False
计算机,计算机设备,其他计算机设备,36,002177.SZ,御银股份,42.78,2.3419,5.62,2007-11-01,0,False
计算机,计算机设备,其他计算机设备,37,300508.SZ,维宏股份,42.24,1.0325,38.5,2016-04-19,0,False
计算机,计算机设备,其他计算机设备,38,002197.SZ,证通电子,40.61,1.1939,6.61,2007-12-18,0,False
计算机,计算机设备,安防设备,39,300588.SZ,熙菱信息,40.09,1.3235,20.94,2017-01-05,0,False
计算机,计算机设备,其他计算机设备,40,603106.SS,恒银科技,38.88,2.2657,7.47,2017-09-20,0,False
计算机,计算机设备,其他计算机设备,41,300551.SZ,古鳌科技,38.5,1.7635,11.32,2016-10-18,0,False
计算机,计算机设备,其他计算机设备,42,300333.SZ,兆日科技,38.1,5.086,11.34,2012-06-28,0,False
计算机,计算机设备,其他计算机设备,43,300546.SZ,雄帝科技,31.21,2.2241,16.63,2016-09-28,0,False
计算机,计算机设备,安防设备,44,300270.SZ,中威电子,30.98,1.0758,10.23,2011-10-12,0,False
计算机,计算机设备,安防设备,45,301042.SZ,安联锐视,29.27,1.045,30.24,2021-08-05,0,False
计算机,软件开发,垂直应用软件,1,300033.SZ,同花顺,1560.22,25.3227,207.3,2009-12-25,0,True
计算机,软件开发,横向通用软件,2,688111.SS,金山办公,1032.2,13.0084,222.45,2019-11-18,0,True
计算机,软件开发,横向通用软件,3,002230.SZ,科大讯飞,934.65,8.6693,38.91,2008-05-12,0,True
计算机,软件开发,横向通用软件,4,601360.SS,三六零,614.56,10.2079,8.78,2012-01-16,0,True
计算机,软件开发,横向通用软件,5,300454.SZ,深信服,576.0,20.166,133.47,2018-05-16,0,True
计算机,软件开发,垂直应用软件,6,300803.SZ,指南针,497.05,15.6478,80.62,2019-11-18,0,True
计算机,软件开发,垂直应用软件,7,002920.SZ,德赛西威,486.22,5.2537,81.47,2017-12-26,0,True
计算机,软件开发,垂直应用软件,8,301269.SZ,华大九天,475.17,5.2287,86.73,2022-07-29,0,True
计算机,软件开发,垂直应用软件,9,600570.SS,恒生电子,381.38,4.315,20.14,2003-12-16,0,True
计算机,软件开发,横向通用软件,10,600588.SS,用友网络,320.51,5.4409,9.38,2001-05-18,0,False
计算机,软件开发,垂直应用软件,11,300209.SZ,行云科技,320.29,24.6125,34.49,2011-04-26,0,False
计算机,软件开发,垂直应用软件,12,002261.SZ,拓维信息,315.74,7.3379,25.06,2008-07-23,0,True
计算机,软件开发,垂直应用软件,13,688318.SS,财富趋势,282.41,6.6822,78.76,2020-04-27,0,False
计算机,软件开发,垂直应用软件,14,688692.SS,达梦数据,234.76,2.3133,207.31,2024-06-12,0,False
计算机,软件开发,垂直应用软件,15,600602.SS,云赛智联,230.18,4.5267,16.830000000000002,1990-12-19,0,False
计算机,软件开发,垂直应用软件,16,300085.SZ,银之杰,209.87,14.2913,29.7,2010-05-26,0,True
计算机,软件开发,垂直应用软件,17,002153.SZ,石基信息,205.51,1.4645,7.53,2007-08-13,0,False
计算机,软件开发,垂直应用软件,18,688206.SS,概伦电子,199.45,3.3943,37.56,2021-12-28,0,True
计算机,软件开发,横向通用软件,19,688561.SS,奇安信-U,188.85,2.5893,27.68,2020-07-22,0,False
计算机,软件开发,垂直应用软件,20,688615.SS,合合信息,175.95,4.2731,89.77,2024-09-26,0,False
计算机,软件开发,横向通用软件,21,002439.SZ,启明星辰,163.18,2.5088,13.47,2010-06-23,0,False
计算机,软件开发,垂直应用软件,22,601519.SS,大智慧,161.32,3.4255,8.11,2011-01-28,0,False
计算机,软件开发,垂直应用软件,23,301095.SZ,广立微,151.53,3.7472,75.66,2022-08-05,0,False
计算机,软件开发,垂直应用软件,24,300253.SZ,卫宁健康,146.38,3.1047,6.65,2011-08-18,0,False
计算机,软件开发,垂直应用软件,25,002405.SZ,四维图新,142.68,1.9772,6.0200000000000005,2010-05-18,0,True
计算机,软件开发,垂直应用软件,26,002410.SZ,广联达,138.6,2.1083,8.39,2010-05-25,0,False
计算机,软件开发,横向通用软件,27,688031.SS,星环科技-U,127.01,6.4272,104.85,2022-10-18,0,False
计算机,软件开发,垂直应用软件,28,688507.SS,索辰科技,125.51,5.4161,140.85,2023-04-18,0,False
计算机,软件开发,垂直应用软件,29,300469.SZ,信息发展,121.12,2.8728,48.79,2015-06-11,0,True
计算机,软件开发,垂直应用软件,30,300468.SZ,四方精创,117.7,14.2112,22.18,2015-05-27,0,True
计算机,软件开发,垂直应用软件,31,300229.SZ,拓尔思,112.87,2.9765,12.92,2011-06-15,0,False
计算机,软件开发,垂直应用软件,32,603927.SS,中科软,111.94,1.0816,13.47,2019-09-09,0,False
计算机,软件开发,垂直应用软件,33,002987.SZ,京北方,111.43,2.2052,10.71,2020-05-07,0,False
计算机,软件开发,横向通用软件,34,603039.SS,泛微网络,110.44,6.2947,35.9,2017-01-13,0,False
计算机,软件开发,垂直应用软件,35,300377.SZ,赢时胜,104.31,5.5588,13.89,2014-01-27,0,True
计算机,软件开发,垂直应用软件,36,002063.SZ,远光软件,102.48,1.0119,5.3500000000000005,2006-08-23,0,False
计算机,软件开发,横向通用软件,37,300378.SZ,鼎捷数智,97.87,6.403,36.04,2014-01-27,0,False
计算机,软件开发,横向通用软件,38,300624.SZ,万兴科技,95.95,5.9657,49.63,2018-01-18,0,False
计算机,软件开发,垂直应用软件,39,600654.SS,中安科,86.5,3.2847,3.04,1990-12-19,0,False
计算机,软件开发,横向通用软件,40,300766.SZ,每日互动,85.94,4.1567,21.77,2019-03-25,0,False
计算机,软件开发,垂直应用软件,41,688083.SS,中望软件,85.18,1.0883,50.21,2021-03-11,0,False
计算机,软件开发,横向通用软件,42,002212.SZ,天融信,82.44,5.1318,6.99,2008-02-01,0,False
计算机,软件开发,垂直应用软件,43,300348.SZ,长亮科技,76.85,2.1076,9.46,2012-08-17,0,False
计算机,软件开发,垂直应用软件,44,300598.SZ,诚迈科技,64.99,4.2309,29.95,2017-01-20,0,False
计算机,软件开发,横向通用软件,45,300369.SZ,绿盟科技,64.85,4.2307,8.0,2014-01-29,0,False
计算机,软件开发,垂直应用软件,46,300520.SZ,科大国创,64.36,1.429,22.04,2016-07-08,0,False
计算机,软件开发,垂直应用软件,47,300075.SZ,数字政通,64.16,1.0002,10.33,2010-04-27,0,False
计算机,软件开发,垂直应用软件,48,300226.SZ,上海钢联,62.42,1.2697,16.32,2011-06-08,0,False
计算机,软件开发,垂直应用软件,49,002298.SZ,中电鑫龙,62.39,2.696,8.43,2009-09-29,0,False
计算机,软件开发,垂直应用软件,50,300579.SZ,数字认证,61.18,1.5207,22.66,2016-12-23,0,False
计算机,软件开发,垂直应用软件,51,603990.SS,麦迪科技,60.62,3.3707,19.86,2016-12-08,0,False
计算机,软件开发,横向通用软件,52,002279.SZ,久其软件,58.72,2.8246,6.8100000000000005,2009-08-11,0,False
计算机,软件开发,垂直应用软件,53,300047.SZ,天源迪科,57.59,1.1061,9.03,2010-01-20,0,False
计算机,软件开发,垂直应用软件,54,300561.SZ,汇金科技,52.01,3.5015,15.85,2016-11-17,0,False
计算机,软件开发,垂直应用软件,55,000948.SZ,南天信息,51.78,1.2866,13.28,1999-10-14,0,False
计算机,软件开发,横向通用软件,56,688225.SS,亚信安全,51.76,1.0288,12.94,2022-02-09,0,False
计算机,软件开发,横向通用软件,57,688095.SS,福昕软件,51.56,1.8671,56.44,2020-09-08,0,False
计算机,软件开发,垂直应用软件,58,300465.SZ,高伟达,49.74,2.1815,11.21,2015-05-28,0,False
计算机,软件开发,垂直应用软件,59,300996.SZ,普联软件,49.32,3.7687,12.46,2021-06-03,0,False
计算机,软件开发,横向通用软件,60,600288.SS,大恒科技,47.0,2.2318,10.76,2000-11-29,0,False
计算机,软件开发,横向通用软件,61,688023.SS,安恒信息,43.88,1.5144,42.95,2019-11-05,0,False
计算机,软件开发,垂直应用软件,62,002322.SZ,理工能科,43.42,1.0938,11.88,2009-12-18,0,False
计算机,软件开发,横向通用软件,63,688168.SS,安博通,43.4,1.9309,40.16,2019-09-06,0,False
计算机,软件开发,垂直应用软件,64,688291.SS,金橙子,39.96,1.0916,38.92,2022-10-26,0,False
计算机,软件开发,横向通用软件,65,300311.SZ,任子行,38.53,3.1394,5.72,2012-04-25,0,False
计算机,软件开发,垂直应用软件,66,300830.SZ,金现代,37.12,1.9654,8.22,2020-05-06,0,False
计算机,软件开发,垂直应用软件,67,300663.SZ,科蓝软件,36.55,2.6281,7.640000000000001,2017-06-08,0,False
计算机,软件开发,垂直应用软件,68,300542.SZ,新晨科技,35.95,1.7432,12.04,2016-09-20,0,False
计算机,软件开发,横向通用软件,69,688152.SS,麒麟信安,35.08,2.154,34.43,2022-10-28,0,False
计算机,软件开发,垂直应用软件,70,603232.SS,格尔软件,34.97,1.3013,15.04,2017-04-21,0,False
计算机,软件开发,垂直应用软件,71,003029.SZ,吉大正元,33.71,1.0096,17.41,2020-12-24,0,True
计算机,软件开发,垂直应用软件,72,688296.SS,和达科技,26.9,1.6224,25.05,2021-07-27,0,False
计算机,软件开发,横向通用软件,73,688435.SS,英方软件,24.01,1.1685,28.76,2023-01-19,0,False
轻工制造,包装印刷,纸包装,1,002831.SZ,裕同科技,367.43,2.9465,28.52,2016-12-16,0,False
轻工制造,包装印刷,塑料包装,2,003018.SZ,金富科技,155.41,9.7531,49.5,2020-11-06,0,False
轻工制造,包装印刷,金属包装,3,002969.SZ,嘉美包装,124.57,4.3172,11.34,2019-12-02,0,False
轻工制造,包装印刷,金属包装,4,002701.SZ,奥瑞金,113.4,1.044,4.43,2012-10-11,0,False
轻工制造,包装印刷,塑料包装,5,600210.SS,紫江企业,96.46,1.0301,6.36,1999-08-24,0,False
轻工制造,包装印刷,纸包装,6,002565.SZ,顺灏股份,92.33,4.2115,8.71,2011-03-18,0,False
轻工制造,包装印刷,纸包装,7,002303.SZ,美盈森,88.05,2.7549,5.75,2009-11-03,0,False
轻工制造,包装印刷,纸包装,8,603687.SS,大胜达,85.03,3.6956,15.46,2019-07-26,0,True
轻工制造,包装印刷,金属包装,9,002787.SZ,华源控股,84.43,3.9045,25.4,2015-12-31,0,False
轻工制造,包装印刷,塑料包装,10,002735.SZ,王子新材,46.19,2.8341,12.31,2014-12-03,0,False
轻工制造,包装印刷,综合包装,11,603607.SS,京华激光,43.58,1.0518,24.41,2017-10-25,0,False
轻工制造,包装印刷,纸包装,12,603058.SS,永吉股份,36.08,1.3205,8.700000000000001,2016-12-23,0,False
轻工制造,家居用品,其他家居用品,1,603195.SS,公牛集团,684.59,1.2953,37.96,2020-02-06,0,False
轻工制造,家居用品,成品家居,2,603816.SS,顾家家居,207.83,1.5488,22.45,2016-10-14,0,True
轻工制造,家居用品,定制家居,3,603833.SS,欧派家居,174.57,1.0192,28.82,2017-03-28,0,False
轻工制造,家居用品,其他家居用品,4,001221.SZ,悍高集团,141.48,1.3141,35.37,2025-07-30,0,False
轻工制造,家居用品,瓷砖地板,5,603226.SS,菲林格尔,130.47,2.1047,36.7,2017-06-15,0,False
轻工制造,家居用品,成品家居,6,603389.SS,亚振家居,125.36,1.1721,47.71,2016-12-15,0,False
轻工制造,家居用品,成品家居,7,301061.SZ,匠心家居,118.82,1.2688,41.78,2021-09-13,0,False
轻工制造,家居用品,成品家居,8,301376.SZ,致欧科技,91.24,1.2025,22.67,2023-06-21,0,False
轻工制造,家居用品,瓷砖地板,9,002631.SZ,德尔未来,89.53,4.2314,11.23,2011-11-11,0,False
轻工制造,家居用品,瓷砖地板,10,603221.SS,爱丽家居,72.03,4.5758,29.73,2020-03-23,0,False
轻工制造,家居用品,定制家居,11,300749.SZ,顶固集创,50.18,1.0952,24.46,2018-09-25,0,False
轻工制造,家居用品,定制家居,12,603216.SS,梦天家居,48.15,1.9454,21.62,2021-12-15,0,False
轻工制造,家居用品,其他家居用品,13,301055.SZ,张小泉,47.99,1.3721,30.76,2021-09-06,0,False
轻工制造,家居用品,瓷砖地板,14,002918.SZ,蒙娜丽莎,45.58,2.3346,11.15,2017-12-19,0,False
轻工制造,家居用品,成品家居,15,603313.SS,梦百合,37.72,1.4085,6.61,2016-10-13,0,False
轻工制造,家居用品,瓷砖地板,16,002162.SZ,悦心健康,36.05,1.2342,3.92,2007-08-23,0,False
轻工制造,家居用品,卫浴制品,17,002084.SZ,海鸥住工,34.56,5.1619,5.3500000000000005,2006-11-24,0,False
轻工制造,家居用品,瓷砖地板,18,603725.SS,天安新材,31.16,1.4598,10.22,2017-09-06,0,False
轻工制造,家居用品,卫浴制品,19,002790.SZ,瑞尔特,29.54,1.1872,7.07,2016-03-08,0,False
轻工制造,家居用品,定制家居,20,603801.SS,志邦家居,25.15,1.7856,5.79,2017-06-30,0,False
轻工制造,文娱用品,文化用品,1,603899.SS,晨光股份,199.37,1.0074,21.77,2015-01-27,0,False
轻工制造,文娱用品,娱乐用品,2,002348.SZ,高乐股份,104.18,1.4863,10.49,2010-02-03,0,False
轻工制造,文娱用品,娱乐用品,3,605299.SS,舒华体育,48.88,2.0306,11.99,2020-12-15,0,False
轻工制造,文娱用品,娱乐用品,4,002862.SZ,实丰文化,25.19,1.1705,14.86,2017-04-11,0,False
轻工制造,造纸,大宗用纸,1,002078.SZ,太阳纸业,395.59,3.4176,13.86,2006-11-16,0,False
轻工制造,造纸,特种纸,2,603733.SS,仙鹤股份,154.71,1.6811,18.93,2018-04-20,0,False
轻工制造,造纸,特种纸,3,600103.SS,青山纸业,82.69,12.8711,3.69,1997-07-03,0,False
轻工制造,造纸,大宗用纸,4,600963.SS,岳阳林纸,59.58,1.009,3.39,2004-05-25,0,False
轻工制造,造纸,大宗用纸,5,002067.SZ,景兴纸业,58.99,1.3881,4.0,2006-09-15,0,False
轻工制造,造纸,特种纸,6,002235.SZ,安妮股份,46.25,2.225,7.98,2008-05-16,0,False
通信,通信服务,电信运营商,1,600941.SS,中国移动,21046.72,8.1321,97.03,2022-01-05,0,True
通信,通信服务,电信运营商,2,601728.SS,中国电信,5728.35,5.6407,6.26,2021-08-20,0,True
通信,通信服务,电信运营商,3,600050.SS,中国联通,1303.73,4.7212,4.17,2002-10-09,0,True
通信,通信服务,通信应用增值服务,4,300442.SZ,润泽科技,1020.4,10.5271,62.18,2015-04-24,0,True
通信,通信服务,通信应用增值服务,5,603881.SS,数据港,203.79,8.7678,23.64,2017-02-08,0,False
通信,通信服务,通信应用增值服务,6,300383.SZ,光环新网,198.27,4.2758,11.03,2014-01-29,0,True
通信,通信服务,通信应用增值服务,7,300738.SZ,奥飞数据,190.05,6.1495,19.29,2018-01-19,0,False
通信,通信服务,通信工程及服务,8,002929.SZ,润建股份,143.16,4.5576,49.99,2018-03-01,0,False
通信,通信服务,通信工程及服务,9,002544.SZ,普天科技,110.18,1.4005,16.19,2011-01-28,0,False
通信,通信服务,通信应用增值服务,10,000839.SZ,国安股份,108.97,2.6921,2.78,1997-10-31,0,False
通信,通信服务,通信应用增值服务,11,301382.SZ,蜂助手,101.92,3.4643,35.72,2023-05-17,0,False
通信,通信服务,通信工程及服务,12,603220.SS,中贝通信,96.33,3.2934,17.96,2018-11-15,0,False
通信,通信服务,通信工程及服务,13,002115.SZ,三维通信,81.23,4.5518,10.09,2007-02-15,0,False
通信,通信服务,通信应用增值服务,14,300959.SZ,线上线下,72.73,1.9257,90.5,2021-03-22,0,False
通信,通信服务,通信应用增值服务,15,002467.SZ,二六三,63.4,1.3726,4.61,2010-09-08,0,False
通信,通信服务,通信应用增值服务,16,300292.SZ,吴通控股,63.33,2.3038,4.72,2012-02-29,0,False
通信,通信服务,通信应用增值服务,17,002123.SZ,梦网科技,61.78,1.3273,7.67,2007-03-28,0,False
通信,通信服务,通信工程及服务,18,603322.SS,超讯科技,49.8,1.9274,31.6,2016-07-28,0,False
通信,通信服务,通信工程及服务,19,300560.SZ,中富通,40.73,2.0356,17.73,2016-11-01,0,False
通信,通信服务,通信应用增值服务,20,300921.SZ,南凌科技,40.64,1.1478,15.83,2020-12-22,0,False
通信,通信服务,通信应用增值服务,21,300571.SZ,平治信息,40.06,1.6655,28.71,2016-12-13,0,False
通信,通信服务,通信工程及服务,22,300050.SZ,世纪鼎利,39.94,2.2482,7.33,2010-01-20,0,False
通信,通信服务,通信工程及服务,23,000889.SZ,中嘉博创,36.8,1.7651,3.93,1997-12-18,0,False
通信,通信服务,通信工程及服务,24,603559.SS,中通国脉,36.28,2.2522,9.04,2016-12-02,0,False
通信,通信服务,通信应用增值服务,25,301380.SZ,挖金客,32.65,1.0985,32.2,2022-10-25,0,False
通信,通信设备,通信网络设备及器件,1,300308.SZ,中际旭创,10646.18,231.4267,903.82,2012-04-10,0,True
通信,通信设备,通信网络设备及器件,2,300502.SZ,新易盛,5880.91,144.1411,421.65,2016-03-03,0,True
通信,通信设备,通信线缆及配套,3,601869.SS,长飞光纤,3892.81,59.5749,470.2,2018-07-20,0,True
通信,通信设备,通信网络设备及器件,4,300394.SZ,天孚通信,2932.79,107.5743,268.86,2015-02-17,0,True
通信,通信设备,通信线缆及配套,5,600487.SS,亨通光电,1615.24,113.8673,65.49,2003-08-22,0,True
通信,通信设备,通信网络设备及器件,6,000063.SZ,中兴通讯,1548.43,19.433,32.37,1997-11-18,0,True
通信,通信设备,通信网络设备及器件,7,002281.SZ,光迅科技,1533.26,53.6907,185.21,2009-08-21,0,True
通信,通信设备,通信网络设备及器件,8,301165.SZ,锐捷网络,1251.28,18.4888,112.36,2022-11-21,0,False
通信,通信设备,通信线缆及配套,9,600522.SS,中天科技,1202.38,65.2246,35.230000000000004,2002-10-24,0,True
通信,通信设备,通信终端及配件,10,603083.SS,剑桥科技,820.98,50.3441,222.94,2017-11-10,0,False
通信,通信设备,通信网络设备及器件,11,300620.SZ,光库科技,733.09,31.3444,294.2,2017-03-10,0,True
通信,通信设备,通信网络设备及器件,12,688313.SS,仕佳光子,723.31,28.6193,160.03,2020-08-12,0,True
通信,通信设备,通信网络设备及器件,13,300548.SZ,长芯博创,686.73,30.0284,232.92,2016-10-12,0,True
通信,通信设备,通信线缆及配套,14,600105.SS,永鼎股份,661.11,48.9224,45.22,1997-09-29,0,True
通信,通信设备,通信终端及配件,15,003031.SZ,中瓷电子,621.19,13.2335,137.72,2021-01-04,0,False
通信,通信设备,通信网络设备及器件,16,600498.SS,烽火通信,575.05,37.226,42.34,2001-08-23,0,True
通信,通信设备,通信终端及配件,17,300628.SZ,亿联网络,527.67,4.7007,41.65,2017-03-17,0,False
通信,通信设备,通信网络设备及器件,18,300570.SZ,太辰光,466.77,38.8548,205.51,2016-12-06,0,True
通信,通信设备,通信网络设备及器件,19,688387.SS,信科移动-U,424.95,4.6838,12.43,2022-09-26,0,False
通信,通信设备,通信网络设备及器件,20,301205.SZ,联特科技,381.47,22.1282,293.25,2022-09-13,0,False
通信,通信设备,通信网络设备及器件,21,688668.SS,鼎通科技,365.67,11.2714,262.56,2020-12-21,0,True
通信,通信设备,通信终端及配件,22,688027.SS,国盾量子,362.4,4.262,352.32,2020-07-09,0,True
通信,通信设备,通信网络设备及器件,23,688205.SS,德科立,347.77,26.8986,218.4,2022-08-09,0,True
通信,通信设备,通信线缆及配套,24,002491.SZ,通鼎互联,300.73,44.9706,24.45,2010-10-21,0,True
通信,通信设备,通信网络设备及器件,25,002396.SZ,星网锐捷,291.0,34.9578,38.42,2010-06-23,0,True
通信,通信设备,通信网络设备及器件,26,001267.SZ,汇绿生态,288.33,11.2982,36.73,2021-11-17,0,False
通信,通信设备,通信终端及配件,27,603236.SS,移远通信,282.58,9.1146,69.71000000000001,2019-07-16,0,False
通信,通信设备,通信线缆及配套,28,688635.SS,长进光子,265.84,6.0058,283.8,2026-05-27,0,False
通信,通信设备,通信线缆及配套,29,688143.SS,长盈通,246.99,28.2212,191.79,2022-12-12,0,True
通信,通信设备,通信终端及配件,30,300627.SZ,华测导航,209.61,1.7922,26.4,2017-03-21,0,True
通信,通信设备,其他通信设备,31,600345.SS,长江通信,177.73,6.2609,53.92,2000-12-22,0,False
通信,通信设备,其他通信设备,32,600776.SS,东方通信,169.69,3.5813,13.51,1996-11-26,0,False
通信,通信设备,通信终端及配件,33,300638.SZ,广和通,161.24,1.9802,17.93,2017-04-13,0,False
通信,通信设备,通信网络设备及器件,34,002792.SZ,通宇通讯,158.93,7.7747,30.34,2016-03-28,0,False
通信,通信设备,通信线缆及配套,35,300913.SZ,兆龙互连,151.17,6.2876,44.1,2020-12-07,0,False
通信,通信设备,通信线缆及配套,36,000070.SZ,特发信息,149.8,11.4959,17.25,2000-05-11,0,False
通信,通信设备,通信网络设备及器件,37,002583.SZ,海能达,149.31,1.5078,8.21,2011-05-27,0,False
通信,通信设备,通信网络设备及器件,38,002897.SZ,意华股份,139.62,8.6161,72.02,2017-09-07,0,False
通信,通信设备,通信终端及配件,39,603118.SS,共进股份,133.05,17.2948,16.9,2015-02-25,0,False
通信,通信设备,通信终端及配件,40,002881.SZ,美格智能,123.64,5.0207,40.89,2017-06-22,0,False
通信,通信设备,通信网络设备及器件,41,301307.SZ,美利信,121.2,5.4879,57.55,2023-04-24,0,False
通信,通信设备,通信网络设备及器件,42,688182.SS,灿勤科技,113.76,1.2984,28.44,2021-11-16,0,False
通信,通信设备,通信终端及配件,43,600198.SS,大唐电信,101.03,2.2635,7.75,1998-10-21,0,True
通信,通信设备,其他通信设备,44,300353.SZ,东土科技,99.92,1.8423,16.25,2012-09-27,0,False
通信,通信设备,通信终端及配件,45,600775.SS,南京熊猫,88.55,1.0735,9.69,1996-11-18,0,False
通信,通信设备,通信终端及配件,46,301191.SZ,菲菱科思,84.5,3.4128,87.21000000000001,2022-05-26,0,False
通信,通信设备,通信终端及配件,47,002017.SZ,东信和平,83.76,7.8045,14.43,2004-07-13,0,False
通信,通信设备,通信终端及配件,48,002104.SZ,恒宝股份,79.19,11.6064,11.18,2007-01-10,0,False
通信,通信设备,通信网络设备及器件,49,300098.SZ,高新兴,75.77,1.4026,4.36,2010-07-28,0,False
通信,通信设备,通信网络设备及器件,50,002194.SZ,武汉凡谷,75.5,4.544,11.05,2007-12-07,0,False
通信,通信设备,通信网络设备及器件,51,002796.SZ,世嘉科技,74.42,2.646,29.49,2016-05-10,0,False
通信,通信设备,通信终端及配件,52,003040.SZ,楚天龙,72.77,15.0474,15.78,2021-03-22,0,False
通信,通信设备,通信终端及配件,53,300689.SZ,澄天伟业,72.28,1.7269,62.53,2017-08-09,0,False
通信,通信设备,通信网络设备及器件,54,002902.SZ,铭普光磁,69.33,5.5166,29.5,2017-09-29,0,False
通信,通信设备,通信网络设备及器件,55,301419.SZ,阿莱德,63.57,3.5859,42.38,2023-02-09,0,False
通信,通信设备,通信终端及配件,56,300590.SZ,移为通信,52.65,1.2986,11.39,2017-01-11,0,False
通信,通信设备,其他通信设备,57,300711.SZ,广哈通信,50.98,2.255,18.18,2017-11-01,0,False
通信,通信设备,通信线缆及配套,58,300563.SZ,神宇股份,49.54,2.424,27.2,2016-11-14,0,False
通信,通信设备,通信终端及配件,59,603803.SS,瑞斯康达,49.29,2.576,11.6,2017-04-20,0,False
通信,通信设备,通信终端及配件,60,300504.SZ,天邑股份,47.78,1.4073,17.63,2018-03-30,0,False
通信,通信设备,通信网络设备及器件,61,603421.SS,鼎信通讯,47.15,1.8679,7.23,2016-10-11,0,False
通信,通信设备,其他通信设备,62,300414.SZ,中光防雷,36.42,1.1443,11.17,2015-05-13,0,False
通信,通信设备,通信线缆及配套,63,603042.SS,华脉科技,35.82,2.7705,17.16,2017-06-02,0,False
通信,通信设备,通信终端及配件,64,688159.SS,有方科技,33.53,1.0948,36.13,2020-01-23,0,False
通信,通信设备,通信终端及配件,65,002313.SZ,日海智能,31.11,1.043,8.31,2009-12-03,0,False
通信,通信设备,通信网络设备及器件,66,300710.SZ,万隆光电,29.63,1.4256,29.78,2017-10-19,0,False
通信,通信设备,通信线缆及配套,67,000586.SZ,汇源通信,27.62,1.5183,14.28,1995-12-20,0,False
通信,通信设备,通信终端及配件,68,300615.SZ,欣天科技,27.25,3.4292,14.12,2017-02-15,0,False
钢铁,冶钢原料,冶钢辅料,1,600295.SS,鄂尔多斯,371.96,1.4863,13.29,2001-04-26,0,True
钢铁,冶钢原料,铁矿石,2,001203.SZ,大中矿业,357.21,5.0637,23.3,2021-05-10,0,True
钢铁,冶钢原料,冶钢辅料,3,000629.SZ,钒钛股份,268.51,2.4096,2.89,1996-11-15,0,False
钢铁,冶钢原料,冶钢辅料,4,600516.SS,方大炭素,210.96,1.8658,5.24,2002-08-30,0,False
钢铁,冶钢原料,铁矿石,5,601969.SS,海南矿业,186.94,1.6629,9.42,2014-12-09,0,False
钢铁,冶钢原料,铁矿石,6,000923.SZ,河钢资源,105.94,3.4721,16.23,1999-07-14,0,False
钢铁,冶钢原料,铁矿石,7,601121.SS,宝地矿业,69.88,1.0482,7.1000000000000005,2023-03-10,0,False
钢铁,普钢,板材,1,600019.SS,XD宝钢股,1259.0,5.473,5.78,2000-12-12,0,True
钢铁,普钢,板材,2,600010.SS,包钢股份,967.84,7.3263,2.14,2001-03-09,0,True
钢铁,普钢,板材,3,000959.SZ,首钢股份,272.97,1.0744,3.52,1999-12-16,0,False
钢铁,普钢,板材,4,000932.SZ,华菱钢铁,248.06,3.0543,3.62,1999-08-03,0,True
钢铁,普钢,板材,5,000709.SZ,河钢股份,212.94,1.7252,2.06,1997-04-16,0,False
钢铁,普钢,板材,6,600126.SS,杭钢股份,207.36,2.9898,6.140000000000001,1998-03-11,0,True
钢铁,普钢,板材,7,600808.SS,马钢股份,197.91,1.5581,2.57,1994-01-06,0,False
钢铁,普钢,钢铁管材,8,000778.SZ,新兴铸管,142.67,2.0673,3.6,1997-06-06,0,True
钢铁,普钢,板材,9,600022.SS,山东钢铁,142.29,1.0821,1.33,2004-06-29,0,False
钢铁,普钢,板材,10,600782.SS,新钢股份,86.55,1.1194,2.73,1996-12-25,0,False
钢铁,特钢,特钢Ⅲ,1,000708.SZ,中信特钢,669.76,1.7913,13.27,1997-03-26,0,True
钢铁,特钢,特钢Ⅲ,2,600282.SS,XD南钢股,286.06,1.6566,4.64,2000-09-19,0,True
钢铁,特钢,特钢Ⅲ,3,000825.SZ,太钢不锈,196.52,1.143,3.45,1998-10-21,0,True
钢铁,特钢,特钢Ⅲ,4,002318.SZ,久立特材,175.01,1.666,17.91,2009-12-11,0,True
钢铁,特钢,特钢Ⅲ,5,603995.SS,甬金股份,91.34,1.253,25.12,2019-12-24,0,False
钢铁,特钢,特钢Ⅲ,6,600399.SS,抚顺特钢,88.55,1.5986,4.49,2000-12-29,0,False
钢铁,特钢,特钢Ⅲ,7,002443.SZ,金洲管道,62.67,3.099,12.04,2010-07-06,0,False
钢铁,特钢,特钢Ⅲ,8,002478.SZ,常宝股份,58.37,1.9906,6.48,2010-09-21,0,False
银行,农商行,农商行Ⅲ,1,601825.SS,沪农商行,841.96,2.1458,8.73,2021-08-19,0,True
银行,农商行,农商行Ⅲ,2,601077.SS,渝农商行,748.43,4.071,6.59,2019-10-29,0,False
银行,农商行,农商行Ⅲ,3,601128.SS,常熟银行,232.02,3.6202,6.36,2016-09-30,0,False
银行,农商行,农商行Ⅲ,4,002958.SZ,青农商行,165.0,2.5047,2.97,2019-03-26,0,False
银行,农商行,农商行Ⅲ,5,600908.SS,无锡银行,128.17,1.3064,5.84,2016-09-23,0,False
银行,农商行,农商行Ⅲ,6,002807.SZ,江阴银行,113.45,2.073,4.19,2016-09-02,0,False
银行,农商行,农商行Ⅲ,7,002839.SZ,张家港行,106.08,1.511,4.34,2017-01-24,0,False
银行,农商行,农商行Ⅲ,8,603323.SS,苏农银行,99.25,1.9765,4.47,2016-11-29,0,False
银行,农商行,农商行Ⅲ,9,601860.SS,紫金银行,94.46,1.5367,2.58,2019-01-03,0,False
银行,国有大型银行,国有大型银行Ⅲ,1,601398.SS,工商银行,28904.55,23.6422,8.11,2006-10-27,0,True
银行,国有大型银行,国有大型银行Ⅲ,2,601939.SS,建设银行,28409.8,11.5329,10.86,2007-09-25,0,False
银行,国有大型银行,国有大型银行Ⅲ,3,601288.SS,农业银行,24078.83,22.0387,6.88,2010-07-15,0,True
银行,国有大型银行,国有大型银行Ⅲ,4,601988.SS,中国银行,21072.69,16.1266,6.54,2006-07-05,0,True
银行,国有大型银行,国有大型银行Ⅲ,5,601328.SS,交通银行,6697.97,11.7247,7.58,2007-05-15,0,True
银行,国有大型银行,国有大型银行Ⅲ,6,601658.SS,邮储银行,6461.11,10.7823,5.38,2019-12-10,0,False
银行,城商行,城商行Ⅲ,1,002142.SZ,宁波银行,2272.3,9.6159,34.410000000000004,2007-07-19,0,True
银行,城商行,城商行Ⅲ,2,600919.SS,江苏银行,2227.85,11.1892,12.14,2016-08-02,0,True
银行,城商行,城商行Ⅲ,3,601009.SS,南京银行,1473.74,6.7973,11.92,2007-07-19,0,True
银行,城商行,城商行Ⅲ,4,601229.SS,上海银行,1366.91,5.7956,9.62,2016-11-16,0,True
银行,城商行,城商行Ⅲ,5,600926.SS,杭州银行,1247.55,7.024,17.21,2016-10-27,0,False
银行,城商行,城商行Ⅲ,6,601169.SS,北京银行,1184.01,11.0366,5.6000000000000005,2007-09-19,0,True
银行,城商行,城商行Ⅲ,7,601838.SS,成都银行,840.91,3.6036,19.84,2018-01-31,0,True
银行,城商行,城商行Ⅲ,8,601665.SS,齐鲁银行,429.54,4.1393,6.98,2021-06-18,0,False
银行,城商行,城商行Ⅲ,9,002966.SZ,苏州银行,404.15,3.2761,9.04,2019-08-02,0,False
银行,城商行,城商行Ⅲ,10,601963.SS,重庆银行,399.56,1.4711,11.02,2021-02-05,0,False
银行,城商行,城商行Ⅲ,11,601577.SS,长沙银行,394.51,2.2208,9.81,2018-09-26,0,False
银行,城商行,城商行Ⅲ,12,002948.SZ,青岛银行,350.97,2.4973,6.03,2019-01-16,0,False
银行,城商行,城商行Ⅲ,13,601997.SS,贵阳银行,205.11,3.3232,5.61,2016-08-16,0,False
银行,城商行,城商行Ⅲ,14,601187.SS,厦门银行,187.91,1.5016,7.12,2020-10-27,0,False
银行,城商行,城商行Ⅲ,15,002936.SZ,郑州银行,159.11,1.7366,1.75,2018-09-19,0,False
银行,城商行,城商行Ⅲ,16,600928.SS,西安银行,157.78,1.0747,3.5500000000000003,2019-03-01,0,False
银行,城商行,城商行Ⅲ,17,001227.SZ,兰州银行,121.32,1.704,2.13,2022-01-17,0,False
银行,股份制银行,股份制银行Ⅲ,1,600036.SS,招商银行,10317.44,28.4413,40.91,2002-04-09,0,True
银行,股份制银行,股份制银行Ⅲ,2,601998.SS,中信银行,4930.16,5.3766,8.86,2007-04-27,0,True
银行,股份制银行,股份制银行Ⅲ,3,601166.SS,兴业银行,3771.22,17.9897,17.82,2007-02-05,0,True
银行,股份制银行,股份制银行Ⅲ,4,600000.SS,浦发银行,3030.83,6.9149,9.1,1999-11-10,0,True
银行,股份制银行,股份制银行Ⅲ,5,000001.SZ,平安银行,2266.61,11.0606,11.68,1991-04-03,0,True
银行,股份制银行,股份制银行Ⅲ,6,601818.SS,光大银行,1796.2,5.718,3.04,2010-08-18,0,False
银行,股份制银行,股份制银行Ⅲ,7,600016.SS,民生银行,1563.03,9.1196,3.5700000000000003,2000-12-19,0,True
银行,股份制银行,股份制银行Ⅲ,8,600015.SS,华夏银行,1005.82,6.9462,6.32,2003-09-12,0,True
银行,股份制银行,股份制银行Ⅲ,9,601916.SS,浙商银行,807.46,4.4346,2.94,2019-11-26,0,False
非银金融,保险,保险Ⅲ,1,601628.SS,中国人寿,10542.73,12.0238,37.3,2007-01-09,0,True
非银金融,保险,保险Ⅲ,2,601318.SS,中国平安,9714.75,41.175,53.65,2007-03-01,0,True
非银金融,保险,保险Ⅲ,3,601319.SS,中国人保,3414.09,6.8614,7.72,2018-11-16,0,False
非银金融,保险,保险Ⅲ,4,601601.SS,中国太保,3082.36,13.5791,32.04,2007-12-25,0,True
非银金融,保险,保险Ⅲ,5,601336.SS,新华保险,1790.93,11.7291,57.41,2011-12-16,0,True
非银金融,多元金融,金融控股,1,000617.SZ,中油资本,858.4,8.9577,6.79,1996-10-22,0,False
非银金融,多元金融,租赁,2,600901.SS,江苏金租,391.53,1.9433,6.76,2018-03-01,0,False
非银金融,多元金融,金融控股,3,000987.SZ,越秀资本,366.75,2.0419,7.31,2000-07-18,0,False
非银金融,多元金融,信托,4,600517.SS,国网英大,285.35,1.0755,4.99,2003-10-10,0,False
非银金融,多元金融,租赁,5,000415.SZ,渤海租赁,277.07,2.7095,4.48,1996-07-16,0,False
非银金融,多元金融,信托,6,600816.SS,建元信托,239.22,1.6716,2.43,1994-01-28,0,False
非银金融,多元金融,金融控股,7,600390.SS,五矿资本,219.51,2.0336,4.88,2001-01-15,0,False
非银金融,多元金融,金融控股,8,002423.SZ,中粮资本,212.67,2.6536,9.23,2010-06-03,0,False
非银金融,多元金融,金融控股,9,600120.SS,浙江东方,161.89,1.6433,4.74,1997-12-01,0,False
非银金融,多元金融,金融信息服务,10,300773.SZ,拉卡拉,161.79,9.7724,14.88,2019-04-25,0,False
非银金融,多元金融,信托,11,000563.SZ,陕国投Ａ,152.4,1.3335,2.98,1994-01-10,0,False
非银金融,多元金融,期货,12,603093.SS,南华期货,130.91,3.263,12.61,2019-08-30,0,False
非银金融,多元金融,金融信息服务,13,002647.SZ,仁东控股,124.24,2.9861,10.92,2011-12-28,0,False
非银金融,多元金融,资产管理,14,000567.SZ,海德股份,114.93,2.253,5.88,1994-05-25,0,False
非银金融,多元金融,期货,15,002961.SZ,瑞达期货,100.01,1.8087,20.97,2019-09-05,0,False
非银金融,多元金融,租赁,16,603300.SS,海南华铁,92.76,1.4809,4.64,2015-05-29,0,False
非银金融,多元金融,期货,17,001236.SZ,弘业期货,79.21,1.0805,7.86,2022-08-05,0,False
非银金融,多元金融,资产管理,18,000532.SZ,华金资本,42.16,1.038,12.23,1994-01-03,0,False
非银金融,多元金融,金融控股,19,600830.SS,香溢融通,38.03,2.8316,8.370000000000001,1994-02-24,0,False
非银金融,多元金融,金融控股,20,600318.SS,新力金融,33.48,3.0806,6.53,2000-12-08,0,False
非银金融,证券,证券Ⅲ,1,600030.SS,中信证券,4135.74,28.48,26.47,2003-01-06,0,True
非银金融,证券,证券Ⅲ,2,601211.SS,国泰海通,3076.69,12.0681,17.5,2015-06-26,0,True
非银金融,证券,证券Ⅲ,3,300059.SZ,东方财富,2908.12,34.1336,18.38,2010-03-19,0,True
非银金融,证券,证券Ⅲ,4,601066.SS,中信建投,1825.15,4.1585,23.53,2018-06-20,0,False
非银金融,证券,证券Ⅲ,5,601688.SS,华泰证券,1671.78,9.2691,18.52,2010-02-26,0,True
非银金融,证券,证券Ⅲ,6,000776.SZ,广发证券,1590.01,11.8815,20.32,1997-06-11,0,True
非银金融,证券,证券Ⅲ,7,601995.SS,中金公司,1535.07,6.6831,31.8,2020-11-02,0,True
非银金融,证券,证券Ⅲ,8,600999.SS,招商证券,1505.37,9.8942,17.31,2009-11-17,0,True
非银金融,证券,证券Ⅲ,9,601881.SS,中国银河,1327.44,2.9342,12.14,2017-01-23,0,False
非银金融,证券,证券Ⅲ,10,000166.SZ,申万宏源,1104.26,2.8397,4.41,2015-01-26,0,True
非银金融,证券,证券Ⅲ,11,002736.SZ,国信证券,1008.81,2.3248,9.85,2014-12-29,0,False
非银金融,证券,证券Ⅲ,12,600958.SS,东方证券,749.4,4.0935,8.82,2015-03-23,0,True
非银金融,证券,证券Ⅲ,13,601788.SS,光大证券,640.9,2.6094,13.9,2009-08-18,0,True
非银金融,证券,证券Ⅲ,14,601901.SS,方正证券,562.25,2.9597,6.83,2011-08-10,0,False
非银金融,证券,证券Ⅲ,15,601377.SS,兴业证券,508.66,3.5566,5.89,2010-10-13,0,True
非银金融,证券,证券Ⅲ,16,601059.SS,信达证券,504.61,1.9304,15.56,2023-02-01,0,False
非银金融,证券,证券Ⅲ,17,601456.SS,国联民生,490.8,1.4217,8.64,2020-07-31,0,False
非银金融,证券,证券Ⅲ,18,000783.SZ,长江证券,464.53,9.9123,8.4,1997-07-31,0,True
非银金融,证券,证券Ⅲ,19,600918.SS,中泰证券,431.55,2.4544,5.45,2020-06-03,0,False
非银金融,证券,证券Ⅲ,20,601198.SS,东兴证券,422.16,4.1713,13.06,2015-02-26,0,False
非银金融,证券,证券Ⅲ,21,601555.SS,东吴证券,415.88,3.4402,8.370000000000001,2011-12-12,0,False
非银金融,证券,证券Ⅲ,22,601878.SS,浙商证券,409.97,1.868,9.04,2017-06-26,0,False
非银金融,证券,证券Ⅲ,23,600061.SS,国投资本,398.35,2.1479,6.23,1997-05-19,0,False
非银金融,证券,证券Ⅲ,24,600909.SS,华安证券,390.38,8.6254,7.77,2016-12-06,0,False
非银金融,证券,证券Ⅲ,25,601108.SS,财通证券,389.15,4.9681,8.38,2017-10-24,0,True
非银金融,证券,证券Ⅲ,26,601136.SS,首创证券,386.22,3.5458,14.13,2022-12-22,0,False
非银金融,证券,证券Ⅲ,27,002945.SZ,华林证券,377.73,3.0808,13.99,2019-01-17,0,False
非银金融,证券,证券Ⅲ,28,601162.SS,天风证券,362.66,6.0195,3.6,2018-10-19,0,False
非银金融,证券,证券Ⅲ,29,000728.SZ,国元证券,328.16,2.6076,7.52,1997-06-16,0,False
非银金融,证券,证券Ⅲ,30,601236.SS,红塔证券,317.73,1.1892,6.7700000000000005,2019-07-05,0,False
非银金融,证券,证券Ⅲ,31,002939.SZ,长城证券,316.7,1.5288,7.85,2018-10-26,0,False
非银金融,证券,证券Ⅲ,32,601696.SS,中银证券,312.8,4.2066,11.26,2020-02-26,0,False
非银金融,证券,证券Ⅲ,33,600109.SS,国金证券,305.71,2.0714,8.3,1997-08-07,0,False
非银金融,证券,证券Ⅲ,34,002673.SZ,西部证券,301.25,1.9729,6.74,2012-05-03,0,False
非银金融,证券,证券Ⅲ,35,601990.SS,南京证券,293.46,1.1656,6.67,2018-06-13,0,False
非银金融,证券,证券Ⅲ,36,002797.SZ,第一创业,263.49,3.1739,6.2700000000000005,2016-05-11,0,False
非银金融,证券,证券Ⅲ,37,600369.SS,西南证券,263.15,1.3724,3.96,2001-01-09,0,False
非银金融,证券,证券Ⅲ,38,600095.SS,湘财股份,242.75,7.4788,8.49,1997-07-08,0,False
非银金融,证券,证券Ⅲ,39,601099.SS,太平洋,234.48,4.7767,3.44,2007-12-28,0,False
非银金融,证券,证券Ⅲ,40,000750.SZ,国海证券,234.37,1.8117,3.67,1997-07-09,0,False
非银金融,证券,证券Ⅲ,41,002670.SZ,国盛证券,223.5,4.7331,11.55,2012-04-16,0,False
非银金融,证券,证券Ⅲ,42,002926.SZ,华西证券,215.51,1.3703,8.21,2018-02-05,0,False
非银金融,证券,证券Ⅲ,43,600906.SS,财达证券,206.71,2.11,6.37,2021-05-07,0,False
非银金融,证券,证券Ⅲ,44,002500.SZ,山西证券,188.46,1.2758,5.25,2010-11-15,0,False
非银金融,证券,证券Ⅲ,45,601375.SS,中原证券,184.32,1.6815,3.97,2017-01-03,0,False
非银金融,证券,证券Ⅲ,46,000686.SZ,东北证券,181.15,1.4488,7.74,1997-02-27,0,False
非银金融,证券,证券Ⅲ,47,600621.SS,华鑫股份,136.75,1.3964,12.89,1992-12-02,0,False
非银金融,证券,证券Ⅲ,48,600155.SS,华创云信,130.55,1.8438,5.98,1998-09-18,0,False
非银金融,证券,证券Ⅲ,49,600864.SS,哈投股份,124.83,3.2251,6.0,1994-08-09,0,False
非银金融,证券,证券Ⅲ,50,000712.SZ,锦龙股份,89.51,11.4735,9.99,1997-04-15,0,False
食品饮料,休闲食品,零食,1,002847.SZ,盐津铺子,114.78,1.402,42.48,2017-02-08,0,False
食品饮料,休闲食品,零食,2,603777.SS,来伊份,45.28,1.0428,13.54,2016-10-12,0,False
食品饮料,休闲食品,烘焙食品,3,002820.SZ,桂发祥,19.0,1.743,9.46,2016-11-18,0,False
食品饮料,白酒,白酒Ⅲ,1,600519.SS,贵州茅台,15741.03,33.1568,1259.2,2001-08-27,0,True
食品饮料,白酒,白酒Ⅲ,2,000858.SZ,五 粮 液,2691.9,15.5813,69.35000000000001,1998-04-27,0,True
食品饮料,白酒,白酒Ⅲ,3,600809.SS,山西汾酒,1370.63,6.4997,112.35,1994-01-06,0,True
食品饮料,白酒,白酒Ⅲ,4,000568.SZ,泸州老窖,1063.74,7.4773,72.27,1994-05-09,0,True
食品饮料,白酒,白酒Ⅲ,5,002304.SZ,洋河股份,570.94,1.7739,37.9,2009-11-06,0,True
食品饮料,白酒,白酒Ⅲ,6,000596.SZ,古井贡酒,489.64,3.7713,92.63,1996-09-27,0,True
食品饮料,白酒,白酒Ⅲ,7,603369.SS,今世缘,345.99,3.1496,27.75,2014-07-03,0,True
食品饮料,白酒,白酒Ⅲ,8,603198.SS,迎驾贡酒,300.96,1.957,37.62,2015-05-28,0,False
食品饮料,白酒,白酒Ⅲ,9,000799.SZ,酒鬼酒,120.16,2.1489,36.98,1997-07-18,0,False
食品饮料,白酒,白酒Ⅲ,10,600702.SS,舍得酒业,109.86,1.8548,33.08,1996-05-24,0,False
食品饮料,白酒,白酒Ⅲ,11,600559.SS,老白干酒,100.9,1.1898,11.03,2002-10-29,0,False
食品饮料,白酒,白酒Ⅲ,12,603919.SS,金徽酒,82.89,1.0326,16.34,2016-03-10,0,False
食品饮料,白酒,白酒Ⅲ,13,000860.SZ,顺鑫农业,75.88,1.0476,10.23,1998-11-04,0,False
食品饮料,白酒,白酒Ⅲ,14,600199.SS,金种子酒,45.65,1.5836,6.94,1998-08-12,0,False
食品饮料,调味发酵品,调味发酵品Ⅲ,1,603288.SS,海天味业,1981.16,5.4124,33.86,2014-02-11,0,True
食品饮料,调味发酵品,调味发酵品Ⅲ,2,600298.SS,安琪酵母,349.99,2.6641,40.33,2000-08-18,0,True
食品饮料,调味发酵品,调味发酵品Ⅲ,3,600186.SS,莲花控股,230.37,28.6052,12.85,1998-08-25,0,False
食品饮料,调味发酵品,调味发酵品Ⅲ,4,600872.SS,中炬高新,136.12,1.7041,17.580000000000002,1995-01-24,0,False
食品饮料,调味发酵品,调味发酵品Ⅲ,5,603317.SS,天味食品,135.84,1.23,12.79,2019-04-16,0,False
食品饮料,调味发酵品,调味发酵品Ⅲ,6,002507.SZ,涪陵榨菜,127.05,1.1934,11.01,2010-11-23,0,False
食品饮料,调味发酵品,调味发酵品Ⅲ,7,603027.SS,千禾味业,97.54,1.0417,7.33,2016-03-07,0,False
食品饮料,调味发酵品,调味发酵品Ⅲ,8,603696.SS,安记食品,32.32,3.1743,13.74,2015-12-09,0,False
食品饮料,非白酒,啤酒,1,600600.SS,青岛啤酒,687.42,1.7953,50.39,1993-08-27,0,True
食品饮料,非白酒,啤酒,2,000729.SZ,燕京啤酒,304.4,2.4002,10.8,1997-07-16,0,True
食品饮料,非白酒,其他酒类,3,002568.SZ,百润股份,185.93,1.7351,17.85,2011-03-25,0,False
食品饮料,非白酒,啤酒,4,600132.SS,重庆啤酒,185.26,1.3093,38.28,1997-10-30,0,True
食品饮料,非白酒,其他酒类,5,601579.SS,会稽山,135.83,5.4355,28.33,2014-08-25,0,False
食品饮料,非白酒,其他酒类,6,600059.SS,古越龙山,89.06,2.8451,9.77,1997-05-16,0,False
食品饮料,非白酒,其他酒类,7,603779.SS,威龙股份,26.6,1.3841,8.01,2016-05-16,0,False
食品饮料,食品加工,肉制品,1,000895.SZ,双汇发展,806.23,2.5405,23.27,1998-12-10,0,True
食品饮料,食品加工,预加工食品,2,603345.SS,安井食品,251.8,4.7468,75.55,2017-02-22,0,True
食品饮料,食品加工,保健品,3,300146.SZ,汤臣倍健,157.33,1.0766,9.3,2010-12-15,0,False
食品饮料,食品加工,其他食品,4,300741.SZ,华宝股份,138.7,1.6915,22.52,2018-03-01,0,False
食品饮料,食品加工,其他食品,5,002597.SZ,金禾实业,124.01,1.6257,21.82,2011-07-07,0,False
食品饮料,食品加工,其他食品,6,002557.SZ,洽洽食品,91.21,1.2571,18.03,2011-03-02,0,False
食品饮料,食品加工,肉制品,7,002515.SZ,金字火腿,89.95,7.9212,7.43,2010-12-03,0,True
食品饮料,食品加工,肉制品,8,002840.SZ,华统股份,64.9,1.7518,8.09,2017-01-10,0,False
食品饮料,食品加工,其他食品,9,002582.SZ,好想你,42.98,2.4391,9.6,2011-05-20,0,False
食品饮料,食品加工,其他食品,10,000716.SZ,黑芝麻,37.95,3.642,5.04,1997-04-18,0,False
食品饮料,食品加工,其他食品,11,605077.SS,华康股份,34.21,1.4578,11.3,2021-02-09,0,False
食品饮料,食品加工,预加工食品,12,002702.SZ,海欣食品,29.68,2.8037,5.34,2012-10-11,0,False
食品饮料,食品加工,保健品,13,603102.SS,百合股份,22.37,1.3103,34.95,2022-01-25,0,False
食品饮料,饮料乳品,乳品,1,600887.SS,伊利股份,1650.92,16.0476,26.1,1996-03-12,0,True
食品饮料,饮料乳品,软饮料,2,605499.SS,东鹏饮料,818.41,5.6008,111.47,2021-05-27,0,True
食品饮料,饮料乳品,软饮料,3,603156.SS,养元饮品,537.89,6.1865,42.68,2018-02-12,0,False
食品饮料,饮料乳品,乳品,4,605179.SS,一鸣食品,99.89,6.5812,24.91,2020-12-28,0,False
食品饮料,饮料乳品,乳品,5,600882.SS,妙可蓝多,96.71,1.0391,19.02,1995-12-06,0,False
食品饮料,饮料乳品,软饮料,6,000848.SZ,承德露露,83.44,1.1076,8.18,1997-11-13,0,False
食品饮料,饮料乳品,软饮料,7,300997.SZ,欢乐家,64.55,1.9676,14.84,2021-06-02,0,False
食品饮料,饮料乳品,软饮料,8,600300.SS,维维股份,50.78,1.1933,3.14,2000-06-30,0,False
食品饮料,饮料乳品,乳品,9,002329.SZ,皇氏集团,30.13,2.0066,3.62,2010-01-06,0,False
食品饮料,饮料乳品,乳品,10,300106.SZ,西部牧业,22.25,1.4403,10.53,2010-08-20,0,False
