from_combo,to_combo,1w_n,1w_mean,1w_median,1w_std,1w_win,1w_p25,1w_p75,2w_n,2w_mean,2w_median,2w_std,2w_win,2w_p25,2w_p75,1m_n,1m_mean,1m_median,1m_std,1m_win,1m_p25,1m_p75,2m_n,2m_mean,2m_median,2m_std,2m_win,2m_p25,2m_p75,events
无无无,无无正,713,0.003417119359151949,-0.004179728317659226,0.07095488831373283,0.45722300140252453,-0.03531804733727806,0.03327495621716281,703,0.003524349418741987,-0.0013513513513514486,0.09262758679566595,0.492176386913229,-0.05342011392603718,0.05122890410361525,703,0.019688614822591308,0.004136504653567519,0.1429285558825529,0.5149359886201992,-0.06346041397165031,0.07562918477180014,690,0.04544509054248494,-0.0032175751784153106,0.23406978623224822,0.48695652173913045,-0.08391831947298334,0.12557034348612028,713
无无无,无无负,444,0.008482611492393112,0.005636635895125419,0.07342209502946648,0.5337837837837838,-0.029531082928710484,0.04123226388648871,425,0.010695398202043111,0.0048661800486615725,0.10400000068605897,0.5270588235294118,-0.046014790468364986,0.0692055692055693,425,0.006955082826697446,0.0021685254027261625,0.13620492449616142,0.5105882352941177,-0.061969172695816144,0.0738461538461539,419,0.0015960921237755375,-0.01457096600107921,0.17574724568634464,0.4630071599045346,-0.10649938638877454,0.08690272528346932,444
无无无,无正无,2997,0.002149331293957522,-0.0033112582781458233,0.06530851048044824,0.4631297964631298,-0.03241960991038484,0.030891878425510777,2992,0.006248173423678624,-0.00347682869705801,0.0919403724110757,0.4742647058823529,-0.04691855690991878,0.04585474579917287,2983,0.016426986392203642,-0.003994673768308754,0.13993688241701002,0.4813945692256118,-0.06377914281725533,0.07300110084746803,2965,0.02785348888091147,-0.006525285481239762,0.2147746768270029,0.47892074198988194,-0.09503239740820724,0.10210698266666651,3007
无无无,无正正,132,0.01525262598998043,0.01087568269842265,0.06583619670604961,0.5681818181818182,-0.027461788033729284,0.05036584797501975,132,0.01607207276501045,0.002540938942900528,0.09493056385520073,0.5075757575757576,-0.04123448603173993,0.06409929072242698,132,0.006913748877536035,-0.010159553879897365,0.13151514143299017,0.45454545454545453,-0.08425644126901496,0.05441072812812775,127,0.0196921076260028,-0.014122596153846034,0.1892718019509547,0.4645669291338583,-0.10911046976061023,0.10518157909567494,132
无无无,无负无,2854,0.001576768702609706,-0.001236095831805395,0.0589192258967146,0.4821303433777155,-0.028470379787426503,0.02664694244620891,2849,0.0046246362567388425,-0.0009820551736451355,0.08169038583937475,0.48999648999649,-0.040300375469336736,0.04109040007656972,2848,0.012081896205005447,0.0,0.12087584482703466,0.4961376404494382,-0.058837802348373824,0.06767572785782527,2839,0.041598608414470835,0.01688659766277123,0.19706238142851742,0.5512504402958789,-0.06702255481724045,0.11508923320280673,2860
无无无,无负正,5,-0.016954834223275216,0.0033333333333334103,0.0580326097545477,0.6,-0.043557168784029154,0.00920245398773023,5,0.0020528829234173207,0.02760736196319047,0.07591902325062913,0.6,-0.014519056261343088,0.05888888888888877,5,-0.006513591029053712,-0.012150394999999925,0.061513768002507886,0.4,-0.02177858439201452,0.03586889301174989,5,-0.037857907904728386,-0.06352087114337568,0.07375326135478946,0.2,-0.08289855072463759,-0.034436906111111054,5
无无无,无负负,77,0.016870011937827414,0.006827309236947743,0.0663496154584105,0.5584415584415584,-0.022082018927444658,0.0556900726392251,77,0.02831350394836849,-0.004048582995951566,0.11356859190242426,0.45454545454545453,-0.058047493403694084,0.07579983593109096,77,0.0009400532507023614,-0.04433962264150959,0.15174420851950363,0.2987012987012987,-0.09025407660219942,0.03111858704793935,73,0.009514700696875062,-0.03976435935198819,0.17316795322660908,0.3698630136986301,-0.10094637223974767,0.06566297841465607,77
无无无,正无无,52993,0.006433881376459376,0.0,0.06887385681400074,0.4936878455645085,-0.028727092620109085,0.03038674033149169,52838,0.010889889887848628,0.002244669618201467,0.09869162520134192,0.5116393504674666,-0.040407729254272606,0.04693400141084697,52453,0.022832757235619998,0.004807692307692291,0.1504278662823224,0.5187501191542905,-0.05943358595931403,0.0779738190096757,52059,0.04492279083568371,0.007042253521126751,0.22906155845216175,0.5195835494342957,-0.0836129785405148,0.12154423165112571,53107
无无无,正无正,178,0.020517019373672077,0.0055703072823511945,0.08392299163167584,0.5337078651685393,-0.021454033325616406,0.04836619684605986,178,0.018779008239228474,0.0009349149487095643,0.11441360372784574,0.5056179775280899,-0.04019912618545915,0.05157730121902765,178,0.02961434608544439,0.004039630749224421,0.15435022003035107,0.5337078651685393,-0.055970081368852315,0.08392343350383646,178,0.07644429483832843,0.02662323898120511,0.25744150269351085,0.5730337078651685,-0.062114024782446875,0.13983840621265003,178
无无无,正无负,66,0.028768514240710228,0.015521844162116216,0.07239220613915107,0.6363636363636364,-0.01054874418399529,0.04412539294446394,65,0.03016620638051155,0.011308068459657816,0.10377957962485404,0.5538461538461539,-0.03399948092395544,0.06374133949191707,65,0.06764305233296963,0.036029411764705976,0.18207596902308326,0.676923076923077,-0.03738317757009357,0.11786148238153116,63,0.08455275760546715,0.07230409882088717,0.2306228356352472,0.6349206349206349,-0.05967515858902428,0.1814696081568974,66
无无无,正正无,1209,-0.0007871411596575661,-0.007407407407407529,0.06957713688412967,0.4466501240694789,-0.038938053097345215,0.031754874651810594,1208,0.007578562717189804,-0.003302684248988219,0.11152878211339844,0.4826158940397351,-0.05177633431910997,0.04793507396441854,1206,0.020667716324643776,-0.006766866662626325,0.1630558677754211,0.478441127694859,-0.06959894893117949,0.08137523135109048,1201,0.0419787963920375,-0.011070110701106861,0.26800138516733957,0.47710241465445463,-0.10597302504816974,0.11851851851851869,1209
无无无,正正正,64,0.013341243092788103,-0.0003905672505594704,0.09828911196986495,0.5,-0.04304913677796973,0.03744727131823905,64,-0.006698711867227427,-0.017827353215284225,0.09730659931134973,0.421875,-0.07567553749009387,0.040044631746456505,64,0.009058301104180542,-0.02793267132256655,0.1681738649938863,0.40625,-0.10446655070192701,0.09037788713707329,64,0.054754353634120755,-0.002948310625516315,0.23379594796599568,0.484375,-0.09112289787873748,0.15957792949493393,64
无无无,正负无,258,0.00633664210625803,-0.0006218905472636926,0.05487906915838872,0.4883720930232558,-0.023888826533475516,0.025169075528203855,258,0.008654608877922139,0.0028339918570369216,0.07410751944760381,0.5193798449612403,-0.03905479719291599,0.05418552791464698,258,0.012680909107946333,0.0029768177068966173,0.12113712075212797,0.5077519379844961,-0.06282984167599556,0.0729105807431642,258,0.011218448454543105,-0.004474146419352287,0.17252566549965517,0.4844961240310077,-0.09193228656971356,0.07739048884373423,258
无无无,正负负,15,0.006341184678939501,-0.005347593582887611,0.10171212180410351,0.4666666666666667,-0.05067351113199464,0.025009511223243464,15,0.004776028239395351,0.013740458015267132,0.11265288077664999,0.5333333333333333,-0.07738592004307437,0.043589666143127426,15,0.03462439157352551,-0.02794242167654526,0.14387491056940327,0.4666666666666667,-0.06185224647045634,0.10029549372075841,15,0.07116122598376774,0.08855267619047624,0.13549360157075663,0.6666666666666666,-0.0304382878137216,0.117683546745465,15
无无无,负无无,49963,0.001590026127772518,-0.0009680542110358514,0.058888078238672675,0.48553929908132015,-0.0288461538461538,0.028455284552845406,49716,0.0038631212331675727,-0.002639517720698814,0.08457941830320605,0.47805535441306624,-0.041789808322159394,0.040000000000000036,49332,0.011069602945861925,-0.003381620967231602,0.13116444906887162,0.4824049298629693,-0.060713107284268625,0.06387766961556102,49112,0.029962591217570268,0.0,0.2012456728194019,0.4984321550741163,-0.08259607392558552,0.10321031019686927,50258
无无无,负无正,52,-2.3832785515888787e-05,0.0024224578855990275,0.09478018218585432,0.5192307692307693,-0.0346251851479929,0.038410880656610524,49,0.017877118506431006,-0.004424778761061954,0.11946876722074634,0.4897959183673469,-0.04354838709677433,0.07621577441765437,49,0.03857089284564046,-0.013264427217915431,0.17706931055476946,0.4897959183673469,-0.07036604505632049,0.11634844868735073,49,-0.015788068219403366,-0.04909560723514195,0.21918610234514654,0.42857142857142855,-0.1575167940699559,0.07448789571694614,52
无无无,负无负,55,0.01637216483285766,0.005483870967741833,0.08070140245319168,0.5454545454545454,-0.02836470841218508,0.06833784738577486,55,0.020570649463029892,0.02100288789708582,0.11378195227990842,0.6,-0.04304476507584165,0.07824580072200726,55,0.04339110609317042,0.004885993485342022,0.14731117379274003,0.509090909090909,-0.07382070748447933,0.12460838659719775,55,0.086277768094765,0.03194888178913735,0.22870432870019872,0.6727272727272727,-0.05780652825121363,0.18980552095152714,55
无无无,负正无,236,0.007306492276523925,0.0,0.06671690098612235,0.4957627118644068,-0.023871299965885467,0.03097183224804345,236,0.005570407842589097,-0.013176221953209166,0.0963398275673382,0.4364406779661017,-0.05166791632874787,0.039190309567339265,235,0.01951780396166041,0.000796019900497491,0.13153390741630963,0.502127659574468,-0.06090727816550345,0.06932670371220384,235,0.025928177780621644,-0.013686322475247592,0.21644509773958104,0.46382978723404256,-0.10149904417398958,0.09239136543430326,237
无无无,负正正,10,0.055896352925109215,0.04415150051490491,0.09934748786928366,0.7,-0.007213601851855322,0.09728113811449784,10,0.12005056057724399,0.063709213513508,0.16108600853230198,0.8,0.0217996846975681,0.1681587499523136,10,0.13129202403352758,0.06196988911312673,0.25598545985131355,0.7,0.006521192976027185,0.1768893893297218,10,0.11910072493058965,0.0644520846721729,0.30184318484796213,0.7,-0.04120742809551334,0.25114509123480583,10
无无无,负负无,1133,0.006479609783510122,0.004784688995215447,0.06746512423971024,0.5481023830538394,-0.026615969581749055,0.0347985347985349,1132,0.007468848346076491,0.0004894609440417863,0.08718778615033498,0.5017667844522968,-0.038096411433889865,0.04953281927446357,1132,0.01872153448299971,0.007622629969418981,0.12212632840624497,0.5326855123674912,-0.051790826282508445,0.07210821633441755,1132,0.0376878377084774,0.014898521774879048,0.17767824142842478,0.5468197879858657,-0.05993364960323225,0.10323850400806239,1133
无无无,负负负,20,0.047196065821109426,0.04254075124025525,0.07904050467687129,0.7,-0.019136375526365684,0.09825252757282082,20,0.06482362799812078,0.06132000748285504,0.08367161605538508,0.7,-0.0037831170426942395,0.11951564169544993,20,0.07858611904184332,0.11855544003424867,0.13553102761429642,0.75,0.05122652705729214,0.16779674149667573,20,0.09633994680362053,0.11860773973790428,0.14585641228401985,0.8,0.02270290746049708,0.17640202374756025,20
无无正,无无无,2485,0.006696991568504703,0.0011548556430445167,0.07315226249858225,0.5062374245472837,-0.030702209314386386,0.037553196464481076,2467,0.011966999969688743,-0.00019723865877718794,0.09588315476137892,0.4973652209160924,-0.04326641143507376,0.05214878718471294,2467,0.022023509019346414,-0.0009259259259259967,0.15820343817874813,0.49533846777462504,-0.06515689665897212,0.07882270168855521,2425,0.05625048411645751,0.008435582822085896,0.2601808458033059,0.5195876288659794,-0.08480176211453738,0.12579957356076754,2485
无无正,无无负,150,0.06324855938510528,0.03527554842161573,0.11568503175890776,0.7266666666666667,-0.006172382449378566,0.10842142353770251,150,0.08059253058950658,0.04757814374986702,0.16016891376373027,0.6466666666666666,-0.02595328094432839,0.1312749263498595,150,0.06026013883886933,0.06012939454420796,0.17625887524704634,0.6333333333333333,-0.04847422921398295,0.1653647996485183,129,0.05771372793099999,0.03589333498513381,0.25755654151168983,0.5503875968992248,-0.12727272727272743,0.18614088612836444,150
无无正,无正无,3,-0.0283002023637553,-0.03784860557768932,0.016872131074239027,0.0,-0.038040700409915196,-0.023333905924562415,3,-0.07217278109390361,-0.06908378245957869,0.03177402047740917,0.0,-0.08723113425767781,-0.055569928612966946,3,-0.15496869671071134,-0.15335619794218514,0.03329428484748281,0.0,-0.17119806498638568,-0.1379330790507739,3,-0.14652035034178112,-0.14159725624693775,0.1484455270988637,0.0,-0.21948172073179517,-0.07109743290434539,3
无无正,无正正,1863,-0.0011592003937905715,-0.008754863813229541,0.08910323890393491,0.4406870638754697,-0.04912652060607936,0.03876878002155992,1861,0.011925426901488867,-0.006389776357827559,0.13236860904290515,0.47178936055883935,-0.0643274853801169,0.06967984934086635,1861,0.024203950739553108,-0.008658008658008698,0.20779266206494265,0.4712520150456744,-0.08990186767964536,0.09745127436281864,1856,0.0463965214027917,-0.01058695499762402,0.2740639664737071,0.47737068965517243,-0.11765464895635683,0.1408357589143887,1867
无无正,无负无,87,0.031792267313685126,0.007682458386683688,0.09312114476249421,0.5517241379310345,-0.029805571914319207,0.09407804062903058,87,0.0543526417951101,0.02838221381267725,0.11992117572825266,0.5862068965517241,-0.0347985948349806,0.13903381642512092,87,0.009312668279720196,0.03357865685372596,0.12371293982519448,0.6206896551724138,-0.09303253788547905,0.08997282584137867,69,0.015799349099586354,-0.005015021939953623,0.2067903222913626,0.463768115942029,-0.14241001564945222,0.1400966183574881,87
无无正,无负正,618,0.00021807657442866465,-0.0025030125793556457,0.07673903520938687,0.48220064724919093,-0.04116302482175857,0.03346586969656573,618,0.01718834569503071,0.013341468726376426,0.11034792478137655,0.558252427184466,-0.04457501692931015,0.07104630843162951,618,0.0285504938145841,0.005395659736037395,0.18254119035007746,0.5080906148867314,-0.06773052935198354,0.08288200988746541,599,0.05623207754115821,0.015497553017944421,0.23785455374624156,0.5409015025041736,-0.08772502643926516,0.12874658276042794,619
无无正,无负负,41,0.1391381037353339,0.10374300029472439,0.14777687546818444,0.8536585365853658,0.05025847214244683,0.23621624042638945,41,0.2311713391222191,0.18099827032369653,0.2386742323496291,0.8292682926829268,0.05298570227081578,0.3735544403229327,41,0.15206662236969218,0.15721649484536093,0.2519882575883713,0.6829268292682927,-0.04786703601108022,0.3068649161657704,18,-0.004848639490342952,-0.07037206749139052,0.2216290419413595,0.3333333333333333,-0.1693279107415203,0.16057915647921767,41
无无正,正无无,356,0.005809801199949768,0.003794222915615153,0.05964358990444512,0.5393258426966292,-0.02562872668091762,0.032022374372306595,351,0.009621973378894328,0.0009244992295838195,0.09720129161971021,0.5042735042735043,-0.0505215396940929,0.05048733744010958,351,0.017177157766035327,0.0033407572383072903,0.14059029640892415,0.5185185185185185,-0.07315760247018055,0.09578592549980758,351,0.044788803863677513,0.014025245441795287,0.21715632542585456,0.5185185185185185,-0.09936647922862668,0.1372299646927161,356
无无正,正无正,10174,0.006632220469921235,-0.0011504714615159228,0.09091248348989724,0.4904658934539021,-0.04121810014328317,0.04175248463449727,10159,0.014974747443693601,0.0018416206261508972,0.1283066587861001,0.508120878039177,-0.05681510553827074,0.0649439053972104,10109,0.02684101416181207,-0.00231362467866314,0.19110278180848916,0.4916411118805025,-0.08565737051792821,0.10289855072463783,10074,0.05927629234406137,0.006478835978835917,0.27453739411743605,0.5158824697240421,-0.10157731566523887,0.1536139905293628,10189
无无正,正无负,4,0.011549808128412775,0.00427066905184853,0.058765040417026494,0.5,-0.03380550437250368,0.049625981552764986,4,-0.02775264385157561,-0.038832634832178414,0.09912743492270475,0.5,-0.09450488290490688,0.02791960422115286,4,-0.046679317374194895,-0.1051344219105575,0.13169732778301607,0.25,-0.12149748293802903,-0.030316256346723358,4,-0.013790452196037,-0.041737786622428164,0.12199498709395618,0.25,-0.07256574510292269,0.01703750628445752,4
无无正,正正无,4,0.05341115004989186,-0.021103642083699248,0.17675771290063771,0.25,-0.03866371809744765,0.07097122606364026,4,0.06831775626452255,-0.029976456582924138,0.22315253220099124,0.25,-0.0543772787537288,0.09271857843532721,4,0.0510050198492531,-0.06544559459007493,0.3065921409387171,0.25,-0.09579071952846666,0.08135014478764482,4,0.030547027659714288,-0.10347040440653882,0.3035221653163825,0.25,-0.1198256369323831,0.04690226018555857,4
无无正,正正正,775,0.0039448538999250615,-0.003844305622296762,0.09779970488602367,0.47870967741935483,-0.05658051704871486,0.050271556738645695,769,0.011406671826535417,-0.006620892594409011,0.15269528676868285,0.4694408322496749,-0.07859733978234573,0.06993795826283145,769,0.012200665056510249,-0.026346604215456537,0.20739136407081896,0.42782834850455137,-0.11080550098231834,0.0974124809741248,769,0.023798411717484726,-0.020576131687242816,0.24574038949612714,0.4668400520156047,-0.13567251461988283,0.133665008291874,775
无无正,正负无,7,0.0018803865493294111,-0.015693112467306314,0.07889609580827169,0.2857142857142857,-0.05224812204754897,0.022798999712484336,7,0.025076085628147653,-0.008718395815170199,0.1110450536492132,0.42857142857142855,-0.02810460316224006,0.10028581181548368,7,-0.02953734979159306,-0.013688760806916389,0.11903949123040013,0.42857142857142855,-0.0978552746294683,0.06417169537320444,7,-0.017686113617780812,0.022334293948126804,0.12647581667231386,0.5714285714285714,-0.10374891020052324,0.04376138364684823,7
无无正,正负正,35,0.029456495733811535,0.020860495436766602,0.09234514815722175,0.6285714285714286,-0.036712076838350594,0.0701372580775772,35,0.06649263028876486,0.016424510423246996,0.17965195360822156,0.6,-0.04958472842261907,0.12153138280681575,35,0.07845418849304923,0.027705345501955803,0.24745252028507841,0.6,-0.08293482751766346,0.15860210630245186,35,-0.0071511953951024915,-0.050071530758226124,0.2406820416901939,0.42857142857142855,-0.16732623009089903,0.07684106916064715,35
无无正,负无无,348,-0.000915502473487862,-0.007401986612805667,0.08899189610500448,0.4367816091954023,-0.03615597510109672,0.03023094251902686,347,0.011690665548465592,0.0,0.1018099294415823,0.49855907780979825,-0.03587034647117515,0.04660204034190041,347,0.027552377964842063,0.009708737864077666,0.14030352348930814,0.5389048991354467,-0.05751227377743556,0.10390236536574526,336,0.03810893129995333,0.019996803707699073,0.19177936020530853,0.5625,-0.08360127686994825,0.12416189725724414,348
无无正,负无正,11899,0.0028137810512401003,0.0008814455707357727,0.07314296753595809,0.50382385074376,-0.03430058974245337,0.037919020601720255,11873,0.008273354642507672,0.0008247422680411898,0.10256479858696382,0.5020635054324939,-0.046238785369220214,0.05470852017937222,11850,0.02626340555822915,0.004511288396830571,0.15803942503182866,0.5170464135021097,-0.060735821210204516,0.0832977207977208,11634,0.05843813939121901,0.013326611938070054,0.25078048374135997,0.5360151280728898,-0.08153472780550577,0.13970592228004125,11912
无无正,负无负,16,0.10905777254601184,0.10633267284314263,0.18549684200033015,0.6875,-0.05408177075501172,0.21645340476155933,16,0.16643193683247545,0.18642392471420455,0.2623307717685099,0.625,-0.07618506839760911,0.2885404540175636,16,0.021198883636510547,-0.06902279070563866,0.2705421821315142,0.4375,-0.16907976966730115,0.15498947511890449,13,0.07004187897673332,0.13181577554261503,0.2139237881704542,0.5384615384615384,-0.12137931034482752,0.20194003527336868,16
无无正,负正正,110,0.004687391897198262,-0.003441733710604966,0.08471400153925746,0.4636363636363636,-0.04579211138478376,0.035282464100722444,110,0.028560148036292837,0.007352415026833481,0.1272072169715674,0.5272727272727272,-0.049682203389830454,0.08661305725819646,110,0.03918920520351483,0.004927469177802624,0.17269255104746203,0.509090909090909,-0.06218790748829908,0.09774063439978126,110,0.048220148499770105,-0.004705737711216462,0.21793733222442047,0.4909090909090909,-0.10008342998329287,0.13402446915570537,110
无无正,负负无,18,0.033630874653762945,0.0040407792407433085,0.08218006886800784,0.6111111111111112,-0.02010628483451274,0.09925145501297306,18,0.05116438626882241,0.023384990417257834,0.10872422400692115,0.6111111111111112,-0.011315530057728534,0.10854429616348454,18,0.03309332289721403,0.05148476637637134,0.07748908671558362,0.7222222222222222,-0.023428431193896426,0.0876469614174532,14,0.09901715183249722,0.0470525294933718,0.15767034510209985,0.8571428571428571,0.026729602915117223,0.14661361131410583,18
无无正,负负正,199,-0.0010959938742200969,0.0010638297872338498,0.09653534462789048,0.5125628140703518,-0.05024772582569176,0.05312084445148968,199,0.025328843084270483,0.02202412165705292,0.11350554537942695,0.5979899497487438,-0.043134723758710525,0.07556173417161316,199,0.06170941090010276,0.03300825206301572,0.1660755123398629,0.6482412060301508,-0.04107474832509034,0.14095981712114225,199,0.12528755419343046,0.07882534775888739,0.3918073258839508,0.6582914572864321,-0.03800079839450171,0.2011185519994818,199
无无正,负负负,6,0.20737372039185786,0.2429906406295167,0.12386612137060914,0.8333333333333334,0.15280278070821413,0.2851798398602584,6,0.27047223016116967,0.26695777606366056,0.3164777226678902,0.8333333333333334,0.10399015057521732,0.36075867190787314,6,-0.020379230303938622,-0.17539413544317273,0.34701029694732505,0.3333333333333333,-0.2667270936313261,0.12834160814659107,5,0.13596098508883941,-0.047085201793722,0.3241299043672812,0.4,-0.05300353356890475,0.17254987941240962,6
无无负,无无无,1529,0.009956770847900465,0.0037453183520599342,0.06882400390486466,0.525833878351864,-0.025307557117750346,0.03803235646163916,1417,0.01213513592471236,0.006025674613570731,0.10107521778263874,0.5314043754410727,-0.039583333333333304,0.05514705882352944,1417,0.012722151435130656,0.0004844022476264698,0.1367734788433007,0.5031757233592096,-0.06137339055793989,0.07478632478632496,1352,0.028883248983909676,0.002213934473279777,0.20483007768039682,0.5029585798816568,-0.08237211524018151,0.11223702416007386,1529
无无负,无无正,39,0.04919737128066656,0.023292331850300885,0.08855471990480862,0.717948717948718,-0.016959817126201704,0.09295265037779665,29,0.07002648136630354,0.060811675841761614,0.13481672958130175,0.7931034482758621,0.006430868167202508,0.09663503019844688,29,0.08340354892137822,0.06639004149377592,0.15894574559264923,0.7241379310344828,-0.003215434083601254,0.14021066241021574,29,0.11606000850818413,0.054647996888369965,0.294848875578851,0.5172413793103449,-0.08432022738038847,0.34079809098164415,39
无无负,无正无,23,-0.0014999249706769014,-0.008059760172990038,0.04062813493313932,0.43478260869565216,-0.03658292135688829,0.026833067799610588,23,-0.014114233326023153,-0.028638681836013924,0.06999808447095965,0.34782608695652173,-0.06859850808089663,0.03037336223320175,23,-0.01792722554996695,-0.03879651623119562,0.09454641573097135,0.34782608695652173,-0.06739507782505111,0.0238424423837732,9,-0.04444848815561099,-0.0918949771689499,0.16459808070429252,0.3333333333333333,-0.1900584795321637,0.05531581012161646,23
无无负,无正正,6,0.015615248767009407,0.011184740462871878,0.04691271686896884,0.6666666666666666,-0.022541346953506264,0.05148393865803225,6,0.0019176388969897966,-0.013001537761458737,0.05392311766423956,0.5,-0.035968713417167036,0.04650300073499192,6,0.005591848130914882,0.019091855616156006,0.05889677007663858,0.8333333333333334,0.009805946362165807,0.03279945999018152,0,,,,,,,6
无无负,无正负,179,0.007936696670441832,0.008174386920980936,0.06016523036468227,0.5698324022346368,-0.025734693798132813,0.03970813629234582,174,0.007014157085828847,0.008238550800166555,0.07217726661196854,0.5287356321839081,-0.03168683687417695,0.047609428458046166,171,0.006854764994922151,0.004424778761062065,0.11585678743478786,0.52046783625731,-0.055304954564467546,0.061015723706792646,149,0.04128636070055905,0.010000000000000009,0.2230148456659586,0.5503355704697986,-0.0790259569230769,0.10285874439461895,179
无无负,无负无,15,0.024294891199490694,0.02551834130781483,0.04305439191685532,0.6,-0.003296363514149414,0.05193365178470666,15,0.003962975742654836,-0.018223234624145768,0.051948221058043496,0.4,-0.03349143180877889,0.05229957362789872,15,-0.006312111459532343,0.009970457902511276,0.0828763331891622,0.6,-0.04253142434630641,0.03732901688688428,15,0.0052963468669044115,0.01693889897156664,0.09692971065783645,0.5333333333333333,-0.04341073599278611,0.03217792216094739,15
无无负,无负负,620,0.011609938312905474,0.0013529896001850394,0.06572367045087878,0.5080645161290323,-0.024747103823343025,0.04349260066536653,618,0.01695585602919593,0.008734360250698292,0.08905262102657235,0.5339805825242718,-0.038330560700589766,0.06072096774193558,618,0.03812743298691864,0.017880484200954783,0.1460913298992036,0.5501618122977346,-0.05359291401070057,0.09952854027024138,608,0.0755976963241486,0.04957068912292795,0.20438653281998523,0.6430921052631579,-0.04726562499999998,0.1645832807365114,620
无无负,正无无,373,0.019974767780584327,0.011226252158894612,0.06458738117571203,0.5871313672922251,-0.017322834645669194,0.04670599803343167,369,0.03044251275584552,0.019086571233810412,0.09886659668642482,0.6476964769647696,-0.021333333333333315,0.06976744186046524,369,0.028551475149192894,0.016256558043301395,0.13629957059765035,0.5745257452574526,-0.05223880597014918,0.08308918388429776,360,0.045614176194640185,0.021943539393409206,0.20811043451499092,0.5444444444444444,-0.07403001751643634,0.12016208222650832,373
无无负,正无正,9,0.059188759451911835,0.031245611571408594,0.11665420219104065,0.7777777777777778,0.015276893698281002,0.0480629187299737,9,0.09915312105052004,0.010395010395010562,0.17787450846823213,0.7777777777777778,0.0007396449704140107,0.2020783597809297,9,0.05537338008875633,-0.013981939994174186,0.16875691346705377,0.4444444444444444,-0.033099936346276504,0.2147170341244209,9,0.1333581312548018,0.012730744748567613,0.3271569269069655,0.7777777777777778,0.0005825808330905957,0.305996348827412,9
无无负,正无负,6536,0.009155679127537668,0.0016086311169031253,0.0786334343916549,0.5102509179926561,-0.030431360919749934,0.035423040398336936,6508,0.013037847812218964,0.007600320100320079,0.09639233896301552,0.5437922556853104,-0.038735454411548076,0.055343366488087464,6297,0.025173241841969812,0.010275572162540936,0.15432063437939794,0.5391456249007464,-0.05960784313725498,0.09074410163339386,5921,0.050483306387838454,0.015471167369901506,0.23204799208023433,0.5439959466306367,-0.07388316151202756,0.13625304136253047,6548
无无负,正正无,9,-0.002787672526619304,0.0,0.053722706932488255,0.4444444444444444,-0.02631578947368407,0.026728595215143258,9,-0.0014918969725705845,-0.01132093885717067,0.047371789014817714,0.4444444444444444,-0.01397774077644387,0.009708737864077666,9,0.04497468418409056,0.009295746185712828,0.20725516432668922,0.5555555555555556,-0.07549732714047841,0.0776892430278886,7,0.053269768404395665,0.02532643940057855,0.12550076912206531,0.5714285714285714,-0.03840463389161797,0.16066914373200614,9
无无负,正正正,4,-0.05844953362317476,-0.0691677025105879,0.07214977631749336,0.25,-0.10201451748795609,-0.02560271864580657,4,-0.04467398477500259,-0.04803873490462102,0.03776387930769359,0.25,-0.06983479840120277,-0.022877921278420837,4,-0.09036807495546212,-0.06299241647878662,0.10954342703040873,0.25,-0.1241412419706589,-0.029219249463589836,3,-0.2215223291809648,-0.21417344658536586,0.10537646289910776,0.0,-0.2722771573050833,-0.1670930597590468,4
无无负,正正负,109,0.015413469077870237,-0.0012680607375269437,0.07279489221750618,0.47706422018348627,-0.027108433734939763,0.06174055829228253,109,0.031436576924179165,0.025728987993139052,0.08445042037371006,0.6788990825688074,-0.010373443983402564,0.07565011820330958,109,0.035309045944479665,0.006024096385542244,0.1439180294744284,0.5596330275229358,-0.03807807067424862,0.082024432809773,90,0.08150005793798162,0.02718247936861784,0.2367089567658254,0.5666666666666667,-0.05695610581841426,0.11786804253765726,109
无无负,正负无,4,0.041637408234165285,0.04595611540299871,0.015989242664198825,1.0,0.03402669149890308,0.05356683213826091,4,0.03199207306406371,0.014282827558884215,0.04103437234735209,1.0,0.006952414871890689,0.039322485751057235,4,0.02022543087204573,0.019698629564258163,0.06440762824182207,0.5,-0.027098575279168285,0.06702263571547218,4,0.0052528572691652176,-0.04048931033729136,0.19831109894350396,0.5,-0.13668014375561546,0.10144369068748932,4
无无负,正负负,45,0.02446030233266532,0.003368137420006745,0.0811573786639492,0.5555555555555556,-0.010215664018161208,0.06396866840731086,45,0.012506084572711695,0.0009079903147699575,0.11447157333461581,0.5111111111111111,-0.04922067268252672,0.06799163179916312,45,0.030173880048338136,-0.002564102564102555,0.1446916246122887,0.4888888888888889,-0.04220183486238538,0.07649599012954966,44,0.038226026638264465,-0.031514019770907786,0.25769028198692684,0.4318181818181818,-0.0826875306994779,0.09354728974593313,45
无无负,负无无,104,-0.00333480900292483,-0.01660379924415928,0.07486503888454775,0.3557692307692308,-0.04002150883811542,0.0349791247297398,81,-0.002182450666212634,-0.007241606319947302,0.09591829187533056,0.48148148148148145,-0.06346656507679849,0.058446186742694195,81,0.003083293733346346,-0.011197243755383224,0.11705116838317838,0.4567901234567901,-0.05766871165644183,0.056143034659314806,78,0.022105090440983827,-0.006494522691705751,0.17141069536785902,0.47435897435897434,-0.09082581991555722,0.11955649767493143,104
无无负,负无正,5,-0.01703713798093489,0.021724216784815953,0.0867667205792879,0.6,-0.04041204437400958,0.022670025188916698,4,0.058116829919817564,0.04822394039602218,0.17385770844934514,0.75,-0.01759612275956693,0.12393689307540667,4,0.15197647619944862,0.13663532980315996,0.3122213490089928,0.75,0.025102825330988704,0.2635089806716199,3,-0.04106941547348005,0.07472712006717042,0.3210612199809011,0.6666666666666666,-0.16461919858710444,0.14037863541046958,5
无无负,负无负,4456,0.006200429888781247,0.002594239942714349,0.07192439656127537,0.5141382405745063,-0.032796359816494675,0.041734026009535685,4405,0.014685073117300081,0.004608294930875667,0.11028116176799793,0.5237230419977299,-0.045872370514406846,0.059107635694572336,4261,0.01929238388825354,0.004059539918809252,0.15234705302254553,0.5127904247829148,-0.0691964285714286,0.081924971580144,4205,0.04823544654713421,0.014860139860139787,0.21301157670793555,0.5450653983353151,-0.07957354758961688,0.1409326424870465,4504
无无负,负正负,15,0.024203817005681336,0.027397260273972712,0.07346940189517205,0.5333333333333333,-0.03827244702714189,0.08545069570477926,15,0.06947878135617297,0.08284883720930258,0.12309173492646201,0.7333333333333333,0.02190666855644524,0.11892308757633852,15,0.07057119536528003,0.08252427184466016,0.21107002657357074,0.7333333333333333,0.008661521133362993,0.1348497815121691,15,0.06322296254030316,0.05595930232558133,0.21054248800420558,0.6666666666666666,-0.023237641200708814,0.20403772894115513,15
无无负,负负无,2,0.07223985224838891,0.07223985224838891,0.09318371145985524,1.0,0.039294435113691795,0.10518526938308603,2,0.09871271934118964,0.09871271934118964,0.011295369712690125,1.0,0.09471920308126347,0.1027062356011158,2,0.33768993668159686,0.33768993668159686,0.3453852643881392,1.0,0.21557780539621596,0.45980206796697776,2,0.3494512082788699,0.3494512082788699,0.46066614120592525,1.0,0.18658113212399519,0.5123212844337446,2
无无负,负负负,353,-0.0027582594810997042,-0.0031948881789136685,0.06274378322880915,0.4702549575070821,-0.03936269915651358,0.03088391906283272,353,0.005233976628179484,-0.0024860161591049312,0.08122488992320474,0.47875354107648727,-0.03859649122807007,0.04583046175051697,353,0.01585546151712227,0.002941176470588225,0.11282497199855072,0.509915014164306,-0.04971590909090906,0.07771535580524347,351,0.05982497069973976,0.039393939393939315,0.1674377673307968,0.6210826210826211,-0.0402161741842611,0.12271464827135292,353
无正无,无无无,7249,0.005371370916043913,0.0,0.0663807333930095,0.4924817216167747,-0.03166718410431546,0.03464947622884784,7239,0.007475359090093972,-0.0017361111111110494,0.09429565382797774,0.48639314822489293,-0.04381325880168363,0.04591785263916426,7208,0.013759797519714822,-0.005527356740294642,0.14110012069127964,0.47599889012208657,-0.066273380816082,0.07036442569852797,7139,0.02689865129026017,-0.009211147850732071,0.21979672151406573,0.47289536349628797,-0.09432483975084421,0.09565587470595538,7269
无正无,无无正,291,0.015281133197212535,0.006413994169096382,0.08101980416999777,0.5360824742268041,-0.03215266755293572,0.05041125857033335,291,0.029048333547470162,0.008168028004667649,0.13077637587733654,0.5395189003436426,-0.04344811717193098,0.06549984815074017,291,0.029334921472656143,-0.004026354319180192,0.20047129817347298,0.49140893470790376,-0.08824615170300215,0.09044759044759043,288,0.04773665547091246,-0.012888110171847045,0.26868977976725295,0.4722222222222222,-0.10870075289761197,0.13274459465351762,291
无正无,无无负,1,-0.09276080374346274,-0.09276080374346274,,0.0,-0.09276080374346274,-0.09276080374346274,1,-0.010734929810074512,-0.010734929810074512,,0.0,-0.010734929810074512,-0.010734929810074512,1,0.05560143132397477,0.05560143132397477,,1.0,0.05560143132397477,0.05560143132397477,1,0.24965593173685652,0.24965593173685652,,1.0,0.24965593173685652,0.24965593173685652,1
无正无,无正正,1039,0.012170361810595874,0.0,0.08712450552200783,0.49470644850818096,-0.03774502716834727,0.045885746492626445,1038,0.015324998911271094,-0.0018615832363685914,0.10894783108925295,0.48940269749518306,-0.05015316469459247,0.06305816002106068,1038,0.04009726730124888,0.01125397449609944,0.1776338700735626,0.5452793834296724,-0.0641987404772554,0.11618713054365698,1030,0.05235822342471277,-0.00018382352941176405,0.2605071318808533,0.4980582524271845,-0.10371811480014978,0.13351927996784768,1039
无正无,无正负,2,0.04575017408769416,0.04575017408769416,0.08845345764583806,0.5,0.01447715422730958,0.07702319394807874,2,0.086588125780517,0.086588125780517,0.1023554594599672,1.0,0.05040000604271322,0.12277624551832078,2,0.03613290804141278,0.03613290804141278,0.18630869719912393,0.5,-0.029737163550353052,0.10200297963317861,2,0.08654820071016256,0.08654820071016256,0.2941496739501108,0.5,-0.017449413856805096,0.19054581527713021,2
无正无,无负无,97,3.9657185174299075e-05,-0.0013271400132712774,0.06990692356110487,0.4536082474226804,-0.04108047270680926,0.03206841261357529,97,0.0033246715977180985,-0.003414028553693438,0.0899860109418534,0.4536082474226804,-0.05121293800539073,0.049206349206349254,97,0.03818049506081167,0.043645699614891065,0.12172722535932039,0.6185567010309279,-0.05338515033749236,0.10275590551181124,97,0.05175996256929106,0.044628099173553926,0.16343617430643465,0.6494845360824743,-0.04017857142857151,0.12333965844402273,97
无正无,无负正,1,-0.010128291694800784,-0.010128291694800784,,0.0,-0.010128291694800784,-0.010128291694800784,1,0.02903443619176227,0.02903443619176227,,1.0,0.02903443619176227,0.02903443619176227,1,0.8723835246455098,0.8723835246455098,,1.0,0.8723835246455098,0.8723835246455098,1,0.5970355590817018,0.5970355590817018,,1.0,0.5970355590817018,0.5970355590817018,1
无正无,无负负,1,0.17437722419928825,0.17437722419928825,,1.0,0.17437722419928825,0.17437722419928825,1,0.2398576512455517,0.2398576512455517,,1.0,0.2398576512455517,0.2398576512455517,1,0.2797153024911032,0.2797153024911032,,1.0,0.2797153024911032,0.2797153024911032,1,0.040569395017793664,0.040569395017793664,,1.0,0.040569395017793664,0.040569395017793664,1
无正无,正无无,873,0.007467612961816644,-0.0006447453255963298,0.06813021852483565,0.4879725085910653,-0.03285420944558526,0.03702213279678057,872,0.008379638382071591,-0.0035179059246290834,0.09275677300926273,0.481651376146789,-0.04391006889361421,0.04674839667536007,870,0.01174224718857631,-0.00592691761252756,0.13600515909394742,0.4735632183908046,-0.06277845518201944,0.062282758680194894,858,0.026878679109639782,-0.005784778366322851,0.2099112894026203,0.479020979020979,-0.09242693059203469,0.08901466009340941,875
无正无,正无正,68,0.027315649199352497,0.02229527479250004,0.07109562037667003,0.6617647058823529,-0.020272791503830795,0.05636542429868929,68,0.03143092918982506,0.016422607535395706,0.1112364936066193,0.6029411764705882,-0.03148459361548639,0.07353578806949951,68,0.03872515625815051,0.018301256831565693,0.1587755806151871,0.5735294117647058,-0.06640905017921148,0.10449680289129826,68,0.02586080848148426,-0.01526237052366991,0.20970974387168984,0.45588235294117646,-0.11617690969120409,0.0920279992222438,68
无正无,正正无,9906,0.004869872664825575,-0.0035087719298245723,0.07898792858350988,0.4671916010498688,-0.03766132203434763,0.035473650534697365,9881,0.011510004513940767,-0.0008271298593880427,0.11095918623647172,0.49256148163141383,-0.05031779661016933,0.05319148936170204,9854,0.022356296099203997,-0.0013999477699072616,0.1566148954759433,0.49391110209052164,-0.0676604511229798,0.08074279354298175,9812,0.04315148875115855,-0.0006871401728391624,0.255796537273224,0.4972482674276396,-0.10185234895876699,0.12784554312558527,9930
无正无,正正正,328,0.009074801978794646,-0.0038631193707873712,0.08786063779649836,0.4817073170731707,-0.04193174719365955,0.047086038961038856,327,0.02081594231826408,0.0009233610341645715,0.134795585669158,0.5015290519877675,-0.05024491333835718,0.05220970467788433,327,0.045158236008504916,0.014256619144602745,0.19756213263071304,0.5535168195718655,-0.06487371321909441,0.10710422300811318,327,0.06608231822176697,0.005607476635514086,0.28738890318200155,0.5137614678899083,-0.10169095077338908,0.14542247568664113,328
无正无,正负无,4,0.024714449968337188,0.033299785684439476,0.09819166237085503,0.5,-0.04858241283417716,0.10659664848695383,4,-0.026335859856105398,-0.0205077472226306,0.16217961591423652,0.5,-0.14453821779545525,0.09769461071671925,4,-0.06943435368891993,-0.13467901498643065,0.16514249358746266,0.25,-0.16987848857177673,-0.03423488010357384,4,-0.12255350809832383,-0.1300140562606279,0.051395015141261415,0.0,-0.16560052183161786,-0.08696704252733387,4
无正无,正负正,1,0.017191977077363862,0.017191977077363862,,1.0,0.017191977077363862,0.017191977077363862,1,-0.0014326647564470996,-0.0014326647564470996,,0.0,-0.0014326647564470996,-0.0014326647564470996,1,0.09742120343839544,0.09742120343839544,,1.0,0.09742120343839544,0.09742120343839544,1,0.032951289398280625,0.032951289398280625,,1.0,0.032951289398280625,0.032951289398280625,1
无正无,负无无,1146,0.0075507249280295724,0.0029872714804219935,0.06298833576257476,0.5191972076788831,-0.02399118934381289,0.03315981722218708,1146,0.01097702143488737,0.0025248504501069746,0.09322424839900859,0.5200698080279232,-0.040073217555420176,0.05210239606734468,1140,0.02387096356045431,0.008238596924216024,0.12903958317283268,0.531578947368421,-0.05077043547469179,0.081651947973927,1136,0.029658019812514428,0.00639399698942078,0.19021521039859235,0.5140845070422535,-0.07725765846606356,0.10330609318315648,1148
无正无,负无正,44,0.002198427308666436,0.010301495767913615,0.057424779759983224,0.7045454545454546,-0.01607100799578462,0.031118780557952197,44,0.03513030637498901,0.02179613053591667,0.09803921986893326,0.7272727272727273,-0.0034314988698103954,0.061339505889433765,44,0.07048740373200203,0.009066341670199263,0.25169492371796515,0.5681818181818182,-0.04233484753789318,0.08506708847379774,44,0.02859764147163814,0.00364584532829737,0.18586025875218373,0.5454545454545454,-0.06657836884116766,0.11947803854968808,44
无正无,负正无,5752,0.013628899318545967,0.006370616140144225,0.06666349967233333,0.5521557719054242,-0.023843439801180144,0.04380664367249737,5746,0.01753782169410762,0.0044684037136867305,0.09820147525180843,0.5252349460494257,-0.03840320129430719,0.06083801749668227,5731,0.03413003772672659,0.005405405405405572,0.16499721621026078,0.5205025300994591,-0.05706030396325068,0.09071749940937412,5684,0.0361307339576871,-0.005393473176952268,0.22816091258641497,0.48434201266713584,-0.09319858397447489,0.11570663013575139,5769
无正无,负正正,119,0.032229969761742354,0.01999529522465293,0.0930282343790158,0.6470588235294118,-0.010778886872353288,0.08262932122062328,119,0.03786114971606879,0.035869565217391264,0.09985813983106795,0.7226890756302521,-0.0080000597258158,0.08772739705009236,119,0.06895579883739685,0.030323679727427555,0.1795950249924697,0.5966386554621849,-0.04005802457129892,0.12313519265443662,119,0.05109172950709924,0.00843881856540074,0.23694161667403618,0.5210084033613446,-0.07200213206706718,0.09162434778649375,119
无正无,负负无,23,0.004382443164114252,0.005996002664889977,0.0629162593656924,0.5652173913043478,-0.0414366587659033,0.0491808246959935,23,0.00982972211839187,0.0020345879959307034,0.08263362661887931,0.5652173913043478,-0.033632884374510175,0.05253015954651663,23,-0.008005856420090164,-0.01276595744680864,0.12723131892698242,0.43478260869565216,-0.053396519455576996,0.07577128703051095,23,-0.06528369212639769,-0.08377094273568386,0.16145198461192475,0.34782608695652173,-0.15190127391841518,0.0814967529915741,23
无正无,负负正,2,0.06780474977856515,0.06780474977856515,0.15601639406754642,0.5,0.012644624667847798,0.12296487488928251,2,0.1313198903897253,0.1313198903897253,0.24959824216947027,0.5,0.04307358558458804,0.21956619519486253,2,-0.0808569530558016,-0.0808569530558016,0.13313837379161225,0.5,-0.12792847652790076,-0.033785429583702425,2,-0.07531206598759976,-0.07531206598759976,0.06584993278421998,0.0,-0.09859353299379991,-0.05203059898139961,2
无正正,无无无,57,0.0072083062564410475,0.0,0.09757462849370142,0.49122807017543857,-0.051322751322751214,0.033991228070175517,57,-0.0019887539166490724,-0.007192997660109279,0.08046046971483196,0.47368421052631576,-0.046407185628742464,0.04153686396677059,57,-0.05124860104270925,-0.08082191780821923,0.14184731180323448,0.3157894736842105,-0.14657210401891274,0.015194681861348647,57,0.008477911101754994,-0.03539823008849563,0.2217083835184974,0.38596491228070173,-0.10756972111553786,0.04722979109900094,57
无正正,无无正,5960,0.007152372671104445,-0.002242332830568128,0.10178565843048368,0.4818791946308725,-0.04122479727649958,0.04559748281928683,5958,0.009557162399416503,-0.0037906498808225053,0.13319057381772356,0.48120174555219875,-0.057529775413071804,0.058754517577483345,5950,0.02754662514339473,-0.004269064997311944,0.19653686121986103,0.4857142857142857,-0.08047818212035104,0.09366140425733643,5919,0.04776654749054671,-0.00550098231827123,0.2735573025420736,0.48251393816523064,-0.10658047351264588,0.12635532161461582,5968
无正正,无正无,54,0.04413472939905702,0.04176096568693144,0.07512855400601395,0.7222222222222222,-0.004043126684636106,0.07725492988917271,53,0.023862241859720953,0.02290640394088661,0.06808983621042242,0.6415094339622641,-0.013176858142886605,0.06707317073170715,53,0.007769481923077007,0.023054755043227626,0.11907023511310744,0.5849056603773585,-0.03735632183908044,0.06913580246913598,53,0.03198905904674539,-0.026717557251908386,0.20671263606688053,0.3584905660377358,-0.06451612903225801,0.08602150537634401,54
无正正,无负无,14,0.0004062615927725959,0.0014582139492521629,0.09830976601120367,0.5714285714285714,-0.04645865592916121,0.03700129628446536,14,0.04643103010156408,0.014282714499201599,0.1384389901760709,0.6428571428571429,-0.058083578241887424,0.09735855523518766,14,0.062190842224651044,0.030065968308008784,0.16467397571202216,0.6428571428571429,-0.024811502630342347,0.09450406504065045,14,0.01889880108633615,0.04393559382811962,0.19489838036050272,0.5714285714285714,-0.13965529449814648,0.12534243170099163,14
无正正,无负正,390,0.006538307451940251,0.0034509019943833596,0.08350018866967623,0.517948717948718,-0.03488620007196827,0.04114164355062405,390,0.00975679469131224,-0.0022311896747354565,0.12233837211269978,0.4846153846153846,-0.051463439081719686,0.06355926596230843,390,0.016146421427851866,-0.0072965247480066275,0.15554441641318853,0.48205128205128206,-0.0650812973497262,0.08032668518676583,390,0.01898486547893697,-0.011392682301583135,0.21479878422087956,0.4666666666666667,-0.10763682871424723,0.09315519304826936,390
无正正,正无无,15,0.006511793491515057,0.015273311897106012,0.062136429566265784,0.5333333333333333,-0.03362995515484685,0.03359130159653956,15,0.018530375237925986,0.024858264282599185,0.13128487402826158,0.7333333333333333,-0.023611863003995093,0.06377489890669463,15,0.03441219300189543,-0.012436665131275948,0.2155345590857751,0.4,-0.07384366476915277,0.07755276407949219,15,-0.010729235789325772,-0.02386363636363642,0.18279158968988996,0.4666666666666667,-0.11058334025871625,0.06844532139172244,15
无正正,正无正,565,0.017253213235148408,0.006307339449541205,0.09439232059592069,0.5380530973451327,-0.03279424977538181,0.05797101449275366,565,0.025311743118191236,0.012704174228675091,0.13209167135502276,0.5539823008849557,-0.05655893536121681,0.08167635362496162,564,0.03944942120322576,0.01836585306318994,0.18137562159111267,0.5709219858156028,-0.0737730985984914,0.12236791453279044,563,0.05406936200980647,0.006108202443280808,0.2727417262435209,0.5079928952042628,-0.10158865021620428,0.15005007038705276,566
无正正,正正无,13,0.006569479660155497,0.005859375,0.04185686431876679,0.6153846153846154,-0.028025477707006252,0.024803387779794406,13,-0.025556656987982023,-0.016989145823501972,0.04171559223294206,0.3076923076923077,-0.06473079249848757,0.0008094544277157389,13,-0.007594549855664041,-0.017932987258140853,0.13048595979542657,0.38461538461538464,-0.12462189957652758,0.10382338825787873,13,-0.006447649893779097,-0.09060877772534237,0.2598429492600949,0.38461538461538464,-0.16626193945280876,0.01953125,13
无正正,正正正,10759,0.010371269109731513,-0.0006345177664974777,0.10112677592644921,0.494469746258946,-0.048338695054641945,0.05429440707040056,10754,0.019066394285359205,0.0009646439840447218,0.14903458020391913,0.5025106936953692,-0.06384418042746867,0.07623051844920092,10738,0.030012969068001806,0.0012041454192897039,0.2121002218884541,0.5030731979884522,-0.09109900332540896,0.11391019125935503,10723,0.04888052045037453,-0.01097046413502123,0.30476416958667596,0.4759861978923809,-0.12669755179055364,0.1477231042479863,10769
无正正,正负无,1,0.002849002849002913,0.002849002849002913,,1.0,0.002849002849002913,0.002849002849002913,1,-0.02877492877492882,-0.02877492877492882,,0.0,-0.02877492877492882,-0.02877492877492882,1,-0.059259259259259345,-0.059259259259259345,,0.0,-0.059259259259259345,-0.059259259259259345,1,-0.12307692307692308,-0.12307692307692308,,0.0,-0.12307692307692308,-0.12307692307692308,1
无正正,正负正,11,-0.015647498898405575,-0.012910798122065748,0.07348093332858345,0.45454545454545453,-0.06699073569482283,0.01475985854362849,11,-0.0009026356571018225,0.0040567951318459805,0.10788928602709263,0.5454545454545454,-0.06596752537080408,0.016567747093917173,11,-0.06578638732299746,-0.016227180527383367,0.11023020017195785,0.18181818181818182,-0.0919957306808531,-0.010005252254092323,11,-0.005542833566764943,-0.010899182561307952,0.17780947413260237,0.45454545454545453,-0.12137095486005628,0.15012253521126773,11
无正正,负无无,15,0.019498190670667086,0.027347781217750278,0.10340965743469756,0.6,-0.006399177228082309,0.0845026722490797,15,0.04707746718825554,0.035363457760314354,0.14241139761564298,0.6666666666666666,-0.021955310285126928,0.1244344148010963,15,0.04971550271951955,-0.015249837767683183,0.22524070096444782,0.4666666666666667,-0.05100792096510787,0.14398278820078592,14,-0.0013643424796578238,-0.05437550382810419,0.3069277325903433,0.35714285714285715,-0.14205914804605094,0.05000889763543953,15
无正正,负无正,1039,0.009441072799523206,0.00512236767216856,0.08574519183386335,0.5457170356111646,-0.03276861623465288,0.05095449528396534,1039,0.010382576394541296,0.0033444816053511683,0.12174718742734505,0.5264677574590952,-0.05130962248390836,0.06012253032380355,1033,0.030155420220185438,0.010009686793671424,0.17254606590853228,0.5353339787028074,-0.06682389937106925,0.10498489425981883,1031,0.04455296935351297,0.012437810945273853,0.24808896705386171,0.5237633365664404,-0.09973821989528792,0.13833622764063958,1046
无正正,负正无,7,-0.007423483159412579,-0.010167768174885627,0.07237306730955394,0.42857142857142855,-0.06532473821074625,0.04434624984470814,7,-0.0049604924207878875,0.0003597122302156919,0.06460341528659713,0.5714285714285714,-0.05917177180061872,0.040022965131567445,7,0.009734879528000309,0.04136690647482011,0.12142660628476083,0.5714285714285714,-0.0867652704910809,0.09172431323738228,7,-0.05057531912024804,-0.033453237410072,0.1251006390884319,0.42857142857142855,-0.16720200327388718,0.055301789877811425,7
无正正,负正正,5985,0.010449354056366645,0.004484304932735217,0.08839380953368377,0.5324979114452799,-0.034411915767847856,0.05099150141643061,5981,0.00850193332174279,0.0011918951132301459,0.13162479117227996,0.5049322855709748,-0.05330281229561806,0.06383090593616902,5970,0.02443827625153495,0.0018903595899486536,0.19785439627971949,0.5056951423785595,-0.0787086203457057,0.09900771298826055,5929,0.03664404672040434,-0.005665722379603388,0.2799652718735755,0.48557935570922584,-0.1157775255391601,0.1165721487082545,5995
无正正,负负无,2,0.03647325654904732,0.03647325654904732,0.051816715626230234,0.5,0.018153281049986147,0.05479323204810849,2,-0.007198068126658519,-0.007198068126658519,0.11767775266581065,0.5,-0.048803436579052534,0.034407300325735496,2,-0.0070269180083473715,-0.0070269180083473715,0.08678930826227893,0.5,-0.03771157221172092,0.023657736195026174,2,0.1569035745999593,0.1569035745999593,0.3297400653461806,0.5,0.040322856482369496,0.2734842927175491,2
无正正,负负正,119,-0.00051873367171267,0.012947448591013044,0.10378912717005571,0.6050420168067226,-0.05015701084949581,0.06420068027210868,119,0.0019468926075880064,-0.012668918918918859,0.14900818343687433,0.42857142857142855,-0.07207198992479746,0.06471440153458874,119,0.034738514998583395,0.019199122325836315,0.18639428381347603,0.6050420168067226,-0.06363841907994117,0.1153341171496286,117,0.07280306842478762,0.025802481113319953,0.272273364932503,0.5555555555555556,-0.11780455153949121,0.15422925472571047,119
无正负,无无无,55,0.018559884676658492,0.006832298136645987,0.07925473763271215,0.5818181818181818,-0.03337073758960274,0.05188831916393799,55,0.010254208226977642,-0.004382120946538226,0.09947769576510496,0.4727272727272727,-0.0557554258917744,0.08610003467406391,55,0.016249515392716584,0.00497159090909105,0.15258798011662095,0.5272727272727272,-0.060679611650485465,0.06904835888229066,46,0.05507092745502959,-0.029664293833740363,0.25917735268759223,0.41304347826086957,-0.11961451247165544,0.24011700452062912,55
无正负,无无正,3,-0.012892164052820418,-0.0009765625,0.022437122256688535,0.3333333333333333,-0.019874918708926548,4.839137969592233e-05,3,-0.023334130885429905,-0.04315443592552026,0.04740963090478058,0.3333333333333333,-0.05038581171276019,-0.006192602578144801,3,-0.11736939014800467,-0.10937500000000011,0.018443701679452952,0.0,-0.12391826923076932,-0.10682331599123773,3,-0.031279724381596395,-0.04312908765652956,0.10755436048613341,0.3333333333333333,-0.0877739129688897,0.01928978256823033,3
无正负,无无负,480,0.017267930058902144,0.01687786225601351,0.06324993732943789,0.6083333333333333,-0.018130558844063893,0.051249206244936396,478,0.02039472344445408,0.012949638231421368,0.08799815451146303,0.5941422594142259,-0.028362845676161624,0.05776198318453657,470,0.01293510527226435,0.0069092942074832076,0.11464212938802287,0.5425531914893617,-0.050441228039298625,0.07455148051123295,425,0.048781116987628534,0.022677234698370796,0.18039318755629297,0.5552941176470588,-0.05532212885154064,0.13246162592382027,480
无正负,无正无,131,0.003446971602546766,0.003696857670979714,0.053659770564281666,0.5267175572519084,-0.02434745287646284,0.026250789664529872,126,0.013568552699065107,0.01335545733436072,0.07523798113809052,0.5952380952380952,-0.028967112529170752,0.05101977259537521,126,0.015750707111561853,0.01170895761674351,0.10405294247903987,0.5476190476190477,-0.04136307706183237,0.07230633909051659,115,0.01038374941418575,-0.016853932584269593,0.16186935498528465,0.46956521739130436,-0.08059019577067578,0.08450913539439553,131
无正负,无正正,29,0.036162246383754114,0.030191328769527903,0.08962547523156948,0.6206896551724138,-0.01906779661016933,0.07058823529411762,27,0.035837623878350974,0.02540500736377016,0.14086438515817543,0.6666666666666666,-0.018862796260056436,0.054453672316384094,27,0.033808159091536893,0.011058451816745807,0.1481088741467431,0.5185185185185185,-0.029580469086906203,0.1182325240465032,27,-0.005093293186882424,-0.01941747572815533,0.16843910298442108,0.4444444444444444,-0.10241030208057411,0.12133979134254547,29
无正负,无负无,1,-0.15621301775147922,-0.15621301775147922,,0.0,-0.15621301775147922,-0.15621301775147922,1,-0.03402366863905326,-0.03402366863905326,,0.0,-0.03402366863905326,-0.03402366863905326,1,0.02396449704142012,0.02396449704142012,,1.0,0.02396449704142012,0.02396449704142012,1,0.00917159763313613,0.00917159763313613,,1.0,0.00917159763313613,0.00917159763313613,1
无正负,无负负,19,0.028612688271320137,0.034482758620689724,0.06478212538563047,0.6842105263157895,-0.014155432196669315,0.08179336176357777,19,0.044115533239995265,0.046398046398046455,0.056835663394381446,0.6842105263157895,-0.0035183737294761097,0.09397344869202684,19,0.0432875641300413,0.05555555555555558,0.11229239692008448,0.7894736842105263,0.011105571795134939,0.08513734269633311,18,0.03265656602153369,0.0066503839886592475,0.2531027980626028,0.5,-0.08263737306633753,0.06436633131240754,19
无正负,正无无,9,-0.00902837152711543,-0.0025839793281653423,0.0339608684425086,0.4444444444444444,-0.03092214246272773,0.004726270185112291,9,-0.03934858049197808,-0.042128603104212736,0.07733170067482142,0.2222222222222222,-0.05770887166236005,-0.0029223430315010734,9,-0.07100813562951859,-0.08039747064137304,0.09025373684272692,0.2222222222222222,-0.1154177433247201,-0.03309123726846863,7,-0.09638208210891075,-0.14472252448313383,0.11969877235181897,0.14285714285714285,-0.1882418436587467,-0.030968521982340846,9
无正负,正无正,1,-0.01792598303777948,-0.01792598303777948,,0.0,-0.01792598303777948,-0.01792598303777948,1,0.03411719352351561,0.03411719352351561,,1.0,0.03411719352351561,0.03411719352351561,1,0.14668465690053978,0.14668465690053978,,1.0,0.14668465690053978,0.14668465690053978,1,0.17675404780262127,0.17675404780262127,,1.0,0.17675404780262127,0.17675404780262127,1
无正负,正无负,76,0.011474036588679001,-0.0010468735375526728,0.0790802041377329,0.47368421052631576,-0.027388208664809316,0.04628181143760274,76,0.009286206282693618,0.009948357885650738,0.11210963108876813,0.5526315789473685,-0.05466378134864147,0.06241513128743165,75,0.005232942190797313,-0.008988764044943864,0.17058920922325008,0.4533333333333333,-0.09298982750995144,0.06869570657419666,71,0.025041851052469262,-0.0671883077443357,0.2948560770463653,0.352112676056338,-0.11437072792022801,0.09923524623051816,76
无正负,正正无,32,0.013350507671670502,-0.009898373983739717,0.06819407316849088,0.4375,-0.027400728448602946,0.03230550593301551,31,0.013003232290348256,0.012847965738758127,0.05609892268395891,0.5806451612903226,-0.015093427827298223,0.04402949651236665,31,0.0013470202887617688,-0.005108556832694844,0.08008021173732288,0.45161290322580644,-0.046465795315851266,0.026431537792410698,30,0.023558359589857986,-0.026727841011883413,0.1831046929765107,0.43333333333333335,-0.08089097739699705,0.07576595744680853,32
无正负,正正正,10,0.04931292431746255,0.06551686364244935,0.12080093923482879,0.6,-0.007607113477727717,0.14519536456907545,10,0.05567675908082335,0.07527857739808719,0.16960572072194555,0.7,0.0074459306856472784,0.12920216653310496,10,0.18558748452976995,0.16374348527353755,0.3250474040567468,0.7,0.006435829199690435,0.3386963659576764,10,0.19808847590065062,0.15315363482323519,0.34067279876033507,0.7,-0.012922337996516542,0.29324979642980153,10
无正负,正正负,567,0.007678041601074877,0.0012269938650304457,0.06574165143941675,0.5149911816578483,-0.029582259625316798,0.03459712614327504,567,0.016058384792891924,0.013132971334764543,0.09107839821588218,0.5908289241622575,-0.029440381151015937,0.04642350639092341,564,0.030543910556735058,0.0062639301814084725,0.1489775348274981,0.5460992907801419,-0.043646984858421695,0.08013072613794736,496,0.0674988268433093,0.025552908113391948,0.239211464700171,0.5745967741935484,-0.05204079039140305,0.14102084291242367,567
无正负,负无无,8,-0.04412266844349602,-0.02374466014942228,0.08943842790975598,0.25,-0.10675921645672026,0.004804350890153464,8,-0.026392260572565662,-0.004997225207174105,0.10763986139523977,0.375,-0.08301997862013169,0.04065593848875576,8,-0.026506869856501608,-0.030859158443788004,0.10408679213886492,0.375,-0.05246193516699407,0.027930247035251266,7,0.009810943483069259,0.06168346153846116,0.1517937142334976,0.7142857142857143,-0.055120833758604604,0.0990691383078246,8
无正负,负无正,2,0.1001958165011615,0.1001958165011615,0.0394024469810912,1.0,0.086264947773325,0.11412668522899799,2,0.10980772429036634,0.10980772429036634,0.08990660585517787,1.0,0.07802093895353512,0.14159450962719755,2,-0.07139389159813092,-0.07139389159813092,0.08725645860472617,0.0,-0.10224370838899349,-0.04054407480726835,2,0.03185961298075635,0.03185961298075635,0.31772481095350863,0.5,-0.08047307120746355,0.14419229716897625,2
无正负,负无负,50,0.010801485262853922,0.0066824990067285706,0.08264919439785033,0.56,-0.02853193656336392,0.04543177719895802,50,0.02150158054099137,-0.0006261740763933155,0.11646298905852347,0.48,-0.04247454667537198,0.07306684576485456,49,-0.00648575795735008,-0.0013633265167007913,0.1008359700115735,0.46938775510204084,-0.061783439490445846,0.04195011337868482,49,0.02797977358673302,-0.0041333248546513435,0.1626640883460257,0.4897959183673469,-0.056391703144266225,0.06812842599843383,50
无正负,负正无,6,-0.010197999723166892,-0.02765066798923238,0.0632522103004309,0.3333333333333333,-0.0508478077323784,0.03734785036292565,6,0.010290396978914465,0.008810816534781274,0.04411839835129319,0.5,-0.010535060681949565,0.042924217044820134,6,0.02602236129731102,0.01871755924838059,0.07164658047128193,0.6666666666666666,-0.021892869520014013,0.037550602009087164,6,0.05845475536895275,-0.004576073981678808,0.13597244381109153,0.5,-0.03694842894351821,0.17088688610240332,6
无正负,负正正,3,0.05312045035490076,0.03591656306119617,0.12397493264587332,0.6666666666666666,-0.01271872834246257,0.1103576854054118,3,0.0012786084912855082,0.029061102831594576,0.0887369030801447,0.6666666666666666,-0.034482142519322634,0.050930606672048184,3,0.042360488322395994,0.09314456035767504,0.16605778803859003,0.6666666666666666,-0.02500740952497066,0.13512042218740217,3,-0.04260862590007749,-0.0867418899858956,0.16284438494282868,0.3333333333333333,-0.1327897229363159,0.02550583909325188,3
无正负,负正负,239,-0.002169686633021001,0.002666666666666595,0.08750469222488282,0.5271966527196653,-0.03181026270813703,0.03800127949542231,239,0.0011995894129634827,0.005673187582369232,0.11424746905899982,0.5271966527196653,-0.04510416050186428,0.055113845842146514,238,-0.008537708344189786,-0.01479909923059286,0.15877465596257329,0.4411764705882353,-0.08709348431125849,0.06520426011204927,231,-0.003188025904867636,-0.02254098360655754,0.17752192229253821,0.4199134199134199,-0.10934703124364342,0.0602854089456244,239
无正负,负负负,20,0.0289515216196987,0.015319646569646461,0.058573997080353726,0.75,-0.0008884957738492794,0.05942020879940341,20,0.04199919474319073,0.032283912324235,0.06581657490514078,0.65,-0.0063164758657085485,0.09374306444728986,20,0.0037630410180785278,-0.019126378764491858,0.09127632735763885,0.35,-0.04620931415286256,0.0946705919872054,20,0.060249953132872194,0.02770874322598471,0.1421709499890028,0.6,-0.03520324248120299,0.1667271878404315,20
无负无,无无无,7099,0.005832232869100693,0.0021008403361344463,0.062239291357624446,0.5137343287787012,-0.02751858363943388,0.03241230130765016,7094,0.008038031240197608,0.0021440902179400423,0.08756022938237884,0.5122638849732168,-0.03810534992015907,0.04519812072359175,7090,0.017477786402325064,0.005326316685343002,0.13450483352779596,0.5215796897038082,-0.05496113327316099,0.06951656617632601,6986,0.03783012824063455,0.012587488627033072,0.19741112420098228,0.5407958774692242,-0.07164053583228214,0.11082051828231154,7101
无负无,无无正,8,-0.004744484123194587,-0.01897285210425209,0.037243616806165496,0.375,-0.028507741725344177,0.013611523569656447,8,-0.025462275663366063,-0.02650498308192567,0.03223202571657109,0.125,-0.04379472751656188,-0.0034923317203062743,8,-0.052838541773616216,-0.05879992133330897,0.05057516858934825,0.125,-0.08176703228737184,-0.04503603687082586,8,-0.019804944753886403,-0.055699252156380885,0.12154111415359631,0.375,-0.07238122288409274,0.051304024232834866,8
无负无,无无负,164,0.008050205297460998,0.003247094097490577,0.06408631878906063,0.5365853658536586,-0.030077701536103202,0.0423920404748625,164,0.0051189547767671855,-0.000995491054643416,0.07338485209034616,0.49390243902439024,-0.04911707361035403,0.05271706519715019,164,0.03182123239064348,0.006832385329725854,0.13831861733364983,0.5548780487804879,-0.05372356649290755,0.11531499505267812,146,0.0649013904385492,0.01335994287406439,0.23159476215562683,0.5205479452054794,-0.09097225141699503,0.16402397092052273,164
无负无,无正无,48,0.013751455832431037,0.005605053571065666,0.08799817396110107,0.5416666666666666,-0.03345897250203014,0.02882359370022336,48,0.020630941902717765,0.003533585141481388,0.10579421305426814,0.5208333333333334,-0.05121899921633716,0.07508133971291886,48,0.004639204697112323,0.006036086943163044,0.1006555452134852,0.5416666666666666,-0.06790633308248853,0.0795937323483426,47,0.06492507856768236,-0.0004952947003468156,0.24143194277009233,0.48936170212765956,-0.10330802110878007,0.1644685366539672,48
无负无,无负正,3,0.04291383956377207,0.03580562659846542,0.06497161310857977,0.6666666666666666,0.008797122242322153,0.07347645040256867,3,0.009509238358590818,0.007672634271099543,0.041352449374332294,0.6666666666666666,-0.011610837335994939,0.029711012009430937,3,-0.09771536226629692,-0.05430894308943102,0.14321087178723027,0.3333333333333333,-0.1559583771590361,-0.01776913778512479,3,-0.08097445038951893,-0.03661513425549234,0.17747630480894155,0.3333333333333333,-0.15651894924156734,0.016749706529542774,3
无负无,无负负,700,0.005271849483484211,0.0011248539437913596,0.06083730214068812,0.5057142857142857,-0.03228987390090207,0.038835146331822334,700,0.015730617010276497,0.006394986248990375,0.08870678507784013,0.5385714285714286,-0.04227790975668824,0.059034198781961256,700,0.018945544967114588,0.008114852086717694,0.15163174396084947,0.5242857142857142,-0.06167270519480522,0.0796064686581156,679,0.06402099253840003,0.019115890083632125,0.3489988181209633,0.561119293078056,-0.06596998735587495,0.1290967331706906,700
无负无,正无无,1393,0.003987115801002735,-0.0027081922816519777,0.06032923229427752,0.47164393395549176,-0.025252525252525193,0.028186274509804043,1393,0.008857247144885975,-0.0014064697609001975,0.09151020290457809,0.48600143575017946,-0.03760789149198507,0.038804296506137925,1393,0.011817283694645804,-0.006195786864931829,0.1369305584474059,0.4723618090452261,-0.06236559139784936,0.06470588235294117,1381,0.019872905161092778,-0.005405405405405461,0.17593593245985467,0.4779145546705286,-0.0825892857142857,0.09022556390977443,1393
无负无,正无正,2,-0.04087776259503367,-0.04087776259503367,0.019739212373252067,0.0,-0.04785662805723764,-0.0338988971328297,2,-0.027836226080270643,-0.027836226080270643,0.019979093789348527,0.0,-0.03489990243047583,-0.020772549730065454,2,-0.020872753868244664,-0.020872753868244664,0.11940498684012554,0.5,-0.06308879181931629,0.021343284082826958,2,-0.04332746021634237,-0.04332746021634237,0.08876896228613243,0.5,-0.07471202781205094,-0.011942892620633805,2
无负无,正无负,25,0.01519742345449183,0.012481426448736954,0.04420562072711901,0.76,0.004155844155844024,0.02224123182206994,25,0.017646224542225006,0.01879895561357725,0.06660733990022694,0.8,0.0033277870216306127,0.038406827880512084,25,0.0413024122435752,0.022727272727272707,0.11066040926025009,0.64,-0.027760413920922655,0.07351638618246237,20,0.054334931917134524,0.05602194625527268,0.16480607345238696,0.65,-0.0697270766138488,0.1409624034265739,25
无负无,正正无,21,-0.008137754375335392,-0.0021216407355023614,0.06292059810709956,0.47619047619047616,-0.03792298716452758,0.022655188038060547,21,-0.025998663606612727,-0.026520509193776576,0.07568004938642961,0.2857142857142857,-0.06813020439061324,0.0126050420168069,21,-0.0507816745186833,-0.0771624144368388,0.11595181562094206,0.2857142857142857,-0.12388059701492526,0.04660452729693754,21,-0.09145201183273978,-0.13180515759312306,0.1389789913447293,0.19047619047619047,-0.14761544284632866,-0.05567451820128477,21
无负无,正正正,1,0.12777777777777777,0.12777777777777777,,1.0,0.12777777777777777,0.12777777777777777,1,0.21666666666666656,0.21666666666666656,,1.0,0.21666666666666656,0.21666666666666656,1,0.11111111111111116,0.11111111111111116,,1.0,0.11111111111111116,0.11111111111111116,1,0.10202020202020212,0.10202020202020212,,1.0,0.10202020202020212,0.10202020202020212,1
无负无,正正负,1,-0.04667609618104651,-0.04667609618104651,,0.0,-0.04667609618104651,-0.04667609618104651,1,-0.011315417256011262,-0.011315417256011262,,0.0,-0.011315417256011262,-0.011315417256011262,1,0.05374823196605383,0.05374823196605383,,1.0,0.05374823196605383,0.05374823196605383,1,0.11315417256011329,0.11315417256011329,,1.0,0.11315417256011329,0.11315417256011329,1
无负无,正负无,5540,0.005416613570991558,-0.001408017921129212,0.0702006050321159,0.4835740072202166,-0.02981249677443823,0.030417849350868664,5539,0.01192129135616896,0.003236245954692629,0.09195159398899495,0.5161581512908467,-0.03902027472382613,0.04905317072569715,5538,0.031101582675270904,0.013520041780911485,0.1428149684917526,0.5545323221379559,-0.051969256748367304,0.08820853071409263,5453,0.04403246296649302,0.012189404594467934,0.2148480800388338,0.5292499541536769,-0.07599765258215962,0.12301166489925763,5543
无负无,正负正,1,-0.11724137931034484,-0.11724137931034484,,0.0,-0.11724137931034484,-0.11724137931034484,1,-0.07436281859070482,-0.07436281859070482,,0.0,-0.07436281859070482,-0.07436281859070482,1,-0.12173913043478268,-0.12173913043478268,,0.0,-0.12173913043478268,-0.12173913043478268,1,0.27706146926536723,0.27706146926536723,,1.0,0.27706146926536723,0.27706146926536723,1
无负无,正负负,77,0.006588412897446575,0.003360820589332514,0.05160680929785494,0.5584415584415584,-0.028391167192429068,0.03188297074268576,77,0.026838075572501632,0.016695957820738183,0.07832128842844355,0.5974025974025974,-0.02758620689655178,0.08187134502923965,77,0.026858277416388274,0.02078505722912727,0.12388553332504842,0.5714285714285714,-0.05339805825242738,0.08955223880597019,77,0.054318700127006826,0.04264592982456139,0.15620177237505928,0.5844155844155844,-0.07858546168958747,0.1534988713318286,77
无负无,负无无,773,0.0003326136567287628,-0.0014204545454545858,0.0650229787955044,0.48124191461837,-0.035631293570875244,0.033816425120772875,771,0.003970767287085902,-0.0027573529411766273,0.09032827425691062,0.48119325551232167,-0.041666666666666685,0.04634416264349894,771,0.022472871767647284,0.0008926578888641679,0.13858984808474414,0.503242542153048,-0.06078026515974777,0.07435827863627753,771,0.046353699050289084,0.004255965952272289,0.20240323885706454,0.5214007782101168,-0.07910308247396164,0.12007431874483887,773
无负无,负无负,17,0.010009959451451386,0.003225806451612634,0.03710054669380688,0.6470588235294118,-0.018947368421052713,0.0379436964504285,17,0.010742086166863993,-0.0027816411682892728,0.0772475494250364,0.47058823529411764,-0.030414364089775492,0.03983475951608151,17,0.05853185472364578,0.03549571603427171,0.13374572188697068,0.6470588235294118,-0.03974763406940063,0.09334811529933473,17,0.1242597411039849,0.04355716878402904,0.2644194663789414,0.7058823529411765,-0.0463414634146343,0.11481218993621534,17
无负无,负正无,3,-0.026641531702315424,-0.03347280334728031,0.016459289287134672,0.0,-0.0360290061752479,-0.02066969305186539,3,-0.08905895913022759,-0.09324758842443726,0.012202477748363682,0.0,-0.09593153492965101,-0.08428069797790899,3,-0.03132702911376043,-0.07180616740088097,0.10945749573796709,0.3333333333333333,-0.09329279447449906,0.010399167103417928,3,0.006947121110300898,0.05787781350482302,0.11993746141523778,0.6666666666666666,-0.03608655559068469,0.07544614400854754,3
无负无,负负无,8457,0.0003643005754008476,0.0,0.06450183886506529,0.4974577273264751,-0.031710333970538684,0.031976744186046346,8453,0.009183871503269964,0.0027472527472527375,0.088632326305798,0.5166213178753105,-0.04013377926421413,0.046260869565217355,8450,0.024912480761040783,0.01115257048092877,0.12651703884069201,0.5457988165680473,-0.04921218041280903,0.07947088236884209,8364,0.050693506517959314,0.025063966622033695,0.19482991166295055,0.5743663318986131,-0.06096374679700109,0.126589441088576,8484
无负无,负负负,138,0.022010261301969116,0.021610883770244782,0.0755397776464822,0.6086956521739131,-0.027018918643233886,0.07369364898308667,137,0.017964817096430098,0.01812191103789118,0.10256023879200196,0.5766423357664233,-0.04716024340770775,0.06394199077125906,137,0.07554269483673597,0.07092860475968288,0.16735497273778596,0.6861313868613139,-0.033990895295903045,0.16774193548387095,137,0.10946935406809762,0.06839826839826846,0.22213858108919815,0.6861313868613139,-0.03409090909090895,0.23909187655196873,138
无负正,无无无,212,0.014547544007369085,0.002104257860339964,0.07182243420138255,0.5235849056603774,-0.020685213376382294,0.029559985140577894,212,0.023395094541195687,-0.00037202380952383596,0.09836628245668176,0.49056603773584906,-0.02986916058672104,0.05288544573515558,212,0.026428184627994157,0.017086959535054014,0.10493430796347505,0.5660377358490566,-0.04063290917274062,0.0849809017165401,194,0.055027283617334784,0.03228340099706184,0.1754406949705345,0.5927835051546392,-0.05191688815513684,0.12124361683394974,212
无负正,无无正,1461,-0.008585567149458937,-0.0073402417962004085,0.07693280294040113,0.43874058863791926,-0.04623154623154602,0.03140333660451433,1461,0.005534029379472485,0.0012388503468778733,0.1023665465284756,0.5085557837097878,-0.053722902921772064,0.055421686746987886,1460,0.009324109158117315,-0.01000964317661246,0.15280202334794446,0.46301369863013697,-0.08218114513619154,0.0778677052908176,1398,0.05108759759237363,0.007233025575301921,0.25396802048941003,0.5257510729613734,-0.09523809523809518,0.1309564064075704,1461
无负正,无无负,26,0.07332889166710657,0.028085374604802205,0.15952735500397566,0.6538461538461539,-0.05014514415198679,0.16915665779503164,26,0.09683358388023973,0.0396679542025965,0.18423478417310094,0.6923076923076923,-0.011989436938550202,0.19405954330655323,26,0.07199871502467256,0.05162302236770322,0.1776868495256282,0.6153846153846154,-0.047870424821486096,0.19682320975075057,14,0.11825368975036464,-0.014584051329381675,0.6491578949169433,0.42857142857142855,-0.12952487574752056,0.0497688606787815,26
无负正,无正正,85,-0.03434072217725323,-0.05037737564790401,0.0958456778909017,0.32941176470588235,-0.09903198820858083,0.01938683498647431,85,-0.03657986037370813,-0.045454545454545525,0.11286503097871194,0.3058823529411765,-0.08914164793016788,0.023214567314680412,85,-0.06251264594518366,-0.10189359783588814,0.17271223240126463,0.25882352941176473,-0.1510031678986271,0.01482222424297519,85,-0.03838385607058628,-0.07551025038639891,0.23260970467685668,0.2823529411764706,-0.1435483870967743,0.012552301255230214,85
无负正,无负无,202,0.03339309998982841,0.00917130789519538,0.09238569849114771,0.5841584158415841,-0.018017483863893125,0.06820829950161428,202,0.06451592794381268,0.02619257060127922,0.13666238057788976,0.6584158415841584,-0.01586013271633402,0.10405016498119796,202,0.06536667679033942,0.031872637022685946,0.14650981262765375,0.6237623762376238,-0.0247170927713517,0.14686703612845664,171,0.05015734702109602,0.004739336492891155,0.21164463822536228,0.5087719298245614,-0.076409946344841,0.13838263778834303,202
无负正,无负负,135,0.09983054498640091,0.05386416861826682,0.13088044876287344,0.7925925925925926,0.0037820288857849382,0.19703659607525248,135,0.16407178795904442,0.08983890954151175,0.19598445147676594,0.762962962962963,0.009963468385593921,0.31185689012087847,135,0.13802674289940728,0.10545454545454547,0.1895525457408547,0.8,0.023194959229058676,0.21604498912733106,83,0.05535072805520672,0.034490283722109716,0.19884814527695066,0.6144578313253012,-0.08541326249742004,0.13249945852285028,135
无负正,正无无,25,0.02978485925482389,0.009179926560587415,0.13183550807965902,0.56,-0.027166216475095983,0.02321630804077013,25,0.062368108412623524,-0.0018674136321195078,0.33063255796216356,0.48,-0.05650684931506844,0.035060975609756406,25,0.06457398791499293,0.021827340142717366,0.39421568859912604,0.56,-0.08847031963470309,0.0507130124777182,24,0.08384839735515988,0.08723070379984454,0.20850231069583938,0.5833333333333334,-0.08706405733573908,0.1793769867909919,25
无负正,正无正,191,-0.0016729013955469048,-0.007183908045977017,0.08746059846166317,0.44502617801047123,-0.061678841706958254,0.03941862776206728,191,0.0033579191753928235,-0.004923076923076919,0.1406789813973883,0.47643979057591623,-0.06745864810151597,0.039840304940332305,191,-0.006043683484575751,-0.03756796836381615,0.16415626888204624,0.39267015706806285,-0.10064290001678622,0.07574178377030238,191,-0.0035101309902152633,-0.028225806451612878,0.21571662414158485,0.4031413612565445,-0.11581687178956801,0.07224210516175034,191
无负正,正无负,3,0.025779973877219087,0.02346805736636237,0.043461968698517095,0.6666666666666666,0.003494081418843664,0.04690990808016615,3,-0.004792974765200501,0.0170854271356784,0.06173635264706203,0.6666666666666666,-0.02870184806696635,0.0300550994870048,3,0.18496120486331558,0.24771838331160367,0.26806517012604275,0.6666666666666666,0.06940160628994818,0.331899392660827,3,0.33736730575940727,0.43285528031290754,0.3572649348081705,0.6666666666666666,0.18745799381499034,0.5350206049805742,3
无负正,正正正,63,0.016010358158266756,0.00960354592464907,0.08975098065407013,0.5238095238095238,-0.042309129135390644,0.09091119130237635,63,-0.01320835346709282,-0.022816166883963485,0.12258746801738737,0.3333333333333333,-0.07667667473823536,0.03275639388701179,63,-0.059178054990153404,-0.09481481481481491,0.21636102016972816,0.2698412698412698,-0.17551447296537526,0.016459986842685237,63,-0.037169479956276175,-0.09342507645259934,0.22187490771035728,0.31746031746031744,-0.16704222011385195,0.036559814321313944,63
无负正,正负无,17,0.0024401117688180153,-0.004962779156327479,0.0640182224089066,0.47058823529411764,-0.03629032258064524,0.022288261515601704,17,-0.0005223196388025727,-0.0028699551569505433,0.07593676144168508,0.47058823529411764,-0.02865384615384614,0.017830609212481363,17,0.0672614360682013,0.03183856502242155,0.14036036851075115,0.7058823529411765,-0.002971768202080227,0.0847457627118644,17,0.13319032599720834,0.12632821723730792,0.22771324904814652,0.5882352941176471,-0.04955116696588879,0.3008570139828597,17
无负正,正负正,688,0.005058172735647986,-0.0044896696830155625,0.08933608813897108,0.4578488372093023,-0.043730012092492276,0.042523171356044165,688,0.006896513362869161,-0.001609227699894411,0.11609946741845785,0.49127906976744184,-0.058262545151860023,0.06549275224854961,687,0.00965773103118496,-0.009512279488066322,0.2668674533564979,0.47016011644832606,-0.10815639213446498,0.08007718390138885,673,0.032907986158501656,-0.015047021943573546,0.29398633408233443,0.4725111441307578,-0.1278988053408293,0.1285174296514071,688
无负正,正负负,10,0.03172180685397615,0.026953214315383,0.046455396423504415,0.8,0.0036492331385737375,0.04801386352316145,10,0.009122100269311473,0.007393891413729814,0.07522811470930095,0.6,-0.021393360115757543,0.019731982313276386,10,0.0028192306878393357,-0.016374906392033872,0.10922826827905259,0.4,-0.04476956856052011,0.051482382244014524,10,-0.0627307430169399,-0.09665905154724702,0.22246357773691874,0.2,-0.1846207476559545,-0.0048126716724503915,10
无负正,负无无,16,0.0678953901070912,0.016243614303959042,0.14243925513928954,0.6875,-0.019059217005597956,0.08294681317227631,16,0.0660842830115618,-0.0039970190920060045,0.18066941229934946,0.4375,-0.01752526475683583,0.1262094257178527,16,0.023617989470425114,-0.017105643619737376,0.10646682445128898,0.4375,-0.04890796029818545,0.12425873907615481,13,0.026263718227350893,0.01949458483754518,0.10840036678710412,0.6153846153846154,-0.05904288377874445,0.08185978786828407,16
无负正,负无正,184,0.004723594281747326,-0.0021865242412703045,0.08355494692103899,0.4945652173913043,-0.04876645155289214,0.04169492583269169,184,0.01928943065711128,0.008733298608875839,0.10576938614177434,0.5543478260869565,-0.03722038609586034,0.08207946181657738,184,0.03185798323730203,0.011225782136430218,0.14194868716806897,0.5434782608695652,-0.034118043744724935,0.08371440085887666,183,0.06736697555255033,0.061583577712609916,0.1853526594284728,0.6338797814207651,-0.03667145335115313,0.16910855989299112,184
无负正,负无负,1,0.54158215010142,0.54158215010142,,1.0,0.54158215010142,0.54158215010142,1,0.8692697768762678,0.8692697768762678,,1.0,0.8692697768762678,0.8692697768762678,1,0.7349898580121703,0.7349898580121703,,1.0,0.7349898580121703,0.7349898580121703,0,,,,,,,1
无负正,负正正,3,-0.015513807191740189,-0.0031431714600032024,0.06755452894397296,0.3333333333333333,-0.04577096051291235,0.020928663995300467,3,-0.04060224648612332,-0.022403612365404668,0.03689291208715138,0.0,-0.052731123933176804,-0.019374051978710505,3,-0.0696882376246279,-0.05928478673459203,0.07121887013787777,0.0,-0.10241071570143978,-0.0317640341027981,3,-0.12854311633056256,-0.18287599861062875,0.14104567921161976,0.3333333333333333,-0.20860911108235963,-0.07564356271879857,3
无负正,负负无,26,-0.043278208421421056,-0.020017857891634294,0.12718566185827324,0.46153846153846156,-0.07912913210841707,0.024328835227272694,26,0.005324253780023393,0.004933446615689507,0.10143522558209485,0.5384615384615384,-0.052697151765695144,0.04616723004762807,26,0.020226434083047164,0.02855970632692728,0.21848864670188078,0.5769230769230769,-0.06085710290827742,0.06858622994652402,26,-0.0045970037252674074,0.027347338987132375,0.29115872373856194,0.5384615384615384,-0.21311924378359165,0.141936281751337,26
无负正,负负正,1378,-0.003752626479021502,0.003737811799633395,0.1022684145582602,0.5195936139332366,-0.045068886861313884,0.04649723739260975,1378,0.010771414613890177,0.01382700828063832,0.12998887092513606,0.5631349782293179,-0.048957064645939574,0.07509539455013503,1378,0.03875972443716558,0.023671869845891425,0.15809047524493733,0.5776487663280117,-0.05733908577367733,0.1086843688882203,1174,0.04651435697096135,0.009991223831938845,0.2553745789222913,0.5289608177172062,-0.09060164835164819,0.14342779297907415,1379
无负正,负负负,9,0.04570686027718106,0.057489878542509976,0.12993523789984848,0.6666666666666666,-0.010482180293501009,0.14842406876790837,9,0.08856565658430592,0.03724696356275303,0.1461274329172932,0.6666666666666666,-0.00524109014675056,0.19358346927678105,9,0.14592647599885183,-0.0032388663967610754,0.48049682608579636,0.4444444444444444,-0.047279214986619245,0.17539026629935717,7,0.24217624472484403,-0.10482180293501042,1.151452864377077,0.2857142857142857,-0.20980933938718843,-0.0114183764495987,9
无负负,无无无,64,0.01678867036981608,0.005048081981356423,0.06143959950230834,0.5625,-0.015129903729626026,0.024231797688366252,64,0.01736150422548207,-0.004201942725432728,0.0957247669082023,0.453125,-0.03564048699178615,0.029760273972602724,64,0.06781010329472228,0.03249899879855822,0.16516578597152107,0.6875,-0.012384185414297172,0.11507169308050469,61,0.09535396952038357,0.050578331065759485,0.2480531400051445,0.5573770491803278,-0.0825991189427312,0.28655462184873937,64
无负负,无无负,2625,0.015363283741144002,0.008316008316008316,0.07450028904335344,0.5672380952380952,-0.025039123630672844,0.043604651162790775,2621,0.015167809627214729,0.008430609597924743,0.0977030120687717,0.5448302174742464,-0.03863987635239574,0.05708245243128962,2621,0.03697432099480418,0.021369596891695153,0.14851682156714113,0.5795497901564288,-0.0478796169630642,0.09457579972183572,2508,0.04149479613235563,0.0144928753864767,0.19985840884364078,0.54585326953748,-0.07172947982445449,0.11868671406709275,2626
无负负,无正无,1,0.005364806866952732,0.005364806866952732,,1.0,0.005364806866952732,0.005364806866952732,1,0.02253218884120156,0.02253218884120156,,1.0,0.02253218884120156,0.02253218884120156,1,-0.07188841201716745,-0.07188841201716745,,0.0,-0.07188841201716745,-0.07188841201716745,1,0.09106644206008596,0.09106644206008596,,1.0,0.09106644206008596,0.09106644206008596,1
无负负,无正负,45,-0.0012319137759879079,-0.0071868583162219,0.0772189298051736,0.4222222222222222,-0.03266787658802173,0.01158301158301156,45,0.0020098132994483646,0.013238151176975466,0.0935784350163325,0.6,-0.06433823529411775,0.045016077170418,45,0.025819224840367885,0.03524867213906324,0.11354787853183063,0.5777777777777777,-0.04699563611950319,0.08001461454146885,43,0.015093114223054345,0.00048007681229012,0.13369356668672677,0.5116279069767442,-0.07334869431643637,0.07939594759120427,45
无负负,无负无,73,0.019651876658886777,0.014018691588784993,0.062002057581795084,0.6027397260273972,-0.021684737281067568,0.047637341529005006,72,0.013219269323976756,0.008668340512851702,0.08869125393453056,0.5138888888888888,-0.03737910514331319,0.06755442257340333,72,0.016748878288492624,0.0007923930269414514,0.11154620867804076,0.5,-0.03921491281304387,0.07194169700740932,72,0.07542998299500142,0.03675215535707543,0.17313368590099007,0.625,-0.026193880340668302,0.1876813100413004,73
无负负,正无无,11,0.0706668842918342,0.02716468590831944,0.10788369797194201,0.8181818181818182,0.007517142327650217,0.11174539528656457,11,0.048116743623487016,0.0,0.10836529023983263,0.45454545454545453,-0.01962221867560421,0.11898026593959321,11,0.10832074652407618,0.06797612500000016,0.17655528202318388,0.7272727272727273,-0.015165083659417378,0.23345085834617152,10,0.191290757922128,0.19439790679824565,0.1641372440785245,0.9,0.09605305115938817,0.26353492448759436,11
无负负,正无负,551,0.0116918903849983,0.0034936292642828715,0.07005781038908804,0.5317604355716878,-0.023284859516294665,0.037232738147013,551,0.017702487500484806,0.012195121951219523,0.1019283865172148,0.5716878402903811,-0.03120584641234192,0.05680590453758749,550,0.03552905387306784,0.025521779324596316,0.13521491307750924,0.5854545454545454,-0.047322655335606395,0.10244499493380205,527,0.03996551491430227,0.02238805970149249,0.1864230876905095,0.5692599620493358,-0.07286937685333439,0.10983479607640678,551
无负负,正正负,24,0.00506011521420438,0.00012071463061325005,0.03858017041573996,0.5,-0.010453545433795813,0.018359620501985696,24,0.006388636470617858,0.01808244158609973,0.07180332104817656,0.625,-0.022877353535250278,0.05045714191917544,24,0.01982752769900881,0.015914570737804112,0.09796357814306653,0.625,-0.018681998003740874,0.09420440314065448,22,0.022200209138463226,0.011259061280212257,0.0902717686551507,0.5909090909090909,-0.026509743750173287,0.04814156919181983,24
无负负,正负无,12,0.01670792626306981,0.02292479029046235,0.0306702720975903,0.75,0.002031464755061746,0.03861155893341528,12,0.05327968666537423,0.07066005682550869,0.07388301855777282,0.75,0.0013462948075286807,0.10090159221938888,12,0.048461868761365,0.08703491476122105,0.13484027151643482,0.75,0.02375270076899405,0.12108092719818564,12,0.07005318746719853,0.09465353087215189,0.20598439354499756,0.6666666666666666,-0.10216358906120146,0.1853526103876959,12
无负负,正负负,3040,0.0140414052204039,0.005510726448450187,0.073518227046402,0.5427631578947368,-0.024680724047502295,0.040060362173038266,3040,0.023286948492946588,0.012703281721686666,0.10427543695851325,0.5763157894736842,-0.02946469679031835,0.06154261505233444,3040,0.052501087152451886,0.03238805767875541,0.19244963817283423,0.6220394736842105,-0.037149719456917585,0.11167566079133412,2907,0.05767470237286244,0.028097866209262357,0.28842605980924774,0.5796353629170966,-0.0674270589155731,0.13270572038327522,3042
无负负,负无无,3,-0.05926210494871609,-0.02617801047120416,0.06519598413710549,0.0,-0.08027246776790181,-0.0217096948907744,3,-0.05164737573898267,-0.049956933677864024,0.030360425503890988,0.0,-0.06638731976610956,-0.03606221068129645,3,-0.07388991778472427,-0.07407407407407407,0.04424147685291831,0.0,-0.09605655155393372,-0.051815362160189726,3,-0.009931541360548598,-0.06650246305418706,0.18381624689403306,0.3333333333333333,-0.11265786328974625,0.06450931972182983,3
无负负,负无负,239,0.008781563598372831,-0.002450980392156854,0.07475824117337562,0.45188284518828453,-0.03271360746691643,0.04256175479197066,236,0.002471297072874431,-0.007462119427349423,0.09836257954160266,0.4576271186440678,-0.05854919986426324,0.05645355342008046,236,0.033103124154986126,0.008332623513148563,0.13386961298481395,0.5466101694915254,-0.05229514906083063,0.11034858387799568,235,0.057862108870130415,0.02200000000000002,0.1834119515671495,0.5446808510638298,-0.06168303710976197,0.16761073783750147,239
无负负,负正负,3,0.025612434060382272,0.009782608695652062,0.046579433594777335,0.6666666666666666,-0.000603201146679444,0.04391315658507888,3,-0.01644770346756493,-0.060869565217391286,0.09119759467669197,0.3333333333333333,-0.06889632107023408,0.013789983260191041,3,0.02024495484206838,0.04474505723205002,0.073399572405082,0.6666666666666666,-0.008763002519506125,0.0615029633986337,3,0.003604522328224983,0.032258064516129004,0.09867596925621691,0.6666666666666666,-0.036984520855488645,0.05852033660589062,3
无负负,负负无,18,0.07369212738108949,0.07595592026550779,0.07680023122824879,0.8333333333333334,0.029323313799163253,0.13236885660531406,18,0.021375671773928424,-0.004028816826785464,0.10430757387552449,0.4444444444444444,-0.043409614688511206,0.07849929613725792,18,0.18301953827499334,0.12648134885172468,0.16402631718227279,1.0,0.040055150329122824,0.3269072743346781,18,0.3860619747932535,0.3955822168451554,0.30330714779497886,0.9444444444444444,0.07407555619421458,0.6375813365007229,18
无负负,负负负,3360,0.00878901519673425,0.004405286343612258,0.06735029352729034,0.5327380952380952,-0.030570158303124984,0.0388552902711336,3360,0.021268317817623516,0.008395565125761673,0.1035793674486276,0.5491071428571429,-0.03697386553527637,0.06181223213251463,3357,0.042707505915660124,0.02127659574468055,0.15056652682438595,0.5889186773905273,-0.04253509145044665,0.09979633401221988,3314,0.0698594498716675,0.03823494932731408,0.2503804859058493,0.5965600482800242,-0.05435104470491217,0.14310790493277997,3371
正无无,无无无,47087,0.003937698700334546,0.0,0.0598426225078646,0.49147323040329605,-0.02777777777777779,0.029535864978902815,46961,0.008389318636448716,0.001029866117404632,0.09001009872245042,0.5041204403654096,-0.03975678203928901,0.04500000000000015,46658,0.01931796745599688,0.0034228550829128457,0.14368016695063537,0.5124308800205752,-0.05875473912832255,0.07425062177283032,46246,0.040141740068113545,0.004780277572367431,0.22027973867738898,0.5128011071227782,-0.08289894801169773,0.11572798568432224,47230
正无无,无无正,160,0.010365568579325144,0.0019048941940736919,0.07622360777481903,0.5125,-0.028694340117410178,0.05119276003002743,158,0.030158708738207075,0.011059968905129614,0.12526204426002005,0.5443037974683544,-0.044731071098799535,0.0785094015382023,158,0.039275998895523495,0.018283539579117658,0.1733258681729607,0.5822784810126582,-0.05588852991715365,0.09447178631225356,158,0.04210902759505734,-0.006227216804513658,0.22864904854767557,0.46835443037974683,-0.10127122619382681,0.12986992837739098,160
正无无,无无负,16,0.012533594453153198,0.01756140728516431,0.04968165386447321,0.625,-0.019241467628564407,0.041302358979555254,16,0.026082159267097053,0.012151991758692415,0.0926387885005123,0.5625,-0.03273412297957362,0.047101826878971964,16,0.05398403089422862,0.0036115298818771846,0.145536131672114,0.5625,-0.05652290946408589,0.10174277830958933,16,0.05228214542064137,0.0035003007791657437,0.26238544536640207,0.5625,-0.05892026593649766,0.06800902487343169,16
正无无,无正无,2788,0.0019055091474220029,-0.0019543722634206007,0.06596961546370374,0.4713055954088953,-0.0325584900898121,0.030222703307496213,2776,0.005944679090372145,-0.0014647442702335756,0.09716646550041975,0.4884726224783862,-0.048065056144760254,0.04589605048823692,2766,0.009273227733896012,-0.0063255833658929506,0.1375417062864226,0.47758496023138103,-0.06999243570347966,0.0633056463326071,2759,0.0266320883063959,-0.005768349933891748,0.22782410098583258,0.48278361725262775,-0.09923408974268266,0.10504029533238202,2808
正无无,无正正,80,0.007774726368615195,-0.01582105377357723,0.08909950659495645,0.3375,-0.036473350808213206,0.02223368387530028,80,0.024353422008690846,-0.002367040461302594,0.11663022769239287,0.4875,-0.044833704712387346,0.05395845547852618,80,0.04460725163389069,-0.006692746748740042,0.1738180124160424,0.475,-0.07447413659197619,0.11297781400855073,78,0.08639742806673507,0.02097680291927262,0.3328903558283392,0.5128205128205128,-0.09964539329520564,0.1675901247973588,80
正无无,无正负,1,-0.0010632642211589882,-0.0010632642211589882,,0.0,-0.0010632642211589882,-0.0010632642211589882,1,-0.012759170653907415,-0.012759170653907415,,0.0,-0.012759170653907415,-0.012759170653907415,1,-0.08399787347155763,-0.08399787347155763,,0.0,-0.08399787347155763,-0.08399787347155763,0,,,,,,,1
正无无,无负无,72,-0.009430616703094684,0.0023636384927048226,0.06118380390646347,0.5277777777777778,-0.027865975935828846,0.015082957530707097,72,-0.014970532258106283,-0.009422357491598476,0.08018866713150932,0.4444444444444444,-0.06313525192489022,0.025412085407435725,72,0.008202348163711601,0.022418086225866052,0.10519288408497755,0.5694444444444444,-0.04800190517312272,0.05914357664801545,72,0.02684392608499641,0.03060333558299755,0.11991810624829644,0.6666666666666666,-0.018273716951788477,0.08874077219006676,72
正无无,正无正,307,0.01278582999462699,0.003039513677811412,0.07757638267736897,0.504885993485342,-0.028054447464826937,0.04697375882868493,305,0.0202342164295529,0.005914243469689495,0.10894077974955252,0.5180327868852459,-0.03892215568862267,0.06993432254925813,305,0.027047240739662245,0.0071428571428573395,0.16208085023302973,0.5278688524590164,-0.07300083588743378,0.09077598828696942,305,0.09522181741994541,0.024226804123711476,0.2771091714205497,0.5344262295081967,-0.08257289116403299,0.2175482211538462,307
正无无,正无负,8,0.02729051762247632,0.016408321428571404,0.05423417278234107,0.75,0.0016079243446642522,0.0264088776180737,7,0.05023680342204362,0.011029411764705843,0.08611443658475777,0.7142857142857143,0.00034412145622697565,0.09910208000792542,7,0.08582249967266609,0.060975609756097615,0.1184187170433162,0.7142857142857143,0.004887906997661506,0.10856838161283944,6,0.049023529446593404,0.0601781317965534,0.07135231997626504,0.8333333333333334,0.011624589629429749,0.0828939100434653,8
正无无,正正无,7005,0.002630301300455977,-0.005893496106082918,0.08843153119890715,0.44796573875803,-0.03927492447129921,0.0323886639676112,6984,0.011975686158143125,-0.003488490011155143,0.12153266283223595,0.4793814432989691,-0.049200516837599795,0.0505568369843738,6969,0.023643700652878918,-0.0023185717597959954,0.17600046140941922,0.49103171186683886,-0.07045654082528541,0.0814094775212637,6938,0.04229198213005173,-0.006505046943183379,0.25726575812087615,0.47982127414240416,-0.09855432746145235,0.1168523815949643,7017
正无无,正正正,328,0.002909614352724554,-0.0067683015030442495,0.09926854361415795,0.43902439024390244,-0.056792733803953666,0.030449256629154486,328,0.015956482243156506,-0.008597117871659066,0.13670903569092846,0.45426829268292684,-0.0611752827668432,0.05642499396111267,328,0.016411820326593392,-0.017261652791495996,0.17109651835102907,0.4268292682926829,-0.08751460329605734,0.09262914805725353,327,0.06096772939616192,-0.0091324200913242,0.29875238650864705,0.4709480122324159,-0.12221239507284598,0.14152548637558215,328
正无无,正负无,24,-0.00781839556527307,0.001267962806424272,0.04843788903912428,0.5,-0.023284824810403393,0.0227705284648394,24,0.005088483956483457,-0.005805783035082501,0.07782247169969744,0.375,-0.01758281641055226,0.02821116137686941,24,0.05214955550307271,0.039416259216600746,0.14284730037076576,0.8333333333333334,0.014173527199453473,0.09183463277949366,24,0.06763892761184132,0.04277320773268278,0.15581471164390834,0.75,0.0021957455622697297,0.17513298752440504,24
正无无,正负负,1,0.032110091743119185,0.032110091743119185,,1.0,0.032110091743119185,0.032110091743119185,1,0.03822629969418956,0.03822629969418956,,1.0,0.03822629969418956,0.03822629969418956,1,0.07339449541284382,0.07339449541284382,,1.0,0.07339449541284382,0.07339449541284382,1,0.1574923547400613,0.1574923547400613,,1.0,0.1574923547400613,0.1574923547400613,1
正无无,负无无,1642,0.013121902025154453,0.00642992853129265,0.06551687673678445,0.5560292326431181,-0.023245017382479194,0.0412798013808115,1630,0.018203021035179696,0.005998132610362417,0.0940118862714405,0.5368098159509203,-0.03925733819026497,0.05910730130561537,1606,0.028763202987011984,0.006169691903984309,0.14350603027767178,0.5273972602739726,-0.058624479043209776,0.08818820252960924,1592,0.05363429507080145,0.01057421296517469,0.24076016675686174,0.5314070351758794,-0.07866098952753667,0.13638317118223142,1642
正无无,负无正,8,0.03848752100773967,0.016611763501058308,0.06589021933247473,0.625,-0.010739806498877846,0.10331430283389892,8,0.08338124023617846,0.02151549805420916,0.1729113895481055,0.625,-0.030086652663315533,0.11622740391918596,8,0.08240451741230659,0.04535911790810421,0.17188079213648455,0.625,-0.03640816449145867,0.12874285445149125,8,0.1440655901257214,0.11643126390844294,0.21629053193535497,0.75,0.005087786792152882,0.19407748053208485,8
正无无,负正无,187,0.006443615196529322,-0.001312335958005284,0.06485463928804303,0.4919786096256685,-0.030658393000442097,0.033272021671583274,187,0.011326569113098905,-0.003309652567975885,0.0945103960138918,0.47058823529411764,-0.039428081245394264,0.05222580122879217,187,0.005637137851266172,-0.0023640661938535423,0.14006610217082482,0.4919786096256685,-0.07283568904593646,0.06735026238011932,187,0.034860522502980995,0.011080332409972415,0.21776381807672665,0.5240641711229946,-0.09590326515395559,0.1071170549557593,190
正无无,负正正,13,0.053296352372447404,0.03119868637110046,0.06527393738763372,0.8461538461538461,0.003500583430571691,0.09144295302013417,13,0.034105438551042436,0.020930232558139528,0.061848764095466406,0.6153846153846154,-0.022988505747126298,0.10067114093959728,13,0.03443239735826438,0.024285714285714466,0.06292022505450774,0.6923076923076923,-0.014778325123152691,0.07855304645476768,13,0.05893254018636243,0.08168028004667427,0.14585240721134926,0.6923076923076923,-0.04358353510895874,0.09047619047619038,13
正无无,负负无,5,-0.09136746673123404,-0.14734411085450327,0.12811630475160907,0.4,-0.15711947626841238,0.0002492315360969055,5,-0.0014478577564109862,0.010623556581986326,0.14082313274521105,0.6,-0.11385199240986699,0.08772950070615604,5,0.04484867372727308,0.08918406072106277,0.1825460441262834,0.8,0.06327944572748279,0.12190191354434932,5,0.06088827229209355,0.024667931688804767,0.26245999681822196,0.8,0.021709006928406716,0.29124004550625715,5
正无无,负负负,1,-0.04020642739854563,-0.04020642739854563,,0.0,-0.04020642739854563,-0.04020642739854563,1,0.11062631949331458,0.11062631949331458,,1.0,0.11062631949331458,0.11062631949331458,1,0.5008210180623973,0.5008210180623973,,1.0,0.5008210180623973,0.5008210180623973,1,0.4403471733520994,0.4403471733520994,,1.0,0.4403471733520994,0.4403471733520994,1
正无正,无无无,116,-0.0026511145956384565,-0.010813480155588584,0.07467273045067016,0.41379310344827586,-0.05018523481938106,0.03302207327474316,116,0.008316547908865218,-0.0074615988534821875,0.11479734759675649,0.4482758620689655,-0.06157201272939347,0.04875412193349049,116,0.002004716655658828,-0.0038474641904612805,0.19073766886352228,0.4827586206896552,-0.08093206558319463,0.07632488479262672,115,0.048086024933131195,-0.006818181818181612,0.2654229410677123,0.4434782608695652,-0.07057072626761951,0.12166312664911705,116
正无正,无无正,7928,0.0045460426489104646,-0.0012684801713508387,0.07918238556997496,0.4886478304742684,-0.03992679031336868,0.03919637124912767,7917,0.010894933984825494,0.0008554319931566301,0.11669739484551903,0.5017051913603637,-0.05695718654434245,0.06129032258064515,7872,0.02141960279342795,-0.004299748065176856,0.1762199291864301,0.4847560975609756,-0.08243795450559233,0.09272633891560372,7849,0.05834959130893335,0.009272545700541368,0.26752823011300103,0.5227417505414702,-0.0984144341170039,0.15088105726872247,7941
正无正,无无负,1,0.11300578034682074,0.11300578034682074,,1.0,0.11300578034682074,0.11300578034682074,1,0.18757225433526004,0.18757225433526004,,1.0,0.18757225433526004,0.18757225433526004,1,0.22138728323699408,0.22138728323699408,,1.0,0.22138728323699408,0.22138728323699408,1,-0.02138728323699446,-0.02138728323699446,,0.0,-0.02138728323699446,-0.02138728323699446,1
正无正,无正无,4,-0.04109315186778789,-0.05002844416270896,0.06566950497409564,0.25,-0.0936513599713189,0.0025297639408220496,4,-0.019682927635486458,-0.02457003884832304,0.12292396898112813,0.5,-0.12287013310910344,0.07861716662529394,4,-0.05865814128040861,-0.0037284332371009254,0.13776994137805018,0.5,-0.0734235929256549,0.01103701840814536,4,-0.13563217891264764,-0.14204046578659724,0.10570840363972743,0.0,-0.2076220787396938,-0.07005056595955109,4
正无正,无正正,1120,0.002243534788241228,-0.0029140606848301887,0.0826778725880831,0.48482142857142857,-0.04750782227962744,0.04354485974551758,1119,0.012715395488527832,0.0005230125523010276,0.11621524483786155,0.5004468275245755,-0.06258826681020224,0.06805260714296146,1118,0.029000520536449,0.0029513575238602208,0.18307938773261628,0.5080500894454383,-0.08391035058097801,0.10255802452989798,1117,0.0529114663475874,0.008426966292134797,0.26824083715950714,0.5264100268576545,-0.10560928433268857,0.1436260623229464,1121
正无正,无负无,1,-0.002523128679562725,-0.002523128679562725,,0.0,-0.002523128679562725,-0.002523128679562725,1,-0.012615643397813292,-0.012615643397813292,,0.0,-0.012615643397813292,-0.012615643397813292,1,0.001682085786375076,0.001682085786375076,,1.0,0.001682085786375076,0.001682085786375076,1,-0.042893187552565215,-0.042893187552565215,,0.0,-0.042893187552565215,-0.042893187552565215,1
正无正,无负正,10,0.015062272110336982,0.014602622258124698,0.06249662976065201,0.7,-0.0068352484231796184,0.017992585373620362,10,-0.0036118933980027303,0.017422360669440917,0.0879496511910389,0.6,-0.02195074186036805,0.0640507465386907,10,-0.009581793096091706,0.0008933827115644721,0.09849139179126659,0.5,-0.036330049261083824,0.06738940478650368,10,-0.011188815529401385,-0.04172162960550413,0.24143332272314275,0.3,-0.08423546388813377,0.04183562614741321,10
正无正,正无无,136,0.0026580368873199943,-0.00797590934183895,0.059739625352370665,0.40441176470588236,-0.029677814405663666,0.03029120669965729,131,0.001954365151675937,-0.0089126559714795,0.08958410003193451,0.45038167938931295,-0.05044266194259783,0.026767741032460046,131,0.01147554929745706,-0.016697588126159624,0.12458889455112214,0.4580152671755725,-0.057496243026979366,0.06788242082198004,130,0.02295959250846463,-0.025789592588460586,0.27100142306760017,0.4307692307692308,-0.08083766458704697,0.06592030088704381,136
正无正,正无负,2,-0.010785974805825882,-0.010785974805825882,0.0001328853241337202,0.0,-0.010832956862733445,-0.010738992748918319,2,0.007827026437448259,0.007827026437448259,0.00027150295636748154,1.0,0.007731035646668438,0.00792301722822808,2,-0.022201202101946482,-0.022201202101946482,0.0004556316407883182,0.0,-0.02236229221340877,-0.022040111990484196,2,-0.0714770274323624,-0.0714770274323624,0.00027853806176288663,0.0,-0.07157550550850794,-0.07137854935621685,2
正无正,正正无,12,-0.04604617129373695,-0.047545025728988055,0.0605995885801459,0.25,-0.07967439163541132,-0.012247262876151382,12,-0.04837958095698953,-0.04838410359533646,0.05598622378450042,0.08333333333333333,-0.06909889909398476,-0.021458626177310203,12,-0.10330578382727863,-0.09027095835606486,0.1318389106790866,0.16666666666666666,-0.1753295845729068,-0.06682798134912943,12,-0.09361308790857308,-0.10685725176291211,0.12492412233737962,0.25,-0.18309434009890685,-0.052660774554620454,12
正无正,正正正,2312,0.007703753803665477,-0.0026419267172264616,0.09681261842024354,0.4826989619377163,-0.048459302325581405,0.04988919894327848,2310,0.022699892413520883,0.0023852845852050386,0.15549680164619423,0.5077922077922078,-0.06250584159919609,0.0779262125180551,2304,0.032035516039161285,0.0005358564877470107,0.21584115164278028,0.5008680555555556,-0.09156152505591461,0.12164023759046394,2295,0.04959168713481093,-0.009303395710289264,0.290170310828138,0.48148148148148145,-0.1267141369284403,0.16449985990473515,2312
正无正,正负正,1,-0.0030071077091305964,-0.0030071077091305964,,0.0,-0.0030071077091305964,-0.0030071077091305964,1,-0.03335155822854008,-0.03335155822854008,,0.0,-0.03335155822854008,-0.03335155822854008,1,-0.0721705850191362,-0.0721705850191362,,0.0,-0.0721705850191362,-0.0721705850191362,1,-0.13778020776380528,-0.13778020776380528,,0.0,-0.13778020776380528,-0.13778020776380528,1
正无正,负无无,2,-0.025870651591497706,-0.025870651591497706,0.01137264251647126,0.0,-0.029891487913201342,-0.02184981526979407,2,-0.035002579569773484,-0.035002579569773484,0.0426157656223576,0.0,-0.05006952799828629,-0.01993563114126068,2,0.6109377076438811,0.6109377076438811,0.11711850971889277,1.0,0.5695300614315353,0.6523453538562269,2,0.7541625339951051,0.7541625339951051,0.19501583498234193,1.0,0.6852140243177198,0.8231110436724904,2
正无正,负无正,243,0.01166199278527479,0.0017241379310344307,0.08412215924491778,0.5267489711934157,-0.03752273888605012,0.051659671980200605,243,0.024232484004148125,0.01745877788554795,0.11324359363829531,0.588477366255144,-0.05208786428882117,0.08531299155548544,243,0.04245494392978043,0.015240543518178606,0.17954333470719047,0.5349794238683128,-0.06070293313479119,0.10706791143423666,242,0.0702305446804484,0.016631501383196134,0.24805166062129982,0.5537190082644629,-0.08072740815932786,0.16769914154250148,243
正无正,负正正,60,-0.004016144123076313,-0.001010101010100961,0.07702608009135252,0.48333333333333334,-0.04206491805605028,0.04297566431499228,60,0.015903645726713756,0.01680620144862377,0.11817882329439056,0.55,-0.07493341118075966,0.06725555900961844,60,0.051619294420671064,0.02197213447213442,0.21240353056420447,0.6,-0.07515623868304239,0.10540732931108793,60,0.04464269332256648,0.013830557800361465,0.266647447764191,0.5166666666666667,-0.11260715963407661,0.15408053903877728,60
正无正,负负正,2,-0.012143318564726224,-0.012143318564726224,0.17525754129830945,0.5,-0.07410621651778423,0.049819579388331786,2,0.017809602422138582,0.017809602422138582,0.18096388513257333,0.5,-0.046170792741414446,0.08178999758569161,2,0.04490458588086366,0.04490458588086366,0.08977300403373394,0.5,0.013165035920993384,0.07664413584073393,2,0.05906044475475192,0.05906044475475192,0.05415031085015952,1.0,0.03991541875199828,0.07820547075750556,2
正无负,无无无,241,-0.005103708778627468,-0.008115942028985468,0.05873547585249749,0.4190871369294606,-0.03333972025292187,0.021208907741251393,226,-0.0014902706515607376,-0.006675958188153364,0.09378836189729411,0.4469026548672566,-0.048775034427014724,0.039499369595907496,226,-0.012831738774894585,-0.02094578425376903,0.12623024593170235,0.4247787610619469,-0.0851131037293662,0.03977776886788248,216,0.02302217743542653,0.004251616981132078,0.22395787543745552,0.5092592592592593,-0.1003352747472375,0.10576678234106618,241
正无负,无无正,15,-0.018315612597849508,-0.032336790726052556,0.0496757262386837,0.3333333333333333,-0.049046251288849596,0.014611913864403636,12,0.0053620149247444,-0.028965704804181203,0.12414461616901135,0.4166666666666667,-0.0617164079990892,0.042395355758011344,12,0.043707993216187006,0.023561847928549706,0.14826790091037106,0.5,-0.06409172034160418,0.08761288149973717,12,0.12236760463810359,0.034734346133360794,0.3099101363247899,0.5833333333333334,-0.07681619978756504,0.26411062491367737,15
正无负,无无负,5919,0.00669861439115121,0.003800217155266239,0.06442335279199382,0.525764487244467,-0.02787978156297849,0.03720345556179627,5903,0.014137375960527308,0.010027855153203369,0.09571965320409043,0.5614094528205997,-0.03694320995577233,0.059555626413125395,5711,0.026546072096231152,0.012578616352201477,0.15263649206186156,0.5519173524776747,-0.055617463126210076,0.09075725295247106,5300,0.04696586098139143,0.016901071514008992,0.21965134928451094,0.5452830188679245,-0.07482476635514015,0.13117811777324606,5937
正无负,无正无,33,-0.02866713373910915,-0.0291916167664672,0.052480446719442464,0.2727272727272727,-0.049571603427172595,0.0018018018018017834,33,-0.03649428970401833,-0.04207758053911903,0.05903256336272048,0.2727272727272727,-0.061691542288557444,0.0006200909466720361,33,-0.039179648229377737,-0.0307898259705488,0.117696718065691,0.30303030303030304,-0.11065907241659878,0.012943632567849805,18,-0.02722258540181863,-0.026251727130189417,0.09944229369096014,0.2777777777777778,-0.09620855028775002,0.04805548199115045,33
正无负,无正正,9,-0.012874018021031004,-0.03007518796992481,0.09032663955221615,0.2222222222222222,-0.03438789546079779,-0.006309148264984299,9,0.00506097513440625,-0.039297658862876284,0.14477979174115804,0.2222222222222222,-0.04229323308270694,-0.015809613319011984,9,0.14407112236815367,-0.01816530426884655,0.5392542396711315,0.4444444444444444,-0.023496240601503904,0.006914607948442564,5,0.15722962656552997,-0.17427497314715357,0.6868741138991382,0.4,-0.20619373134328367,0.09884332281808628,9
正无负,无正负,240,-0.00077091695563659,0.0012210628891953235,0.07058204439370712,0.5083333333333333,-0.03640783800431158,0.0343391088178463,238,0.010788929239589094,0.010521353909238917,0.09749472900480273,0.5546218487394958,-0.037363789199475916,0.05734247571554729,235,0.0025845609328139316,0.0,0.1317204990202012,0.4978723404255319,-0.07149827673004683,0.0663389886794743,230,0.017405440897898243,0.007450384112465791,0.17816246749925285,0.5260869565217391,-0.08306702831305299,0.08081437128789565,240
正无负,无负负,13,0.03575666478809791,0.03655054254711598,0.04684789689782129,0.7692307692307693,0.009110169491525433,0.053370786516853785,13,0.01910533391155114,0.013706453455168521,0.06497474895228339,0.6153846153846154,-0.020492673603737632,0.023622047244094446,13,-0.006830209616613061,-0.01484865790976575,0.1430842605723913,0.3076923076923077,-0.02972972972972987,0.003937007874015741,13,0.03278219183309096,0.051028179741051005,0.17916569457698267,0.6153846153846154,-0.08267716535433067,0.12545854732208372,13
正无负,正无无,480,0.002722261649219822,-0.003158831908831927,0.05517945674418743,0.46875,-0.02806581287960469,0.024445078943531706,476,0.007933822203763511,0.001394695576742322,0.07629614861914213,0.5084033613445378,-0.029956854851893033,0.04299372266150736,476,0.003999229670037885,-0.005012554318767459,0.11825536511806607,0.46218487394957986,-0.06497746692465592,0.06688754903320171,466,0.050331581046855964,0.016872958130937588,0.29089444905039863,0.5343347639484979,-0.08914708477023017,0.1420367762521425,480
正无负,正无正,32,-0.012585952974155493,-0.006647769240967494,0.07203395098112882,0.4375,-0.041681655714611965,0.023125470674024484,31,0.010879697692851267,0.013110846245530272,0.11780374721581094,0.5483870967741935,-0.03529464833714702,0.06601050559801547,31,0.05060628002001414,0.05625717566016042,0.21923999919360757,0.6129032258064516,-0.06700650735374941,0.10788014145493574,31,0.16292536135636443,0.07078853046594968,0.3835032845035739,0.6451612903225806,-0.08971621939491886,0.3775922613459194,32
正无负,正正无,79,-0.053500122758084134,-0.03661087866108781,0.0843426779147294,0.21518987341772153,-0.1314479828756377,-0.004701927663063654,79,-0.04092015970824565,-0.05372492836676224,0.07701845331146293,0.22784810126582278,-0.08349878797295329,-0.004372225095909399,79,-0.0024761663733264853,-0.022328548644338087,0.10956309847078638,0.4177215189873418,-0.0714806866952789,0.05403496011193787,63,0.03932009560744857,0.011782032400589282,0.17728027703925878,0.5079365079365079,-0.08050787919854213,0.15216005425888335,79
正无负,正正正,19,-0.013636571125993445,-0.00010274324463177553,0.12454243189202878,0.47368421052631576,-0.05390121867864661,0.06965768723391497,19,0.03503594526752305,0.034775233248515836,0.15899525086700803,0.631578947368421,-0.050732907033939956,0.1314254524717361,19,0.0232075320093064,0.050458715596330306,0.15902463381400184,0.5789473684210527,-0.08376292637752741,0.15463151701519207,18,0.19839561946982523,0.20159588909376802,0.3382924669745292,0.6111111111111112,-0.0830889957311001,0.3944396938707568,19
正无负,正正负,540,-0.0008635790998200175,-0.008268632769470374,0.08370252855284584,0.45,-0.04731689931057961,0.03512750912794932,535,0.009329586822433882,0.002046035805626456,0.10965002973120505,0.5121495327102804,-0.04717011114837255,0.06033444262805543,534,0.02388992067270392,0.011514852039318124,0.15567294244275384,0.5543071161048689,-0.049768692100921774,0.0879046315687616,515,0.044984759945134956,0.01314878892733562,0.22270774295977783,0.5262135922330097,-0.073307234637284,0.11944995601446051,540
正无负,正负负,4,-0.039818764569310355,-0.046724884590224613,0.07768984238999121,0.5,-0.10559892159628828,0.019055272436753312,4,0.011039161642399709,0.013574514624465461,0.14773290325410376,0.75,-0.04165882943038962,0.06627250569725479,4,0.06248869149746755,0.004838098685833514,0.3123786577600179,0.75,-0.06206699269569571,0.12939378287899678,4,0.06162685626624906,0.009571975878720163,0.26460927530978373,0.5,-0.15486770745164433,0.22606653959661355,4
正无负,负无无,19,-0.012320032163297362,-0.008863399374348213,0.062317074206221464,0.42105263157894735,-0.04545184058860474,0.02109356470867263,19,-0.005972927749219793,0.0023356690023357274,0.0711605034114427,0.5789473684210527,-0.06459849659945122,0.020887642303250242,19,0.09115611047437279,0.0961887477313974,0.12334365008479176,0.631578947368421,-0.009955880254194138,0.17809139784946215,19,0.09651963237639799,0.07494145199063218,0.19688063747911697,0.631578947368421,-0.014872773580962728,0.1662221537337626,19
正无负,负无正,6,0.048583953905348566,0.045965408170132505,0.057432588121250176,0.8333333333333334,0.01581149570670176,0.052990623401991566,6,0.05413557625522022,0.0017365971221923182,0.12156800980190983,0.6666666666666666,-0.021390938265069798,0.07498242482101847,6,0.23330028573857275,0.17229601814479079,0.26248590058403876,1.0,0.05451734752047388,0.28033796083785495,6,0.39041016996326056,0.286587851610273,0.3253020978229864,1.0,0.22990198777600346,0.3874480656285678,6
正无负,负无负,328,0.02588068301432819,0.021774874558728174,0.06762606947426658,0.6371951219512195,-0.01520824675600585,0.06373841136013814,328,0.04357205393113532,0.038045096419686564,0.10076438633300225,0.6798780487804879,-0.01760464050213345,0.10177963400929235,296,0.045699088346864036,0.023210087250652545,0.14158612919340596,0.5574324324324325,-0.04368464501926256,0.1256113912016073,289,0.06861496290447973,0.03597122302158273,0.2443987857958894,0.6055363321799307,-0.05579863437926336,0.13797468354430364,328
正无负,负正无,5,-0.029123975697000936,0.008163265306122325,0.07627267595305022,0.6,-0.01011463250168576,0.008212255211623276,5,0.0698671862526992,0.07432867883995709,0.04155761605796636,1.0,0.0553584102200142,0.10361958836053953,5,-0.013902612586611785,0.02320085929108484,0.10021858800191792,0.6,-0.09155429382540803,0.06068779501011479,5,0.07647337826637787,0.11126095751854348,0.16413668647361887,0.8,0.010645848119233525,0.18774478837650022,5
正无负,负正负,13,0.01727774891972757,0.014218009478673022,0.09251326085096839,0.6153846153846154,-0.041871921182266125,0.051071155317521155,13,0.0058554697895823755,0.00860749808722261,0.11569792623865462,0.6153846153846154,-0.038135593220339103,0.06924254016832432,13,0.006227024939580392,0.04131599081866866,0.16437206422993278,0.6923076923076923,-0.059595959595959536,0.0781990521327014,13,-0.002017079763429267,-0.023696682464454888,0.21541372093899766,0.38461538461538464,-0.09703504043126687,0.0520275439938791,13
正无负,负负负,2,-0.005202206912003571,-0.005202206912003571,0.024784185757434716,0.5,-0.013964739819638139,0.0035603259956309974,2,0.03403489609589416,0.03403489609589416,0.005436083891662742,1.0,0.03211295020444732,0.035956841987341004,2,0.01387121812260439,0.01387121812260439,0.013494728161972877,1.0,0.009100111225804342,0.018642325019404438,2,0.023268398268398216,0.023268398268398216,0.032906484405867395,0.5,0.011634199134199108,0.034902597402597324,2
正正无,无无无,164,0.006270989115556696,0.0059285388011978135,0.06271323092979292,0.524390243902439,-0.028155898911998156,0.02584274180893792,163,0.00764767178609869,-0.0044345898004433115,0.07859133120154525,0.4662576687116564,-0.036380742100656505,0.04015448677780875,162,0.020413115159619338,-0.011333997455485467,0.1491514443760876,0.4567901234567901,-0.06075737078865534,0.07931931059905928,160,0.03594883303100032,-0.004582587840574637,0.2336491188777725,0.475,-0.08140555355248652,0.11335877816407475,164
正正无,无无正,9,-0.03253454819460433,-0.03122043519394513,0.03409079651164632,0.2222222222222222,-0.05977859778597794,-0.006514657980456029,9,-0.01971174873739116,-0.01576805696846373,0.04507942690429733,0.2222222222222222,-0.04454342984409798,-0.0032573289902279035,9,-0.06326866457612682,-0.029471544715447107,0.12405371317442483,0.3333333333333333,-0.10406811731315047,0.0026385224274407815,9,-0.05146446048422167,-0.07563764291996478,0.22985709905850532,0.2222222222222222,-0.21464903357070186,-0.027280796702684684,9
正正无,无正无,15414,0.004878067370296811,-0.0030414478694834046,0.07137326002435078,0.4719086544699624,-0.0338040621048335,0.0344827586206895,15390,0.011677561634414704,-0.0006325173952285157,0.10328938202408101,0.493632228719948,-0.04759863175654358,0.053303384643003215,15349,0.02441379151201502,0.0013657470636436742,0.15551263816322314,0.5040719265098703,-0.06500445235975083,0.0843373493975903,15255,0.04170374948436004,-0.00255302371134003,0.24816868222891272,0.4922976073418551,-0.09892795924425679,0.12334089628290335,15455
正正无,无正正,378,0.0161461930383908,0.0011897858178907539,0.08995937932085868,0.5079365079365079,-0.03179922987223252,0.05589854577531711,372,0.025993812917238353,0.009351974305686794,0.12727124157252617,0.532258064516129,-0.05076257572227397,0.07271713145494013,372,0.05149100632350808,0.023695846416715516,0.1953260759773591,0.553763440860215,-0.05595734167196151,0.11627875948766608,370,0.08227136531050717,0.003830436733181286,0.40532568180375733,0.5135135135135135,-0.09663026465582528,0.13193238597845297,378
正正无,正无无,249,0.007783672724108997,-0.0021293585307424756,0.07607495999241311,0.4779116465863454,-0.03412969283276435,0.04121475054229928,249,0.015824895361454244,0.002336448598130758,0.10206715360480671,0.5301204819277109,-0.04190551492389816,0.05667412378821779,249,0.01924192786059271,-0.014522821576763545,0.17076400258415053,0.44176706827309237,-0.07621786197564273,0.07153965785381033,246,0.05360800500782931,-0.010672392832146549,0.2631111586124817,0.47560975609756095,-0.09236517556902973,0.13487015059629165,250
正正无,正无正,11,-0.05379693883894612,-0.08937644341801387,0.08364062449565773,0.18181818181818182,-0.10350318001691766,-0.02197152973524158,11,-0.013651680322747701,-0.04844290657439454,0.08568807360479444,0.36363636363636365,-0.08496859693762193,0.07459548423860152,11,0.00446595309856583,-0.03806228373702425,0.13476167410804665,0.36363636363636365,-0.09959180978437532,0.08377435147609791,11,0.006576183202747898,0.013321799307958404,0.13966197646484002,0.5454545454545454,-0.07678873883158432,0.08669091462833534,11
正正无,正正正,1066,-0.00202572834860607,-0.014922801213123837,0.11619947015447298,0.41181988742964354,-0.072163811998919,0.034893979042891154,1059,0.0030716916844853153,-0.01754385964912275,0.1384049766940413,0.408876298394712,-0.07103534698816011,0.04676016905806657,1059,0.030939246336011833,-0.004078857919782575,0.20093413321227213,0.4825306893295562,-0.07407059886534423,0.09911060850190279,1057,0.05112410140647909,-0.02331838565022404,0.30010884370057844,0.4522232734153264,-0.11083123425692709,0.12865895166780117,1066
正正无,负无无,15,-0.00553512017380707,-0.026694661067786396,0.06322950624840838,0.4,-0.05456015813301729,0.041320654674183444,15,0.03311443771026527,0.037130801687763615,0.06703228177527237,0.6666666666666666,-0.013610088843479806,0.0725032371328933,15,0.034154913924019745,0.030456852791878264,0.08618650467380297,0.7333333333333333,-0.007320442080774814,0.09611356932153403,15,0.0568228437949271,0.039528023598819795,0.13538671020421403,0.6666666666666666,-0.01748036315688717,0.10088009964278988,15
正正无,负无正,5,0.019729993376196207,0.032740501212611184,0.02695342924545288,0.8,0.026516145970070903,0.0329331276410223,5,0.04153189876909944,0.056992724333063904,0.03872632120493668,0.8,0.03970812828779913,0.0650114341718393,5,0.0873375234664326,0.06893172165958839,0.0962713084776575,0.8,0.05497170573969257,0.16392329882911927,5,0.06631199008743578,0.03558722639660261,0.11116163704992793,0.6,-0.0024252223120453387,0.17780849600912196,5
正正无,负正无,1924,0.017401222431257087,0.007151674452230861,0.0780949461877506,0.5613305613305614,-0.02679940581322937,0.050372033125257065,1921,0.02524369618682996,0.014925373134328401,0.11023053779293684,0.5747006767308693,-0.04015690519307591,0.07169811320754715,1916,0.04338293474338909,0.012614469046615118,0.16695010511440103,0.5485386221294363,-0.05380963972736122,0.11247816062324578,1907,0.04476554210794917,0.005347593582887722,0.21963770411979106,0.5112742527530152,-0.08794622318930684,0.12813041353884436,1930
正正无,负正正,64,0.03217231911288996,0.02223153190895122,0.08325111947744243,0.609375,-0.022246639891429387,0.0662200524820683,64,0.04024334179708476,0.012682142498241289,0.11194929641563067,0.59375,-0.02459862385321096,0.09508966908165073,64,0.03381571150673026,0.01485735392408627,0.14866699658378987,0.59375,-0.06477697736184093,0.10895754180406836,64,0.010842587479918363,0.013431013431013383,0.20440343871996933,0.515625,-0.11639384111509848,0.11486803907729548,64
正正正,无无正,31,0.021781990903727493,0.01918465227817756,0.07264706964384869,0.6451612903225806,-0.014663620794158727,0.0631875653403251,31,0.003991790268593821,-0.018448438978240334,0.12432045503229258,0.4838709677419355,-0.05558101995232467,0.04739040067030842,30,0.05510773376431212,0.014324702025436897,0.2665410846719234,0.6,-0.056671219159714625,0.053235844568632396,30,0.16492684725768617,0.029922978316998083,0.34616233471749164,0.6,-0.046334174541330736,0.23608407256453268,31
正正正,无正无,4,-0.04563285567818587,0.024030518080410013,0.18587730865911206,0.75,-0.07841061411182049,0.05680827651404463,4,-0.0951340215153072,-0.03810717694062088,0.1942073870624296,0.25,-0.12807409510877846,-0.005167103347149621,4,-0.1422895877702917,-0.08838280287818523,0.2181774474899597,0.25,-0.20217676550076372,-0.0284956251477132,4,-0.202224392856687,-0.1359546021717971,0.19079017021546665,0.0,-0.2566971840519866,-0.08148181097649748,4
正正正,无正正,14422,0.00715727893488553,-0.002912348516033947,0.09412211331906944,0.47926778532797115,-0.04690892332900942,0.04793125701929368,14400,0.015182947481594017,-0.0006975194050117262,0.14111255887331203,0.495625,-0.06489651948623323,0.0718062214539561,14374,0.026129021559054777,-0.0026610019472473323,0.20784855152868048,0.49095589258383193,-0.08863472944505335,0.10845776919264077,14349,0.04691261851373335,-0.010695187165775444,0.2991957488065072,0.4749459892675448,-0.12345679012345678,0.14236902050113875,14427
正正正,正无无,2,0.07325379093106726,0.07325379093106726,0.1503191122506652,0.5,0.02010795912387367,0.12639962273826086,2,0.16740760750128192,0.16740760750128192,0.15697980327885544,1.0,0.11190686579737746,0.22290834920518637,2,0.13351196798769321,0.13351196798769321,0.24750258934210834,0.5,0.04600658834517615,0.2210173476302103,2,-0.012292368690938471,-0.012292368690938471,0.15698206948072185,0.5,-0.06779391161819656,0.04320917423631962,2
正正正,正无正,30,0.022799081383444754,0.013737160612406818,0.07690473233740926,0.6,-0.021412787749287704,0.06679489640843095,30,0.0451862188681912,0.011274995191463133,0.13273477632850397,0.6,-0.029465937241948875,0.11266070762237534,30,0.06738619483912132,0.007176224282036681,0.25586691231547065,0.5333333333333333,-0.06282907843601479,0.11179531085353012,29,0.057461917030484894,-0.023578363384188505,0.2959162480805201,0.41379310344827586,-0.11091234347048318,0.09640628362384329,30
正正正,正正无,11,-0.013060836065989824,-0.015945330296127547,0.10341556157107179,0.36363636363636365,-0.08719292694334546,0.021079008373909303,11,0.03377958661637701,-0.013536121673003887,0.25258236487366775,0.45454545454545453,-0.106783405357606,0.04118074011734685,11,0.01449712866200062,-0.07844387755102045,0.2895277825890813,0.36363636363636365,-0.15181810512106636,0.08783210109060324,11,0.020040873142785433,-0.05528341497550726,0.1954882309438578,0.45454545454545453,-0.11877374124832424,0.17678597243840388,11
正正正,负无正,1,-0.07263294422827493,-0.07263294422827493,,0.0,-0.07263294422827493,-0.07263294422827493,1,-0.0737530951538733,-0.0737530951538733,,0.0,-0.0737530951538733,-0.0737530951538733,1,-0.05789411625987495,-0.05789411625987495,,0.0,-0.05789411625987495,-0.05789411625987495,1,-0.040973941752151855,-0.040973941752151855,,0.0,-0.040973941752151855,-0.040973941752151855,1
正正正,负正正,1866,0.01582039111242298,0.005707769995113243,0.10925240617925372,0.530010718113612,-0.039233655906902865,0.056215186162415665,1865,0.019959071535211863,0.007026509102523226,0.14114553839243363,0.5335120643431636,-0.05576679340937907,0.07794361525704807,1865,0.0332757365578512,0.00895765472312715,0.22466295217906773,0.5308310991957105,-0.08548042704626324,0.1171328671328673,1862,0.032760534791847006,-0.01573119043805188,0.2759386304628006,0.4683136412459721,-0.12514879587781919,0.1212503195804065,1867
正正负,无无无,7,-0.01213922869878121,0.0,0.04363984383189452,0.42857142857142855,-0.01212784554120161,0.009865386474881888,7,-0.024291163506345637,-0.033333333333333326,0.02200192769368451,0.14285714285714285,-0.04243689053782823,-0.007218267313772397,7,0.013773982518863923,-0.025590551181102206,0.15473442895031028,0.14285714285714285,-0.06116194349090448,-0.015429011158137773,3,0.40010646168141334,-0.057086614173228134,0.9146315510666,0.3333333333333333,-0.12643619558529706,0.698052581020803,7
正正负,无无正,3,-0.04084797885915984,-0.04148471615720528,0.015115942860354836,0.0,-0.048560103881960026,-0.03345422248538238,3,-0.0829232721371634,-0.058406113537117776,0.1445159074309893,0.3333333333333333,-0.1482678049699978,-0.005320160004306185,3,-0.0339663961633192,-0.07259825327510927,0.10633722700696573,0.3333333333333333,-0.09409289162556422,0.006844170743030786,3,-0.04141972364202958,-0.0715065502183404,0.1518943800091457,0.3333333333333333,-0.1237628674353094,0.02588000686309483,3
正正负,无无负,35,0.012756637155171,0.01805555555555549,0.051318595171161156,0.6285714285714286,-0.025136381907624017,0.046412706395105086,34,0.03004836734547008,0.02604803736239303,0.0925966883988151,0.6470588235294118,-0.00950949948245347,0.06625245747718839,33,0.014094850788976671,-0.0016508460586049933,0.1307577586291129,0.48484848484848486,-0.060103626943005306,0.05278093076049939,33,0.02365798064987285,0.04444444444444429,0.11936990662284944,0.6060606060606061,-0.03658536585365846,0.08936748712077835,35
正正负,无正无,41,0.0038870917722244494,-0.004351265822784889,0.0631630398371742,0.4146341463414634,-0.018019884009942144,0.016666666666666607,38,0.01198238874927058,-0.013885955617878587,0.07666442884934217,0.4473684210526316,-0.03606223367434758,0.06023720349563033,38,0.0017493010788716765,-0.015078586972891661,0.11232708023266715,0.42105263157894735,-0.055033595960650605,0.059067744277089274,34,0.036911910808966254,-0.002109885384172172,0.2737164911357398,0.5,-0.10862695920844129,0.11645725548164565,41
正正负,无正正,12,-0.018385888339665507,-0.04789292696550762,0.11616548985694469,0.16666666666666666,-0.06397872960372963,-0.02656392735993146,11,-0.023959081795180623,-0.042784626540971704,0.1070883575145566,0.36363636363636365,-0.06872524052065648,0.005461594415908544,11,0.042961828760426986,0.0015840000000000298,0.36455733997052764,0.5454545454545454,-0.11592691622103396,0.03874996962370714,8,0.07952849697233039,-0.1027212918660288,0.4461478993090378,0.375,-0.22422455272431546,0.32816254545454543,12
正正负,无正负,918,0.009776043617244577,0.008197659767096854,0.07015061152010581,0.5577342047930284,-0.028127793504171605,0.04581732794336768,917,0.022913021603671146,0.02130325814536338,0.09701285432360002,0.6161395856052344,-0.027027027027026973,0.07349246231155804,914,0.026196124667209865,0.01548536209553164,0.1490438111218159,0.5645514223194749,-0.047307015726742535,0.08010360597065802,801,0.054310922928352046,0.016005567153792644,0.2206302820264924,0.5455680399500624,-0.061212477928193176,0.1264044943820224,918
正正负,正无无,16,-0.052001438872876,-0.06538432881885586,0.09575469081997272,0.3125,-0.10363245167821425,0.032740151914592286,16,-0.016792214395338498,-0.04213144520967427,0.10550231424219686,0.3125,-0.09606881892693936,0.029660748571611717,16,0.02238780530467429,-0.020111333755575278,0.133031240263306,0.4375,-0.07738075910614267,0.08326731995858605,16,0.049070252722309714,0.02540502572976444,0.16965368026061342,0.625,-0.08929630963859247,0.14956675984809598,16
正正负,正无正,5,0.029638796465587335,0.0308203557698572,0.049808784351048456,0.8,0.026011560693641522,0.056710526315789433,5,0.048832076437862956,0.07833733013589139,0.11280501487844269,0.6,-0.004816955684007862,0.11845963380465263,5,0.120765948518057,0.052757793764988126,0.29120637262764143,0.8,0.0019267822736031004,0.115853261223692,5,0.28491469731429875,0.1326938449240609,0.4353814068251535,0.6,-0.00240847784200382,0.2651332507982016,5
正正负,正无负,40,0.009900385400113718,0.014589955499046181,0.07177420337829468,0.575,-0.04120890363747515,0.06463867300777187,40,0.05632650388033959,0.029510674103549683,0.11950032480822813,0.675,-0.017040391404188227,0.11714923093540314,39,0.07646042890895165,0.05586592178770955,0.1679591209545415,0.6153846153846154,-0.01276721447069129,0.22105324266510373,39,0.08617185495307741,0.0292703282196205,0.25581253996786957,0.5384615384615384,-0.06615048557197323,0.18869370652598616,40
正正负,正正无,192,-0.05326258105807502,-0.03904422412832792,0.09035611815791929,0.23958333333333334,-0.11964686670749122,-0.0003054989816701492,191,-0.023034894925955313,-0.020257340811613345,0.10235453662363014,0.34554973821989526,-0.08632991443645466,0.01430694218713724,191,-0.0012551746770843772,-0.01467268623024831,0.11526044500033689,0.43455497382198954,-0.0625080231065468,0.03130681621004572,190,0.0036430880509975808,-0.02961651514170438,0.19284503547250162,0.38421052631578945,-0.09056565258534383,0.0527502449316643,192
正正负,正正正,75,-0.03826851071164791,-0.03703703703703698,0.11133538214037059,0.37333333333333335,-0.12447490413781259,0.05084263959390867,75,-0.020986649614190576,-0.028683574879226903,0.1099163128818266,0.4,-0.1078290615363488,0.07524621564281364,75,0.02965173961782036,0.011973735032831279,0.23090384334960992,0.5333333333333333,-0.08828235124923473,0.10037674731807,73,0.05131400222357748,-0.029232643118148438,0.30164460488135036,0.3698630136986301,-0.12169093315684976,0.16460176991150455,75
正正负,负无无,4,-0.004309985163849117,-0.010808366278610704,0.05594924308142532,0.5,-0.04863788397093227,0.03351953252847245,4,0.030883368852698184,0.014471630624229515,0.05116024838601808,0.5,-0.0033547007077369406,0.04870970018466464,4,0.026917710197391115,0.04238649061439148,0.13061548343813653,0.75,-0.02313671680663218,0.09244091761841478,4,0.12266176638755383,0.1419307742975101,0.15634324491123186,0.75,0.0790455352134149,0.18554700547164904,4
正正负,负无负,5,0.0775141179339313,0.01812688821752273,0.10278567203277007,0.8,0.013953488372093092,0.14085045389393214,5,0.07557573771841682,0.06988352745424287,0.14828352655635163,0.8,0.0031007751937983663,0.10812231247013848,5,0.03918729257556917,0.045757071547420924,0.0793609835356552,0.6,-0.03181427343078258,0.08193979933110351,5,0.10953026771432436,0.18509316770186324,0.13354532771515137,0.8,0.0033277870216306127,0.20543806646525686,5
正正负,负正无,3,0.045705382426222685,-0.009363295880149725,0.1080872037832427,0.3333333333333333,-0.016560302910835156,0.08043672861009432,3,0.029877011219312227,-0.03801169590643272,0.14894954959890355,0.3333333333333333,-0.05552270188580066,0.08133237076155264,3,0.055870106911347896,-0.018274853801169666,0.1762189255826955,0.3333333333333333,-0.04471795124515415,0.11938568471159117,2,0.08376455395346694,0.08376455395346694,0.13345080498280565,0.5,0.03658256937439425,0.13094653853253962,3
正正负,负正正,1,0.07433217189314756,0.07433217189314756,,1.0,0.07433217189314756,0.07433217189314756,1,0.09059233449477366,0.09059233449477366,,1.0,0.09059233449477366,0.09059233449477366,1,0.06736353077816504,0.06736353077816504,,1.0,0.06736353077816504,0.06736353077816504,1,0.5737514518002325,0.5737514518002325,,1.0,0.5737514518002325,0.5737514518002325,1
正正负,负正负,137,0.02183427472713647,0.021194605009633882,0.06874401448517235,0.6496350364963503,-0.017274472168905985,0.05689655172413799,137,0.043715462108732485,0.04375569735642659,0.10185039933821567,0.6277372262773723,-0.016150309030100285,0.09345794392523366,135,0.04530682692989277,0.03310344827586209,0.1530919833613174,0.6148148148148148,-0.031642756112346015,0.11398230893421568,131,0.07003345995123098,0.03931203931203919,0.22609185389917827,0.5954198473282443,-0.046855486556689085,0.13745659722222225,137
正负无,无无无,962,0.003349842637699062,-0.0009577122631138635,0.06419038984274983,0.48232848232848236,-0.03163524292965919,0.029233058608058693,962,0.009144462280568874,0.0015587178467626472,0.08857469800662254,0.5051975051975052,-0.04261466233297215,0.04723409733877176,962,0.023338564369409405,0.003295286692627908,0.15036297966066559,0.5103950103950103,-0.059833614603568175,0.08848438284920662,940,0.05259449796694556,0.0024565795178982386,0.22789881512030824,0.5085106382978724,-0.08106808409919813,0.13032834101382468,963
正负无,无无负,46,-0.024734519076373463,-0.01782291652432455,0.03985770818936984,0.391304347826087,-0.047722194114174915,0.004544974880548447,46,-0.022196085450470148,-0.024563738730006945,0.05037877732118375,0.32608695652173914,-0.05907932452642073,0.009256939261470698,46,0.055514395114433006,-0.026801842724435476,0.23053983623896931,0.45652173913043476,-0.08511483572085424,0.2057619333321361,45,0.16800641968194957,0.10084316333725019,0.2985830432139245,0.6222222222222222,-0.030935808197989134,0.25343041164939795,46
正负无,无正无,89,0.0041993759776352,-0.006561679790026309,0.07237636224673168,0.43820224719101125,-0.036273555693178805,0.03671071953010285,89,0.01685193731424844,0.011961722488038395,0.0902634252061439,0.6292134831460674,-0.03394495412844045,0.055160142348754215,89,0.029124479547207857,0.012163336229365829,0.13646942872575,0.550561797752809,-0.04621848739495782,0.08175061932287364,88,0.01906624102663707,-0.00775004320375372,0.18704224592742302,0.4659090909090909,-0.08330035550845591,0.09129581066269798,89
正负无,无正正,3,-0.041695963200163555,-0.05286713286713296,0.01938774100228585,0.0,-0.052889473255529895,-0.03608803797828192,3,0.023322996709831623,0.0266222961730449,0.010876499993373388,1.0,0.018900578980831417,0.029395064170438467,3,-0.03226658731584461,-0.06122967479674779,0.07787891526766812,0.3333333333333333,-0.07637190894579482,-0.0026428094263459823,3,-0.026323458644389786,-0.008384146341463228,0.06703128803649998,0.3333333333333333,-0.05444165719735389,0.010764396060037595,3
正负无,无负无,4991,0.002007422478540537,0.0,0.06517596548510503,0.49228611500701264,-0.029476164718588993,0.030504202727281826,4991,0.01023096231545794,0.003013863773357439,0.08337588542648165,0.5173311961530755,-0.03714872177645079,0.047417446622471604,4990,0.024001021420633904,0.010550683117735216,0.13034210296818707,0.5434869739478958,-0.050596572457698996,0.08230684665463367,4934,0.03226586203858795,0.008259692281858078,0.19584595005708716,0.5180381029590596,-0.07802410515566988,0.10824654747625384,4994
正负无,无负正,1,-0.014070351758794009,-0.014070351758794009,,0.0,-0.014070351758794009,-0.014070351758794009,1,0.004020100502512669,0.004020100502512669,,1.0,0.004020100502512669,0.004020100502512669,1,-0.15979899497487438,-0.15979899497487438,,0.0,-0.15979899497487438,-0.15979899497487438,1,-0.25929648241206027,-0.25929648241206027,,0.0,-0.25929648241206027,-0.25929648241206027,1
正负无,无负负,71,-0.0008396672642579349,-0.002054794520547909,0.041170932753118145,0.4507042253521127,-0.02120342849243112,0.018834183696670337,71,0.005409288055572519,-0.0024449877750610804,0.061869678947837396,0.4788732394366197,-0.03423551756885079,0.03920575894597789,71,0.05628197505808649,0.02538787023977429,0.1411306227570109,0.5915492957746479,-0.04173600747740902,0.11783021698468532,71,0.13999600205224919,0.09062003179650224,0.17687647493779496,0.8591549295774648,0.02488870358682349,0.20831205358455074,71
正负无,正无无,841,0.005245770176458462,-0.0014025245441795509,0.07426062441102295,0.4863258026159334,-0.032531824611032545,0.028484618306114706,841,0.01104443995890472,0.001113895850738178,0.09596577316566307,0.5041617122473246,-0.045847750865051884,0.04808604871875999,841,0.023456730618779918,0.008358817533129503,0.13736365064057787,0.5231866825208086,-0.05653710247349808,0.08201892744479489,832,0.04312271032046422,-0.002885703827317454,0.26361203316999565,0.49399038461538464,-0.08178778768401407,0.11114676238296967,841
正负无,正无负,10,-0.004969522507621016,0.0032930697736782144,0.05014434565142479,0.5,-0.04769514419206691,0.019774796315176868,10,-0.010527121194711086,-0.006188399229636321,0.09010953699805216,0.5,-0.07590763507247539,0.03450641956817929,10,0.03513962426340257,0.02224754811292673,0.13419246057838502,0.6,-0.08195354740007993,0.13541196075210704,9,0.09776138691062396,0.11021897810219006,0.11904088329467975,0.7777777777777778,0.027046013347383102,0.1648905250920365,10
正负无,正正无,257,0.006574785941591554,-0.008571428571428563,0.08845046057132447,0.42023346303501946,-0.03925938625064285,0.03875968992248047,257,0.021115820599162703,0.010046367851623161,0.1154984926752294,0.5252918287937743,-0.051773622961956534,0.06916802610114203,257,0.02338157631642609,-0.003478260869565153,0.15932555858068775,0.47470817120622566,-0.05734144222415294,0.09506848425531889,252,0.026404926004426742,-0.0006084447258318804,0.19298269886237177,0.5,-0.08663388991049603,0.10831796610936739,257
正负无,正正正,2,0.056164820949303196,0.056164820949303196,0.04686129188165685,1.0,0.03959685231696236,0.07273278958164403,2,0.05531512672742123,0.05531512672742123,0.044867689072308065,1.0,0.03945200312782193,0.07117825032702052,2,0.1150941075810219,0.1150941075810219,0.1496620462170959,1.0,0.06218058369784041,0.1680076314642034,2,0.08816202327188838,0.08816202327188838,0.11157432732414363,1.0,0.04871454154327365,0.1276095050005031,2
正负无,正负正,1,0.06000000000000005,0.06000000000000005,,1.0,0.06000000000000005,0.06000000000000005,1,0.010588235294117565,0.010588235294117565,,1.0,0.010588235294117565,0.010588235294117565,1,0.034117647058823364,0.034117647058823364,,1.0,0.034117647058823364,0.034117647058823364,1,0.021176470588235352,0.021176470588235352,,1.0,0.021176470588235352,0.021176470588235352,1
正负无,正负负,58,0.014617156639414482,0.013526312998608514,0.035543653245386754,0.6896551724137931,-0.009917656418812204,0.03808671173327727,58,0.02296209567610594,0.015222590139808645,0.061229066068682086,0.6379310344827587,-0.005915882325667671,0.047448139373627685,58,0.07442623319625002,0.07786059629331188,0.14774049447877166,0.7413793103448276,-0.0024319625016918367,0.13614589702825008,58,0.1212535180739801,0.09700460776619713,0.20290899678017058,0.7586206896551724,0.0061363052231773185,0.1844350031163291,58
正负无,负无无,37,-0.005836929194984602,-0.010973451327433548,0.031029525197715804,0.2972972972972973,-0.02275960170697,0.0034602076124565784,37,-0.008165189752446256,-0.008620689655172376,0.03912397225389784,0.35135135135135137,-0.03539823008849552,0.01060606060606073,37,0.15811070257342177,0.18099053168244694,0.18993107527463948,0.7297297297297297,-0.010135135135135198,0.27520759193357036,37,0.24746867225309072,0.20397625826376498,0.2870142131431591,0.7027027027027027,-0.0021551724137931494,0.4870164281928988,37
正负无,负无负,5,-0.0124537752197996,-0.007166123778501676,0.020118055244697213,0.2,-0.012486992715920908,0.0,5,-0.02189733101453668,-0.019292604501607746,0.017855376585982376,0.0,-0.027896995708154293,-0.01144640998959412,5,0.35278750588542007,0.33714880332986485,0.06699880615684504,1.0,0.31832797427652726,0.39484978540772553,5,0.4162986383955472,0.41692213366033126,0.07295238601626725,1.0,0.4149837133550487,0.4266389177939647,5
正负无,负正无,1,-0.0018382352941178626,-0.0018382352941178626,,0.0,-0.0018382352941178626,-0.0018382352941178626,1,-0.09558823529411786,-0.09558823529411786,,0.0,-0.09558823529411786,-0.09558823529411786,1,0.007352941176470562,0.007352941176470562,,1.0,0.007352941176470562,0.007352941176470562,1,-0.02205882352941191,-0.02205882352941191,,0.0,-0.02205882352941191,-0.02205882352941191,1
正负无,负负无,160,-0.0024507656974266283,-0.0048490646258502745,0.06758242181672093,0.43125,-0.03292629985065401,0.026736849825513276,160,0.0059766261944649525,0.0010142696142529939,0.07650633430484483,0.5125,-0.029793315022517197,0.047570313316305124,160,0.024394866695248686,0.017122206436190557,0.11380329615532765,0.58125,-0.03783574380165286,0.06658038785468584,160,0.059279568582168804,0.03059057637973628,0.1790008670532307,0.59375,-0.04458255159474664,0.11382496940024495,160
正负无,负负负,13,0.014072741361457726,0.01225259189443939,0.028537396700329083,0.6923076923076923,-0.004282115869017611,0.028725314183124073,13,0.006515049515583784,0.013015184381778733,0.03620449872003699,0.6923076923076923,-0.005415617128463612,0.022073772872495123,13,0.21162412027637803,0.1376623376623376,0.22726055135277798,0.8461538461538461,0.019792648444863614,0.3780896896551722,13,0.3358887388996392,0.31168831168831157,0.41617808807622414,0.8461538461538461,0.04306220095693791,0.3974700399467377,13
正负正,无无无,5,-0.037154563172209776,-0.06126181042365142,0.0431873302808624,0.4,-0.06466043106954045,0.006211180124223725,5,-0.062075187701263544,-0.08351112465711674,0.053815304064315644,0.0,-0.10329402196014636,-0.006797583081571079,5,-0.08145560937330225,0.006506710044733577,0.15126400161302514,0.6,-0.16093152589502946,0.0269151138716357,5,-0.07422105804873388,-0.1183407889385929,0.1483517287632487,0.4,-0.20055613486270418,0.024844720496894457,5
正负正,无无正,80,-0.010026784224413929,-0.01070826183960466,0.07839570347821283,0.425,-0.05551445663551691,0.023659804076364865,80,-0.00951002089601662,-0.011474872611138831,0.09838766307262682,0.425,-0.05713455682688112,0.04884042175481951,80,-0.005780401519845821,-0.022425576240290124,0.13907377907240626,0.4375,-0.0849035919467182,0.0772530772705784,79,0.008644160714280525,-0.010573534123678341,0.19923654921003925,0.4810126582278481,-0.0988418451237148,0.10550357430331114,80
正负正,无无负,1,0.005634427684116927,0.005634427684116927,,1.0,0.005634427684116927,0.005634427684116927,1,0.02577639751552785,0.02577639751552785,,1.0,0.02577639751552785,0.02577639751552785,1,0.13669032830523498,0.13669032830523498,,1.0,0.13669032830523498,0.13669032830523498,1,0.25441466614906827,0.25441466614906827,,1.0,0.25441466614906827,0.25441466614906827,1
正负正,无正正,29,-0.026670625431331543,-0.034653465346534684,0.06612780380892495,0.2413793103448276,-0.0696257615317668,-0.0019502681618723816,29,-0.03673219438529407,-0.031302092980181606,0.10507606658204556,0.3793103448275862,-0.09423347398030946,0.010494752623688042,29,0.1313674629995447,-0.05639913232104132,0.878192923739928,0.41379310344827586,-0.13907531692766606,0.07575476940174108,28,0.11093412023246567,0.0019615552454320673,0.636825292811585,0.5,-0.0675462681338658,0.09611640350752587,29
正负正,无负无,14,-0.023276230526422477,-0.027984368572604,0.051320934407160956,0.2857142857142857,-0.060667511066424734,0.022158104939038303,14,-0.02469491605018517,-0.05059079828746732,0.08948399579373786,0.35714285714285715,-0.08488755465348902,0.015931632947120355,14,-0.05698961576534429,-0.08503525178351007,0.09643861998629726,0.2857142857142857,-0.10688694637381416,0.018475752750706564,14,0.0369916437012542,-0.052639679597510924,0.19821384647056703,0.35714285714285715,-0.1001866577383444,0.22849463404595655,14
正负正,无负正,545,0.009541964314449222,0.001945525291829009,0.09222806454526024,0.5082568807339449,-0.04014598540145986,0.05188679245283012,545,0.009800975310173118,0.004966887417218624,0.11447453939064878,0.5211009174311927,-0.05339805825242727,0.06541786743515843,544,0.014156382516058382,-0.0008030669895076059,0.17933413225262865,0.4963235294117647,-0.09097113773775753,0.08837340911006503,533,0.029653378977168698,-0.016783216783216703,0.2520423109112751,0.4596622889305816,-0.11946202531645567,0.12372273878422968,545
正负正,无负负,2,-0.022505629319046483,-0.022505629319046483,0.05859888714654862,0.5,-0.04322346455470136,-0.0017877940833916084,2,-0.02376931438776303,-0.02376931438776303,0.021975268978175047,0.0,-0.031538745244196004,-0.015999883531330056,2,-0.04305070269430855,-0.04305070269430855,0.05622704050105929,0.0,-0.06292996350648339,-0.023171441882133714,2,0.048627610839350965,0.048627610839350965,0.21659297278064074,0.5,-0.02794956906592122,0.12520479074462315,2
正负正,正无无,11,-0.004852206035190886,-0.0289575289575289,0.06512555170130382,0.2727272727272727,-0.04305781549298676,0.011593755573109654,11,-0.02796675181370595,-0.04764482945316717,0.06896934580186452,0.18181818181818182,-0.06416344184723988,-0.01074910338064694,11,-0.040926285038668846,-0.06984298863021099,0.16820735987929572,0.2727272727272727,-0.1334712792066261,-0.009038484045665873,10,0.07701842549924716,-0.020729055472154645,0.3213872010432252,0.4,-0.07942508320532507,0.11283326552277256,11
正负正,正无正,44,-0.014900477532864116,0.0013256738842245541,0.09302752903939066,0.5,-0.0628976795163442,0.030836081966971907,44,-0.017316695503604467,-0.026620145521512373,0.10060446324254915,0.36363636363636365,-0.07027752769873905,0.019027895087175672,44,-0.022439532807498483,-0.048275039966870326,0.20680412340417015,0.3409090909090909,-0.15467285591980395,0.031829909772143505,42,-0.023349052902104667,-0.027393850798592134,0.18404662112590825,0.42857142857142855,-0.14600312903533094,0.10387204001416706,44
正负正,正正正,100,-0.002138172337497587,-0.017241052502127097,0.09626254704836965,0.41,-0.06153693048366579,0.043388450451107674,100,-0.0010646540192293884,-0.03433167711718016,0.1293517556319076,0.45,-0.0760744366600419,0.07057639988744335,100,-0.03158201342931259,-0.07852707129854614,0.23359925352472802,0.31,-0.14445508162544382,0.05336966878049981,100,-0.009237978925622609,-0.07035415156136704,0.3141429452245991,0.35,-0.1879347505358268,0.08623005447004173,100
正负正,正负无,5,-0.019893727810586424,-0.029139685476410992,0.06987120589583753,0.4,-0.08538785327720977,0.029931972789115635,5,-0.04285824829230493,-0.05693875886951283,0.05903671357566516,0.2,-0.07585568917668828,-0.00022675736961452753,5,0.014379528318643042,0.0174603174603174,0.09787772265562504,0.6,-0.03151605532170765,0.04024051803885276,5,0.06142274925990099,0.024777073962718,0.06875679026665851,0.8,0.022352941176470464,0.12719703977798336,5
正负正,正负负,1,-0.06527560812318689,-0.06527560812318689,,0.0,-0.06527560812318689,-0.06527560812318689,1,-0.04764561481812113,-0.04764561481812113,,0.0,-0.04764561481812113,-0.04764561481812113,1,0.1158223610801159,0.1158223610801159,,1.0,0.1158223610801159,0.1158223610801159,1,0.06706092390091478,0.06706092390091478,,1.0,0.06706092390091478,0.06706092390091478,1
正负正,负无正,4,0.01140652210740517,0.013642737137299021,0.028308299258024108,0.75,-0.0011763394180259734,0.026225598662730165,4,-0.0015809956667725278,-0.005522514868309236,0.016117154484912768,0.25,-0.012221849434457338,0.005118338899375574,4,-0.006048226981297422,-0.006717118824189405,0.020722384974479206,0.25,-0.017435544383108154,0.004670198577621326,4,-0.03358335331623563,-0.006821368568649511,0.07129523836622674,0.25,-0.04247972251998136,0.002075000635096219,4
正负正,负正正,1,-0.06949152542372883,-0.06949152542372883,,0.0,-0.06949152542372883,-0.06949152542372883,1,-0.12870762711864414,-0.12870762711864414,,0.0,-0.12870762711864414,-0.12870762711864414,1,-0.19465042372881358,-0.19465042372881358,,0.0,-0.19465042372881358,-0.19465042372881358,1,-0.11038135593220344,-0.11038135593220344,,0.0,-0.11038135593220344,-0.11038135593220344,1
正负正,负负正,9,-0.008237956395452661,0.007679648930334793,0.07619996696621534,0.6666666666666666,-0.028933434190620222,0.02993749999999995,9,0.0031972882200225084,0.04046610169491527,0.10759749690230358,0.5555555555555556,-0.043392018135614885,0.08865497076023399,9,0.01082777801129727,0.06034009873834334,0.16436664577265409,0.5555555555555556,-0.07409356725146188,0.12745839636913758,9,0.054244817976737275,0.16038135593220337,0.20339175655407168,0.5555555555555556,-0.11169590643274852,0.17962447428139172,9
正负负,无无无,23,-0.02806888511998724,-0.012406947890818865,0.06063060512102047,0.43478260869565216,-0.04676026926538318,0.010905844020569044,23,-0.0247943722963005,-0.020434227330779153,0.09048708214135637,0.34782608695652173,-0.032603402582412455,0.023036381806360473,23,-0.028292925875219314,0.003663003663003872,0.16428370795694322,0.5652173913043478,-0.1573492855482233,0.04870633224875054,23,0.052841659802870436,-0.004076878276063067,0.2668279220454389,0.4782608695652174,-0.11053288657783078,0.1484699543835032,23
正负负,无无负,567,0.01130127149706855,0.012060939483707234,0.06633813959612565,0.582010582010582,-0.024502604545497186,0.040185024866085106,567,0.022111807739352375,0.018478260869565277,0.09047866866348599,0.599647266313933,-0.02988907913347727,0.06789832709258925,567,0.0489075077363412,0.03832752613240431,0.15380095589111134,0.6472663139329806,-0.03638320882153895,0.12003291215753731,537,0.0438044304656313,0.024953789279112737,0.1966145481783778,0.5716945996275605,-0.06811451135241864,0.11578341013824889,567
正负负,无正负,97,0.0021500205508109328,-0.003536246526900766,0.07041755217803912,0.4639175257731959,-0.032581453634085045,0.0347322720694645,97,0.014662242220092787,0.007923930269413404,0.0784382110601748,0.5360824742268041,-0.03248407643312101,0.047203362431296636,97,0.043144297968129255,0.024179280518970003,0.1231746416751655,0.6185567010309279,-0.038066723695466265,0.08547008547008561,94,0.02041474158492103,-0.025600709562973667,0.18223457499504808,0.425531914893617,-0.0892794389055315,0.08281843064313693,97
正负负,无负无,13,0.003844542836875614,0.0,0.030771168404334106,0.46153846153846156,-0.015846538782318564,0.013237063778579916,13,-0.009216879112958124,-0.017819148936170204,0.04873389331270696,0.3076923076923077,-0.03164300202839743,0.002450980392156632,13,-0.0239897614983749,-0.022058823529411797,0.06965795110284038,0.3076923076923077,-0.06666666666666654,0.014435695538057791,13,0.23848894373903,0.20579710144927543,0.1413439719962365,1.0,0.12635379061371843,0.3470363288718932,13
正负负,无负负,2509,0.011995150474218067,0.008659638554216809,0.0662810410088437,0.5675567955360702,-0.02414231257941557,0.040000000000000036,2509,0.020561444310495686,0.013397129186602852,0.0914354350179165,0.5763252291749701,-0.03015966883500909,0.06434023991275906,2509,0.04975075080972536,0.03336769930675931,0.17151072870792844,0.6285372658429653,-0.03711133400200595,0.11344537815126055,2431,0.049512785194845005,0.025078369905956244,0.25654857219266236,0.5717811600164542,-0.06739281770608285,0.13400156856307766,2510
正负负,正无无,17,0.06999977615668031,0.005002273760800424,0.20605944729931458,0.5294117647058824,-0.028028028028028174,0.03149430422157695,17,0.19993838694533608,-0.012949640287769681,0.528456487584224,0.4117647058823529,-0.03203203203203209,0.0797448165869219,17,0.34855948503892414,-0.013100436681222627,1.0643717112862656,0.47058823529411764,-0.06049988320485877,0.040277777777777635,15,0.35428545420981405,0.03630363036303619,1.032507438720252,0.6,-0.034340552709206607,0.1266955792535186,17
正负负,正无负,467,0.00595625496190418,0.002640845070422726,0.06329611006952712,0.5246252676659529,-0.026994184875972937,0.03690228649446037,467,0.015892729398249428,0.00694444444444442,0.09844064125791753,0.5481798715203426,-0.03619699153005851,0.04793530684292313,467,0.03743083403863195,0.030830458917835646,0.12977655242501512,0.5952890792291221,-0.04008928571428566,0.11243832698275225,441,0.03636617652611954,0.021126760563380254,0.19103024071365923,0.5600907029478458,-0.0799220272904484,0.1334164588528679,467
正负负,正正无,17,0.0059202278782533296,0.006559031281533789,0.027613482305599332,0.5882352941176471,-0.01041666666666663,0.020120724346076813,17,-0.010914700464029856,-0.0080971659919028,0.0463077020116653,0.29411764705882354,-0.032437442075996414,0.007138607971445721,17,0.00741824697364559,-0.009756097560975507,0.08337515678660322,0.35294117647058826,-0.02976791120080724,0.035305343511450316,10,0.06766534343279391,0.04484677512846347,0.1510559281144033,0.6,-0.04632381872327568,0.09940540845547263,17
正负负,正正负,207,-0.010911721625087257,-0.02033080634045492,0.0791851296536944,0.357487922705314,-0.05386154381457087,0.014189066790975313,207,0.004254179163794167,-0.013076098606645381,0.12349922700495711,0.4251207729468599,-0.054824198125445034,0.03831057050011377,207,0.0194512631000299,0.0047896709704289275,0.18614438413595039,0.5072463768115942,-0.05745572575140351,0.0679217993253074,200,0.04584566068505805,-0.021532533006248744,0.5963701382850589,0.42,-0.0878380969424277,0.06614887234994932,207
正负负,正负无,11,-0.0034014274794273384,-0.0063856960408684715,0.06448118454804244,0.45454545454545453,-0.037612117719102445,0.028679320679320663,11,0.007954888403035003,-0.032467532467532534,0.10122215182318388,0.36363636363636365,-0.05002881740571308,0.054804032656381674,11,0.07079787847203982,0.06406926406926394,0.16895445441368723,0.5454545454545454,-0.04658153524728942,0.10996027648712214,11,0.21530950963835724,0.11136363636363655,0.2336829962445717,0.9090909090909091,0.08146594360939197,0.2702761634650179,11
正负负,负无负,15,0.012309866314721774,-0.005571030640668551,0.06134472495101321,0.4666666666666667,-0.025228701577382162,0.020235767300333496,15,0.021338877040991282,0.0007651597270927901,0.09142086771462773,0.5333333333333333,-0.026858159353539912,0.04738113419867296,15,0.14483843147429246,0.19009900990099005,0.1456274282072612,0.8,0.04593784922888455,0.24073960505335457,15,0.10131781564181513,0.04761904761904745,0.21422231133489916,0.6666666666666666,-0.026462395543175532,0.3026229639092941,15
正负负,负正无,1,-0.0023612750885479983,-0.0023612750885479983,,0.0,-0.0023612750885479983,-0.0023612750885479983,1,-0.017709563164108655,-0.017709563164108655,,0.0,-0.017709563164108655,-0.017709563164108655,1,-0.04840613931523019,-0.04840613931523019,,0.0,-0.04840613931523019,-0.04840613931523019,1,0.11031988193624542,0.11031988193624542,,1.0,0.11031988193624542,0.11031988193624542,1
正负负,负正负,3,0.0036029448558629884,-0.04132231404958675,0.12081788202823862,0.3333333333333333,-0.06481939069544651,0.04956265095444762,3,-0.0032623971305099086,-0.008264462809917328,0.11339684548425036,0.3333333333333333,-0.061169949896218934,0.05214412279549541,3,0.046906069364925695,-0.002759889604415644,0.11711356154751791,0.3333333333333333,-0.019974986124521865,0.08895414536970259,3,0.10698059564474623,-0.09090909090909083,0.38391345829129025,0.3333333333333333,-0.11426151003596213,0.22927785804853607,3
正负负,负负无,2,0.04847271307894119,0.04847271307894119,0.07812891631015849,0.5,0.020849969814106528,0.07609545634377585,2,0.014526505600129358,0.014526505600129358,0.019585766426701765,1.0,0.007601891472601041,0.021451119727657675,2,0.12679433764330017,0.12679433764330017,0.0021916339783877793,1.0,0.12601947801930174,0.1275691972672986,2,0.33416297599111455,0.33416297599111455,0.1210597785609567,1.0,0.2913618808164174,0.3769640711658117,2
正负负,负负负,81,-0.0022333739001838262,-0.007216494845360688,0.0655096164112752,0.43209876543209874,-0.027591349739000792,0.033538025507793945,81,0.009385759142789862,-0.005087620124364034,0.08405496121891103,0.4444444444444444,-0.033411033411033464,0.04272727272727295,81,0.05842863411264005,0.02707193554006948,0.144608841440507,0.6790123456790124,-0.0131386861313868,0.1229428848015488,81,0.07916000218616095,0.04834605597964403,0.20478368328293892,0.6296296296296297,-0.042328042328042104,0.13743287755102052,81
负无无,无无无,44358,0.0027111783427078004,0.0,0.05738412282916176,0.49156860092880655,-0.027348394768133305,0.028343096437215942,44215,0.0034364165565657686,-0.0027173913043477826,0.08352252139208201,0.4772136152889291,-0.04238802064749403,0.03980099502487566,43759,0.012005213982459297,-0.0026631158455392434,0.13053904699115343,0.4858886171987477,-0.062035445757250174,0.06509570126744091,43606,0.03149298032140908,0.0014084507042253502,0.20407621167288284,0.5030959042333624,-0.08360736679653355,0.10422102147822238,44492
负无无,无无正,30,0.027715185638482277,0.015133272273451404,0.06600871121655016,0.6,-0.023041509702678736,0.08591353460025997,30,0.014765172677142361,-0.0034058752337990383,0.08820759121620966,0.4666666666666667,-0.05860401330271975,0.08066877298494413,30,0.020686781748374985,-0.012427787290563153,0.12157762066801676,0.4666666666666667,-0.08074882967657693,0.11344820801080835,30,0.04044265685876292,-0.006879547497610106,0.18986396966043959,0.4666666666666667,-0.06863733396584437,0.0847496165231485,30
负无无,无无负,115,0.00284585455491137,0.0023474178403757318,0.06203952643252804,0.5043478260869565,-0.03555185503509528,0.04021571918047684,105,0.011402121802742315,0.008588957055214674,0.09825028263391011,0.5333333333333333,-0.04075630252100859,0.072265625,105,0.015086580834492443,-0.004333694474539462,0.16179531047047993,0.47619047619047616,-0.07369553523399686,0.07607950651130913,105,0.03675724679460661,-0.00598182622950838,0.22849009974687992,0.47619047619047616,-0.08800000000000008,0.104895104895105,115
负无无,无正无,65,0.011456298787980526,-0.004273504273504258,0.06647546320936844,0.49230769230769234,-0.028888888888888964,0.042196237925775204,65,0.0031388245594667465,-0.0030864197530864335,0.12365001519691365,0.47692307692307695,-0.05805243445692876,0.05488060326770006,65,0.045025042936725386,0.022113943028485794,0.1795388737089588,0.5846153846153846,-0.06222222222222229,0.12345679012345667,65,0.10113829732659077,-0.0008045052292838806,0.4484958788290533,0.49230769230769234,-0.072021241287753,0.11498586239396813,66
负无无,无正正,3,0.041640619526419544,0.036974789915966255,0.060031610530312494,0.6666666666666666,0.010526429369899004,0.07042189487771344,3,0.14272800706656952,0.1186440677966103,0.16283398968854465,0.6666666666666666,0.055960689360490035,0.2174533551376694,3,0.07690379100230464,0.1258346173600413,0.10352512358689,0.6666666666666666,0.04190890531867608,0.13636408986480153,3,0.11955774610112395,0.08501964458140732,0.19792349661693046,0.6666666666666666,0.013098057584821243,0.20874838385756833,3
负无无,无负无,2733,0.008265316949017802,0.00344589937973816,0.06268606168099708,0.5327478960848884,-0.023511755877938967,0.0349932705248992,2733,0.012185606856889037,0.003481156349326442,0.09823788291970198,0.5236004390779363,-0.037793667007150034,0.04960000000000009,2729,0.02670760975763325,0.009513150531617054,0.13967905352567045,0.5390252839868084,-0.05303030303030298,0.0790781744238589,2703,0.05120355959655319,0.017254901960784386,0.21257979313859166,0.5523492415834258,-0.0684759510684208,0.11969559931973783,2774
负无无,无负正,1,0.04905736874113109,0.04905736874113109,,1.0,0.04905736874113109,0.04905736874113109,1,-0.04905736874113131,-0.04905736874113131,,0.0,-0.04905736874113131,-0.04905736874113131,1,-0.009324954388810092,-0.009324954388810092,,0.0,-0.009324954388810092,-0.009324954388810092,1,0.03790796675451036,0.03790796675451036,,1.0,0.03790796675451036,0.03790796675451036,1
负无无,无负负,122,0.0058560703619055755,-0.0041847597702759365,0.08265152557768654,0.4672131147540984,-0.028880758544937712,0.03170910345885408,122,0.010341515928320773,-0.014633619720210655,0.16383784104901802,0.4426229508196721,-0.0493047872252588,0.03705462802019133,122,0.014670056659291681,-0.03997070628856775,0.34073832137314075,0.3770491803278688,-0.08746969288793105,0.026302989965185375,121,0.003945669467806453,-0.04910044977511252,0.2134704469552815,0.32231404958677684,-0.08495460440985747,0.021939586645469022,122
负无无,正无无,1830,0.008163137436248847,0.0020083236546650785,0.06712654638555163,0.5158469945355191,-0.025971375610451763,0.03312825614029952,1826,0.007234358982783694,2.9938533057882744e-05,0.09016458797001597,0.5,-0.04121974517711427,0.04434938650960657,1822,0.020241074528069822,0.005609377561227369,0.16823024623663374,0.5252469813391877,-0.05808928010685768,0.07503485920707365,1822,0.028851244373726274,0.0005811461244545901,0.20467617254409842,0.5005488474204172,-0.08497797324510398,0.10778761173642692,1832
负无无,正无正,1,-0.023191415714780228,-0.023191415714780228,,0.0,-0.023191415714780228,-0.023191415714780228,1,-0.002769124264451528,-0.002769124264451528,,0.0,-0.002769124264451528,-0.002769124264451528,1,0.05953617168570435,0.05953617168570435,,1.0,0.05953617168570435,0.05953617168570435,1,0.26583592938733136,0.26583592938733136,,1.0,0.26583592938733136,0.26583592938733136,1
负无无,正无负,12,-0.007141470375335468,0.012783440540015623,0.07365313042092964,0.5,-0.06763655957432488,0.05160205712965943,12,-0.0071161470628537575,-0.010485880398671099,0.08663804788364311,0.5,-0.033378195402861355,0.03991547766749387,12,-0.010315525694386457,-0.03143315018315024,0.10920496053173627,0.3333333333333333,-0.06155140241841886,0.04696039287056625,12,-0.006246478076314353,-0.07433543778036217,0.15114185734599267,0.3333333333333333,-0.09270744392806626,0.05568607009946436,12
负无无,正正无,14,0.027321988791346896,0.020896594508113875,0.09301914107174351,0.7142857142857143,-0.01402935092605423,0.09927964476344636,14,0.03440670977101035,0.02897740993611575,0.12704220322887452,0.6428571428571429,-0.023603175657719883,0.09071430442127126,14,0.03210122306662264,0.005752177819445925,0.19714363425677212,0.5714285714285714,-0.02800246989811675,0.02306894887951516,14,0.05594073616937696,-0.03875981483651719,0.3222651449958196,0.42857142857142855,-0.10587855156964737,0.1952528192111067,14
负无无,正负无,182,0.006748769990658071,0.007874460687169238,0.053585324433416785,0.554945054945055,-0.02848466989055548,0.03700613944401132,182,0.009166033713196952,-0.005758807588075787,0.07898980814069055,0.489010989010989,-0.037698025712582656,0.052389732902597685,182,0.019976280801166365,0.0005605381165919576,0.13202982775075256,0.5,-0.06742181712063264,0.07912985820405483,181,0.03014319608719004,-0.00512820512820511,0.24051592086842852,0.47513812154696133,-0.07526881720430123,0.08640000000000003,182
负无无,正负负,12,0.01986864037670451,0.02270943087316568,0.038966432623299345,0.6666666666666666,-0.012277744342450464,0.05310878058146251,12,0.017808775250074838,0.010494752623688153,0.05660935433853066,0.5833333333333334,-0.027911482742126292,0.05618204441944191,12,0.03450069677767473,0.0016041117469856037,0.15854150801391917,0.5,-0.04066751108654498,0.057128596780326946,12,0.015663300445390316,-0.04824422337600581,0.18793946131534506,0.4166666666666667,-0.07913369293188346,0.04119719609684874,12
负无无,负无正,17,0.03187337289482139,0.027402135231316738,0.11643374975782296,0.7647058823529411,0.005449591280654031,0.03292017284512161,17,0.046951106005922165,0.014532243415077195,0.12624264448299016,0.7647058823529411,0.008078871696563183,0.0854197349042709,17,0.02186583437393159,0.06995581737849776,0.12862969904993654,0.5882352941176471,-0.03202846975088969,0.09173478655767497,17,0.1122925965754008,0.058128973660309,0.2318985709978993,0.7058823529411765,-0.036298932384341676,0.2663847780126849,17
负无无,负无负,149,0.01028261417753499,0.006639722863741149,0.06606204384735126,0.5503355704697986,-0.025849425385239377,0.04898989898989892,146,0.024026453332567928,0.021429161961826093,0.08874345617471087,0.6095890410958904,-0.033206161439105236,0.07639013435771769,146,0.05737376507635474,0.030724624826001357,0.1558170471806666,0.6301369863013698,-0.04497833719279906,0.15060241294214421,146,0.04666269510589321,0.04129067556455335,0.1806160766448692,0.5958904109589042,-0.08840178879416544,0.16278942513972916,149
负无无,负正无,45,0.009176329869144264,-0.010152284263959421,0.08242096574671498,0.4222222222222222,-0.03584905660377358,0.0427154843630817,45,0.021037627881027022,0.0,0.12207886211770445,0.4888888888888889,-0.05804749340369397,0.07845744680851063,45,0.0470305267542151,0.0,0.1777069988458086,0.4888888888888889,-0.0796734157100194,0.16689158794421943,45,0.06308122857123338,-0.015177065767285058,0.27604567495774207,0.4666666666666667,-0.11306995900277006,0.13849765258215974,45
负无无,负负无,5589,0.011584824967701971,0.006362782935224853,0.06620974030248696,0.5503667919126857,-0.025098601649336638,0.043442111827062924,5588,0.01494725565504312,0.009880338246204712,0.09041092397860268,0.557444523979957,-0.033674463185959735,0.056457502277224736,5580,0.03228765646605242,0.016957139890413586,0.13040940991798017,0.5686379928315413,-0.044919556074296235,0.0924513467205052,5534,0.048791934528102585,0.022209890245406316,0.19224583321652874,0.5683050234911456,-0.06058711173768694,0.12377079794167761,5597
负无无,负负负,151,0.007589712245953861,-0.0027881040892192566,0.06908720349763138,0.46357615894039733,-0.042317550901968315,0.06299472688174179,151,0.023197173189679496,0.013605442176870763,0.08403603888814584,0.5562913907284768,-0.03596759630570584,0.06864969653551012,151,0.048460754838469296,0.0305206463195693,0.12265512318416481,0.6423841059602649,-0.02720235503358187,0.1130803173413617,151,0.03871791603600899,0.014117647058823346,0.15048221337807777,0.5496688741721855,-0.0622630257827948,0.1423900724237327,151
负无正,无无无,361,0.014059079313020676,0.005524861878453136,0.06908661396509488,0.5484764542936288,-0.023329129886506927,0.046540880503144644,358,0.015087173982926404,0.0017844953859579293,0.08850870343145015,0.5083798882681564,-0.038669865763392375,0.056402278314353294,358,0.026017409020848356,0.0034909524044415274,0.12783338907911104,0.5167597765363129,-0.06007028803021891,0.08314739548772399,357,0.04461613021671395,0.009384164222873803,0.20453085857516254,0.5266106442577031,-0.07855670103092793,0.10942528735632173,361
负无正,无无正,11468,0.004451160210766944,0.00013334315890911608,0.07401180005300075,0.500087199162888,-0.034129233359865785,0.037492845855840895,11461,0.008169362686974877,0.0,0.10527180356899846,0.49768781083675073,-0.049150485436893154,0.054349174835587544,11426,0.026349346535837436,0.0028112798305786058,0.16432129847854865,0.5091020479607912,-0.06566810257693217,0.08490729183203316,11203,0.054697833287305236,0.011473272490221564,0.24753199905353965,0.5294117647058824,-0.08597145428263048,0.13967991809156655,11496
负无正,无无负,60,0.018087050535855034,0.015730748596896715,0.06281230858099694,0.65,-0.018634040843780897,0.06365062470987182,59,0.04563509337271984,0.05594207014056507,0.1052350612828728,0.6440677966101694,-0.015758152294146288,0.12060538832585421,59,0.1434215938167469,0.12442581235697925,0.20703394545271106,0.8305084745762712,0.014589640411605154,0.2559689169974517,59,0.28120245722222426,0.1935064935064934,0.5145240495322437,0.6610169491525424,-0.0665679555417647,0.44540301342873434,60
负无正,无正正,26,0.03002899030580578,0.014051694404283555,0.09516248838720018,0.6538461538461539,-0.02240490797546016,0.07820712999315133,26,0.04159010182767337,0.03302177859846123,0.16207658055609733,0.6538461538461539,-0.03580463320463323,0.12049676482382654,26,0.04310327691361176,0.008524411029823709,0.1918786999806192,0.5769230769230769,-0.051351348302099226,0.14229113802074972,26,0.05144964011728667,-0.005352683278761261,0.25209101402994405,0.5,-0.09489754553263771,0.20061089543162874,26
负无正,无负无,69,-0.007240213005697893,-0.010919017288444133,0.08188076285619474,0.42028985507246375,-0.036243822075782695,0.019198664440734703,69,0.007824351401360988,-0.0033980582524271163,0.12479886254127054,0.4927536231884058,-0.04330263370496035,0.048252911813643884,69,0.03491516251771332,-0.01640566741237881,0.17922075852417044,0.4927536231884058,-0.07636489288182446,0.10191082802547768,68,0.09868638497941451,0.03856387825769991,0.28966186937731464,0.5882352941176471,-0.08971149569886894,0.19862790266670577,69
负无正,无负正,507,0.019614027466195276,0.013939838591342513,0.0804614759686662,0.6173570019723866,-0.02590493166895913,0.06087033904474237,507,0.017149294280532208,0.01317440401505654,0.0908169104001089,0.5877712031558185,-0.02893521578580943,0.05337406078281659,507,0.0194888048133185,0.0006724949562877391,0.14272554107959312,0.5009861932938856,-0.0568010515864692,0.06829885144032077,497,0.05411919778738646,0.013449186676994351,0.22721031902594607,0.5472837022132797,-0.0751730959446093,0.12533452274754664,509
负无正,无负负,32,0.010429052400819764,0.007234675785207645,0.06082633684099295,0.5625,-0.02862707812230461,0.04639240293385383,32,0.02898264683535045,0.02540662845175201,0.05760406747865386,0.6875,-0.014988050306435213,0.06510270774976656,32,0.05383472293636207,0.03140712140712143,0.1318059264992539,0.625,-0.06764297591570731,0.1589147474408799,32,0.11475424888988056,0.06423425074727884,0.2678877593208791,0.65625,-0.05510013204225353,0.14903354170448363,32
负无正,正无无,13,-0.019703740280764586,-0.007540744344441741,0.05281942059331047,0.38461538461538464,-0.05283630470016221,0.00847145488029466,13,-0.021227684404448197,-0.00694444444444442,0.09851211251092613,0.23076923076923078,-0.07378558277864311,-0.0007299270072992359,13,-0.018474927289943734,-0.027552674230145957,0.1428593841837669,0.46153846153846156,-0.07737226277372256,0.0487062404870624,13,-0.013688113038115509,0.04972375690607733,0.19901267939636552,0.5384615384615384,-0.2022194821208384,0.07777777777777795,13
负无正,正无正,282,0.006693664157391626,0.005087774308135784,0.07100847001245432,0.5283687943262412,-0.03171341250416995,0.038113822652757035,282,0.02061497998744743,0.005919557570521206,0.11347575317524478,0.5460992907801419,-0.038954873444962956,0.06907806160141583,282,0.04300116959097837,0.016326403719823634,0.15107991221310935,0.5709219858156028,-0.04799200033851139,0.10627443605097153,281,0.1064143080615547,0.030272452068617506,0.32962940817921305,0.594306049822064,-0.05447470817120603,0.15732368896925863,282
负无正,正无负,1,0.11433597185576105,0.11433597185576105,,1.0,0.11433597185576105,0.11433597185576105,1,0.1959102902374672,0.1959102902374672,,1.0,0.1959102902374672,0.1959102902374672,1,0.7581354441512753,0.7581354441512753,,1.0,0.7581354441512753,0.7581354441512753,1,0.8328935795954266,0.8328935795954266,,1.0,0.8328935795954266,0.8328935795954266,1
负无正,正正正,4,0.1447116500537935,0.08715905348456626,0.19294431212393834,0.5,-0.0007747383885440828,0.23264544192690384,4,0.26365813256964227,0.08710692289500199,0.40698225296675267,1.0,0.04497133257573055,0.3057937228889137,4,0.38720971088213835,0.08467160948084096,0.6781282929740933,0.75,0.015275026624627486,0.4566062937383518,4,0.302066825604947,0.2148558930997425,0.3387731936684214,1.0,0.06006115962243097,0.45686155908225856,4
负无正,正负无,3,-0.0181947623636262,-0.06495726495726484,0.08774401287006378,0.3333333333333333,-0.06880505867459052,0.00903428265051881,3,-0.05767673799295403,-0.10256410256410242,0.12448421881287458,0.3333333333333333,-0.12802802211858227,-0.009769136152899982,3,-0.08775104743392514,-0.1581196581196581,0.16052521120492938,0.3333333333333333,-0.17959705085568478,-0.031089349355031992,3,-0.14325686144084226,-0.21623931623931614,0.22292444520404478,0.3333333333333333,-0.2683908272166139,-0.054614123064307574,3
负无正,正负正,15,0.037608021180445456,0.018475750577367167,0.0699772977931215,0.8,0.002091693865517996,0.07696189077185822,15,0.025943376712524772,0.007692307692307443,0.08376233260927035,0.6,-0.027052750427614902,0.08437149890331841,15,0.012546730353143961,0.002564102564102555,0.1055596484587299,0.5333333333333333,-0.029528226466019436,0.07044995502816642,15,0.027846611794487643,-0.009433962264151052,0.1845495885976765,0.4666666666666667,-0.05976323387901189,0.09351605196223123,15
负无正,负无无,458,-0.008020191718787328,-0.004620818470183419,0.08735092977079191,0.45414847161572053,-0.03778856777802381,0.03657629940082896,457,0.016035903788362848,0.004729729729729515,0.09462343548463507,0.5251641137855579,-0.030999213217938637,0.05286103542234333,457,0.03974970929148512,0.036429501657458285,0.13151305065080715,0.6236323851203501,-0.03733662314540065,0.10071428571428576,455,0.05099297275370561,0.03125,0.2000455219779539,0.567032967032967,-0.06951751617494834,0.14769936302929199,458
负无正,负无负,38,0.005965351980155251,0.006872071520672596,0.12053144290128925,0.5263157894736842,-0.06511497898478966,0.07562642832636485,38,0.044103848655523914,0.039762833962359245,0.13778658848456127,0.631578947368421,-0.03373755172315265,0.11922849636730692,38,0.04529352764854708,0.042641011795979455,0.1800103064029838,0.631578947368421,-0.05130165356435065,0.12171435756260252,37,0.03255158422760864,0.019527713294797744,0.27440102107677217,0.5405405405405406,-0.1779242174629324,0.21611721611721602,38
负无正,负正正,4,0.057769590559889256,0.06443367414685974,0.08206068148127535,0.75,0.018953303304865304,0.1032499614018837,4,0.06346312060293319,0.06404673456450011,0.13713679241399088,0.5,-0.053886207772415484,0.18139606293984878,4,0.10655454295690542,0.010575359175928445,0.29923861157232423,0.5,-0.07948492325556072,0.1966148253883946,4,0.26934419190313197,0.22236801978856058,0.40440327532336645,0.75,0.09704217809170901,0.3946700335999835,4
负无正,负负无,74,0.0120840275107767,0.0013141270320332632,0.0914826694303639,0.5135135135135135,-0.03905294670543072,0.046990261716372606,74,0.02044484502633163,0.011061015001289864,0.13454282128596198,0.5405405405405406,-0.06348680710906404,0.07349409199666518,74,0.026089058411610175,0.023546393360614037,0.14242115964645422,0.5945945945945946,-0.06371702771763399,0.10041274777086767,71,0.033503833860979916,0.010121474665391927,0.3185376404498394,0.5211267605633803,-0.06651701203488047,0.07245643740489116,74
负无正,负负正,793,0.01841940145753604,0.024839743589743613,0.08502895042117976,0.639344262295082,-0.022485207100591542,0.059837993206166784,793,0.00753484339375849,0.011954261954261858,0.10243096052555054,0.562421185372005,-0.0474625025683173,0.055118110236220375,793,0.06264728259733669,0.03894927536231885,0.16063638616014828,0.639344262295082,-0.033132530120481896,0.1321707455587391,706,0.05769088047822434,0.012224613999725964,0.26742311804222973,0.5325779036827195,-0.07533576205752815,0.148558173460408,793
负无正,负负负,28,0.10605539461697057,0.04141909847573211,0.15704703997397332,0.6785714285714286,-0.01573160541761051,0.2652250661959399,28,0.13858721683367134,0.04613107765779134,0.19995312492501655,0.7857142857142857,0.01939060776251128,0.2463337295192332,28,0.10520297001321643,0.06536017922916904,0.2553763805741689,0.6428571428571429,-0.0920464382832227,0.21612237237237236,23,0.08999416962170635,0.019164955509924697,0.2889236326413072,0.5652173913043478,-0.06305286464229287,0.13788670364740263,28
负无负,无无无,86,0.034298049362266866,0.0184661751434555,0.09945360137365125,0.686046511627907,-0.00588937415681523,0.06306281635533184,84,0.05088867560757987,0.032916131792896874,0.20080578473933924,0.6428571428571429,-0.023386662423624027,0.08061153607270122,84,0.07783632363578724,0.027489791191256496,0.28681686519531874,0.5476190476190477,-0.05326130211023747,0.09654849052614661,84,0.049582672847625,-0.010874257072269244,0.23343193924878855,0.47619047619047616,-0.0831498450787792,0.13221905937136869,86
负无负,无无正,1,0.14995400183992658,0.14995400183992658,,1.0,0.14995400183992658,0.14995400183992658,1,0.10809567617295324,0.10809567617295324,,1.0,0.10809567617295324,0.10809567617295324,1,0.10395584176632955,0.10395584176632955,,1.0,0.10395584176632955,0.10395584176632955,1,0.13569457221711145,0.13569457221711145,,1.0,0.13569457221711145,0.13569457221711145,1
负无负,无无负,3730,0.008677248822502037,0.0034279990928132165,0.07416766663177408,0.5316353887399464,-0.029597798854148982,0.040949516295906874,3693,0.011084729691314235,0.003215434083601254,0.09952113207885803,0.512320606552938,-0.04264551847972464,0.05140388768898485,3524,0.018127893065279954,0.004566220624212303,0.14541084147798886,0.514755959137344,-0.06895407960314598,0.08430747784526549,3482,0.04919039582501455,0.016558592893178292,0.21374321108932992,0.5479609419873636,-0.07648632392047619,0.14502312158949898,3734
负无负,无正负,4,-0.03265687326490013,-0.01789656827453795,0.04555002392746216,0.25,-0.04709276796972783,-0.0034606735697102486,4,0.010609499957927315,0.034419246460283215,0.13537320489836926,0.5,-0.06731959580540631,0.11234834222361684,4,0.11889460854925127,0.040963186704084664,0.2267384371298131,0.5,-0.04046687441162228,0.2003246696649582,4,0.09570638939196796,0.09995012134203418,0.4521732644926171,0.5,-0.1651308023085667,0.36078731304256884,4
负无负,无负无,11,-0.029899454028662464,-0.026169058062597395,0.06240419597203433,0.45454545454545453,-0.08162281753166334,0.017393886342440656,11,-0.02787174874967311,-0.02408637873754149,0.050726659338833094,0.18181818181818182,-0.053409192126124605,-0.009099608527599834,11,0.010131446849905383,-0.009966777408637828,0.10780862736075526,0.45454545454545453,-0.046165593402032634,0.0542484572805596,11,-0.0334663232202178,-0.006913984090402003,0.13494736699605217,0.36363636363636365,-0.14553037197684104,0.07239780176673383,11
负无负,无负负,380,0.016711363588237233,0.010683959070775018,0.06719673423054805,0.5736842105263158,-0.024814600391475705,0.054403834964402265,380,0.03063845964620286,0.02248071156632203,0.09454115758223687,0.6078947368421053,-0.02884775930007344,0.07979411475816223,379,0.0496962776143638,0.03913443830570906,0.13016906073108536,0.6517150395778364,-0.034233879394260036,0.12151215011133454,363,0.0639727651065471,0.021486671844660243,0.20923986177589768,0.5454545454545454,-0.07168089060619282,0.15401829998920613,392
负无负,正无无,14,0.024042021459584013,0.024590555845510176,0.05786081044074346,0.7142857142857143,0.0009617420357933559,0.048556239109562305,14,0.018988911386010728,0.027703491626652643,0.09358326498738588,0.7142857142857143,-0.006331216301164483,0.07380722539125345,14,0.0999904219064045,-0.029080600895565634,0.23656072168948244,0.42857142857142855,-0.0457627637443935,0.2440583301563098,14,0.048905888394255435,-0.005856602940263134,0.21098444823103932,0.42857142857142855,-0.0841235434487981,0.18414410979794127,14
负无负,正无负,200,0.01865121261282032,0.005924061177684514,0.1071769336531103,0.56,-0.023667339610719818,0.039619735411549284,199,0.01795982137297229,0.015776363133130467,0.09160024330620212,0.5879396984924623,-0.028495306224593175,0.053972237299041326,197,0.01956957119465109,0.002954209748892378,0.13748640034634715,0.5126903553299492,-0.05420711974110015,0.07936507936507953,197,0.02751470790245981,-0.002564102564102555,0.19656434441975823,0.48223350253807107,-0.10920526014865628,0.10758620689655163,200
负无负,正负无,1,0.04122722914669241,0.04122722914669241,,1.0,0.04122722914669241,0.04122722914669241,1,0.01342281879194629,0.01342281879194629,,1.0,0.01342281879194629,0.01342281879194629,1,-0.04218600191754551,-0.04218600191754551,,0.0,-0.04218600191754551,-0.04218600191754551,1,-0.08149568552253117,-0.08149568552253117,,0.0,-0.08149568552253117,-0.08149568552253117,1
负无负,正负负,16,0.009229074949490941,0.005470623232073035,0.06633327573753507,0.5625,-0.0373622233433438,0.059238854816788256,16,0.030580787584842735,0.011122127152353056,0.10814729619745322,0.5,-0.061767997148272274,0.13183385105739281,16,0.04507960246698444,0.043292740590707535,0.1322614691388903,0.5625,-0.047187205525259374,0.12761465306726516,15,0.07719859372862926,0.161594718471338,0.21220091360901017,0.6666666666666666,-0.0600953979902773,0.2352047804557843,16
负无负,负无无,48,0.018041751002425742,0.017497671867226394,0.058792599644635284,0.6666666666666666,-0.012224651937402964,0.0439131652661065,44,0.02203561829873423,0.027660981896427073,0.067802214618616,0.6590909090909091,-0.018612913191226405,0.05596089331118659,44,0.05846330162659532,0.038870855003613425,0.10179245226503632,0.7045454545454546,-0.009609185578107832,0.11779891219654443,44,0.04841608175996182,0.04383393293968563,0.13125948658660538,0.6590909090909091,-0.045664523155997894,0.13293513961607584,48
负无负,负正正,1,-0.10608918466849371,-0.10608918466849371,,0.0,-0.10608918466849371,-0.10608918466849371,1,-0.07957578561514655,-0.07957578561514655,,0.0,-0.07957578561514655,-0.07957578561514655,1,0.05875653937862557,0.05875653937862557,,1.0,0.05875653937862557,0.05875653937862557,1,-0.1500765151784762,-0.1500765151784762,,0.0,-0.1500765151784762,-0.1500765151784762,1
负无负,负正负,4,-0.0175412872843404,0.0015329171748035275,0.04737543131915844,0.5,-0.022530465549562284,0.0065220954400254105,4,-0.024199121553984626,-0.020076736691277575,0.0708422276973802,0.5,-0.07886391685025507,0.034588058604992866,4,-0.072711139166841,-0.06566056867029402,0.09091182997917009,0.25,-0.10907676719073184,-0.029294940646403173,4,-0.113019295272719,-0.10984360635108387,0.10498204012292052,0.25,-0.14617426003461065,-0.07668864158919222,4
负无负,负负无,16,0.020566700463809776,0.011610619016085622,0.07079394150676789,0.625,-0.01938638082762939,0.05435714005503334,16,0.021514144228956922,0.03555549441479133,0.05990335027622012,0.6875,-0.03144831475411494,0.06288381194961729,16,0.02855766906780586,0.036038817149828595,0.08895367736927934,0.75,0.00111668894999295,0.08398246670681914,16,0.02168212192302353,0.004545764725261525,0.1403478116066439,0.5,-0.09059539802557737,0.08653967007069913,16
负无负,负负负,898,0.01825122380192555,0.009724080544274427,0.08200867936699524,0.5701559020044543,-0.03069440683226507,0.058358831386679966,896,0.028401894742649095,0.009700454806837677,0.12664019188405717,0.5412946428571429,-0.04437188317272242,0.07270151123724589,890,0.045019745118028205,0.014971698655326882,0.16155473319077854,0.5528089887640449,-0.06117025486355426,0.12617165843015726,882,0.06791307940598262,0.044348605458726764,0.19949370449300544,0.6031746031746031,-0.05941828457391443,0.16879707625183615,901
负正无,无无无,1166,0.008352891145879933,0.0020070139857186753,0.06109154039043952,0.5085763293310464,-0.025383441675171814,0.03642726653899597,1164,0.013865785466983882,0.00935636790612615,0.08507799087695622,0.5567010309278351,-0.033554084755924474,0.053164984969351736,1163,0.034518346910911796,0.013975155279503104,0.1430144639004147,0.5511607910576096,-0.04864964316137499,0.09082785863154041,1147,0.03582253458389515,-0.004948861761794765,0.21334000990090862,0.4812554489973845,-0.08825360638525792,0.10499524827750062,1166
负正无,无无正,50,0.021673248246774624,0.02290440675121419,0.06961373380126361,0.62,-0.01941217053390401,0.04652095961778796,50,0.03213048648740644,0.014911742179281373,0.10514581133220081,0.6,-0.025049772937577014,0.059919691299993305,50,-0.014131234627543643,-0.04127428406484507,0.12253284369642932,0.3,-0.0652198975682356,0.01048885248079362,50,0.003299451006555154,-0.016217039490550866,0.14031923578890543,0.4,-0.0745112908661949,0.06853500993731837,50
负正无,无正无,5241,0.01166975200496492,0.00424628450106157,0.06970009682579764,0.5311963365769892,-0.026836158192090398,0.04172767203513916,5234,0.01532932683185645,0.004972055333053671,0.10065075199694767,0.5235001910584639,-0.04132607360093041,0.057578197193113356,5219,0.030001778643290178,0.005025125628140614,0.15521203444716927,0.5179153094462541,-0.05830810974724954,0.0888888888888889,5185,0.03693754713922473,-0.0047027868852458354,0.22711762328545543,0.48601735776277727,-0.09452054794520537,0.1123711340206186,5256
负正无,无正正,117,0.01424909164440828,0.007139457401237559,0.08390309568729964,0.5470085470085471,-0.04222222222222205,0.055603079555175405,117,0.009698537159768114,0.005231388329979936,0.09479866854933887,0.5470085470085471,-0.0512820512820511,0.05056890012642201,117,0.020341186337278928,-0.006799767322497874,0.1991769674702172,0.48717948717948717,-0.08873239436619706,0.10775427995971798,117,0.04267128746374293,0.005053695514845247,0.258344033550069,0.5213675213675214,-0.09971509971509962,0.1364840989399294,117
负正无,无正负,1,0.03722084367245637,0.03722084367245637,,1.0,0.03722084367245637,0.03722084367245637,1,0.07568238213399492,0.07568238213399492,,1.0,0.07568238213399492,0.07568238213399492,1,0.24813895781637707,0.24813895781637707,,1.0,0.24813895781637707,0.24813895781637707,1,0.39826302729528495,0.39826302729528495,,1.0,0.39826302729528495,0.39826302729528495,1
负正无,无负无,108,0.014013136451963216,0.010211306508813078,0.06903516556006216,0.5277777777777778,-0.03201182749473103,0.04920281208266397,108,0.02672320685172052,0.009026185082522953,0.0967625924424448,0.5740740740740741,-0.02039236672012648,0.048321136149973964,108,0.011881641421537777,0.008882755710166945,0.1134501416222705,0.5185185185185185,-0.0636321710525242,0.06729261790738122,106,0.002682560911056943,-0.0222518618004805,0.1759475443363664,0.46226415094339623,-0.12445777436116087,0.06433039274322172,108
负正无,无负正,4,-0.03875073473183202,-0.03988642824520683,0.04776960550728862,0.25,-0.06141980825968421,-0.017217354717354638,4,-0.06476454194178799,-0.059193638548130645,0.09070202423183425,0.25,-0.12066299900269375,-0.0032951814872248797,4,-0.12661363850995547,-0.11444646323909707,0.2445372667741932,0.25,-0.21307461622347118,-0.02798548552558136,4,-0.0909902188550403,-0.039301495031137945,0.2957692903736803,0.5,-0.18742135726868558,0.05712964338250737,4
负正无,无负负,3,-0.03639576616112746,-0.04052287581699354,0.05366041671016973,0.3333333333333333,-0.06419816901570241,-0.010656918134485549,3,-0.032866157759229,-0.014052287581699296,0.050082293888862144,0.3333333333333333,-0.05184160952019945,-0.004483770909493701,3,-0.05648413089183931,-0.07344632768361592,0.03378862187759956,0.0,-0.07593885011631779,-0.04551051006324913,3,-0.11925405518781813,-0.08611599297012318,0.08701923564863051,0.0,-0.1520449245896368,-0.06989415467715199,3
负正无,正无无,71,0.0129088297160633,0.0017035775127769437,0.07414640981818488,0.5211267605633803,-0.03237840034925571,0.05385007278020382,71,0.03322585110709933,0.007423580786026118,0.14674451461886612,0.5492957746478874,-0.038572618324516916,0.10331596525690456,69,0.03650825423299634,0.0035038542396637062,0.1595241995890566,0.5217391304347826,-0.0680047225501772,0.11555203798971125,68,0.03642600101005288,0.0022072651446500835,0.17537911725777033,0.5147058823529411,-0.05570962631399412,0.13562390185991297,71
负正无,正无正,12,0.09438600436041693,0.04228384089742088,0.11181581929357154,0.75,0.020667494032713868,0.1633621875252811,12,0.11607593420196405,0.07286918125740138,0.14916804888897076,0.75,0.006941193090087061,0.21256316910713796,12,0.08773701232958196,0.07687340450249946,0.11901313386851073,0.8333333333333334,0.010219569702328346,0.17081560266547158,12,0.12626893556808366,0.13366569073953594,0.19005486559461396,0.8333333333333334,0.023865011170555173,0.25707661462469794,12
负正无,正正无,503,0.014980678124758924,0.0,0.10146202498552385,0.4990059642147117,-0.04147499119007131,0.0495572107207789,503,0.020313088563704482,0.0014619883040936088,0.13273327634692583,0.5049701789264414,-0.05247953893272489,0.06433118072090971,501,0.043982148915457674,-0.00435949027498328,0.22552629052029105,0.4930139720558882,-0.07343234323432335,0.10579150579150598,501,0.056655238325851266,-0.004830800881704733,0.28331595324551023,0.4870259481037924,-0.11430921052631582,0.13630055475862046,503
负正无,正正正,12,0.003921982258468293,0.007822430675064218,0.06574692260480978,0.5,-0.029497835497835634,0.020081584043808387,12,-0.0026632601489937533,-0.03598970889390052,0.11355220889634135,0.3333333333333333,-0.0717595766615374,0.0398487511806066,12,-0.020314099968482435,-0.06534090909090917,0.14089670698124873,0.25,-0.1020559366284273,0.00535607094133686,12,-0.003055212173411139,-0.007221715899962899,0.13595761920907032,0.5,-0.10286129266521435,0.07591141935269263,12
负正无,正负无,4,0.02577994044970844,-0.007472043544818119,0.08425645056506817,0.5,-0.02208353273375563,0.04039142963864595,4,0.0691963675038629,0.02746629139434409,0.1255602184548157,0.75,0.010882968744199778,0.08577969015400722,4,0.05022059602681264,0.05464087424564135,0.09425496195121344,0.75,0.018371479596669488,0.0864899906757845,4,-0.019149631877169948,-0.09012106846978657,0.14521606291162392,0.25,-0.09212152244342683,-0.017149177903529683,4
负正无,负无无,658,0.011101443363614757,0.006839438784987495,0.05861360927027756,0.541033434650456,-0.02513048322777378,0.04139275529293057,658,0.012392020232293816,0.006876131978896027,0.08869145299624852,0.5288753799392097,-0.03442718598725064,0.05936737780507334,657,0.027990242804588773,0.006867530952496814,0.13696331840618153,0.5251141552511416,-0.051094890510948954,0.08614232209737827,654,0.022101198910761847,-0.0035584018293917663,0.2019325749576394,0.4923547400611621,-0.09404265091863523,0.09600565913137493,660
负正无,负无正,21,0.04876969052109778,0.03712480252764605,0.08471636207769453,0.8571428571428571,0.013729128014842384,0.059891107078039685,21,0.08629615878897189,0.03166496424923393,0.11058001963612721,0.8571428571428571,0.019402472527472403,0.18398950131233582,21,0.19949205892497954,0.01501396648044695,0.5023461679236854,0.5238095238095238,-0.07660878447395292,0.20995670995670968,21,-0.004151168414244571,-0.05743043220840738,0.18229047347637786,0.3333333333333333,-0.10233516483516492,0.11309523809523836,21
负正无,负正正,40,0.01747957839142694,0.012566045645507229,0.08409647596953113,0.6,-0.04242616614849018,0.039624521180316896,40,0.04444257679088283,0.03648245109611292,0.13058187135972593,0.65,-0.03193584688082582,0.10596150063228887,40,0.11951079150831075,0.08696171005122966,0.22141091574720406,0.675,-0.03339359187359939,0.22166522173998254,40,0.10010739510512026,0.046332307399495565,0.27677923685574435,0.6,-0.05961159367534588,0.15634601940218518,40
负正无,负正负,1,-0.09404388714733536,-0.09404388714733536,,0.0,-0.09404388714733536,-0.09404388714733536,1,0.025078369905956244,0.025078369905956244,,1.0,0.025078369905956244,0.025078369905956244,1,0.057993730407523536,0.057993730407523536,,1.0,0.057993730407523536,0.057993730407523536,1,0.22100313479623823,0.22100313479623823,,1.0,0.22100313479623823,0.22100313479623823,1
负正无,负负无,167,0.012978412936383243,0.00766283524904221,0.06172706733184458,0.5688622754491018,-0.02387581168831171,0.047085116456802356,167,0.019912369444854403,0.00561797752808979,0.08803178698752706,0.5508982035928144,-0.030669651791074615,0.06270712046574112,167,0.02097823833945596,0.005312627707396933,0.11089127716094344,0.5389221556886228,-0.04327130823687236,0.06936936936936922,166,0.01640357324324919,-0.02435881649630861,0.1689722698659515,0.41566265060240964,-0.08527638296568626,0.06391121813921552,167
负正无,负负负,1,0.17706576728499157,0.17706576728499157,,1.0,0.17706576728499157,0.17706576728499157,1,0.16694772344013487,0.16694772344013487,,1.0,0.16694772344013487,0.16694772344013487,1,0.19730185497470498,0.19730185497470498,,1.0,0.19730185497470498,0.19730185497470498,1,0.39797639123102857,0.39797639123102857,,1.0,0.39797639123102857,0.39797639123102857,1
负正正,无无无,20,0.0012331685679095928,-0.02581857498792678,0.09530492090184116,0.4,-0.05393225899835952,0.04314481183373553,20,-0.03634325343040684,-0.04863472123159368,0.113532001211231,0.3,-0.122007591768929,0.01539457860039467,20,-0.053262459386059315,-0.07823154318753828,0.1596216569063746,0.35,-0.13679874111509954,0.016892859072003608,20,-0.0006406323241902768,-0.03554937693863375,0.18347493473227927,0.5,-0.14860276225269883,0.0616588211814772,20
负正正,无无正,822,0.007527477907831192,-0.0015577264957264414,0.0821225992796493,0.4878345498783455,-0.036146313364055355,0.04681463881232928,822,0.004154271761487364,-0.0013208073148973654,0.1183381157884364,0.49391727493917276,-0.05280277668184802,0.05181193214368568,820,0.01617881318440236,-0.0004090698675417448,0.17273198490880162,0.4951219512195122,-0.07320788530465958,0.07401364728770882,813,0.02753054908883414,-0.010392609699769073,0.2387347564645394,0.4661746617466175,-0.09851088201603664,0.09703307392996097,822
负正正,无正无,13,0.01640346889685187,0.006194690265486802,0.058857814181990535,0.8461538461538461,0.002336448598130758,0.015479876160990669,12,0.07962731429240234,0.07847705756530687,0.10987906628752755,0.75,0.025751218331651032,0.09409167528636564,12,0.11962822911845448,0.08623678197157691,0.1394362335442683,0.9166666666666666,0.028808649571959832,0.17189530097143996,12,0.12370166093757784,0.04162836359114175,0.19123778017669985,0.6666666666666666,-0.010174780263750682,0.29810074265667214,13
负正正,无正正,5638,0.010729564839389095,0.0035796733948452175,0.0861184044178622,0.5212841433132317,-0.036420637291029345,0.04942402200213414,5635,0.013555170592456638,0.004021447721179738,0.1303452080425029,0.5169476486246672,-0.052989330697189474,0.0698078521684754,5628,0.028399396618814444,0.005260362745653668,0.20461670969920004,0.5145700071073206,-0.07928079449533351,0.10216108043692418,5606,0.0360359558636736,-0.008735197555254981,0.28315814981476367,0.4775240813414199,-0.11957521101798751,0.11571916525618181,5647
负正正,无负无,11,-0.021212087409020697,-0.034591194968553673,0.04353817961960163,0.2727272727272727,-0.05433812834485102,0.001394479585968944,11,0.006773248736793616,-0.03657205240174688,0.0683467010281878,0.45454545454545453,-0.049997340491211184,0.0666978148361127,11,-0.02285608269640572,-0.033296943231441056,0.11975880480359985,0.2727272727272727,-0.12044650739274548,0.03253565655183943,11,0.03620275796274611,0.02765957446808498,0.15523264162357076,0.6363636363636364,-0.021156189105797196,0.07273613140481083,11
负正正,无负正,308,0.000518546729607745,-0.0009609408224017235,0.08620811030844738,0.4967532467532468,-0.043758924948094,0.04322962512916673,308,-0.0077804941212540665,-0.0065790678215910114,0.144027214686098,0.4707792207792208,-0.05844790521074825,0.057389190768137976,308,-0.010340951797496238,-0.017501797734070845,0.15321195279992358,0.42857142857142855,-0.08347187890406824,0.046645339888350235,308,0.0023678155998142995,-0.015238591278288083,0.2586307676279482,0.4512987012987013,-0.11705298779083773,0.06694858888868482,308
负正正,正无正,29,0.042527043627384714,0.01193317422434359,0.09019870174857694,0.5862068965517241,-0.017891870867366877,0.09451795841209809,29,0.053766377115405405,0.0298013245033113,0.11047437344935636,0.5862068965517241,-0.029959514170040613,0.12632543632432425,29,0.025866607020144813,0.010526315789473717,0.19317648929396297,0.5172413793103449,-0.11552642359688647,0.1523178807947021,29,0.06337662418172128,0.027368421052631486,0.3107391976716061,0.5517241379310345,-0.1709090909090908,0.25187969924812026,29
负正正,正正正,412,0.027906476568318475,0.008733323933100223,0.16498911761655485,0.5533980582524272,-0.03830947219512615,0.06874830771990154,412,0.031422754306301794,0.010415350283526803,0.17909173573823056,0.5388349514563107,-0.047020698383723636,0.07696755827056517,411,0.03786723305709479,0.002450980392156854,0.25466274422671065,0.5158150851581509,-0.0951644702751347,0.11943492973380443,410,0.053141244181680265,0.0052384689377901195,0.3067503949502042,0.5073170731707317,-0.1302487741054793,0.13657926266062242,412
负正正,正负正,2,0.07798457139092607,0.07798457139092607,0.05964478498890178,1.0,0.05689695542689305,0.0990721873549591,2,0.17052919736523353,0.17052919736523353,0.009169350370301723,1.0,0.16728734245227567,0.1737710522781914,2,0.14714317623707485,0.14714317623707485,0.08857474893848763,1.0,0.11582727342892457,0.17845907904522512,2,-0.04036499364775187,-0.04036499364775187,0.00028349926143187424,0.0,-0.040465225772861796,-0.04026476152264194,2
负正正,负无无,21,0.021031545477976255,0.01561439239647,0.12900293670702825,0.6190476190476191,-0.03714565004887582,0.07061900610287686,21,0.04054703558605123,0.04001819008640295,0.15787666263878083,0.5714285714285714,-0.040078201368523914,0.11111111111111116,21,0.06510829758649558,0.05972222222222223,0.14184334148102404,0.6666666666666666,-0.01573033707865179,0.19555901830931055,20,0.10288070955093151,0.06919570905626637,0.17157147702117734,0.8,0.029754602792028906,0.2090965679773083,21
负正正,负无正,560,0.00258954189022581,0.006871837908072109,0.08339760067526208,0.5410714285714285,-0.037080074070964475,0.044211609270088714,560,-0.0050249283882011315,0.002817183877214857,0.11659446651768138,0.5107142857142857,-0.06217372389791173,0.04932390852693336,559,0.014415878180110728,0.006076975016880315,0.1528121001167415,0.5295169946332737,-0.07156207341963838,0.08085295829435701,546,0.038943075791727275,-0.008797636301939082,0.25444713639278793,0.4706959706959707,-0.09395319190402454,0.10168992071425076,561
负正正,负正无,7,0.018282966415783815,0.01680672268907557,0.056375279720715585,0.8571428571428571,0.009333391178140915,0.04781405820810991,7,0.05318309827247277,0.0769230769230771,0.10869329984335581,0.7142857142857143,-0.015136404756455113,0.09344248207128347,7,0.11915632542925314,0.08272859216255446,0.1825720820978442,0.7142857142857143,0.009052282954807256,0.12982676770853907,7,0.18787242287104444,0.1277173913043479,0.25685402307725735,0.8571428571428571,0.07427372323495895,0.1596119927680183,7
负正正,负负无,20,0.035248816135553564,0.012773784903522656,0.0982809236693575,0.65,-0.0432540899531986,0.08175100496571303,20,0.04772234205734903,0.045103378894053914,0.1294002048270351,0.6,-0.037696558951619774,0.12288340047633145,20,0.007854944206617549,-0.01980630982418191,0.20041307201928163,0.45,-0.12031686267873767,0.09278894656480113,20,-0.015217548226303872,0.013244535767679033,0.24832764804883117,0.55,-0.1290897635714025,0.0651690024161628,20
负正正,负负正,420,0.004326484997781998,0.009702673618039448,0.10546502961900311,0.5428571428571428,-0.055649641176739734,0.06382831033381953,420,-0.03645747394732573,-0.009444179456244206,0.16363665254994647,0.44285714285714284,-0.11610735037975053,0.0472980203317282,420,0.014209866135494742,0.008041050372001424,0.1749148285506206,0.5190476190476191,-0.07655635274694395,0.10131408287255128,382,0.022799865299542338,0.0003752544384953982,0.23729164986476067,0.5,-0.12458333333333332,0.12395412087668317,420
负正负,无无无,2,0.02365832009368446,0.02365832009368446,0.14040342036368664,0.5,-0.02598178522678965,0.07329842541415857,2,-0.001163597305824715,-0.001163597305824715,0.20943107600942382,0.5,-0.07520866432455414,0.07288146971290471,2,0.036485488598983984,0.036485488598983984,0.36821324945718514,0.5,-0.09369755420797074,0.16666853140593874,2,-0.04069047565769357,-0.04069047565769357,0.20278284715604744,0.5,-0.11238503882387174,0.0310040875084846,2
负正负,无无正,2,-0.03666133113615405,-0.03666133113615405,0.0026118482990835222,0.0,-0.037584758958010306,-0.0357379033142978,2,-0.10688476504173733,-0.10688476504173733,0.09026183538069517,0.0,-0.13879714298175402,-0.07497238710172063,2,-0.1307667571701167,-0.1307667571701167,0.06420616829591262,0.0,-0.15346706566813897,-0.10806644867209445,2,-0.21335852128762778,-0.21335852128762778,0.10448216797265485,0.0,-0.25029854603089585,-0.1764184965443597,2
负正负,无无负,55,0.007510879002837158,0.01754385964912286,0.057914886755001505,0.5818181818181818,-0.019930704504207253,0.04125009965240989,55,-0.00262594180498821,-0.009861932938856177,0.08033828416249611,0.4909090909090909,-0.0605509355509356,0.05438093027375546,55,0.0003992849738263183,-0.026434558349452075,0.132444790822793,0.41818181818181815,-0.07987701130896413,0.06190666121887789,48,0.0034526335391200833,-0.0016143788779603985,0.1758124915537616,0.4791666666666667,-0.08872353791976903,0.07671783625730993,55
负正负,无正无,5,0.01619640022598392,0.04318181818181799,0.09265019991478647,0.8,0.02306353350739787,0.07894736842105265,5,-0.006165572588658352,-0.011363636363636576,0.1486974278375534,0.4,-0.03611836379460409,0.041353383458646586,5,0.06602690311953016,0.015037593984962516,0.29569137696216735,0.6,-0.10052219321148825,0.11136363636363611,5,0.013261616641746299,0.05639097744360888,0.26743779504296666,0.8,0.014636553524804086,0.15681818181818152,5
负正负,无正正,1,0.12301838934686127,0.12301838934686127,,1.0,0.12301838934686127,0.12301838934686127,1,0.08037412809131284,0.08037412809131284,,1.0,0.08037412809131284,0.08037412809131284,1,0.24524413443246673,0.24524413443246673,,1.0,0.24524413443246673,0.24524413443246673,1,0.0080849714648068,0.0080849714648068,,1.0,0.0080849714648068,0.0080849714648068,1
负正负,无正负,254,0.0071681830690133695,0.011775794414095597,0.07988228212331659,0.5905511811023622,-0.024637399637399637,0.04511347931487614,254,0.01105650845483824,0.014135864135864096,0.10505659800932174,0.5905511811023622,-0.039067178586779855,0.059188301532687115,254,0.0016276827866779633,-0.000605326876513268,0.1500776515108943,0.49606299212598426,-0.06368237494063628,0.06066855650401315,251,0.015565542301671793,-0.009854741200828077,0.1767842659364421,0.450199203187251,-0.08144329194609362,0.0765286362758354,254
负正负,无负负,10,-0.02117986952859403,-0.012684679973580859,0.0676567726187589,0.4,-0.02706563695653416,0.027850442645285467,10,-0.011480373829030588,0.007414252239760444,0.11575632805881418,0.6,-0.02240510236921406,0.05254754383319182,10,0.008631746091432057,0.015171860342901633,0.14408998821169372,0.6,-0.06217981022591465,0.043939886630094904,10,0.012206835917213065,-0.045866234453440236,0.26419731611811387,0.3,-0.16306056689878787,0.027342771402579957,10
负正负,正无负,2,0.006645919995635852,0.006645919995635852,0.01686654458104364,0.5,0.0006826959714152647,0.012609144019856439,2,0.07038923732373226,0.07038923732373226,0.05940601922868839,1.0,0.04938603780378026,0.09139243684368425,2,0.08574127981616331,0.08574127981616331,0.040168769482149896,1.0,0.07153947516978959,0.09994308446253702,2,0.07135210033276052,0.07135210033276052,0.09609406316203323,1.0,0.03737771848593946,0.10532648217958157,2
负正负,正正无,1,0.09320148331273148,0.09320148331273148,,1.0,0.09320148331273148,0.09320148331273148,1,0.12509270704573527,0.12509270704573527,,1.0,0.12509270704573527,0.12509270704573527,1,0.10580964153275607,0.10580964153275607,,1.0,0.10580964153275607,0.10580964153275607,1,-0.09295426452410405,-0.09295426452410405,,0.0,-0.09295426452410405,-0.09295426452410405,1
负正负,正正负,46,-0.004219622720603065,-0.003819697966442326,0.066416481381031,0.4782608695652174,-0.04685758239773863,0.022831133743137055,46,0.018891973637605256,0.010762169966996749,0.08670198202062931,0.5434782608695652,-0.02682710065779259,0.06221152540838942,43,0.05221154315993077,0.030000000000000027,0.16192033525678245,0.6511627906976745,-0.018742175082040458,0.08943187865090618,42,0.09092677263488651,0.022619132893996752,0.2822606113157256,0.5476190476190477,-0.039657587172800074,0.1908774386051743,46
负正负,负无无,1,-0.13121080559575482,-0.13121080559575482,,0.0,-0.13121080559575482,-0.13121080559575482,1,-0.11963338157260006,-0.11963338157260006,,0.0,-0.11963338157260006,-0.11963338157260006,1,-0.18893487313072854,-0.18893487313072854,,0.0,-0.18893487313072854,-0.18893487313072854,1,-0.09647931886155336,-0.09647931886155336,,0.0,-0.09647931886155336,-0.09647931886155336,1
负正负,负无负,17,0.018565176045521926,0.01781528363806828,0.06974933566652836,0.6470588235294118,-0.028037383177569986,0.0400572246065809,17,0.011348799187632404,0.005625879043600568,0.10359789125531331,0.6470588235294118,-0.043789097408400424,0.047752808988763995,17,-0.023639549890022298,0.002159827213822796,0.08350579023949263,0.5882352941176471,-0.08320876930742416,0.014981273408239737,17,0.01092443158590171,-0.054789678331566005,0.14253738115282308,0.4117647058823529,-0.0684481950304735,0.08306709265175738,17
负正负,负正正,1,-0.11354581673306763,-0.11354581673306763,,0.0,-0.11354581673306763,-0.11354581673306763,1,-0.1344621513944223,-0.1344621513944223,,0.0,-0.1344621513944223,-0.1344621513944223,1,-0.3117529880478087,-0.3117529880478087,,0.0,-0.3117529880478087,-0.3117529880478087,1,-0.24601593625497997,-0.24601593625497997,,0.0,-0.24601593625497997,-0.24601593625497997,1
负正负,负负负,18,0.052240488506130764,0.036206896551724155,0.09418811130612167,0.7222222222222222,0.0019230769230769162,0.11821771978021978,18,0.06003556820407977,0.02484551368591148,0.11865494049937723,0.7222222222222222,-0.0006371814092954731,0.15417729591836754,18,0.06407798618937854,0.09041000960363199,0.1475583025731607,0.6666666666666666,-0.040888792855085176,0.11426457194899814,18,0.07124350319795525,0.05280689082862067,0.18036543898547844,0.6666666666666666,-0.028418803418803457,0.13714349941625625,18
负负无,无无无,239,0.018986369413592535,0.015337423312883569,0.055098781395720636,0.6359832635983264,-0.013442493374737297,0.04637671765620954,239,0.02719277634949689,0.016208251473477375,0.09614621110310324,0.6276150627615062,-0.018447776369199753,0.056340354593837016,238,0.03882450511649474,0.016948642833615968,0.14394209625907692,0.592436974789916,-0.03389364962614361,0.09343714153387139,234,0.027962863598113074,0.011987036083081604,0.18180565505315063,0.5170940170940171,-0.06073815957900719,0.11272497910804397,239
负负无,无无负,5,0.03140976646501033,0.028680688336519822,0.15605125989957627,0.6,-0.07934397163120577,0.0625,5,0.07085644122097026,0.0497131931166348,0.10118156559776395,0.8,0.0008865248226950229,0.09935897435897445,5,-0.0009502867421889771,0.07839388145315462,0.20144045760776463,0.6,-0.20390070921985803,0.15865384615384626,5,0.01939964656511377,0.1095522388059702,0.14221973547346067,0.6,-0.02925531914893631,0.11217948717948723,5
负负无,无负无,12905,0.005758703756105773,0.0029880478087649376,0.06297275910666755,0.5237504843084076,-0.025910931174089158,0.03321678321678334,12901,0.009825078206768055,0.003206468702077192,0.08814863368169774,0.5188745058522595,-0.03817034700315458,0.049004594180704464,12892,0.028565553533537156,0.01266402663945676,0.1351012312884319,0.55243561898852,-0.04916491149185917,0.08346337336664339,12739,0.049484077492315565,0.021182000000000256,0.20528892709262148,0.5653504984692675,-0.06294368157202024,0.12388550749100957,12913
负负无,无负正,3,0.017217168523971777,-0.02263374485596714,0.0721686246774609,0.3333333333333333,-0.024436405955680418,0.038945286313654515,3,0.005313067677357138,-0.045189504373178035,0.09475944259872482,0.3333333333333333,-0.049343723380004756,0.034718572709451445,3,-0.04719820466194954,-0.08533719038148613,0.0730582746549789,0.3333333333333333,-0.08931582551144279,-0.024150076672224574,3,-7.469938989024261e-05,-0.004373177842565745,0.02495366206683542,0.3333333333333333,-0.013486534681543205,0.011187896675424969,3
负负无,无负负,328,0.010786998460414818,0.009108248562582744,0.0645908809254108,0.5579268292682927,-0.03037253266611073,0.04161188586057585,328,0.027004622560923768,0.021651236376420968,0.0802308599925562,0.6158536585365854,-0.02326449939217684,0.07283842930795476,328,0.036835450029184896,0.021250650091432233,0.12288545471999318,0.5975609756097561,-0.03322872147049957,0.11078173034694772,327,0.039332096857154185,0.022350993377483475,0.15634453462278036,0.5779816513761468,-0.05766381148577837,0.10984986484898351,328
负负无,正无无,17,0.046218672084349564,0.03469279661016955,0.0627202372086467,0.7647058823529411,0.01500682128240105,0.09810587663914516,17,0.04165360791381987,0.050808314087759765,0.047554032101096155,0.8235294117647058,0.029618082618862118,0.0789825970548863,17,0.032272421599881224,0.0381443298969073,0.11651295033152914,0.6470588235294118,-0.04315659679408135,0.10143008474576298,17,-0.010269327384176375,-0.024111014744145787,0.12761115314569454,0.47058823529411764,-0.09604451515151513,0.049085991967871445,17
负负无,正负无,1423,0.008648849141793315,0.0,0.07504895564660881,0.49754040758959944,-0.025310292275304347,0.031077170739000515,1423,0.013247742017122975,0.0023847376788552754,0.08728839996419409,0.5101897399859452,-0.0335821400724598,0.050738284950130885,1423,0.031232877734125884,0.011823273179838223,0.1370198661218587,0.5432185523541813,-0.049020222920888645,0.0890395651028818,1418,0.050388070810991274,0.017767291729869905,0.19669156964484322,0.5578279266572638,-0.062603021978022,0.11945773488606948,1423
负负无,正负负,55,0.008895246661498794,0.012886597938144506,0.04929493480842788,0.6545454545454545,-0.020218002546252445,0.038505064062692274,55,0.04003848381258846,0.04051436343403547,0.07889860617431484,0.6909090909090909,-0.016753942104024477,0.08288775951366267,55,0.05523900134929385,0.07156862745098036,0.11436510627753836,0.7454545454545455,-0.0061715902373022935,0.11495226540722436,55,0.07703635491636934,0.07773109243697496,0.13199137031495314,0.7636363636363637,0.0038899126214727575,0.16540214812039467,55
负负无,负无无,234,0.011370348472160478,0.0029362864971040903,0.0651192241864908,0.5213675213675214,-0.023114513466151038,0.03982652537648379,234,0.026077468819285004,0.015074391627789563,0.09562367026253736,0.6111111111111112,-0.019772403500665364,0.05791441547255488,233,0.04248236154715161,0.021135515955242434,0.13244908120817,0.5879828326180258,-0.03783319002579544,0.10122699386503076,233,0.06464284045469372,0.044009779951100114,0.17739161082089813,0.5879828326180258,-0.05846947549441106,0.1715328467153283,234
负负无,负无正,1,0.015533066603907075,0.015533066603907075,,1.0,0.015533066603907075,0.015533066603907075,1,-0.005413038361967382,-0.005413038361967382,,0.0,-0.005413038361967382,-0.005413038361967382,1,-0.015062367615909733,-0.015062367615909733,,0.0,-0.015062367615909733,-0.015062367615909733,1,0.07342904212755963,0.07342904212755963,,1.0,0.07342904212755963,0.07342904212755963,1
负负无,负无负,1,0.02631578947368407,0.02631578947368407,,1.0,0.02631578947368407,0.02631578947368407,1,-0.020467836257309968,-0.020467836257309968,,0.0,-0.020467836257309968,-0.020467836257309968,1,-0.018640350877193068,-0.018640350877193068,,0.0,-0.018640350877193068,-0.018640350877193068,1,0.08839889912280707,0.08839889912280707,,1.0,0.08839889912280707,0.08839889912280707,1
负负无,负负正,1,0.016658500734934023,0.016658500734934023,,1.0,0.016658500734934023,0.016658500734934023,1,0.03429691327780504,0.03429691327780504,,1.0,0.03429691327780504,0.03429691327780504,1,0.057814796668299806,0.057814796668299806,,1.0,0.057814796668299806,0.057814796668299806,1,-0.005879470847623747,-0.005879470847623747,,0.0,-0.005879470847623747,-0.005879470847623747,1
负负无,负负负,605,0.03275215619580248,0.03967270022315894,0.07163933956311165,0.6958677685950413,-0.011866501854141065,0.07736539466806058,605,0.05681946412909593,0.05939004815409321,0.09017751080015252,0.7421487603305785,-0.001779359430605032,0.10851345390383749,605,0.10019723324414385,0.10220318237454107,0.1392713136804706,0.7669421487603306,0.008169934640522847,0.17557679075144517,603,0.08262220946592011,0.07425265188042451,0.16446375005974959,0.6998341625207297,-0.020495868737353096,0.15279909871507358,605
负负正,无无无,23,0.023980994047824434,0.007329842931937058,0.13210411150939771,0.5652173913043478,-0.01953758377556869,0.02620878572141938,23,0.025944026510229413,0.01680672268907557,0.1487809976609365,0.5652173913043478,-0.049640522875816995,0.04590673080676855,23,0.0421438083024676,0.002333041703120209,0.14355062975048025,0.5217391304347826,-0.018841353306606468,0.05664396504949898,22,0.02915983715048337,0.005662368620589109,0.17955078699290586,0.5,-0.07179903831167714,0.04727958809423044,23
负负正,无无正,102,-0.012572615135942381,-0.005633464177687841,0.10289419463509306,0.4803921568627451,-0.0775703847300924,0.04009686431163684,102,0.009485624726614796,0.004741021288456104,0.10984702588357748,0.5098039215686274,-0.043514020353560445,0.053917136474843086,102,0.03345379519123758,0.014638138407929824,0.16271589771640152,0.5784313725490197,-0.04823203767454182,0.09467984253344885,97,0.11176176286457025,0.03388090349075967,0.3151821569375747,0.5773195876288659,-0.05673158340389495,0.19139072847682104,102
负负正,无无负,2,0.1427337558267291,0.1427337558267291,0.1286873245420391,1.0,0.09723591590851416,0.18823159574494402,2,0.2636007920970609,0.2636007920970609,0.17957674648813424,1.0,0.20011082450447226,0.3270907596896495,2,0.44028780477549245,0.44028780477549245,0.20963284974501395,1.0,0.36617139996841247,0.5144042095825725,1,0.004042037186742231,0.004042037186742231,,1.0,0.004042037186742231,0.004042037186742231,2
负负正,无负无,55,0.018345180331390265,0.02008780098443519,0.09426877418947902,0.6363636363636364,-0.0327649077649077,0.061684944102443295,55,0.029512647122604364,0.013560311085316412,0.09382203813053874,0.6363636363636364,-0.017886908237692345,0.06307784345784717,55,0.044649136245496844,0.016999260901699786,0.17180180456695315,0.5818181818181818,-0.04335732098869971,0.10780012103873249,54,0.04603375269113531,0.015241194660719715,0.19291588646900554,0.5370370370370371,-0.05539042206377154,0.15445129848729183,55
负负正,无负正,2328,0.0017025934193683203,0.0008852054614635341,0.09910340877643904,0.5034364261168385,-0.044405600077869006,0.04416890785341887,2328,0.00894060427923963,0.007514385629474152,0.13436968812827324,0.5412371134020618,-0.05413070325503269,0.06608258937687961,2327,0.03880396342732243,0.018975332068311257,0.19989547535352112,0.5706918779544478,-0.059244245861356404,0.10146833232264485,1998,0.049164565014786867,0.010834672691726221,0.2718944922883013,0.524024024024024,-0.09013481536832929,0.13432795550287518,2328
负负正,无负负,36,0.0435264890277727,0.047819686223941504,0.06407247462480173,0.75,0.003250975159664604,0.05711931161436712,36,0.0650564584628557,0.05138201428224343,0.11286318080611567,0.7222222222222222,-0.02089671877925489,0.11866272417040491,36,0.1262764929870817,0.14882714075656112,0.18202014372569703,0.6944444444444444,-0.03137953739698532,0.2933328116142307,33,0.25592309566035726,0.2367332180851065,0.2504369926174755,0.7878787878787878,0.03367003367003374,0.48989898989898983,36
负负正,正无正,1,-0.07214832728738418,-0.07214832728738418,,0.0,-0.07214832728738418,-0.07214832728738418,1,0.045143087464731835,0.045143087464731835,,1.0,0.045143087464731835,0.045143087464731835,1,0.048770656993147865,0.048770656993147865,,1.0,0.048770656993147865,0.048770656993147865,1,0.49152553325272064,0.49152553325272064,,1.0,0.49152553325272064,0.49152553325272064,1
负负正,正无负,1,-0.08163265306122458,-0.08163265306122458,,0.0,-0.08163265306122458,-0.08163265306122458,1,-0.03329752953813103,-0.03329752953813103,,0.0,-0.03329752953813103,-0.03329752953813103,1,-0.060417157894736895,-0.060417157894736895,,0.0,-0.060417157894736895,-0.060417157894736895,1,-0.1303500945220193,-0.1303500945220193,,0.0,-0.1303500945220193,-0.1303500945220193,1
负负正,正负无,4,-0.006563256631658465,-0.006616332932122437,0.039392293550169724,0.25,-0.021647710684713772,0.00846812112093287,4,-0.012363696486715231,-0.02843491264543896,0.041311930660850225,0.25,-0.03248656365468594,-0.00831204547746825,4,-0.061689141683999305,-0.04119613177875653,0.053136874683210635,0.0,-0.07414238583828925,-0.028742887624466584,4,-0.11217657425378696,-0.13194828360882144,0.14032215143867152,0.25,-0.1867899926330063,-0.0573348652296021,4
负负正,正负正,93,-0.007999152394451621,-0.005747126436781547,0.08483921609552482,0.45161290322580644,-0.05842696629213462,0.028890015205271347,93,-0.006497520508249303,-0.006960556844547439,0.13119390856732174,0.44086021505376344,-0.07599084989247329,0.04117647058823515,93,0.01428403391443159,-0.00374181478016844,0.17242026542219233,0.4731182795698925,-0.09086345381526117,0.07920455831855411,91,0.0309274637622323,0.015210777922642027,0.22005946623736253,0.5164835164835165,-0.09672436006582574,0.10514719583554744,93
负负正,负无无,22,0.009251026186751044,0.00948739027667167,0.09909179954846951,0.5909090909090909,-0.028250872933119314,0.04779484990752614,22,0.03457342588254691,0.01484599247444307,0.1730810872981473,0.5454545454545454,-0.03974893789846412,0.0774424814367754,22,0.04813200124679348,0.023526688083702174,0.1770562275974343,0.6363636363636364,-0.03489948274942675,0.12228740833417429,21,0.03146103363961962,0.060625466965524843,0.14920288161729883,0.5714285714285714,-0.03303457106273999,0.11554921540656227,22
负负正,负无正,159,0.01928526777392453,0.030826140567200788,0.10804645748045795,0.7044025157232704,-0.02252128491751154,0.07816450713096679,159,0.013225123789102917,0.008547008547008517,0.12237335907672106,0.5534591194968553,-0.05965365812943796,0.07103039478946471,159,0.07612001584049576,0.05865921787709483,0.15692268845399937,0.660377358490566,-0.02694571024512893,0.17359744536881172,131,0.05422697466676131,0.015829046299960403,0.2874933711466791,0.5572519083969466,-0.13145945329173758,0.17262921192097103,159
负负正,负无负,3,0.19218500680509543,0.2731539424280349,0.2688476514241338,0.6666666666666666,0.08265620843249522,0.3421982729891654,3,0.3111632287509997,0.397371714643304,0.2519224059906616,1.0,0.21241263687121636,0.4530180635769352,3,0.3047209372511935,0.306633291614518,0.23702716282732866,1.0,0.1866883374067987,0.42370971427725057,1,-0.22225875390432348,-0.22225875390432348,,0.0,-0.22225875390432348,-0.22225875390432348,3
负负正,负负无,72,-0.017813178129622586,0.0003367003367004129,0.1322373522988615,0.5,-0.04287749229782861,0.06915773753944132,72,0.0013817920515168838,0.006151660081791022,0.09607720402185702,0.5416666666666666,-0.03564726701167617,0.05195079287975557,72,0.022887490804651793,0.014022164593408437,0.1415597625343176,0.5555555555555556,-0.0795568616730454,0.12050501223918858,72,0.03783058675649,0.04534313940189916,0.18577880072583539,0.6111111111111112,-0.07940118869919419,0.16830647852784625,72
负负正,负负负,23,-0.01722932201278626,-0.012711864406779516,0.11354131713475124,0.4782608695652174,-0.07471506479846551,0.06470848331735501,23,0.051915149061558294,0.054312047399605046,0.12613431261120397,0.6521739130434783,-0.02102363687729547,0.12418641114982576,23,0.12544797942146493,0.06633291614518133,0.21860962904822942,0.6956521739130435,-0.0014605647517039744,0.19823576583801128,23,0.13174885327536162,0.1376720901126407,0.2698774337075957,0.7391304347826086,-0.012868376851427776,0.23002729656809995,23
负负负,无无无,1,-0.07564698075646992,-0.07564698075646992,,0.0,-0.07564698075646992,-0.07564698075646992,1,-0.08958195089581944,-0.08958195089581944,,0.0,-0.08958195089581944,-0.08958195089581944,1,-0.05573988055739887,-0.05573988055739887,,0.0,-0.05573988055739887,-0.05573988055739887,1,-0.03782349037823485,-0.03782349037823485,,0.0,-0.03782349037823485,-0.03782349037823485,1
负负负,无无负,26,0.012097919242965592,0.0060090881222813475,0.06244864390645395,0.5,-0.021511102676029598,0.03863203061715642,26,0.024228151480036566,0.028525433087798424,0.07742924548863435,0.6153846153846154,-0.03591187352842251,0.08586274216437517,26,0.04541745675876893,0.03200688314848221,0.09936477099539848,0.6153846153846154,-0.0303739101732253,0.09576931576929049,24,0.06206463408310131,0.04907547635905085,0.26553615301565425,0.5416666666666666,-0.1187755041593706,0.18605783430808343,26
负负负,无负无,31,0.0028472746570255576,0.008423586040914532,0.05096817261940117,0.5483870967741935,-0.022999803621965353,0.03832227166140523,31,0.01638448916084838,0.03680981595092003,0.08635455906443865,0.6451612903225806,-0.04654092841029056,0.07090414123082,31,0.05898817887861494,0.05547246337308365,0.14660972427899985,0.6451612903225806,-0.03833045293010734,0.12885057471264372,31,0.05395246154650693,0.01212375851393177,0.20058360167337086,0.6774193548387096,-0.05538136792368337,0.1517206134698249,31
负负负,无负负,4948,0.017356291832744727,0.009878324523155624,0.07148003872345093,0.5751818916734034,-0.021756690313970733,0.0495877061469267,4946,0.02652497333822532,0.013241380318012252,0.10447062154618236,0.5715729882733522,-0.03390274823902975,0.07127643538950679,4937,0.054190037762900704,0.03435114503816794,0.16123841330872588,0.6139355884140166,-0.04133180252583257,0.12077294685990347,4872,0.07102825414309813,0.04178411377863722,0.23509597159299306,0.6151477832512315,-0.0526525979485456,0.14847540058293146,4950
负负负,正无负,1,0.08986638287808946,0.08986638287808946,,1.0,0.08986638287808946,0.08986638287808946,1,0.04268653186709259,0.04268653186709259,,1.0,0.04268653186709259,0.04268653186709259,1,0.1130424500413858,0.1130424500413858,,1.0,0.1130424500413858,0.1130424500413858,1,0.19569587324110227,0.19569587324110227,,1.0,0.19569587324110227,0.19569587324110227,1
负负负,正负无,4,0.06837112362767561,0.0771871320678863,0.048289769661619325,1.0,0.057264266272725795,0.08829398942283612,4,0.08153921603007741,0.07289824914542709,0.04456199964981648,1.0,0.045291545817419565,0.10914591935808493,4,0.0701978363202127,0.050325735114109316,0.10757792903146307,0.5,-0.017256195617838754,0.13777976705216077,4,0.028058832509969073,-0.01997026612859093,0.12410112487335792,0.5,-0.05240448123366734,0.06049304761504548,4
负负负,正负负,687,0.021219048083097863,0.012820512820512775,0.08181271622546266,0.5647743813682679,-0.02405158194631868,0.05230414746543788,687,0.029365366899449425,0.024296182028538116,0.10600962041666785,0.5982532751091703,-0.03357497662994674,0.07259572077645671,687,0.055205923590931495,0.038025145660840254,0.16046875224831542,0.6259097525473072,-0.04950090744101643,0.12804479850197692,685,0.05224155236398879,0.04496788008565322,0.2066736582251695,0.602919708029197,-0.06158136764705879,0.14908579465541494,687
负负负,负无负,25,0.01844423631328835,0.018499486125385545,0.09214618376869566,0.64,-0.03102906520031412,0.08101265822784809,25,0.022513713193702524,0.012039660056657242,0.11204883676733024,0.56,-0.0401189541016721,0.06497088568801712,25,0.044805077980571574,0.03347280334728042,0.17762882417935819,0.64,-0.08705882352941174,0.09336465061655908,25,0.08080749937002647,0.024662360540223194,0.20794805505567443,0.6,-0.05910416114497741,0.19665271966527187,25
负负负,负负无,18,0.06186855329070087,0.067741849781904,0.07469683055053082,0.8333333333333334,0.026132394057525377,0.11062783143988297,17,0.06949598621435185,0.04840546697038728,0.11038866800725435,0.8235294117647058,0.0013071895424836555,0.15256257449344446,17,0.16616995273462068,0.1667641895845524,0.14705581609923232,0.8235294117647058,0.03751143641354071,0.2383442265795208,17,0.3064777589330134,0.4026195899772209,0.2958506979828992,0.7647058823529411,0.06025267249757049,0.5127470868596882,18
